species,patch_id,pu_id,patch_area_km2
Brachyuromys ramirohitra,1,1,29.874883168016
Brachyuromys ramirohitra,2,2,31.1097970257719
Brachyuromys ramirohitra,3,2,29.6010280214969
Bradypterus seebohmi,1,1,29.6296191803173
Bradypterus seebohmi,2,1,30.9497681570648
Bradypterus seebohmi,3,1,9.04229392746949
Bradypterus seebohmi,4,1,0.62064821295929
Bradypterus seebohmi,5,1,0.265972006814122
Bradypterus seebohmi,6,1,0.709200345668078
Bradypterus seebohmi,7,1,0.177290677110672
Bradypterus seebohmi,8,1,0.177275942426443
Bradypterus seebohmi,9,1,0.177274304782391
Monticola erythronotus,1,1,56.8711675529895
Monticola erythronotus,2,1,0.55664420881176
Monticola erythronotus,3,1,0.371099061261296
Monticola erythronotus,4,1,0.556625695955515
Monticola erythronotus,5,1,9.3690831852839
Monticola erythronotus,6,1,0.185535398295105
Monticola erythronotus,7,1,0.463806772104681
Monticola erythronotus,8,1,0.27827526928854
Monticola erythronotus,9,1,28.8450665179956
Monticolomys koopmani,6,5,27.2715936270423
Monticolomys koopmani,7,6,29.4123165165314
Neodrepanis hypoxantha,1,1,29.874883168016
Neodrepanis hypoxantha,2,2,31.2831288292182
Neodrepanis hypoxantha,3,3,27.2715936270423
Newtonia fanovanae,2,2,29.3885406549368
Newtonia fanovanae,3,2,20.6592519148784
Newtonia fanovanae,4,2,19.9515621485482
Newtonia fanovanae,5,2,0.604549703200459
Newtonia fanovanae,6,2,0.777178853789091
Xanthomixis apperti,1,1,68.4073900828678
Hypogeomys antimena,1,1,16.5405274979631
Microcebus berthae,5,2,7.59324483305084
Accipiter henstii,6,1,111.568243325615
Accipiter henstii,7,1,43.2038186617044
Accipiter henstii,8,1,43.2675847418705
Accipiter henstii,14,1,43.0377824654073
Accipiter henstii,35,1,19.9337849990107
Accipiter henstii,56,1,50.551453219145
Accipiter henstii,63,1,116.961786446988
Accipiter henstii,117,1,24.6792146248873
Accipiter henstii,129,1,18.2767366788028
Accipiter henstii,141,1,164.087473873105
Accipiter henstii,183,1,266.73838817703
Accipiter henstii,536,1,56.8711675529887
Accipiter henstii,564,1,64.9869920614074
Accipiter henstii,922,1,26.6587824925889
Accipiter henstii,923,1,199.713422927767
Accipiter henstii,937,1,28.7773817194842
Accipiter henstii,938,1,59.3584008869
Accipiter henstii,952,1,90.3937869662622
Accipiter henstii,963,1,104.451769868596
Accipiter henstii,964,1,180.351922799822
Accipiter henstii,980,1,18.6159244086656
Accipiter henstii,983,1,19.4390238963762
Accipiter henstii,984,1,20.4450502154253
Accipiter henstii,1003,1,72.6841925792621
Accipiter henstii,1007,1,22.858108584332
Accipiter henstii,1015,1,35.3553316235078
Accipiter henstii,1030,1,44.7196147776582
Accipiter henstii,1048,1,229.563098744103
Accipiter henstii,1050,1,49.838144357936
Accipiter henstii,1058,1,41.3466555927123
Accipiter henstii,1059,1,18.9694426773024
Accipiter henstii,1060,1,29.0935194916896
Accipiter henstii,1062,1,165.589230952063
Accipiter henstii,1063,1,167.386348684994
Accipiter henstii,1065,1,142.937192083356
Accipiter henstii,1066,1,191.049731459298
Accipiter henstii,1071,1,35.4042812702756
Accipiter henstii,1072,1,31.2682529843574
Accipiter henstii,1073,1,26.7192827727436
Accipiter henstii,1075,1,59.930225967488
Accipiter henstii,1076,1,30.0885079199013
Accipiter henstii,1077,1,156.395880634442
Accipiter henstii,1078,1,58.8448757092075
Accipiter henstii,1079,1,129.022534146316
Accipiter henstii,1082,1,21.6030064475268
Accipiter henstii,1083,1,47.86339402205
Accipiter henstii,1088,1,22.4907523126593
Accipiter madagascariensis,51,1,19.9337849990107
Accipiter madagascariensis,94,1,50.551453219145
Accipiter madagascariensis,107,1,116.961786446988
Accipiter madagascariensis,300,1,266.73838817703
Accipiter madagascariensis,1635,1,26.6587824925889
Accipiter madagascariensis,1636,1,199.713422927767
Accipiter madagascariensis,1637,1,16.2380797407103
Accipiter madagascariensis,1650,1,28.7773817194842
Accipiter madagascariensis,1651,1,59.3584008869
Accipiter madagascariensis,1665,1,90.3937869662622
Accipiter madagascariensis,1670,1,104.451769868596
Accipiter madagascariensis,1671,1,180.351922799822
Accipiter madagascariensis,1687,1,18.6159244086656
Accipiter madagascariensis,1690,1,19.4390238963762
Accipiter madagascariensis,1691,1,20.4450502154253
Accipiter madagascariensis,1705,1,72.6841925792621
Accipiter madagascariensis,1709,1,22.858108584332
Accipiter madagascariensis,1711,1,9.73881683759956
Accipiter madagascariensis,1714,1,35.3553316235078
Accipiter madagascariensis,1725,1,229.563098744103
Accipiter madagascariensis,1727,1,49.838144357936
Accipiter madagascariensis,1735,1,41.3466555927123
Accipiter madagascariensis,1736,1,18.9694426773024
Accipiter madagascariensis,1737,1,29.0935194916896
Accipiter madagascariensis,1739,1,165.589230952063
Accipiter madagascariensis,1740,1,167.386348684994
Accipiter madagascariensis,1742,1,142.937192083356
Accipiter madagascariensis,1743,1,191.049731459298
Accipiter madagascariensis,1769,1,35.4042812702756
Accipiter madagascariensis,1770,1,31.2682529843574
Accipiter madagascariensis,1771,1,26.7192827727436
Accipiter madagascariensis,1773,1,59.930225967488
Accipiter madagascariensis,1774,1,30.0885079199013
Accipiter madagascariensis,1775,1,156.395880634442
Accipiter madagascariensis,1776,1,58.8448757092075
Accipiter madagascariensis,1777,1,129.022534146316
Accipiter madagascariensis,1780,1,21.6030064475268
Accipiter madagascariensis,1781,1,47.86339402205
Accipiter madagascariensis,1786,1,22.4907523126593
Accipiter madagascariensis,396,2,36.331879859746
Accipiter madagascariensis,400,2,52.2268727901955
Accipiter madagascariensis,446,2,57.9536162531174
Accipiter madagascariensis,472,2,89.7882265229853
Accipiter madagascariensis,483,2,455.304276357035
Accipiter madagascariensis,968,2,21.5096479841157
Accipiter madagascariensis,1420,2,17.1081231937802
Accipiter madagascariensis,1450,2,58.113791807033
Accipiter madagascariensis,1611,2,27.5139015001006
Accipiter madagascariensis,598,4,13.1672804516124
Accipiter madagascariensis,656,4,244.188758729789
Accipiter madagascariensis,699,4,46.5723968884147
Accipiter madagascariensis,727,4,12.0483039035151
Accipiter madagascariensis,749,4,118.305284790413
Accipiter madagascariensis,867,4,17.8876522784661
Accipiter madagascariensis,920,4,45.1360753508905
Accipiter madagascariensis,955,4,440.837213623637
Accipiter madagascariensis,1027,4,29.0032743569901
Accipiter madagascariensis,1033,4,20.6310542039179
Accipiter madagascariensis,1108,4,13.0307413413469
Accipiter madagascariensis,1111,4,112.468627701651
Accipiter madagascariensis,1313,4,36.3826787541578
Accipiter madagascariensis,1492,4,15.0236706233649
Accipiter madagascariensis,1755,4,128.593216990634
Acrocephalus newtoni,307,136,45.7690350461981
Acrocephalus newtoni,363,112,0.370271373195231
Acrocephalus newtoni,364,112,0.462834125284791
Acrocephalus newtoni,368,112,43.0377824654073
Acrocephalus newtoni,389,112,1.48074673073471
Acrocephalus newtoni,391,112,1.66577102635694
Acrocephalus newtoni,395,112,0.277623898765862
Acrocephalus newtoni,401,112,0.277610584835947
Acrocephalus newtoni,169,134,0.463597745714188
Acrocephalus newtoni,213,134,43.2038186617044
Acrocephalus newtoni,12582,29,38.0240908844043
Acrocephalus newtoni,23735,29,3.34846321159315
Acrocephalus newtoni,23736,29,0.723997986286044
Acrocephalus newtoni,23738,29,0.361958205401659
Acrocephalus newtoni,24495,29,0.452763459861636
Acrocephalus newtoni,22723,141,0.777178853789091
Acrocephalus newtoni,24384,141,0.604549703200817
Acrocephalus newtoni,24545,141,27.2715936270507
Acrocephalus newtoni,24546,141,29.4123165165292
Acrocephalus newtoni,24547,141,29.3885406549345
Acrocephalus newtoni,24548,141,20.6592519148769
Acrocephalus newtoni,24549,141,19.9515621485635
Acrocephalus newtoni,13871,66,36.331879859746
Acrocephalus newtoni,23321,66,0.449603298739195
Acrocephalus newtoni,23322,66,0.359686745625734
Acrocephalus newtoni,24528,66,0.449634089967847
Acrocephalus newtoni,24569,66,6.47518067736232
Acrocephalus newtoni,24750,160,52.0931107730117
Acrocephalus newtoni,24378,133,64.9869920614074
Acrocephalus newtoni,14041,142,23.5469795521139
Acrocephalus newtoni,24743,142,4.85579742656708
Acrocephalus newtoni,24726,156,31.1097970257607
Acrocephalus newtoni,24727,156,29.6010280215059
Acrocephalus newtoni,24790,162,26.6587824925889
Acrocephalus newtoni,24792,162,16.2380797407103
Acrocephalus newtoni,21641,168,46.5723968884147
Acrocephalus newtoni,24134,168,15.479861985826
Acrocephalus newtoni,4944,163,5.85033975470352
Acrocephalus newtoni,4955,163,24.6792146248873
Acrocephalus newtoni,4985,163,1.0054375043211
Acrocephalus newtoni,4993,163,2.83342021114933
Acrocephalus newtoni,5016,163,2.37624750380063
Acrocephalus newtoni,5024,163,1.00536820483017
Acrocephalus newtoni,5030,163,0.274192454328179
Acrocephalus newtoni,5081,163,7.67678403816092
Acrocephalus newtoni,5168,163,8.49783825707888
Acrocephalus newtoni,5220,163,0.274089461484194
Acrocephalus newtoni,5266,163,9.5018882179122
Acrocephalus newtoni,5267,163,4.567756926453
Acrocephalus newtoni,24326,163,1.55373825480127
Acrocephalus newtoni,24387,163,0.456749789226413
Acrocephalus newtoni,24820,166,90.3937869662622
Acrocephalus newtoni,13683,47,58.113791807033
Acrocephalus newtoni,24948,47,0.360806249891043
Acrocephalus newtoni,104,71,0.55664420881176
Acrocephalus newtoni,106,71,0.371099061261296
Acrocephalus newtoni,108,71,0.556625695955813
Acrocephalus newtoni,118,71,0.463806772104442
Acrocephalus newtoni,124,71,0.27827526928854
Acrocephalus newtoni,141,71,0.278243954662919
Acrocephalus newtoni,164,71,1.39092521476799
Acrocephalus newtoni,168,71,4.63579200248468
Acrocephalus newtoni,174,71,111.568243325615
Acrocephalus newtoni,24338,71,56.8711675529887
Acrocephalus newtoni,24881,71,0.370900267166376
Acrocephalus newtoni,24882,71,0.463541480594814
Acrocephalus newtoni,11957,85,0.812480411258936
Acrocephalus newtoni,24619,85,16.6994855698657
Acrocephalus newtoni,24652,85,51.6424033209818
Acrocephalus newtoni,24693,85,59.0116196877182
Acrocephalus newtoni,24871,85,1.17365293457222
Acrocephalus newtoni,15683,86,3.3134309653126
Acrocephalus newtoni,15933,86,55.6258324433815
Acrocephalus newtoni,16171,86,236.858748834492
Acrocephalus newtoni,23350,86,60.7930477369982
Acrocephalus newtoni,24147,86,27.5139015001006
Acrocephalus newtoni,24535,86,0.447673652347684
Acrocephalus newtoni,24539,86,17.1081231937802
Acrocephalus newtoni,24730,86,21.5096479841157
Acrocephalus newtoni,1047,87,19.9337849990107
Acrocephalus newtoni,24791,87,199.713422927767
Acrocephalus newtoni,5928,98,18.2767366788028
Acrocephalus newtoni,24324,98,0.456764738324761
Acrocephalus newtoni,24900,98,13.2478972172724
Acrocephalus newtoni,24902,98,12.4246882102063
Acrocephalus newtoni,21197,116,20.4554532926385
Acrocephalus newtoni,24460,116,7.8043101934992
Acrocephalus newtoni,19365,150,0.62064821295929
Acrocephalus newtoni,19380,150,0.265972006814122
Acrocephalus newtoni,19400,150,0.709200345668078
Acrocephalus newtoni,24654,150,88.9178223342941
Acrocephalus newtoni,24719,150,9.04229392746901
Acrocephalus newtoni,24782,150,31.2831288292474
Acrocephalus newtoni,24951,150,1.41985175199318
Acrocephalus newtoni,24952,150,30.9497681570663
Acrocephalus newtoni,24953,150,0.531935836720109
Acrocephalus newtoni,24955,150,3.01150757306588
Acrocephalus newtoni,2269,161,0.643524707942724
Acrocephalus newtoni,2321,161,0.459616383672059
Acrocephalus newtoni,2343,161,0.643432019172192
Acrocephalus newtoni,2350,161,0.275752651619673
Acrocephalus newtoni,2371,161,0.367655302864194
Acrocephalus newtoni,2391,161,1.56243208603442
Acrocephalus newtoni,2392,161,0.275729722221732
Acrocephalus newtoni,2412,161,0.275717098941624
Acrocephalus newtoni,2425,161,0.275709061498523
Acrocephalus newtoni,2430,161,0.459508593737543
Acrocephalus newtoni,2436,161,0.45949710468936
Acrocephalus newtoni,2437,161,1.1946710927344
Acrocephalus newtoni,2451,161,50.551453219145
Acrocephalus newtoni,2456,161,3.21620605602419
Acrocephalus newtoni,2457,161,0.551364106284499
Acrocephalus newtoni,2465,161,1.10266377710527
Acrocephalus newtoni,2474,161,0.367564567481756
Acrocephalus newtoni,2482,161,0.551319225258708
Acrocephalus newtoni,2491,161,1.10259928914046
Acrocephalus newtoni,2498,161,2.02137478975803
Acrocephalus newtoni,2499,161,0.826945434479237
Acrocephalus newtoni,2504,161,0.643170052255213
Acrocephalus newtoni,2513,161,1.65382056523675
Acrocephalus newtoni,2537,161,0.826825480994821
Acrocephalus newtoni,2564,161,0.459349671094894
Acrocephalus newtoni,2588,161,0.367459639964223
Acrocephalus newtoni,2601,161,0.275586929093957
Acrocephalus newtoni,2606,161,1.46972063059181
Acrocephalus newtoni,2607,161,0.275577679304183
Acrocephalus newtoni,2696,161,0.367363554798603
Acrocephalus newtoni,2801,161,116.961786446988
Acrocephalus newtoni,2841,161,0.275443051051259
Acrocephalus newtoni,8564,161,266.73838817703
Acrocephalus newtoni,24805,161,28.7773817194842
Acrocephalus newtoni,24806,161,59.3584008869
Acrocephalus newtoni,24833,161,180.351922799822
Acrocephalus newtoni,24852,161,19.4390238963762
Acrocephalus newtoni,24879,161,22.858108584332
Acrocephalus newtoni,24886,161,1.10266607838708
Acrocephalus newtoni,24887,161,9.73881683759956
Acrocephalus newtoni,24888,161,1.01060090259051
Acrocephalus newtoni,24889,161,0.275615805294395
Acrocephalus newtoni,24890,161,35.3553316235078
Acrocephalus newtoni,24922,161,1.38241570732784
Acrocephalus newtoni,24923,161,229.563098744103
Acrocephalus newtoni,24924,161,3.22509111988759
Acrocephalus newtoni,24925,161,49.838144357936
Acrocephalus newtoni,24926,161,1.19747486800289
Acrocephalus newtoni,24927,161,6.63162645037937
Acrocephalus newtoni,24932,161,1.74986507844645
Acrocephalus newtoni,24933,161,41.3466555927123
Acrocephalus newtoni,24934,161,18.9694426773024
Acrocephalus newtoni,24935,161,29.0935194916896
Acrocephalus newtoni,24936,161,1.19697195979625
Acrocephalus newtoni,24937,161,165.589230952063
Acrocephalus newtoni,24938,161,167.386348684994
Acrocephalus newtoni,24940,161,142.937192083356
Acrocephalus newtoni,24941,161,191.049731459298
Acrocephalus newtoni,24943,161,0.919496630983412
Acrocephalus newtoni,24944,161,6.25186649493641
Acrocephalus newtoni,24945,161,1.37902412587363
Acrocephalus newtoni,24960,161,35.4042812702756
Acrocephalus newtoni,24961,161,31.2682529843574
Acrocephalus newtoni,24964,161,59.930225967488
Acrocephalus newtoni,24965,161,30.0885079199013
Acrocephalus newtoni,24966,161,156.395880634442
Acrocephalus newtoni,24967,161,58.8448757092075
Acrocephalus newtoni,24968,161,129.022534146316
Acrocephalus newtoni,24971,161,21.6030064475268
Acrocephalus newtoni,24972,161,47.86339402205
Acrocephalus newtoni,24974,161,1.18887316902965
Acrocephalus newtoni,24975,161,0.365803726961494
Acrocephalus newtoni,24977,161,22.4907523126593
Acrocephalus newtoni,24979,161,0.91402228653884
Acrocephalus newtoni,24832,170,104.451769868596
Acrocephalus newtoni,24962,170,26.7192827727436
Acrocephalus newtoni,24849,171,18.6159244086656
Acrocephalus newtoni,24853,171,20.4450502154253
Acrocephalus newtoni,24875,167,72.6841925792621
Acrocephalus newtoni,24876,167,9.25207177810681
Acrocephalus newtoni,5999,169,164.543739557835
Acrocephalus newtoni,6013,169,0.364942030489683
Acrocephalus newtoni,6021,169,0.456175956650972
Acrocephalus newtoni,24756,169,2.73946711541033
Acrocephalus newtoni,24783,169,9.49246813121474
Acrocephalus newtoni,24905,169,44.7196147776582
Acrocephalus newtoni,24908,169,1.36878947938347
Acrocephalus newtoni,24910,169,1.1862571950016
Acrocephalus newtoni,24912,169,0.273757391198039
Acrocephalus newtoni,24916,169,0.273738447341442
Acrocephalus newtoni,24917,169,0.364971116543174
Acrocephalus newtoni,24920,169,0.364952150581956
Acrocephalus newtoni,24954,169,1.55205922298586
Alectroenas madagascariensis,1089,9,61.6911093266145
Alectroenas madagascariensis,5926,10,29.4123165165292
Alectroenas madagascariensis,5948,10,27.2715936270507
Alectroenas madagascariensis,5949,10,29.3885406549345
Alectroenas madagascariensis,5950,10,20.6592519148769
Alectroenas madagascariensis,6104,16,52.0931107730117
Alectroenas madagascariensis,6096,14,31.1097970257607
Alectroenas madagascariensis,6097,14,29.6010280215059
Alectroenas madagascariensis,3,1,92.6472127073202
Alectroenas madagascariensis,16,1,21.0334598369182
Alectroenas madagascariensis,5882,1,56.8711675529887
Alectroenas madagascariensis,200,8,19.9337849990107
Alectroenas madagascariensis,539,8,49.838144357936
Alectroenas madagascariensis,712,8,0.643524707942724
Alectroenas madagascariensis,732,8,0.643432019172192
Alectroenas madagascariensis,742,8,1.56243208603442
Alectroenas madagascariensis,748,8,1.1946710927344
Alectroenas madagascariensis,751,8,50.551453219145
Alectroenas madagascariensis,752,8,3.21620605602419
Alectroenas madagascariensis,753,8,0.551364106284499
Alectroenas madagascariensis,756,8,1.10266377710527
Alectroenas madagascariensis,760,8,0.551319225258708
Alectroenas madagascariensis,762,8,1.10259928914046
Alectroenas madagascariensis,764,8,2.02137478975803
Alectroenas madagascariensis,765,8,0.826945434479237
Alectroenas madagascariensis,767,8,0.643170052255213
Alectroenas madagascariensis,769,8,1.65382056523675
Alectroenas madagascariensis,781,8,0.826825480995119
Alectroenas madagascariensis,793,8,1.46972063059181
Alectroenas madagascariensis,839,8,116.961786446988
Alectroenas madagascariensis,1379,8,266.73838817703
Alectroenas madagascariensis,6141,8,26.6587824925889
Alectroenas madagascariensis,6142,8,199.713422927767
Alectroenas madagascariensis,6143,8,16.2380797407103
Alectroenas madagascariensis,6156,8,28.7773817194842
Alectroenas madagascariensis,6157,8,59.3584008869
Alectroenas madagascariensis,6171,8,90.3937869662622
Alectroenas madagascariensis,6176,8,104.451769868596
Alectroenas madagascariensis,6177,8,180.351922799822
Alectroenas madagascariensis,6193,8,18.6159244086656
Alectroenas madagascariensis,6196,8,19.4390238963762
Alectroenas madagascariensis,6197,8,20.4450502154253
Alectroenas madagascariensis,6212,8,72.6841925792621
Alectroenas madagascariensis,6213,8,9.25207177810681
Alectroenas madagascariensis,6215,8,22.858108584332
Alectroenas madagascariensis,6219,8,1.74986507844645
Alectroenas madagascariensis,6220,8,1.19697195979625
Alectroenas madagascariensis,6221,8,1.10266607838708
Alectroenas madagascariensis,6222,8,9.73881683759956
Alectroenas madagascariensis,6223,8,1.01060090259051
Alectroenas madagascariensis,6225,8,35.3553316235078
Alectroenas madagascariensis,6235,8,1.38241570732784
Alectroenas madagascariensis,6236,8,229.563098744103
Alectroenas madagascariensis,6237,8,3.22509111988759
Alectroenas madagascariensis,6238,8,1.19747486800289
Alectroenas madagascariensis,6239,8,6.63162645037937
Alectroenas madagascariensis,6240,8,41.3466555927123
Alectroenas madagascariensis,6241,8,18.9694426773024
Alectroenas madagascariensis,6242,8,29.0935194916896
Alectroenas madagascariensis,6243,8,165.589230952063
Alectroenas madagascariensis,6244,8,167.386348684994
Alectroenas madagascariensis,6246,8,142.937192083356
Alectroenas madagascariensis,6247,8,191.049731459298
Alectroenas madagascariensis,6249,8,0.919496630983412
Alectroenas madagascariensis,6250,8,6.25186649493641
Alectroenas madagascariensis,6251,8,1.37902412587363
Alectroenas madagascariensis,6260,8,35.4042812702756
Alectroenas madagascariensis,6261,8,31.2682529843574
Alectroenas madagascariensis,6262,8,26.7192827727436
Alectroenas madagascariensis,6264,8,59.930225967488
Alectroenas madagascariensis,6265,8,30.0885079199013
Alectroenas madagascariensis,6266,8,156.395880634442
Alectroenas madagascariensis,6267,8,58.8448757092075
Alectroenas madagascariensis,6268,8,129.022534146316
Alectroenas madagascariensis,6271,8,21.6030064475268
Alectroenas madagascariensis,6272,8,47.86339402205
Alectroenas madagascariensis,6274,8,1.18887316902965
Alectroenas madagascariensis,4642,11,0.620648212959528
Alectroenas madagascariensis,4655,11,0.709200345668078
Alectroenas madagascariensis,6024,11,88.5629699935415
Alectroenas madagascariensis,6090,11,9.04229392746901
Alectroenas madagascariensis,6135,11,31.2831288292474
Alectroenas madagascariensis,6252,11,1.41985175199318
Alectroenas madagascariensis,6253,11,30.9497681570663
Alectroenas madagascariensis,6254,11,0.531935836720109
Alectroenas madagascariensis,6255,11,3.01150757306588
Alectroenas madagascariensis,1711,15,0.812480411258936
Alectroenas madagascariensis,5989,15,16.6994855698657
Alectroenas madagascariensis,6022,15,51.6424033209818
Alectroenas madagascariensis,6064,15,59.0116196877182
Alectroenas madagascariensis,6208,15,1.17365293457222
Apus balstoni,162,40,43.0377824654073
Apus balstoni,168,40,1.48074673073471
Apus balstoni,169,40,1.66577102635694
Apus balstoni,7446,42,64.9869920614074
Apus balstoni,7616,47,27.2715936270507
Apus balstoni,7617,47,29.4123165165292
Apus balstoni,7618,47,29.3885406549345
Apus balstoni,7619,47,20.6592519148769
Apus balstoni,7620,47,19.9515621485635
Apus balstoni,4228,15,52.2268727901955
Apus balstoni,7800,59,52.0931107730117
Apus balstoni,7792,50,31.1097970257607
Apus balstoni,7793,50,29.6010280215059
Apus balstoni,7871,62,90.3937869662622
Apus balstoni,76,12,111.568243325615
Apus balstoni,77,12,1.39092521476799
Apus balstoni,79,12,4.63579200248468
Apus balstoni,103,12,43.2675847418705
Apus balstoni,7404,12,56.8711675529887
Apus balstoni,1606,39,5.85033975470352
Apus balstoni,1608,39,24.6792146248902
Apus balstoni,1615,39,1.0054375043211
Apus balstoni,1618,39,2.65062070312488
Apus balstoni,1625,39,2.37624750380063
Apus balstoni,1634,39,7.67678403816092
Apus balstoni,1667,39,8.49783825707888
Apus balstoni,1696,39,9.5018882179122
Apus balstoni,1697,39,4.567756926453
Apus balstoni,1919,39,164.087473873105
Apus balstoni,7400,39,1.55373825480127
Apus balstoni,7806,39,2.73946711541033
Apus balstoni,7834,39,9.49246813121474
Apus balstoni,7950,39,29.8421537025048
Apus balstoni,7953,39,1.36878947938347
Apus balstoni,7955,39,1.1862571950016
Apus balstoni,7999,39,1.55205922298586
Apus balstoni,359,41,19.9337849990107
Apus balstoni,7842,41,199.713422927767
Apus balstoni,810,63,1.56243208603442
Apus balstoni,827,63,1.1946710927344
Apus balstoni,833,63,50.551453219145
Apus balstoni,835,63,3.21620605602419
Apus balstoni,838,63,1.10266377710527
Apus balstoni,848,63,1.10259928914046
Apus balstoni,850,63,2.02137478975803
Apus balstoni,853,63,1.65382056523675
Apus balstoni,884,63,1.46972063059181
Apus balstoni,936,63,116.961786446988
Apus balstoni,2656,63,266.73838817703
Apus balstoni,7856,63,28.7773817194842
Apus balstoni,7857,63,59.3584008869
Apus balstoni,7884,63,180.351922799822
Apus balstoni,7903,63,19.4390238963762
Apus balstoni,7928,63,22.858108584332
Apus balstoni,7935,63,1.10266607838708
Apus balstoni,7936,63,9.73881683759956
Apus balstoni,7937,63,1.01060090259051
Apus balstoni,7939,63,35.3553316235078
Apus balstoni,7967,63,1.38241570732784
Apus balstoni,7968,63,229.563098744103
Apus balstoni,7969,63,3.22509111988759
Apus balstoni,7970,63,49.838144357936
Apus balstoni,7971,63,1.19747486800289
Apus balstoni,7972,63,6.63162645037937
Apus balstoni,7977,63,1.74986507844645
Apus balstoni,7978,63,41.3466555927123
Apus balstoni,7979,63,18.9694426773024
Apus balstoni,7980,63,29.0935194916896
Apus balstoni,7981,63,1.19697195979625
Apus balstoni,7982,63,165.589230952063
Apus balstoni,7983,63,167.386348684994
Apus balstoni,7985,63,142.937192083356
Apus balstoni,7986,63,191.049731459298
Apus balstoni,7988,63,0.919496630983412
Apus balstoni,7989,63,6.25186649493641
Apus balstoni,7990,63,1.37902412587363
Apus balstoni,8005,63,35.4042812702756
Apus balstoni,8006,63,31.2682529843574
Apus balstoni,8009,63,59.930225967488
Apus balstoni,8010,63,30.0885079199013
Apus balstoni,8011,63,156.395880634442
Apus balstoni,8012,63,58.8448757092075
Apus balstoni,8013,63,129.022534146316
Apus balstoni,8016,63,21.6030064475268
Apus balstoni,8017,63,47.86339402205
Apus balstoni,8019,63,1.18887316902965
Apus balstoni,8022,63,22.4907523126593
Apus balstoni,8024,63,0.91402228653884
Apus balstoni,7883,64,104.451769868596
Apus balstoni,7900,64,18.6159244086656
Apus balstoni,7904,64,20.4450502154253
Apus balstoni,7924,64,72.6841925792621
Apus balstoni,7925,64,9.25207177810681
Apus balstoni,8007,64,26.7192827727436
Apus balstoni,4719,46,21.5096479841157
Apus balstoni,4739,46,55.5362709867372
Apus balstoni,4781,46,3.3134309653126
Apus balstoni,4865,46,69.5634544487439
Apus balstoni,4953,46,243.928495274096
Apus balstoni,5187,46,29.8432117734141
Apus balstoni,5208,46,21.0801634665238
Apus balstoni,7599,46,17.1081231937802
Apus balstoni,7649,46,6.61121590080178
Apus balstoni,7787,46,27.5139015001006
Apus balstoni,7639,48,58.113791807033
Apus balstoni,7715,55,88.5629699935415
Apus balstoni,7781,55,9.04229392746901
Apus balstoni,7833,55,31.2831288292474
Apus balstoni,7996,55,1.41985175199318
Apus balstoni,7997,55,30.9497681570663
Apus balstoni,8000,55,3.01150757306588
Apus balstoni,7676,58,16.6994855698657
Apus balstoni,7713,58,51.6424033209818
Apus balstoni,7755,58,59.0116196877182
Apus balstoni,7920,58,1.17365293457222
Artamella viridis,305,59,0.370271373195231
Artamella viridis,306,59,0.462834125284791
Artamella viridis,309,59,43.0377824654073
Artamella viridis,325,59,1.48074673073471
Artamella viridis,326,59,1.66577102635694
Artamella viridis,152,62,0.463597745714188
Artamella viridis,188,62,43.2038186617044
Artamella viridis,6031,20,38.0240908844043
Artamella viridis,6062,20,3.07696966736627
Artamella viridis,6066,20,0.723997986286044
Artamella viridis,6081,20,0.361958205401897
Artamella viridis,15636,20,0.452763459861636
Artamella viridis,14427,66,0.777178853789091
Artamella viridis,15266,66,44.4928427752445
Artamella viridis,15522,66,0.604549703200817
Artamella viridis,15705,66,27.2715936270507
Artamella viridis,15706,66,29.4123165165292
Artamella viridis,15707,66,29.3885406549345
Artamella viridis,15708,66,20.6592519148769
Artamella viridis,15709,66,19.9515621485635
Artamella viridis,7610,25,0.449603298739433
Artamella viridis,7611,25,0.359686745625973
Artamella viridis,7652,25,36.331879859746
Artamella viridis,15638,25,0.449634089967847
Artamella viridis,15727,25,6.47518067736232
Artamella viridis,15516,61,64.9869920614074
Artamella viridis,7754,24,52.2268727901955
Artamella viridis,15926,80,52.0931107730117
Artamella viridis,15888,77,31.1097970257607
Artamella viridis,15889,77,29.6010280215059
Artamella viridis,12833,50,24.7779121193383
Artamella viridis,12970,50,46.5723968884147
Artamella viridis,15597,50,36.3826787541578
Artamella viridis,15995,84,90.3937869662622
Artamella viridis,100,16,0.55664420881176
Artamella viridis,103,16,0.371099061261296
Artamella viridis,106,16,0.556625695955813
Artamella viridis,114,16,0.463806772104442
Artamella viridis,144,16,111.568243325615
Artamella viridis,147,16,1.39092521476799
Artamella viridis,151,16,4.63579200248468
Artamella viridis,197,16,43.2675847418705
Artamella viridis,15483,16,56.8711675529887
Artamella viridis,16055,16,0.370900267166376
Artamella viridis,16056,16,0.463541480594814
Artamella viridis,3837,30,2.64969806134474
Artamella viridis,3879,30,7.03479595916414
Artamella viridis,3884,30,4.567756926453
Artamella viridis,4227,30,42.6221200086627
Artamella viridis,4274,30,9.49246813121474
Artamella viridis,15525,30,0.456749789226413
Artamella viridis,15555,30,2.73946711541033
Artamella viridis,13193,36,0.523638666577697
Artamella viridis,13213,36,0.523563038836241
Artamella viridis,13221,36,0.698019186100006
Artamella viridis,13236,36,0.436189867799282
Artamella viridis,13371,36,1.39385740344095
Artamella viridis,13382,36,118.07824027994
Artamella viridis,13411,36,0.348321061425805
Artamella viridis,13474,36,0.34803445176816
Artamella viridis,13570,36,0.347746593876839
Artamella viridis,13590,36,0.434623503267407
Artamella viridis,13849,36,1.47393099119139
Artamella viridis,13917,36,11.0948326900705
Artamella viridis,14354,36,76.7416103015004
Artamella viridis,15141,36,1.13414415884197
Artamella viridis,15142,36,252.488372282977
Artamella viridis,15167,36,45.1360753508905
Artamella viridis,15251,36,0.521531653210759
Artamella viridis,15468,36,9.30872783193505
Artamella viridis,15599,36,25.3907382257994
Artamella viridis,16102,36,2.60537814308274
Artamella viridis,6580,38,0.812480411258936
Artamella viridis,15768,38,16.6994855698657
Artamella viridis,15769,38,1.17365293457222
Artamella viridis,15804,38,51.6424033209818
Artamella viridis,15846,38,59.0116196877182
Artamella viridis,4013,48,18.2767366788028
Artamella viridis,15453,48,0.456764738324761
Artamella viridis,16071,48,13.2478972172724
Artamella viridis,16073,48,12.4246882102063
Artamella viridis,865,60,19.9337849990107
Artamella viridis,15966,60,199.713422927767
Artamella viridis,1923,86,0.643524707942724
Artamella viridis,1971,86,0.459616383672059
Artamella viridis,1992,86,0.643432019172192
Artamella viridis,2012,86,0.367655302864194
Artamella viridis,2029,86,1.56243208603442
Artamella viridis,2061,86,0.459508593737543
Artamella viridis,2067,86,0.45949710468936
Artamella viridis,2068,86,1.1946710927344
Artamella viridis,2079,86,50.551453219145
Artamella viridis,2082,86,3.21620605602419
Artamella viridis,2083,86,0.551364106284499
Artamella viridis,2089,86,1.10266377710527
Artamella viridis,2096,86,0.367564567481756
Artamella viridis,2100,86,0.551319225258708
Artamella viridis,2109,86,1.10259928914046
Artamella viridis,2114,86,2.02137478975803
Artamella viridis,2115,86,0.826945434479237
Artamella viridis,2120,86,0.643170052255213
Artamella viridis,2126,86,1.65382056523675
Artamella viridis,2142,86,0.826825480994821
Artamella viridis,2161,86,0.459349671094894
Artamella viridis,2182,86,0.367459639964223
Artamella viridis,2196,86,1.46972063059181
Artamella viridis,2272,86,0.367363554798603
Artamella viridis,2344,86,116.961786446988
Artamella viridis,5287,86,266.73838817703
Artamella viridis,15980,86,28.7773817194842
Artamella viridis,15981,86,59.3584008869
Artamella viridis,16001,86,104.451769868596
Artamella viridis,16002,86,180.351922799822
Artamella viridis,16018,86,18.6159244086656
Artamella viridis,16021,86,19.4390238963762
Artamella viridis,16022,86,20.4450502154253
Artamella viridis,16040,86,72.6841925792621
Artamella viridis,16041,86,9.25207177810681
Artamella viridis,16050,86,22.858108584332
Artamella viridis,16057,86,1.10266607838708
Artamella viridis,16058,86,9.73881683759956
Artamella viridis,16059,86,1.01060090259051
Artamella viridis,16061,86,35.3553316235078
Artamella viridis,16077,86,1.38241570732784
Artamella viridis,16078,86,229.563098744103
Artamella viridis,16079,86,3.22509111988759
Artamella viridis,16080,86,49.838144357936
Artamella viridis,16081,86,1.19747486800289
Artamella viridis,16082,86,6.63162645037937
Artamella viridis,16087,86,1.74986507844645
Artamella viridis,16088,86,41.3466555927123
Artamella viridis,16089,86,18.9694426773024
Artamella viridis,16090,86,29.0935194916896
Artamella viridis,16091,86,1.19697195979625
Artamella viridis,16092,86,165.589230952063
Artamella viridis,16093,86,167.386348684994
Artamella viridis,16095,86,142.937192083356
Artamella viridis,16096,86,191.049731459298
Artamella viridis,16098,86,0.919496630983412
Artamella viridis,16099,86,6.25186649493641
Artamella viridis,16100,86,1.37902412587363
Artamella viridis,16116,86,35.4042812702756
Artamella viridis,16117,86,31.2682529843574
Artamella viridis,16118,86,26.7192827727436
Artamella viridis,16120,86,59.930225967488
Artamella viridis,16121,86,30.0885079199013
Artamella viridis,16122,86,156.395880634442
Artamella viridis,16123,86,58.8448757092075
Artamella viridis,16124,86,129.022534146316
Artamella viridis,16127,86,21.6030064475268
Artamella viridis,16128,86,47.86339402205
Artamella viridis,16130,86,1.18887316902965
Artamella viridis,16131,86,0.365803726961494
Artamella viridis,16133,86,22.4907523126593
Artamella viridis,16135,86,0.91402228653884
Artamella viridis,15965,87,26.6587824925889
Artamella viridis,15967,87,16.2380797407103
Artamella viridis,15728,69,58.113791807033
Artamella viridis,16105,69,0.360806249891043
Artamella viridis,11295,72,0.620648212959528
Artamella viridis,11321,72,0.709200345668078
Artamella viridis,15806,72,88.5629699935415
Artamella viridis,15872,72,9.04229392746901
Artamella viridis,15957,72,31.2831288292474
Artamella viridis,16108,72,1.41985175199318
Artamella viridis,16109,72,30.9497681570663
Artamella viridis,16110,72,0.531935836720109
Artamella viridis,16111,72,3.01150757306588
Artamella viridis,8718,81,21.5096479841157
Artamella viridis,8763,81,55.5362709867372
Artamella viridis,8845,81,3.3134309653126
Artamella viridis,8901,81,57.120418073331
Artamella viridis,9840,81,407.219333776693
Artamella viridis,15683,81,17.1081231937802
Artamella viridis,15687,81,0.447673652347684
Artamella viridis,15739,81,21.0801634665238
Artamella viridis,15883,81,27.5139015001006
Artamella viridis,15265,85,20.4554532926385
Artamella viridis,15614,85,7.8043101934992
Asio madagascariensis,32,1,19.9337849990107
Asio madagascariensis,122,1,50.551453219145
Asio madagascariensis,138,1,116.961786446988
Asio madagascariensis,234,1,266.73838817703
Asio madagascariensis,1467,1,26.6587824925889
Asio madagascariensis,1468,1,199.713422927767
Asio madagascariensis,1469,1,16.2380797407103
Asio madagascariensis,1482,1,28.7773817194842
Asio madagascariensis,1483,1,59.3584008869
Asio madagascariensis,1497,1,90.3937869662622
Asio madagascariensis,1502,1,104.451769868596
Asio madagascariensis,1503,1,180.351922799822
Asio madagascariensis,1519,1,18.6159244086656
Asio madagascariensis,1522,1,19.4390238963762
Asio madagascariensis,1523,1,20.4450502154253
Asio madagascariensis,1538,1,72.6841925792621
Asio madagascariensis,1539,1,9.25207177810681
Asio madagascariensis,1542,1,22.858108584332
Asio madagascariensis,1544,1,9.73881683759956
Asio madagascariensis,1547,1,35.3553316235078
Asio madagascariensis,1558,1,229.563098744103
Asio madagascariensis,1560,1,49.838144357936
Asio madagascariensis,1562,1,6.63162645037937
Asio madagascariensis,1568,1,41.3466555927123
Asio madagascariensis,1569,1,18.9694426773024
Asio madagascariensis,1570,1,29.0935194916896
Asio madagascariensis,1572,1,165.589230952063
Asio madagascariensis,1573,1,167.386348684994
Asio madagascariensis,1575,1,142.937192083356
Asio madagascariensis,1576,1,191.049731459298
Asio madagascariensis,1579,1,6.25186649493641
Asio madagascariensis,1589,1,35.4042812702756
Asio madagascariensis,1590,1,31.2682529843574
Asio madagascariensis,1591,1,26.7192827727436
Asio madagascariensis,1593,1,59.930225967488
Asio madagascariensis,1594,1,30.0885079199013
Asio madagascariensis,1595,1,156.395880634442
Asio madagascariensis,1596,1,58.8448757092075
Asio madagascariensis,1597,1,129.022534146316
Asio madagascariensis,1600,1,21.6030064475268
Asio madagascariensis,1601,1,47.86339402205
Asio madagascariensis,1606,1,22.4907523126593
Asio madagascariensis,1355,3,88.5629699935415
Asio madagascariensis,1421,3,9.04229392746901
Asio madagascariensis,1427,3,31.1097970257607
Asio madagascariensis,1428,3,29.6010280215059
Asio madagascariensis,1465,3,31.2831288292474
Asio madagascariensis,1582,3,30.9497681570663
Atelornis crossleyi,8,2,121.467199711754
Atelornis crossleyi,3,1,52.0631064075417
Atelornis crossleyi,4,1,116.524702947247
Atelornis crossleyi,6,1,13.9784614762996
Atelornis crossleyi,7,1,160.997766269741
Atelornis crossleyi,238,1,1.38241570732784
Atelornis crossleyi,239,1,29.7439079649625
Atelornis crossleyi,240,1,3.22509111988759
Atelornis crossleyi,242,1,82.3436727737423
Atelornis crossleyi,244,1,18.9694426773024
Atelornis crossleyi,245,1,29.0935194916896
Atelornis crossleyi,246,1,140.237925538861
Atelornis crossleyi,247,1,6.25186649493641
Atelornis crossleyi,49,4,59.0116196877182
Atelornis crossleyi,205,4,51.6424033209818
Atelornis crossleyi,181,10,88.5629699935415
Atelornis crossleyi,228,10,31.2831288292474
Atelornis crossleyi,248,10,1.41985175199318
Atelornis crossleyi,249,10,30.9497681570663
Atelornis crossleyi,250,10,3.01150757306588
Atelornis pittoides,953,5,29.4123165165292
Atelornis pittoides,980,5,27.2715936270507
Atelornis pittoides,981,5,29.3885406549345
Atelornis pittoides,982,5,20.6592519148769
Atelornis pittoides,1,1,61.483940488416
Atelornis pittoides,955,1,56.8711675529887
Atelornis pittoides,28,2,11.423145542632
Atelornis pittoides,53,2,2.11438066261417
Atelornis pittoides,63,2,1.8373651948179
Atelornis pittoides,66,2,1.46972063059181
Atelornis pittoides,69,2,2.75561017110461
Atelornis pittoides,74,2,113.836939525746
Atelornis pittoides,100,2,229.563098744103
Atelornis pittoides,109,2,71.523950457575
Atelornis pittoides,124,2,59.3584008869
Atelornis pittoides,130,2,48.0336379139193
Atelornis pittoides,1140,2,72.6841925792621
Atelornis pittoides,1152,2,26.6587824925889
Atelornis pittoides,1153,2,186.058865922102
Atelornis pittoides,1154,2,16.2380797407103
Atelornis pittoides,1161,2,266.73838817703
Atelornis pittoides,1162,2,104.451769868596
Atelornis pittoides,1164,2,150.320221903983
Atelornis pittoides,1179,2,30.0109975610422
Atelornis pittoides,1191,2,18.6159244086656
Atelornis pittoides,1194,2,20.4450502154253
Atelornis pittoides,1196,2,29.9898296926183
Atelornis pittoides,1197,2,5.4097550163132
Atelornis pittoides,1198,2,76.8042931124407
Atelornis pittoides,1211,2,4.22365491920155
Atelornis pittoides,1215,2,3.22509111988759
Atelornis pittoides,1217,2,6.63162645037937
Atelornis pittoides,1218,2,41.3466555927123
Atelornis pittoides,1219,2,18.9694426773024
Atelornis pittoides,1220,2,29.0935194916896
Atelornis pittoides,1221,2,167.386348684994
Atelornis pittoides,1222,2,143.862175435587
Atelornis pittoides,1224,2,129.050501831876
Atelornis pittoides,1225,2,191.049731459298
Atelornis pittoides,1228,2,6.25186649493641
Atelornis pittoides,1230,2,16.7397833633029
Atelornis pittoides,1231,2,31.2682529843574
Atelornis pittoides,1240,2,26.7192827727436
Atelornis pittoides,1043,10,88.5629699935415
Atelornis pittoides,1112,10,9.04229392746901
Atelornis pittoides,1150,10,31.2831288292474
Atelornis pittoides,1232,10,1.41985175199318
Atelornis pittoides,1233,10,30.9497681570663
Atelornis pittoides,1235,10,3.01150757306588
Atelornis pittoides,1012,11,16.6994855698657
Atelornis pittoides,1041,11,51.6424033209818
Atelornis pittoides,1086,11,59.0116196877182
Athene superciliaris,3042,12,44.4928427752445
Athene superciliaris,3471,12,29.4123165165292
Athene superciliaris,3472,12,29.3885406549345
Athene superciliaris,3473,12,20.6592519148769
Athene superciliaris,3474,12,19.9515621485635
Athene superciliaris,24,1,50.0843028371983
Athene superciliaris,36,1,4.63579200248468
Athene superciliaris,47,1,43.2038186617044
Athene superciliaris,67,1,43.4528749465152
Athene superciliaris,78,1,43.0377824654073
Athene superciliaris,1570,7,57.9536162531174
Athene superciliaris,1583,7,3.3134309653126
Athene superciliaris,1676,7,89.7882265229853
Athene superciliaris,1731,7,455.304276357035
Athene superciliaris,3018,7,21.5096479841157
Athene superciliaris,3112,7,3.75955498127008
Athene superciliaris,3475,7,17.1081231937802
Athene superciliaris,3586,7,27.5139015001006
Athene superciliaris,617,10,2.64969806134474
Athene superciliaris,631,10,7.03479595916414
Athene superciliaris,632,10,4.567756926453
Athene superciliaris,711,10,14.8774610751536
Athene superciliaris,717,10,9.49246813121474
Athene superciliaris,721,10,47.905131750668
Athene superciliaris,738,10,19.5265911838999
Athene superciliaris,3357,10,2.73946711541033
Athene superciliaris,3684,10,9.03353918603134
Athene superciliaris,148,11,19.9337849990107
Athene superciliaris,548,11,29.9957031596161
Athene superciliaris,558,11,266.73838817703
Athene superciliaris,604,11,22.858108584332
Athene superciliaris,667,11,52.3253046845148
Athene superciliaris,701,11,2.73830994216502
Athene superciliaris,3597,11,199.713422927767
Athene superciliaris,3605,11,174.206806446707
Athene superciliaris,3614,11,28.7773817194842
Athene superciliaris,3615,11,57.4985836887405
Athene superciliaris,3632,11,104.451769868596
Athene superciliaris,3634,11,30.0885079199013
Athene superciliaris,3650,11,18.6159244086656
Athene superciliaris,3653,11,19.4390238963762
Athene superciliaris,3654,11,20.4450502154253
Athene superciliaris,3656,11,58.8448757092075
Athene superciliaris,3667,11,72.6841925792621
Athene superciliaris,3668,11,9.25207177810681
Athene superciliaris,3672,11,23.0885321332275
Athene superciliaris,3673,11,135.503242283501
Athene superciliaris,3674,11,13.9784614762996
Athene superciliaris,3677,11,6.25186649493641
Athene superciliaris,3681,11,22.4907523126593
Athene superciliaris,3703,11,3.22509111988759
Athene superciliaris,3704,11,49.838144357936
Athene superciliaris,3706,11,6.63162645037937
Athene superciliaris,3712,11,41.3466555927123
Athene superciliaris,3713,11,18.9694426773024
Athene superciliaris,3714,11,29.0935194916896
Athene superciliaris,3716,11,79.1636486016595
Athene superciliaris,3717,11,127.915889707386
Athene superciliaris,3719,11,27.4239797064361
Athene superciliaris,3722,11,26.7192827727436
Athene superciliaris,3724,11,30.0109975610422
Athene superciliaris,2153,13,13.1672804516124
Athene superciliaris,2366,13,244.188758729789
Athene superciliaris,2506,13,46.5723968884147
Athene superciliaris,2619,13,12.0483039035151
Athene superciliaris,2710,13,118.305284790413
Athene superciliaris,2923,13,17.8876522784661
Athene superciliaris,2942,13,45.1360753508905
Athene superciliaris,3010,13,440.837213623637
Athene superciliaris,3091,13,29.0032743569901
Athene superciliaris,3097,13,20.6310542039179
Athene superciliaris,3176,13,13.0307413413469
Athene superciliaris,3177,13,3.87195306908155
Athene superciliaris,3178,13,6.06907414019537
Athene superciliaris,3179,13,112.468627701651
Athene superciliaris,3303,13,9.30872783193505
Athene superciliaris,3373,13,36.3826787541578
Athene superciliaris,3385,13,7.8043101934992
Athene superciliaris,3395,13,9.25706128804803
Athene superciliaris,3398,13,4.31856011909986
Athene superciliaris,3518,13,15.0236706233649
Athene superciliaris,3694,13,128.593216990634
Athene superciliaris,3701,13,2.60537814308274
Athene superciliaris,1997,16,59.0220175232944
Athene superciliaris,2084,16,31.2831288292474
Athene superciliaris,3553,16,9.04229392746901
Avahi laniger,50,7,13.1011248301817
Avahi laniger,132,15,0.367894891669035
Avahi laniger,133,15,12.5071501015138
Avahi laniger,514,24,14.2768665205796
Avahi laniger,5506,108,27.2715936270507
Avahi laniger,5609,207,29.4123165165292
Avahi laniger,5610,208,29.3885406549345
Avahi laniger,5698,237,52.0931107730117
Avahi laniger,5710,239,31.1097970257607
Avahi laniger,5711,239,29.6010280215059
Avahi laniger,5738,248,90.3937869662622
Avahi laniger,5674,236,59.0116196877182
Avahi laniger,1275,8,266.73838817703
Avahi laniger,5760,8,191.049731459298
Avahi laniger,5761,8,0.919496630983412
Avahi laniger,5762,8,6.25186649493641
Avahi laniger,5723,249,28.7773817194842
Avahi laniger,5743,249,19.4390238963762
Avahi laniger,5775,249,156.395880634442
Avahi laniger,5776,249,58.8448757092075
Avahi laniger,5741,250,180.351922799822
Avahi laniger,5756,251,18.9694426773024
Avahi laniger,5757,252,29.0935194916896
Avahi laniger,5758,253,29.9084357813471
Avahi laniger,5759,253,39.4704589776066
Avahi laniger,5773,254,59.930225967488
Avahi laniger,5774,255,30.0885079199013
Avahi laniger,5777,256,129.022534146316
Avahi laniger,5780,257,21.6030064475268
Avahi laniger,5781,257,47.86339402205
Avahi laniger,344,17,30.2014878964556
Avahi laniger,265,144,59.5414316121322
Avahi laniger,275,144,1.65325307838088
Avahi laniger,285,144,25.6206440278428
Avahi laniger,287,144,0.367363554798603
Avahi laniger,340,144,0.275443051051259
Avahi laniger,5750,144,13.9599771802396
Avahi laniger,94,209,136.594695391024
Avahi laniger,5749,209,1.19697195979625
Avahi laniger,5744,258,28.3749256262274
Avahi laniger,4206,223,0.265972006814122
Avahi laniger,4313,223,88.5629699935415
Avahi laniger,5685,223,9.04229392746901
Avahi laniger,5763,223,1.41985175199318
Avahi laniger,5764,223,30.9497681570663
Avahi laniger,5649,235,51.6424033209818
Avahi laniger,5716,245,31.2831288292474
Avahi laniger,618,246,22.4907523126593
Avahi laniger,5724,247,59.3584008869
Avahi laniger,5772,247,31.2682529843574
Avahi laniger,5771,259,35.4042812702756
Avahi occidentalis,5,1,5.85033975470436
Avahi occidentalis,6,1,24.6792146248902
Avahi occidentalis,8,1,2.83342021114933
Avahi occidentalis,9,1,1.00536820483017
Avahi occidentalis,11,1,0.274192454328179
Avahi occidentalis,18,1,1.55373825480127
Avahi occidentalis,7,5,1.0054375043211
Avahi occidentalis,10,5,2.37624750380075
Avahi occidentalis,15,5,7.67678403816092
Avahi occidentalis,19,5,8.49783825707936
Avahi occidentalis,20,5,0.274089461484194
Avahi occidentalis,21,5,9.5018882179122
Avahi occidentalis,22,5,4.56775692645169
Avahi occidentalis,23,5,0.456749789226651
Avahi occidentalis,40,4,134.065633621315
Avahi occidentalis,56,4,0.364940765320301
Avahi occidentalis,57,4,34.95614220778
Avahi occidentalis,62,4,1.36878947938347
Avahi occidentalis,67,4,1.55116641908598
Avahi occidentalis,71,4,0.273738447341442
Avahi occidentalis,72,4,0.364971116543174
Aviceda madagascariensis,6,1,111.568243325615
Aviceda madagascariensis,8,1,43.2038186617044
Aviceda madagascariensis,14,1,43.4528749465152
Aviceda madagascariensis,18,1,43.0377824654073
Aviceda madagascariensis,46,1,19.9337849990107
Aviceda madagascariensis,82,1,50.551453219145
Aviceda madagascariensis,93,1,116.961786446988
Aviceda madagascariensis,257,1,266.73838817703
Aviceda madagascariensis,1183,1,56.8711675529887
Aviceda madagascariensis,1222,1,64.9869920614074
Aviceda madagascariensis,1555,1,26.6587824925889
Aviceda madagascariensis,1556,1,199.713422927767
Aviceda madagascariensis,1557,1,16.2380797407103
Aviceda madagascariensis,1570,1,28.7773817194842
Aviceda madagascariensis,1571,1,59.3584008869
Aviceda madagascariensis,1585,1,90.3937869662622
Aviceda madagascariensis,1596,1,104.451769868596
Aviceda madagascariensis,1597,1,59.930225967488
Aviceda madagascariensis,1613,1,18.6159244086656
Aviceda madagascariensis,1616,1,19.4390238963762
Aviceda madagascariensis,1617,1,20.4450502154253
Aviceda madagascariensis,1618,1,129.022534146316
Aviceda madagascariensis,1621,1,180.351922799822
Aviceda madagascariensis,1633,1,72.6841925792621
Aviceda madagascariensis,1637,1,22.858108584332
Aviceda madagascariensis,1645,1,35.3553316235078
Aviceda madagascariensis,1656,1,229.563098744103
Aviceda madagascariensis,1658,1,49.838144357936
Aviceda madagascariensis,1666,1,41.3466555927123
Aviceda madagascariensis,1667,1,18.9694426773024
Aviceda madagascariensis,1668,1,29.0935194916896
Aviceda madagascariensis,1670,1,165.589230952063
Aviceda madagascariensis,1671,1,167.386348684994
Aviceda madagascariensis,1673,1,142.937192083356
Aviceda madagascariensis,1674,1,191.049731459298
Aviceda madagascariensis,1700,1,35.4042812702756
Aviceda madagascariensis,1701,1,31.2682529843574
Aviceda madagascariensis,1702,1,26.7192827727436
Aviceda madagascariensis,1704,1,30.0885079199013
Aviceda madagascariensis,1705,1,46.8646019734076
Aviceda madagascariensis,1707,1,76.8042931124407
Aviceda madagascariensis,1708,1,58.8448757092075
Aviceda madagascariensis,1711,1,21.6030064475268
Aviceda madagascariensis,1712,1,47.86339402205
Aviceda madagascariensis,1716,1,22.4907523126593
Aviceda madagascariensis,302,2,38.2051651932399
Aviceda madagascariensis,356,2,36.331879859746
Aviceda madagascariensis,360,2,52.2268727901955
Aviceda madagascariensis,395,2,57.9536162531174
Aviceda madagascariensis,413,2,89.7882265229853
Aviceda madagascariensis,427,2,455.304276357035
Aviceda madagascariensis,876,2,21.5096479841157
Aviceda madagascariensis,1363,2,17.1081231937802
Aviceda madagascariensis,1393,2,58.113791807033
Aviceda madagascariensis,1531,2,27.5139015001006
Aviceda madagascariensis,521,3,13.1672804516124
Aviceda madagascariensis,572,3,244.188758729789
Aviceda madagascariensis,573,3,68.4073900828574
Aviceda madagascariensis,608,3,46.5723968884147
Aviceda madagascariensis,632,3,12.0483039035151
Aviceda madagascariensis,643,3,118.305284790413
Aviceda madagascariensis,778,3,17.8876522784661
Aviceda madagascariensis,831,3,45.1360753508905
Aviceda madagascariensis,860,3,440.837213623637
Aviceda madagascariensis,971,3,29.0032743569901
Aviceda madagascariensis,977,3,20.6310542039179
Aviceda madagascariensis,1053,3,13.0307413413469
Aviceda madagascariensis,1056,3,112.468627701651
Aviceda madagascariensis,1257,3,36.3826787541578
Aviceda madagascariensis,1419,3,15.0236706233649
Aviceda madagascariensis,1686,3,128.593216990634
Bernieria madagascariensis,249,103,43.2675847418705
Bernieria madagascariensis,379,87,0.370271373195231
Bernieria madagascariensis,380,87,0.462834125284791
Bernieria madagascariensis,384,87,43.0377824654073
Bernieria madagascariensis,400,87,1.48074673073471
Bernieria madagascariensis,401,87,1.66577102635694
Bernieria madagascariensis,405,87,0.277623898765862
Bernieria madagascariensis,408,87,0.277610584835947
Bernieria madagascariensis,199,101,0.463597745714188
Bernieria madagascariensis,238,101,43.2038186617044
Bernieria madagascariensis,8883,24,38.0240908844043
Bernieria madagascariensis,8957,24,3.07696966736627
Bernieria madagascariensis,8966,24,0.723997986286044
Bernieria madagascariensis,9016,24,0.361958205401897
Bernieria madagascariensis,21851,24,0.452763459861636
Bernieria madagascariensis,21410,106,0.777178853789091
Bernieria madagascariensis,21742,106,0.604549703200817
Bernieria madagascariensis,21916,106,27.2715936270507
Bernieria madagascariensis,21917,106,29.4123165165292
Bernieria madagascariensis,21918,106,29.3885406549345
Bernieria madagascariensis,21919,106,20.6592519148769
Bernieria madagascariensis,21920,106,19.9515621485635
Bernieria madagascariensis,11606,54,36.331879859746
Bernieria madagascariensis,12100,54,0.449603298739433
Bernieria madagascariensis,12101,54,0.359686745625973
Bernieria madagascariensis,21853,54,0.449634089967847
Bernieria madagascariensis,21938,54,6.47518067736232
Bernieria madagascariensis,12348,38,45.3046276671535
Bernieria madagascariensis,22104,122,52.0931107730117
Bernieria madagascariensis,21736,100,64.9869920614074
Bernieria madagascariensis,15164,81,21.0801634665238
Bernieria madagascariensis,22095,119,31.1097970257607
Bernieria madagascariensis,22096,119,29.6010280215059
Bernieria madagascariensis,22139,124,26.6587824925889
Bernieria madagascariensis,22141,124,16.2380797407103
Bernieria madagascariensis,22169,127,90.3937869662622
Bernieria madagascariensis,127,31,0.55664420881176
Bernieria madagascariensis,131,31,0.371099061261296
Bernieria madagascariensis,134,31,0.556625695955813
Bernieria madagascariensis,145,31,0.463806772104442
Bernieria madagascariensis,151,31,0.27827526928854
Bernieria madagascariensis,165,31,0.278243954662919
Bernieria madagascariensis,189,31,111.568243325615
Bernieria madagascariensis,193,31,1.39092521476799
Bernieria madagascariensis,198,31,4.63579200248468
Bernieria madagascariensis,21696,31,56.8711675529887
Bernieria madagascariensis,22244,31,0.370900267166376
Bernieria madagascariensis,22245,31,0.463541480594814
Bernieria madagascariensis,10363,65,0.812480411258936
Bernieria madagascariensis,21975,65,16.6994855698657
Bernieria madagascariensis,22012,65,51.6424033209818
Bernieria madagascariensis,22054,65,59.0116196877182
Bernieria madagascariensis,22231,65,1.17365293457222
Bernieria madagascariensis,877,76,19.9337849990107
Bernieria madagascariensis,22140,76,199.713422927767
Bernieria madagascariensis,5090,77,18.2767366788028
Bernieria madagascariensis,21683,77,0.456764738324761
Bernieria madagascariensis,22260,77,13.2478972172724
Bernieria madagascariensis,22262,77,12.4246882102063
Bernieria madagascariensis,4629,99,5.85033975470352
Bernieria madagascariensis,4634,99,24.6792146248873
Bernieria madagascariensis,4661,99,2.65062070312488
Bernieria madagascariensis,4682,99,0.274192454328179
Bernieria madagascariensis,4694,99,1.18809712456667
Bernieria madagascariensis,4719,99,4.38649564416385
Bernieria madagascariensis,4790,99,8.49783825707888
Bernieria madagascariensis,4839,99,0.274089461484194
Bernieria madagascariensis,4883,99,9.5018882179122
Bernieria madagascariensis,4884,99,4.567756926453
Bernieria madagascariensis,21691,99,1.55373825480127
Bernieria madagascariensis,21745,99,0.456749789226413
Bernieria madagascariensis,5434,128,164.087473873105
Bernieria madagascariensis,5473,128,0.364942030489683
Bernieria madagascariensis,5481,128,0.456175956650972
Bernieria madagascariensis,21775,128,9.49246813121474
Bernieria madagascariensis,22110,128,2.73946711541033
Bernieria madagascariensis,22265,128,29.8421537025048
Bernieria madagascariensis,22268,128,1.36878947938347
Bernieria madagascariensis,22274,128,0.273738447341442
Bernieria madagascariensis,22275,128,0.364971116543174
Bernieria madagascariensis,22278,128,0.364952150581956
Bernieria madagascariensis,22312,128,1.55205922298586
Bernieria madagascariensis,13800,107,27.5139015001006
Bernieria madagascariensis,13861,107,41.0293049223326
Bernieria madagascariensis,13946,107,42.1715901547037
Bernieria madagascariensis,13975,107,3.3134309653126
Bernieria madagascariensis,14484,107,236.858748834492
Bernieria madagascariensis,21900,107,17.1081231937802
Bernieria madagascariensis,22092,107,21.5096479841157
Bernieria madagascariensis,21939,108,58.113791807033
Bernieria madagascariensis,22306,108,0.360806249891043
Bernieria madagascariensis,17988,113,0.62064821295929
Bernieria madagascariensis,18002,113,0.265972006814122
Bernieria madagascariensis,18021,113,0.709200345668078
Bernieria madagascariensis,22014,113,88.5629699935415
Bernieria madagascariensis,22080,113,9.04229392746901
Bernieria madagascariensis,22137,113,31.2831288292474
Bernieria madagascariensis,22309,113,1.41985175199318
Bernieria madagascariensis,22310,113,30.9497681570663
Bernieria madagascariensis,22311,113,0.531935836720109
Bernieria madagascariensis,22313,113,3.01150757306588
Bernieria madagascariensis,2049,123,0.643524707942724
Bernieria madagascariensis,2102,123,0.459616383672059
Bernieria madagascariensis,2124,123,0.643432019172192
Bernieria madagascariensis,2132,123,0.275752651619673
Bernieria madagascariensis,2154,123,0.367655302864194
Bernieria madagascariensis,2175,123,1.56243208603442
Bernieria madagascariensis,2176,123,0.275729722221732
Bernieria madagascariensis,2199,123,0.275717098941624
Bernieria madagascariensis,2215,123,0.275709061498523
Bernieria madagascariensis,2219,123,0.459508593737543
Bernieria madagascariensis,2226,123,0.45949710468936
Bernieria madagascariensis,2227,123,1.1946710927344
Bernieria madagascariensis,2244,123,50.551453219145
Bernieria madagascariensis,2248,123,3.21620605602419
Bernieria madagascariensis,2249,123,0.551364106284499
Bernieria madagascariensis,2256,123,1.10266377710527
Bernieria madagascariensis,2265,123,0.367564567481756
Bernieria madagascariensis,2275,123,0.551319225258708
Bernieria madagascariensis,2287,123,1.10259928914046
Bernieria madagascariensis,2293,123,2.02137478975803
Bernieria madagascariensis,2294,123,0.826945434479237
Bernieria madagascariensis,2302,123,0.643170052255213
Bernieria madagascariensis,2311,123,1.65382056523675
Bernieria madagascariensis,2332,123,0.826825480994821
Bernieria madagascariensis,2359,123,0.459349671094894
Bernieria madagascariensis,2383,123,0.367459639964223
Bernieria madagascariensis,2398,123,0.275586929093957
Bernieria madagascariensis,2402,123,1.46972063059181
Bernieria madagascariensis,2403,123,0.275577679304183
Bernieria madagascariensis,2492,123,0.367363554798603
Bernieria madagascariensis,2597,123,116.961786446988
Bernieria madagascariensis,2638,123,0.275443051051259
Bernieria madagascariensis,7283,123,266.73838817703
Bernieria madagascariensis,22154,123,28.7773817194842
Bernieria madagascariensis,22155,123,59.3584008869
Bernieria madagascariensis,22195,123,180.351922799822
Bernieria madagascariensis,22214,123,19.4390238963762
Bernieria madagascariensis,22239,123,22.858108584332
Bernieria madagascariensis,22246,123,1.10266607838708
Bernieria madagascariensis,22247,123,9.73881683759956
Bernieria madagascariensis,22248,123,1.01060090259051
Bernieria madagascariensis,22249,123,0.275615805294395
Bernieria madagascariensis,22250,123,35.3553316235078
Bernieria madagascariensis,22280,123,1.38241570732784
Bernieria madagascariensis,22281,123,229.563098744103
Bernieria madagascariensis,22282,123,3.22509111988759
Bernieria madagascariensis,22283,123,49.838144357936
Bernieria madagascariensis,22284,123,1.19747486800289
Bernieria madagascariensis,22285,123,6.63162645037937
Bernieria madagascariensis,22290,123,1.74986507844645
Bernieria madagascariensis,22291,123,41.3466555927123
Bernieria madagascariensis,22292,123,18.9694426773024
Bernieria madagascariensis,22293,123,29.0935194916896
Bernieria madagascariensis,22294,123,1.19697195979625
Bernieria madagascariensis,22295,123,165.589230952063
Bernieria madagascariensis,22296,123,167.386348684994
Bernieria madagascariensis,22298,123,142.937192083356
Bernieria madagascariensis,22299,123,191.049731459298
Bernieria madagascariensis,22301,123,0.919496630983412
Bernieria madagascariensis,22302,123,6.25186649493641
Bernieria madagascariensis,22303,123,1.37902412587363
Bernieria madagascariensis,22318,123,35.4042812702756
Bernieria madagascariensis,22319,123,31.2682529843574
Bernieria madagascariensis,22322,123,59.930225967488
Bernieria madagascariensis,22323,123,30.0885079199013
Bernieria madagascariensis,22324,123,156.395880634442
Bernieria madagascariensis,22325,123,58.8448757092075
Bernieria madagascariensis,22326,123,129.022534146316
Bernieria madagascariensis,22329,123,21.6030064475268
Bernieria madagascariensis,22330,123,47.86339402205
Bernieria madagascariensis,22332,123,1.18887316902965
Bernieria madagascariensis,22333,123,0.365803726961494
Bernieria madagascariensis,22335,123,22.4907523126593
Bernieria madagascariensis,22337,123,0.91402228653884
Bernieria madagascariensis,22194,129,104.451769868596
Bernieria madagascariensis,22211,129,18.6159244086656
Bernieria madagascariensis,22215,129,20.4450502154253
Bernieria madagascariensis,22320,129,26.7192827727436
Bernieria madagascariensis,22235,130,72.6841925792621
Bernieria madagascariensis,22236,130,9.25207177810681
Brachypteracias leptosomus,760,2,29.4123165165292
Brachypteracias leptosomus,783,2,27.2715936270507
Brachypteracias leptosomus,784,2,29.3885406549345
Brachypteracias leptosomus,785,2,20.6592519148769
Brachypteracias leptosomus,11,1,6.06658234187227
Brachypteracias leptosomus,91,1,266.73838817703
Brachypteracias leptosomus,937,1,59.3584008869
Brachypteracias leptosomus,951,1,90.3937869662622
Brachypteracias leptosomus,953,1,41.3466555927123
Brachypteracias leptosomus,955,1,104.451769868596
Brachypteracias leptosomus,956,1,180.351922799822
Brachypteracias leptosomus,972,1,18.6159244086656
Brachypteracias leptosomus,975,1,19.4390238963762
Brachypteracias leptosomus,976,1,20.4450502154253
Brachypteracias leptosomus,979,1,24.0690321273829
Brachypteracias leptosomus,988,1,72.6841925792621
Brachypteracias leptosomus,990,1,22.858108584332
Brachypteracias leptosomus,991,1,69.0141795230249
Brachypteracias leptosomus,992,1,2.57936223117161
Brachypteracias leptosomus,993,1,82.3436727737423
Brachypteracias leptosomus,995,1,18.9694426773024
Brachypteracias leptosomus,996,1,29.0935194916896
Brachypteracias leptosomus,997,1,167.386348684994
Brachypteracias leptosomus,998,1,143.862175435587
Brachypteracias leptosomus,1000,1,56.3023597985351
Brachypteracias leptosomus,1001,1,191.049731459298
Brachypteracias leptosomus,1002,1,13.9784614762996
Brachypteracias leptosomus,1005,1,6.25186649493641
Brachypteracias leptosomus,1014,1,35.4042812702756
Brachypteracias leptosomus,1015,1,31.2682529843574
Brachypteracias leptosomus,1016,1,26.7192827727436
Brachypteracias leptosomus,1018,1,59.930225967488
Brachypteracias leptosomus,1019,1,30.0885079199013
Brachypteracias leptosomus,1020,1,156.395880634442
Brachypteracias leptosomus,1021,1,58.8448757092075
Brachypteracias leptosomus,1022,1,129.022534146316
Brachypteracias leptosomus,838,3,51.6424033209818
Brachypteracias leptosomus,875,3,59.0116196877182
Brachypteracias leptosomus,852,7,88.5629699935415
Brachypteracias leptosomus,894,7,9.04229392746901
Brachypteracias leptosomus,927,7,31.2831288292474
Brachypteracias leptosomus,1007,7,30.9497681570663
Brachypteracias leptosomus,1009,7,3.01150757306588
Brachytarsomys albicauda,18,5,21.0323881548508
Brachytarsomys albicauda,23,7,40.2587459644453
Brachytarsomys albicauda,58,15,49.601757829382
Brachytarsomys albicauda,278,15,30.152120036632
Brachytarsomys albicauda,61,23,85.0929057711486
Brachyuromys betsileoensis,471,25,27.3374724883207
Brachyuromys betsileoensis,3135,208,52.0931107730117
Brachyuromys betsileoensis,3109,209,29.8631255431825
Brachyuromys betsileoensis,207,9,19.9337849990107
Brachyuromys betsileoensis,1528,202,0.812480411258936
Brachyuromys betsileoensis,3102,202,16.6994855698657
Brachyuromys betsileoensis,3162,202,1.17365293457222
Brachyuromys betsileoensis,3163,202,0.180557963597178
Brachyuromys betsileoensis,586,28,1.10266377710527
Brachyuromys betsileoensis,587,28,0.183781132994473
Brachyuromys betsileoensis,588,28,2.02137478975803
Brachyuromys betsileoensis,589,28,0.826945434479237
Brachyuromys betsileoensis,597,28,0.367459639964223
Brachyuromys betsileoensis,600,28,0.183724619395971
Brachyuromys betsileoensis,601,28,0.275586929093957
Brachyuromys betsileoensis,603,28,1.46972063059181
Brachyuromys betsileoensis,604,28,0.275577679304183
Brachyuromys betsileoensis,623,28,106.850808508956
Brachyuromys betsileoensis,3176,28,1.10266607838708
Brachyuromys betsileoensis,3177,28,9.73881683759956
Brachyuromys betsileoensis,3178,28,35.3553316235078
Brachyuromys betsileoensis,3179,28,0.18370726844728
Brachyuromys betsileoensis,3182,28,0.0918368279622793
Brachyuromys betsileoensis,3183,28,0.0918368279622793
Brachyuromys betsileoensis,3184,28,0.091829860622406
Brachyuromys betsileoensis,3185,28,0.091829860622406
Brachyuromys betsileoensis,3186,28,0.0918124089481831
Brachyuromys betsileoensis,3187,28,0.0918112438106537
Brachyuromys betsileoensis,3150,121,199.713422927767
Brachyuromys betsileoensis,2802,200,31.2831288292474
Brachyuromys betsileoensis,3148,214,30.9497681570663
Brachyuromys betsileoensis,426,215,6.63162645038044
Brachyuromys betsileoensis,448,215,1.74986507844758
Brachyuromys betsileoensis,449,215,49.838144357936
Brachyuromys betsileoensis,458,217,29.7439079649721
Brachyuromys betsileoensis,483,218,29.8164373522979
Brachyuromys betsileoensis,3174,218,17.7649079492993
Brachyuromys betsileoensis,526,219,229.563098744103
Brachyuromys betsileoensis,3170,219,1.19747486800289
Brachyuromys betsileoensis,3171,220,18.9694426773024
Brachyuromys betsileoensis,539,216,13.9784614762996
Brachyuromys betsileoensis,3175,216,0.0919609370105267
Brachyuromys betsileoensis,3156,221,56.3023597985351
Brachyuromys betsileoensis,3190,222,21.3361365445335
Bradypterus brunneus,1,1,26.7219759851342
Bradypterus brunneus,2,1,28.8450665179956
Bradypterus brunneus,345,20,52.0931107730117
Bradypterus brunneus,1467,58,31.1097970257607
Bradypterus brunneus,168,9,29.9898296926183
Bradypterus brunneus,287,19,0.812480411258936
Bradypterus brunneus,288,19,59.0116196877182
Bradypterus brunneus,1438,19,16.6994855698657
Bradypterus brunneus,1439,19,1.17365293457222
Bradypterus brunneus,57,6,21.0323881548502
Bradypterus brunneus,142,8,26.7192827727436
Bradypterus brunneus,1240,51,1.77486829517484
Bradypterus brunneus,1245,51,0.620648212959528
Bradypterus brunneus,1246,51,0.265972006814122
Bradypterus brunneus,1249,51,0.709200345668078
Bradypterus brunneus,1440,51,29.274766839554
Bradypterus brunneus,1463,51,9.04229392746901
Bradypterus brunneus,1486,51,1.41985175199318
Bradypterus brunneus,86,62,1.38241570732784
Bradypterus brunneus,100,62,33.9101638438653
Bradypterus brunneus,105,62,55.3562922973957
Bradypterus brunneus,109,62,2.20996282989186
Bradypterus brunneus,114,62,143.862175435587
Bradypterus brunneus,115,62,140.237925538861
Bradypterus brunneus,1482,62,29.7439079649625
Bradypterus brunneus,1483,62,3.22509111988759
Bradypterus brunneus,1484,62,18.9694426773024
Bradypterus brunneus,176,63,150.320221903983
Bradypterus brunneus,119,64,89.9855666221485
Bradypterus brunneus,121,64,133.180311917329
Buteo brachypterus,7,1,111.568243325615
Buteo brachypterus,10,1,43.2038186617044
Buteo brachypterus,15,1,43.4528749465152
Buteo brachypterus,21,1,43.0377824654073
Buteo brachypterus,48,1,19.9337849990107
Buteo brachypterus,88,1,116.961786446988
Buteo brachypterus,151,1,24.6792146248873
Buteo brachypterus,239,1,164.635079438637
Buteo brachypterus,262,1,266.73838817703
Buteo brachypterus,1190,1,50.551453219145
Buteo brachypterus,1760,1,56.8711675529887
Buteo brachypterus,1799,1,64.9869920614074
Buteo brachypterus,1829,1,86.9343049463478
Buteo brachypterus,2252,1,26.6587824925889
Buteo brachypterus,2253,1,199.713422927767
Buteo brachypterus,2254,1,16.2380797407103
Buteo brachypterus,2267,1,28.7773817194842
Buteo brachypterus,2268,1,59.3584008869
Buteo brachypterus,2282,1,90.3937869662622
Buteo brachypterus,2293,1,104.451769868596
Buteo brachypterus,2294,1,180.351922799822
Buteo brachypterus,2310,1,18.7076370258816
Buteo brachypterus,2313,1,19.4390238963762
Buteo brachypterus,2314,1,20.4450502154253
Buteo brachypterus,2328,1,72.6841925792621
Buteo brachypterus,2332,1,22.858108584332
Buteo brachypterus,2340,1,35.3553316235078
Buteo brachypterus,2351,1,45.0847132855617
Buteo brachypterus,2368,1,229.563098744103
Buteo brachypterus,2370,1,49.838144357936
Buteo brachypterus,2378,1,41.3466555927123
Buteo brachypterus,2379,1,18.9694426773024
Buteo brachypterus,2380,1,29.0935194916896
Buteo brachypterus,2382,1,165.589230952063
Buteo brachypterus,2383,1,167.386348684994
Buteo brachypterus,2386,1,142.937192083356
Buteo brachypterus,2387,1,191.141696945506
Buteo brachypterus,2413,1,35.4042812702756
Buteo brachypterus,2414,1,31.2682529843574
Buteo brachypterus,2415,1,26.7192827727436
Buteo brachypterus,2417,1,59.930225967488
Buteo brachypterus,2418,1,30.0885079199013
Buteo brachypterus,2419,1,156.395880634442
Buteo brachypterus,2420,1,58.9365145738444
Buteo brachypterus,2421,1,129.022534146316
Buteo brachypterus,2424,1,21.6030064475268
Buteo brachypterus,2425,1,47.86339402205
Buteo brachypterus,2430,1,22.4907523126593
Buteo brachypterus,300,2,38.2051651932399
Buteo brachypterus,345,2,36.331879859746
Buteo brachypterus,365,2,52.2268727901955
Buteo brachypterus,379,2,57.9536162531174
Buteo brachypterus,404,2,89.7882265229853
Buteo brachypterus,413,2,455.304276357035
Buteo brachypterus,1442,2,21.5096479841157
Buteo brachypterus,1993,2,17.1081231937802
Buteo brachypterus,2025,2,58.113791807033
Buteo brachypterus,2206,2,27.5139015001006
Buteo brachypterus,571,3,118.305284790413
Buteo brachypterus,813,3,245.072463241854
Buteo brachypterus,823,3,46.5723968884147
Buteo brachypterus,1344,3,17.8876522784661
Buteo brachypterus,1391,3,45.1360753508905
Buteo brachypterus,1428,3,444.224390635293
Buteo brachypterus,1531,3,21.1588565254757
Buteo brachypterus,1536,3,20.6310542039179
Buteo brachypterus,1634,3,13.3829553466861
Buteo brachypterus,1637,3,112.468627701651
Buteo brachypterus,1881,3,36.3826787541578
Buteo brachypterus,2069,3,15.0236706233649
Buteo brachypterus,2403,3,128.593216990634
Calicalicus madagascariensis,359,134,43.4528749465152
Calicalicus madagascariensis,407,119,0.370271373195231
Calicalicus madagascariensis,408,119,0.462834125284791
Calicalicus madagascariensis,412,119,43.0377824654073
Calicalicus madagascariensis,428,119,1.48074673073471
Calicalicus madagascariensis,430,119,1.66577102635694
Calicalicus madagascariensis,436,119,0.277623898765862
Calicalicus madagascariensis,439,119,0.277610584835947
Calicalicus madagascariensis,212,132,0.463597745714188
Calicalicus madagascariensis,255,132,43.2038186617044
Calicalicus madagascariensis,8678,8,38.2051651932399
Calicalicus madagascariensis,8759,8,3.07696966736627
Calicalicus madagascariensis,8769,8,0.723997986286044
Calicalicus madagascariensis,8823,8,0.361958205401897
Calicalicus madagascariensis,22383,8,0.452763459861636
Calicalicus madagascariensis,21905,138,0.777178853789091
Calicalicus madagascariensis,22274,138,0.604549703200817
Calicalicus madagascariensis,22449,138,27.2715936270507
Calicalicus madagascariensis,22450,138,29.4123165165292
Calicalicus madagascariensis,22451,138,29.3885406549345
Calicalicus madagascariensis,22452,138,20.6592519148769
Calicalicus madagascariensis,22453,138,19.9515621485635
Calicalicus madagascariensis,18911,13,18.4464234338474
Calicalicus madagascariensis,19263,13,0.970314285975814
Calicalicus madagascariensis,11522,77,36.331879859746
Calicalicus madagascariensis,12033,77,0.449603298739433
Calicalicus madagascariensis,12034,77,0.359686745625973
Calicalicus madagascariensis,22385,77,0.449634089967847
Calicalicus madagascariensis,22471,77,6.47518067736232
Calicalicus madagascariensis,12424,9,52.2268727901955
Calicalicus madagascariensis,22644,158,52.0931107730117
Calicalicus madagascariensis,22268,131,64.9869920614074
Calicalicus madagascariensis,15189,140,29.8432117734118
Calicalicus madagascariensis,15230,140,21.0801634665238
Calicalicus madagascariensis,22483,140,6.61121590080178
Calicalicus madagascariensis,22635,154,31.1097970257607
Calicalicus madagascariensis,22636,154,29.6010280215059
Calicalicus madagascariensis,22679,162,26.6587824925889
Calicalicus madagascariensis,22681,162,16.2380797407103
Calicalicus madagascariensis,4650,160,2.64969806134474
Calicalicus madagascariensis,4686,160,0.274089461484194
Calicalicus madagascariensis,4732,160,7.03479595916414
Calicalicus madagascariensis,4733,160,4.567756926453
Calicalicus madagascariensis,22277,160,0.456749789226413
Calicalicus madagascariensis,22709,165,90.3937869662622
Calicalicus madagascariensis,135,83,0.55664420881176
Calicalicus madagascariensis,139,83,0.371099061261296
Calicalicus madagascariensis,142,83,0.556625695955813
Calicalicus madagascariensis,155,83,0.463806772104442
Calicalicus madagascariensis,162,83,0.27827526928854
Calicalicus madagascariensis,178,83,0.278243954662919
Calicalicus madagascariensis,202,83,111.568243325615
Calicalicus madagascariensis,206,83,1.39092521476799
Calicalicus madagascariensis,211,83,4.63579200248468
Calicalicus madagascariensis,22226,83,56.8711675529887
Calicalicus madagascariensis,22785,83,0.370900267166376
Calicalicus madagascariensis,22786,83,0.463541480594814
Calicalicus madagascariensis,928,88,19.9337849990107
Calicalicus madagascariensis,22680,88,199.713422927767
Calicalicus madagascariensis,10217,90,0.812480411258936
Calicalicus madagascariensis,22516,90,16.6994855698657
Calicalicus madagascariensis,22552,90,51.6424033209818
Calicalicus madagascariensis,22594,90,59.0116196877182
Calicalicus madagascariensis,22771,90,1.17365293457222
Calicalicus madagascariensis,4924,97,18.2767366788028
Calicalicus madagascariensis,22214,97,0.456764738324761
Calicalicus madagascariensis,22801,97,13.2478972172724
Calicalicus madagascariensis,22803,97,12.4246882102063
Calicalicus madagascariensis,13875,137,27.5139015001006
Calicalicus madagascariensis,13937,137,41.0293049223326
Calicalicus madagascariensis,14054,137,3.3134309653126
Calicalicus madagascariensis,14303,137,60.4348975659029
Calicalicus madagascariensis,14707,137,236.858748834492
Calicalicus madagascariensis,22433,137,17.1081231937802
Calicalicus madagascariensis,22632,137,21.5096479841157
Calicalicus madagascariensis,22472,139,58.113791807033
Calicalicus madagascariensis,22847,139,0.360806249891043
Calicalicus madagascariensis,18238,148,0.620648212959528
Calicalicus madagascariensis,18254,148,0.265972006814122
Calicalicus madagascariensis,18278,148,0.709200345668078
Calicalicus madagascariensis,22554,148,88.5629699935415
Calicalicus madagascariensis,22620,148,9.04229392746901
Calicalicus madagascariensis,22677,148,31.2831288292474
Calicalicus madagascariensis,22850,148,1.41985175199318
Calicalicus madagascariensis,22851,148,30.9497681570663
Calicalicus madagascariensis,22852,148,0.531935836720109
Calicalicus madagascariensis,22854,148,3.01150757306588
Calicalicus madagascariensis,2120,161,0.643524707942724
Calicalicus madagascariensis,2171,161,0.459616383672059
Calicalicus madagascariensis,2192,161,0.643432019172192
Calicalicus madagascariensis,2199,161,0.275752651619673
Calicalicus madagascariensis,2218,161,0.367655302864194
Calicalicus madagascariensis,2236,161,1.56243208603442
Calicalicus madagascariensis,2237,161,0.275729722221732
Calicalicus madagascariensis,2259,161,0.275717098941624
Calicalicus madagascariensis,2273,161,0.275709061498523
Calicalicus madagascariensis,2277,161,0.459508593737543
Calicalicus madagascariensis,2284,161,0.45949710468936
Calicalicus madagascariensis,2285,161,1.1946710927344
Calicalicus madagascariensis,2300,161,50.551453219145
Calicalicus madagascariensis,2304,161,3.21620605602419
Calicalicus madagascariensis,2305,161,0.551364106284499
Calicalicus madagascariensis,2312,161,1.10266377710527
Calicalicus madagascariensis,2320,161,0.367564567481756
Calicalicus madagascariensis,2330,161,0.551319225258708
Calicalicus madagascariensis,2341,161,1.10259928914046
Calicalicus madagascariensis,2347,161,2.02137478975803
Calicalicus madagascariensis,2348,161,0.826945434479237
Calicalicus madagascariensis,2356,161,0.643170052255213
Calicalicus madagascariensis,2365,161,1.65382056523675
Calicalicus madagascariensis,2384,161,0.826825480994821
Calicalicus madagascariensis,2406,161,0.459349671094894
Calicalicus madagascariensis,2429,161,0.367459639964223
Calicalicus madagascariensis,2444,161,0.275586929093957
Calicalicus madagascariensis,2448,161,1.46972063059181
Calicalicus madagascariensis,2449,161,0.275577679304183
Calicalicus madagascariensis,2538,161,0.367363554798603
Calicalicus madagascariensis,2637,161,116.961786446988
Calicalicus madagascariensis,2678,161,0.275443051051259
Calicalicus madagascariensis,6959,161,266.73838817703
Calicalicus madagascariensis,22694,161,28.7773817194842
Calicalicus madagascariensis,22695,161,59.3584008869
Calicalicus madagascariensis,22735,161,180.351922799822
Calicalicus madagascariensis,22754,161,19.4390238963762
Calicalicus madagascariensis,22780,161,22.858108584332
Calicalicus madagascariensis,22787,161,1.10266607838708
Calicalicus madagascariensis,22788,161,9.73881683759956
Calicalicus madagascariensis,22789,161,1.01060090259051
Calicalicus madagascariensis,22790,161,0.275615805294395
Calicalicus madagascariensis,22791,161,35.3553316235078
Calicalicus madagascariensis,22821,161,1.38241570732784
Calicalicus madagascariensis,22822,161,229.563098744103
Calicalicus madagascariensis,22823,161,3.22509111988759
Calicalicus madagascariensis,22824,161,49.838144357936
Calicalicus madagascariensis,22825,161,1.19747486800289
Calicalicus madagascariensis,22826,161,6.63162645037937
Calicalicus madagascariensis,22831,161,1.74986507844645
Calicalicus madagascariensis,22832,161,41.3466555927123
Calicalicus madagascariensis,22833,161,18.9694426773024
Calicalicus madagascariensis,22834,161,29.0935194916896
Calicalicus madagascariensis,22835,161,1.19697195979625
Calicalicus madagascariensis,22836,161,165.589230952063
Calicalicus madagascariensis,22837,161,167.386348684994
Calicalicus madagascariensis,22839,161,142.937192083356
Calicalicus madagascariensis,22840,161,191.049731459298
Calicalicus madagascariensis,22842,161,0.919496630983412
Calicalicus madagascariensis,22843,161,6.25186649493641
Calicalicus madagascariensis,22844,161,1.37902412587363
Calicalicus madagascariensis,22859,161,35.4042812702756
Calicalicus madagascariensis,22860,161,31.2682529843574
Calicalicus madagascariensis,22863,161,59.930225967488
Calicalicus madagascariensis,22864,161,30.0885079199013
Calicalicus madagascariensis,22865,161,156.395880634442
Calicalicus madagascariensis,22866,161,58.8448757092075
Calicalicus madagascariensis,22867,161,129.022534146316
Calicalicus madagascariensis,22870,161,21.6030064475268
Calicalicus madagascariensis,22871,161,47.86339402205
Calicalicus madagascariensis,22873,161,1.18887316902965
Calicalicus madagascariensis,22874,161,0.365803726961494
Calicalicus madagascariensis,22876,161,22.4907523126593
Calicalicus madagascariensis,22878,161,0.91402228653884
Calicalicus madagascariensis,22734,168,104.451769868596
Calicalicus madagascariensis,22861,168,26.7192827727436
Calicalicus madagascariensis,22751,169,18.6159244086656
Calicalicus madagascariensis,22755,169,20.4450502154253
Calicalicus madagascariensis,22776,166,72.6841925792621
Calicalicus madagascariensis,22777,166,9.25207177810681
Calicalicus madagascariensis,5220,167,164.087473873105
Calicalicus madagascariensis,5242,167,0.364942030489683
Calicalicus madagascariensis,5246,167,0.456175956650972
Calicalicus madagascariensis,22307,167,9.49246813121474
Calicalicus madagascariensis,22650,167,2.73946711541033
Calicalicus madagascariensis,22808,167,9.03353918603134
Calicalicus madagascariensis,22809,167,1.36878947938347
Calicalicus madagascariensis,22815,167,0.273738447341442
Calicalicus madagascariensis,22816,167,0.364971116543174
Calicalicus madagascariensis,22819,167,0.364952150581956
Calicalicus madagascariensis,22853,167,1.55205922298586
Ceblepyris cinereus,1,1,31.6985197321722
Ceblepyris cinereus,55,11,29.8432117734118
Ceblepyris cinereus,20,8,0.812480411258936
Ceblepyris cinereus,21,8,16.6994855698657
Ceblepyris cinereus,56,8,1.17365293457222
Ceblepyris cinereus,3,3,30.0519651895546
Ceblepyris cinereus,4,3,59.8147369787795
Ceblepyris cinereus,5,3,3.58163395581061
Ceblepyris cinereus,6,3,29.9192284064497
Ceblepyris cinereus,7,3,30.088507919898
Ceblepyris cinereus,8,3,29.9898296926292
Ceblepyris cinereus,9,3,29.9758644450726
Ceblepyris cinereus,10,4,36.998334301019
Cheirogaleus crossleyi,122,26,3.10483766981149
Cheirogaleus crossleyi,124,26,36.0637816435398
Cheirogaleus crossleyi,219,43,59.0116196877248
Cheirogaleus crossleyi,530,75,30.9497681570648
Cheirogaleus crossleyi,61,12,59.0016026439666
Cheirogaleus crossleyi,62,13,39.4704589776066
Cheirogaleus crossleyi,691,13,29.9084357813471
Cheirogaleus crossleyi,63,14,56.8552570303113
Cheirogaleus crossleyi,692,102,42.6078296321598
Cheirogaleus crossleyi,94,21,46.8284286673691
Cheirogaleus crossleyi,693,21,27.3172305322795
Cheirogaleus crossleyi,690,103,15.0190583112476
Cheirogaleus crossleyi,696,103,0.1831612099756
Cheirogaleus crossleyi,694,104,16.1220631773574
Cheirogaleus crossleyi,106,24,59.3584008869
Cheirogaleus crossleyi,107,24,31.2682529843551
Cheirogaleus crossleyi,695,105,18.6644979069725
Cheirogaleus crossleyi,217,41,25.0953963141012
Cheirogaleus crossleyi,98,101,17.7585592271745
Cheirogaleus major,1774,39,30.5703971828511
Cheirogaleus major,14736,651,0.604549703200459
Cheirogaleus major,14747,651,0.777178853789091
Cheirogaleus major,14900,651,19.9515621485635
Cheirogaleus major,14896,652,27.2715936270507
Cheirogaleus major,14897,653,29.4123165165292
Cheirogaleus major,14898,654,29.3885406549345
Cheirogaleus major,14899,655,20.6592519148769
Cheirogaleus major,14894,656,6.56280253892302
Cheirogaleus major,15062,708,52.0931107730117
Cheirogaleus major,15049,709,31.1097970257607
Cheirogaleus major,15050,709,29.6010280215059
Cheirogaleus major,5218,662,0.812480411258936
Cheirogaleus major,14941,662,16.6994855698657
Cheirogaleus major,14944,662,0.180557963597178
Cheirogaleus major,15157,662,1.17365293457222
Cheirogaleus major,15017,705,59.0116196877182
Cheirogaleus major,15125,737,90.3937869662622
Cheirogaleus major,15095,726,26.6587824925889
Cheirogaleus major,15097,726,16.2380797407103
Cheirogaleus major,177,10,19.9337849990107
Cheirogaleus major,15096,10,199.713422927767
Cheirogaleus major,7,505,0.55664420881176
Cheirogaleus major,10,505,0.371099061261296
Cheirogaleus major,12,505,0.556625695955813
Cheirogaleus major,14,505,0.185535398295105
Cheirogaleus major,17,505,0.463806772104442
Cheirogaleus major,18,505,0.27827526928854
Cheirogaleus major,28,505,85.5074021732403
Cheirogaleus major,14794,505,56.8711675529887
Cheirogaleus major,925,527,2.11438066261589
Cheirogaleus major,928,527,0.643524707942724
Cheirogaleus major,972,527,0.459616383672059
Cheirogaleus major,982,527,0.183841973942041
Cheirogaleus major,983,527,0.183840828700006
Cheirogaleus major,991,527,0.643432019172192
Cheirogaleus major,996,527,0.275752651619673
Cheirogaleus major,1014,527,0.367655302864194
Cheirogaleus major,1115,527,0.643082380221069
Cheirogaleus major,1116,527,0.459349671094894
Cheirogaleus major,1117,527,1.8373651948179
Cheirogaleus major,1126,527,0.367459639964223
Cheirogaleus major,1136,527,0.183724619395971
Cheirogaleus major,1137,527,0.275586929093957
Cheirogaleus major,1143,527,1.46972063059181
Cheirogaleus major,1144,527,0.275577679304183
Cheirogaleus major,1193,527,0.367363554798603
Cheirogaleus major,1275,527,113.836939525746
Cheirogaleus major,1306,527,0.275443051051259
Cheirogaleus major,15167,527,35.3553316235078
Cheirogaleus major,15168,527,0.18370726844728
Cheirogaleus major,6864,618,58.113791807033
Cheirogaleus major,15203,618,0.360806249891043
Cheirogaleus major,11325,673,0.265972006814122
Cheirogaleus major,14977,673,88.5629699935415
Cheirogaleus major,15043,673,9.04229392746901
Cheirogaleus major,15206,673,1.41985175199318
Cheirogaleus major,15207,673,30.9497681570663
Cheirogaleus major,14975,682,51.6424033209818
Cheirogaleus major,15077,717,72.6841925792621
Cheirogaleus major,15093,724,31.2831288292474
Cheirogaleus major,802,725,0.4598808172791
Cheirogaleus major,15195,725,129.050501831876
Cheirogaleus major,3518,742,266.73838817703
Cheirogaleus major,15196,742,191.049731459298
Cheirogaleus major,15198,742,0.919496630983412
Cheirogaleus major,15199,742,6.25186649493641
Cheirogaleus major,15110,743,28.7773817194842
Cheirogaleus major,15147,743,19.4390238963762
Cheirogaleus major,15220,743,156.395880634442
Cheirogaleus major,15221,743,58.8448757092075
Cheirogaleus major,15131,744,180.351922799822
Cheirogaleus major,15178,745,229.563098744103
Cheirogaleus major,15180,745,49.838144357936
Cheirogaleus major,15181,745,1.19747486800289
Cheirogaleus major,15182,745,6.63162645037937
Cheirogaleus major,15187,745,1.74986507844645
Cheirogaleus major,15188,746,41.3466555927123
Cheirogaleus major,15189,747,18.9694426773024
Cheirogaleus major,15190,748,29.0935194916896
Cheirogaleus major,15191,748,1.19697195979625
Cheirogaleus major,15192,748,165.589230952063
Cheirogaleus major,15193,748,167.386348684994
Cheirogaleus major,15218,749,59.930225967488
Cheirogaleus major,15219,750,30.0885079199013
Cheirogaleus major,15222,751,129.022534146316
Cheirogaleus major,15223,751,0.1831612099756
Cheirogaleus major,15225,752,21.6030064475268
Cheirogaleus major,15226,752,47.86339402205
Cheirogaleus major,15078,733,18.6159244086656
Cheirogaleus major,15161,735,9.25207177810681
Cheirogaleus major,15111,736,59.3584008869
Cheirogaleus major,15215,736,31.2682529843574
Cheirogaleus major,15214,753,35.4042812702756
Cheirogaleus major,15130,738,104.451769868596
Cheirogaleus major,15216,738,26.7192827727436
Cheirogaleus major,15164,741,22.858108584332
Cheirogaleus major,15230,754,22.4907523126593
Cheirogaleus medius,20100,1437,68.4073900828574
Cheirogaleus medius,24125,2442,44.4928427752445
Cheirogaleus medius,24222,2459,3.75955498127008
Cheirogaleus medius,24291,2467,112.468627701651
Cheirogaleus medius,222,26,0.463597745714188
Cheirogaleus medius,241,26,0.0927073077802658
Cheirogaleus medius,291,26,43.2038186617044
Cheirogaleus medius,312,33,21.0334598369182
Cheirogaleus medius,319,33,0.0926675960290432
Cheirogaleus medius,340,33,0.0926606114119887
Cheirogaleus medius,501,52,0.370271373195231
Cheirogaleus medius,503,52,0.462834125284791
Cheirogaleus medius,506,52,0.0925668250995874
Cheirogaleus medius,508,52,43.0377824654073
Cheirogaleus medius,509,52,0.18513059458977
Cheirogaleus medius,519,52,1.48074673073471
Cheirogaleus medius,520,52,1.66577102635694
Cheirogaleus medius,522,52,0.277623898765862
Cheirogaleus medius,527,52,0.277610584835947
Cheirogaleus medius,529,52,0.0925361785190701
Cheirogaleus medius,24434,2484,26.7219759851387
Cheirogaleus medius,24454,2487,64.9869920614074
Cheirogaleus medius,24505,2491,36.3826787541578
Cheirogaleus medius,15044,2492,89.7882265229853
Cheirogaleus medius,11000,775,0.0905584602525234
Cheirogaleus medius,11064,775,0.0905447203236818
Cheirogaleus medius,11222,775,38.0240908844043
Cheirogaleus medius,11251,775,0.0905061372197867
Cheirogaleus medius,11270,775,3.07696966736627
Cheirogaleus medius,11275,775,0.723997986286044
Cheirogaleus medius,11319,775,0.361958205401897
Cheirogaleus medius,24531,775,0.452763459861636
Cheirogaleus medius,23134,1571,0.777178853789091
Cheirogaleus medius,24458,1571,0.604549703200817
Cheirogaleus medius,24602,1571,19.9515621485635
Cheirogaleus medius,23443,2496,29.4123165165292
Cheirogaleus medius,24600,2497,29.3885406549345
Cheirogaleus medius,24601,2498,20.6592519148769
Cheirogaleus medius,13577,949,0.0899370735929012
Cheirogaleus medius,13608,949,0.0899238860028982
Cheirogaleus medius,13611,949,0.449603298739433
Cheirogaleus medius,13612,949,0.359686745625973
Cheirogaleus medius,13622,949,0.0899194863940477
Cheirogaleus medius,13666,949,36.331879859746
Cheirogaleus medius,24533,949,0.0899312145228386
Cheirogaleus medius,24534,949,0.449634089967847
Cheirogaleus medius,24604,949,6.47518067736232
Cheirogaleus medius,21539,2439,46.5723968884147
Cheirogaleus medius,14697,2507,3.3134309653126
Cheirogaleus medius,24603,2507,17.1081231937802
Cheirogaleus medius,24076,2509,45.1360753508905
Cheirogaleus medius,13787,2298,52.2268727901955
Cheirogaleus medius,24638,2298,0.0899356091371775
Cheirogaleus medius,24639,2298,0.0899341444739103
Cheirogaleus medius,24640,2298,0.0899326796025038
Cheirogaleus medius,4255,338,0.0914152072403431
Cheirogaleus medius,4271,338,5.85033975470352
Cheirogaleus medius,4282,338,24.6792146248873
Cheirogaleus medius,4283,338,0.0914115014762879
Cheirogaleus medius,4347,338,2.65062070312488
Cheirogaleus medius,4355,338,0.0914028473147154
Cheirogaleus medius,4356,338,0.182805694629431
Cheirogaleus medius,4384,338,0.274192454328179
Cheirogaleus medius,4397,338,0.0913954212394953
Cheirogaleus medius,4405,338,0.0913941828228235
Cheirogaleus medius,24407,338,1.55373825480127
Cheirogaleus medius,4339,2510,1.0054375043211
Cheirogaleus medius,4379,2510,2.37624750380063
Cheirogaleus medius,4412,2510,0.182784649551272
Cheirogaleus medius,4428,2510,0.0913904663075209
Cheirogaleus medius,4434,2510,0.0913892270473242
Cheirogaleus medius,4435,2510,0.182778454094648
Cheirogaleus medius,4447,2510,7.67678403816092
Cheirogaleus medius,4545,2510,8.49783825707888
Cheirogaleus medius,4631,2510,0.274089461484194
Cheirogaleus medius,4643,2510,0.0913631538983583
Cheirogaleus medius,4695,2510,9.5018882179122
Cheirogaleus medius,4696,2510,4.567756926453
Cheirogaleus medius,4753,2510,0.0913494594436884
Cheirogaleus medius,23938,2510,0.0913643975844383
Cheirogaleus medius,24459,2510,0.456749789226413
Cheirogaleus medius,24653,129,16.2380797407103
Cheirogaleus medius,1479,138,11.0677904937422
Cheirogaleus medius,1484,138,43.8080324089263
Cheirogaleus medius,14658,2443,57.9536162531174
Cheirogaleus medius,24109,2443,21.5096479841157
Cheirogaleus medius,24645,2443,27.5139015001006
Cheirogaleus medius,216,25,4.63579200248468
Cheirogaleus medius,24663,25,0.463541480594814
Cheirogaleus medius,1658,156,1.19747486800301
Cheirogaleus medius,1662,156,0.368458156106472
Cheirogaleus medius,1663,156,4.97389831733626
Cheirogaleus medius,1664,156,4.23704192003936
Cheirogaleus medius,1666,156,19.8947032073931
Cheirogaleus medius,1682,156,1.93420808195144
Cheirogaleus medius,1695,156,2.39454998459649
Cheirogaleus medius,1712,156,1.74986507844645
Cheirogaleus medius,24664,156,6.63162645037937
Cheirogaleus medius,4961,355,18.2767366788028
Cheirogaleus medius,24665,355,13.2478972172724
Cheirogaleus medius,24667,355,12.4246882102063
Cheirogaleus medius,24668,355,0.0913581770466566
Cheirogaleus medius,145,2225,0.463806772104442
Cheirogaleus medius,152,2225,0.27827526928854
Cheirogaleus medius,171,2225,0.278243954662919
Cheirogaleus medius,204,2225,111.568243325615
Cheirogaleus medius,24658,2225,0.185499234954834
Cheirogaleus medius,24659,2225,0.0927417757584453
Cheirogaleus medius,24660,2225,0.0927211263144612
Cheirogaleus medius,22941,2365,118.305284790413
Cheirogaleus medius,24687,2365,0.347873258495212
Cheirogaleus medius,24688,2365,0.0869651048810482
Cheirogaleus medius,24689,2511,0.0868565272499323
Cheirogaleus medius,24690,2511,2.60537814308274
Cheirogaleus medius,15310,2444,455.304276357035
Cheirogaleus medius,24207,2456,20.4554532926385
Cheirogaleus medius,5270,2474,0.0912806047910452
Cheirogaleus medius,24670,2474,44.7196147776582
Cheirogaleus medius,5608,2512,164.087473873105
Cheirogaleus medius,5609,2512,0.0912402507441044
Cheirogaleus medius,5631,2512,0.364942030489683
Cheirogaleus medius,24494,2512,0.456175956650376
Cheirogaleus medius,24669,2512,0.0912831197600365
Cheirogaleus medius,24671,2512,0.0912768307586908
Cheirogaleus medius,24672,2512,0.0912755723267794
Cheirogaleus medius,24673,2512,1.36878947938347
Cheirogaleus medius,24674,2512,0.0912541467659473
Cheirogaleus medius,24676,2512,0.0912528845435381
Cheirogaleus medius,24678,2512,0.0912490966143608
Cheirogaleus medius,24679,2512,0.0912490966143608
Cheirogaleus medius,24680,2512,0.091247833550334
Cheirogaleus medius,24681,2512,0.273738447341442
Cheirogaleus medius,24682,2512,0.364971116543174
Cheirogaleus medius,24683,2512,0.0912402507441044
Cheirogaleus medius,24684,2512,0.0912389862062931
Cheirogaleus medius,24686,2512,0.0912377214585543
Cheirogaleus medius,24656,2513,2.73946711541033
Cheirogaleus medius,24657,2514,9.49246813121474
Cheirogaleus medius,24416,2478,9.30872783193505
Cheirogaleus medius,24516,2493,7.8043101934992
Cheirogaleus medius,24605,2505,58.113791807033
Cheirogaleus medius,24691,2505,0.0902044145538807
Cheirogaleus medius,24692,2505,0.0902044145538807
Cheirogaleus medius,24693,2505,0.360806249891043
Cheirogaleus medius,24694,2505,0.090200136197567
Cheirogaleus medius,24695,2505,0.0901872898641825
Cinnyris notatus,892,74,0.370271373195231
Cinnyris notatus,894,74,0.462834125284791
Cinnyris notatus,898,74,0.0925668250995874
Cinnyris notatus,900,74,43.0377824654073
Cinnyris notatus,901,74,0.18513059458977
Cinnyris notatus,936,74,1.48074673073471
Cinnyris notatus,939,74,1.66577102635694
Cinnyris notatus,943,74,0.277623898765862
Cinnyris notatus,947,74,0.277610584835947
Cinnyris notatus,950,74,0.0925361785190701
Cinnyris notatus,606,201,43.2675847418705
Cinnyris notatus,614,201,0.0926675960290432
Cinnyris notatus,648,201,0.0926606114119887
Cinnyris notatus,670,201,0.0926476122773886
Cinnyris notatus,681,201,0.0926436052986383
Cinnyris notatus,54872,202,44.4928427752445
Cinnyris notatus,483,199,0.463597745714188
Cinnyris notatus,505,199,0.0927073077802658
Cinnyris notatus,578,199,43.2038186617044
Cinnyris notatus,22813,58,0.0905584602525234
Cinnyris notatus,23012,58,0.0905447203236818
Cinnyris notatus,23490,58,38.0240908844043
Cinnyris notatus,23610,58,0.0905061372197867
Cinnyris notatus,23671,58,3.07696966736627
Cinnyris notatus,23686,58,0.723997986286044
Cinnyris notatus,23822,58,0.361958205401897
Cinnyris notatus,55228,58,0.452763459861636
Cinnyris notatus,54401,208,0.777178853789091
Cinnyris notatus,55118,208,0.604549703200817
Cinnyris notatus,55301,208,27.2715936270507
Cinnyris notatus,55302,208,29.4123165165292
Cinnyris notatus,55303,208,29.3885406549345
Cinnyris notatus,55304,208,20.6592519148769
Cinnyris notatus,55305,208,19.9515621485635
Cinnyris notatus,31978,205,0.0899370735929012
Cinnyris notatus,32151,205,0.0899238860028982
Cinnyris notatus,32173,205,0.449603298739433
Cinnyris notatus,32174,205,0.359686745625973
Cinnyris notatus,32218,205,0.0899194863940477
Cinnyris notatus,32388,205,36.331879859746
Cinnyris notatus,55229,205,0.0899312145228386
Cinnyris notatus,55230,205,0.449634089967847
Cinnyris notatus,55323,205,6.47518067736232
Cinnyris notatus,32843,83,52.2268727901955
Cinnyris notatus,55470,83,0.0899356091371775
Cinnyris notatus,55471,83,0.0899341444739103
Cinnyris notatus,55472,83,0.0899326796025038
Cinnyris notatus,55112,197,64.9869920614074
Cinnyris notatus,55492,230,52.0931107730117
Cinnyris notatus,55483,224,31.1097970257607
Cinnyris notatus,55484,224,29.6010280215059
Cinnyris notatus,55533,233,26.6587824925889
Cinnyris notatus,55535,233,16.2380797407103
Cinnyris notatus,11050,231,0.0914152072403431
Cinnyris notatus,11071,231,5.85033975470352
Cinnyris notatus,11080,231,24.6792146248873
Cinnyris notatus,11081,231,0.0914115014762879
Cinnyris notatus,11160,231,1.0054375043211
Cinnyris notatus,11171,231,2.65062070312488
Cinnyris notatus,11183,231,0.0914028473147154
Cinnyris notatus,11184,231,0.182805694629431
Cinnyris notatus,11225,231,2.37624750380063
Cinnyris notatus,11234,231,0.274192454328179
Cinnyris notatus,11259,231,0.0913954212394953
Cinnyris notatus,11273,231,0.0913941828228235
Cinnyris notatus,11284,231,0.182784649551272
Cinnyris notatus,11311,231,0.0913904663075209
Cinnyris notatus,11322,231,0.0913892270473242
Cinnyris notatus,11323,231,0.182778454094648
Cinnyris notatus,11341,231,7.67678403816092
Cinnyris notatus,11510,231,8.49783825707888
Cinnyris notatus,11638,231,0.274089461484194
Cinnyris notatus,11664,231,0.0913631538983583
Cinnyris notatus,11760,231,9.5018882179122
Cinnyris notatus,11761,231,4.567756926453
Cinnyris notatus,11863,231,0.0913494594436884
Cinnyris notatus,54730,231,0.0913643975844383
Cinnyris notatus,55066,231,1.55373825480127
Cinnyris notatus,55121,231,0.456749789226413
Cinnyris notatus,55563,236,90.3937869662622
Cinnyris notatus,310,130,0.55664420881176
Cinnyris notatus,326,130,0.371099061261296
Cinnyris notatus,331,130,0.556625695955813
Cinnyris notatus,348,130,0.185535398295105
Cinnyris notatus,359,130,0.463806772104442
Cinnyris notatus,374,130,0.27827526928854
Cinnyris notatus,407,130,0.278243954662919
Cinnyris notatus,453,130,111.568243325615
Cinnyris notatus,460,130,1.39092521476799
Cinnyris notatus,477,130,4.63579200248468
Cinnyris notatus,55070,130,56.8711675529887
Cinnyris notatus,55636,130,0.185499234954834
Cinnyris notatus,55637,130,0.0927417757584453
Cinnyris notatus,55638,130,0.0927211263144612
Cinnyris notatus,55639,130,0.0927270357510448
Cinnyris notatus,55640,130,0.370900267166376
Cinnyris notatus,55641,130,0.463541480594814
Cinnyris notatus,12297,155,18.2767366788028
Cinnyris notatus,55058,155,0.456764738324761
Cinnyris notatus,55656,155,13.2478972172724
Cinnyris notatus,55657,155,0.0913681273781061
Cinnyris notatus,55658,155,12.4246882102063
Cinnyris notatus,55659,155,0.0913581770466566
Cinnyris notatus,49523,180,20.4554532926385
Cinnyris notatus,1897,198,19.9337849990107
Cinnyris notatus,55534,198,199.713422927767
Cinnyris notatus,36304,207,21.5096479841157
Cinnyris notatus,36451,207,55.5362709867372
Cinnyris notatus,36727,207,3.3134309653126
Cinnyris notatus,37246,207,69.5634544487439
Cinnyris notatus,37807,207,275.76230163409
Cinnyris notatus,38761,207,15.7305049810951
Cinnyris notatus,39151,207,47.2671357335796
Cinnyris notatus,40026,207,21.0801634665238
Cinnyris notatus,55278,207,17.1081231937802
Cinnyris notatus,55282,207,0.447673652347684
Cinnyris notatus,55334,207,6.61121590080178
Cinnyris notatus,55478,207,27.5139015001006
Cinnyris notatus,55324,210,58.113791807033
Cinnyris notatus,55702,210,0.0902044145538807
Cinnyris notatus,55703,210,0.0902044145538807
Cinnyris notatus,55704,210,0.360806249891043
Cinnyris notatus,55705,210,0.090200136197567
Cinnyris notatus,55706,210,0.0901872898641825
Cinnyris notatus,27456,214,0.812480411258936
Cinnyris notatus,55361,214,16.6994855698657
Cinnyris notatus,55364,214,0.180557963597178
Cinnyris notatus,55398,214,51.6424033209818
Cinnyris notatus,55440,214,59.0116196877182
Cinnyris notatus,55627,214,1.17365293457222
Cinnyris notatus,45771,218,0.620648212959528
Cinnyris notatus,45809,218,0.265972006814122
Cinnyris notatus,45847,218,0.709200345668078
Cinnyris notatus,45886,218,0.177290677110672
Cinnyris notatus,55400,218,88.5629699935415
Cinnyris notatus,55401,218,0.177275942426443
Cinnyris notatus,55402,218,0.177274304782152
Cinnyris notatus,55466,218,9.04229392746901
Cinnyris notatus,55525,218,31.2831288292474
Cinnyris notatus,55707,218,1.41985175199318
Cinnyris notatus,55708,218,30.9497681570663
Cinnyris notatus,55709,218,0.531935836720109
Cinnyris notatus,55711,218,3.01150757306588
Cinnyris notatus,55712,218,0.0885780602414608
Cinnyris notatus,55713,218,0.0885764149888754
Cinnyris notatus,55714,218,0.0885747695316076
Cinnyris notatus,55715,218,0.0885731238677502
Cinnyris notatus,4830,232,0.643524707942724
Cinnyris notatus,4971,232,0.459616383672059
Cinnyris notatus,5014,232,0.183841973942041
Cinnyris notatus,5036,232,0.643432019172192
Cinnyris notatus,5053,232,0.275752651619673
Cinnyris notatus,5101,232,0.367655302864194
Cinnyris notatus,5141,232,1.56243208603442
Cinnyris notatus,5142,232,0.275729722221732
Cinnyris notatus,5194,232,0.275717098941624
Cinnyris notatus,5222,232,0.275709061498523
Cinnyris notatus,5233,232,0.459508593737543
Cinnyris notatus,5261,232,0.45949710468936
Cinnyris notatus,5262,232,1.1946710927344
Cinnyris notatus,5291,232,0.183794934333146
Cinnyris notatus,5306,232,50.551453219145
Cinnyris notatus,5315,232,3.21620605602419
Cinnyris notatus,5316,232,0.551364106284499
Cinnyris notatus,5342,232,1.10266377710527
Cinnyris notatus,5367,232,0.183781132994473
Cinnyris notatus,5368,232,0.367564567481756
Cinnyris notatus,5400,232,0.183777680330753
Cinnyris notatus,5413,232,0.551319225258708
Cinnyris notatus,5427,232,0.183773075227499
Cinnyris notatus,5440,232,1.10259928914046
Cinnyris notatus,5450,232,2.02137478975803
Cinnyris notatus,5451,232,0.826945434479237
Cinnyris notatus,5465,232,0.643170052255213
Cinnyris notatus,5478,232,0.183763859938979
Cinnyris notatus,5498,232,0.183761555059075
Cinnyris notatus,5499,232,1.65382056523675
Cinnyris notatus,5564,232,0.826825480994821
Cinnyris notatus,5636,232,0.459349671094894
Cinnyris notatus,5688,232,0.367459639964223
Cinnyris notatus,5725,232,0.183724619395971
Cinnyris notatus,5726,232,0.275586929093957
Cinnyris notatus,5751,232,1.46972063059181
Cinnyris notatus,5752,232,0.275577679304183
Cinnyris notatus,5971,232,0.367363554798603
Cinnyris notatus,6212,232,116.961786446988
Cinnyris notatus,6316,232,0.275443051051259
Cinnyris notatus,19058,232,266.73838817703
Cinnyris notatus,55548,232,28.7773817194842
Cinnyris notatus,55549,232,59.3584008869
Cinnyris notatus,55591,232,180.351922799822
Cinnyris notatus,55610,232,19.4390238963762
Cinnyris notatus,55635,232,22.858108584332
Cinnyris notatus,55642,232,1.10266607838708
Cinnyris notatus,55643,232,9.73881683759956
Cinnyris notatus,55644,232,1.01060090259051
Cinnyris notatus,55645,232,0.275615805294395
Cinnyris notatus,55646,232,35.3553316235078
Cinnyris notatus,55647,232,0.18370726844728
Cinnyris notatus,55648,232,0.183688734582305
Cinnyris notatus,55649,232,0.0918426282598972
Cinnyris notatus,55650,232,0.0918368279622793
Cinnyris notatus,55651,232,0.0918368279622793
Cinnyris notatus,55652,232,0.091829860622406
Cinnyris notatus,55653,232,0.091829860622406
Cinnyris notatus,55654,232,0.0918124089481831
Cinnyris notatus,55655,232,0.0918112438106537
Cinnyris notatus,55678,232,1.38241570732784
Cinnyris notatus,55679,232,229.563098744103
Cinnyris notatus,55680,232,3.22509111988759
Cinnyris notatus,55681,232,49.838144357936
Cinnyris notatus,55682,232,1.19747486800289
Cinnyris notatus,55683,232,6.63162645037937
Cinnyris notatus,55684,232,0.18421854041934
Cinnyris notatus,55685,232,0.0921081603600383
Cinnyris notatus,55686,232,0.0921070502984524
Cinnyris notatus,55687,232,0.0921059400245547
Cinnyris notatus,55688,232,1.74986507844645
Cinnyris notatus,55689,232,41.3466555927123
Cinnyris notatus,55690,232,18.9694426773024
Cinnyris notatus,55691,232,29.0935194916896
Cinnyris notatus,55692,232,1.19697195979625
Cinnyris notatus,55693,232,165.589230952063
Cinnyris notatus,55694,232,167.386348684994
Cinnyris notatus,55695,232,0.184096948427022
Cinnyris notatus,55696,232,142.937192083356
Cinnyris notatus,55697,232,191.049731459298
Cinnyris notatus,55698,232,0.0919609370105267
Cinnyris notatus,55699,232,0.919496630983412
Cinnyris notatus,55700,232,6.25186649493641
Cinnyris notatus,55701,232,1.37902412587363
Cinnyris notatus,55716,232,35.4042812702756
Cinnyris notatus,55717,232,31.2682529843574
Cinnyris notatus,55720,232,59.930225967488
Cinnyris notatus,55721,232,30.0885079199013
Cinnyris notatus,55722,232,156.395880634442
Cinnyris notatus,55723,232,58.8448757092075
Cinnyris notatus,55724,232,129.022534146316
Cinnyris notatus,55725,232,0.1831612099756
Cinnyris notatus,55726,232,0.0915509860725999
Cinnyris notatus,55727,232,21.6030064475268
Cinnyris notatus,55728,232,47.86339402205
Cinnyris notatus,55730,232,1.18887316902965
Cinnyris notatus,55731,232,0.365803726961494
Cinnyris notatus,55732,232,0.0914460148120522
Cinnyris notatus,55733,232,22.4907523126593
Cinnyris notatus,55734,232,0.0914213792976141
Cinnyris notatus,55735,232,0.91402228653884
Cinnyris notatus,55590,239,104.451769868596
Cinnyris notatus,55718,239,26.7192827727436
Cinnyris notatus,55719,239,0.09175506845963
Cinnyris notatus,55607,240,18.6159244086656
Cinnyris notatus,55611,240,20.4450502154253
Cinnyris notatus,55729,240,0.0916615525497198
Cinnyris notatus,55631,237,72.6841925792621
Cinnyris notatus,55632,237,9.25207177810681
Cinnyris notatus,12874,238,0.0912806047910452
Cinnyris notatus,13362,238,164.087473873105
Cinnyris notatus,13363,238,0.0912402507441044
Cinnyris notatus,13395,238,0.364942030489683
Cinnyris notatus,13413,238,0.456175956650972
Cinnyris notatus,55498,238,2.73946711541033
Cinnyris notatus,55526,238,9.49246813121474
Cinnyris notatus,55660,238,0.0912831197600365
Cinnyris notatus,55661,238,44.7196147776582
Cinnyris notatus,55662,238,0.0912768307586908
Cinnyris notatus,55663,238,0.0912755723267794
Cinnyris notatus,55664,238,1.36878947938347
Cinnyris notatus,55665,238,0.0912541467659473
Cinnyris notatus,55666,238,1.1862571950016
Cinnyris notatus,55667,238,0.0912528845435381
Cinnyris notatus,55668,238,0.273757391198039
Cinnyris notatus,55669,238,0.0912490966143608
Cinnyris notatus,55670,238,0.0912490966143608
Cinnyris notatus,55671,238,0.091247833550334
Cinnyris notatus,55672,238,0.273738447341442
Cinnyris notatus,55673,238,0.364971116543174
Cinnyris notatus,55674,238,0.0912402507441044
Cinnyris notatus,55675,238,0.0912389862062931
Cinnyris notatus,55676,238,0.364952150581956
Cinnyris notatus,55677,238,0.0912377214585543
Cinnyris notatus,55710,238,1.55205922298586
Copsychus albospecularis,9513,25,29.3885406549345
Copsychus albospecularis,9514,25,20.6592519148769
Copsychus albospecularis,9643,41,52.0931107730117
Copsychus albospecularis,9638,38,31.1097970257607
Copsychus albospecularis,9639,38,29.6010280215059
Copsychus albospecularis,9712,45,90.3937869662622
Copsychus albospecularis,5,1,61.483940488416
Copsychus albospecularis,9469,1,26.7219759851387
Copsychus albospecularis,95,3,19.9337849990107
Copsychus albospecularis,9684,3,199.713422927767
Copsychus albospecularis,3194,29,0.812480411258936
Copsychus albospecularis,9542,29,16.6994855698657
Copsychus albospecularis,9564,29,51.6424033209818
Copsychus albospecularis,9603,29,59.0116196877182
Copsychus albospecularis,9749,29,1.17365293457222
Copsychus albospecularis,7065,32,0.620648212959528
Copsychus albospecularis,7072,32,0.265972006814122
Copsychus albospecularis,7087,32,0.709200345668078
Copsychus albospecularis,9579,32,88.5629699935415
Copsychus albospecularis,9629,32,9.04229392746901
Copsychus albospecularis,9681,32,31.2831288292474
Copsychus albospecularis,9790,32,1.41985175199318
Copsychus albospecularis,9791,32,30.9497681570663
Copsychus albospecularis,9792,32,0.531935836720109
Copsychus albospecularis,9793,32,3.01150757306588
Copsychus albospecularis,293,42,1.74986507844758
Copsychus albospecularis,1923,42,266.73838817703
Copsychus albospecularis,9697,42,28.7773817194842
Copsychus albospecularis,9698,42,59.3584008869
Copsychus albospecularis,9718,42,180.351922799822
Copsychus albospecularis,9737,42,19.4390238963762
Copsychus albospecularis,9756,42,22.858108584332
Copsychus albospecularis,9767,42,1.38241570732784
Copsychus albospecularis,9768,42,229.563098744103
Copsychus albospecularis,9769,42,3.22509111988759
Copsychus albospecularis,9770,42,49.838144357936
Copsychus albospecularis,9771,42,1.19747486800289
Copsychus albospecularis,9772,42,6.63162645037937
Copsychus albospecularis,9777,42,41.3466555927123
Copsychus albospecularis,9778,42,18.9694426773024
Copsychus albospecularis,9779,42,29.0935194916896
Copsychus albospecularis,9780,42,1.19697195979625
Copsychus albospecularis,9781,42,165.589230952063
Copsychus albospecularis,9782,42,167.386348684994
Copsychus albospecularis,9784,42,107.525429881922
Copsychus albospecularis,9785,42,191.049731459298
Copsychus albospecularis,9787,42,0.919496630983412
Copsychus albospecularis,9788,42,6.25186649493641
Copsychus albospecularis,9789,42,1.37902412587363
Copsychus albospecularis,9798,42,35.4042812702756
Copsychus albospecularis,9799,42,31.2682529843574
Copsychus albospecularis,9802,42,59.930225967488
Copsychus albospecularis,9803,42,30.0885079199013
Copsychus albospecularis,9804,42,156.395880634442
Copsychus albospecularis,9805,42,58.8448757092075
Copsychus albospecularis,9806,42,129.022534146316
Copsychus albospecularis,9809,42,21.6030064475268
Copsychus albospecularis,9810,42,47.86339402205
Copsychus albospecularis,9812,42,1.18887316902965
Copsychus albospecularis,9813,42,0.365803726961494
Copsychus albospecularis,9815,42,22.4907523126593
Copsychus albospecularis,9817,42,0.91402228653884
Copsychus albospecularis,497,46,1.65325307838088
Copsychus albospecularis,508,46,0.367363554798603
Copsychus albospecularis,551,46,106.850808508956
Copsychus albospecularis,564,46,0.275443051051259
Copsychus albospecularis,9758,46,30.0279563443614
Copsychus albospecularis,9654,47,72.6841925792621
Copsychus albospecularis,9753,47,9.25207177810681
Copsychus albospecularis,9717,48,104.451769868596
Copsychus albospecularis,9734,48,18.6159244086656
Copsychus albospecularis,9738,48,20.4450502154253
Copsychus albospecularis,9800,48,26.7192827727436
Coracopsis nigra,7654,17,64.9869920614074
Coracopsis nigra,7412,20,44.4928427752445
Coracopsis nigra,7843,20,27.2715936270507
Coracopsis nigra,7844,20,29.4123165165292
Coracopsis nigra,7845,20,29.3885406549345
Coracopsis nigra,7846,20,20.6592519148769
Coracopsis nigra,7847,20,19.9515621485635
Coracopsis nigra,3674,12,36.331879859746
Coracopsis nigra,3717,12,52.2268727901955
Coracopsis nigra,7865,12,6.47518067736232
Coracopsis nigra,8072,27,52.0931107730117
Coracopsis nigra,8030,22,31.1097970257607
Coracopsis nigra,8031,22,29.6010280215059
Coracopsis nigra,65,1,111.568243325615
Coracopsis nigra,66,1,1.39092521476799
Coracopsis nigra,68,1,4.63579200248468
Coracopsis nigra,91,1,43.2675847418705
Coracopsis nigra,7612,1,56.8711675529887
Coracopsis nigra,6415,9,1.39385740344095
Coracopsis nigra,6420,9,118.07824027994
Coracopsis nigra,6627,9,1.47393099119139
Coracopsis nigra,6654,9,11.0948326900705
Coracopsis nigra,6823,9,76.7416103015004
Coracopsis nigra,7256,9,1.13414415884197
Coracopsis nigra,7257,9,252.488372282977
Coracopsis nigra,7301,9,45.1360753508905
Coracopsis nigra,7595,9,9.30872783193505
Coracopsis nigra,7731,9,25.3907382257994
Coracopsis nigra,8258,9,2.60537814308274
Coracopsis nigra,1545,16,2.46812535342741
Coracopsis nigra,1551,16,16.0871950112846
Coracopsis nigra,1569,16,1.18809712456632
Coracopsis nigra,1577,16,4.38649564416385
Coracopsis nigra,1605,16,8.86332816260099
Coracopsis nigra,1625,16,9.5018882179122
Coracopsis nigra,1626,16,4.567756926453
Coracopsis nigra,1840,16,132.698523018805
Coracopsis nigra,7684,16,9.49246813121474
Coracopsis nigra,8078,16,2.73946711541033
Coracopsis nigra,8080,16,19.5265911838999
Coracopsis nigra,8267,16,1.55205922298586
Coracopsis nigra,8268,16,9.03353918603134
Coracopsis nigra,361,18,19.9337849990107
Coracopsis nigra,786,18,1.56243208603442
Coracopsis nigra,803,18,1.1946710927344
Coracopsis nigra,811,18,50.551453219145
Coracopsis nigra,813,18,3.21620605602419
Coracopsis nigra,816,18,1.10266377710527
Coracopsis nigra,827,18,1.10259928914046
Coracopsis nigra,829,18,2.02137478975803
Coracopsis nigra,832,18,1.65382056523675
Coracopsis nigra,863,18,1.46972063059181
Coracopsis nigra,915,18,116.961786446988
Coracopsis nigra,2388,18,266.73838817703
Coracopsis nigra,8109,18,26.6587824925889
Coracopsis nigra,8110,18,199.713422927767
Coracopsis nigra,8111,18,16.2380797407103
Coracopsis nigra,8124,18,28.7773817194842
Coracopsis nigra,8125,18,59.3584008869
Coracopsis nigra,8139,18,90.3937869662622
Coracopsis nigra,8165,18,104.451769868596
Coracopsis nigra,8166,18,180.351922799822
Coracopsis nigra,8182,18,18.6159244086656
Coracopsis nigra,8185,18,19.4390238963762
Coracopsis nigra,8186,18,20.4450502154253
Coracopsis nigra,8205,18,72.6841925792621
Coracopsis nigra,8206,18,9.25207177810681
Coracopsis nigra,8209,18,22.858108584332
Coracopsis nigra,8216,18,1.10266607838708
Coracopsis nigra,8217,18,9.73881683759956
Coracopsis nigra,8218,18,1.01060090259051
Coracopsis nigra,8220,18,35.3553316235078
Coracopsis nigra,8233,18,1.38241570732784
Coracopsis nigra,8234,18,229.563098744103
Coracopsis nigra,8235,18,3.22509111988759
Coracopsis nigra,8236,18,49.838144357936
Coracopsis nigra,8237,18,1.19747486800289
Coracopsis nigra,8238,18,6.63162645037937
Coracopsis nigra,8243,18,1.74986507844645
Coracopsis nigra,8244,18,41.3466555927123
Coracopsis nigra,8245,18,18.9694426773024
Coracopsis nigra,8246,18,29.0935194916896
Coracopsis nigra,8247,18,1.19697195979625
Coracopsis nigra,8248,18,165.589230952063
Coracopsis nigra,8249,18,167.386348684994
Coracopsis nigra,8251,18,142.937192083356
Coracopsis nigra,8252,18,191.049731459298
Coracopsis nigra,8255,18,6.25186649493641
Coracopsis nigra,8256,18,1.37902412587363
Coracopsis nigra,8274,18,35.4042812702756
Coracopsis nigra,8275,18,31.2682529843574
Coracopsis nigra,8276,18,26.7192827727436
Coracopsis nigra,8278,18,59.930225967488
Coracopsis nigra,8279,18,30.0885079199013
Coracopsis nigra,8280,18,156.395880634442
Coracopsis nigra,8281,18,58.8448757092075
Coracopsis nigra,8282,18,129.022534146316
Coracopsis nigra,8285,18,21.6030064475268
Coracopsis nigra,8286,18,47.86339402205
Coracopsis nigra,8288,18,1.18887316902965
Coracopsis nigra,8291,18,22.4907523126593
Coracopsis nigra,6232,19,46.5723968884147
Coracopsis nigra,7408,19,20.4554532926385
Coracopsis nigra,7409,19,48.408552922966
Coracopsis nigra,7611,19,22.0549396073767
Coracopsis nigra,7729,19,36.3826787541578
Coracopsis nigra,7744,19,7.8043101934992
Coracopsis nigra,7866,21,58.113791807033
Coracopsis nigra,7948,25,88.5629699935415
Coracopsis nigra,8014,25,9.04229392746901
Coracopsis nigra,8107,25,31.2831288292474
Coracopsis nigra,8264,25,1.41985175199318
Coracopsis nigra,8265,25,30.9497681570663
Coracopsis nigra,8269,25,3.01150757306588
Coracopsis nigra,4171,28,21.5096479841157
Coracopsis nigra,4190,28,55.5362709867372
Coracopsis nigra,4226,28,3.3134309653126
Coracopsis nigra,4302,28,69.5634544487439
Coracopsis nigra,4771,28,435.982053556563
Coracopsis nigra,7822,28,17.1081231937802
Coracopsis nigra,8025,28,27.5139015001006
Coracopsis nigra,7910,29,16.6994855698657
Coracopsis nigra,7946,29,51.6424033209818
Coracopsis nigra,7988,29,59.0116196877182
Coracopsis nigra,8200,29,1.17365293457222
Corythornis madagascariensis,4898,25,27.2715936270507
Corythornis madagascariensis,4899,25,29.4123165165292
Corythornis madagascariensis,4900,25,29.3885406549345
Corythornis madagascariensis,4901,25,20.6592519148769
Corythornis madagascariensis,4902,25,19.9515621485635
Corythornis madagascariensis,36,1,111.568243325615
Corythornis madagascariensis,37,1,1.39092521476799
Corythornis madagascariensis,39,1,4.63579200248468
Corythornis madagascariensis,84,1,43.4528749465152
Corythornis madagascariensis,4689,1,56.8711675529887
Corythornis madagascariensis,1183,21,24.6792146248873
Corythornis madagascariensis,1193,21,2.83342021114933
Corythornis madagascariensis,1206,21,4.38649564416385
Corythornis madagascariensis,1211,21,8.86332816260099
Corythornis madagascariensis,1253,21,9.5018882179122
Corythornis madagascariensis,1254,21,4.567756926453
Corythornis madagascariensis,1393,21,164.087473873105
Corythornis madagascariensis,4510,21,2.46812535342705
Corythornis madagascariensis,4758,21,9.49246813121474
Corythornis madagascariensis,5074,21,2.73946711541033
Corythornis madagascariensis,5226,21,9.03353918603134
Corythornis madagascariensis,5266,21,1.55205922298586
Corythornis madagascariensis,277,22,19.9337849990107
Corythornis madagascariensis,5102,22,26.6587824925889
Corythornis madagascariensis,5103,22,199.713422927767
Corythornis madagascariensis,5104,22,16.2380797407103
Corythornis madagascariensis,585,34,1.56243208603442
Corythornis madagascariensis,601,34,50.551453219145
Corythornis madagascariensis,602,34,3.21620605602419
Corythornis madagascariensis,615,34,2.02137478975803
Corythornis madagascariensis,617,34,1.65382056523675
Corythornis madagascariensis,641,34,1.46972063059181
Corythornis madagascariensis,683,34,116.961786446988
Corythornis madagascariensis,1733,34,266.73838817703
Corythornis madagascariensis,5117,34,28.7773817194842
Corythornis madagascariensis,5118,34,59.3584008869
Corythornis madagascariensis,5156,34,104.451769868596
Corythornis madagascariensis,5157,34,180.351922799822
Corythornis madagascariensis,5173,34,18.6159244086656
Corythornis madagascariensis,5176,34,19.4390238963762
Corythornis madagascariensis,5177,34,20.4450502154253
Corythornis madagascariensis,5198,34,72.6841925792621
Corythornis madagascariensis,5199,34,9.25207177810681
Corythornis madagascariensis,5202,34,22.858108584332
Corythornis madagascariensis,5210,34,9.73881683759956
Corythornis madagascariensis,5213,34,35.3553316235078
Corythornis madagascariensis,5239,34,1.38241570732784
Corythornis madagascariensis,5240,34,229.563098744103
Corythornis madagascariensis,5241,34,3.22509111988759
Corythornis madagascariensis,5242,34,49.838144357936
Corythornis madagascariensis,5244,34,6.63162645037937
Corythornis madagascariensis,5249,34,1.74986507844645
Corythornis madagascariensis,5250,34,41.3466555927123
Corythornis madagascariensis,5251,34,18.9694426773024
Corythornis madagascariensis,5252,34,29.0935194916896
Corythornis madagascariensis,5254,34,165.589230952063
Corythornis madagascariensis,5255,34,167.386348684994
Corythornis madagascariensis,5257,34,142.937192083356
Corythornis madagascariensis,5258,34,191.049731459298
Corythornis madagascariensis,5261,34,6.25186649493641
Corythornis madagascariensis,5262,34,1.37902412587363
Corythornis madagascariensis,5272,34,35.4042812702756
Corythornis madagascariensis,5273,34,31.2682529843574
Corythornis madagascariensis,5274,34,26.7192827727436
Corythornis madagascariensis,5276,34,59.930225967488
Corythornis madagascariensis,5277,34,30.0885079199013
Corythornis madagascariensis,5278,34,156.395880634442
Corythornis madagascariensis,5279,34,58.8448757092075
Corythornis madagascariensis,5280,34,129.022534146316
Corythornis madagascariensis,5283,34,21.6030064475268
Corythornis madagascariensis,5284,34,47.86339402205
Corythornis madagascariensis,5289,34,22.4907523126593
Corythornis madagascariensis,5132,35,90.3937869662622
Corythornis madagascariensis,2862,24,27.5139015001006
Corythornis madagascariensis,2877,24,41.0293049223326
Corythornis madagascariensis,2892,24,40.9179544183666
Corythornis madagascariensis,2900,24,3.3134309653126
Corythornis madagascariensis,3041,24,224.327087229931
Corythornis madagascariensis,4882,24,13.8841261984153
Corythornis madagascariensis,5059,24,5.19750467449212
Corythornis madagascariensis,4989,32,88.5629699935415
Corythornis madagascariensis,5055,32,9.04229392746901
Corythornis madagascariensis,5100,32,31.2831288292474
Corythornis madagascariensis,5263,32,1.41985175199318
Corythornis madagascariensis,5264,32,30.9497681570663
Corythornis madagascariensis,5267,32,3.01150757306588
Corythornis madagascariensis,4951,33,16.6994855698657
Corythornis madagascariensis,4987,33,51.6424033209818
Corythornis madagascariensis,5029,33,59.0116196877182
Coua caerulea,10,2,144.745364537385
Coua caerulea,25,2,6.06658234187227
Coua caerulea,121,2,266.73838817703
Coua caerulea,988,2,26.6587824925889
Coua caerulea,989,2,16.2380797407103
Coua caerulea,1003,2,28.7773817194842
Coua caerulea,1004,2,59.3584008869
Coua caerulea,1018,2,90.3937869662622
Coua caerulea,1020,2,104.451769868596
Coua caerulea,1021,2,180.351922799822
Coua caerulea,1037,2,18.6159244086656
Coua caerulea,1040,2,19.4390238963762
Coua caerulea,1041,2,20.4450502154253
Coua caerulea,1050,2,72.6841925792621
Coua caerulea,1051,2,9.25207177810681
Coua caerulea,1055,2,22.858108584332
Coua caerulea,1056,2,20.6591479170306
Coua caerulea,1057,2,205.339637470163
Coua caerulea,1058,2,3.22509111988759
Coua caerulea,1059,2,40.2587459644549
Coua caerulea,1065,2,41.3466555927123
Coua caerulea,1066,2,18.9694426773024
Coua caerulea,1067,2,29.0935194916896
Coua caerulea,1068,2,165.589230952063
Coua caerulea,1069,2,167.386348684994
Coua caerulea,1071,2,30.1778725338509
Coua caerulea,1072,2,191.049731459298
Coua caerulea,1073,2,13.9784614762996
Coua caerulea,1076,2,6.25186649493641
Coua caerulea,1081,2,35.4042812702756
Coua caerulea,1082,2,31.2682529843574
Coua caerulea,1083,2,26.7192827727436
Coua caerulea,1085,2,59.930225967488
Coua caerulea,1086,2,30.0885079199013
Coua caerulea,1087,2,156.395880634442
Coua caerulea,1088,2,58.8448757092075
Coua caerulea,1089,2,129.022534146316
Coua caerulea,1092,2,21.6030064475268
Coua caerulea,1093,2,47.86339402205
Coua caerulea,1098,2,22.4907523126593
Coua caerulea,939,8,88.5629699935415
Coua caerulea,960,8,9.04229392746901
Coua caerulea,986,8,31.2831288292474
Coua caerulea,1078,8,30.9497681570663
Coua caerulea,1080,8,3.01150757306588
Coua coquereli,2201,4,68.4073900828574
Coua coquereli,2586,11,64.9869920614074
Coua coquereli,1489,8,36.331879859746
Coua coquereli,1510,8,52.2268727901955
Coua coquereli,2685,8,6.47518067736232
Coua coquereli,2018,9,2.73910567240655
Coua coquereli,2066,9,244.188758729789
Coua coquereli,2713,9,15.0236706233649
Coua coquereli,2752,9,48.8993296746043
Coua coquereli,436,13,5.85033975470352
Coua coquereli,438,13,24.6792146248873
Coua coquereli,446,13,2.83342021114933
Coua coquereli,452,13,2.37624750380063
Coua coquereli,461,13,7.67678403816092
Coua coquereli,465,13,8.86332816260099
Coua coquereli,498,13,9.5018882179122
Coua coquereli,499,13,4.567756926453
Coua coquereli,625,13,164.087473873105
Coua coquereli,2579,13,1.55373825480127
Coua coquereli,2725,13,2.73946711541033
Coua coquereli,2726,13,9.49246813121474
Coua coquereli,2728,13,44.7196147776582
Coua coquereli,2731,13,1.36878947938347
Coua coquereli,2756,13,1.55205922298586
Coua coquereli,1595,16,57.9536162531174
Coua coquereli,1600,16,3.3134309653126
Coua coquereli,1640,16,89.7882265229853
Coua coquereli,1674,16,455.304276357035
Coua coquereli,2371,16,21.5096479841157
Coua coquereli,2435,16,3.75955498127008
Coua coquereli,2684,16,17.1081231937802
Coua coquereli,2724,16,27.5139015001006
Coua cristata,4572,19,64.9869920614074
Coua cristata,4337,22,44.4928427752445
Coua cristata,4728,22,27.2715936270507
Coua cristata,4729,22,29.4123165165292
Coua cristata,4730,22,29.3885406549345
Coua cristata,4731,22,20.6592519148769
Coua cristata,4732,22,19.9515621485635
Coua cristata,51,1,111.568243325615
Coua cristata,52,1,1.39092521476799
Coua cristata,54,1,4.63579200248468
Coua cristata,105,1,43.4528749465152
Coua cristata,4547,1,56.8711675529887
Coua cristata,3418,13,19.2725371855396
Coua cristata,3633,13,76.4973862589936
Coua cristata,3768,13,46.5723968884147
Coua cristata,4334,13,20.6310542039179
Coua cristata,4434,13,18.6823267181581
Coua cristata,4436,13,13.0307413413469
Coua cristata,4437,13,3.87195306908155
Coua cristata,4438,13,6.06907414019537
Coua cristata,4641,13,36.3826787541578
Coua cristata,4646,13,7.8043101934992
Coua cristata,4648,13,9.25706128804803
Coua cristata,4651,13,4.31856011909986
Coua cristata,4791,13,13.6981519947698
Coua cristata,328,18,19.9337849990107
Coua cristata,674,18,1.56243208603442
Coua cristata,683,18,1.1946710927344
Coua cristata,688,18,50.551453219145
Coua cristata,689,18,3.21620605602419
Coua cristata,692,18,1.10266377710527
Coua cristata,701,18,1.10259928914046
Coua cristata,703,18,2.02137478975803
Coua cristata,706,18,1.65382056523675
Coua cristata,733,18,1.46972063059181
Coua cristata,769,18,116.961786446988
Coua cristata,1692,18,266.73838817703
Coua cristata,4969,18,26.6587824925889
Coua cristata,4970,18,199.713422927767
Coua cristata,4971,18,16.2380797407103
Coua cristata,4983,18,28.7773817194842
Coua cristata,4984,18,59.3584008869
Coua cristata,4998,18,90.3937869662622
Coua cristata,5003,18,104.451769868596
Coua cristata,5004,18,59.930225967488
Coua cristata,5020,18,18.6159244086656
Coua cristata,5023,18,19.4390238963762
Coua cristata,5024,18,20.4450502154253
Coua cristata,5027,18,76.8042931124407
Coua cristata,5029,18,180.351922799822
Coua cristata,5030,18,129.022534146316
Coua cristata,5031,18,24.0690321273829
Coua cristata,5046,18,72.6841925792621
Coua cristata,5047,18,9.25207177810681
Coua cristata,5056,18,22.858108584332
Coua cristata,5063,18,1.10266607838708
Coua cristata,5064,18,9.73881683759956
Coua cristata,5067,18,35.3553316235078
Coua cristata,5077,18,1.38241570732784
Coua cristata,5078,18,229.563098744103
Coua cristata,5079,18,3.22509111988759
Coua cristata,5080,18,49.838144357936
Coua cristata,5081,18,1.19747486800289
Coua cristata,5082,18,6.63162645037937
Coua cristata,5087,18,1.74986507844645
Coua cristata,5088,18,41.3466555927123
Coua cristata,5089,18,18.9694426773024
Coua cristata,5090,18,29.0935194916896
Coua cristata,5091,18,1.19697195979625
Coua cristata,5092,18,165.589230952063
Coua cristata,5093,18,167.386348684994
Coua cristata,5095,18,142.937192083356
Coua cristata,5096,18,191.049731459298
Coua cristata,5099,18,6.25186649493641
Coua cristata,5100,18,1.37902412587363
Coua cristata,5108,18,35.4042812702756
Coua cristata,5109,18,31.2682529843574
Coua cristata,5110,18,26.7192827727436
Coua cristata,5112,18,30.0885079199013
Coua cristata,5113,18,46.8646019734076
Coua cristata,5115,18,58.8448757092075
Coua cristata,5118,18,1.18887316902965
Coua cristata,5121,18,22.4907523126593
Coua cristata,3979,21,12.0483039035151
Coua cristata,4028,21,440.837213623637
Coua cristata,4274,21,17.8876522784661
Coua cristata,4281,21,45.1360753508905
Coua cristata,4319,21,40.4132903612613
Coua cristata,5102,21,2.60537814308274
Coua cristata,4749,24,58.113791807033
Coua cristata,4838,31,51.6424033209818
Coua cristata,4874,31,59.0116196877182
Coua cristata,2712,32,21.5096479841157
Coua cristata,2723,32,55.5362709867372
Coua cristata,2739,32,3.3134309653126
Coua cristata,2777,32,69.5634544487439
Coua cristata,2926,32,435.982053556563
Coua cristata,4711,32,17.1081231937802
Coua cristata,4899,32,27.5139015001006
Coua cursor,88,3,13.1672804516124
Coua cursor,136,3,244.188758729789
Coua cursor,506,3,29.0032743569901
Coua cursor,512,3,20.6310542039179
Coua cursor,547,3,13.0307413413469
Coua cursor,548,3,3.87195306908155
Coua cursor,549,3,6.06907414019537
Coua cursor,565,3,7.8043101934992
Coua cursor,575,3,9.25706128804803
Coua cursor,578,3,4.31856011909986
Coua cursor,590,3,15.0236706233649
Coua cursor,598,3,128.593216990634
Coua cursor,172,5,46.5723968884147
Coua cursor,550,5,112.468627701651
Coua cursor,557,5,36.3826787541578
Coua cursor,211,4,9.79969941269683
Coua cursor,222,4,12.0483039035151
Coua cursor,286,4,118.305284790413
Coua cursor,455,4,17.8876522784661
Coua cursor,462,4,45.1360753508905
Coua cursor,489,4,404.756209581385
Coua cursor,555,4,9.30872783193505
Coua cursor,605,4,2.60537814308274
Coua gigas,159,3,5.85033975470436
Coua gigas,160,3,16.0871950112846
Coua gigas,168,3,4.38649564416385
Coua gigas,169,3,8.86332816260146
Coua gigas,180,3,9.5018882179122
Coua gigas,181,3,4.567756926453
Coua gigas,228,3,121.916202613642
Coua gigas,1473,3,9.49246813121474
Coua gigas,1474,3,44.7196147776582
Coua gigas,540,4,36.331879859746
Coua gigas,547,4,52.2268727901955
Coua gigas,578,4,57.9536162531174
Coua gigas,580,4,3.3134309653126
Coua gigas,591,4,89.7882265229853
Coua gigas,606,4,455.304276357035
Coua gigas,1059,4,21.5096479841157
Coua gigas,1127,4,3.75955498127008
Coua gigas,1423,4,17.1081231937802
Coua gigas,1424,4,6.47518067736232
Coua gigas,1465,4,27.5139015001006
Coua gigas,784,5,13.1672804516124
Coua gigas,872,5,126.208445257514
Coua gigas,933,5,46.5723968884147
Coua gigas,964,5,118.305284790413
Coua gigas,1004,5,17.8876522784661
Coua gigas,1046,5,45.1360753508905
Coua gigas,1050,5,401.025611812862
Coua gigas,1107,5,29.0032743569901
Coua gigas,1112,5,20.6310542039179
Coua gigas,1158,5,200.300658868583
Coua gigas,1169,5,13.0307413413469
Coua gigas,1170,5,3.87195306908155
Coua gigas,1171,5,6.06907414019537
Coua gigas,1172,5,112.468627701651
Coua gigas,1270,5,9.30872783193505
Coua gigas,1333,5,36.3826787541578
Coua gigas,1341,5,7.8043101934992
Coua gigas,1351,5,9.25706128804803
Coua gigas,1354,5,4.31856011909986
Coua gigas,1452,5,15.0236706233649
Coua reynaudii,21,2,38.0976185701168
Coua reynaudii,24,2,7.65654382250775
Coua reynaudii,47,2,33.9101638438653
Coua reynaudii,49,2,40.2587459644453
Coua reynaudii,54,2,143.862175435587
Coua reynaudii,59,2,6.25186649493766
Coua reynaudii,64,2,164.625218812583
Coua reynaudii,86,2,20.2301521301134
Coua reynaudii,90,2,156.395880634442
Coua reynaudii,97,2,59.3584008869
Coua reynaudii,856,2,26.6587824925889
Coua reynaudii,873,2,266.73838817703
Coua reynaudii,889,2,61.0887142109144
Coua reynaudii,894,2,16.2380797407103
Coua reynaudii,895,2,21.0323881548502
Coua reynaudii,899,2,29.7439079649625
Coua reynaudii,901,2,104.451769868596
Coua reynaudii,902,2,30.0109975610422
Coua reynaudii,918,2,18.6159244086656
Coua reynaudii,921,2,20.4450502154253
Coua reynaudii,925,2,180.351922799822
Coua reynaudii,928,2,22.858108584332
Coua reynaudii,936,2,72.6841925792621
Coua reynaudii,937,2,9.25207177810681
Coua reynaudii,938,2,3.22509111988759
Coua reynaudii,939,2,82.3436727737423
Coua reynaudii,941,2,18.9694426773024
Coua reynaudii,942,2,29.0935194916896
Coua reynaudii,943,2,32.5536096187775
Coua reynaudii,944,2,25.8418336022708
Coua reynaudii,945,2,60.1106834541456
Coua reynaudii,946,2,71.523950457575
Coua reynaudii,947,2,30.0061818448032
Coua reynaudii,948,2,31.2682529843574
Coua reynaudii,951,2,26.7192827727436
Coua reynaudii,671,3,88.5629699935415
Coua reynaudii,814,3,31.2831288292474
Coua reynaudii,848,3,9.04229392746901
Coua reynaudii,950,3,3.01150757306588
Coua reynaudii,805,4,16.6994855698657
Coua reynaudii,809,4,51.6424033209818
Coua reynaudii,835,4,59.0116196877182
Coua ruficeps,21,3,21.5096479841157
Coua ruficeps,23,3,17.1081231937802
Coua ruficeps,25,3,3.3134309653126
Coua ruficeps,26,3,57.9536162531294
Coua ruficeps,29,3,3.75955498126924
Coua ruficeps,30,3,89.7882265230072
Coua ruficeps,32,3,216.621536697718
Coua ruficeps,34,3,69.5197727681215
Coua ruficeps,17,1,9.49246813121474
Coua ruficeps,18,1,164.087473873105
Coua ruficeps,35,1,2.73946711541033
Coua ruficeps,39,1,9.76347256987822
Coua ruficeps,54,1,1.55205922298586
Coua serriana,1,1,19.9337849990107
Coua serriana,5,1,144.745364537385
Coua serriana,12,1,52.0631064075417
Coua serriana,16,1,40.2587459644549
Coua serriana,28,1,13.6906283572678
Coua serriana,86,1,90.3937869662622
Coua serriana,134,1,266.73838817703
Coua serriana,1043,1,29.8631255431825
Coua serriana,1114,1,72.6841925792621
Coua serriana,1115,1,18.6159244086656
Coua serriana,1134,1,28.7773817194842
Coua serriana,1135,1,29.961795364261
Coua serriana,1136,1,59.3584008869
Coua serriana,1143,1,104.451769868596
Coua serriana,1144,1,156.395880634442
Coua serriana,1162,1,19.4390238963762
Coua serriana,1163,1,12.2862609365727
Coua serriana,1165,1,60.4489612678578
Coua serriana,1177,1,22.858108584332
Coua serriana,1178,1,3.22509111988759
Coua serriana,1180,1,41.3466555927123
Coua serriana,1181,1,165.589230952063
Coua serriana,1182,1,167.386348684994
Coua serriana,1184,1,30.1778725338509
Coua serriana,1185,1,55.5464891757972
Coua serriana,1186,1,60.1106834541456
Coua serriana,1193,1,35.4042812702756
Coua serriana,1194,1,31.2682529843574
Coua serriana,1195,1,26.7192827727436
Coua serriana,1197,1,59.930225967488
Coua serriana,1198,1,30.0885079199013
Coua serriana,1199,1,58.8448757092075
Coua serriana,1200,1,129.022534146316
Coua serriana,1203,1,47.86339402205
Coua serriana,1207,1,22.4907523126593
Coua serriana,796,4,88.5629699935415
Coua serriana,1072,4,31.2831288292474
Coua serriana,1099,4,30.9497681570663
Coua serriana,1188,4,3.01150757306588
Crossleyia xanthophrys,450,45,27.2715936270423
Crossleyia xanthophrys,109,22,52.0931107730117
Crossleyia xanthophrys,423,38,31.1097970257607
Crossleyia xanthophrys,26,8,28.9945355610379
Crossleyia xanthophrys,74,15,60.0081350929425
Crossleyia xanthophrys,107,21,59.0116196877182
Crossleyia xanthophrys,20,7,1.38241570732784
Crossleyia xanthophrys,22,7,31.6985197321722
Crossleyia xanthophrys,451,7,55.3562922973957
Crossleyia xanthophrys,27,9,47.6733437306255
Crossleyia xanthophrys,28,9,39.4704589776066
Crossleyia xanthophrys,29,10,46.0182282311348
Crossleyia xanthophrys,452,10,28.7459032692887
Crossleyia xanthophrys,410,47,1.77486829517484
Crossleyia xanthophrys,412,47,29.274766839554
Crossleyia xanthophrys,453,47,1.41985175199318
Cryptosylvicola randrianasoloi,35,7,29.9084357813374
Cryptosylvicola randrianasoloi,263,25,52.0931107730117
Cryptosylvicola randrianasoloi,5,2,16.2380797407139
Cryptosylvicola randrianasoloi,15,4,30.0991205968451
Cryptosylvicola randrianasoloi,22,4,28.9945355610176
Cryptosylvicola randrianasoloi,42,9,21.336136544534
Cryptosylvicola randrianasoloi,43,9,25.8418336022724
Cryptosylvicola randrianasoloi,52,9,74.1275819921577
Cryptosylvicola randrianasoloi,517,9,60.1106834541456
Cryptosylvicola randrianasoloi,518,9,3.58163395581061
Cryptosylvicola randrianasoloi,134,21,51.6424033209818
Cryptosylvicola randrianasoloi,416,41,59.0220175232944
Cryptosylvicola randrianasoloi,512,41,30.9497681570663
Cryptosylvicola randrianasoloi,513,41,31.2831288292474
Cryptosylvicola randrianasoloi,519,41,1.41985175199318
Cryptosylvicola randrianasoloi,520,41,29.274766839554
Cryptosylvicola randrianasoloi,521,41,0.974381690020442
Cryptosylvicola randrianasoloi,9,42,1.38241570732784
Cryptosylvicola randrianasoloi,13,42,18.1529425636761
Cryptosylvicola randrianasoloi,14,42,25.3295724640318
Cyanolanius madagascarinus,268,108,43.2675847418705
Cyanolanius madagascarinus,401,87,0.370271373195231
Cyanolanius madagascarinus,402,87,0.462834125284791
Cyanolanius madagascarinus,406,87,43.0377824654073
Cyanolanius madagascarinus,423,87,1.48074673073471
Cyanolanius madagascarinus,424,87,1.66577102635694
Cyanolanius madagascarinus,428,87,0.277623898765862
Cyanolanius madagascarinus,434,87,0.277610584835947
Cyanolanius madagascarinus,207,106,0.463597745714188
Cyanolanius madagascarinus,256,106,43.2038186617044
Cyanolanius madagascarinus,9724,25,38.0240908844043
Cyanolanius madagascarinus,9799,25,3.07696966736627
Cyanolanius madagascarinus,9808,25,0.723997986286044
Cyanolanius madagascarinus,9859,25,0.361958205401897
Cyanolanius madagascarinus,22971,25,0.452763459861636
Cyanolanius madagascarinus,22483,113,0.777178853789091
Cyanolanius madagascarinus,22862,113,0.604549703200817
Cyanolanius madagascarinus,23037,113,27.2715936270507
Cyanolanius madagascarinus,23038,113,29.4123165165292
Cyanolanius madagascarinus,23039,113,29.3885406549345
Cyanolanius madagascarinus,23040,113,20.6592519148769
Cyanolanius madagascarinus,23041,113,19.9515621485635
Cyanolanius madagascarinus,12507,22,36.331879859746
Cyanolanius madagascarinus,12999,22,0.449603298739433
Cyanolanius madagascarinus,13000,22,0.359686745625973
Cyanolanius madagascarinus,22973,22,0.449634089967847
Cyanolanius madagascarinus,23059,22,6.47518067736232
Cyanolanius madagascarinus,13262,37,52.2268727901955
Cyanolanius madagascarinus,23233,131,52.0931107730117
Cyanolanius madagascarinus,22856,105,64.9869920614074
Cyanolanius madagascarinus,23224,127,31.1097970257607
Cyanolanius madagascarinus,23225,127,29.6010280215059
Cyanolanius madagascarinus,23269,133,26.6587824925889
Cyanolanius madagascarinus,23271,133,16.2380797407103
Cyanolanius madagascarinus,5011,104,5.85033975470352
Cyanolanius madagascarinus,5016,104,24.6792146248873
Cyanolanius madagascarinus,5045,104,2.65062070312488
Cyanolanius madagascarinus,5069,104,0.274192454328179
Cyanolanius madagascarinus,5083,104,1.18809712456667
Cyanolanius madagascarinus,5106,104,4.38649564416385
Cyanolanius madagascarinus,5170,104,8.49783825707888
Cyanolanius madagascarinus,5213,104,0.274089461484194
Cyanolanius madagascarinus,5257,104,9.5018882179122
Cyanolanius madagascarinus,5258,104,4.567756926453
Cyanolanius madagascarinus,22810,104,1.55373825480127
Cyanolanius madagascarinus,22865,104,0.456749789226413
Cyanolanius madagascarinus,23299,136,90.3937869662622
Cyanolanius madagascarinus,131,33,0.55664420881176
Cyanolanius madagascarinus,135,33,0.371099061261296
Cyanolanius madagascarinus,138,33,0.556625695955813
Cyanolanius madagascarinus,150,33,0.463806772104442
Cyanolanius madagascarinus,157,33,0.27827526928854
Cyanolanius madagascarinus,173,33,0.278243954662919
Cyanolanius madagascarinus,197,33,111.568243325615
Cyanolanius madagascarinus,201,33,1.39092521476799
Cyanolanius madagascarinus,206,33,4.63579200248468
Cyanolanius madagascarinus,22814,33,56.8711675529887
Cyanolanius madagascarinus,23374,33,0.370900267166376
Cyanolanius madagascarinus,23375,33,0.463541480594814
Cyanolanius madagascarinus,11243,68,0.812480411258936
Cyanolanius madagascarinus,23102,68,16.6994855698657
Cyanolanius madagascarinus,23139,68,51.6424033209818
Cyanolanius madagascarinus,23181,68,59.0116196877182
Cyanolanius madagascarinus,23361,68,1.17365293457222
Cyanolanius madagascarinus,5458,71,18.2767366788028
Cyanolanius madagascarinus,22802,71,0.456764738324761
Cyanolanius madagascarinus,23390,71,13.2478972172724
Cyanolanius madagascarinus,23392,71,12.4246882102063
Cyanolanius madagascarinus,1090,83,19.9337849990107
Cyanolanius madagascarinus,23270,83,199.713422927767
Cyanolanius madagascarinus,16572,86,105.60376347401
Cyanolanius madagascarinus,14771,112,21.5096479841157
Cyanolanius madagascarinus,14831,112,55.5362709867372
Cyanolanius madagascarinus,14948,112,3.3134309653126
Cyanolanius madagascarinus,15189,112,60.4348975659029
Cyanolanius madagascarinus,15472,112,236.858748834492
Cyanolanius madagascarinus,23020,112,17.1081231937802
Cyanolanius madagascarinus,23024,112,0.447673652347684
Cyanolanius madagascarinus,23219,112,27.5139015001006
Cyanolanius madagascarinus,23060,115,58.113791807033
Cyanolanius madagascarinus,23436,115,0.360806249891043
Cyanolanius madagascarinus,19074,121,0.620648212959528
Cyanolanius madagascarinus,19087,121,0.265972006814122
Cyanolanius madagascarinus,19109,121,0.709200345668078
Cyanolanius madagascarinus,23141,121,88.5629699935415
Cyanolanius madagascarinus,23207,121,9.04229392746901
Cyanolanius madagascarinus,23267,121,31.2831288292474
Cyanolanius madagascarinus,23439,121,1.41985175199318
Cyanolanius madagascarinus,23440,121,30.9497681570663
Cyanolanius madagascarinus,23441,121,0.531935836720109
Cyanolanius madagascarinus,23443,121,3.01150757306588
Cyanolanius madagascarinus,2356,132,0.643524707942724
Cyanolanius madagascarinus,2411,132,0.459616383672059
Cyanolanius madagascarinus,2434,132,0.643432019172192
Cyanolanius madagascarinus,2443,132,0.275752651619673
Cyanolanius madagascarinus,2464,132,0.367655302864194
Cyanolanius madagascarinus,2485,132,1.56243208603442
Cyanolanius madagascarinus,2486,132,0.275729722221732
Cyanolanius madagascarinus,2510,132,0.275717098941624
Cyanolanius madagascarinus,2526,132,0.275709061498523
Cyanolanius madagascarinus,2530,132,0.459508593737543
Cyanolanius madagascarinus,2537,132,0.45949710468936
Cyanolanius madagascarinus,2538,132,1.1946710927344
Cyanolanius madagascarinus,2556,132,50.551453219145
Cyanolanius madagascarinus,2560,132,3.21620605602419
Cyanolanius madagascarinus,2561,132,0.551364106284499
Cyanolanius madagascarinus,2568,132,1.10266377710527
Cyanolanius madagascarinus,2577,132,0.367564567481756
Cyanolanius madagascarinus,2587,132,0.551319225258708
Cyanolanius madagascarinus,2599,132,1.10259928914046
Cyanolanius madagascarinus,2605,132,2.02137478975803
Cyanolanius madagascarinus,2606,132,0.826945434479237
Cyanolanius madagascarinus,2614,132,0.643170052255213
Cyanolanius madagascarinus,2623,132,1.65382056523675
Cyanolanius madagascarinus,2644,132,0.826825480994821
Cyanolanius madagascarinus,2671,132,0.459349671094894
Cyanolanius madagascarinus,2695,132,0.367459639964223
Cyanolanius madagascarinus,2710,132,0.275586929093957
Cyanolanius madagascarinus,2714,132,1.46972063059181
Cyanolanius madagascarinus,2715,132,0.275577679304183
Cyanolanius madagascarinus,2803,132,0.367363554798603
Cyanolanius madagascarinus,2907,132,116.961786446988
Cyanolanius madagascarinus,2948,132,0.275443051051259
Cyanolanius madagascarinus,7993,132,266.73838817703
Cyanolanius madagascarinus,23284,132,28.7773817194842
Cyanolanius madagascarinus,23285,132,59.3584008869
Cyanolanius madagascarinus,23325,132,180.351922799822
Cyanolanius madagascarinus,23344,132,19.4390238963762
Cyanolanius madagascarinus,23369,132,22.858108584332
Cyanolanius madagascarinus,23376,132,1.10266607838708
Cyanolanius madagascarinus,23377,132,9.73881683759956
Cyanolanius madagascarinus,23378,132,1.01060090259051
Cyanolanius madagascarinus,23379,132,0.275615805294395
Cyanolanius madagascarinus,23380,132,35.3553316235078
Cyanolanius madagascarinus,23410,132,1.38241570732784
Cyanolanius madagascarinus,23411,132,229.563098744103
Cyanolanius madagascarinus,23412,132,3.22509111988759
Cyanolanius madagascarinus,23413,132,49.838144357936
Cyanolanius madagascarinus,23414,132,1.19747486800289
Cyanolanius madagascarinus,23415,132,6.63162645037937
Cyanolanius madagascarinus,23420,132,1.74986507844645
Cyanolanius madagascarinus,23421,132,41.3466555927123
Cyanolanius madagascarinus,23422,132,18.9694426773024
Cyanolanius madagascarinus,23423,132,29.0935194916896
Cyanolanius madagascarinus,23424,132,1.19697195979625
Cyanolanius madagascarinus,23425,132,165.589230952063
Cyanolanius madagascarinus,23426,132,167.386348684994
Cyanolanius madagascarinus,23428,132,142.937192083356
Cyanolanius madagascarinus,23429,132,191.049731459298
Cyanolanius madagascarinus,23431,132,0.919496630983412
Cyanolanius madagascarinus,23432,132,6.25186649493641
Cyanolanius madagascarinus,23433,132,1.37902412587363
Cyanolanius madagascarinus,23448,132,35.4042812702756
Cyanolanius madagascarinus,23449,132,31.2682529843574
Cyanolanius madagascarinus,23452,132,59.930225967488
Cyanolanius madagascarinus,23453,132,30.0885079199013
Cyanolanius madagascarinus,23454,132,156.395880634442
Cyanolanius madagascarinus,23455,132,58.8448757092075
Cyanolanius madagascarinus,23456,132,129.022534146316
Cyanolanius madagascarinus,23459,132,21.6030064475268
Cyanolanius madagascarinus,23460,132,47.86339402205
Cyanolanius madagascarinus,23462,132,1.18887316902965
Cyanolanius madagascarinus,23463,132,0.365803726961494
Cyanolanius madagascarinus,23465,132,22.4907523126593
Cyanolanius madagascarinus,23467,132,0.91402228653884
Cyanolanius madagascarinus,23324,138,104.451769868596
Cyanolanius madagascarinus,23341,138,18.6159244086656
Cyanolanius madagascarinus,23345,138,20.4450502154253
Cyanolanius madagascarinus,23450,138,26.7192827727436
Cyanolanius madagascarinus,23365,139,72.6841925792621
Cyanolanius madagascarinus,23366,139,9.25207177810681
Cyanolanius madagascarinus,5852,137,164.087473873105
Cyanolanius madagascarinus,5894,137,0.364942030489683
Cyanolanius madagascarinus,5900,137,0.456175956650972
Cyanolanius madagascarinus,22895,137,9.49246813121474
Cyanolanius madagascarinus,23239,137,2.73946711541033
Cyanolanius madagascarinus,23395,137,44.7196147776582
Cyanolanius madagascarinus,23398,137,1.36878947938347
Cyanolanius madagascarinus,23404,137,0.273738447341442
Cyanolanius madagascarinus,23405,137,0.364971116543174
Cyanolanius madagascarinus,23408,137,0.364952150581956
Cyanolanius madagascarinus,23442,137,1.55205922298586
Daubentonia madagascariensis,5364,162,26.7219759851387
Daubentonia madagascariensis,1084,157,64.9869920614074
Daubentonia madagascariensis,2921,37,51.8674302060766
Daubentonia madagascariensis,189,13,19.9337849990107
Daubentonia madagascariensis,314,13,199.713422927767
Daubentonia madagascariensis,5453,181,90.3937869662622
Daubentonia madagascariensis,10,1,0.55664420881176
Daubentonia madagascariensis,12,1,0.556625695955813
Daubentonia madagascariensis,28,1,102.016295892603
Daubentonia madagascariensis,1129,72,72.6841925792621
Daubentonia madagascariensis,609,92,13.3348473462281
Daubentonia madagascariensis,632,92,7.63192306706161
Daubentonia madagascariensis,729,92,1.37902412587363
Daubentonia madagascariensis,5421,92,22.0769148552072
Daubentonia madagascariensis,658,184,0.643524707942724
Daubentonia madagascariensis,680,184,0.643432019172192
Daubentonia madagascariensis,697,184,1.56243208603442
Daubentonia madagascariensis,711,184,1.1946710927344
Daubentonia madagascariensis,717,184,50.551453219145
Daubentonia madagascariensis,720,184,3.21620605602419
Daubentonia madagascariensis,721,184,0.551364106284499
Daubentonia madagascariensis,727,184,1.10266377710527
Daubentonia madagascariensis,728,184,1.10266607838708
Daubentonia madagascariensis,734,184,0.551319225258708
Daubentonia madagascariensis,737,184,9.73881683760441
Daubentonia madagascariensis,738,184,1.10259928914046
Daubentonia madagascariensis,740,184,2.02137478975803
Daubentonia madagascariensis,741,184,0.826945434479237
Daubentonia madagascariensis,742,184,0.643170052255213
Daubentonia madagascariensis,746,184,1.65382056523675
Daubentonia madagascariensis,761,184,0.826825480994821
Daubentonia madagascariensis,774,184,1.46972063059181
Daubentonia madagascariensis,822,184,97.0214183105496
Daubentonia madagascariensis,5521,184,1.01060090259051
Daubentonia madagascariensis,5523,184,35.3553316235078
Daubentonia madagascariensis,468,113,1.19747486800301
Daubentonia madagascariensis,469,113,46.6054061164746
Daubentonia madagascariensis,500,113,49.838144357936
Daubentonia madagascariensis,5510,113,6.63162645037937
Daubentonia madagascariensis,5515,113,1.74986507844645
Daubentonia madagascariensis,605,185,27.3374724883393
Daubentonia madagascariensis,5413,185,21.7270555164749
Daubentonia madagascariensis,5516,185,1.19697195979625
Daubentonia madagascariensis,5517,185,19.8817776291285
Daubentonia madagascariensis,5519,185,0.64426019258225
Daubentonia madagascariensis,5520,185,24.3872932737225
Daubentonia madagascariensis,5405,165,58.113791807033
Daubentonia madagascariensis,5427,171,27.4239797064361
Daubentonia madagascariensis,1113,177,30.0885079199013
Daubentonia madagascariensis,5533,177,22.2845272971026
Daubentonia madagascariensis,5434,186,28.7773817194842
Daubentonia madagascariensis,5482,186,19.4390238963762
Daubentonia madagascariensis,5484,186,58.8448757092075
Daubentonia madagascariensis,5532,187,30.0109975610422
Daubentonia madagascariensis,5471,178,56.6581354236596
Daubentonia madagascariensis,5474,180,44.5077791231942
Daubentonia madagascariensis,5435,183,150.390127435561
Daubentonia madagascariensis,5506,188,81.2129543006281
Daubentonia madagascariensis,5539,189,21.6030064475268
Daubentonia madagascariensis,5540,189,47.86339402205
Echinops telfairi,202,33,11.0677904937422
Echinops telfairi,204,33,7.19359772695065
Echinops telfairi,944,98,5.85033975470352
Echinops telfairi,946,98,24.6792146248902
Echinops telfairi,963,98,2.65062070312488
Echinops telfairi,974,98,0.274192454328179
Echinops telfairi,5677,395,68.4073900828574
Echinops telfairi,5171,481,13.1672804516135
Echinops telfairi,7106,626,17.8876522784661
Echinops telfairi,7271,672,31.0182859874093
Echinops telfairi,7392,681,112.468627701651
Echinops telfairi,38,7,0.463597745714188
Echinops telfairi,46,7,43.2038186617044
Echinops telfairi,50,8,21.1261124531245
Echinops telfairi,88,15,9.25542923517722
Echinops telfairi,89,15,1.48074673073471
Echinops telfairi,90,15,1.48068535666716
Echinops telfairi,91,15,0.277623898765862
Echinops telfairi,7520,695,64.9869920614074
Echinops telfairi,7563,697,36.3826787541578
Echinops telfairi,3825,699,89.7882265229853
Echinops telfairi,7389,685,13.0307413413469
Echinops telfairi,2863,222,38.2051651932399
Echinops telfairi,2879,222,3.07696966736627
Echinops telfairi,2882,222,0.723997986286044
Echinops telfairi,2890,222,0.361958205401897
Echinops telfairi,7579,222,0.452763459861636
Echinops telfairi,3510,263,0.449603298739433
Echinops telfairi,3511,263,0.359686745625973
Echinops telfairi,3530,263,36.331879859746
Echinops telfairi,7582,263,0.449634089967847
Echinops telfairi,7651,263,6.47518067736232
Echinops telfairi,6018,392,46.5723968884147
Echinops telfairi,3697,706,3.3134309653126
Echinops telfairi,7650,706,17.1081231937802
Echinops telfairi,7174,708,45.1360753508905
Echinops telfairi,7242,667,52.2268727901955
Echinops telfairi,961,105,1.0054375043211
Echinops telfairi,973,105,2.37624750380063
Echinops telfairi,993,105,7.67678403816092
Echinops telfairi,1002,105,8.86332816260099
Echinops telfairi,1051,105,0.274089461484194
Echinops telfairi,1067,105,9.5018882179122
Echinops telfairi,1068,105,4.567756926453
Echinops telfairi,7522,105,0.456749789226413
Echinops telfairi,7747,712,18.7342282877149
Echinops telfairi,3689,661,57.9536162531174
Echinops telfairi,7246,661,21.5096479841157
Echinops telfairi,7739,661,27.5139015001006
Echinops telfairi,232,38,1.19747486800301
Echinops telfairi,235,38,18.2370597978952
Echinops telfairi,238,38,1.93420808195144
Echinops telfairi,240,38,1.84197769368905
Echinops telfairi,7748,38,6.63162645037937
Echinops telfairi,279,45,23.0885321332275
Echinops telfairi,284,47,1.56243208603442
Echinops telfairi,285,47,0.275729722221732
Echinops telfairi,286,47,0.275717098941624
Echinops telfairi,287,47,0.275709061498523
Echinops telfairi,288,47,0.459508593737543
Echinops telfairi,289,47,0.45949710468936
Echinops telfairi,290,47,1.1946710927344
Echinops telfairi,292,47,3.21620605602419
Echinops telfairi,293,47,0.367564567481756
Echinops telfairi,303,47,108.413449658062
Echinops telfairi,1159,103,18.2767366788028
Echinops telfairi,7760,103,13.2478972172724
Echinops telfairi,7762,103,12.4246882102063
Echinops telfairi,1347,589,47.0873940339344
Echinops telfairi,7766,589,1.55116641908598
Echinops telfairi,7764,713,44.7196147776582
Echinops telfairi,6604,624,118.305284790413
Echinops telfairi,7783,624,0.347873258495212
Echinops telfairi,5675,656,244.188758729789
Echinops telfairi,7775,656,0.265129139435411
Echinops telfairi,7689,714,15.0236706233649
Echinops telfairi,7779,715,128.593216990634
Echinops telfairi,7781,715,0.4416432086097
Echinops telfairi,6373,657,12.0483039035151
Echinops telfairi,7226,657,440.837213623637
Echinops telfairi,3955,662,455.304276357035
Echinops telfairi,7314,677,29.0032743569901
Echinops telfairi,7320,679,20.6310542039179
Echinops telfairi,3577,701,58.113791807033
Echinops telfairi,7769,701,0.360806249891043
Eliurus grandidieri,2,1,16.2380797407139
Eliurus grandidieri,5,1,26.6587824925881
Eliurus grandidieri,6,2,30.0991205968232
Eliurus grandidieri,7,3,28.9945355610176
Eliurus grandidieri,8,4,30.0587182645782
Eliurus grandidieri,13,6,28.1094555150568
Eliurus grandidieri,33,15,52.0931107730174
Eliurus grandidieri,21,10,51.6424033209818
Eliurus grandidieri,48,20,59.0220175232944
Eliurus grandidieri,49,20,1.41985175199318
Eliurus majori,764,20,1.1946710927344
Eliurus majori,781,20,3.21620605602419
Eliurus majori,3,1,56.8711675529887
Eliurus majori,9369,1,28.8450665179954
Eliurus majori,9332,553,0.604549703200459
Eliurus majori,9334,553,0.777178853789091
Eliurus majori,9417,553,19.9515621485635
Eliurus majori,9335,554,29.4123165165292
Eliurus majori,9414,555,27.2715936270507
Eliurus majori,9415,556,29.3885406549345
Eliurus majori,9416,557,20.6592519148769
Eliurus majori,9543,604,52.0931107730117
Eliurus majori,9535,605,31.1097970257607
Eliurus majori,9536,605,29.6010280215059
Eliurus majori,59,341,19.9337849990107
Eliurus majori,3165,563,0.812480411258936
Eliurus majori,9453,563,16.6994855698657
Eliurus majori,9456,563,0.180557963597178
Eliurus majori,9587,563,1.17365293457222
Eliurus majori,9516,601,59.0116196877182
Eliurus majori,9569,621,26.6587824925889
Eliurus majori,9571,621,16.2380797407103
Eliurus majori,9570,3,192.611616223226
Eliurus majori,652,541,0.643524707942724
Eliurus majori,701,541,0.183841973942041
Eliurus majori,708,541,0.643432019172192
Eliurus majori,719,541,0.367655302864194
Eliurus majori,730,541,1.56243208603442
Eliurus majori,731,541,0.275729722221732
Eliurus majori,747,541,0.275717098941624
Eliurus majori,753,541,0.275709061498523
Eliurus majori,757,541,0.459508593737543
Eliurus majori,763,541,0.45949710468936
Eliurus majori,787,541,1.10266377710527
Eliurus majori,792,541,0.183781132994473
Eliurus majori,813,541,2.02137478975803
Eliurus majori,814,541,0.826945434479237
Eliurus majori,868,541,0.367459639964223
Eliurus majori,878,541,0.183724619395971
Eliurus majori,879,541,0.275586929093957
Eliurus majori,889,541,1.46972063059181
Eliurus majori,890,541,0.275577679304183
Eliurus majori,1027,541,116.961786446988
Eliurus majori,9588,541,1.10266607838708
Eliurus majori,9589,541,9.73881683759956
Eliurus majori,9592,541,35.3553316235078
Eliurus majori,9593,541,0.18370726844728
Eliurus majori,9596,541,0.0918368279622793
Eliurus majori,9597,541,0.0918368279622793
Eliurus majori,9598,541,0.091829860622406
Eliurus majori,9599,541,0.091829860622406
Eliurus majori,9600,541,0.0918124089481831
Eliurus majori,9601,541,0.0918112438106537
Eliurus majori,807,626,0.183773075227499
Eliurus majori,810,626,1.10259928914046
Eliurus majori,825,626,0.183763859938979
Eliurus majori,831,626,0.183761555059075
Eliurus majori,832,626,1.65382056523675
Eliurus majori,9590,626,1.01060090259051
Eliurus majori,9591,626,0.275615805294395
Eliurus majori,9484,582,51.6424033209818
Eliurus majori,9486,593,29.5409524702469
Eliurus majori,9567,593,30.9497681570663
Eliurus majori,9487,619,31.2831288292474
Eliurus majori,279,620,6.63162645038044
Eliurus majori,308,620,1.74986507844758
Eliurus majori,309,620,49.838144357936
Eliurus majori,689,627,0.459616383672059
Eliurus majori,712,627,0.275752651619673
Eliurus majori,774,627,0.183794934333146
Eliurus majori,778,627,50.551453219145
Eliurus majori,782,627,0.551364106284499
Eliurus majori,806,627,0.551319225258708
Eliurus majori,820,627,0.643170052255213
Eliurus majori,1296,628,229.563098744103
Eliurus majori,9604,628,1.19747486800289
Eliurus majori,9605,629,41.3466555927123
Eliurus majori,9606,630,18.9694426773024
Eliurus majori,9607,631,29.0935194916896
Eliurus majori,9608,631,165.589230952063
Eliurus majori,9609,631,167.386348684994
Eliurus majori,9611,632,142.937192083356
Eliurus majori,9613,632,0.0919609370105267
Eliurus majori,9612,633,191.049731459298
Eliurus majori,9614,634,0.919496630983412
Eliurus majori,9615,634,6.25186649493641
Eliurus majori,9578,625,150.320221903983
Eliurus majori,9623,635,21.6030064475268
Eliurus majori,9624,635,23.794361894667
Eliurus minor,1270,231,3.21620605602419
Eliurus minor,4837,758,6.4751806773603
Eliurus minor,4877,758,0.449634089968205
Eliurus minor,4889,758,0.0899238860028982
Eliurus minor,3470,561,3.07696966736627
Eliurus minor,198,49,0.370271373195231
Eliurus minor,200,49,0.0925668250995874
Eliurus minor,202,49,43.0377824654073
Eliurus minor,203,49,0.18513059458977
Eliurus minor,213,49,1.48074673073471
Eliurus minor,214,49,1.66577102635694
Eliurus minor,215,49,0.277623898765862
Eliurus minor,100,19,0.0927073077802658
Eliurus minor,114,19,43.2038186617044
Eliurus minor,120,26,43.2675847418705
Eliurus minor,122,26,0.0926675960290432
Eliurus minor,129,26,0.0926606114119887
Eliurus minor,136,26,0.0926476122773886
Eliurus minor,141,26,0.0926436052986383
Eliurus minor,9832,1795,64.9869920614074
Eliurus minor,3373,541,0.0905584602525234
Eliurus minor,3392,541,0.0905447203236818
Eliurus minor,3442,541,38.0240908844043
Eliurus minor,3463,541,0.0905061372197867
Eliurus minor,9719,1811,0.604549703200459
Eliurus minor,9946,1811,19.9515621485635
Eliurus minor,9942,1812,27.2715936270507
Eliurus minor,9943,1813,29.4123165165292
Eliurus minor,9944,1814,29.3885406549345
Eliurus minor,9945,1815,20.6592519148769
Eliurus minor,4838,759,36.331879859746
Eliurus minor,4856,759,0.0899370735929012
Eliurus minor,4893,759,0.449603298739433
Eliurus minor,4894,759,0.359686745625973
Eliurus minor,10099,1879,52.0931107730117
Eliurus minor,10091,1880,31.1097970257607
Eliurus minor,10092,1880,29.6010280215059
Eliurus minor,10139,1901,16.2380797407103
Eliurus minor,443,103,19.9337849990107
Eliurus minor,3974,1798,0.812480411258936
Eliurus minor,9984,1798,16.6994855698657
Eliurus minor,10059,1872,59.0116196877182
Eliurus minor,10137,1899,26.6587824925889
Eliurus minor,10167,1908,90.3937869662622
Eliurus minor,65,6,0.278243954662919
Eliurus minor,83,6,111.568243325615
Eliurus minor,9795,6,56.8711675529887
Eliurus minor,10225,6,0.185499234954834
Eliurus minor,10226,6,0.0927417757584453
Eliurus minor,10227,6,0.0927211263144612
Eliurus minor,88,17,4.63579200248468
Eliurus minor,1208,197,0.183841973942041
Eliurus minor,1213,197,0.643432019172192
Eliurus minor,1245,197,0.275717098941624
Eliurus minor,1253,197,0.275709061498523
Eliurus minor,1257,197,0.459508593737543
Eliurus minor,1260,197,0.45949710468936
Eliurus minor,1473,197,116.961786446988
Eliurus minor,10238,197,0.0918368279622793
Eliurus minor,10240,197,0.091829860622406
Eliurus minor,1274,1932,1.10266377710527
Eliurus minor,1300,1932,0.826945434479237
Eliurus minor,1340,1932,0.367459639964223
Eliurus minor,10230,1932,9.73881683759956
Eliurus minor,1356,1933,1.46972063059181
Eliurus minor,10233,1933,35.3553316235078
Eliurus minor,10234,1933,0.18370726844728
Eliurus minor,10237,1933,0.0918368279622793
Eliurus minor,10239,1933,0.091829860622406
Eliurus minor,10241,1933,0.0918124089481831
Eliurus minor,10242,1933,0.0918112438106537
Eliurus minor,2385,402,18.2767366788028
Eliurus minor,10243,1934,13.2478972172724
Eliurus minor,10245,1934,12.4246882102063
Eliurus minor,10246,1934,0.0913581770466566
Eliurus minor,2619,415,82.4193887536211
Eliurus minor,10247,415,0.0912831197600365
Eliurus minor,10249,415,0.0912755723267794
Eliurus minor,4526,622,35.561077284523
Eliurus minor,6036,981,91.3618454321506
Eliurus minor,1197,1670,0.459616383672059
Eliurus minor,1214,1670,0.275752651619673
Eliurus minor,1266,1670,0.183794934333146
Eliurus minor,1269,1670,50.551453219145
Eliurus minor,1271,1670,0.551364106284499
Eliurus minor,1292,1670,0.551319225258708
Eliurus minor,1302,1670,0.643170052255213
Eliurus minor,3138,1935,266.73838817703
Eliurus minor,10269,1935,191.049731459298
Eliurus minor,10251,1936,229.563098744103
Eliurus minor,10252,1937,3.22509111988759
Eliurus minor,10253,1938,49.838144357936
Eliurus minor,10255,1939,6.63162645037937
Eliurus minor,10260,1939,1.74986507844645
Eliurus minor,10261,1940,41.3466555927123
Eliurus minor,10262,1941,18.9694426773024
Eliurus minor,10263,1942,29.0935194916896
Eliurus minor,10265,1943,165.589230952063
Eliurus minor,10266,1943,167.386348684994
Eliurus minor,10268,1944,142.937192083356
Eliurus minor,10271,1945,0.919496630983412
Eliurus minor,10272,1945,6.25186649493641
Eliurus minor,8041,1721,0.265972006814122
Eliurus minor,10019,1721,88.5629699935415
Eliurus minor,10085,1721,9.04229392746901
Eliurus minor,10274,1721,1.41985175199318
Eliurus minor,10275,1721,30.9497681570663
Eliurus minor,10017,1850,51.6424033209818
Eliurus minor,9862,1882,9.49246813121474
Eliurus minor,10105,1946,2.73946711541033
Eliurus minor,10120,1892,15.0336477895883
Eliurus minor,10132,1898,31.2831288292474
Eliurus minor,10278,1947,3.01150757306588
Eliurus minor,10279,1947,0.0885780602414608
Eliurus minor,10280,1947,0.0885764149888754
Eliurus minor,10281,1947,0.0885747695316076
Eliurus minor,10282,1947,0.0885731238677502
Eliurus minor,10138,1900,199.713422927767
Eliurus minor,10153,1905,59.3584008869
Eliurus minor,10284,1905,31.2682529843574
Eliurus minor,10283,1948,35.4042812702756
Eliurus minor,10208,1921,20.4450502154253
Eliurus minor,10296,1921,0.0916615525497198
Eliurus minor,10152,1922,28.7773817194842
Eliurus minor,10207,1922,19.4390238963762
Eliurus minor,10289,1922,156.395880634442
Eliurus minor,10290,1922,58.8448757092075
Eliurus minor,10192,1949,180.351922799822
Eliurus minor,10287,1950,59.930225967488
Eliurus minor,10288,1951,30.0885079199013
Eliurus minor,10291,1952,129.022534146316
Eliurus minor,10293,1952,0.0915509860725999
Eliurus minor,10294,1953,21.6030064475268
Eliurus minor,10295,1954,47.86339402205
Eliurus minor,10191,1923,104.451769868596
Eliurus minor,10285,1955,26.7192827727436
Eliurus minor,10204,1926,18.6159244086656
Eliurus minor,10224,1931,22.858108584332
Eliurus minor,10299,1931,0.0914460148120522
Eliurus minor,10301,1931,0.0914213792976141
Eliurus minor,10300,1956,22.4907523126593
Eliurus myoxinus,2382,127,1.1946710927344
Eliurus myoxinus,2402,127,3.21620605602419
Eliurus myoxinus,318,29,0.370271373195231
Eliurus myoxinus,320,29,0.462834125284791
Eliurus myoxinus,323,29,0.0925668250995874
Eliurus myoxinus,325,29,43.0377824654073
Eliurus myoxinus,326,29,0.18513059458977
Eliurus myoxinus,340,29,1.48074673073471
Eliurus myoxinus,341,29,1.66577102635694
Eliurus myoxinus,343,29,0.277623898765862
Eliurus myoxinus,345,29,0.277610584835947
Eliurus myoxinus,347,29,0.0925361785190701
Eliurus myoxinus,20279,1067,68.4073900828574
Eliurus myoxinus,24305,1825,44.4928427752445
Eliurus myoxinus,24391,1837,3.75955498127008
Eliurus myoxinus,24435,1853,112.468627701651
Eliurus myoxinus,80,6,0.463597745714188
Eliurus myoxinus,94,6,0.0927073077802658
Eliurus myoxinus,143,6,43.2038186617044
Eliurus myoxinus,161,13,43.2675847418705
Eliurus myoxinus,167,13,0.0926675960290432
Eliurus myoxinus,179,13,0.0926606114119887
Eliurus myoxinus,188,13,0.0926476122773886
Eliurus myoxinus,197,13,0.0926436052986383
Eliurus myoxinus,4316,229,0.182784649551272
Eliurus myoxinus,4317,229,1.18809712456632
Eliurus myoxinus,4335,229,0.0913904663075209
Eliurus myoxinus,4340,229,0.0913892270473242
Eliurus myoxinus,4341,229,0.182778454094648
Eliurus myoxinus,4351,229,4.38649564416432
Eliurus myoxinus,4449,229,8.49783825707888
Eliurus myoxinus,4505,229,0.274089461484194
Eliurus myoxinus,4520,229,0.0913631538983583
Eliurus myoxinus,4581,229,9.50188821791184
Eliurus myoxinus,4582,229,4.567756926453
Eliurus myoxinus,4649,229,0.0913494594436884
Eliurus myoxinus,24080,229,0.0913643975844383
Eliurus myoxinus,24454,229,0.456749789226413
Eliurus myoxinus,24512,1872,64.9869920614074
Eliurus myoxinus,14315,1878,89.7882265229853
Eliurus myoxinus,8780,462,0.0905584602525234
Eliurus myoxinus,8848,462,0.0905447203236818
Eliurus myoxinus,8977,462,38.0240908844043
Eliurus myoxinus,9019,462,0.0905061372197867
Eliurus myoxinus,9037,462,3.07696966736627
Eliurus myoxinus,9042,462,0.723997986286044
Eliurus myoxinus,9076,462,0.361958205401897
Eliurus myoxinus,24613,462,0.452763459861636
Eliurus myoxinus,23537,1883,0.777178853789091
Eliurus myoxinus,24516,1883,0.604549703200817
Eliurus myoxinus,24686,1883,19.9515621485635
Eliurus myoxinus,24682,1884,27.2715936270507
Eliurus myoxinus,24683,1885,29.4123165165292
Eliurus myoxinus,24684,1886,29.3885406549345
Eliurus myoxinus,24685,1887,20.6592519148769
Eliurus myoxinus,12287,600,0.0899370735929012
Eliurus myoxinus,12332,600,0.0899238860028982
Eliurus myoxinus,12338,600,0.449603298739433
Eliurus myoxinus,12339,600,0.359686745625973
Eliurus myoxinus,12354,600,0.0899194863940477
Eliurus myoxinus,12395,600,36.331879859746
Eliurus myoxinus,24615,600,0.0899312145228386
Eliurus myoxinus,24616,600,0.449634089967847
Eliurus myoxinus,24693,600,6.47518067736232
Eliurus myoxinus,13960,1902,3.3134309653126
Eliurus myoxinus,24687,1902,17.1081231937802
Eliurus myoxinus,21893,1823,46.5723968884147
Eliurus myoxinus,24215,1906,44.962501051066
Eliurus myoxinus,16970,887,0.265972006814122
Eliurus myoxinus,17026,887,9.04229392746901
Eliurus myoxinus,24804,1938,31.1097970257607
Eliurus myoxinus,12552,1703,52.2268727901955
Eliurus myoxinus,24798,1703,0.0899356091371775
Eliurus myoxinus,24799,1703,0.0899341444739103
Eliurus myoxinus,24800,1703,0.0899326796025038
Eliurus myoxinus,24794,1945,52.0931107730117
Eliurus myoxinus,24777,1931,29.8625855308015
Eliurus myoxinus,13902,1815,57.9536162531174
Eliurus myoxinus,24283,1815,21.5096479841157
Eliurus myoxinus,24813,1815,27.5139015001006
Eliurus myoxinus,949,1330,19.9337849990107
Eliurus myoxinus,24847,1957,26.6587824925889
Eliurus myoxinus,24849,1957,16.2380797407103
Eliurus myoxinus,24878,1963,86.1021201956665
Eliurus myoxinus,47,2,0.463806772104442
Eliurus myoxinus,50,2,0.27827526928854
Eliurus myoxinus,55,2,0.278243954662919
Eliurus myoxinus,69,2,105.169388667512
Eliurus myoxinus,24482,2,56.8711675529887
Eliurus myoxinus,24920,2,0.185499234954834
Eliurus myoxinus,24921,2,0.0927417757584453
Eliurus myoxinus,24922,2,0.0927211263144612
Eliurus myoxinus,4832,227,18.2767366788028
Eliurus myoxinus,24937,227,13.2478972172724
Eliurus myoxinus,24939,227,12.4246882102063
Eliurus myoxinus,24940,227,0.0913581770466566
Eliurus myoxinus,16636,868,1.77486829517484
Eliurus myoxinus,24984,868,1.41985175199318
Eliurus myoxinus,2250,1754,0.643524707942724
Eliurus myoxinus,2304,1754,0.183841973942041
Eliurus myoxinus,2311,1754,0.643432019172192
Eliurus myoxinus,2326,1754,0.367655302864194
Eliurus myoxinus,2337,1754,1.56243208603442
Eliurus myoxinus,2338,1754,0.275729722221732
Eliurus myoxinus,2359,1754,0.275717098941624
Eliurus myoxinus,2366,1754,0.275709061498523
Eliurus myoxinus,2372,1754,0.459508593737543
Eliurus myoxinus,2381,1754,0.45949710468936
Eliurus myoxinus,2410,1754,1.10266377710527
Eliurus myoxinus,2419,1754,0.183781132994473
Eliurus myoxinus,2446,1754,2.02137478975803
Eliurus myoxinus,2447,1754,0.826945434479237
Eliurus myoxinus,2525,1754,0.367459639964223
Eliurus myoxinus,2537,1754,0.183724619395971
Eliurus myoxinus,2538,1754,0.275586929093957
Eliurus myoxinus,2546,1754,1.46972063059181
Eliurus myoxinus,2547,1754,0.275577679304183
Eliurus myoxinus,2724,1754,116.961786446988
Eliurus myoxinus,24923,1754,1.10266607838708
Eliurus myoxinus,24924,1754,9.73881683759956
Eliurus myoxinus,24927,1754,35.3553316235078
Eliurus myoxinus,24928,1754,0.18370726844728
Eliurus myoxinus,24931,1754,0.0918368279622793
Eliurus myoxinus,24932,1754,0.0918368279622793
Eliurus myoxinus,24933,1754,0.091829860622406
Eliurus myoxinus,24934,1754,0.091829860622406
Eliurus myoxinus,24935,1754,0.0918124089481831
Eliurus myoxinus,24936,1754,0.0918112438106537
Eliurus myoxinus,2437,1967,0.183773075227499
Eliurus myoxinus,2442,1967,1.10259928914046
Eliurus myoxinus,2459,1967,0.183763859938979
Eliurus myoxinus,2466,1967,0.183761555059075
Eliurus myoxinus,2467,1967,1.65382056523675
Eliurus myoxinus,24925,1967,1.01060090259051
Eliurus myoxinus,24926,1967,0.275615805294395
Eliurus myoxinus,22891,1756,118.305284790413
Eliurus myoxinus,24985,1756,0.347873258495212
Eliurus myoxinus,24986,1756,0.0869651048810482
Eliurus myoxinus,2292,1779,0.459616383672059
Eliurus myoxinus,2315,1779,0.275752651619673
Eliurus myoxinus,2394,1779,0.183794934333146
Eliurus myoxinus,2399,1779,50.551453219145
Eliurus myoxinus,2403,1779,0.551364106284499
Eliurus myoxinus,2435,1779,0.551319225258708
Eliurus myoxinus,2453,1779,0.643170052255213
Eliurus myoxinus,7422,1968,229.563098744103
Eliurus myoxinus,24962,1968,1.19747486800289
Eliurus myoxinus,24917,1969,90.2983283028668
Eliurus myoxinus,24979,1969,191.049731459298
Eliurus myoxinus,24960,1970,3.22509111988759
Eliurus myoxinus,24961,1971,49.838144357936
Eliurus myoxinus,24963,1971,6.63162645037937
Eliurus myoxinus,24968,1971,1.74986507844645
Eliurus myoxinus,24969,1972,41.3466555927123
Eliurus myoxinus,24970,1973,18.9694426773024
Eliurus myoxinus,24971,1974,29.0935194916896
Eliurus myoxinus,24973,1974,79.1636486016595
Eliurus myoxinus,24974,1974,167.386348684994
Eliurus myoxinus,24975,1974,28.9945355610379
Eliurus myoxinus,24977,1974,27.4239797064361
Eliurus myoxinus,24978,1975,142.937192083356
Eliurus myoxinus,24980,1975,0.0919609370105267
Eliurus myoxinus,24981,1976,0.919496630983412
Eliurus myoxinus,24982,1976,6.25186649493641
Eliurus myoxinus,14713,1816,455.304276357035
Eliurus myoxinus,24373,1840,20.4554532926385
Eliurus myoxinus,5014,1861,0.0912806047910452
Eliurus myoxinus,24942,1861,44.7196147776582
Eliurus myoxinus,5192,1977,164.087473873105
Eliurus myoxinus,5193,1977,0.0912402507441044
Eliurus myoxinus,5208,1977,0.364942030489683
Eliurus myoxinus,5247,1977,0.456175956650376
Eliurus myoxinus,24941,1977,0.0912831197600365
Eliurus myoxinus,24943,1977,0.0912768307586908
Eliurus myoxinus,24944,1977,0.0912755723267794
Eliurus myoxinus,24945,1977,1.36878947938347
Eliurus myoxinus,24946,1977,0.0912541467659473
Eliurus myoxinus,24948,1977,0.0912528845435381
Eliurus myoxinus,24950,1977,0.0912490966143608
Eliurus myoxinus,24951,1977,0.0912490966143608
Eliurus myoxinus,24952,1977,0.091247833550334
Eliurus myoxinus,24953,1977,0.273738447341442
Eliurus myoxinus,24954,1977,0.364971116543174
Eliurus myoxinus,24955,1977,0.0912402507441044
Eliurus myoxinus,24956,1977,0.0912389862062931
Eliurus myoxinus,24958,1977,0.0912377214585543
Eliurus myoxinus,24840,1978,9.49246813121474
Eliurus myoxinus,24464,1865,9.30872783193505
Eliurus myoxinus,24580,1880,7.8043101934992
Eliurus myoxinus,24694,1899,58.113791807033
Eliurus myoxinus,24989,1899,0.0902044145538807
Eliurus myoxinus,24990,1899,0.0902044145538807
Eliurus myoxinus,24991,1899,0.360806249891043
Eliurus myoxinus,24992,1899,0.090200136197567
Eliurus myoxinus,24993,1899,0.0901872898641825
Eliurus myoxinus,24848,1958,199.713422927767
Eliurus myoxinus,24864,1961,59.3584008869
Eliurus myoxinus,25003,1961,31.2682529843574
Eliurus myoxinus,25002,1979,35.4042812702756
Eliurus myoxinus,24855,1966,180.351922799822
Eliurus myoxinus,24919,1980,19.4390238963762
Eliurus myoxinus,24997,1980,156.395880634442
Eliurus myoxinus,24998,1980,58.8448757092075
Eliurus myoxinus,24995,1981,59.930225967488
Eliurus myoxinus,24996,1982,30.0885079199013
Eliurus myoxinus,24999,1983,16.1220631773574
Eliurus myoxinus,25000,1984,21.6030064475268
Eliurus myoxinus,25001,1984,47.86339402205
Eliurus tanala,950,41,1.1946710927344
Eliurus tanala,973,41,3.21620605602419
Eliurus tanala,7,1,56.8711675529887
Eliurus tanala,21,3,0.0926675960290432
Eliurus tanala,22,3,21.0334598369182
Eliurus tanala,23,3,0.0926606114119887
Eliurus tanala,1548,67,16.1104772354463
Eliurus tanala,11345,726,0.604549703200459
Eliurus tanala,11351,726,0.777178853789091
Eliurus tanala,11416,726,19.9515621485635
Eliurus tanala,11357,727,29.4123165165292
Eliurus tanala,11413,728,27.2715936270507
Eliurus tanala,11414,729,29.3885406549345
Eliurus tanala,11415,730,20.6592519148769
Eliurus tanala,11583,788,52.0931107730117
Eliurus tanala,11575,789,31.1097970257607
Eliurus tanala,11576,789,29.6010280215059
Eliurus tanala,11619,811,29.9898296926183
Eliurus tanala,87,440,19.9337849990107
Eliurus tanala,2660,737,0.812480411258936
Eliurus tanala,11469,737,16.6994855698657
Eliurus tanala,11472,737,0.180557963597178
Eliurus tanala,11631,737,1.17365293457222
Eliurus tanala,11543,785,59.0116196877182
Eliurus tanala,11608,804,26.6587824925889
Eliurus tanala,11609,804,16.2380797407103
Eliurus tanala,218,9,199.713422927767
Eliurus tanala,862,709,0.459616383672059
Eliurus tanala,886,709,0.275752651619673
Eliurus tanala,963,709,0.183794934333146
Eliurus tanala,969,709,50.551453219145
Eliurus tanala,974,709,0.551364106284499
Eliurus tanala,1002,709,0.551319225258708
Eliurus tanala,1022,709,0.643170052255213
Eliurus tanala,1592,814,229.563098744103
Eliurus tanala,11650,814,1.19747486800289
Eliurus tanala,11649,815,49.838144357936
Eliurus tanala,11651,815,6.63162645037937
Eliurus tanala,11656,815,1.74986507844645
Eliurus tanala,11657,816,41.3466555927123
Eliurus tanala,11658,817,18.9694426773024
Eliurus tanala,11659,818,29.0935194916896
Eliurus tanala,11661,818,165.589230952063
Eliurus tanala,11662,818,167.386348684994
Eliurus tanala,11664,819,142.937192083356
Eliurus tanala,11666,819,0.0919609370105267
Eliurus tanala,11665,820,191.049731459298
Eliurus tanala,11670,820,29.8614373167446
Eliurus tanala,11667,821,0.919496630983412
Eliurus tanala,11668,821,6.25186649493641
Eliurus tanala,819,716,0.643524707942724
Eliurus tanala,878,716,0.183841973942041
Eliurus tanala,883,716,0.643432019172192
Eliurus tanala,900,716,0.367655302864194
Eliurus tanala,913,716,1.56243208603442
Eliurus tanala,914,716,0.275729722221732
Eliurus tanala,925,716,0.275717098941624
Eliurus tanala,934,716,0.275709061498523
Eliurus tanala,941,716,0.459508593737543
Eliurus tanala,949,716,0.45949710468936
Eliurus tanala,979,716,1.10266377710527
Eliurus tanala,986,716,0.183781132994473
Eliurus tanala,1014,716,2.02137478975803
Eliurus tanala,1015,716,0.826945434479237
Eliurus tanala,1080,716,0.367459639964223
Eliurus tanala,1091,716,0.183724619395971
Eliurus tanala,1092,716,0.275586929093957
Eliurus tanala,1098,716,1.46972063059181
Eliurus tanala,1099,716,0.275577679304183
Eliurus tanala,1260,716,116.961786446988
Eliurus tanala,11633,716,1.10266607838708
Eliurus tanala,11634,716,9.73881683759956
Eliurus tanala,11637,716,35.3553316235078
Eliurus tanala,11638,716,0.18370726844728
Eliurus tanala,11641,716,0.0918368279622793
Eliurus tanala,11642,716,0.0918368279622793
Eliurus tanala,11643,716,0.091829860622406
Eliurus tanala,11644,716,0.091829860622406
Eliurus tanala,11645,716,0.0918124089481831
Eliurus tanala,11646,716,0.0918112438106537
Eliurus tanala,1005,822,0.183773075227499
Eliurus tanala,1010,822,1.10259928914046
Eliurus tanala,1027,822,0.183763859938979
Eliurus tanala,1034,822,0.183761555059075
Eliurus tanala,1035,822,1.65382056523675
Eliurus tanala,11635,822,1.01060090259051
Eliurus tanala,11636,822,0.275615805294395
Eliurus tanala,12,721,13.6291985780152
Eliurus tanala,11632,721,0.0927211263144612
Eliurus tanala,9157,751,0.265972006814122
Eliurus tanala,11504,751,88.5629699935415
Eliurus tanala,11569,751,9.04229392746901
Eliurus tanala,11671,751,1.41985175199318
Eliurus tanala,11672,751,30.9497681570663
Eliurus tanala,11502,759,51.6424033209818
Eliurus tanala,11606,803,31.2831288292474
Eliurus tanala,11674,823,3.01150757306588
Eliurus tanala,11675,823,0.0885780602414608
Eliurus tanala,11676,823,0.0885764149888754
Eliurus tanala,11677,823,0.0885747695316076
Eliurus tanala,11678,823,0.0885731238677502
Eliurus tanala,11617,809,3.58163395581061
Eliurus tanala,11621,813,180.351922799822
Eliurus tanala,11679,824,21.6030064475268
Eliurus tanala,11680,824,47.86339402205
Eliurus webbi,1404,67,1.1946710927344
Eliurus webbi,1418,67,3.21620605602419
Eliurus webbi,14722,862,0.777178853789091
Eliurus webbi,14782,862,0.604549703200817
Eliurus webbi,14853,862,19.9515621485635
Eliurus webbi,14849,863,27.2715936270507
Eliurus webbi,14850,864,29.4123165165292
Eliurus webbi,14851,865,29.3885406549345
Eliurus webbi,14852,866,20.6592519148769
Eliurus webbi,15004,924,52.0931107730117
Eliurus webbi,14996,925,31.1097970257607
Eliurus webbi,14997,925,29.6010280215059
Eliurus webbi,162,17,19.9337849990107
Eliurus webbi,4564,870,0.812480411258936
Eliurus webbi,14889,870,16.6994855698657
Eliurus webbi,14892,870,0.180557963597178
Eliurus webbi,15099,870,1.17365293457222
Eliurus webbi,14964,919,59.0116196877182
Eliurus webbi,15032,938,26.6587824925889
Eliurus webbi,15034,938,16.2380797407103
Eliurus webbi,15062,944,90.3937869662622
Eliurus webbi,1329,683,0.459616383672059
Eliurus webbi,1352,683,0.275752651619673
Eliurus webbi,1411,683,0.183794934333146
Eliurus webbi,1416,683,50.551453219145
Eliurus webbi,1419,683,0.551364106284499
Eliurus webbi,1443,683,0.551319225258708
Eliurus webbi,1455,683,0.643170052255213
Eliurus webbi,3597,961,266.73838817703
Eliurus webbi,15141,961,191.049731459298
Eliurus webbi,15123,962,229.563098744103
Eliurus webbi,15126,962,1.19747486800289
Eliurus webbi,15124,963,3.22509111988759
Eliurus webbi,15125,964,49.838144357936
Eliurus webbi,15127,964,6.63162645037937
Eliurus webbi,15132,964,1.74986507844645
Eliurus webbi,15133,965,41.3466555927123
Eliurus webbi,15134,966,18.9694426773024
Eliurus webbi,15135,967,29.0935194916896
Eliurus webbi,15137,967,165.589230952063
Eliurus webbi,15138,967,167.386348684994
Eliurus webbi,15140,968,142.937192083356
Eliurus webbi,15142,968,0.0919609370105267
Eliurus webbi,15143,969,0.919496630983412
Eliurus webbi,15144,969,6.25186649493641
Eliurus webbi,1287,840,0.643524707942724
Eliurus webbi,1341,840,0.183841973942041
Eliurus webbi,1348,840,0.643432019172192
Eliurus webbi,1369,840,0.367655302864194
Eliurus webbi,1378,840,1.56243208603442
Eliurus webbi,1379,840,0.275729722221732
Eliurus webbi,1383,840,0.275717098941624
Eliurus webbi,1390,840,0.275709061498523
Eliurus webbi,1396,840,0.459508593737543
Eliurus webbi,1403,840,0.45949710468936
Eliurus webbi,1428,840,1.10266377710551
Eliurus webbi,1429,840,0.183781132994473
Eliurus webbi,1449,840,2.02137478975803
Eliurus webbi,1450,840,0.826945434479237
Eliurus webbi,1499,840,0.367459639964223
Eliurus webbi,1508,840,0.183724619395971
Eliurus webbi,1509,840,0.275586929093957
Eliurus webbi,1514,840,1.46972063059181
Eliurus webbi,1515,840,0.275577679304183
Eliurus webbi,1625,840,116.961786446988
Eliurus webbi,15108,840,1.10266607838708
Eliurus webbi,15109,840,9.73881683759956
Eliurus webbi,15112,840,35.3553316235078
Eliurus webbi,15113,840,0.18370726844728
Eliurus webbi,15116,840,0.0918368279622793
Eliurus webbi,15117,840,0.0918368279622793
Eliurus webbi,15118,840,0.091829860622406
Eliurus webbi,15119,840,0.091829860622406
Eliurus webbi,15120,840,0.0918124089481831
Eliurus webbi,15121,840,0.0918112438106537
Eliurus webbi,1445,970,0.183773075227499
Eliurus webbi,1448,970,1.10259928914046
Eliurus webbi,1458,970,0.183763859938979
Eliurus webbi,1465,970,0.183761555059075
Eliurus webbi,1466,970,1.65382056523675
Eliurus webbi,15110,970,1.01060090259051
Eliurus webbi,15111,970,0.275615805294395
Eliurus webbi,10998,883,0.265972006814122
Eliurus webbi,14924,883,88.5629699935415
Eliurus webbi,14990,883,9.04229392746901
Eliurus webbi,15146,883,1.41985175199318
Eliurus webbi,15147,883,30.9497681570663
Eliurus webbi,14922,893,51.6424033209818
Eliurus webbi,15031,937,31.2831288292474
Eliurus webbi,15149,971,3.01150757306588
Eliurus webbi,15150,971,0.0885780602414608
Eliurus webbi,15151,971,0.0885764149888754
Eliurus webbi,15152,971,0.0885747695316076
Eliurus webbi,15153,971,0.0885731238677502
Eliurus webbi,15033,939,199.713422927767
Eliurus webbi,15047,947,28.7773817194842
Eliurus webbi,15087,947,19.4390238963762
Eliurus webbi,15160,947,156.395880634442
Eliurus webbi,15161,947,58.8448757092075
Eliurus webbi,15068,972,180.351922799822
Eliurus webbi,15158,973,59.930225967488
Eliurus webbi,15159,974,30.0885079199013
Eliurus webbi,15162,975,129.022534146316
Eliurus webbi,15163,975,0.1831612099756
Eliurus webbi,15164,975,0.0915509860725999
Eliurus webbi,15165,976,21.6030064475268
Eliurus webbi,15166,976,47.86339402205
Eliurus webbi,15048,948,59.3584008869
Eliurus webbi,15155,948,31.2682529843574
Eliurus webbi,15154,977,35.4042812702756
Eliurus webbi,15067,949,104.451769868596
Eliurus webbi,15156,949,26.7192827727436
Eliurus webbi,15084,954,18.6159244086656
Eliurus webbi,15088,955,20.4450502154253
Eliurus webbi,15167,955,0.0916615525497198
Eliurus webbi,15103,958,72.6841925792621
Eliurus webbi,15104,959,9.25207177810681
Eliurus webbi,15107,960,22.858108584332
Eliurus webbi,15170,960,0.0914460148120522
Eliurus webbi,15172,960,0.0914213792976141
Eliurus webbi,15171,978,22.4907523126593
Eremopterix hova,1280,44,13.1672804516135
Eremopterix hova,1267,19,15.0236706233649
Eremopterix hova,1352,19,9.2570612880466
Eremopterix hova,1356,19,244.0120304765
Eremopterix hova,1361,19,4.31856011909926
Eremopterix hova,1398,19,13.0307413413458
Eremopterix hova,1409,19,3.87195306908155
Eremopterix hova,1411,19,6.06907414019739
Eremopterix hova,1620,19,0.353583403214455
Eremopterix hova,1622,19,0.265129139435411
Eremopterix hova,1626,19,127.095058244095
Eremopterix hova,1628,19,0.4416432086097
Eremopterix hova,1541,33,17.8876522784661
Eremopterix hova,1602,33,440.837213623637
Eremopterix hova,1617,33,12.0483039035151
Eremopterix hova,1339,45,29.0032743569901
Eremopterix hova,1618,45,1.32280871870244
Eulemur albifrons,150,5,7.65654382250733
Eulemur albifrons,156,5,38.0976185701168
Eulemur albifrons,1648,115,3.10483766981149
Eulemur albifrons,1707,115,40.3554484141317
Eulemur albifrons,501,6,82.3436727737423
Eulemur albifrons,4583,6,0.184195212366581
Eulemur albifrons,4584,6,18.9694426773024
Eulemur albifrons,4514,138,1.38241570732784
Eulemur albifrons,4582,138,49.8514622958453
Eulemur albifrons,452,92,1.19697195979726
Eulemur albifrons,4519,92,165.589230952063
Eulemur albifrons,4602,92,24.3872932737225
Eulemur albifrons,4601,139,41.3466555927123
Eulemur albifrons,108,124,19.2835761868453
Eulemur albifrons,4512,124,17.9035992478908
Eulemur albifrons,763,126,0.643524707942724
Eulemur albifrons,794,126,0.459616383672059
Eulemur albifrons,803,126,0.183841973942041
Eulemur albifrons,809,126,0.643432019172192
Eulemur albifrons,812,126,0.275752651619673
Eulemur albifrons,824,126,0.367655302864194
Eulemur albifrons,830,126,1.56243208603442
Eulemur albifrons,831,126,0.275729722221732
Eulemur albifrons,837,126,0.275717098941624
Eulemur albifrons,843,126,0.275709061498523
Eulemur albifrons,847,126,0.459508593737543
Eulemur albifrons,851,126,0.643297785346329
Eulemur albifrons,852,126,0.45949710468936
Eulemur albifrons,853,126,1.1946710927344
Eulemur albifrons,857,126,0.183794934333146
Eulemur albifrons,861,126,45.2219258370937
Eulemur albifrons,862,126,1.47030313296086
Eulemur albifrons,863,126,0.551364106284499
Eulemur albifrons,4544,126,15.5342624945576
Eulemur albifrons,766,140,1.37902412587363
Eulemur albifrons,4518,140,128.958730607056
Eulemur albifrons,870,141,1.10266377710527
Eulemur albifrons,876,141,0.183781132994473
Eulemur albifrons,890,141,2.02137478975803
Eulemur albifrons,891,141,0.826945434479237
Eulemur albifrons,910,141,0.826825480994821
Eulemur albifrons,924,141,0.459349671094894
Eulemur albifrons,936,141,0.367459639964223
Eulemur albifrons,943,141,0.183724619395971
Eulemur albifrons,944,141,0.275586929093957
Eulemur albifrons,947,141,1.46972063059181
Eulemur albifrons,948,141,0.275577679304183
Eulemur albifrons,985,141,0.367363554798603
Eulemur albifrons,1014,141,35.3553316235078
Eulemur albifrons,1025,141,0.275443051051259
Eulemur albifrons,4585,141,10.6587160307101
Eulemur albifrons,4586,141,1.10266607838708
Eulemur albifrons,4587,141,9.73881683759956
Eulemur albifrons,4588,141,1.01052700607693
Eulemur albifrons,4589,141,16.1645199380182
Eulemur albifrons,4590,141,0.18370726844728
Eulemur albifrons,1682,128,263.15675422122
Eulemur albifrons,4526,142,28.7773817194842
Eulemur albifrons,4566,142,19.4390238963762
Eulemur albifrons,4608,142,30.0885079199013
Eulemur albifrons,4609,142,49.601757829382
Eulemur albifrons,4610,142,58.8448757092075
Eulemur albifrons,4527,143,180.351922799822
Eulemur albifrons,4547,144,59.930225967488
Eulemur albifrons,4576,145,16.6763086307372
Eulemur albifrons,4577,146,129.022534146316
Eulemur albifrons,4612,146,0.1831612099756
Eulemur albifrons,4603,147,21.6030064475268
Eulemur albifrons,4604,147,47.86339402205
Eulemur albifrons,4528,130,59.3584008869
Eulemur albifrons,4605,148,18.6644979069725
Eulemur albifrons,4546,131,104.451769868596
Eulemur albifrons,4606,131,26.7192827727436
Eulemur albifrons,4563,132,18.6159244086656
Eulemur albifrons,4567,133,20.4450502154253
Eulemur albifrons,4573,134,72.6841925792621
Eulemur albifrons,4574,135,9.25207177810681
Eulemur albifrons,4581,137,22.858108584332
Eulemur albifrons,4614,137,1.18887316902965
Eulemur albifrons,4615,137,0.365803726961494
Eulemur albifrons,4617,137,22.4907523126593
Eulemur albifrons,4619,137,0.91402228653884
Eulemur collaris,1419,51,29.3885406549345
Eulemur collaris,1446,71,20.6592519148769
Eulemur collaris,1411,49,29.4123165165292
Eulemur collaris,1426,72,0.604549703200459
Eulemur collaris,1429,72,0.777178853789091
Eulemur collaris,1448,72,19.9515621485635
Eulemur collaris,1450,76,29.8631255431825
Eulemur collaris,579,10,21.6030064475268
Eulemur collaris,580,11,24.0690321273829
Eulemur collaris,554,82,30.0109975610422
Eulemur collaris,6,3,19.9337849990107
Eulemur collaris,330,3,199.713422927767
Eulemur collaris,557,8,16.8747722807893
Eulemur collaris,455,69,32.5536096187775
Eulemur collaris,496,69,29.8748831680267
Eulemur collaris,1468,69,13.9784614762996
Eulemur collaris,1470,69,0.919496630983412
Eulemur collaris,1471,69,6.25186649493641
Eulemur collaris,1467,83,23.0885321332275
Eulemur collaris,534,78,19.111339641279
Eulemur collaris,270,80,1.19747486800301
Eulemur collaris,272,80,0.368458156106472
Eulemur collaris,273,80,4.97389831733626
Eulemur collaris,274,80,4.23704192003936
Eulemur collaris,279,80,18.2370597978952
Eulemur collaris,293,80,1.93420808195144
Eulemur collaris,303,80,1.84197769368905
Eulemur collaris,340,80,1.74986507844645
Eulemur collaris,1458,80,26.9873804763462
Eulemur collaris,1459,80,6.63162645037937
Eulemur collaris,1473,80,18.1529425636761
Eulemur collaris,1474,80,19.1627172271797
Eulemur collaris,1475,80,2.57936223117161
Eulemur collaris,1477,80,18.9694426773024
Eulemur collaris,393,84,41.3466555927123
Eulemur collaris,414,85,79.1636486016595
Eulemur collaris,457,85,23.2776854782997
Eulemur collaris,1460,85,1.19697195979625
Eulemur collaris,1465,85,74.7297684477404
Eulemur coronatus,224,9,0.463597745714188
Eulemur coronatus,283,9,43.2038186617044
Eulemur coronatus,463,176,0.370271373195231
Eulemur coronatus,465,176,0.462834125284791
Eulemur coronatus,468,176,43.0377824654073
Eulemur coronatus,469,176,0.18513059458977
Eulemur coronatus,483,176,1.48074673073471
Eulemur coronatus,484,176,1.66577102635694
Eulemur coronatus,486,176,0.277623898765862
Eulemur coronatus,488,176,0.277610584835947
Eulemur coronatus,306,324,43.2675847418705
Eulemur coronatus,4919,101,38.0240908844043
Eulemur coronatus,4945,101,3.07696966736627
Eulemur coronatus,4950,101,0.723997986286044
Eulemur coronatus,4971,101,0.361958205401897
Eulemur coronatus,11232,101,0.452763459861636
Eulemur coronatus,11067,164,20.6592519148769
Eulemur coronatus,7409,430,17.1081231937802
Eulemur coronatus,7502,430,3.3134309653126
Eulemur coronatus,6453,418,0.449603298739433
Eulemur coronatus,6454,418,0.359686745625973
Eulemur coronatus,6480,418,36.331879859746
Eulemur coronatus,11241,418,0.449634089967847
Eulemur coronatus,11251,418,6.47518067736232
Eulemur coronatus,6561,171,23.9064221362327
Eulemur coronatus,7262,121,21.5096479841157
Eulemur coronatus,7445,121,57.9536162531174
Eulemur coronatus,7682,121,3.75955498127008
Eulemur coronatus,11254,121,27.5139015001006
Eulemur coronatus,1250,397,19.9337849990107
Eulemur coronatus,1793,397,199.713422927767
Eulemur coronatus,11298,443,86.1021201956665
Eulemur coronatus,140,5,0.55664420881176
Eulemur coronatus,146,5,0.371099061261296
Eulemur coronatus,149,5,0.556625695955813
Eulemur coronatus,158,5,0.185535398295105
Eulemur coronatus,164,5,0.463806772104442
Eulemur coronatus,171,5,0.27827526928854
Eulemur coronatus,183,5,0.278243954662919
Eulemur coronatus,210,5,111.568243325615
Eulemur coronatus,215,5,1.39092521476799
Eulemur coronatus,223,5,4.63579200248468
Eulemur coronatus,11222,5,56.8711675529887
Eulemur coronatus,11305,5,0.185499234954834
Eulemur coronatus,11309,5,0.370900267166376
Eulemur coronatus,11310,5,0.463541480594814
Eulemur coronatus,3206,64,31.2682529843574
Eulemur coronatus,3453,65,18.2767366788028
Eulemur coronatus,11220,65,0.456764738324761
Eulemur coronatus,11322,65,13.2478972172724
Eulemur coronatus,11324,65,12.4246882102063
Eulemur coronatus,6217,108,49.9963219449889
Eulemur coronatus,7546,293,30.9829191094844
Eulemur coronatus,7573,293,17.4556019028076
Eulemur coronatus,7649,293,133.762078778299
Eulemur coronatus,1964,377,0.460674795593917
Eulemur coronatus,2030,377,1.19747486800301
Eulemur coronatus,2035,377,122.143700039168
Eulemur coronatus,2134,377,21.0025439361147
Eulemur coronatus,11311,377,6.63162645037937
Eulemur coronatus,11315,377,1.74986507844645
Eulemur coronatus,2216,447,11.6027476277496
Eulemur coronatus,2284,448,27.3374724883393
Eulemur coronatus,11252,448,21.7270555164749
Eulemur coronatus,11316,448,1.19697195979625
Eulemur coronatus,11317,448,19.8817776291285
Eulemur coronatus,11318,448,0.184096948427022
Eulemur coronatus,11319,448,0.64426019258225
Eulemur coronatus,11320,448,24.3872932737225
Eulemur coronatus,2273,431,27.4239797064361
Eulemur coronatus,2553,440,56.6581354236596
Eulemur coronatus,11277,441,126.550941243377
Eulemur coronatus,11326,441,0.1831612099756
Eulemur coronatus,11304,442,6.67439570552647
Eulemur coronatus,11300,445,19.4390238963762
Eulemur coronatus,11302,445,58.8448757092075
Eulemur coronatus,3083,446,30.0885079199013
Eulemur coronatus,11321,449,30.0109975610422
Eulemur fulvus,32225,532,44.4928427752445
Eulemur fulvus,468,181,0.370271373195231
Eulemur fulvus,470,181,0.462834125284791
Eulemur fulvus,473,181,43.0377824654073
Eulemur fulvus,474,181,0.18513059458977
Eulemur fulvus,494,181,1.48074673073471
Eulemur fulvus,497,181,1.66577102635694
Eulemur fulvus,501,181,0.277623898765862
Eulemur fulvus,504,181,0.277610584835947
Eulemur fulvus,235,289,0.463597745714188
Eulemur fulvus,289,289,43.2038186617044
Eulemur fulvus,304,436,43.2675847418705
Eulemur fulvus,13857,155,38.0240908844043
Eulemur fulvus,13954,155,3.07696966736627
Eulemur fulvus,13964,155,0.723997986286044
Eulemur fulvus,14031,155,0.361958205401897
Eulemur fulvus,32583,155,0.452763459861636
Eulemur fulvus,31954,558,0.777178853789091
Eulemur fulvus,32475,558,0.604549703200817
Eulemur fulvus,32660,558,19.9515621485635
Eulemur fulvus,32656,559,27.2715936270507
Eulemur fulvus,32657,560,29.4123165165292
Eulemur fulvus,32658,561,29.3885406549345
Eulemur fulvus,32659,562,20.6592519148769
Eulemur fulvus,18542,527,0.449603298739433
Eulemur fulvus,18543,527,0.359686745625973
Eulemur fulvus,18670,527,36.331879859746
Eulemur fulvus,32585,527,0.449634089967847
Eulemur fulvus,32666,527,6.47518067736232
Eulemur fulvus,21267,566,3.3134309653126
Eulemur fulvus,32650,566,17.1081231937802
Eulemur fulvus,18949,379,52.2268727901955
Eulemur fulvus,32467,599,64.9869920614074
Eulemur fulvus,32866,601,52.0931107730117
Eulemur fulvus,32850,603,31.1097970257607
Eulemur fulvus,32851,603,29.6010280215059
Eulemur fulvus,5980,525,5.85033975470352
Eulemur fulvus,5990,525,24.6792146248873
Eulemur fulvus,6033,525,1.0054375043211
Eulemur fulvus,6038,525,2.83342021114933
Eulemur fulvus,6048,525,0.182805694629431
Eulemur fulvus,6073,525,1.00536820483017
Eulemur fulvus,6074,525,2.37624750380063
Eulemur fulvus,6081,525,0.274192454328179
Eulemur fulvus,6102,525,0.182784649551272
Eulemur fulvus,6135,525,0.182778454094648
Eulemur fulvus,6147,525,7.67678403816092
Eulemur fulvus,6267,525,8.49783825707888
Eulemur fulvus,6347,525,0.274089461484194
Eulemur fulvus,6421,525,9.5018882179122
Eulemur fulvus,6422,525,4.567756926453
Eulemur fulvus,32418,525,1.55373825480127
Eulemur fulvus,32478,525,0.456749789226413
Eulemur fulvus,21117,529,57.9536162531174
Eulemur fulvus,32219,529,21.5096479841157
Eulemur fulvus,32255,529,3.75955498127008
Eulemur fulvus,32854,529,27.5139015001006
Eulemur fulvus,15986,570,0.812480411258936
Eulemur fulvus,32729,570,16.6994855698657
Eulemur fulvus,32732,570,0.180557963597178
Eulemur fulvus,32808,570,59.0116196877182
Eulemur fulvus,32978,570,1.17365293457222
Eulemur fulvus,32939,615,90.3937869662622
Eulemur fulvus,32909,611,26.6587824925889
Eulemur fulvus,32911,611,16.2380797407103
Eulemur fulvus,149,180,0.55664420881176
Eulemur fulvus,156,180,0.371099061261296
Eulemur fulvus,159,180,0.556625695955813
Eulemur fulvus,168,180,0.185535398295105
Eulemur fulvus,175,180,0.463806772104442
Eulemur fulvus,183,180,0.27827526928854
Eulemur fulvus,195,180,0.278243954662919
Eulemur fulvus,221,180,111.568243325615
Eulemur fulvus,226,180,1.39092521476799
Eulemur fulvus,234,180,4.63579200248468
Eulemur fulvus,32425,180,56.8711675529887
Eulemur fulvus,32982,180,0.185499234954834
Eulemur fulvus,32986,180,0.370900267166376
Eulemur fulvus,32987,180,0.463541480594814
Eulemur fulvus,21595,324,69.5634544487439
Eulemur fulvus,23410,324,418.458162104744
Eulemur fulvus,1070,350,19.9337849990107
Eulemur fulvus,32910,350,199.713422927767
Eulemur fulvus,6761,382,18.2767366788028
Eulemur fulvus,32410,382,0.456764738324761
Eulemur fulvus,33002,382,13.2478972172724
Eulemur fulvus,33004,382,12.4246882102063
Eulemur fulvus,28871,530,20.4554532926385
Eulemur fulvus,7428,550,164.087473873105
Eulemur fulvus,7448,550,0.364942030489683
Eulemur fulvus,7462,550,0.456175956650972
Eulemur fulvus,33007,550,44.7196147776582
Eulemur fulvus,33010,550,1.36878947938347
Eulemur fulvus,33018,550,0.273738447341442
Eulemur fulvus,33019,550,0.364971116543174
Eulemur fulvus,33022,550,0.364952150581956
Eulemur fulvus,32902,619,9.49246813121474
Eulemur fulvus,32667,564,58.113791807033
Eulemur fulvus,33050,564,0.360806249891043
Eulemur fulvus,26632,582,0.62064821295929
Eulemur fulvus,26652,582,0.265972006814122
Eulemur fulvus,26674,582,0.709200345668078
Eulemur fulvus,26695,582,0.177290677110672
Eulemur fulvus,32768,582,88.5629699935415
Eulemur fulvus,32769,582,0.177275942426443
Eulemur fulvus,32770,582,0.177274304782152
Eulemur fulvus,32834,582,9.04229392746901
Eulemur fulvus,33053,582,1.41985175199318
Eulemur fulvus,33054,582,30.9497681570663
Eulemur fulvus,32901,620,31.2831288292474
Eulemur fulvus,32766,597,51.6424033209818
Eulemur fulvus,32887,608,12.4725583817281
Eulemur fulvus,2572,609,0.643524707942724
Eulemur fulvus,2627,609,0.459616383672059
Eulemur fulvus,2637,609,0.183841973942041
Eulemur fulvus,2647,609,0.643432019172192
Eulemur fulvus,2656,609,0.275752651619673
Eulemur fulvus,2672,609,0.367655302864194
Eulemur fulvus,2696,609,1.56243208603442
Eulemur fulvus,2697,609,0.275729722221732
Eulemur fulvus,2725,609,0.275717098941624
Eulemur fulvus,2741,609,0.275709061498523
Eulemur fulvus,2745,609,0.459508593737543
Eulemur fulvus,2756,609,0.45949710468936
Eulemur fulvus,2757,609,1.1946710927344
Eulemur fulvus,2774,609,0.183794934333146
Eulemur fulvus,2782,609,50.551453219145
Eulemur fulvus,2786,609,3.21620605602419
Eulemur fulvus,2787,609,0.551364106284499
Eulemur fulvus,2793,609,1.10266377710527
Eulemur fulvus,2804,609,0.183781132994473
Eulemur fulvus,2805,609,0.367564567481756
Eulemur fulvus,2815,609,0.183777680330753
Eulemur fulvus,2819,609,0.551319225258708
Eulemur fulvus,2826,609,0.183773075227499
Eulemur fulvus,2835,609,1.10259928914046
Eulemur fulvus,2841,609,2.02137478975803
Eulemur fulvus,2842,609,0.826945434479237
Eulemur fulvus,2847,609,0.643170052255213
Eulemur fulvus,2853,609,0.183763859938979
Eulemur fulvus,2860,609,0.183761555059075
Eulemur fulvus,2861,609,1.65382056523675
Eulemur fulvus,2885,609,0.826825480994821
Eulemur fulvus,2925,609,0.459349671094894
Eulemur fulvus,2951,609,0.367459639964223
Eulemur fulvus,2967,609,0.183724619395971
Eulemur fulvus,2968,609,0.275586929093957
Eulemur fulvus,2975,609,1.46972063059181
Eulemur fulvus,2976,609,0.275577679304183
Eulemur fulvus,3078,609,0.367363554798603
Eulemur fulvus,3207,609,116.961786446988
Eulemur fulvus,3264,609,0.275443051051259
Eulemur fulvus,32988,609,1.10266607838708
Eulemur fulvus,32989,609,9.73881683759956
Eulemur fulvus,32990,609,1.01060090259051
Eulemur fulvus,32991,609,0.275615805294395
Eulemur fulvus,32992,609,35.3553316235078
Eulemur fulvus,32993,609,0.18370726844728
Eulemur fulvus,32994,609,0.183688734582305
Eulemur fulvus,11143,621,266.73838817703
Eulemur fulvus,33042,621,142.937192083356
Eulemur fulvus,33043,621,191.049731459298
Eulemur fulvus,33045,621,0.919496630983412
Eulemur fulvus,33046,621,6.25186649493641
Eulemur fulvus,33047,621,1.37902412587363
Eulemur fulvus,32924,622,28.7773817194842
Eulemur fulvus,32960,622,19.4390238963762
Eulemur fulvus,33065,622,30.0885079199013
Eulemur fulvus,33066,622,156.395880634442
Eulemur fulvus,33067,622,58.8448757092075
Eulemur fulvus,32952,623,180.351922799822
Eulemur fulvus,33024,624,1.38241570732784
Eulemur fulvus,33025,624,229.563098744103
Eulemur fulvus,33026,624,3.22509111988759
Eulemur fulvus,33027,624,49.838144357936
Eulemur fulvus,33028,624,1.19747486800289
Eulemur fulvus,33029,624,6.63162645037937
Eulemur fulvus,33034,624,1.74986507844645
Eulemur fulvus,33036,624,18.9694426773024
Eulemur fulvus,33035,625,41.3466555927123
Eulemur fulvus,33037,626,29.0935194916896
Eulemur fulvus,33038,626,1.19697195979625
Eulemur fulvus,33039,626,165.589230952063
Eulemur fulvus,33040,626,167.386348684994
Eulemur fulvus,33041,626,0.184096948427022
Eulemur fulvus,33064,627,59.930225967488
Eulemur fulvus,33068,628,129.022534146316
Eulemur fulvus,33069,628,0.1831612099756
Eulemur fulvus,33071,629,21.6030064475268
Eulemur fulvus,33072,629,47.86339402205
Eulemur fulvus,32925,614,59.3584008869
Eulemur fulvus,33063,614,31.2682529843574
Eulemur fulvus,33062,630,35.4042812702756
Eulemur fulvus,32951,617,30.2014878964556
Eulemur fulvus,32981,618,22.858108584332
Eulemur fulvus,33073,618,1.18887316902965
Eulemur fulvus,33074,618,0.365803726961494
Eulemur fulvus,33076,618,22.4907523126593
Eulemur fulvus,33078,618,0.91402228653884
Eulemur macaco,8264,215,52.0931107730117
Eulemur macaco,8232,216,29.6010280215059
Eulemur macaco,8257,216,31.1097970257607
Eulemur macaco,1034,13,89.8712606361253
Eulemur macaco,2399,183,0.812480411258936
Eulemur macaco,8169,183,16.6994855698657
Eulemur macaco,8172,183,0.180557963597178
Eulemur macaco,8225,183,59.0116196877182
Eulemur macaco,8305,183,1.17365293457222
Eulemur macaco,769,162,2.11438066261589
Eulemur macaco,771,162,0.643524707942724
Eulemur macaco,781,162,0.459616383672059
Eulemur macaco,783,162,0.183841973942041
Eulemur macaco,784,162,0.183840828700006
Eulemur macaco,785,162,0.643432019172192
Eulemur macaco,787,162,0.275752651619673
Eulemur macaco,792,162,0.367655302864194
Eulemur macaco,800,162,1.10266377710527
Eulemur macaco,803,162,0.183781132994473
Eulemur macaco,807,162,2.02137478975803
Eulemur macaco,808,162,0.826945434479237
Eulemur macaco,812,162,0.826825480995119
Eulemur macaco,813,162,0.459349671094894
Eulemur macaco,814,162,0.367459639964223
Eulemur macaco,817,162,0.183724619395971
Eulemur macaco,818,162,0.275586929093957
Eulemur macaco,820,162,1.46972063059181
Eulemur macaco,821,162,0.275577679304183
Eulemur macaco,828,162,0.367363554798603
Eulemur macaco,849,162,113.836939525746
Eulemur macaco,859,162,0.275443051051259
Eulemur macaco,8326,162,1.10266607838708
Eulemur macaco,8327,162,9.73881683759956
Eulemur macaco,8328,162,35.3553316235078
Eulemur macaco,8329,162,0.18370726844728
Eulemur macaco,8330,162,0.183688734582305
Eulemur macaco,268,180,19.9337849990107
Eulemur macaco,8272,180,199.713422927767
Eulemur macaco,8152,181,21.6030064475268
Eulemur macaco,6681,206,0.620648212959528
Eulemur macaco,6690,206,0.265972006814122
Eulemur macaco,6704,206,0.709200345668078
Eulemur macaco,6715,206,0.177290677110672
Eulemur macaco,8194,206,88.5629699935415
Eulemur macaco,8195,206,0.177275942426443
Eulemur macaco,8196,206,0.177274304782152
Eulemur macaco,8251,206,9.04229392746901
Eulemur macaco,8338,206,1.41985175199318
Eulemur macaco,8339,206,30.9497681570663
Eulemur macaco,8288,218,31.2831288292474
Eulemur macaco,8192,211,51.6424033209818
Eulemur macaco,625,217,6.63162645038044
Eulemur macaco,636,217,1.74986507844758
Eulemur macaco,776,217,229.563098744103
Eulemur macaco,8307,217,3.22509111988759
Eulemur macaco,8308,217,49.838144357936
Eulemur macaco,8309,217,1.19747486800289
Eulemur macaco,8315,217,18.9694426773024
Eulemur macaco,718,219,0.4598808172791
Eulemur macaco,8321,219,121.418578764815
Eulemur macaco,8322,219,101.064164837127
Eulemur macaco,8324,219,0.919496630983412
Eulemur macaco,8325,219,6.25186649493641
Eulemur macaco,8314,220,41.3466555927123
Eulemur macaco,8316,221,29.0935194916896
Eulemur macaco,8317,221,1.19697195979625
Eulemur macaco,8318,221,165.589230952063
Eulemur macaco,8319,221,167.386348684994
Eulemur macaco,8320,221,0.184096948427022
Eulemur mongoz,4,2,9.55194743301518
Eulemur mongoz,6,2,1.39092521476799
Eulemur mongoz,7,2,4.63579200248468
Eulemur mongoz,465,2,0.370900267166376
Eulemur mongoz,466,2,0.463541480594814
Eulemur mongoz,248,41,14.8774610751529
Eulemur mongoz,252,42,114.626077324665
Eulemur mongoz,265,42,0.364942030489683
Eulemur mongoz,266,42,0.456175956650972
Eulemur mongoz,470,42,29.6552824548971
Eulemur mongoz,471,42,1.36878947938347
Eulemur mongoz,479,42,0.273738447341442
Eulemur mongoz,480,42,0.364971116543174
Eulemur mongoz,483,42,0.364952150581956
Eulemur rubriventer,145,7,0.463597745714188
Eulemur rubriventer,194,7,43.2038186617044
Eulemur rubriventer,359,15,0.370271373195231
Eulemur rubriventer,361,15,0.462834125284791
Eulemur rubriventer,364,15,43.0377824654073
Eulemur rubriventer,365,15,0.18513059458977
Eulemur rubriventer,378,15,1.48074673073471
Eulemur rubriventer,379,15,1.66577102635694
Eulemur rubriventer,381,15,0.277623898765862
Eulemur rubriventer,383,15,0.277610584835947
Eulemur rubriventer,4382,59,2.64969806134474
Eulemur rubriventer,4421,59,0.274089461484194
Eulemur rubriventer,4468,59,7.03479595916306
Eulemur rubriventer,4469,59,4.567756926453
Eulemur rubriventer,23184,59,0.456749789226413
Eulemur rubriventer,207,542,43.2675847418705
Eulemur rubriventer,23227,724,64.9869920614074
Eulemur rubriventer,7750,110,38.0240908844043
Eulemur rubriventer,7831,110,3.07696966736627
Eulemur rubriventer,7839,110,0.723997986286044
Eulemur rubriventer,7888,110,0.361958205401897
Eulemur rubriventer,23322,110,0.452763459861636
Eulemur rubriventer,23041,716,0.777178853789091
Eulemur rubriventer,23233,716,0.604549703200817
Eulemur rubriventer,23377,716,19.9515621485635
Eulemur rubriventer,23373,717,27.2715936270507
Eulemur rubriventer,23374,718,29.4123165165292
Eulemur rubriventer,23375,719,29.3885406549345
Eulemur rubriventer,23376,720,20.6592519148769
Eulemur rubriventer,13333,163,5.19750467449403
Eulemur rubriventer,23368,163,15.2320228051803
Eulemur rubriventer,13514,721,13.8800525538392
Eulemur rubriventer,13626,721,0.626913510565519
Eulemur rubriventer,23371,721,0.447673652347684
Eulemur rubriventer,13470,165,13.8841261984153
Eulemur rubriventer,10820,516,36.331879859746
Eulemur rubriventer,11371,516,0.449603298739433
Eulemur rubriventer,11372,516,0.359686745625973
Eulemur rubriventer,23333,516,0.449634089967847
Eulemur rubriventer,23396,516,6.47518067736232
Eulemur rubriventer,11697,152,23.9064221362327
Eulemur rubriventer,23547,760,52.0931107730117
Eulemur rubriventer,23533,761,31.1097970257607
Eulemur rubriventer,23534,761,29.6010280215059
Eulemur rubriventer,9358,726,0.812480411258936
Eulemur rubriventer,23426,726,16.6994855698657
Eulemur rubriventer,23429,726,0.180557963597178
Eulemur rubriventer,23501,726,59.0116196877182
Eulemur rubriventer,23673,726,1.17365293457222
Eulemur rubriventer,23620,777,90.3937869662622
Eulemur rubriventer,23590,773,26.6587824925889
Eulemur rubriventer,23592,773,16.2380797407103
Eulemur rubriventer,61,4,0.55664420881176
Eulemur rubriventer,69,4,0.371099061261296
Eulemur rubriventer,72,4,0.556625695955813
Eulemur rubriventer,81,4,0.185535398295105
Eulemur rubriventer,88,4,0.463806772104442
Eulemur rubriventer,95,4,0.27827526928854
Eulemur rubriventer,105,4,0.278243954662919
Eulemur rubriventer,131,4,111.568243325615
Eulemur rubriventer,136,4,1.39092521476799
Eulemur rubriventer,23185,4,56.8711675529887
Eulemur rubriventer,23675,4,0.185499234954834
Eulemur rubriventer,23679,4,0.370900267166376
Eulemur rubriventer,4451,58,0.456764738324761
Eulemur rubriventer,4489,58,18.2767366788028
Eulemur rubriventer,23695,58,13.2478972172724
Eulemur rubriventer,23697,58,12.4246882102063
Eulemur rubriventer,3686,339,9.25207177810681
Eulemur rubriventer,13801,473,154.551155966125
Eulemur rubriventer,13915,473,59.1812618295658
Eulemur rubriventer,818,535,19.9337849990107
Eulemur rubriventer,23591,535,199.713422927767
Eulemur rubriventer,4877,711,130.507022484616
Eulemur rubriventer,4903,711,0.364942030489683
Eulemur rubriventer,4908,711,0.456175956650972
Eulemur rubriventer,23702,711,1.36878947938347
Eulemur rubriventer,23708,711,0.273738447341442
Eulemur rubriventer,23709,711,0.364971116543174
Eulemur rubriventer,23712,711,0.364952150581956
Eulemur rubriventer,23264,782,9.49246813121474
Eulemur rubriventer,11237,715,49.9963219449889
Eulemur rubriventer,18498,741,0.265972006814122
Eulemur rubriventer,18522,741,0.709200345668078
Eulemur rubriventer,18545,741,0.177290677110672
Eulemur rubriventer,23461,741,88.5629699935415
Eulemur rubriventer,23462,741,0.177275942426443
Eulemur rubriventer,23463,741,0.177274304782152
Eulemur rubriventer,23527,741,9.04229392746901
Eulemur rubriventer,23738,741,1.41985175199318
Eulemur rubriventer,23739,741,30.9497681570663
Eulemur rubriventer,23578,783,31.2831288292474
Eulemur rubriventer,23459,756,51.6424033209818
Eulemur rubriventer,4894,770,9.03353918603134
Eulemur rubriventer,2130,772,0.643524707942724
Eulemur rubriventer,2186,772,0.459616383672059
Eulemur rubriventer,2200,772,0.183841973942041
Eulemur rubriventer,2209,772,0.643432019172192
Eulemur rubriventer,2215,772,0.275752651619673
Eulemur rubriventer,2235,772,0.367655302864194
Eulemur rubriventer,2250,772,1.56243208603442
Eulemur rubriventer,2251,772,0.275729722221732
Eulemur rubriventer,2265,772,0.275717098941624
Eulemur rubriventer,2276,772,0.275709061498523
Eulemur rubriventer,2282,772,0.459508593737543
Eulemur rubriventer,2290,772,0.45949710468936
Eulemur rubriventer,2291,772,1.1946710927344
Eulemur rubriventer,2302,772,0.183794934333146
Eulemur rubriventer,2308,772,50.551453219145
Eulemur rubriventer,2310,772,3.21620605602419
Eulemur rubriventer,2311,772,0.551364106284499
Eulemur rubriventer,2321,772,1.10266377710527
Eulemur rubriventer,2330,772,0.183781132994473
Eulemur rubriventer,2331,772,0.367564567481756
Eulemur rubriventer,2340,772,0.183777680330753
Eulemur rubriventer,2346,772,0.551319225258708
Eulemur rubriventer,2350,772,0.183773075227499
Eulemur rubriventer,2358,772,1.10259928914046
Eulemur rubriventer,2364,772,2.02137478975803
Eulemur rubriventer,2365,772,0.826945434479237
Eulemur rubriventer,2370,772,0.643170052255213
Eulemur rubriventer,2375,772,0.183763859938979
Eulemur rubriventer,2383,772,0.183761555059075
Eulemur rubriventer,2384,772,1.65382056523675
Eulemur rubriventer,2408,772,0.826825480994821
Eulemur rubriventer,2441,772,0.459349671094894
Eulemur rubriventer,2465,772,0.367459639964223
Eulemur rubriventer,2479,772,0.183724619395971
Eulemur rubriventer,2480,772,0.275586929093957
Eulemur rubriventer,2487,772,1.46972063059181
Eulemur rubriventer,2488,772,0.275577679304183
Eulemur rubriventer,2566,772,0.367363554798603
Eulemur rubriventer,2666,772,116.961786446988
Eulemur rubriventer,2707,772,0.275443051051259
Eulemur rubriventer,23681,772,1.10266607838708
Eulemur rubriventer,23682,772,9.73881683759956
Eulemur rubriventer,23683,772,1.01060090259051
Eulemur rubriventer,23684,772,0.275615805294395
Eulemur rubriventer,23685,772,35.3553316235078
Eulemur rubriventer,23686,772,0.18370726844728
Eulemur rubriventer,23687,772,0.183688734582305
Eulemur rubriventer,6059,784,266.73838817703
Eulemur rubriventer,23733,784,191.049731459298
Eulemur rubriventer,23735,784,0.919496630983412
Eulemur rubriventer,23736,784,6.25186649493641
Eulemur rubriventer,23605,785,28.7773817194842
Eulemur rubriventer,23663,785,19.4390238963762
Eulemur rubriventer,23752,785,30.0885079199013
Eulemur rubriventer,23753,785,156.395880634442
Eulemur rubriventer,23754,785,58.8448757092075
Eulemur rubriventer,23647,786,180.351922799822
Eulemur rubriventer,23715,787,229.563098744103
Eulemur rubriventer,23716,787,3.22509111988759
Eulemur rubriventer,23717,787,49.838144357936
Eulemur rubriventer,23718,787,1.19747486800289
Eulemur rubriventer,23719,787,6.63162645037937
Eulemur rubriventer,23724,787,1.74986507844645
Eulemur rubriventer,23726,787,18.9694426773024
Eulemur rubriventer,23725,788,41.3466555927123
Eulemur rubriventer,23727,789,29.0935194916896
Eulemur rubriventer,23728,789,1.19697195979625
Eulemur rubriventer,23729,789,165.589230952063
Eulemur rubriventer,23730,789,167.386348684994
Eulemur rubriventer,23731,789,0.184096948427022
Eulemur rubriventer,23732,790,142.937192083356
Eulemur rubriventer,23737,790,1.37902412587363
Eulemur rubriventer,23751,791,59.930225967488
Eulemur rubriventer,23755,792,126.550941243377
Eulemur rubriventer,23756,792,0.1831612099756
Eulemur rubriventer,23758,793,21.6030064475268
Eulemur rubriventer,23759,793,47.86339402205
Eulemur rubriventer,23606,776,59.3584008869
Eulemur rubriventer,23748,776,31.2682529843574
Eulemur rubriventer,23747,794,35.4042812702756
Eulemur rubriventer,23646,779,104.451769868596
Eulemur rubriventer,23749,779,26.7192827727436
Eulemur rubriventer,23674,781,6.67439570552647
Eulemur rufifrons,286,19,20.6591479170249
Eulemur rufifrons,14584,184,68.4073900828574
Eulemur rufifrons,17793,456,31.0182859874093
Eulemur rufifrons,18039,486,112.468627701651
Eulemur rufifrons,27,2,0.55664420881176
Eulemur rufifrons,29,2,0.371099061261296
Eulemur rufifrons,31,2,0.556625695955515
Eulemur rufifrons,34,2,0.463806772104681
Eulemur rufifrons,37,2,0.27827526928854
Eulemur rufifrons,18158,2,9.36908318528281
Eulemur rufifrons,49,497,26.7219759851387
Eulemur rufifrons,53,4,0.463597745714188
Eulemur rufifrons,73,4,43.1111113539241
Eulemur rufifrons,157,9,38.8725107153612
Eulemur rufifrons,166,9,1.48074673073471
Eulemur rufifrons,167,9,1.66577102635694
Eulemur rufifrons,172,9,0.277623898765862
Eulemur rufifrons,174,9,0.277610584835947
Eulemur rufifrons,81,356,21.0334598369182
Eulemur rufifrons,18232,502,36.3826787541578
Eulemur rufifrons,6364,146,38.0240908844043
Eulemur rufifrons,6407,146,3.07696966736627
Eulemur rufifrons,6412,146,0.723997986286044
Eulemur rufifrons,6437,146,0.361958205401897
Eulemur rufifrons,18258,146,0.452763459861636
Eulemur rufifrons,17160,506,0.777178853789091
Eulemur rufifrons,18182,506,0.604549703200817
Eulemur rufifrons,18331,506,19.9515621485635
Eulemur rufifrons,18327,507,27.2715936270507
Eulemur rufifrons,18328,508,29.4123165165292
Eulemur rufifrons,18329,509,29.3885406549345
Eulemur rufifrons,18330,510,20.6592519148769
Eulemur rufifrons,15824,438,46.5723968884147
Eulemur rufifrons,7821,468,0.449603298739433
Eulemur rufifrons,7822,468,0.359686745625973
Eulemur rufifrons,7861,468,36.331879859746
Eulemur rufifrons,18260,468,0.449634089967847
Eulemur rufifrons,18336,468,6.47518067736232
Eulemur rufifrons,8730,515,3.3134309653126
Eulemur rufifrons,18332,515,17.1081231937802
Eulemur rufifrons,7946,316,52.2268727901955
Eulemur rufifrons,18178,547,64.9869920614074
Eulemur rufifrons,18554,550,52.0931107730117
Eulemur rufifrons,18527,553,31.1097970257607
Eulemur rufifrons,18528,553,29.6010280215059
Eulemur rufifrons,1908,464,5.85033975470352
Eulemur rufifrons,1918,464,24.6792146248873
Eulemur rufifrons,1948,464,1.0054375043211
Eulemur rufifrons,1950,464,2.83342021114933
Eulemur rufifrons,1976,464,1.00536820483017
Eulemur rufifrons,1977,464,2.37624750380063
Eulemur rufifrons,1982,464,0.274192454328179
Eulemur rufifrons,2019,464,7.67678403816092
Eulemur rufifrons,2094,464,8.49783825707888
Eulemur rufifrons,2141,464,0.274089461484194
Eulemur rufifrons,2185,464,9.5018882179122
Eulemur rufifrons,2186,464,4.567756926453
Eulemur rufifrons,18128,464,1.55373825480127
Eulemur rufifrons,18183,464,0.456749789226413
Eulemur rufifrons,284,554,16.2380797407103
Eulemur rufifrons,8679,472,57.9536162531174
Eulemur rufifrons,17863,472,21.5096479841157
Eulemur rufifrons,17981,472,3.75955498127008
Eulemur rufifrons,18539,472,27.5139015001006
Eulemur rufifrons,434,27,30.0519651895565
Eulemur rufifrons,18586,27,29.8748831680267
Eulemur rufifrons,782,32,29.9898296926183
Eulemur rufifrons,18587,558,29.9758644450714
Eulemur rufifrons,1968,283,31.2682529843574
Eulemur rufifrons,18487,549,59.0116196877182
Eulemur rufifrons,18585,560,64.9223989548488
Eulemur rufifrons,561,30,18.0962408253924
Eulemur rufifrons,2353,319,18.2767366788028
Eulemur rufifrons,18120,319,0.456764738324761
Eulemur rufifrons,18597,319,13.2478972172724
Eulemur rufifrons,18599,319,12.4246882102063
Eulemur rufifrons,333,352,0.460674795593917
Eulemur rufifrons,338,352,1.19747486800301
Eulemur rufifrons,341,352,19.8947032073931
Eulemur rufifrons,348,352,1.93420808195144
Eulemur rufifrons,350,352,2.39454998459518
Eulemur rufifrons,359,352,21.0025439361147
Eulemur rufifrons,18589,352,6.63162645037937
Eulemur rufifrons,18590,352,1.74986507844645
Eulemur rufifrons,413,561,76.8826257203308
Eulemur rufifrons,18593,562,49.790213410476
Eulemur rufifrons,18595,562,0.64426019258225
Eulemur rufifrons,18596,562,39.4704589776066
Eulemur rufifrons,17104,461,118.305284790413
Eulemur rufifrons,17788,461,45.1360753508905
Eulemur rufifrons,18619,461,0.347873258495212
Eulemur rufifrons,18622,461,2.60537814308274
Eulemur rufifrons,9190,473,89.7882265229853
Eulemur rufifrons,9524,473,455.304276357035
Eulemur rufifrons,2751,496,164.087473873105
Eulemur rufifrons,2764,496,0.364942030489683
Eulemur rufifrons,18218,496,0.456175956650376
Eulemur rufifrons,18602,496,44.7196147776582
Eulemur rufifrons,18605,496,1.36878947938347
Eulemur rufifrons,18613,496,0.273738447341442
Eulemur rufifrons,18614,496,0.364971116543174
Eulemur rufifrons,18617,496,0.364952150581956
Eulemur rufifrons,18159,498,13.6291985780152
Eulemur rufifrons,18337,513,58.113791807033
Eulemur rufifrons,18626,513,0.360806249891043
Eulemur rufifrons,17966,517,20.4554532926385
Eulemur rufifrons,11663,533,0.620648212959528
Eulemur rufifrons,11678,533,0.265972006814122
Eulemur rufifrons,11702,533,0.709200345668078
Eulemur rufifrons,18447,533,88.5629699935415
Eulemur rufifrons,18513,533,9.04229392746901
Eulemur rufifrons,18629,533,1.41985175199318
Eulemur rufifrons,18630,533,30.9497681570663
Eulemur rufifrons,18571,563,31.2831288292474
Eulemur rufifrons,18445,546,51.6424033209818
Eulemur rufus,12161,217,68.4073900828574
Eulemur rufus,68,331,21.0334598369182
Eulemur rufus,13510,470,0.777178853789091
Eulemur rufus,13755,470,0.604549703200817
Eulemur rufus,13869,470,19.9515621485635
Eulemur rufus,13520,476,29.4123165165292
Eulemur rufus,13866,477,27.2715936270507
Eulemur rufus,13867,478,29.3885406549345
Eulemur rufus,13868,479,20.6592519148769
Eulemur rufus,7234,484,3.3134309653126
Eulemur rufus,13854,484,17.1081231937802
Eulemur rufus,7167,475,42.7215934479371
Eulemur rufus,13632,475,3.75955498127008
Eulemur rufus,13748,512,64.9869920614074
Eulemur rufus,13575,480,51.8674302060766
Eulemur rufus,13978,513,52.0931107730117
Eulemur rufus,12007,507,31.1097970257607
Eulemur rufus,13993,507,29.6010280215059
Eulemur rufus,1986,346,5.85033975470352
Eulemur rufus,1993,346,24.6792146248873
Eulemur rufus,2015,346,2.65062070312488
Eulemur rufus,2019,346,0.182805694629431
Eulemur rufus,2034,346,0.274192454328179
Eulemur rufus,13725,346,1.55373825480127
Eulemur rufus,2044,515,0.182784649551272
Eulemur rufus,2045,515,1.18809712456632
Eulemur rufus,2058,515,0.182778454094648
Eulemur rufus,2065,515,4.38649564416385
Eulemur rufus,2115,515,8.49783825707936
Eulemur rufus,2142,515,0.274089461484194
Eulemur rufus,2155,515,9.5018882179122
Eulemur rufus,2157,515,4.56775692645169
Eulemur rufus,13756,515,0.456749789226413
Eulemur rufus,259,17,20.6591479170306
Eulemur rufus,7128,454,16.3121433096236
Eulemur rufus,13986,454,27.5139015001006
Eulemur rufus,219,209,19.9337849990107
Eulemur rufus,257,209,38.0118100940852
Eulemur rufus,13931,510,59.0116196877182
Eulemur rufus,461,225,0.367564567481756
Eulemur rufus,462,225,1.74590292306334
Eulemur rufus,463,225,5.32952738205135
Eulemur rufus,465,225,0.183777680330753
Eulemur rufus,466,225,0.551319225258708
Eulemur rufus,468,225,0.183773075227499
Eulemur rufus,471,225,1.10259928914046
Eulemur rufus,472,225,0.643170052255213
Eulemur rufus,474,225,0.183763859938979
Eulemur rufus,475,225,0.183761555059075
Eulemur rufus,476,225,1.65382056523675
Eulemur rufus,512,225,72.9504631922783
Eulemur rufus,14025,225,1.01060090259051
Eulemur rufus,14026,225,0.275615805294395
Eulemur rufus,14027,225,0.183688734582305
Eulemur rufus,346,336,1.19747486800301
Eulemur rufus,356,336,0.184211880049229
Eulemur rufus,371,336,49.838144357936
Eulemur rufus,14014,336,1.74986507844645
Eulemur rufus,14016,336,100.046005306995
Eulemur rufus,14017,336,6.63162645037937
Eulemur rufus,384,516,51.8261761133202
Eulemur rufus,14015,516,1.19697195979625
Eulemur rufus,458,517,142.999055411272
Eulemur rufus,14018,517,29.0935194916896
Eulemur rufus,14019,517,0.184096948427022
Eulemur rufus,14020,518,105.097214402882
Eulemur rufus,14021,518,13.9784614762996
Eulemur rufus,14023,518,0.919496630983412
Eulemur rufus,14024,518,6.25186649493641
Eulemur rufus,6131,344,58.113791807033
Eulemur rufus,14049,344,0.360806249891043
Eulemur rufus,7726,455,89.7882265229853
Eulemur rufus,8024,455,75.0504966753905
Eulemur rufus,13796,455,129.399132575428
Eulemur rufus,14001,455,73.7872333952264
Eulemur rufus,2547,468,164.087473873105
Eulemur rufus,2563,468,0.364942030489683
Eulemur rufus,2570,468,0.456175956650972
Eulemur rufus,14030,468,44.7196147776582
Eulemur rufus,14033,468,1.36878947938347
Eulemur rufus,14041,468,0.273738447341442
Eulemur rufus,14042,468,0.364971116543174
Eulemur rufus,14045,468,0.364952150581956
Eulemur rufus,14013,519,9.49246813121474
Eulemur rufus,9799,497,0.62064821295929
Eulemur rufus,9810,497,0.265972006814122
Eulemur rufus,9823,497,0.709200345668078
Eulemur rufus,10955,497,88.5629699935415
Eulemur rufus,13971,497,9.04229392746901
Eulemur rufus,14052,497,1.41985175199318
Eulemur rufus,14053,497,30.9497681570663
Eulemur rufus,14011,520,31.2831288292474
Eulemur rufus,13930,509,26.5470070068805
Eulemur sanfordi,119,4,21.0334598369182
Eulemur sanfordi,172,74,0.370271373195231
Eulemur sanfordi,174,74,0.462834125284791
Eulemur sanfordi,176,74,43.0377824654073
Eulemur sanfordi,177,74,0.18513059458977
Eulemur sanfordi,183,74,1.48074673073471
Eulemur sanfordi,184,74,1.66577102635694
Eulemur sanfordi,185,74,0.277623898765862
Eulemur sanfordi,186,74,0.277610584835947
Eulemur sanfordi,2624,139,52.2268727901955
Eulemur sanfordi,913,128,5.85033975470352
Eulemur sanfordi,915,128,24.6792146248873
Eulemur sanfordi,920,128,1.0054375043211
Eulemur sanfordi,921,128,2.83342021114933
Eulemur sanfordi,923,128,0.182805694629431
Eulemur sanfordi,928,128,1.00536820483017
Eulemur sanfordi,929,128,2.37624750380063
Eulemur sanfordi,931,128,0.274192454328179
Eulemur sanfordi,935,128,0.182784649551272
Eulemur sanfordi,944,128,0.182778454094648
Eulemur sanfordi,947,128,7.67678403816092
Eulemur sanfordi,959,128,1.55373825480127
Eulemur sanfordi,974,128,8.49783825707888
Eulemur sanfordi,988,128,0.274089461484194
Eulemur sanfordi,1001,128,9.5018882179122
Eulemur sanfordi,1002,128,4.567756926453
Eulemur sanfordi,1012,128,0.456749789226651
Eulemur sanfordi,31,99,0.55664420881176
Eulemur sanfordi,34,99,0.371099061261296
Eulemur sanfordi,35,99,0.556625695955813
Eulemur sanfordi,39,99,9.3690831852839
Eulemur sanfordi,40,99,0.185535398295105
Eulemur sanfordi,44,99,0.463806772104442
Eulemur sanfordi,48,99,0.27827526928854
Eulemur sanfordi,50,99,0.185499234954476
Eulemur sanfordi,51,99,0.278243954662919
Eulemur sanfordi,52,99,26.0608411523744
Eulemur sanfordi,68,99,1.39092521476799
Eulemur sanfordi,75,99,4.63579200248468
Eulemur sanfordi,2890,99,0.370900267166376
Eulemur sanfordi,2891,99,0.463541480594814
Eulemur sanfordi,1112,137,49.6388001500808
Eulemur sanfordi,1146,137,0.364942030489683
Eulemur sanfordi,2888,137,0.456175956650376
Eulemur sanfordi,2892,137,44.7196147776582
Eulemur sanfordi,2893,137,29.6552824548971
Eulemur sanfordi,2894,137,1.36878947938347
Eulemur sanfordi,2902,137,0.273738447341442
Eulemur sanfordi,2903,137,0.364971116543174
Eulemur sanfordi,2906,137,0.364952150581956
Eulemur sanfordi,2598,138,58.113791807033
Eulemur sanfordi,2910,138,0.360806249891043
Euryceros prevostii,1,1,24.6990569160829
Euryceros prevostii,2,2,26.7192827727436
Euryceros prevostii,50,2,18.6159244086656
Euryceros prevostii,53,2,44.5077791231942
Euryceros prevostii,54,2,72.6841925792621
Euryceros prevostii,55,2,9.25207177810681
Euryceros prevostii,58,2,20.4450502154253
Euryceros prevostii,7,3,31.6875166683323
Euryceros prevostii,11,3,22.858108584332
Euryceros prevostii,14,3,0.914022286538959
Euryceros prevostii,21,3,3.10483766981149
Euryceros prevostii,22,3,19.1757271733138
Euryceros prevostii,52,3,16.7397833633029
Euryceros prevostii,59,3,1.18887316902965
Euryceros prevostii,62,3,22.4907523126593
Falco zoniventris,46,1,19.9337849990107
Falco zoniventris,55,1,16.2380797407139
Falco zoniventris,58,1,199.713422927767
Falco zoniventris,86,1,50.551453219145
Falco zoniventris,96,1,116.961786446988
Falco zoniventris,185,1,266.73838817703
Falco zoniventris,1373,1,28.7773817194842
Falco zoniventris,1374,1,59.3584008869
Falco zoniventris,1388,1,90.3937869662622
Falco zoniventris,1392,1,104.451769868596
Falco zoniventris,1393,1,180.351922799822
Falco zoniventris,1409,1,18.6159244086656
Falco zoniventris,1412,1,19.4390238963762
Falco zoniventris,1413,1,20.4450502154253
Falco zoniventris,1430,1,72.6841925792621
Falco zoniventris,1431,1,9.25207177810681
Falco zoniventris,1434,1,22.858108584332
Falco zoniventris,1436,1,9.73881683759956
Falco zoniventris,1439,1,35.3553316235078
Falco zoniventris,1449,1,229.563098744103
Falco zoniventris,1451,1,49.838144357936
Falco zoniventris,1453,1,6.63162645037937
Falco zoniventris,1459,1,41.3466555927123
Falco zoniventris,1460,1,18.9694426773024
Falco zoniventris,1461,1,29.0935194916896
Falco zoniventris,1463,1,165.589230952063
Falco zoniventris,1464,1,167.386348684994
Falco zoniventris,1466,1,112.759319549504
Falco zoniventris,1467,1,191.049731459298
Falco zoniventris,1470,1,6.25186649493641
Falco zoniventris,1489,1,35.4042812702756
Falco zoniventris,1490,1,31.2682529843574
Falco zoniventris,1491,1,26.7192827727436
Falco zoniventris,1493,1,59.930225967488
Falco zoniventris,1494,1,30.0885079199013
Falco zoniventris,1495,1,156.395880634442
Falco zoniventris,1496,1,58.8448757092075
Falco zoniventris,1497,1,129.022534146316
Falco zoniventris,1500,1,21.6030064475268
Falco zoniventris,1501,1,47.86339402205
Falco zoniventris,1506,1,22.4907523126593
Falco zoniventris,359,2,36.331879859746
Falco zoniventris,371,2,52.2268727901955
Falco zoniventris,427,2,57.9536162531174
Falco zoniventris,454,2,89.7882265229853
Falco zoniventris,468,2,455.304276357035
Falco zoniventris,919,2,21.5096479841157
Falco zoniventris,1283,2,17.1081231937802
Falco zoniventris,1300,2,6.47518067736232
Falco zoniventris,1301,2,58.113791807033
Falco zoniventris,1356,2,27.5139015001006
Falco zoniventris,591,4,13.0789196686617
Falco zoniventris,663,4,244.188758729789
Falco zoniventris,724,4,46.5723968884147
Falco zoniventris,996,4,29.0032743569901
Falco zoniventris,1002,4,20.6310542039179
Falco zoniventris,1036,4,13.0307413413469
Falco zoniventris,1039,4,112.468627701651
Falco zoniventris,1163,4,36.3826787541578
Falco zoniventris,1171,4,7.8043101934992
Falco zoniventris,1181,4,9.25706128804803
Falco zoniventris,1330,4,15.0236706233649
Falco zoniventris,1479,4,128.593216990634
Falculea palliata,3380,8,25.2530937962923
Falculea palliata,4115,13,31.0182859874093
Falculea palliata,33,21,0.463597745714188
Falculea palliata,34,21,43.2038186617044
Falculea palliata,113,25,0.462834125284791
Falculea palliata,116,25,43.0377824654073
Falculea palliata,129,25,1.48074673073471
Falculea palliata,131,25,1.66577102635694
Falculea palliata,1511,12,0.452763459861875
Falculea palliata,1530,12,38.2051651932399
Falculea palliata,1535,12,3.07696966736638
Falculea palliata,1538,12,0.723997986286044
Falculea palliata,1828,7,45.6640702512723
Falculea palliata,1782,29,0.449603298739433
Falculea palliata,1797,29,36.331879859746
Falculea palliata,4387,29,0.449634089967847
Falculea palliata,4400,29,6.47518067736232
Falculea palliata,595,10,49.6388001500808
Falculea palliata,611,10,0.456175956650972
Falculea palliata,4348,10,2.73946711541033
Falculea palliata,4445,10,9.49246813121474
Falculea palliata,4450,10,47.0873940339344
Falculea palliata,4452,10,9.76347256987822
Falculea palliata,4453,10,1.36878947938347
Falculea palliata,4455,10,1.1862571950016
Falculea palliata,3051,22,13.1672804516124
Falculea palliata,3381,22,244.188758729789
Falculea palliata,4184,22,29.0032743569901
Falculea palliata,4190,22,20.6310542039179
Falculea palliata,4239,22,13.0307413413469
Falculea palliata,4240,22,3.87195306908155
Falculea palliata,4241,22,6.06907414019537
Falculea palliata,4369,22,7.8043101934992
Falculea palliata,4380,22,9.25706128804803
Falculea palliata,4383,22,4.31856011909986
Falculea palliata,4425,22,15.0236706233649
Falculea palliata,4474,22,128.593216990634
Falculea palliata,4476,22,0.4416432086097
Falculea palliata,4482,22,1.32280871870244
Falculea palliata,3659,31,46.5723968884147
Falculea palliata,4242,31,112.468627701651
Falculea palliata,4361,31,36.3826787541578
Falculea palliata,528,24,18.2767366788028
Falculea palliata,4278,24,0.456764738324761
Falculea palliata,4446,24,13.2478972172724
Falculea palliata,4448,24,12.4246882102063
Falculea palliata,3854,26,118.305284790413
Falculea palliata,4285,26,9.30872783193505
Falculea palliata,4481,26,2.60537814308274
Falculea palliata,2006,30,21.5096479841157
Falculea palliata,2017,30,57.9536162531174
Falculea palliata,2038,30,3.3134309653126
Falculea palliata,2141,30,89.7882265229853
Falculea palliata,2205,30,455.304276357035
Falculea palliata,4205,30,3.75955498127008
Falculea palliata,4394,30,17.1081231937802
Falculea palliata,4435,30,27.5139015001006
Foudia madagascariensis,40695,169,13.1672804516135
Foudia madagascariensis,690,187,43.4528749465152
Foudia madagascariensis,41559,188,44.4928427752445
Foudia madagascariensis,783,155,0.370271373195231
Foudia madagascariensis,785,155,0.462834125284791
Foudia madagascariensis,789,155,43.0377824654073
Foudia madagascariensis,790,155,0.18513059458977
Foudia madagascariensis,825,155,1.48074673073471
Foudia madagascariensis,831,155,1.66577102635694
Foudia madagascariensis,838,155,0.277623898765862
Foudia madagascariensis,845,155,0.277610584835947
Foudia madagascariensis,375,185,0.463597745714188
Foudia madagascariensis,494,185,43.2038186617044
Foudia madagascariensis,41760,192,112.468627701651
Foudia madagascariensis,16373,89,38.2051651932399
Foudia madagascariensis,16427,89,3.07696966736627
Foudia madagascariensis,16434,89,0.723997986286044
Foudia madagascariensis,16500,89,0.361958205401897
Foudia madagascariensis,42086,89,0.452763459861636
Foudia madagascariensis,39554,196,0.777178853789091
Foudia madagascariensis,41935,196,0.604549703200817
Foudia madagascariensis,42165,196,27.2715936270507
Foudia madagascariensis,42166,196,29.4123165165292
Foudia madagascariensis,42167,196,29.3885406549345
Foudia madagascariensis,42168,196,20.6592519148769
Foudia madagascariensis,42169,196,19.9515621485635
Foudia madagascariensis,20977,193,0.449603298739433
Foudia madagascariensis,20978,193,0.359686745625973
Foudia madagascariensis,21175,193,36.331879859746
Foudia madagascariensis,42088,193,0.449634089967847
Foudia madagascariensis,42188,193,6.47518067736232
Foudia madagascariensis,23416,96,52.2268727901955
Foudia madagascariensis,41929,184,64.9869920614074
Foudia madagascariensis,42448,221,52.0931107730117
Foudia madagascariensis,42404,215,31.1097970257607
Foudia madagascariensis,42405,215,29.6010280215059
Foudia madagascariensis,42490,223,26.6587824925889
Foudia madagascariensis,42492,223,16.2380797407103
Foudia madagascariensis,41204,165,46.5723968884147
Foudia madagascariensis,42040,165,36.3826787541578
Foudia madagascariensis,8663,224,5.85033975470352
Foudia madagascariensis,8681,224,16.0871950112813
Foudia madagascariensis,8766,224,0.182805694629431
Foudia madagascariensis,8778,224,0.274201118186474
Foudia madagascariensis,8813,224,0.274192454328179
Foudia madagascariensis,8854,224,0.182784649551272
Foudia madagascariensis,8855,224,1.18809712456632
Foudia madagascariensis,8892,224,0.182778454094648
Foudia madagascariensis,8914,224,4.38649564416385
Foudia madagascariensis,9083,224,8.86332816260099
Foudia madagascariensis,9154,224,0.274089461484194
Foudia madagascariensis,40874,224,4.567756926453
Foudia madagascariensis,41853,224,1.55373825480127
Foudia madagascariensis,41938,224,10.0499887125863
Foudia madagascariensis,42520,227,90.3937869662622
Foudia madagascariensis,247,93,0.55664420881176
Foudia madagascariensis,257,93,0.371099061261296
Foudia madagascariensis,260,93,0.556625695955813
Foudia madagascariensis,272,93,0.185535398295105
Foudia madagascariensis,280,93,0.463806772104442
Foudia madagascariensis,289,93,0.27827526928854
Foudia madagascariensis,309,93,0.278243954662919
Foudia madagascariensis,349,93,111.568243325615
Foudia madagascariensis,358,93,1.39092521476799
Foudia madagascariensis,393,93,4.63579200248468
Foudia madagascariensis,41887,93,56.8711675529887
Foudia madagascariensis,42578,93,0.185499234954834
Foudia madagascariensis,42582,93,0.370900267166376
Foudia madagascariensis,42583,93,0.463541480594814
Foudia madagascariensis,1933,113,19.9337849990107
Foudia madagascariensis,42491,113,199.713422927767
Foudia madagascariensis,9593,132,18.2767366788028
Foudia madagascariensis,41851,132,0.456764738324761
Foudia madagascariensis,42598,132,13.2478972172724
Foudia madagascariensis,42600,132,12.4246882102063
Foudia madagascariensis,39746,166,118.305284790413
Foudia madagascariensis,40716,166,12.0483039035159
Foudia madagascariensis,41369,166,17.8876522784661
Foudia madagascariensis,41412,166,45.1360753508905
Foudia madagascariensis,41521,166,444.224390635293
Foudia madagascariensis,41858,166,9.30872783193505
Foudia madagascariensis,42644,166,0.347873258495212
Foudia madagascariensis,42647,166,2.60537814308274
Foudia madagascariensis,40693,170,245.072463241854
Foudia madagascariensis,41752,170,13.3829553466861
Foudia madagascariensis,41753,170,3.87195306908155
Foudia madagascariensis,41754,170,6.06907414019537
Foudia madagascariensis,42055,170,9.25706128804803
Foudia madagascariensis,42058,170,4.31856011909986
Foudia madagascariensis,42235,170,15.0236706233649
Foudia madagascariensis,42649,170,0.353583403214455
Foudia madagascariensis,42650,170,0.176773350173593
Foudia madagascariensis,42651,170,0.265129139435411
Foudia madagascariensis,42655,170,128.593216990634
Foudia madagascariensis,42657,170,0.4416432086097
Foudia madagascariensis,42658,170,0.176550483103275
Foudia madagascariensis,24168,195,57.9536162531174
Foudia madagascariensis,24404,195,3.3134309653126
Foudia madagascariensis,25847,195,89.7882265229853
Foudia madagascariensis,26786,195,455.304276357035
Foudia madagascariensis,41537,195,21.5096479841157
Foudia madagascariensis,41670,195,3.75955498127008
Foudia madagascariensis,42157,195,17.1081231937802
Foudia madagascariensis,42431,195,27.5139015001006
Foudia madagascariensis,42189,198,58.113791807033
Foudia madagascariensis,42663,198,0.360806249891043
Foudia madagascariensis,41646,201,29.0032743569901
Foudia madagascariensis,42659,201,1.32280871870244
Foudia madagascariensis,18271,206,0.812480411258936
Foudia madagascariensis,42287,206,16.6994855698657
Foudia madagascariensis,42323,206,51.6424033209818
Foudia madagascariensis,42365,206,59.0116196877182
Foudia madagascariensis,42568,206,1.17365293457222
Foudia madagascariensis,42569,206,0.180557963597178
Foudia madagascariensis,30660,209,0.620648212959528
Foudia madagascariensis,30692,209,0.265972006814122
Foudia madagascariensis,30734,209,0.709200345668078
Foudia madagascariensis,30772,209,0.177290677110672
Foudia madagascariensis,42325,209,88.5629699935415
Foudia madagascariensis,42326,209,0.177275942426443
Foudia madagascariensis,42327,209,0.177274304782152
Foudia madagascariensis,42391,209,9.04229392746901
Foudia madagascariensis,42482,209,31.2831288292474
Foudia madagascariensis,42666,209,1.41985175199318
Foudia madagascariensis,42667,209,30.9497681570663
Foudia madagascariensis,42668,209,0.531935836720109
Foudia madagascariensis,42670,209,3.01150757306588
Foudia madagascariensis,4239,222,0.459616383672059
Foudia madagascariensis,4266,222,0.183841973942041
Foudia madagascariensis,4279,222,0.643432019172192
Foudia madagascariensis,4288,222,0.275752651619673
Foudia madagascariensis,4318,222,0.367655302864194
Foudia madagascariensis,4347,222,1.56243208603442
Foudia madagascariensis,4348,222,0.275729722221732
Foudia madagascariensis,4383,222,0.275717098941624
Foudia madagascariensis,4405,222,0.275709061498523
Foudia madagascariensis,4413,222,0.459508593737841
Foudia madagascariensis,4426,222,0.45949710468936
Foudia madagascariensis,4427,222,1.1946710927344
Foudia madagascariensis,4447,222,0.183794934333146
Foudia madagascariensis,4462,222,3.21620605602294
Foudia madagascariensis,4463,222,0.551364106284499
Foudia madagascariensis,4476,222,1.10266377710527
Foudia madagascariensis,4490,222,0.183781132994473
Foudia madagascariensis,4491,222,0.367564567481756
Foudia madagascariensis,4506,222,0.183777680330634
Foudia madagascariensis,4514,222,0.551319225258708
Foudia madagascariensis,4523,222,0.183773075227499
Foudia madagascariensis,4533,222,1.10259928914046
Foudia madagascariensis,4540,222,2.02137478975803
Foudia madagascariensis,4541,222,0.826945434479237
Foudia madagascariensis,4551,222,0.643170052255213
Foudia madagascariensis,4561,222,0.183763859938979
Foudia madagascariensis,4570,222,0.183761555059075
Foudia madagascariensis,4571,222,1.65382056523675
Foudia madagascariensis,4618,222,0.826825480994821
Foudia madagascariensis,4666,222,0.459349671094894
Foudia madagascariensis,4704,222,0.367459639964223
Foudia madagascariensis,4732,222,0.183724619395971
Foudia madagascariensis,4733,222,0.275586929093957
Foudia madagascariensis,4745,222,1.46972063059181
Foudia madagascariensis,4746,222,0.275577679304183
Foudia madagascariensis,4914,222,0.367363554798603
Foudia madagascariensis,5100,222,116.961786446988
Foudia madagascariensis,5151,222,0.275443051051259
Foudia madagascariensis,13853,222,266.73838817703
Foudia madagascariensis,41073,222,50.551453219145
Foudia madagascariensis,41074,222,0.643524707942724
Foudia madagascariensis,41978,222,86.9343049463478
Foudia madagascariensis,41983,222,0.64434884884876
Foudia madagascariensis,41985,222,0.368126523456812
Foudia madagascariensis,42505,222,28.7773817194842
Foudia madagascariensis,42506,222,59.3584008869
Foudia madagascariensis,42533,222,180.351922799822
Foudia madagascariensis,42552,222,19.4390238963762
Foudia madagascariensis,42577,222,22.858108584332
Foudia madagascariensis,42584,222,1.10266607838708
Foudia madagascariensis,42585,222,9.73881683759956
Foudia madagascariensis,42586,222,1.01060090259051
Foudia madagascariensis,42587,222,0.275615805294395
Foudia madagascariensis,42588,222,35.3553316235078
Foudia madagascariensis,42589,222,0.18370726844728
Foudia madagascariensis,42590,222,0.183688734582305
Foudia madagascariensis,42619,222,1.38241570732784
Foudia madagascariensis,42620,222,229.563098744103
Foudia madagascariensis,42621,222,3.22509111988759
Foudia madagascariensis,42622,222,49.838144357936
Foudia madagascariensis,42623,222,1.19747486800289
Foudia madagascariensis,42624,222,6.63162645037937
Foudia madagascariensis,42625,222,0.18421854041934
Foudia madagascariensis,42629,222,1.74986507844645
Foudia madagascariensis,42630,222,41.3466555927123
Foudia madagascariensis,42631,222,18.9694426773024
Foudia madagascariensis,42632,222,29.0935194916896
Foudia madagascariensis,42633,222,1.19697195979625
Foudia madagascariensis,42634,222,165.589230952063
Foudia madagascariensis,42635,222,167.386348684994
Foudia madagascariensis,42636,222,0.184096948427022
Foudia madagascariensis,42637,222,2.02445275485683
Foudia madagascariensis,42638,222,142.937192083356
Foudia madagascariensis,42639,222,191.141696945506
Foudia madagascariensis,42641,222,0.919496630983412
Foudia madagascariensis,42642,222,6.25186649493641
Foudia madagascariensis,42643,222,1.37902412587363
Foudia madagascariensis,42675,222,35.4042812702756
Foudia madagascariensis,42676,222,31.2682529843574
Foudia madagascariensis,42679,222,59.930225967488
Foudia madagascariensis,42680,222,30.0885079199013
Foudia madagascariensis,42681,222,156.395880634442
Foudia madagascariensis,42682,222,58.9365145738444
Foudia madagascariensis,42683,222,129.022534146316
Foudia madagascariensis,42684,222,0.1831612099756
Foudia madagascariensis,42686,222,21.6030064475268
Foudia madagascariensis,42687,222,47.86339402205
Foudia madagascariensis,42689,222,1.18887316902965
Foudia madagascariensis,42690,222,0.365803726961494
Foudia madagascariensis,42692,222,22.4907523126593
Foudia madagascariensis,42694,222,0.91402228653884
Foudia madagascariensis,42532,231,104.451769868596
Foudia madagascariensis,42677,231,26.7192827727436
Foudia madagascariensis,42549,232,18.7076370258816
Foudia madagascariensis,42553,232,20.4450502154253
Foudia madagascariensis,42573,228,72.6841925792621
Foudia madagascariensis,42574,228,9.25207177810681
Foudia madagascariensis,10397,229,0.364942030489326
Foudia madagascariensis,10413,229,0.456175956650972
Foudia madagascariensis,10747,229,164.635079438637
Foudia madagascariensis,42454,229,2.73946711541033
Foudia madagascariensis,42483,229,9.58373740822244
Foudia madagascariensis,42603,229,45.0847132855617
Foudia madagascariensis,42606,229,1.36878947938347
Foudia madagascariensis,42608,229,1.7337707149651
Foudia madagascariensis,42613,229,0.273738447341442
Foudia madagascariensis,42614,229,0.364971116543174
Foudia madagascariensis,42617,229,0.364952150581956
Foudia madagascariensis,42669,229,1.55205922298586
Foudia madagascariensis,41651,230,20.6310542039179
Foudia madagascariensis,42053,230,7.8043101934992
Foudia omissa,8109,26,29.4123165165292
Foudia omissa,8289,26,27.2715936270507
Foudia omissa,8290,26,29.3885406549345
Foudia omissa,8291,26,20.6592519148769
Foudia omissa,8435,44,52.0931107730117
Foudia omissa,8428,39,31.1097970257607
Foudia omissa,8429,39,29.6010280215059
Foudia omissa,8467,46,26.6587824925889
Foudia omissa,8469,46,16.2380797407103
Foudia omissa,960,47,0.273849359069586
Foudia omissa,961,47,0.182563724761963
Foudia omissa,8491,47,61.0887142109144
Foudia omissa,1,1,56.8711675529887
Foudia omissa,8248,1,47.8547419104009
Foudia omissa,110,3,1.1995567112959
Foudia omissa,179,3,4.33443217345184
Foudia omissa,8468,3,163.370810040243
Foudia omissa,927,9,59.3584008869
Foudia omissa,8486,9,3.38332418211758
Foudia omissa,8517,9,6.67439570552647
Foudia omissa,8533,9,16.7397833633029
Foudia omissa,8534,9,31.2682529843574
Foudia omissa,8558,9,1.18887316902965
Foudia omissa,8559,9,0.365803726961494
Foudia omissa,1697,30,0.812480411258936
Foudia omissa,8321,30,16.6994855698657
Foudia omissa,8323,30,0.180557963597178
Foudia omissa,8350,30,51.6424033209818
Foudia omissa,8398,30,59.0116196877182
Foudia omissa,8526,30,1.17365293457222
Foudia omissa,6348,33,0.620648212959528
Foudia omissa,6351,33,0.265972006814122
Foudia omissa,6356,33,0.709200345668078
Foudia omissa,6363,33,0.177290677110672
Foudia omissa,8352,33,88.5629699935415
Foudia omissa,8353,33,0.177275942426443
Foudia omissa,8354,33,0.177274304782152
Foudia omissa,8422,33,9.04229392746901
Foudia omissa,8466,33,31.2831288292474
Foudia omissa,8535,33,1.41985175199318
Foudia omissa,8536,33,30.9497681570663
Foudia omissa,8537,33,0.531935836720109
Foudia omissa,8538,33,3.01150757306588
Foudia omissa,268,45,40.2587459644453
Foudia omissa,280,45,0.276286701651156
Foudia omissa,281,45,1.65764340949798
Foudia omissa,395,45,0.4598808172791
Foudia omissa,879,45,266.73838817703
Foudia omissa,8471,45,205.339637470163
Foudia omissa,8496,45,30.0109975610422
Foudia omissa,8543,45,1.38241570732784
Foudia omissa,8544,45,3.22509111988759
Foudia omissa,8545,45,0.276285589256227
Foudia omissa,8546,45,41.3466555927123
Foudia omissa,8547,45,18.9694426773024
Foudia omissa,8548,45,29.0935194916896
Foudia omissa,8549,45,167.386348684994
Foudia omissa,8550,45,143.862175435587
Foudia omissa,8551,45,0.184096948427022
Foudia omissa,8552,45,129.050501831876
Foudia omissa,8553,45,191.049731459298
Foudia omissa,8555,45,0.919496630983412
Foudia omissa,8556,45,6.25186649493641
Foudia omissa,8557,45,1.37902412587363
Foudia omissa,495,50,79.4817997485701
Foudia omissa,691,51,109.531278661034
Foudia omissa,838,51,20.2301521301134
Foudia omissa,8492,51,29.9898296926183
Foudia omissa,8494,51,150.320221903983
Foudia omissa,8532,51,71.523950457575
Foudia omissa,8495,52,104.451769868596
Foudia omissa,8561,52,26.7192827727436
Foudia omissa,8512,53,18.6159244086656
Foudia omissa,8515,53,20.4450502154253
Foudia omissa,8530,49,72.6841925792621
Foudia omissa,8531,49,9.25207177810681
Gactornis enarratus,1,1,56.8711675529887
Gactornis enarratus,1820,1,28.8450665179954
Gactornis enarratus,1808,5,29.4123165165292
Gactornis enarratus,1855,5,27.2715936270507
Gactornis enarratus,1977,15,52.0931107730117
Gactornis enarratus,1974,8,31.1097970257607
Gactornis enarratus,1975,8,29.6010280215059
Gactornis enarratus,2036,18,90.3937869662622
Gactornis enarratus,10,2,7.65654382250775
Gactornis enarratus,11,2,4.33443217345184
Gactornis enarratus,2018,2,26.6587824925889
Gactornis enarratus,2019,2,131.080365377672
Gactornis enarratus,2020,2,16.2380797407103
Gactornis enarratus,28,19,40.2587459644549
Gactornis enarratus,29,19,1.65764340949857
Gactornis enarratus,197,19,266.73838817703
Gactornis enarratus,2031,19,59.3584008869
Gactornis enarratus,2043,19,104.451769868596
Gactornis enarratus,2044,19,180.351922799822
Gactornis enarratus,2060,19,18.6159244086656
Gactornis enarratus,2063,19,20.4450502154253
Gactornis enarratus,2066,19,24.0690321273829
Gactornis enarratus,2072,19,72.6841925792621
Gactornis enarratus,2073,19,9.25207177810681
Gactornis enarratus,2080,19,22.858108584332
Gactornis enarratus,2081,19,1.38241570732784
Gactornis enarratus,2082,19,205.339637470163
Gactornis enarratus,2083,19,3.22509111988759
Gactornis enarratus,2085,19,41.3466555927123
Gactornis enarratus,2086,19,18.9694426773024
Gactornis enarratus,2087,19,29.0935194916896
Gactornis enarratus,2088,19,167.386348684994
Gactornis enarratus,2089,19,143.862175435587
Gactornis enarratus,2091,19,56.3023597985351
Gactornis enarratus,2092,19,191.049731459298
Gactornis enarratus,2093,19,13.9784614762996
Gactornis enarratus,2096,19,6.25186649493641
Gactornis enarratus,2105,19,35.4042812702756
Gactornis enarratus,2106,19,31.2682529843574
Gactornis enarratus,2107,19,26.7192827727436
Gactornis enarratus,2109,19,59.930225967488
Gactornis enarratus,2110,19,30.0885079199013
Gactornis enarratus,2111,19,156.395880634442
Gactornis enarratus,2112,19,29.3273690508683
Gactornis enarratus,2113,19,129.022534146316
Gactornis enarratus,2117,19,1.18887316902965
Gactornis enarratus,2120,19,22.4907523126593
Gactornis enarratus,1875,4,16.6994855698657
Gactornis enarratus,1900,4,51.6424033209818
Gactornis enarratus,1946,4,59.0116196877182
Gactornis enarratus,2068,4,1.17365293457222
Gactornis enarratus,1915,12,88.5629699935415
Gactornis enarratus,1970,12,9.04229392746901
Gactornis enarratus,2016,12,31.2831288292474
Gactornis enarratus,2097,12,1.41985175199318
Gactornis enarratus,2098,12,30.9497681570663
Gactornis enarratus,2100,12,3.01150757306588
Geobiastes squamiger,3,1,18.9694426773024
Geobiastes squamiger,6,1,26.791479663334
Geobiastes squamiger,8,1,116.524702947247
Geobiastes squamiger,9,1,23.2776854783
Geobiastes squamiger,11,1,55.5464891757995
Geobiastes squamiger,12,1,72.5407723557468
Geobiastes squamiger,15,1,104.451769868596
Geobiastes squamiger,20,1,20.4450502154253
Geobiastes squamiger,22,1,72.6841925792621
Geobiastes squamiger,30,1,9.25207177810681
Geobiastes squamiger,416,1,18.6159244086656
Geobiastes squamiger,419,1,28.7459032692887
Geobiastes squamiger,420,1,26.7192827727436
Geobiastes squamiger,24,2,28.7773817194793
Geobiastes squamiger,36,2,129.022534146316
Geobiastes squamiger,42,2,59.3584008869
Geobiastes squamiger,47,2,22.4907523126593
Geobiastes squamiger,55,2,86.1021201956665
Geobiastes squamiger,418,2,29.961795364261
Geobiastes squamiger,423,2,27.3172305322795
Geobiastes squamiger,424,2,46.8284286673691
Geobiastes squamiger,427,2,18.6644979069725
Geobiastes squamiger,428,2,31.2682529843574
Geogale aurita,67,20,0.370271373195231
Geogale aurita,69,20,0.0925668250995874
Geogale aurita,71,20,18.9744048029395
Geogale aurita,72,20,0.18513059458977
Geogale aurita,79,20,1.48074673073471
Geogale aurita,186,58,20.6591479170249
Geogale aurita,187,59,11.0677904937422
Geogale aurita,189,61,7.19359772695065
Geogale aurita,239,83,0.368458156106472
Geogale aurita,240,83,4.97389831733626
Geogale aurita,592,120,3.21620605602419
Geogale aurita,1055,190,2.64969806134474
Geogale aurita,1063,190,0.274089461484194
Geogale aurita,1064,190,0.0913643975844383
Geogale aurita,1068,190,0.0913631538983583
Geogale aurita,1076,190,7.03479595916306
Geogale aurita,1079,190,4.56775692645169
Geogale aurita,1081,190,0.456749789226651
Geogale aurita,1489,281,7.69327844079459
Geogale aurita,1494,281,0.0905061372197867
Geogale aurita,1822,805,3.3134309653126
Geogale aurita,1864,339,89.7882265230072
Geogale aurita,3032,574,68.4073900828574
Geogale aurita,4195,349,3.75955498127008
Geogale aurita,4216,868,44.4928427752445
Geogale aurita,4265,881,98.5473947674056
Geogale aurita,19,5,0.0927073077802658
Geogale aurita,31,5,43.1111113539241
Geogale aurita,38,10,21.0334598369182
Geogale aurita,42,10,0.0926675960290432
Geogale aurita,45,10,0.0926606114119887
Geogale aurita,872,169,19.7722950257891
Geogale aurita,1855,342,51.2002113748953
Geogale aurita,4006,852,29.4123165165292
Geogale aurita,4312,897,0.604549703200817
Geogale aurita,4390,897,19.9515621485635
Geogale aurita,4387,898,27.2715936270507
Geogale aurita,4388,899,29.3885406549345
Geogale aurita,4389,900,20.6592519148769
Geogale aurita,1706,309,0.0899370735929012
Geogale aurita,1709,309,0.449603298739433
Geogale aurita,1710,309,0.359686745625973
Geogale aurita,1712,309,36.331879859746
Geogale aurita,1708,903,0.0899238860028982
Geogale aurita,4369,903,0.449634089967847
Geogale aurita,4404,903,6.47518067736232
Geogale aurita,1809,336,17.1081231937802
Geogale aurita,1810,337,42.7215934479371
Geogale aurita,1785,330,16.3121433096236
Geogale aurita,157,46,19.9337849990107
Geogale aurita,185,56,38.0118100940852
Geogale aurita,791,146,19.4390238963762
Geogale aurita,11,4,13.6291985780152
Geogale aurita,4453,4,0.0927211263144612
Geogale aurita,248,81,29.7439079649625
Geogale aurita,243,82,19.8947032073931
Geogale aurita,252,82,1.93420808195144
Geogale aurita,278,914,4.23704192003864
Geogale aurita,4454,915,6.63162645037937
Geogale aurita,4459,915,1.74986507844645
Geogale aurita,264,85,82.3436727737423
Geogale aurita,266,87,18.9694426773024
Geogale aurita,541,103,0.183841973942041
Geogale aurita,545,103,0.643432019172192
Geogale aurita,571,103,0.275717098941624
Geogale aurita,577,103,0.275709061498523
Geogale aurita,582,103,0.459508593737543
Geogale aurita,587,103,0.45949710468936
Geogale aurita,716,103,116.961786446988
Geogale aurita,4478,103,0.0918368279622793
Geogale aurita,4480,103,0.091829860622406
Geogale aurita,600,916,1.10266377710527
Geogale aurita,615,916,0.826945434479237
Geogale aurita,641,916,0.367459639964223
Geogale aurita,4470,916,9.73881683759956
Geogale aurita,654,917,1.46972063059181
Geogale aurita,4473,917,35.3553316235078
Geogale aurita,4474,917,0.18370726844728
Geogale aurita,4477,917,0.0918368279622793
Geogale aurita,4479,917,0.091829860622406
Geogale aurita,4481,917,0.0918124089481831
Geogale aurita,4482,917,0.0918112438106537
Geogale aurita,1137,198,9.49246813121474
Geogale aurita,2020,361,207.614994166985
Geogale aurita,3726,704,0.0869155042579174
Geogale aurita,3794,704,36.241404435981
Geogale aurita,4339,704,25.3907382257994
Geogale aurita,4284,882,9.92269784964979
Geogale aurita,4295,886,9.30872783193505
Geogale aurita,1142,889,0.456175956650972
Geogale aurita,4306,889,130.507022484616
Geogale aurita,4483,889,0.0912831197600365
Geogale aurita,4485,889,0.0912755723267794
Geogale aurita,4486,889,1.36878947938347
Geogale aurita,4487,889,0.0912541467659473
Geogale aurita,4488,889,0.0912528845435381
Geogale aurita,4489,889,0.0912490966143608
Geogale aurita,4490,889,0.0912490966143608
Geogale aurita,4491,889,0.091247833550334
Geogale aurita,4492,889,0.273738447341442
Geogale aurita,4493,889,0.364971116543174
Geogale aurita,4494,889,0.0912402507441044
Geogale aurita,4495,889,0.0912389862062931
Geogale aurita,4497,889,0.0912377214585543
Geogale aurita,608,906,56.8728181945585
Geogale aurita,4423,906,21.7270555164749
Geogale aurita,4452,906,23.2776854782997
Geogale aurita,4466,906,27.3374724883393
Geogale aurita,535,910,0.459616383672059
Geogale aurita,547,910,0.275752651619673
Geogale aurita,590,910,0.183794934333146
Geogale aurita,591,910,50.551453219145
Geogale aurita,593,910,0.551364106284499
Geogale aurita,611,910,0.551319225258708
Geogale aurita,617,910,0.643170052255213
Geogale aurita,601,918,109.723364418048
Geogale aurita,4461,919,75.3925588293559
Geogale aurita,4463,920,0.919496630983412
Geogale aurita,4464,920,6.25186649493641
Geogale aurita,4425,913,19.111339641279
Gymnuromys roberti,3549,169,29.4123165165292
Gymnuromys roberti,3642,241,27.2715936270507
Gymnuromys roberti,3643,242,29.3885406549345
Gymnuromys roberti,926,247,0.812480411258936
Gymnuromys roberti,3649,247,16.6994855698657
Gymnuromys roberti,3650,247,1.17365293457222
Gymnuromys roberti,3651,247,0.180557963597178
Gymnuromys roberti,3727,281,52.0931107730117
Gymnuromys roberti,3724,283,31.1097970257607
Gymnuromys roberti,3725,283,29.6010280215059
Gymnuromys roberti,28,7,26.6587824925889
Gymnuromys roberti,3750,7,16.2380797407103
Gymnuromys roberti,1417,249,59.0116196877182
Gymnuromys roberti,41,9,40.2587459644453
Gymnuromys roberti,407,296,191.049731459298
Gymnuromys roberti,3756,297,97.6662505303007
Gymnuromys roberti,3758,297,2.57936223117161
Gymnuromys roberti,3759,297,82.3436727737423
Gymnuromys roberti,3760,297,0.184195212366581
Gymnuromys roberti,3761,298,18.9694426773024
Gymnuromys roberti,3762,299,29.0935194916896
Gymnuromys roberti,3763,300,122.473017589561
Gymnuromys roberti,3764,301,142.569375655921
Gymnuromys roberti,3765,301,0.0919609370105267
Gymnuromys roberti,3766,302,0.919496630983412
Gymnuromys roberti,3767,302,6.25186649493641
Gymnuromys roberti,56,12,89.1007232408122
Gymnuromys roberti,3755,303,29.7439079649625
Gymnuromys roberti,423,20,1.10266377710551
Gymnuromys roberti,424,20,0.183781132994473
Gymnuromys roberti,428,20,2.02137478975803
Gymnuromys roberti,429,20,0.826945434479237
Gymnuromys roberti,439,20,0.367459639964223
Gymnuromys roberti,444,20,0.183724619395971
Gymnuromys roberti,445,20,0.275586929093957
Gymnuromys roberti,451,20,1.46972063059181
Gymnuromys roberti,452,20,0.275577679304183
Gymnuromys roberti,469,20,106.850808508956
Gymnuromys roberti,3769,20,1.10266607838708
Gymnuromys roberti,3770,20,9.73881683759956
Gymnuromys roberti,3771,20,17.7259964366245
Gymnuromys roberti,3772,20,0.18370726844728
Gymnuromys roberti,3775,20,0.0918368279622793
Gymnuromys roberti,3776,20,0.0918368279622793
Gymnuromys roberti,3777,20,0.091829860622406
Gymnuromys roberti,3778,20,0.091829860622406
Gymnuromys roberti,3674,265,51.6424033209818
Gymnuromys roberti,3687,275,88.5629699935415
Gymnuromys roberti,3779,275,1.41985175199318
Gymnuromys roberti,3780,275,30.9497681570663
Gymnuromys roberti,3749,291,31.2831288292474
Gymnuromys roberti,519,292,144.917826678593
Gymnuromys roberti,3754,295,3.58163395581061
Hapalemur aureus,100,9,1.17365293457222
Hapalemur aureus,102,9,0.180557963597178
Hapalemur aureus,103,9,0.812480411258936
Hapalemur aureus,104,9,16.6994855698657
Hapalemur aureus,105,9,59.0116196877248
Hapalemur aureus,333,20,9.04229392746949
Hapalemur aureus,334,20,0.620648212959528
Hapalemur aureus,337,20,0.265972006814122
Hapalemur aureus,341,20,0.709200345668078
Hapalemur aureus,345,20,0.177290677110672
Hapalemur aureus,347,20,0.177274304782391
Hapalemur aureus,369,20,30.9497681570663
Hapalemur aureus,409,20,0.177275942426443
Hapalemur aureus,412,20,29.8958048109995
Hapalemur aureus,411,21,31.2831288292474
Hapalemur griseus,203,7,0.463597745714188
Hapalemur griseus,263,7,43.2038186617044
Hapalemur griseus,429,13,0.370271373195231
Hapalemur griseus,431,13,0.462834125284791
Hapalemur griseus,434,13,43.0377824654073
Hapalemur griseus,435,13,0.18513059458977
Hapalemur griseus,449,13,1.48074673073471
Hapalemur griseus,450,13,1.66577102635694
Hapalemur griseus,452,13,0.277623898765862
Hapalemur griseus,454,13,0.277610584835947
Hapalemur griseus,277,376,43.2675847418705
Hapalemur griseus,19242,558,64.9869920614074
Hapalemur griseus,8475,95,38.0240908844043
Hapalemur griseus,8532,95,3.07696966736627
Hapalemur griseus,8539,95,0.723997986286044
Hapalemur griseus,8570,95,0.361958205401897
Hapalemur griseus,19355,95,0.452763459861636
Hapalemur griseus,18887,550,0.777178853789091
Hapalemur griseus,19248,550,0.604549703200817
Hapalemur griseus,19412,550,19.9515621485635
Hapalemur griseus,19408,551,27.2715936270507
Hapalemur griseus,19409,552,29.4123165165292
Hapalemur griseus,19410,553,29.3885406549345
Hapalemur griseus,19411,554,20.6592519148769
Hapalemur griseus,12495,555,3.3134309653126
Hapalemur griseus,19404,555,13.8841261984153
Hapalemur griseus,10770,358,36.331879859746
Hapalemur griseus,10940,358,0.449603298739433
Hapalemur griseus,10941,358,0.359686745625973
Hapalemur griseus,19357,358,0.449634089967847
Hapalemur griseus,19430,358,6.47518067736232
Hapalemur griseus,11118,404,51.8674302060766
Hapalemur griseus,5014,531,24.6792146248873
Hapalemur griseus,5033,531,2.83342021114933
Hapalemur griseus,5052,531,1.00536820483017
Hapalemur griseus,18998,531,2.46812535342705
Hapalemur griseus,19596,592,52.0931107730117
Hapalemur griseus,19587,593,31.1097970257607
Hapalemur griseus,19588,593,29.6010280215059
Hapalemur griseus,12349,137,27.5139015001006
Hapalemur griseus,12400,137,41.0293049223326
Hapalemur griseus,19586,137,5.19750467449212
Hapalemur griseus,5064,594,1.18809712456667
Hapalemur griseus,5082,594,4.38649564416385
Hapalemur griseus,5135,594,8.49783825707888
Hapalemur griseus,5176,594,0.274089461484194
Hapalemur griseus,5220,594,9.5018882179122
Hapalemur griseus,5221,594,4.567756926453
Hapalemur griseus,19251,594,0.456749789226413
Hapalemur griseus,9614,510,0.812480411258936
Hapalemur griseus,19468,510,16.6994855698657
Hapalemur griseus,19543,510,59.0116196877182
Hapalemur griseus,19721,510,1.17365293457222
Hapalemur griseus,19660,602,90.3937869662622
Hapalemur griseus,19630,597,26.6587824925889
Hapalemur griseus,19632,597,16.2380797407103
Hapalemur griseus,120,3,0.55664420881176
Hapalemur griseus,127,3,0.371099061261296
Hapalemur griseus,130,3,0.556625695955813
Hapalemur griseus,139,3,0.185535398295105
Hapalemur griseus,145,3,0.463806772104442
Hapalemur griseus,152,3,0.27827526928854
Hapalemur griseus,162,3,0.278243954662919
Hapalemur griseus,189,3,111.568243325615
Hapalemur griseus,194,3,1.39092521476799
Hapalemur griseus,19200,3,56.8711675529887
Hapalemur griseus,19730,3,0.185499234954834
Hapalemur griseus,19734,3,0.370900267166376
Hapalemur griseus,12467,138,40.9179544183666
Hapalemur griseus,12936,138,224.327087229931
Hapalemur griseus,1216,371,19.9337849990107
Hapalemur griseus,19631,371,199.713422927767
Hapalemur griseus,5407,408,18.2767366788028
Hapalemur griseus,19191,408,0.456764738324761
Hapalemur griseus,19750,408,13.2478972172724
Hapalemur griseus,19752,408,12.4246882102063
Hapalemur griseus,5724,543,164.087473873105
Hapalemur griseus,5758,543,0.364942030489683
Hapalemur griseus,5764,543,0.456175956650972
Hapalemur griseus,19758,543,1.36878947938347
Hapalemur griseus,19764,543,0.273738447341442
Hapalemur griseus,19765,543,0.364971116543174
Hapalemur griseus,19768,543,0.364952150581956
Hapalemur griseus,19289,612,9.49246813121474
Hapalemur griseus,19431,557,58.113791807033
Hapalemur griseus,19796,557,0.360806249891043
Hapalemur griseus,15940,575,0.265972006814122
Hapalemur griseus,15960,575,0.709200345668078
Hapalemur griseus,19503,575,88.5629699935415
Hapalemur griseus,19569,575,9.04229392746901
Hapalemur griseus,19799,575,1.41985175199318
Hapalemur griseus,19800,575,30.9497681570663
Hapalemur griseus,19628,613,31.2831288292474
Hapalemur griseus,19501,589,51.6424033209818
Hapalemur griseus,2849,596,0.643524707942724
Hapalemur griseus,2913,596,0.459616383672059
Hapalemur griseus,2932,596,0.643432019172192
Hapalemur griseus,2938,596,0.275752651619673
Hapalemur griseus,2957,596,0.367655302864194
Hapalemur griseus,2977,596,1.56243208603442
Hapalemur griseus,2978,596,0.275729722221732
Hapalemur griseus,3000,596,0.275717098941624
Hapalemur griseus,3012,596,0.275709061498523
Hapalemur griseus,3016,596,0.459508593737543
Hapalemur griseus,3021,596,0.45949710468936
Hapalemur griseus,3022,596,1.1946710927344
Hapalemur griseus,3036,596,50.551453219145
Hapalemur griseus,3038,596,3.21620605602419
Hapalemur griseus,3039,596,0.551364106284499
Hapalemur griseus,3046,596,1.10266377710527
Hapalemur griseus,3055,596,0.367564567481756
Hapalemur griseus,3063,596,0.551319225258708
Hapalemur griseus,3073,596,1.10259928914046
Hapalemur griseus,3078,596,2.02137478975803
Hapalemur griseus,3079,596,0.826945434479237
Hapalemur griseus,3085,596,0.643170052255213
Hapalemur griseus,3093,596,1.65382056523675
Hapalemur griseus,3112,596,0.826825480994821
Hapalemur griseus,3137,596,0.459349671094894
Hapalemur griseus,3159,596,0.367459639964223
Hapalemur griseus,3173,596,0.275586929093957
Hapalemur griseus,3177,596,1.46972063059181
Hapalemur griseus,3178,596,0.275577679304183
Hapalemur griseus,3256,596,0.367363554798603
Hapalemur griseus,3345,596,116.961786446988
Hapalemur griseus,3380,596,0.275443051051259
Hapalemur griseus,19736,596,1.10266607838708
Hapalemur griseus,19737,596,9.73881683759956
Hapalemur griseus,19738,596,1.01060090259051
Hapalemur griseus,19739,596,0.275615805294395
Hapalemur griseus,19740,596,35.3553316235078
Hapalemur griseus,7236,614,266.73838817703
Hapalemur griseus,19789,614,191.049731459298
Hapalemur griseus,19791,614,0.919496630983412
Hapalemur griseus,19792,614,6.25186649493641
Hapalemur griseus,19645,615,28.7773817194842
Hapalemur griseus,19705,615,19.4390238963762
Hapalemur griseus,19813,615,30.0885079199013
Hapalemur griseus,19814,615,156.395880634442
Hapalemur griseus,19815,615,58.8448757092075
Hapalemur griseus,19686,616,180.351922799822
Hapalemur griseus,19771,617,229.563098744103
Hapalemur griseus,19772,617,3.22509111988759
Hapalemur griseus,19773,617,49.838144357936
Hapalemur griseus,19774,617,1.19747486800289
Hapalemur griseus,19775,617,6.63162645037937
Hapalemur griseus,19780,617,1.74986507844645
Hapalemur griseus,19782,617,18.9694426773024
Hapalemur griseus,19781,618,41.3466555927123
Hapalemur griseus,19783,619,29.0935194916896
Hapalemur griseus,19784,619,1.19697195979625
Hapalemur griseus,19785,619,165.589230952063
Hapalemur griseus,19786,619,167.386348684994
Hapalemur griseus,19787,619,0.184096948427022
Hapalemur griseus,19788,620,142.937192083356
Hapalemur griseus,19793,620,1.37902412587363
Hapalemur griseus,19812,621,59.930225967488
Hapalemur griseus,19816,622,129.022534146316
Hapalemur griseus,19819,623,21.6030064475268
Hapalemur griseus,19820,623,47.86339402205
Hapalemur griseus,19706,599,20.4450502154253
Hapalemur griseus,19646,601,59.3584008869
Hapalemur griseus,19809,601,31.2682529843574
Hapalemur griseus,19808,624,35.4042812702756
Hapalemur griseus,19685,604,104.451769868596
Hapalemur griseus,19810,604,26.7192827727436
Hapalemur griseus,19702,605,18.6159244086656
Hapalemur griseus,19725,606,72.6841925792621
Hapalemur griseus,19726,607,9.25207177810681
Hapalemur griseus,19729,611,22.858108584332
Hapalemur griseus,19822,611,1.18887316902965
Hapalemur griseus,19823,611,0.365803726961494
Hapalemur griseus,19825,611,22.4907523126593
Hapalemur griseus,19827,611,0.91402228653884
Hapalemur occidentalis,21,7,30.2014878964591
Hapalemur occidentalis,22,8,59.9302259674964
Hapalemur occidentalis,23,9,30.088507919898
Hapalemur occidentalis,34,13,29.8631255431946
Hapalemur occidentalis,40,13,31.5959390756302
Hapalemur occidentalis,41,13,30.0317008958326
Hapalemur occidentalis,43,30,21.6030064475268
Hapalemur occidentalis,45,30,47.8633940220644
Hapalemur occidentalis,3,2,18.9694426773024
Hapalemur occidentalis,20,31,49.0646393032834
Hartertula flavoviridis,54,9,30.0587182645782
Hartertula flavoviridis,169,26,52.0931107730117
Hartertula flavoviridis,806,41,31.1097970257607
Hartertula flavoviridis,110,16,60.0081350929425
Hartertula flavoviridis,147,25,59.0116196877182
Hartertula flavoviridis,37,6,1.38241570732784
Hartertula flavoviridis,49,6,31.6985197321722
Hartertula flavoviridis,55,10,102.873485261447
Hartertula flavoviridis,59,12,26.7192827727436
Hartertula flavoviridis,772,47,30.7043322076575
Hartertula flavoviridis,925,47,29.274766839554
Hartertula flavoviridis,928,47,1.41985175199318
Hartertula flavoviridis,773,55,31.2831288292474
Hartertula flavoviridis,929,55,3.01150757306588
Hartertula flavoviridis,50,57,55.3562922973957
Hartertula flavoviridis,53,57,47.6733437306467
Hartertula flavoviridis,911,57,26.791479663334
Hartertula flavoviridis,926,57,18.9694426773024
Hartertula flavoviridis,927,57,39.4704589776066
Hartlaubius auratus,582,74,0.370271373195231
Hartlaubius auratus,584,74,0.462834125284791
Hartlaubius auratus,588,74,43.0377824654073
Hartlaubius auratus,589,74,0.18513059458977
Hartlaubius auratus,614,74,1.48074673073471
Hartlaubius auratus,620,74,1.66577102635694
Hartlaubius auratus,627,74,0.277623898765862
Hartlaubius auratus,636,74,0.277610584835947
Hartlaubius auratus,284,77,0.463597745714188
Hartlaubius auratus,363,77,43.2038186617044
Hartlaubius auratus,13294,14,38.2051651932399
Hartlaubius auratus,13401,14,3.07696966736627
Hartlaubius auratus,13412,14,0.723997986286044
Hartlaubius auratus,13491,14,0.361958205401897
Hartlaubius auratus,31633,14,0.452763459861636
Hartlaubius auratus,31144,82,0.777178853789091
Hartlaubius auratus,31525,82,0.604549703200817
Hartlaubius auratus,31707,82,27.2715936270507
Hartlaubius auratus,31708,82,29.4123165165292
Hartlaubius auratus,31709,82,29.3885406549345
Hartlaubius auratus,31710,82,20.6592519148769
Hartlaubius auratus,31711,82,19.9515621485635
Hartlaubius auratus,17799,81,36.331879859746
Hartlaubius auratus,18145,81,0.449603298739433
Hartlaubius auratus,18146,81,0.359686745625973
Hartlaubius auratus,31635,81,0.449634089967847
Hartlaubius auratus,31729,81,6.47518067736232
Hartlaubius auratus,27765,3,0.970314285975814
Hartlaubius auratus,31701,3,18.4464234338474
Hartlaubius auratus,31518,76,64.9869920614074
Hartlaubius auratus,18525,84,23.5469795521139
Hartlaubius auratus,31891,84,4.85579742656708
Hartlaubius auratus,31898,95,52.0931107730117
Hartlaubius auratus,31884,91,31.1097970257607
Hartlaubius auratus,31885,91,29.6010280215059
Hartlaubius auratus,31934,98,26.6587824925889
Hartlaubius auratus,31936,98,16.2380797407103
Hartlaubius auratus,31964,100,90.3937869662622
Hartlaubius auratus,188,19,0.55664420881176
Hartlaubius auratus,195,19,0.371099061261296
Hartlaubius auratus,198,19,0.556625695955813
Hartlaubius auratus,208,19,0.185535398295105
Hartlaubius auratus,215,19,0.463806772104442
Hartlaubius auratus,223,19,0.27827526928854
Hartlaubius auratus,240,19,0.278243954662919
Hartlaubius auratus,269,19,111.568243325615
Hartlaubius auratus,274,19,1.39092521476799
Hartlaubius auratus,283,19,4.63579200248468
Hartlaubius auratus,515,19,43.4528749465152
Hartlaubius auratus,31477,19,56.8711675529887
Hartlaubius auratus,32036,19,0.185499234954834
Hartlaubius auratus,32040,19,0.370900267166376
Hartlaubius auratus,32041,19,0.463541480594814
Hartlaubius auratus,18147,25,58.113791807033
Hartlaubius auratus,32102,25,0.360806249891043
Hartlaubius auratus,7433,64,18.2767366788028
Hartlaubius auratus,31465,64,0.456764738324761
Hartlaubius auratus,32056,64,13.2478972172724
Hartlaubius auratus,32058,64,12.4246882102063
Hartlaubius auratus,6876,73,5.85033975470436
Hartlaubius auratus,6882,73,24.6792146248902
Hartlaubius auratus,6917,73,2.65062070312488
Hartlaubius auratus,6923,73,0.182805694629431
Hartlaubius auratus,6941,73,0.274192454328179
Hartlaubius auratus,6955,73,0.182784649551272
Hartlaubius auratus,6956,73,1.18809712456667
Hartlaubius auratus,6975,73,0.182778454094648
Hartlaubius auratus,6983,73,4.38649564416385
Hartlaubius auratus,6997,73,8.86332816260099
Hartlaubius auratus,7109,73,0.274089461484194
Hartlaubius auratus,7171,73,9.5018882179122
Hartlaubius auratus,7172,73,4.567756926453
Hartlaubius auratus,7946,73,164.087473873105
Hartlaubius auratus,7999,73,0.364942030489683
Hartlaubius auratus,8005,73,0.456175956650972
Hartlaubius auratus,31473,73,1.55373825480127
Hartlaubius auratus,31528,73,0.456749789226413
Hartlaubius auratus,31558,73,9.49246813121474
Hartlaubius auratus,31904,73,2.73946711541033
Hartlaubius auratus,32061,73,44.7196147776582
Hartlaubius auratus,32064,73,1.36878947938347
Hartlaubius auratus,32070,73,0.273738447341442
Hartlaubius auratus,32071,73,0.364971116543174
Hartlaubius auratus,32074,73,0.364952150581956
Hartlaubius auratus,32108,73,1.55205922298586
Hartlaubius auratus,1538,75,19.9337849990107
Hartlaubius auratus,31935,75,199.713422927767
Hartlaubius auratus,3359,101,0.643524707942724
Hartlaubius auratus,3436,101,0.459616383672059
Hartlaubius auratus,3456,101,0.183841973942041
Hartlaubius auratus,3468,101,0.643432019172192
Hartlaubius auratus,3477,101,0.275752651619673
Hartlaubius auratus,3501,101,0.367655302864194
Hartlaubius auratus,3523,101,1.56243208603442
Hartlaubius auratus,3524,101,0.275729722221732
Hartlaubius auratus,3554,101,0.275717098941624
Hartlaubius auratus,3572,101,0.275709061498523
Hartlaubius auratus,3581,101,0.459508593737543
Hartlaubius auratus,3593,101,0.45949710468936
Hartlaubius auratus,3594,101,1.1946710927344
Hartlaubius auratus,3610,101,0.183794934333146
Hartlaubius auratus,3617,101,50.551453219145
Hartlaubius auratus,3622,101,3.21620605602419
Hartlaubius auratus,3623,101,0.551364106284499
Hartlaubius auratus,3634,101,1.10266377710527
Hartlaubius auratus,3647,101,0.183781132994473
Hartlaubius auratus,3648,101,0.367564567481756
Hartlaubius auratus,3659,101,0.183777680330753
Hartlaubius auratus,3667,101,0.551319225258708
Hartlaubius auratus,3674,101,0.183773075227499
Hartlaubius auratus,3685,101,1.10259928914046
Hartlaubius auratus,3692,101,2.02137478975803
Hartlaubius auratus,3693,101,0.826945434479237
Hartlaubius auratus,3700,101,0.643170052255213
Hartlaubius auratus,3706,101,0.183763859938979
Hartlaubius auratus,3715,101,0.183761555059075
Hartlaubius auratus,3716,101,1.65382056523675
Hartlaubius auratus,3750,101,0.826825480994821
Hartlaubius auratus,3794,101,0.459349671094894
Hartlaubius auratus,3825,101,0.367459639964223
Hartlaubius auratus,3847,101,0.183724619395971
Hartlaubius auratus,3848,101,0.275586929093957
Hartlaubius auratus,3858,101,1.46972063059181
Hartlaubius auratus,3859,101,0.275577679304183
Hartlaubius auratus,3987,101,0.367363554798603
Hartlaubius auratus,4125,101,116.961786446988
Hartlaubius auratus,4185,101,0.275443051051259
Hartlaubius auratus,10819,101,266.73838817703
Hartlaubius auratus,31949,101,28.7773817194842
Hartlaubius auratus,31950,101,59.3584008869
Hartlaubius auratus,31990,101,180.351922799822
Hartlaubius auratus,32009,101,19.4390238963762
Hartlaubius auratus,32035,101,22.858108584332
Hartlaubius auratus,32042,101,1.10266607838708
Hartlaubius auratus,32043,101,9.73881683759956
Hartlaubius auratus,32044,101,1.01060090259051
Hartlaubius auratus,32045,101,0.275615805294395
Hartlaubius auratus,32046,101,35.3553316235078
Hartlaubius auratus,32047,101,0.18370726844728
Hartlaubius auratus,32048,101,0.183688734582305
Hartlaubius auratus,32076,101,1.38241570732784
Hartlaubius auratus,32077,101,229.563098744103
Hartlaubius auratus,32078,101,3.22509111988759
Hartlaubius auratus,32079,101,49.838144357936
Hartlaubius auratus,32080,101,1.19747486800289
Hartlaubius auratus,32081,101,6.63162645037937
Hartlaubius auratus,32082,101,0.18421854041934
Hartlaubius auratus,32086,101,1.74986507844645
Hartlaubius auratus,32087,101,41.3466555927123
Hartlaubius auratus,32088,101,18.9694426773024
Hartlaubius auratus,32089,101,29.0935194916896
Hartlaubius auratus,32090,101,1.19697195979625
Hartlaubius auratus,32091,101,165.589230952063
Hartlaubius auratus,32092,101,167.386348684994
Hartlaubius auratus,32093,101,0.184096948427022
Hartlaubius auratus,32094,101,142.937192083356
Hartlaubius auratus,32095,101,191.049731459298
Hartlaubius auratus,32097,101,0.919496630983412
Hartlaubius auratus,32098,101,6.25186649493641
Hartlaubius auratus,32099,101,1.37902412587363
Hartlaubius auratus,32114,101,35.4042812702756
Hartlaubius auratus,32115,101,31.2682529843574
Hartlaubius auratus,32118,101,59.930225967488
Hartlaubius auratus,32119,101,30.0885079199013
Hartlaubius auratus,32120,101,156.395880634442
Hartlaubius auratus,32121,101,58.8448757092075
Hartlaubius auratus,32122,101,129.022534146316
Hartlaubius auratus,32123,101,0.1831612099756
Hartlaubius auratus,32125,101,21.6030064475268
Hartlaubius auratus,32126,101,47.86339402205
Hartlaubius auratus,32128,101,1.18887316902965
Hartlaubius auratus,32129,101,0.365803726961494
Hartlaubius auratus,32131,101,22.4907523126593
Hartlaubius auratus,32133,101,0.91402228653884
Hartlaubius auratus,31989,102,104.451769868596
Hartlaubius auratus,32006,102,18.6159244086656
Hartlaubius auratus,32010,102,20.4450502154253
Hartlaubius auratus,32031,102,72.6841925792621
Hartlaubius auratus,32032,102,9.25207177810681
Hartlaubius auratus,32116,102,26.7192827727436
Hartlaubius auratus,20526,83,21.5096479841157
Hartlaubius auratus,20613,83,55.5362709867372
Hartlaubius auratus,20787,83,3.3134309653126
Hartlaubius auratus,20908,83,47.9918611904899
Hartlaubius auratus,21663,83,191.148755932555
Hartlaubius auratus,31687,83,17.1081231937802
Hartlaubius auratus,31691,83,0.447673652347684
Hartlaubius auratus,31879,83,27.5139015001006
Hartlaubius auratus,15515,85,0.812480411258936
Hartlaubius auratus,31772,85,16.6994855698657
Hartlaubius auratus,31804,85,51.6424033209818
Hartlaubius auratus,31846,85,59.0116196877182
Hartlaubius auratus,32026,85,1.17365293457222
Hartlaubius auratus,32027,85,0.180557963597178
Hartlaubius auratus,26481,87,0.62064821295929
Hartlaubius auratus,26499,87,0.265972006814122
Hartlaubius auratus,26524,87,0.709200345668078
Hartlaubius auratus,26543,87,0.177290677110672
Hartlaubius auratus,31806,87,88.5629699935415
Hartlaubius auratus,31807,87,0.177275942426443
Hartlaubius auratus,31808,87,0.177274304782152
Hartlaubius auratus,31872,87,9.04229392746901
Hartlaubius auratus,31932,87,31.2831288292474
Hartlaubius auratus,32105,87,1.41985175199318
Hartlaubius auratus,32106,87,30.9497681570663
Hartlaubius auratus,32107,87,0.531935836720109
Hartlaubius auratus,32109,87,3.01150757306588
Hartlaubius auratus,23045,96,105.60376347401
Hemicentetes nigriceps,11,2,19.9337849990127
Hemicentetes nigriceps,22,2,115.589426177144
Hemicentetes nigriceps,28,2,23.1488844918891
Hemicentetes nigriceps,66,5,97.9202387652237
Hemicentetes nigriceps,87,39,0.183794934333146
Hemicentetes nigriceps,88,39,42.2803606370557
Hemicentetes nigriceps,89,39,0.551364106284499
Hemicentetes nigriceps,67,6,125.922775475599
Hemicentetes nigriceps,85,6,1.37902412587541
Hemicentetes nigriceps,100,7,13.4090315801461
Hemicentetes semispinosus,20,3,43.4528749465152
Hemicentetes semispinosus,2134,29,16.1104772354463
Hemicentetes semispinosus,14014,329,0.604549703200459
Hemicentetes semispinosus,14025,329,0.777178853789091
Hemicentetes semispinosus,14190,329,19.9515621485635
Hemicentetes semispinosus,14186,330,27.2715936270507
Hemicentetes semispinosus,14187,331,29.4123165165292
Hemicentetes semispinosus,14188,332,29.3885406549345
Hemicentetes semispinosus,14189,333,20.6592519148769
Hemicentetes semispinosus,14342,378,52.0931107730117
Hemicentetes semispinosus,14334,379,31.1097970257607
Hemicentetes semispinosus,14335,379,29.6010280215059
Hemicentetes semispinosus,4120,335,0.812480411258936
Hemicentetes semispinosus,14228,335,16.6994855698657
Hemicentetes semispinosus,14440,335,1.17365293457222
Hemicentetes semispinosus,14441,335,0.180557963597178
Hemicentetes semispinosus,14302,376,59.0116196877182
Hemicentetes semispinosus,14404,395,90.3937869662622
Hemicentetes semispinosus,14374,384,26.6587824925889
Hemicentetes semispinosus,14376,384,16.2380797407103
Hemicentetes semispinosus,8,2,76.1383189879573
Hemicentetes semispinosus,14109,2,56.8711675529887
Hemicentetes semispinosus,280,297,19.9337849990107
Hemicentetes semispinosus,14375,297,199.713422927767
Hemicentetes semispinosus,10596,345,0.265972006814122
Hemicentetes semispinosus,14262,345,88.5629699935415
Hemicentetes semispinosus,14328,345,9.04229392746901
Hemicentetes semispinosus,14490,345,1.41985175199318
Hemicentetes semispinosus,14491,345,30.9497681570663
Hemicentetes semispinosus,14260,375,51.6424033209818
Hemicentetes semispinosus,1413,383,0.643524707942724
Hemicentetes semispinosus,1446,383,0.459616383672059
Hemicentetes semispinosus,1455,383,0.183841973942041
Hemicentetes semispinosus,1461,383,0.643432019172192
Hemicentetes semispinosus,1464,383,0.275752651619673
Hemicentetes semispinosus,1478,383,0.367655302864194
Hemicentetes semispinosus,1484,383,1.56243208603442
Hemicentetes semispinosus,1485,383,0.275729722221732
Hemicentetes semispinosus,1491,383,0.275717098941624
Hemicentetes semispinosus,1498,383,0.275709061498523
Hemicentetes semispinosus,1502,383,0.459508593737543
Hemicentetes semispinosus,1504,383,0.45949710468936
Hemicentetes semispinosus,1505,383,1.1946710927344
Hemicentetes semispinosus,1514,383,0.183794934333146
Hemicentetes semispinosus,1517,383,50.551453219145
Hemicentetes semispinosus,1518,383,3.21620605602419
Hemicentetes semispinosus,1519,383,0.551364106284499
Hemicentetes semispinosus,1527,383,1.10266377710551
Hemicentetes semispinosus,1528,383,0.183781132994473
Hemicentetes semispinosus,1529,383,0.367564567481756
Hemicentetes semispinosus,1532,383,0.183777680330753
Hemicentetes semispinosus,1537,383,0.551319225258708
Hemicentetes semispinosus,1539,383,0.183773075227499
Hemicentetes semispinosus,1544,383,1.10259928914046
Hemicentetes semispinosus,1546,383,2.02137478975803
Hemicentetes semispinosus,1547,383,0.826945434479237
Hemicentetes semispinosus,1550,383,0.643170052255213
Hemicentetes semispinosus,1551,383,0.183763859938979
Hemicentetes semispinosus,1554,383,0.183761555059075
Hemicentetes semispinosus,1555,383,1.65382056523675
Hemicentetes semispinosus,1580,383,0.826825480995119
Hemicentetes semispinosus,1582,383,0.459349671094894
Hemicentetes semispinosus,1591,383,0.367459639964223
Hemicentetes semispinosus,1599,383,0.183724619395971
Hemicentetes semispinosus,1600,383,0.275586929093957
Hemicentetes semispinosus,1607,383,1.46972063059181
Hemicentetes semispinosus,1608,383,0.275577679304183
Hemicentetes semispinosus,1655,383,0.367363554798603
Hemicentetes semispinosus,1715,383,116.961786446988
Hemicentetes semispinosus,1736,383,0.275443051051259
Hemicentetes semispinosus,14452,383,1.10266607838708
Hemicentetes semispinosus,14453,383,9.73881683759956
Hemicentetes semispinosus,14454,383,1.01060090259051
Hemicentetes semispinosus,14455,383,0.275615805294395
Hemicentetes semispinosus,14456,383,35.3553316235078
Hemicentetes semispinosus,14457,383,0.18370726844728
Hemicentetes semispinosus,3070,403,266.73838817703
Hemicentetes semispinosus,14485,403,191.049731459298
Hemicentetes semispinosus,14487,403,0.919496630983412
Hemicentetes semispinosus,14488,403,6.25186649493641
Hemicentetes semispinosus,14389,404,28.7773817194842
Hemicentetes semispinosus,14428,404,19.4390238963762
Hemicentetes semispinosus,14504,404,156.395880634442
Hemicentetes semispinosus,14505,404,58.8448757092075
Hemicentetes semispinosus,14409,405,180.351922799822
Hemicentetes semispinosus,14467,406,229.563098744103
Hemicentetes semispinosus,14468,406,3.22509111988759
Hemicentetes semispinosus,14469,406,49.838144357936
Hemicentetes semispinosus,14470,406,1.19747486800289
Hemicentetes semispinosus,14471,406,6.63162645037937
Hemicentetes semispinosus,14476,406,1.74986507844645
Hemicentetes semispinosus,14478,406,18.9694426773024
Hemicentetes semispinosus,14477,407,41.3466555927123
Hemicentetes semispinosus,14479,408,29.0935194916896
Hemicentetes semispinosus,14480,408,1.19697195979625
Hemicentetes semispinosus,14481,408,165.589230952063
Hemicentetes semispinosus,14482,408,167.386348684994
Hemicentetes semispinosus,14484,409,142.937192083356
Hemicentetes semispinosus,14489,409,1.37902412587363
Hemicentetes semispinosus,14502,410,59.930225967488
Hemicentetes semispinosus,14503,411,30.0885079199013
Hemicentetes semispinosus,14506,412,129.022534146316
Hemicentetes semispinosus,14507,412,0.1831612099756
Hemicentetes semispinosus,14509,413,21.6030064475268
Hemicentetes semispinosus,14510,413,47.86339402205
Hemicentetes semispinosus,14372,391,31.2831288292474
Hemicentetes semispinosus,14390,394,59.3584008869
Hemicentetes semispinosus,14499,394,31.2682529843574
Hemicentetes semispinosus,14498,414,35.4042812702756
Hemicentetes semispinosus,14408,396,104.451769868596
Hemicentetes semispinosus,14500,396,26.7192827727436
Hemicentetes semispinosus,14425,398,18.6159244086656
Hemicentetes semispinosus,14429,399,20.4450502154253
Hemicentetes semispinosus,14445,400,72.6841925792621
Hemicentetes semispinosus,14446,401,9.25207177810681
Hemicentetes semispinosus,14449,402,22.858108584332
Hemicentetes semispinosus,14512,402,1.18887316902965
Hemicentetes semispinosus,14513,402,0.365803726961494
Hemicentetes semispinosus,14515,402,22.4907523126593
Hypositta corallirostris,2,1,56.8711675529887
Hypositta corallirostris,8667,40,29.4123165165292
Hypositta corallirostris,8694,40,27.2715936270507
Hypositta corallirostris,8696,40,29.3885406549345
Hypositta corallirostris,8697,40,20.6592519148769
Hypositta corallirostris,8851,58,52.0931107730117
Hypositta corallirostris,8843,54,31.1097970257607
Hypositta corallirostris,8844,54,29.6010280215059
Hypositta corallirostris,8884,60,26.6587824925889
Hypositta corallirostris,8886,60,16.2380797407103
Hypositta corallirostris,8913,64,90.3937869662622
Hypositta corallirostris,17,2,19.9337849990107
Hypositta corallirostris,8885,2,199.713422927767
Hypositta corallirostris,1720,25,0.812480411258936
Hypositta corallirostris,8736,25,16.6994855698657
Hypositta corallirostris,8769,25,51.6424033209818
Hypositta corallirostris,8811,25,59.0116196877182
Hypositta corallirostris,8950,25,1.17365293457222
Hypositta corallirostris,6532,48,0.62064821295929
Hypositta corallirostris,6537,48,0.265972006814122
Hypositta corallirostris,6548,48,0.709200345668078
Hypositta corallirostris,8771,48,88.5629699935415
Hypositta corallirostris,8837,48,9.04229392746901
Hypositta corallirostris,8882,48,31.2831288292474
Hypositta corallirostris,8995,48,1.41985175199318
Hypositta corallirostris,8996,48,30.9497681570663
Hypositta corallirostris,8997,48,0.531935836720109
Hypositta corallirostris,8998,48,3.01150757306588
Hypositta corallirostris,412,59,0.643524707942724
Hypositta corallirostris,430,59,0.459616383672059
Hypositta corallirostris,435,59,0.643432019172192
Hypositta corallirostris,436,59,0.275752651619673
Hypositta corallirostris,445,59,0.367655302864194
Hypositta corallirostris,452,59,1.56243208603442
Hypositta corallirostris,453,59,0.275729722221732
Hypositta corallirostris,456,59,0.275717098941624
Hypositta corallirostris,460,59,0.275709061498523
Hypositta corallirostris,462,59,0.459508593737543
Hypositta corallirostris,465,59,0.45949710468936
Hypositta corallirostris,466,59,1.1946710927344
Hypositta corallirostris,470,59,50.551453219145
Hypositta corallirostris,471,59,3.21620605602419
Hypositta corallirostris,472,59,0.551364106284499
Hypositta corallirostris,476,59,1.10266377710527
Hypositta corallirostris,479,59,0.367564567481756
Hypositta corallirostris,484,59,0.551319225258708
Hypositta corallirostris,487,59,1.10259928914046
Hypositta corallirostris,489,59,2.02137478975803
Hypositta corallirostris,490,59,0.826945434479237
Hypositta corallirostris,493,59,0.643170052255213
Hypositta corallirostris,495,59,1.65382056523675
Hypositta corallirostris,514,59,0.826825480995119
Hypositta corallirostris,517,59,0.459349671094894
Hypositta corallirostris,522,59,0.367459639964223
Hypositta corallirostris,527,59,0.275586929093957
Hypositta corallirostris,529,59,1.46972063059181
Hypositta corallirostris,530,59,0.275577679304183
Hypositta corallirostris,560,59,0.367363554798603
Hypositta corallirostris,603,59,116.961786446988
Hypositta corallirostris,616,59,0.275443051051259
Hypositta corallirostris,1284,59,266.73838817703
Hypositta corallirostris,8898,59,28.7773817194842
Hypositta corallirostris,8899,59,59.3584008869
Hypositta corallirostris,8919,59,180.351922799822
Hypositta corallirostris,8938,59,19.4390238963762
Hypositta corallirostris,8956,59,22.858108584332
Hypositta corallirostris,8957,59,1.10266607838708
Hypositta corallirostris,8958,59,9.73881683759956
Hypositta corallirostris,8959,59,1.01060090259051
Hypositta corallirostris,8960,59,0.275615805294395
Hypositta corallirostris,8961,59,35.3553316235078
Hypositta corallirostris,8971,59,1.38241570732784
Hypositta corallirostris,8972,59,229.563098744103
Hypositta corallirostris,8973,59,3.22509111988759
Hypositta corallirostris,8974,59,49.838144357936
Hypositta corallirostris,8975,59,1.19747486800289
Hypositta corallirostris,8976,59,6.63162645037937
Hypositta corallirostris,8981,59,1.74986507844645
Hypositta corallirostris,8982,59,41.3466555927123
Hypositta corallirostris,8983,59,18.9694426773024
Hypositta corallirostris,8984,59,29.0935194916896
Hypositta corallirostris,8985,59,1.19697195979625
Hypositta corallirostris,8986,59,165.589230952063
Hypositta corallirostris,8987,59,167.386348684994
Hypositta corallirostris,8989,59,142.937192083356
Hypositta corallirostris,8990,59,191.049731459298
Hypositta corallirostris,8992,59,0.919496630983412
Hypositta corallirostris,8993,59,6.25186649493641
Hypositta corallirostris,8994,59,1.37902412587363
Hypositta corallirostris,9003,59,35.4042812702756
Hypositta corallirostris,9004,59,31.2682529843574
Hypositta corallirostris,9007,59,59.930225967488
Hypositta corallirostris,9008,59,30.0885079199013
Hypositta corallirostris,9009,59,156.395880634442
Hypositta corallirostris,9010,59,58.8448757092075
Hypositta corallirostris,9011,59,129.022534146316
Hypositta corallirostris,9014,59,21.6030064475268
Hypositta corallirostris,9015,59,47.86339402205
Hypositta corallirostris,9017,59,1.18887316902965
Hypositta corallirostris,9018,59,0.365803726961494
Hypositta corallirostris,8918,65,104.451769868596
Hypositta corallirostris,9005,65,26.7192827727436
Hypositta corallirostris,8935,66,18.6159244086656
Hypositta corallirostris,8939,66,20.4450502154253
Hypositta corallirostris,8869,62,72.6841925792621
Indri indri,2724,53,31.1097970257607
Indri indri,2725,53,29.6010280215059
Indri indri,2645,50,16.6994855698657
Indri indri,2710,50,59.0116196877182
Indri indri,2818,50,1.17365293457222
Indri indri,2782,58,90.3937869662622
Indri indri,1,1,85.5074021732403
Indri indri,2530,1,56.8711675529887
Indri indri,22,4,19.9337849990107
Indri indri,2753,4,199.713422927767
Indri indri,173,30,2.11438066261417
Indri indri,208,30,1.65325307838088
Indri indri,221,30,113.836939525746
Indri indri,2825,30,30.0279563443614
Indri indri,2677,49,88.5629699935415
Indri indri,2858,49,1.41985175199318
Indri indri,2859,49,30.9497681570663
Indri indri,471,54,266.73838817703
Indri indri,2852,54,129.050501831876
Indri indri,2853,54,191.049731459298
Indri indri,2856,54,6.25186649493641
Indri indri,2857,54,1.37902412587363
Indri indri,2767,64,28.7773817194842
Indri indri,2806,64,19.4390238963762
Indri indri,2871,64,30.0885079199013
Indri indri,2872,64,156.395880634442
Indri indri,2873,64,58.8448757092075
Indri indri,2874,64,129.022534146316
Indri indri,2787,65,180.351922799822
Indri indri,2834,66,1.38241570732784
Indri indri,2835,66,229.563098744103
Indri indri,2836,66,3.22509111988759
Indri indri,2837,66,49.838144357936
Indri indri,2838,66,1.19747486800289
Indri indri,2839,66,6.63162645037937
Indri indri,2844,66,1.74986507844645
Indri indri,2846,66,18.9694426773024
Indri indri,2847,66,29.0935194916896
Indri indri,2848,66,1.19697195979625
Indri indri,2849,66,165.589230952063
Indri indri,2850,66,167.386348684994
Indri indri,2870,67,59.930225967488
Indri indri,2877,68,21.6030064475268
Indri indri,2878,68,47.86339402205
Indri indri,2768,57,59.3584008869
Indri indri,2867,57,31.2682529843574
Indri indri,2786,60,104.451769868596
Indri indri,2868,60,26.7192827727436
Indri indri,2822,63,72.6841925792621
Lemur catta,166,442,0.184524029507697
Lemur catta,167,442,13.1011248301817
Lemur catta,168,442,0.0922603943370581
Lemur catta,602,16,0.183948013583839
Lemur catta,603,16,0.367894891669035
Lemur catta,604,16,12.874966528949
Lemur catta,11523,149,68.4073900828574
Lemur catta,15934,459,44.4928427752445
Lemur catta,15949,464,112.468627701651
Lemur catta,15989,470,36.3826787541578
Lemur catta,15160,466,0.777178853789091
Lemur catta,15463,466,19.9515621485635
Lemur catta,15974,466,0.604549703200817
Lemur catta,15316,467,20.6592519148769
Lemur catta,13551,444,46.5723968884147
Lemur catta,130,473,18.7342282877168
Lemur catta,11507,299,20.6310542039179
Lemur catta,316,366,1.19697195979625
Lemur catta,331,366,21.7270555164749
Lemur catta,879,412,1.10266377710527
Lemur catta,880,412,1.10266607838708
Lemur catta,887,412,0.183781132994473
Lemur catta,907,412,9.73881683760441
Lemur catta,913,412,2.02137478975803
Lemur catta,914,412,0.826945434479237
Lemur catta,951,412,0.826825480994821
Lemur catta,981,412,0.459349671094894
Lemur catta,999,412,0.367459639964223
Lemur catta,1008,412,0.183724619395971
Lemur catta,1009,412,0.275586929093957
Lemur catta,1018,412,1.46972063059181
Lemur catta,1019,412,0.275577679304183
Lemur catta,1042,412,0.18370726844722
Lemur catta,1091,412,0.367363554798603
Lemur catta,1185,412,34.4369401562378
Lemur catta,1231,412,0.275443051051259
Lemur catta,15994,412,0.0918124089481831
Lemur catta,15995,412,0.0918112438106537
Lemur catta,696,415,0.643524707942724
Lemur catta,737,415,0.459616383672059
Lemur catta,755,415,9.46768015268528
Lemur catta,756,415,0.183841973942041
Lemur catta,763,415,0.643432019172192
Lemur catta,767,415,0.275752651619673
Lemur catta,784,415,0.367655302864194
Lemur catta,802,415,1.56243208603442
Lemur catta,803,415,0.275729722221732
Lemur catta,815,415,0.275717098941624
Lemur catta,826,415,0.275709061498523
Lemur catta,833,415,0.459508593737543
Lemur catta,846,415,0.643297785346329
Lemur catta,847,415,0.45949710468936
Lemur catta,848,415,1.1946710927344
Lemur catta,861,415,0.183794934333146
Lemur catta,868,415,50.551453219145
Lemur catta,872,415,3.21620605602419
Lemur catta,873,415,0.551364106284499
Lemur catta,888,415,0.367564567481756
Lemur catta,897,415,0.183777680330753
Lemur catta,900,415,0.551319225258708
Lemur catta,903,415,0.183773075227499
Lemur catta,908,415,1.10259928914046
Lemur catta,920,415,0.643170052255213
Lemur catta,926,415,0.183763859938979
Lemur catta,934,415,0.183761555059075
Lemur catta,935,415,1.65382056523675
Lemur catta,960,415,1.01060090259051
Lemur catta,965,415,13.6906283572678
Lemur catta,15993,415,0.275615805294395
Lemur catta,2025,452,21.6030064475268
Lemur catta,14580,461,118.305284790413
Lemur catta,15996,461,0.347873258495212
Lemur catta,15997,461,0.0869651048810482
Lemur catta,15998,461,0.0868565272499323
Lemur catta,15999,461,2.60537814308274
Lemur catta,15950,472,9.30872783193505
Lemur catta,15986,481,7.8043101934992
Lepidopygia nana,39797,121,112.468627701651
Lepidopygia nana,44703,323,44.4928427752445
Lepidopygia nana,42646,327,45.9543252508428
Lepidopygia nana,656,297,0.370271373195231
Lepidopygia nana,658,297,0.462834125284791
Lepidopygia nana,662,297,43.0377824654073
Lepidopygia nana,663,297,0.18513059458977
Lepidopygia nana,695,297,1.48074673073471
Lepidopygia nana,701,297,1.66577102635694
Lepidopygia nana,708,297,0.277623898765862
Lepidopygia nana,715,297,0.277610584835947
Lepidopygia nana,305,325,0.463597745714188
Lepidopygia nana,411,325,43.2038186617044
Lepidopygia nana,22315,218,38.2051651932399
Lepidopygia nana,43622,218,3.34846321159315
Lepidopygia nana,43623,218,0.723997986286044
Lepidopygia nana,43625,218,0.361958205401659
Lepidopygia nana,45149,218,0.452763459861636
Lepidopygia nana,44832,313,13.3829553466861
Lepidopygia nana,44834,313,6.06907414019537
Lepidopygia nana,42167,335,0.777178853789091
Lepidopygia nana,45015,335,0.604549703200817
Lepidopygia nana,45225,335,27.2715936270507
Lepidopygia nana,45226,335,29.4123165165292
Lepidopygia nana,45227,335,29.3885406549345
Lepidopygia nana,45228,335,20.6592519148769
Lepidopygia nana,45229,335,19.9515621485635
Lepidopygia nana,24732,295,36.331879859746
Lepidopygia nana,43088,295,0.449603298739195
Lepidopygia nana,43089,295,0.359686745625734
Lepidopygia nana,45151,295,0.449634089967847
Lepidopygia nana,45248,295,6.47518067736232
Lepidopygia nana,44671,318,15.479861985826
Lepidopygia nana,44754,318,46.5723968884147
Lepidopygia nana,27174,162,52.2268727901955
Lepidopygia nana,45512,361,52.0931107730117
Lepidopygia nana,45011,302,64.9869920614074
Lepidopygia nana,45474,356,31.1097970257607
Lepidopygia nana,45475,356,29.6010280215059
Lepidopygia nana,45554,367,26.6587824925889
Lepidopygia nana,45556,367,16.2380797407103
Lepidopygia nana,8006,363,5.85033975470352
Lepidopygia nana,8025,363,24.6792146248873
Lepidopygia nana,8087,363,1.0054375043211
Lepidopygia nana,8096,363,2.83342021114933
Lepidopygia nana,8108,363,0.182805694629431
Lepidopygia nana,8132,363,2.37624750380063
Lepidopygia nana,8147,363,1.00536820483017
Lepidopygia nana,8159,363,0.274192454328179
Lepidopygia nana,8204,363,0.182784649551272
Lepidopygia nana,8242,363,0.182778454094648
Lepidopygia nana,8260,363,7.67678403816092
Lepidopygia nana,8294,363,8.86332816260099
Lepidopygia nana,8512,363,0.274089461484194
Lepidopygia nana,44088,363,4.567756926453
Lepidopygia nana,44891,363,1.55373825480127
Lepidopygia nana,45020,363,10.0499887125863
Lepidopygia nana,45584,370,90.3937869662622
Lepidopygia nana,38955,202,76.4973862589936
Lepidopygia nana,44830,202,18.6823267181581
Lepidopygia nana,45119,202,9.52154744787466
Lepidopygia nana,45122,202,4.31856011909986
Lepidopygia nana,192,97,0.55664420881176
Lepidopygia nana,200,97,0.371099061261296
Lepidopygia nana,202,97,0.556625695955813
Lepidopygia nana,212,97,0.185535398295105
Lepidopygia nana,219,97,0.463806772104442
Lepidopygia nana,227,97,0.27827526928854
Lepidopygia nana,247,97,0.278243954662919
Lepidopygia nana,290,97,1.39092521476799
Lepidopygia nana,315,97,111.568243325615
Lepidopygia nana,324,97,4.63579200248468
Lepidopygia nana,44969,97,56.8711675529887
Lepidopygia nana,45646,97,0.370900267166376
Lepidopygia nana,45647,97,0.185499234954834
Lepidopygia nana,45650,97,0.463541480594814
Lepidopygia nana,1700,203,19.9337849990107
Lepidopygia nana,45555,203,199.713422927767
Lepidopygia nana,28099,257,3.3134309653126
Lepidopygia nana,31282,257,455.304276357035
Lepidopygia nana,43131,257,58.0431777097617
Lepidopygia nana,44705,257,21.5096479841157
Lepidopygia nana,44706,257,90.1463766941008
Lepidopygia nana,44773,257,3.75955498127008
Lepidopygia nana,45217,257,17.1081231937802
Lepidopygia nana,45497,257,27.5139015001006
Lepidopygia nana,43515,273,18.2767366788028
Lepidopygia nana,44935,273,0.456764738324761
Lepidopygia nana,45707,273,13.2478972172724
Lepidopygia nana,45709,273,12.4246882102063
Lepidopygia nana,40403,277,153.348954415486
Lepidopygia nana,40972,277,1.82724169255567
Lepidopygia nana,41746,277,227.455422161233
Lepidopygia nana,43542,277,10.2080852577503
Lepidopygia nana,43544,277,0.34735036917901
Lepidopygia nana,44001,277,12.0483039035159
Lepidopygia nana,21056,291,0.812480411258936
Lepidopygia nana,45350,291,16.6994855698657
Lepidopygia nana,45393,291,51.6424033209818
Lepidopygia nana,45435,291,59.0116196877182
Lepidopygia nana,45635,291,1.17365293457222
Lepidopygia nana,45636,291,0.180557963597178
Lepidopygia nana,44289,301,12.948556039879
Lepidopygia nana,44290,308,64.4413750863015
Lepidopygia nana,44753,312,20.6310542039179
Lepidopygia nana,45249,338,58.113791807033
Lepidopygia nana,45717,338,0.360806249891043
Lepidopygia nana,34862,342,0.620648212959528
Lepidopygia nana,34889,342,0.265972006814122
Lepidopygia nana,34921,342,0.709200345668078
Lepidopygia nana,34952,342,0.177290677110672
Lepidopygia nana,45395,342,88.9178223342941
Lepidopygia nana,45396,342,0.177275942426443
Lepidopygia nana,45397,342,0.177274304782152
Lepidopygia nana,45461,342,9.04229392746901
Lepidopygia nana,45546,342,31.2831288292474
Lepidopygia nana,45720,342,1.41985175199318
Lepidopygia nana,45721,342,30.9497681570663
Lepidopygia nana,45722,342,0.531935836720109
Lepidopygia nana,45724,342,3.01150757306588
Lepidopygia nana,3806,364,0.459616383672059
Lepidopygia nana,3828,364,0.183841973942041
Lepidopygia nana,3840,364,0.643432019172192
Lepidopygia nana,3848,364,0.275752651619673
Lepidopygia nana,3877,364,0.367655302864194
Lepidopygia nana,3905,364,1.56243208603442
Lepidopygia nana,3906,364,0.275729722221732
Lepidopygia nana,3934,364,0.275717098941624
Lepidopygia nana,3953,364,0.275709061498523
Lepidopygia nana,3961,364,0.459508593737841
Lepidopygia nana,3973,364,0.45949710468936
Lepidopygia nana,3974,364,1.1946710927344
Lepidopygia nana,3991,364,0.183794934333146
Lepidopygia nana,4007,364,3.21620605602294
Lepidopygia nana,4008,364,0.551364106284499
Lepidopygia nana,4022,364,1.10266377710527
Lepidopygia nana,4037,364,0.183781132994473
Lepidopygia nana,4038,364,0.367564567481756
Lepidopygia nana,4054,364,0.183777680330634
Lepidopygia nana,4062,364,0.551319225258708
Lepidopygia nana,4070,364,0.183773075227499
Lepidopygia nana,4078,364,1.10259928914046
Lepidopygia nana,4085,364,2.02137478975803
Lepidopygia nana,4086,364,0.826945434479237
Lepidopygia nana,4095,364,0.643170052255213
Lepidopygia nana,4105,364,0.183763859938979
Lepidopygia nana,4114,364,0.183761555059075
Lepidopygia nana,4115,364,1.65382056523675
Lepidopygia nana,4160,364,0.826825480994821
Lepidopygia nana,4206,364,0.459349671094894
Lepidopygia nana,4242,364,0.367459639964223
Lepidopygia nana,4269,364,0.183724619395971
Lepidopygia nana,4270,364,0.275586929093957
Lepidopygia nana,4280,364,1.46972063059181
Lepidopygia nana,4281,364,0.275577679304183
Lepidopygia nana,4444,364,0.367363554798603
Lepidopygia nana,4625,364,116.961786446988
Lepidopygia nana,4675,364,0.275443051051259
Lepidopygia nana,14804,364,266.73838817703
Lepidopygia nana,44268,364,50.551453219145
Lepidopygia nana,44269,364,0.643524707942724
Lepidopygia nana,45651,364,1.10266607838708
Lepidopygia nana,45652,364,9.73881683759956
Lepidopygia nana,45653,364,1.01060090259051
Lepidopygia nana,45654,364,0.275615805294395
Lepidopygia nana,45655,364,35.3553316235078
Lepidopygia nana,45656,364,0.18370726844728
Lepidopygia nana,45657,364,0.183688734582305
Lepidopygia nana,45682,364,1.38241570732784
Lepidopygia nana,45683,364,229.563098744103
Lepidopygia nana,45684,364,3.22509111988759
Lepidopygia nana,45685,364,49.838144357936
Lepidopygia nana,45686,364,1.19747486800289
Lepidopygia nana,45687,364,6.63162645037937
Lepidopygia nana,45688,364,0.18421854041934
Lepidopygia nana,45692,364,1.74986507844645
Lepidopygia nana,45693,364,41.3466555927123
Lepidopygia nana,45694,364,18.9694426773024
Lepidopygia nana,45695,364,29.0935194916896
Lepidopygia nana,45696,364,1.19697195979625
Lepidopygia nana,45697,364,165.589230952063
Lepidopygia nana,45698,364,167.386348684994
Lepidopygia nana,45699,364,0.184096948427022
Lepidopygia nana,45701,364,142.937192083356
Lepidopygia nana,45702,364,191.141696945506
Lepidopygia nana,45704,364,0.919496630983412
Lepidopygia nana,45705,364,6.25186649493641
Lepidopygia nana,45706,364,1.37902412587363
Lepidopygia nana,45057,377,86.9343049463478
Lepidopygia nana,45062,377,0.64434884884876
Lepidopygia nana,45569,378,28.7773817194842
Lepidopygia nana,45570,378,59.3584008869
Lepidopygia nana,45596,378,180.351922799822
Lepidopygia nana,45615,378,19.4390238963762
Lepidopygia nana,45644,378,22.858108584332
Lepidopygia nana,45729,378,35.4042812702756
Lepidopygia nana,45730,378,31.2682529843574
Lepidopygia nana,45733,378,59.930225967488
Lepidopygia nana,45734,378,30.0885079199013
Lepidopygia nana,45735,378,156.395880634442
Lepidopygia nana,45736,378,58.9365145738444
Lepidopygia nana,45737,378,129.022534146316
Lepidopygia nana,45738,378,0.1831612099756
Lepidopygia nana,45740,378,21.6030064475268
Lepidopygia nana,45741,378,47.86339402205
Lepidopygia nana,45743,378,1.18887316902965
Lepidopygia nana,45744,378,0.365803726961494
Lepidopygia nana,45746,378,22.4907523126593
Lepidopygia nana,45748,378,0.91402228653884
Lepidopygia nana,45595,379,104.451769868596
Lepidopygia nana,45731,379,26.7192827727436
Lepidopygia nana,45117,366,7.8043101934992
Lepidopygia nana,45640,372,72.6841925792621
Lepidopygia nana,45641,380,9.25207177810681
Lepidopygia nana,45612,374,18.7076370258816
Lepidopygia nana,45616,381,20.4450502154253
Lepidopygia nana,9875,375,0.364942030489326
Lepidopygia nana,13675,375,165.091345123367
Lepidopygia nana,45088,375,0.456175956650376
Lepidopygia nana,45547,375,9.58373740822244
Lepidopygia nana,45666,375,45.0847132855617
Lepidopygia nana,45669,375,1.36878947938347
Lepidopygia nana,45671,375,1.7337707149651
Lepidopygia nana,45676,375,0.273738447341442
Lepidopygia nana,45677,375,0.364971116543174
Lepidopygia nana,45680,375,0.364952150581956
Lepidopygia nana,45723,375,1.55205922298586
Lepidopygia nana,44748,376,19.4493472260612
Lepidopygia nana,44826,376,26.8667837100745
Lepidopygia nana,44827,376,0.795282153396249
Lepidopygia nana,44861,376,0.353583403214455
Lepidopygia nana,45276,376,14.0517120440395
Lepilemur ankaranensis,33,7,0.370271373195231
Lepilemur ankaranensis,34,7,0.462834125284791
Lepilemur ankaranensis,35,7,43.0377824654073
Lepilemur ankaranensis,36,7,0.18513059458977
Lepilemur ankaranensis,37,7,1.48074673073471
Lepilemur ankaranensis,39,7,1.66577102635789
Lepilemur ankaranensis,41,7,0.27762389876622
Lepilemur ankaranensis,42,7,0.277610584835947
Lepilemur ankaranensis,11,2,102.199160140332
Lepilemur ankaranensis,12,2,0.278243954662919
Lepilemur ankaranensis,19,2,1.39092521476799
Lepilemur ankaranensis,43,2,0.185499234954834
Lepilemur ankaranensis,47,2,0.370900267166376
Lepilemur edwardsi,3433,158,64.9869920614074
Lepilemur edwardsi,3284,140,33.1691494210177
Lepilemur edwardsi,1255,148,5.85033975470352
Lepilemur edwardsi,1260,148,24.6792146248873
Lepilemur edwardsi,1273,148,2.83342021114933
Lepilemur edwardsi,1275,148,0.182805694629431
Lepilemur edwardsi,1283,148,1.00536820483017
Lepilemur edwardsi,1287,148,0.274192454328179
Lepilemur edwardsi,3428,148,1.55373825480127
Lepilemur edwardsi,1272,159,1.0054375043211
Lepilemur edwardsi,1284,159,2.37624750380063
Lepilemur edwardsi,1292,159,0.182784649551272
Lepilemur edwardsi,1299,159,0.182778454094648
Lepilemur edwardsi,1301,159,7.67678403816092
Lepilemur edwardsi,1332,159,8.49783825707888
Lepilemur edwardsi,1359,159,0.274089461484194
Lepilemur edwardsi,1369,159,9.5018882179122
Lepilemur edwardsi,1370,159,4.567756926453
Lepilemur edwardsi,3434,159,0.456749789226413
Lepilemur edwardsi,1771,156,164.087473873105
Lepilemur edwardsi,1785,156,0.364942030489683
Lepilemur edwardsi,3464,156,0.456175956650376
Lepilemur edwardsi,3469,156,44.7196147776582
Lepilemur edwardsi,3472,156,1.36878947938347
Lepilemur edwardsi,3480,156,0.273738447341442
Lepilemur edwardsi,3481,156,0.364971116543174
Lepilemur edwardsi,3467,160,9.49246813121474
Lepilemur leucopus,1339,37,68.4073900828574
Lepilemur leucopus,3283,149,31.0182859874093
Lepilemur leucopus,3341,167,112.468627701651
Lepilemur leucopus,3355,168,36.3826787541578
Lepilemur leucopus,1752,163,46.5723968884147
Lepilemur leucopus,3,124,2.59390059166253
Lepilemur leucopus,73,124,189.459657690806
Lepilemur leucopus,2604,155,118.305284790413
Lepilemur leucopus,3356,155,0.347873258495212
Lepilemur leucopus,3279,170,45.1360753508905
Lepilemur leucopus,3349,169,9.30872783193505
Lepilemur microdon,854,44,29.8631255431825
Lepilemur microdon,123,11,21.6030064475268
Lepilemur microdon,50,7,41.3466555927123
Lepilemur microdon,56,45,1.19697195979625
Lepilemur microdon,74,45,56.8728181945585
Lepilemur microdon,76,45,23.2776854783
Lepilemur microdon,853,45,21.7270555164749
Lepilemur microdon,859,45,27.3374724883393
Lepilemur microdon,78,9,22.0769148552077
Lepilemur microdon,96,9,64.5579174296131
Lepilemur microdon,865,9,1.37902412587363
Lepilemur microdon,80,46,62.2582651923044
Lepilemur microdon,863,46,0.919496630983412
Lepilemur microdon,864,46,6.25186649493641
Lepilemur microdon,93,47,0.643524707942724
Lepilemur microdon,95,47,0.459616383672059
Lepilemur microdon,97,47,9.46768015268528
Lepilemur microdon,98,47,0.643432019172192
Lepilemur microdon,99,47,0.367655302864194
Lepilemur microdon,100,47,1.56243208603442
Lepilemur microdon,101,47,0.459508593737543
Lepilemur microdon,102,47,0.643297785346329
Lepilemur microdon,103,47,0.45949710468936
Lepilemur microdon,104,47,1.1946710927344
Lepilemur microdon,105,47,50.551453219145
Lepilemur microdon,106,47,3.21620605602419
Lepilemur microdon,107,47,0.551364106284499
Lepilemur microdon,108,47,0.367564567481756
Lepilemur microdon,109,47,0.551319225258708
Lepilemur microdon,110,47,1.10259928914046
Lepilemur microdon,111,47,0.643170052255213
Lepilemur microdon,112,47,1.65382056523675
Lepilemur microdon,114,47,1.01060090259051
Lepilemur mustelinus,15066,190,68.4073900828574
Lepilemur mustelinus,9264,124,42.7215934479485
Lepilemur mustelinus,18049,124,3.75955498127008
Lepilemur mustelinus,18055,596,44.4928427752445
Lepilemur mustelinus,59,3,25.2178087537469
Lepilemur mustelinus,133,7,0.370271373195231
Lepilemur mustelinus,135,7,0.462834125284791
Lepilemur mustelinus,138,7,18.9744048029395
Lepilemur mustelinus,139,7,0.18513059458977
Lepilemur mustelinus,147,7,1.48074673073471
Lepilemur mustelinus,148,7,1.48068535666716
Lepilemur mustelinus,150,7,0.277623898765862
Lepilemur mustelinus,67,391,21.0334598369182
Lepilemur mustelinus,1965,608,53.6385749434331
Lepilemur mustelinus,9523,123,88.5345907866701
Lepilemur mustelinus,9751,123,82.79071857814
Lepilemur mustelinus,18233,619,16.5405274979586
Lepilemur mustelinus,17313,623,0.777178853789091
Lepilemur mustelinus,18180,623,0.604549703200817
Lepilemur mustelinus,18333,623,19.9515621485635
Lepilemur mustelinus,18329,624,27.2715936270507
Lepilemur mustelinus,18330,625,29.4123165165292
Lepilemur mustelinus,18331,626,29.3885406549345
Lepilemur mustelinus,18332,627,20.6592519148769
Lepilemur mustelinus,7167,102,0.449603298739433
Lepilemur mustelinus,7168,102,0.359686745625973
Lepilemur mustelinus,7245,102,36.331879859746
Lepilemur mustelinus,18318,102,0.449634089967847
Lepilemur mustelinus,18340,102,6.47518067736232
Lepilemur mustelinus,9003,122,13.8841261984153
Lepilemur mustelinus,7421,107,52.2268727901955
Lepilemur mustelinus,18490,674,52.0931107730117
Lepilemur mustelinus,18472,675,31.1097970257607
Lepilemur mustelinus,18473,675,29.6010280215059
Lepilemur mustelinus,10644,453,104.893708448805
Lepilemur mustelinus,8736,592,16.3121433096236
Lepilemur mustelinus,5640,633,0.812480411258936
Lepilemur mustelinus,18375,633,16.6994855698657
Lepilemur mustelinus,18378,633,0.180557963597178
Lepilemur mustelinus,18573,633,1.17365293457222
Lepilemur mustelinus,18447,672,59.0116196877182
Lepilemur mustelinus,18523,681,26.6587824925889
Lepilemur mustelinus,18525,681,16.2380797407103
Lepilemur mustelinus,18550,689,90.3937869662622
Lepilemur mustelinus,8,1,0.55664420881176
Lepilemur mustelinus,9,1,0.371099061261296
Lepilemur mustelinus,11,1,0.556625695955515
Lepilemur mustelinus,12,1,0.185535398295105
Lepilemur mustelinus,14,1,0.463806772104681
Lepilemur mustelinus,17,1,0.27827526928854
Lepilemur mustelinus,32,1,85.5074021732403
Lepilemur mustelinus,18143,1,56.8711675529887
Lepilemur mustelinus,2436,46,104.227849186101
Lepilemur mustelinus,2493,46,0.364940765320778
Lepilemur mustelinus,6792,88,58.113791807033
Lepilemur mustelinus,18618,88,0.360806249891043
Lepilemur mustelinus,17159,217,104.316264006088
Lepilemur mustelinus,18621,217,0.347873258495212
Lepilemur mustelinus,412,291,19.9337849990107
Lepilemur mustelinus,18524,291,199.713422927767
Lepilemur mustelinus,18175,605,9.49246813121474
Lepilemur mustelinus,18123,618,9.30872783193505
Lepilemur mustelinus,18410,654,88.5629699935415
Lepilemur mustelinus,18623,654,1.41985175199318
Lepilemur mustelinus,18624,654,30.9497681570663
Lepilemur mustelinus,18408,671,51.6424033209818
Lepilemur mustelinus,1212,679,0.643524707942724
Lepilemur mustelinus,1238,679,0.459616383672059
Lepilemur mustelinus,1243,679,0.183841973942041
Lepilemur mustelinus,1248,679,0.643432019172192
Lepilemur mustelinus,1251,679,0.275752651619673
Lepilemur mustelinus,1258,679,0.367655302864194
Lepilemur mustelinus,1263,679,1.56243208603442
Lepilemur mustelinus,1264,679,0.275729722221732
Lepilemur mustelinus,1273,679,0.275717098941624
Lepilemur mustelinus,1278,679,0.275709061498523
Lepilemur mustelinus,1280,679,0.459508593737543
Lepilemur mustelinus,1281,679,0.45949710468936
Lepilemur mustelinus,1282,679,1.1946710927344
Lepilemur mustelinus,1290,679,0.183794934333146
Lepilemur mustelinus,1293,679,50.551453219145
Lepilemur mustelinus,1294,679,3.21620605602419
Lepilemur mustelinus,1295,679,0.551364106284499
Lepilemur mustelinus,1303,679,0.367564567481756
Lepilemur mustelinus,1307,679,0.183777680330753
Lepilemur mustelinus,1309,679,0.551319225258708
Lepilemur mustelinus,1311,679,0.183773075227499
Lepilemur mustelinus,1315,679,1.10259928914046
Lepilemur mustelinus,1319,679,0.643170052255213
Lepilemur mustelinus,1321,679,0.183763859938979
Lepilemur mustelinus,1323,679,0.183761555059075
Lepilemur mustelinus,1324,679,1.65382056523675
Lepilemur mustelinus,1366,679,1.65325307838088
Lepilemur mustelinus,1375,679,0.367363554798603
Lepilemur mustelinus,1434,679,116.961786446988
Lepilemur mustelinus,1456,679,0.275443051051259
Lepilemur mustelinus,18578,679,1.01060090259051
Lepilemur mustelinus,18579,679,0.275615805294395
Lepilemur mustelinus,18580,679,30.0279563443614
Lepilemur mustelinus,1301,690,1.10266377710551
Lepilemur mustelinus,1302,690,0.183781132994473
Lepilemur mustelinus,1316,690,2.02137478975803
Lepilemur mustelinus,1317,690,0.826945434479237
Lepilemur mustelinus,1340,690,0.18374310077405
Lepilemur mustelinus,18576,690,1.10266607838708
Lepilemur mustelinus,18577,690,7.90145164278173
Lepilemur mustelinus,3268,691,266.73838817703
Lepilemur mustelinus,18611,691,191.049731459298
Lepilemur mustelinus,18613,691,0.919496630983412
Lepilemur mustelinus,18614,691,6.25186649493641
Lepilemur mustelinus,18561,692,180.351922799822
Lepilemur mustelinus,18593,693,229.563098744103
Lepilemur mustelinus,18594,693,3.22509111988759
Lepilemur mustelinus,18595,693,49.838144357936
Lepilemur mustelinus,18596,693,1.19747486800289
Lepilemur mustelinus,18597,693,6.63162645037937
Lepilemur mustelinus,18602,693,1.74986507844645
Lepilemur mustelinus,18604,693,18.9694426773024
Lepilemur mustelinus,18603,694,41.3466555927123
Lepilemur mustelinus,18605,695,29.0935194916896
Lepilemur mustelinus,18606,695,1.19697195979625
Lepilemur mustelinus,18607,695,165.589230952063
Lepilemur mustelinus,18608,695,167.386348684994
Lepilemur mustelinus,18610,696,142.937192083356
Lepilemur mustelinus,18615,696,1.37902412587363
Lepilemur mustelinus,18633,697,59.930225967488
Lepilemur mustelinus,18634,698,30.0885079199013
Lepilemur mustelinus,18635,699,156.395880634442
Lepilemur mustelinus,18636,699,58.8448757092075
Lepilemur mustelinus,18637,700,126.550941243377
Lepilemur mustelinus,18638,700,0.1831612099756
Lepilemur mustelinus,18640,701,21.6030064475268
Lepilemur mustelinus,18641,701,47.86339402205
Lepilemur mustelinus,18536,684,59.3584008869
Lepilemur mustelinus,18632,684,31.2682529843574
Lepilemur mustelinus,18631,702,35.4042812702756
Lepilemur mustelinus,18521,687,31.2831288292474
Lepilemur ruficaudatus,2945,88,0.452763459861875
Lepilemur ruficaudatus,2972,88,38.0240908844043
Lepilemur ruficaudatus,2976,88,3.07696966736638
Lepilemur ruficaudatus,2979,88,0.723997986286044
Lepilemur ruficaudatus,2987,88,0.361958205401897
Lepilemur ruficaudatus,3349,97,0.449603298739433
Lepilemur ruficaudatus,3350,97,0.359686745625973
Lepilemur ruficaudatus,3361,97,36.331879859746
Lepilemur ruficaudatus,6128,97,0.449634089967847
Lepilemur ruficaudatus,6137,97,6.47518067736232
Lepilemur ruficaudatus,3774,349,3.3134309653126
Lepilemur ruficaudatus,6135,349,17.1081231937802
Lepilemur ruficaudatus,559,36,5.85033975470436
Lepilemur ruficaudatus,562,36,16.0871950112846
Lepilemur ruficaudatus,572,36,0.182805694629431
Lepilemur ruficaudatus,575,36,0.274201118186474
Lepilemur ruficaudatus,578,36,0.274192454328179
Lepilemur ruficaudatus,593,36,1.55373825480127
Lepilemur ruficaudatus,580,350,0.182784649551272
Lepilemur ruficaudatus,581,350,1.18809712456632
Lepilemur ruficaudatus,586,350,0.182778454094648
Lepilemur ruficaudatus,587,350,4.38649564416385
Lepilemur ruficaudatus,590,350,5.7567683404597
Lepilemur ruficaudatus,600,350,2.46709225874806
Lepilemur ruficaudatus,3731,260,21.5096479841157
Lepilemur ruficaudatus,3749,260,57.9536162531174
Lepilemur ruficaudatus,6143,260,27.5139015001006
Lepilemur ruficaudatus,669,37,18.2767366788028
Lepilemur ruficaudatus,6125,37,0.456764738324761
Lepilemur ruficaudatus,6144,37,13.2478972172724
Lepilemur ruficaudatus,6146,37,12.4246882102063
Lepilemur ruficaudatus,3977,348,89.7882265229853
Lepilemur ruficaudatus,4125,348,455.304276357035
Leptopterus chabert,418,93,0.370271373195231
Leptopterus chabert,419,93,0.462834125284791
Leptopterus chabert,423,93,43.0377824654073
Leptopterus chabert,440,93,1.48074673073471
Leptopterus chabert,443,93,1.66577102635694
Leptopterus chabert,450,93,0.277623898765862
Leptopterus chabert,457,93,0.277610584835947
Leptopterus chabert,369,124,43.4528749465152
Leptopterus chabert,212,119,0.463597745714188
Leptopterus chabert,264,119,43.2038186617044
Leptopterus chabert,10166,49,38.2051651932399
Leptopterus chabert,10230,49,3.07696966736627
Leptopterus chabert,10237,49,0.723997986286044
Leptopterus chabert,10277,49,0.361958205401897
Leptopterus chabert,24702,49,0.452763459861636
Leptopterus chabert,23222,129,0.777178853789091
Leptopterus chabert,24543,129,0.604549703200817
Leptopterus chabert,24780,129,27.2715936270507
Leptopterus chabert,24781,129,29.4123165165292
Leptopterus chabert,24782,129,29.3885406549345
Leptopterus chabert,24783,129,20.6592519148769
Leptopterus chabert,24784,129,19.9515621485635
Leptopterus chabert,24204,130,44.4928427752445
Leptopterus chabert,13069,61,0.449603298739433
Leptopterus chabert,13070,61,0.359686745625973
Leptopterus chabert,13132,61,36.331879859746
Leptopterus chabert,24704,61,0.449634089967847
Leptopterus chabert,24802,61,6.47518067736232
Leptopterus chabert,13306,31,52.2268727901955
Leptopterus chabert,25041,149,52.0931107730117
Leptopterus chabert,24536,118,64.9869920614074
Leptopterus chabert,25004,144,31.1097970257607
Leptopterus chabert,25005,144,29.6010280215059
Leptopterus chabert,25074,151,26.6587824925889
Leptopterus chabert,25076,151,16.2380797407103
Leptopterus chabert,5418,103,2.64969806134474
Leptopterus chabert,5448,103,0.274089461484194
Leptopterus chabert,5493,103,7.03479595916414
Leptopterus chabert,5503,103,4.567756926453
Leptopterus chabert,24546,103,0.456749789226413
Leptopterus chabert,21479,106,46.5723968884147
Leptopterus chabert,24346,106,90.8511787162259
Leptopterus chabert,24647,106,36.3826787541578
Leptopterus chabert,25104,154,90.3937869662622
Leptopterus chabert,20695,55,219.361840141796
Leptopterus chabert,24343,55,13.0307413413469
Leptopterus chabert,24344,55,3.87195306908155
Leptopterus chabert,24345,55,6.06907414019537
Leptopterus chabert,24671,55,9.25706128804803
Leptopterus chabert,24674,55,4.31856011909986
Leptopterus chabert,24845,55,15.0236706233649
Leptopterus chabert,25239,55,0.353583403214455
Leptopterus chabert,25241,55,0.265129139435411
Leptopterus chabert,25242,55,3.62310800466859
Leptopterus chabert,25246,55,115.28513658457
Leptopterus chabert,25248,55,0.4416432086097
Leptopterus chabert,11401,59,0.812480411258936
Leptopterus chabert,24886,59,16.6994855698657
Leptopterus chabert,24922,59,51.6424033209818
Leptopterus chabert,24964,59,59.0116196877182
Leptopterus chabert,25164,59,1.17365293457222
Leptopterus chabert,1135,60,19.9337849990107
Leptopterus chabert,25075,60,199.713422927767
Leptopterus chabert,22629,91,12.0483039035151
Leptopterus chabert,23127,91,118.305284790413
Leptopterus chabert,24065,91,17.8876522784661
Leptopterus chabert,24104,91,45.1360753508905
Leptopterus chabert,24178,91,440.837213623637
Leptopterus chabert,24477,91,9.30872783193505
Leptopterus chabert,25250,91,0.347873258495212
Leptopterus chabert,25253,91,2.60537814308274
Leptopterus chabert,135,102,0.55664420881176
Leptopterus chabert,139,102,0.371099061261296
Leptopterus chabert,142,102,0.556625695955813
Leptopterus chabert,155,102,0.463806772104442
Leptopterus chabert,162,102,0.27827526928854
Leptopterus chabert,178,102,0.278243954662919
Leptopterus chabert,202,102,111.568243325615
Leptopterus chabert,206,102,1.39092521476799
Leptopterus chabert,211,102,4.63579200248468
Leptopterus chabert,24494,102,56.8711675529887
Leptopterus chabert,25178,102,0.370900267166376
Leptopterus chabert,25179,102,0.463541480594814
Leptopterus chabert,5735,109,18.2767366788028
Leptopterus chabert,24460,109,0.456764738324761
Leptopterus chabert,25194,109,13.2478972172724
Leptopterus chabert,25196,109,12.4246882102063
Leptopterus chabert,14880,128,55.5362709867372
Leptopterus chabert,15003,128,3.3134309653126
Leptopterus chabert,15260,128,69.5634544487439
Leptopterus chabert,16260,128,407.219333776693
Leptopterus chabert,24191,128,21.5096479841157
Leptopterus chabert,24760,128,0.447673652347684
Leptopterus chabert,24772,128,17.1081231937802
Leptopterus chabert,24814,128,21.0801634665238
Leptopterus chabert,25024,128,27.5139015001006
Leptopterus chabert,24803,133,58.113791807033
Leptopterus chabert,25256,133,0.360806249891043
Leptopterus chabert,18550,140,0.620648212959528
Leptopterus chabert,18565,140,0.265972006814122
Leptopterus chabert,18589,140,0.709200345668078
Leptopterus chabert,24924,140,88.5629699935415
Leptopterus chabert,24990,140,9.04229392746901
Leptopterus chabert,25072,140,31.2831288292474
Leptopterus chabert,25259,140,1.41985175199318
Leptopterus chabert,25260,140,30.9497681570663
Leptopterus chabert,25261,140,0.531935836720109
Leptopterus chabert,25262,140,3.01150757306588
Leptopterus chabert,2404,150,0.643524707942724
Leptopterus chabert,2460,150,0.459616383672059
Leptopterus chabert,2485,150,0.643432019172192
Leptopterus chabert,2493,150,0.275752651619673
Leptopterus chabert,2513,150,0.367655302864194
Leptopterus chabert,2534,150,1.56243208603442
Leptopterus chabert,2535,150,0.275729722221732
Leptopterus chabert,2559,150,0.275717098941624
Leptopterus chabert,2575,150,0.275709061498523
Leptopterus chabert,2579,150,0.459508593737543
Leptopterus chabert,2586,150,0.45949710468936
Leptopterus chabert,2587,150,1.1946710927344
Leptopterus chabert,2605,150,50.551453219145
Leptopterus chabert,2609,150,3.21620605602419
Leptopterus chabert,2610,150,0.551364106284499
Leptopterus chabert,2617,150,1.10266377710527
Leptopterus chabert,2626,150,0.367564567481756
Leptopterus chabert,2636,150,0.551319225258708
Leptopterus chabert,2648,150,1.10259928914046
Leptopterus chabert,2654,150,2.02137478975803
Leptopterus chabert,2655,150,0.826945434479237
Leptopterus chabert,2663,150,0.643170052255213
Leptopterus chabert,2672,150,1.65382056523675
Leptopterus chabert,2694,150,0.826825480994821
Leptopterus chabert,2720,150,0.459349671094894
Leptopterus chabert,2744,150,0.367459639964223
Leptopterus chabert,2759,150,0.275586929093957
Leptopterus chabert,2763,150,1.46972063059181
Leptopterus chabert,2764,150,0.275577679304183
Leptopterus chabert,2853,150,0.367363554798603
Leptopterus chabert,2959,150,116.961786446988
Leptopterus chabert,3001,150,0.275443051051259
Leptopterus chabert,8506,150,266.73838817703
Leptopterus chabert,25089,150,28.7773817194842
Leptopterus chabert,25090,150,59.3584008869
Leptopterus chabert,25130,150,180.351922799822
Leptopterus chabert,25149,150,19.4390238963762
Leptopterus chabert,25173,150,22.858108584332
Leptopterus chabert,25180,150,1.10266607838708
Leptopterus chabert,25181,150,9.73881683759956
Leptopterus chabert,25182,150,1.01060090259051
Leptopterus chabert,25183,150,0.275615805294395
Leptopterus chabert,25184,150,35.3553316235078
Leptopterus chabert,25214,150,1.38241570732784
Leptopterus chabert,25215,150,229.563098744103
Leptopterus chabert,25216,150,3.22509111988759
Leptopterus chabert,25217,150,49.838144357936
Leptopterus chabert,25218,150,1.19747486800289
Leptopterus chabert,25219,150,6.63162645037937
Leptopterus chabert,25224,150,1.74986507844645
Leptopterus chabert,25225,150,41.3466555927123
Leptopterus chabert,25226,150,18.9694426773024
Leptopterus chabert,25227,150,29.0935194916896
Leptopterus chabert,25228,150,1.19697195979625
Leptopterus chabert,25229,150,165.589230952063
Leptopterus chabert,25230,150,167.386348684994
Leptopterus chabert,25232,150,142.937192083356
Leptopterus chabert,25233,150,191.049731459298
Leptopterus chabert,25235,150,0.919496630983412
Leptopterus chabert,25236,150,6.25186649493641
Leptopterus chabert,25237,150,1.37902412587363
Leptopterus chabert,25267,150,35.4042812702756
Leptopterus chabert,25268,150,31.2682529843574
Leptopterus chabert,25271,150,59.930225967488
Leptopterus chabert,25272,150,30.0885079199013
Leptopterus chabert,25273,150,156.395880634442
Leptopterus chabert,25274,150,58.8448757092075
Leptopterus chabert,25275,150,129.022534146316
Leptopterus chabert,25278,150,21.6030064475268
Leptopterus chabert,25279,150,47.86339402205
Leptopterus chabert,25281,150,1.18887316902965
Leptopterus chabert,25282,150,0.365803726961494
Leptopterus chabert,25284,150,22.4907523126593
Leptopterus chabert,25286,150,0.91402228653884
Leptopterus chabert,25129,158,104.451769868596
Leptopterus chabert,25269,158,26.7192827727436
Leptopterus chabert,25146,159,18.6159244086656
Leptopterus chabert,25150,159,20.4450502154253
Leptopterus chabert,25169,155,72.6841925792621
Leptopterus chabert,25170,155,9.25207177810681
Leptopterus chabert,6170,156,164.087473873105
Leptopterus chabert,6219,156,0.364942030489683
Leptopterus chabert,6229,156,0.456175956650972
Leptopterus chabert,24538,156,9.49246813121474
Leptopterus chabert,24631,156,2.73946711541033
Leptopterus chabert,25199,156,44.7196147776582
Leptopterus chabert,25202,156,1.36878947938347
Leptopterus chabert,25208,156,0.273738447341442
Leptopterus chabert,25209,156,0.364971116543174
Leptopterus chabert,25212,156,0.364952150581956
Leptopterus chabert,24281,157,20.6310542039179
Leptopterus chabert,24669,157,7.8043101934992
Lophotibis cristata,12,1,111.568243325615
Lophotibis cristata,18,1,43.2038186617044
Lophotibis cristata,20,1,43.2675847418705
Lophotibis cristata,35,1,43.0377824654073
Lophotibis cristata,1514,1,56.8711675529887
Lophotibis cristata,741,3,36.331879859746
Lophotibis cristata,777,3,51.8674302060766
Lophotibis cristata,869,3,27.5139015001006
Lophotibis cristata,875,3,41.0293049223326
Lophotibis cristata,879,3,42.1715901547037
Lophotibis cristata,910,3,236.858748834492
Lophotibis cristata,961,3,21.0801634665238
Lophotibis cristata,1702,3,17.1081231937802
Lophotibis cristata,1736,3,6.47518067736232
Lophotibis cristata,1737,3,58.113791807033
Lophotibis cristata,1887,3,21.5096479841157
Lophotibis cristata,322,4,5.85033975470352
Lophotibis cristata,323,4,24.6792146248902
Lophotibis cristata,333,4,8.49783825707888
Lophotibis cristata,343,4,9.5018882179122
Lophotibis cristata,393,4,164.087473873105
Lophotibis cristata,1583,4,9.49246813121474
Lophotibis cristata,2052,4,29.8421537025048
Lophotibis cristata,70,7,19.9337849990107
Lophotibis cristata,145,7,50.551453219145
Lophotibis cristata,167,7,116.961786446988
Lophotibis cristata,520,7,266.73838817703
Lophotibis cristata,1933,7,26.6587824925889
Lophotibis cristata,1934,7,199.713422927767
Lophotibis cristata,1935,7,16.2380797407103
Lophotibis cristata,1948,7,28.7773817194842
Lophotibis cristata,1949,7,59.3584008869
Lophotibis cristata,1963,7,90.3937869662622
Lophotibis cristata,1987,7,104.451769868596
Lophotibis cristata,1988,7,180.351922799822
Lophotibis cristata,2004,7,18.6159244086656
Lophotibis cristata,2007,7,19.4390238963762
Lophotibis cristata,2008,7,20.4450502154253
Lophotibis cristata,2028,7,72.6841925792621
Lophotibis cristata,2029,7,9.25207177810681
Lophotibis cristata,2032,7,22.858108584332
Lophotibis cristata,2038,7,9.73881683759956
Lophotibis cristata,2041,7,35.3553316235078
Lophotibis cristata,2068,7,229.563098744103
Lophotibis cristata,2070,7,49.838144357936
Lophotibis cristata,2072,7,6.63162645037937
Lophotibis cristata,2078,7,41.3466555927123
Lophotibis cristata,2079,7,18.9694426773024
Lophotibis cristata,2080,7,29.0935194916896
Lophotibis cristata,2082,7,165.589230952063
Lophotibis cristata,2083,7,167.386348684994
Lophotibis cristata,2085,7,142.937192083356
Lophotibis cristata,2086,7,191.049731459298
Lophotibis cristata,2089,7,6.25186649493641
Lophotibis cristata,2096,7,35.4042812702756
Lophotibis cristata,2097,7,31.2682529843574
Lophotibis cristata,2098,7,26.7192827727436
Lophotibis cristata,2100,7,59.930225967488
Lophotibis cristata,2101,7,30.0885079199013
Lophotibis cristata,2102,7,156.395880634442
Lophotibis cristata,2103,7,58.8448757092075
Lophotibis cristata,2104,7,129.022534146316
Lophotibis cristata,2107,7,21.6030064475268
Lophotibis cristata,2108,7,47.86339402205
Lophotibis cristata,2113,7,22.4907523126593
Macrotarsomys bastardi,392,281,3.3134309653126
Macrotarsomys bastardi,437,95,89.7882265230072
Macrotarsomys bastardi,450,107,2.59390059166253
Macrotarsomys bastardi,825,186,16.9299596293051
Macrotarsomys bastardi,1077,106,3.75955498127008
Macrotarsomys bastardi,857,201,21.4423868237228
Macrotarsomys bastardi,864,201,28.083902237051
Macrotarsomys bastardi,1115,201,0.0875363925478458
Macrotarsomys bastardi,446,99,64.8879679010838
Macrotarsomys bastardi,384,92,17.1081231937802
Macrotarsomys bastardi,389,96,16.2973978202194
Macrotarsomys bastardi,494,286,104.893708448805
Macrotarsomys bastardi,1120,295,28.9720579655188
Macrotarsomys bastardi,1119,29,2.73946711541033
Macrotarsomys bastardi,772,171,9.97640043047619
Macrotarsomys bastardi,1096,292,21.1588565254757
Macrotarsomys bastardi,795,293,62.9897013034045
Macrotarsomys bastardi,1125,293,0.265129139435411
Margaroperdix madagarensis,10371,8,68.4073900828574
Margaroperdix madagarensis,11259,13,112.468627701651
Margaroperdix madagarensis,13007,18,64.9869920614074
Margaroperdix madagarensis,11909,21,0.777178853789091
Margaroperdix madagarensis,12767,21,44.4928427752445
Margaroperdix madagarensis,13013,21,0.604549703200817
Margaroperdix madagarensis,13176,21,27.2715936270507
Margaroperdix madagarensis,13177,21,29.4123165165292
Margaroperdix madagarensis,13178,21,29.3885406549345
Margaroperdix madagarensis,13179,21,20.6592519148769
Margaroperdix madagarensis,13180,21,19.9515621485635
Margaroperdix madagarensis,4125,20,38.2051651932399
Margaroperdix madagarensis,4146,20,3.07696966736627
Margaroperdix madagarensis,4152,20,0.723997986286044
Margaroperdix madagarensis,13356,30,52.0931107730117
Margaroperdix madagarensis,13359,29,31.1097970257607
Margaroperdix madagarensis,13360,29,29.6010280215059
Margaroperdix madagarensis,5660,22,26.9789444841768
Margaroperdix madagarensis,6360,22,52.2268727901955
Margaroperdix madagarensis,41,1,0.55664420881176
Margaroperdix madagarensis,45,1,0.556625695955813
Margaroperdix madagarensis,69,1,26.7219759851387
Margaroperdix madagarensis,91,1,43.2038186617044
Margaroperdix madagarensis,97,1,21.1261124531245
Margaroperdix madagarensis,12963,1,9.36908318528281
Margaroperdix madagarensis,12965,1,13.6291985780152
Margaroperdix madagarensis,2051,14,18.2767366788028
Margaroperdix madagarensis,13488,14,13.2478972172724
Margaroperdix madagarensis,13490,14,12.4246882102063
Margaroperdix madagarensis,1872,17,1.18809712456632
Margaroperdix madagarensis,1883,17,4.38649564416385
Margaroperdix madagarensis,1917,17,8.86332816260099
Margaroperdix madagarensis,2627,17,164.635079438637
Margaroperdix madagarensis,12244,17,4.567756926453
Margaroperdix madagarensis,13016,17,10.0499887125863
Margaroperdix madagarensis,13378,17,2.73946711541033
Margaroperdix madagarensis,13397,17,9.58373740822244
Margaroperdix madagarensis,13493,17,45.0847132855617
Margaroperdix madagarensis,13496,17,1.36878947938347
Margaroperdix madagarensis,13498,17,1.7337707149651
Margaroperdix madagarensis,13552,17,1.55205922298586
Margaroperdix madagarensis,310,19,19.9337849990107
Margaroperdix madagarensis,338,19,26.6587824925889
Margaroperdix madagarensis,342,19,19.2835761868453
Margaroperdix madagarensis,353,19,115.589426177143
Margaroperdix madagarensis,372,19,43.8080324089263
Margaroperdix madagarensis,696,19,0.643432019172192
Margaroperdix madagarensis,713,19,1.56243208603442
Margaroperdix madagarensis,735,19,1.1946710927344
Margaroperdix madagarensis,742,19,3.21620605602294
Margaroperdix madagarensis,743,19,0.551364106284499
Margaroperdix madagarensis,746,19,1.10266377710527
Margaroperdix madagarensis,754,19,0.551319225258708
Margaroperdix madagarensis,759,19,1.10259928914046
Margaroperdix madagarensis,762,19,2.02137478975803
Margaroperdix madagarensis,763,19,0.826945434479237
Margaroperdix madagarensis,765,19,0.643170052255213
Margaroperdix madagarensis,769,19,1.65382056523675
Margaroperdix madagarensis,779,19,0.826825480994821
Margaroperdix madagarensis,816,19,1.46972063059181
Margaroperdix madagarensis,921,19,116.961786446988
Margaroperdix madagarensis,3305,19,266.73838817703
Margaroperdix madagarensis,12415,19,50.551453219145
Margaroperdix madagarensis,12416,19,0.643524707942724
Margaroperdix madagarensis,13046,19,0.64434884884876
Margaroperdix madagarensis,13062,19,86.9343049463478
Margaroperdix madagarensis,13381,19,18.7076370258816
Margaroperdix madagarensis,13394,19,16.2380797407103
Margaroperdix madagarensis,13411,19,28.7773817194842
Margaroperdix madagarensis,13412,19,59.3584008869
Margaroperdix madagarensis,13426,19,90.3937869662622
Margaroperdix madagarensis,13437,19,104.451769868596
Margaroperdix madagarensis,13438,19,180.351922799822
Margaroperdix madagarensis,13456,19,19.4390238963762
Margaroperdix madagarensis,13457,19,12.2862609365727
Margaroperdix madagarensis,13468,19,72.6841925792621
Margaroperdix madagarensis,13469,19,9.25207177810681
Margaroperdix madagarensis,13473,19,22.858108584332
Margaroperdix madagarensis,13474,19,1.10266607838708
Margaroperdix madagarensis,13475,19,9.73881683759956
Margaroperdix madagarensis,13476,19,1.01060090259051
Margaroperdix madagarensis,13478,19,35.3553316235078
Margaroperdix madagarensis,13509,19,229.563098744103
Margaroperdix madagarensis,13510,19,3.22509111988759
Margaroperdix madagarensis,13511,19,49.838144357936
Margaroperdix madagarensis,13512,19,1.19747486800289
Margaroperdix madagarensis,13513,19,6.63162645037937
Margaroperdix madagarensis,13518,19,1.74986507844645
Margaroperdix madagarensis,13519,19,41.3466555927123
Margaroperdix madagarensis,13520,19,18.9694426773024
Margaroperdix madagarensis,13521,19,29.0935194916896
Margaroperdix madagarensis,13522,19,1.19697195979625
Margaroperdix madagarensis,13523,19,165.589230952063
Margaroperdix madagarensis,13524,19,167.386348684994
Margaroperdix madagarensis,13526,19,2.02445275485683
Margaroperdix madagarensis,13527,19,142.937192083356
Margaroperdix madagarensis,13528,19,191.141696945506
Margaroperdix madagarensis,13530,19,0.919496630983412
Margaroperdix madagarensis,13531,19,6.25186649493641
Margaroperdix madagarensis,13532,19,1.37902412587363
Margaroperdix madagarensis,13553,19,35.4042812702756
Margaroperdix madagarensis,13554,19,31.2682529843574
Margaroperdix madagarensis,13555,19,26.7192827727436
Margaroperdix madagarensis,13557,19,59.930225967488
Margaroperdix madagarensis,13558,19,30.0885079199013
Margaroperdix madagarensis,13559,19,156.395880634442
Margaroperdix madagarensis,13560,19,58.9365145738444
Margaroperdix madagarensis,13561,19,129.022534146316
Margaroperdix madagarensis,13564,19,21.6030064475268
Margaroperdix madagarensis,13565,19,47.86339402205
Margaroperdix madagarensis,13566,19,1.18887316902965
Margaroperdix madagarensis,13569,19,22.4907523126593
Margaroperdix madagarensis,13571,19,0.91402228653884
Margaroperdix madagarensis,10377,23,245.072463241854
Margaroperdix madagarensis,12819,23,7.59299903613198
Margaroperdix madagarensis,12820,23,64.5275165318067
Margaroperdix madagarensis,12821,23,29.0032743569901
Margaroperdix madagarensis,12879,23,15.0236706233649
Margaroperdix madagarensis,13541,23,2.38477173312068
Margaroperdix madagarensis,13545,23,1.32280871870244
Margaroperdix madagarensis,13210,24,58.113791807033
Margaroperdix madagarensis,8785,27,59.0220175232944
Margaroperdix madagarensis,13533,27,1.41985175199318
Margaroperdix madagarensis,12438,31,12.948556039879
Margaroperdix madagarensis,12439,31,64.4413750863015
Margaroperdix madagarensis,12445,31,3.07666271011841
Margaroperdix madagarensis,13323,32,51.6424033209818
Margaroperdix madagarensis,13340,32,59.0116196877182
Margaroperdix madagarensis,6591,33,57.9536162531174
Margaroperdix madagarensis,6650,33,3.3134309653126
Margaroperdix madagarensis,7125,33,89.7882265229853
Margaroperdix madagarensis,7477,33,455.304276357035
Margaroperdix madagarensis,12740,33,21.5096479841157
Margaroperdix madagarensis,12855,33,3.75955498127008
Margaroperdix madagarensis,13188,33,17.1081231937802
Margaroperdix madagarensis,13363,33,27.5139015001006
Mentocrex kioloides,615,2,29.4123165165292
Mentocrex kioloides,643,2,27.2715936270507
Mentocrex kioloides,644,2,29.3885406549345
Mentocrex kioloides,645,2,20.6592519148769
Mentocrex kioloides,10,1,33.821144771344
Mentocrex kioloides,16,1,9.09651025857466
Mentocrex kioloides,62,1,156.395880634442
Mentocrex kioloides,69,1,59.3584008869
Mentocrex kioloides,74,1,61.0887142109144
Mentocrex kioloides,772,1,191.049731459298
Mentocrex kioloides,781,1,71.523950457575
Mentocrex kioloides,782,1,20.2301521301134
Mentocrex kioloides,783,1,3.38332418211758
Mentocrex kioloides,784,1,266.73838817703
Mentocrex kioloides,785,1,104.451769868596
Mentocrex kioloides,801,1,18.6159244086656
Mentocrex kioloides,804,1,19.4390238963762
Mentocrex kioloides,805,1,20.4450502154253
Mentocrex kioloides,809,1,150.320221903983
Mentocrex kioloides,810,1,6.67439570552647
Mentocrex kioloides,819,1,72.6841925792621
Mentocrex kioloides,820,1,9.25207177810681
Mentocrex kioloides,821,1,41.3466555927123
Mentocrex kioloides,822,1,59.930225967488
Mentocrex kioloides,823,1,30.0885079199013
Mentocrex kioloides,824,1,30.0061818448032
Mentocrex kioloides,825,1,31.2682529843574
Mentocrex kioloides,834,1,69.0141795230249
Mentocrex kioloides,835,1,2.57936223117161
Mentocrex kioloides,836,1,82.3436727737423
Mentocrex kioloides,838,1,18.9694426773024
Mentocrex kioloides,839,1,29.0935194916896
Mentocrex kioloides,840,1,167.386348684994
Mentocrex kioloides,841,1,116.524702947247
Mentocrex kioloides,843,1,77.8274317484893
Mentocrex kioloides,844,1,13.9784614762996
Mentocrex kioloides,847,1,6.25186649493641
Mentocrex kioloides,851,1,26.7192827727436
Mentocrex kioloides,686,3,51.6424033209818
Mentocrex kioloides,718,3,59.0116196877182
Mentocrex kioloides,700,7,88.9178223342941
Mentocrex kioloides,738,7,9.04229392746901
Mentocrex kioloides,771,7,31.2831288292474
Mentocrex kioloides,827,7,30.9497681570663
Mentocrex kioloides,829,7,3.01150757306588
Mesitornis variegatus,22,2,164.087473873105
Mesitornis variegatus,93,2,2.73946711541033
Mesitornis variegatus,94,2,1.55205922298586
Mesitornis variegatus,95,2,9.49246813121474
Mesitornis variegatus,105,2,44.7196147776582
Mesitornis variegatus,108,2,1.36878947938347
Mesitornis variegatus,59,6,27.5139015001006
Mesitornis variegatus,60,6,17.1081231937802
Mesitornis variegatus,62,6,3.3134309653126
Mesitornis variegatus,63,6,57.9536162531174
Mesitornis variegatus,65,6,3.75955498126924
Mesitornis variegatus,68,6,89.7882265229853
Mesitornis variegatus,81,6,455.304276357035
Mesitornis variegatus,103,6,5.19750467449212
Microcebus griseorufus,1,1,18.2045818278743
Microcebus griseorufus,2,2,15.4798619858229
Microcebus griseorufus,23,5,38.9439751978007
Microcebus griseorufus,29,5,12.0483039035151
Microcebus griseorufus,19,11,45.1360753508905
Microcebus griseorufus,3,3,25.3907382258116
Microcebus griseorufus,4,3,0.0869687731292248
Microcebus griseorufus,6,3,0.347746593876839
Microcebus griseorufus,9,3,0.0869155042579174
Microcebus griseorufus,10,3,43.974776033486
Microcebus griseorufus,18,3,6.25564918681932
Microcebus murinus,2866,192,1.1946710927344
Microcebus murinus,2887,192,3.21620605602419
Microcebus murinus,465,41,0.370271373195231
Microcebus murinus,467,41,0.462834125284791
Microcebus murinus,470,41,0.0925668250995874
Microcebus murinus,472,41,43.0377824654073
Microcebus murinus,473,41,0.18513059458977
Microcebus murinus,487,41,1.48074673073471
Microcebus murinus,489,41,1.66577102635694
Microcebus murinus,492,41,0.277623898765862
Microcebus murinus,494,41,0.277610584835947
Microcebus murinus,496,41,0.0925361785190701
Microcebus murinus,32976,2451,17.8876522784661
Microcebus murinus,28115,1446,68.4073900828574
Microcebus murinus,25656,2258,13.1672804516124
Microcebus murinus,33195,2523,44.4928427752445
Microcebus murinus,33344,2551,3.87195306908155
Microcebus murinus,33273,2539,3.75955498127008
Microcebus murinus,33346,2541,112.468627701651
Microcebus murinus,220,17,0.463597745714188
Microcebus murinus,237,17,0.0927073077802658
Microcebus murinus,286,17,43.2038186617044
Microcebus murinus,309,24,0.0926675960290432
Microcebus murinus,321,24,0.0926606114119887
Microcebus murinus,330,24,0.0926476122773886
Microcebus murinus,337,24,0.0926436052986383
Microcebus murinus,402,24,43.4528749465152
Microcebus murinus,31956,2471,0.777178853789091
Microcebus murinus,33522,2471,19.9515621485635
Microcebus murinus,33523,2471,0.604549703200817
Microcebus murinus,33518,2578,64.9869920614074
Microcebus murinus,33602,2585,36.3826787541578
Microcebus murinus,21218,2591,89.7882265229853
Microcebus murinus,33626,2593,9.25706128804803
Microcebus murinus,33629,2594,4.31856011909986
Microcebus murinus,33343,2550,13.0307413413469
Microcebus murinus,33345,2595,6.06907414019537
Microcebus murinus,14451,738,0.0905584602525234
Microcebus murinus,14530,738,0.0905447203236818
Microcebus murinus,14689,738,38.2051651932399
Microcebus murinus,14737,738,0.0905061372197867
Microcebus murinus,14756,738,3.07696966736627
Microcebus murinus,14762,738,0.723997986286044
Microcebus murinus,14805,738,0.361958205401897
Microcebus murinus,33640,738,0.452763459861636
Microcebus murinus,33710,2598,20.6592519148769
Microcebus murinus,18118,903,0.0899370735929012
Microcebus murinus,18172,903,0.0899238860028982
Microcebus murinus,18179,903,0.449603298739433
Microcebus murinus,18180,903,0.359686745625973
Microcebus murinus,18197,903,0.0899194863940477
Microcebus murinus,18256,903,36.331879859746
Microcebus murinus,33642,903,0.0899312145228386
Microcebus murinus,33643,903,0.449634089967847
Microcebus murinus,33736,903,6.47518067736232
Microcebus murinus,29735,1438,46.5723968884147
Microcebus murinus,20334,2615,3.3134309653126
Microcebus murinus,33711,2615,17.1081231937802
Microcebus murinus,33060,2621,45.1360753508905
Microcebus murinus,24385,1243,0.265972006814122
Microcebus murinus,24461,1243,9.04229392746901
Microcebus murinus,18508,2311,52.2268727901955
Microcebus murinus,33791,2311,0.0899356091371775
Microcebus murinus,33792,2311,0.0899341444739103
Microcebus murinus,33793,2311,0.0899326796025038
Microcebus murinus,6312,2179,0.0914152072402239
Microcebus murinus,6363,2179,5.85033975470352
Microcebus murinus,6378,2179,24.6792146248873
Microcebus murinus,6379,2179,0.0914115014762879
Microcebus murinus,6466,2179,2.83342021114933
Microcebus murinus,6482,2179,0.0914028473147154
Microcebus murinus,6483,2179,0.182805694629431
Microcebus murinus,6514,2179,1.00536820483017
Microcebus murinus,6526,2179,0.274192454328179
Microcebus murinus,6546,2179,0.0913954212394953
Microcebus murinus,6559,2179,0.0913941828228235
Microcebus murinus,33463,2179,1.55373825480127
Microcebus murinus,6453,2623,1.0054375043211
Microcebus murinus,6515,2623,2.37624750380063
Microcebus murinus,6571,2623,0.182784649551272
Microcebus murinus,6599,2623,0.0913904663075209
Microcebus murinus,6611,2623,0.0913892270473242
Microcebus murinus,6612,2623,0.182778454094648
Microcebus murinus,6634,2623,7.67678403816092
Microcebus murinus,6667,2623,8.86332816260099
Microcebus murinus,6917,2623,0.274089461484194
Microcebus murinus,6939,2623,0.0913631538983583
Microcebus murinus,7028,2623,9.5018882179122
Microcebus murinus,7029,2623,4.567756926453
Microcebus murinus,7142,2623,0.0913494594436884
Microcebus murinus,32855,2623,0.0913643975844383
Microcebus murinus,33525,2623,0.456749789226413
Microcebus murinus,1259,1901,19.9337849990107
Microcebus murinus,20200,2507,57.9536162531174
Microcebus murinus,33168,2507,21.5096479841157
Microcebus murinus,33824,2507,27.5139015001006
Microcebus murinus,1538,2094,199.713422927767
Microcebus murinus,33904,2644,29.932942723587
Microcebus murinus,33950,2659,31.2682529843574
Microcebus murinus,33876,2633,90.3937869662622
Microcebus murinus,214,16,4.63579200248468
Microcebus murinus,33954,16,0.463541480594814
Microcebus murinus,1991,142,1.19747486800301
Microcebus murinus,1996,142,46.6054061164746
Microcebus murinus,2042,142,0.184211880049229
Microcebus murinus,2135,2660,21.0025439361147
Microcebus murinus,33955,2660,6.63162645037937
Microcebus murinus,33959,2660,1.74986507844645
Microcebus murinus,2649,176,0.643524707942724
Microcebus murinus,2742,176,9.46768015268528
Microcebus murinus,2743,176,0.183841973942041
Microcebus murinus,2751,176,0.643432019172192
Microcebus murinus,2784,176,0.367655302864194
Microcebus murinus,2805,176,1.56243208603442
Microcebus murinus,2806,176,0.275729722221732
Microcebus murinus,2833,176,0.275717098941624
Microcebus murinus,2845,176,0.275709061498523
Microcebus murinus,2855,176,0.459508593737543
Microcebus murinus,2864,176,0.643297785346329
Microcebus murinus,2865,176,0.45949710468936
Microcebus murinus,3013,196,13.6906283572678
Microcebus murinus,2940,199,0.183773075227499
Microcebus murinus,2947,199,1.10259928914046
Microcebus murinus,2964,199,0.183763859938979
Microcebus murinus,2974,199,0.183761555059075
Microcebus murinus,2975,199,1.65382056523675
Microcebus murinus,33965,199,1.01060090259051
Microcebus murinus,33966,199,0.275615805294395
Microcebus murinus,3083,2661,13.4090315801461
Microcebus murinus,7542,390,18.2767366788028
Microcebus murinus,33971,390,13.2478972172724
Microcebus murinus,33973,390,12.4246882102063
Microcebus murinus,33974,390,0.0913581770466566
Microcebus murinus,3298,1902,17.6293351868833
Microcebus murinus,33969,1902,0.0918124089481831
Microcebus murinus,33970,1902,0.0918112438106537
Microcebus murinus,2920,2201,27.4239797064361
Microcebus murinus,144,2295,0.463806772104442
Microcebus murinus,151,2295,0.27827526928854
Microcebus murinus,167,2295,0.278243954662919
Microcebus murinus,203,2295,111.568243325615
Microcebus murinus,33493,2295,56.8711675529887
Microcebus murinus,33951,2295,0.185499234954834
Microcebus murinus,33952,2295,0.0927417757584453
Microcebus murinus,33953,2295,0.0927211263144612
Microcebus murinus,33928,2326,20.4450502154253
Microcebus murinus,34025,2326,0.0916615525497198
Microcebus murinus,2723,2399,0.459616383672059
Microcebus murinus,2757,2399,0.275752651619673
Microcebus murinus,2877,2399,0.183794934333146
Microcebus murinus,2885,2399,50.551453219145
Microcebus murinus,2888,2399,0.551364106284499
Microcebus murinus,2935,2399,0.551319225258708
Microcebus murinus,2958,2399,0.643170052255213
Microcebus murinus,31811,2449,118.305284790413
Microcebus murinus,34006,2449,0.347873258495212
Microcebus murinus,34007,2449,0.0869651048810482
Microcebus murinus,28107,2502,244.188758729789
Microcebus murinus,33997,2502,0.176773350173593
Microcebus murinus,33998,2502,0.265129139435411
Microcebus murinus,33999,2502,0.0883340038583279
Microcebus murinus,34000,2502,0.0883323284213543
Microcebus murinus,34001,2502,0.0883323284213543
Microcebus murinus,34002,2502,128.593216990634
Microcebus murinus,34003,2502,0.08833065277946
Microcebus murinus,34004,2502,0.4416432086097
Microcebus murinus,33764,2662,15.0236706233649
Microcebus murinus,31071,2504,12.0483039035151
Microcebus murinus,33156,2504,440.837213623637
Microcebus murinus,21755,2508,455.304276357035
Microcebus murinus,33249,2536,29.0032743569901
Microcebus murinus,33255,2538,20.6310542039179
Microcebus murinus,8001,2564,0.0912806047910452
Microcebus murinus,33976,2564,44.7196147776582
Microcebus murinus,8472,2663,164.087473873105
Microcebus murinus,8473,2663,0.0912402507441044
Microcebus murinus,8509,2663,0.364942030489683
Microcebus murinus,33582,2663,0.456175956650376
Microcebus murinus,33975,2663,0.0912831197600365
Microcebus murinus,33977,2663,0.0912768307586908
Microcebus murinus,33978,2663,0.0912755723267794
Microcebus murinus,33979,2663,1.36878947938347
Microcebus murinus,33980,2663,0.0912541467659473
Microcebus murinus,33982,2663,0.0912528845435381
Microcebus murinus,33984,2663,0.0912490966143608
Microcebus murinus,33985,2663,0.0912490966143608
Microcebus murinus,33986,2663,0.091247833550334
Microcebus murinus,33987,2663,0.273738447341442
Microcebus murinus,33988,2663,0.364971116543174
Microcebus murinus,33989,2663,0.0912402507441044
Microcebus murinus,33990,2663,0.0912389862062931
Microcebus murinus,33992,2663,0.0912377214585543
Microcebus murinus,33853,2664,9.49246813121474
Microcebus murinus,33470,2567,9.30872783193505
Microcebus murinus,33616,2592,7.8043101934992
Microcebus murinus,33737,2609,58.113791807033
Microcebus murinus,34011,2609,0.0902044145538807
Microcebus murinus,34012,2609,0.0902044145538807
Microcebus murinus,34013,2609,0.360806249891043
Microcebus murinus,34014,2609,0.090200136197567
Microcebus murinus,34015,2609,0.0901872898641825
Microcebus murinus,2428,2617,27.3374724883393
Microcebus murinus,33771,2617,21.7270555164749
Microcebus murinus,33964,2617,24.3872932737225
Microcebus murinus,33961,2665,19.8817776291285
Microcebus murinus,33963,2665,0.64426019258225
Microcebus murinus,33714,2628,11.6027476277496
Microcebus murinus,33865,2631,67.0300351968569
Microcebus murinus,33944,2666,16.1220631773574
Microcebus murinus,33945,2667,81.2129543006281
Microcebus murinus,34026,2667,0.1831612099756
Microcebus murinus,34027,2667,0.0915509860725999
Microcebus murinus,34017,2668,21.6030064475268
Microcebus murinus,34018,2668,47.86339402205
Microcebus murinus,11860,2641,104.451769868596
Microcebus murinus,33993,2641,26.7192827727436
Microcebus murinus,33864,2643,28.7773817194842
Microcebus murinus,33927,2643,19.4390238963762
Microcebus murinus,33930,2643,58.8448757092075
Microcebus murinus,33906,2646,30.0109975610422
Microcebus murinus,33924,2652,18.6159244086656
Microcebus murinus,33942,2655,72.6841925792621
Microcebus murinus,33943,2656,9.25207177810681
Microcebus murinus,33866,2657,22.858108584332
Microcebus murinus,34021,2657,0.0914460148120522
Microcebus murinus,34023,2657,0.0914213792976141
Microcebus murinus,34022,2669,22.4907523126593
Microcebus murinus,33947,2658,35.4042812702756
Microcebus myoxinus,370,101,25.7972821171587
Microcebus myoxinus,368,106,27.5139015001006
Microcebus myoxinus,374,107,16.3121433096236
Microcebus myoxinus,371,102,46.9626168878271
Microcebus ravelobensis,2,2,0.0914152072403431
Microcebus ravelobensis,3,2,5.85033975470436
Microcebus ravelobensis,4,2,24.6792146248902
Microcebus ravelobensis,5,2,0.0914115014762879
Microcebus ravelobensis,6,3,1.0054375043211
Microcebus ravelobensis,7,2,2.83342021114933
Microcebus ravelobensis,8,2,0.0914028473147154
Microcebus ravelobensis,9,2,0.182805694629431
Microcebus ravelobensis,10,2,1.00536820483017
Microcebus ravelobensis,11,2,1.55373825480211
Microcebus ravelobensis,12,3,2.37624750380075
Microcebus ravelobensis,13,2,0.274192454328179
Microcebus ravelobensis,14,2,0.0913954212394953
Microcebus ravelobensis,15,2,0.0913941828228235
Microcebus ravelobensis,16,3,0.182784649551272
Microcebus ravelobensis,17,3,0.0913904663075209
Microcebus ravelobensis,18,3,0.0913892270473242
Microcebus ravelobensis,19,3,0.182778454094648
Microcebus ravelobensis,20,3,7.67678403816379
Microcebus ravelobensis,21,3,8.49783825707936
Microcebus ravelobensis,23,3,0.274089461484194
Microcebus ravelobensis,24,3,0.0913643975844383
Microcebus ravelobensis,25,3,0.0913631538983583
Microcebus ravelobensis,27,3,9.50188821791184
Microcebus ravelobensis,28,3,4.56775692645169
Microcebus ravelobensis,29,3,0.456749789226651
Microcebus ravelobensis,30,3,0.0913494594436884
Microcebus ravelobensis,36,7,0.0912806047910452
Microcebus ravelobensis,44,7,34.9561422077832
Microcebus ravelobensis,46,10,47.905131750668
Microcebus ravelobensis,59,10,0.0912402507441044
Microcebus ravelobensis,60,10,0.364942030489683
Microcebus ravelobensis,61,10,0.456175956650972
Microcebus ravelobensis,45,9,19.5265911838999
Microcebus rufus,962,144,3.21620605602419
Microcebus rufus,8862,1484,0.604549703200817
Microcebus rufus,8933,1484,19.9515621485635
Microcebus rufus,8929,1485,27.2715936270507
Microcebus rufus,8930,1486,29.4123165165292
Microcebus rufus,8931,1487,29.3885406549345
Microcebus rufus,8932,1488,20.6592519148769
Microcebus rufus,9087,1553,52.0931107730117
Microcebus rufus,9079,1554,31.1097970257607
Microcebus rufus,9080,1554,29.6010280215059
Microcebus rufus,9122,1575,16.2380797407103
Microcebus rufus,207,36,19.9337849990107
Microcebus rufus,2990,1472,0.812480411258936
Microcebus rufus,8972,1472,16.6994855698657
Microcebus rufus,9047,1546,59.0116196877182
Microcebus rufus,9120,1573,26.6587824925889
Microcebus rufus,9150,1580,90.3937869662622
Microcebus rufus,5,1,61.483940488416
Microcebus rufus,8819,1,56.8711675529887
Microcebus rufus,9190,1,0.0927211263144612
Microcebus rufus,902,18,0.459616383672059
Microcebus rufus,920,18,0.275752651619673
Microcebus rufus,960,18,0.183794934333146
Microcebus rufus,961,18,50.551453219145
Microcebus rufus,963,18,0.551364106284499
Microcebus rufus,976,18,0.551319225258708
Microcebus rufus,984,18,0.643170052255213
Microcebus rufus,2202,1595,266.73838817703
Microcebus rufus,9224,1595,191.049731459298
Microcebus rufus,9206,1596,229.563098744103
Microcebus rufus,9207,1597,3.22509111988759
Microcebus rufus,9208,1598,49.838144357936
Microcebus rufus,9210,1599,6.63162645037937
Microcebus rufus,9215,1599,1.74986507844645
Microcebus rufus,9216,1600,41.3466555927123
Microcebus rufus,9217,1601,18.9694426773024
Microcebus rufus,9218,1602,29.0935194916896
Microcebus rufus,9220,1603,165.589230952063
Microcebus rufus,9221,1603,167.386348684994
Microcebus rufus,9223,1604,142.937192083356
Microcebus rufus,9226,1605,0.919496630983412
Microcebus rufus,9227,1605,6.25186649493641
Microcebus rufus,913,126,0.183841973942041
Microcebus rufus,918,126,0.643432019172192
Microcebus rufus,942,126,0.275717098941624
Microcebus rufus,949,126,0.275709061498523
Microcebus rufus,953,126,0.459508593737543
Microcebus rufus,956,126,0.45949710468936
Microcebus rufus,1112,126,116.961786446988
Microcebus rufus,9200,126,0.0918368279622793
Microcebus rufus,9202,126,0.091829860622406
Microcebus rufus,966,1606,1.10266377710527
Microcebus rufus,981,1606,0.826945434479237
Microcebus rufus,1012,1606,0.367459639964223
Microcebus rufus,9192,1606,9.73881683759956
Microcebus rufus,1026,1607,1.46972063059181
Microcebus rufus,9195,1607,35.3553316235078
Microcebus rufus,9196,1607,0.18370726844728
Microcebus rufus,9199,1607,0.0918368279622793
Microcebus rufus,9201,1607,0.091829860622406
Microcebus rufus,9203,1607,0.0918124089481831
Microcebus rufus,9204,1607,0.0918112438106537
Microcebus rufus,6933,1405,0.265972006814122
Microcebus rufus,9007,1405,88.5629699935415
Microcebus rufus,9073,1405,9.04229392746901
Microcebus rufus,9229,1405,1.41985175199318
Microcebus rufus,9230,1405,30.9497681570663
Microcebus rufus,9005,1525,51.6424033209818
Microcebus rufus,9105,1564,72.6841925792621
Microcebus rufus,9106,1565,18.6159244086656
Microcebus rufus,9118,1571,31.2831288292474
Microcebus rufus,9232,1608,3.01150757306588
Microcebus rufus,9233,1608,0.0885780602414608
Microcebus rufus,9234,1608,0.0885764149888754
Microcebus rufus,9235,1608,0.0885747695316076
Microcebus rufus,9236,1608,0.0885731238677502
Microcebus rufus,1519,1572,0.0914152072403431
Microcebus rufus,9254,1572,3.19946678744328
Microcebus rufus,9189,1609,22.858108584332
Microcebus rufus,9252,1609,0.0914460148120522
Microcebus rufus,9253,1609,0.0914213792976141
Microcebus rufus,9121,1574,199.713422927767
Microcebus rufus,9135,1582,28.7773817194842
Microcebus rufus,9172,1582,19.4390238963762
Microcebus rufus,9243,1582,156.395880634442
Microcebus rufus,9244,1582,58.8448757092075
Microcebus rufus,9156,1610,180.351922799822
Microcebus rufus,9241,1611,59.930225967488
Microcebus rufus,9242,1612,30.0885079199013
Microcebus rufus,9245,1613,129.022534146316
Microcebus rufus,9247,1613,0.0915509860725999
Microcebus rufus,9248,1614,21.6030064475268
Microcebus rufus,9249,1615,47.86339402205
Microcebus rufus,9155,1583,104.451769868596
Microcebus rufus,9239,1616,26.7192827727436
Microcebus rufus,9186,1593,9.25207177810681
Microcebus rufus,9136,1594,59.3584008869
Microcebus rufus,9238,1594,31.2682529843574
Microcebus rufus,9237,1617,35.4042812702756
Microcebus tavaratra,10,3,0.463597745714188
Microcebus tavaratra,11,3,43.2038186617151
Microcebus tavaratra,12,3,0.0927073077802658
Microcebus tavaratra,14,5,0.0926675960290432
Microcebus tavaratra,15,5,0.0926606114119887
Microcebus tavaratra,16,5,0.0926476122773886
Microcebus tavaratra,17,5,43.4528749465184
Microcebus tavaratra,18,5,0.0926436052986383
Microcebus tavaratra,31,9,0.370271373195231
Microcebus tavaratra,33,9,0.462834125284791
Microcebus tavaratra,36,9,0.0925668250995874
Microcebus tavaratra,37,9,43.0377824654073
Microcebus tavaratra,38,9,0.18513059458977
Microcebus tavaratra,43,9,1.48074673073471
Microcebus tavaratra,45,9,1.66577102635789
Microcebus tavaratra,47,9,0.27762389876622
Microcebus tavaratra,48,9,0.277610584835947
Microcebus tavaratra,49,9,0.0925361785190701
Microcebus tavaratra,180,29,0.0905584602525234
Microcebus tavaratra,181,29,0.452763459861875
Microcebus tavaratra,182,29,0.0905447203236818
Microcebus tavaratra,183,29,38.2051651932297
Microcebus tavaratra,184,29,0.0905061372197867
Microcebus tavaratra,185,29,3.07696966736638
Microcebus tavaratra,186,29,0.723997986286044
Microcebus tavaratra,188,29,0.361958205401897
Microcebus tavaratra,236,38,6.4751806773603
Microcebus tavaratra,237,38,36.3318798597431
Microcebus tavaratra,238,38,0.0899370735929012
Microcebus tavaratra,239,38,0.0899312145227194
Microcebus tavaratra,240,38,0.449634089968205
Microcebus tavaratra,241,38,0.0899238860028982
Microcebus tavaratra,242,38,0.449603298739433
Microcebus tavaratra,243,38,0.359686745625973
Microcebus tavaratra,244,38,0.0899194863940477
Microcebus tavaratra,161,25,18.2767366788028
Microcebus tavaratra,245,25,13.2478972172724
Microcebus tavaratra,247,25,12.4246882102063
Microcebus tavaratra,248,25,0.0913581770466566
Microgale brevicaudata,1512,273,2.46812535342741
Microgale brevicaudata,1520,273,16.0871950112846
Microgale brevicaudata,1531,273,0.0914028473147154
Microgale brevicaudata,1532,273,0.182805694629431
Microgale brevicaudata,1535,273,0.274201118186474
Microgale brevicaudata,114,29,0.370271373195231
Microgale brevicaudata,116,29,0.0925668250995874
Microgale brevicaudata,118,29,43.0377824654073
Microgale brevicaudata,119,29,0.18513059458977
Microgale brevicaudata,122,29,1.48074673073471
Microgale brevicaudata,123,29,1.66577102635694
Microgale brevicaudata,124,29,0.277623898765862
Microgale brevicaudata,5556,970,44.4928427752445
Microgale brevicaudata,5578,966,3.75955498127008
Microgale brevicaudata,5598,979,3.87195306908155
Microgale brevicaudata,5206,832,21.4423868237228
Microgale brevicaudata,5676,832,0.0875363925478458
Microgale brevicaudata,52,12,0.0927073077802658
Microgale brevicaudata,68,12,43.2038186617044
Microgale brevicaudata,78,18,21.1261124531245
Microgale brevicaudata,81,18,0.0926675960290432
Microgale brevicaudata,85,18,0.0926606114119887
Microgale brevicaudata,5697,987,64.9869920614074
Microgale brevicaudata,4454,671,89.7882265229853
Microgale brevicaudata,5008,787,6.06907414019537
Microgale brevicaudata,4909,788,4.31856011909986
Microgale brevicaudata,3263,532,0.0905584602525234
Microgale brevicaudata,3269,532,0.0905447203236818
Microgale brevicaudata,3274,532,38.2051651932399
Microgale brevicaudata,3279,532,0.0905061372197867
Microgale brevicaudata,5487,985,29.4123165165292
Microgale brevicaudata,5702,1001,0.604549703200817
Microgale brevicaudata,5793,1001,19.9515621485635
Microgale brevicaudata,5791,1002,29.3885406549345
Microgale brevicaudata,5792,1003,20.6592519148769
Microgale brevicaudata,3929,611,0.0899370735929012
Microgale brevicaudata,3946,611,0.449603298739433
Microgale brevicaudata,3947,611,0.359686745625973
Microgale brevicaudata,3964,611,36.331879859746
Microgale brevicaudata,3944,1006,0.0899238860028982
Microgale brevicaudata,5734,1006,0.449634089967847
Microgale brevicaudata,5795,1006,6.47518067736232
Microgale brevicaudata,4295,965,57.9536162531174
Microgale brevicaudata,5794,1000,17.1081231937802
Microgale brevicaudata,4013,524,52.2268727901955
Microgale brevicaudata,5816,524,0.0899356091371775
Microgale brevicaudata,5817,524,0.0899341444739103
Microgale brevicaudata,5818,524,0.0899326796025038
Microgale brevicaudata,3617,586,52.0931107730117
Microgale brevicaudata,5820,1014,16.2380797407103
Microgale brevicaudata,1556,277,4.38649564416385
Microgale brevicaudata,1587,277,8.86332816260099
Microgale brevicaudata,1610,277,0.274089461484194
Microgale brevicaudata,1614,277,0.0913631538983583
Microgale brevicaudata,1630,277,9.5018882179122
Microgale brevicaudata,1631,277,4.567756926453
Microgale brevicaudata,5495,277,0.0913643975844383
Microgale brevicaudata,5703,277,0.456749789226413
Microgale brevicaudata,5541,999,21.5096479841157
Microgale brevicaudata,5819,1016,27.5139015001006
Microgale brevicaudata,211,54,19.9337849990107
Microgale brevicaudata,5827,1015,26.6587824925889
Microgale brevicaudata,43,3,52.8685282028195
Microgale brevicaudata,5677,3,56.8711675529887
Microgale brevicaudata,5831,3,0.0927417757584453
Microgale brevicaudata,287,47,199.713422927767
Microgale brevicaudata,376,79,49.838144357936
Microgale brevicaudata,460,1018,199.536378910735
Microgale brevicaudata,5807,1019,21.7270555164749
Microgale brevicaudata,5844,1019,127.915889707386
Microgale brevicaudata,5845,1019,27.3374724883393
Microgale brevicaudata,5836,1020,1.74986507844645
Microgale brevicaudata,5841,1020,6.63162645037937
Microgale brevicaudata,5837,1021,41.3466555927123
Microgale brevicaudata,461,103,0.4598808172791
Microgale brevicaudata,511,103,98.8726292980249
Microgale brevicaudata,476,1022,0.459616383672059
Microgale brevicaudata,483,1022,0.275752651619673
Microgale brevicaudata,507,1022,0.183794934333146
Microgale brevicaudata,508,1022,50.551453219145
Microgale brevicaudata,510,1022,0.551364106284499
Microgale brevicaudata,518,1022,0.551319225258708
Microgale brevicaudata,521,1022,0.643170052255213
Microgale brevicaudata,5847,1023,32.5536096187775
Microgale brevicaudata,5852,1023,0.183868284007967
Microgale brevicaudata,5849,1024,0.919496630983412
Microgale brevicaudata,5850,1024,6.25186649493641
Microgale brevicaudata,480,104,0.183841973942041
Microgale brevicaudata,482,104,0.643432019172192
Microgale brevicaudata,497,104,0.275717098941624
Microgale brevicaudata,501,104,0.275709061498523
Microgale brevicaudata,502,104,0.459508593737543
Microgale brevicaudata,504,104,0.45949710468936
Microgale brevicaudata,643,104,116.961786446988
Microgale brevicaudata,5860,104,0.0918368279622793
Microgale brevicaudata,5863,104,0.091829860622406
Microgale brevicaudata,5861,1025,17.7211650475057
Microgale brevicaudata,5862,1025,0.091829860622406
Microgale brevicaudata,5864,1025,0.0918124089481831
Microgale brevicaudata,5865,1025,0.0918112438106537
Microgale brevicaudata,1709,275,18.2767366788028
Microgale brevicaudata,5866,1026,13.2478972172724
Microgale brevicaudata,5868,1026,12.4246882102063
Microgale brevicaudata,5869,1026,0.0913581770466566
Microgale brevicaudata,4440,675,263.250718074568
Microgale brevicaudata,1793,984,0.0912806047910452
Microgale brevicaudata,5871,984,44.7196147776582
Microgale brevicaudata,1880,1027,164.087473873105
Microgale brevicaudata,1886,1027,0.456175956650972
Microgale brevicaudata,5870,1027,0.0912831197600365
Microgale brevicaudata,5873,1027,0.0912755723267794
Microgale brevicaudata,5874,1027,1.36878947938347
Microgale brevicaudata,5875,1027,0.0912541467659473
Microgale brevicaudata,5877,1027,0.0912528845435381
Microgale brevicaudata,5879,1027,0.0912490966143608
Microgale brevicaudata,5880,1027,0.0912490966143608
Microgale brevicaudata,5881,1027,0.091247833550334
Microgale brevicaudata,5882,1027,0.273738447341442
Microgale brevicaudata,5883,1027,0.364971116543174
Microgale brevicaudata,5884,1027,0.0912402507441044
Microgale brevicaudata,5885,1027,0.0912389862062931
Microgale brevicaudata,5887,1027,0.0912377214585543
Microgale brevicaudata,5678,986,13.6291985780152
Microgale brevicaudata,5888,986,0.0927211263144612
Microgale brevicaudata,5796,1005,58.113791807033
Microgale brevicaudata,5889,1005,0.0902044145538807
Microgale brevicaudata,5890,1005,0.0902044145538807
Microgale brevicaudata,5891,1005,0.360806249891043
Microgale brevicaudata,5892,1005,0.090200136197567
Microgale brevicaudata,5830,1017,9.49246813121474
Microgale cowani,1106,55,1.1946710927344
Microgale cowani,1133,55,3.21620605602419
Microgale cowani,11423,849,0.604549703200459
Microgale cowani,11430,849,0.777178853789091
Microgale cowani,11539,849,19.9515621485635
Microgale cowani,11535,850,27.2715936270507
Microgale cowani,11536,851,29.4123165165292
Microgale cowani,11537,852,29.3885406549345
Microgale cowani,11538,853,20.6592519148769
Microgale cowani,11660,910,52.0931107730117
Microgale cowani,11652,911,31.1097970257607
Microgale cowani,11653,911,29.6010280215059
Microgale cowani,11698,935,29.9192284064455
Microgale cowani,122,12,19.9337849990107
Microgale cowani,3792,858,0.812480411258936
Microgale cowani,11560,858,16.6994855698657
Microgale cowani,11633,908,59.0116196877182
Microgale cowani,11688,930,26.6587824925889
Microgale cowani,11690,930,16.2380797407103
Microgale cowani,6,1,61.483940488416
Microgale cowani,11484,1,56.8711675529887
Microgale cowani,11725,1,0.0927211263144612
Microgale cowani,1010,632,0.459616383672059
Microgale cowani,1040,632,0.275752651619673
Microgale cowani,1121,632,0.183794934333146
Microgale cowani,1129,632,50.551453219145
Microgale cowani,1134,632,0.551364106284499
Microgale cowani,1155,632,0.551319225258708
Microgale cowani,1169,632,0.643170052255213
Microgale cowani,2546,942,229.563098744103
Microgale cowani,11743,942,1.19747486800289
Microgale cowani,11742,943,49.838144357936
Microgale cowani,11744,944,6.63162645037937
Microgale cowani,11749,944,1.74986507844645
Microgale cowani,11750,945,41.3466555927123
Microgale cowani,11751,946,18.9694426773024
Microgale cowani,11752,947,29.0935194916896
Microgale cowani,11754,948,165.589230952063
Microgale cowani,11755,948,167.386348684994
Microgale cowani,11757,949,142.937192083356
Microgale cowani,11759,949,0.0919609370105267
Microgale cowani,11758,950,191.049731459298
Microgale cowani,11763,950,167.472423121211
Microgale cowani,11760,951,0.919496630983412
Microgale cowani,11761,951,6.25186649493641
Microgale cowani,957,832,0.643524707942724
Microgale cowani,1027,832,0.183841973942041
Microgale cowani,1035,832,0.643432019172192
Microgale cowani,1063,832,1.56243208603442
Microgale cowani,1064,832,0.275729722221732
Microgale cowani,1082,832,0.275717098941624
Microgale cowani,1091,832,0.275709061498523
Microgale cowani,1097,832,0.459508593737543
Microgale cowani,1105,832,0.45949710468936
Microgale cowani,1229,832,1.46972063059181
Microgale cowani,1230,832,0.275577679304183
Microgale cowani,1355,832,116.961786446988
Microgale cowani,11730,832,35.3553316235078
Microgale cowani,11731,832,0.18370726844728
Microgale cowani,11734,832,0.0918368279622793
Microgale cowani,11735,832,0.0918368279622793
Microgale cowani,11736,832,0.091829860622406
Microgale cowani,11737,832,0.091829860622406
Microgale cowani,11738,832,0.0918124089481831
Microgale cowani,11739,832,0.0918112438106537
Microgale cowani,1139,952,1.10266377710527
Microgale cowani,1145,952,0.183781132994473
Microgale cowani,1162,952,2.02137478975803
Microgale cowani,1163,952,0.826945434479237
Microgale cowani,1214,952,0.367459639964223
Microgale cowani,11726,952,1.10266607838708
Microgale cowani,11727,952,9.73881683759956
Microgale cowani,11595,878,51.6424033209818
Microgale cowani,11597,891,88.5629699935415
Microgale cowani,11764,891,1.41985175199318
Microgale cowani,11765,891,30.9497681570663
Microgale cowani,11686,927,31.2831288292474
Microgale cowani,1388,928,26.7192827727436
Microgale cowani,11703,929,59.3584008869
Microgale cowani,11689,931,199.713422927767
Microgale cowani,11699,936,180.351922799822
Microgale cowani,11772,953,76.8042931124407
Microgale cowani,11773,954,21.6030064475268
Microgale cowani,11774,954,47.86339402205
Microgale cowani,11724,941,46.8646019734076
Microgale drouhardi,3,1,56.8711675529887
Microgale drouhardi,2468,361,9.36908318528281
Microgale drouhardi,2493,371,52.0931107730117
Microgale drouhardi,2580,409,31.1097970257607
Microgale drouhardi,2581,409,29.6010280215059
Microgale drouhardi,194,29,89.8712606361253
Microgale drouhardi,509,53,0.812480411258936
Microgale drouhardi,2499,53,16.6994855698657
Microgale drouhardi,2562,404,59.0116196877182
Microgale drouhardi,119,18,40.2587459644549
Microgale drouhardi,153,22,0.919496630984008
Microgale drouhardi,2601,22,6.25186649493641
Microgale drouhardi,172,416,191.049731459298
Microgale drouhardi,2596,417,41.3466555927123
Microgale drouhardi,2597,418,29.0935194916896
Microgale drouhardi,2598,419,165.589230952063
Microgale drouhardi,2599,419,167.386348684994
Microgale drouhardi,187,26,87.5687991782271
Microgale drouhardi,2602,420,26.7192827727436
Microgale drouhardi,205,31,21.6030064475268
Microgale drouhardi,1910,336,0.265972006814122
Microgale drouhardi,2527,336,88.5629699935415
Microgale drouhardi,2574,336,9.04229392746901
Microgale drouhardi,2603,336,1.41985175199318
Microgale drouhardi,2604,336,30.9497681570663
Microgale drouhardi,2549,397,51.6424033209818
Microgale drouhardi,2594,414,31.2831288292474
Microgale drouhardi,2595,415,131.154176133344
Microgale dryas,9,4,30.0587182645782
Microgale dryas,18,8,19.439023896375
Microgale dryas,20,8,58.8448757092026
Microgale dryas,22,8,28.7773817194793
Microgale dryas,158,39,57.2471492281184
Microgale dryas,45,14,10.5032452920052
Microgale dryas,11,6,84.964712545373
Microgale dryas,14,6,81.3571923397459
Microgale fotsifotsy,13,1,56.8711675529887
Microgale fotsifotsy,3106,1,9.36908318528281
Microgale fotsifotsy,3107,1,28.8450665179954
Microgale fotsifotsy,3210,516,52.0931107730117
Microgale fotsifotsy,3219,517,31.1097970257607
Microgale fotsifotsy,3220,517,29.6010280215059
Microgale fotsifotsy,315,43,89.8712606361253
Microgale fotsifotsy,847,75,0.812480411258936
Microgale fotsifotsy,3126,75,16.6994855698657
Microgale fotsifotsy,3125,510,59.0116196877182
Microgale fotsifotsy,3245,526,26.6587824925889
Microgale fotsifotsy,3244,16,192.611616223226
Microgale fotsifotsy,303,39,26.7192827727436
Microgale fotsifotsy,2501,428,0.265972006814122
Microgale fotsifotsy,3158,428,88.5629699935415
Microgale fotsifotsy,3202,428,9.04229392746901
Microgale fotsifotsy,3274,428,1.41985175199318
Microgale fotsifotsy,3275,428,30.9497681570663
Microgale fotsifotsy,3178,501,51.6424033209818
Microgale fotsifotsy,3243,523,31.2831288292474
Microgale fotsifotsy,230,525,1.74986507844758
Microgale fotsifotsy,3256,525,6.63162645037937
Microgale fotsifotsy,296,530,229.563098744103
Microgale fotsifotsy,3254,531,49.838144357936
Microgale fotsifotsy,3261,532,41.3466555927123
Microgale fotsifotsy,3262,533,18.9694426773024
Microgale fotsifotsy,3263,534,29.0935194916896
Microgale fotsifotsy,3265,535,165.589230952063
Microgale fotsifotsy,3266,536,142.999055411272
Microgale fotsifotsy,3268,537,53.2664046670783
Microgale fotsifotsy,3269,538,191.049731459298
Microgale fotsifotsy,3270,539,13.9784614762996
Microgale fotsifotsy,3272,540,0.919496630983412
Microgale fotsifotsy,3273,540,6.25186649493641
Microgale fotsifotsy,3251,529,56.8552570303113
Microgale fotsifotsy,3278,541,17.9087727160736
Microgale gracilis,31,7,29.8631255431825
Microgale gracilis,1380,177,59.0116196877182
Microgale gracilis,26,5,167.386348684994
Microgale gracilis,1407,5,26.791479663334
Microgale gracilis,1408,5,165.589230952063
Microgale gracilis,27,184,0.919496630984008
Microgale gracilis,1411,184,6.25186649493641
Microgale gracilis,1406,185,41.3466555927123
Microgale gracilis,1410,186,105.097214402882
Microgale gracilis,1375,163,21.6030064475268
Microgale gracilis,1378,166,26.5470070068805
Microgale gracilis,1110,168,0.265972006814122
Microgale gracilis,1165,168,88.5629699935415
Microgale gracilis,1390,168,9.04229392746901
Microgale gracilis,1412,168,1.41985175199318
Microgale gracilis,1413,168,30.9497681570663
Microgale gracilis,1405,183,31.2831288292474
Microgale gymnorhyncha,3284,175,29.4123165165292
Microgale gymnorhyncha,3306,176,27.2715936270507
Microgale gymnorhyncha,3309,178,52.0931107730117
Microgale gymnorhyncha,3378,196,31.1097970257607
Microgale gymnorhyncha,3379,196,29.6010280215059
Microgale gymnorhyncha,9,4,26.6587824925889
Microgale gymnorhyncha,3385,4,16.2380797407103
Microgale gymnorhyncha,196,180,0.812480411258936
Microgale gymnorhyncha,3313,180,16.6994855698657
Microgale gymnorhyncha,3314,180,0.180557963597178
Microgale gymnorhyncha,3392,180,1.17365293457222
Microgale gymnorhyncha,204,181,59.0116196877182
Microgale gymnorhyncha,92,6,191.049731459298
Microgale gymnorhyncha,3390,203,55.3562922973957
Microgale gymnorhyncha,3395,204,26.791479663334
Microgale gymnorhyncha,3396,205,29.9084357813471
Microgale gymnorhyncha,3398,205,39.4704589776066
Microgale gymnorhyncha,3397,206,99.8935068148606
Microgale gymnorhyncha,3399,206,0.0919609370105267
Microgale gymnorhyncha,3400,207,0.919496630983412
Microgale gymnorhyncha,3401,207,6.25186649493641
Microgale gymnorhyncha,3410,208,18.9694426773024
Microgale gymnorhyncha,37,7,89.1007232408122
Microgale gymnorhyncha,85,11,10.6587160307101
Microgale gymnorhyncha,3391,209,6.06658234187227
Microgale gymnorhyncha,3089,185,88.5629699935415
Microgale gymnorhyncha,3402,185,1.41985175199318
Microgale gymnorhyncha,3403,185,30.9497681570663
Microgale gymnorhyncha,3333,187,51.6424033209818
Microgale gymnorhyncha,3384,201,31.2831288292474
Microgale gymnorhyncha,3389,202,49.8514622958453
Microgale longicaudata,113,23,9.25542923517722
Microgale longicaudata,114,23,1.48074673073471
Microgale longicaudata,1076,155,3.21620605602419
Microgale longicaudata,44,8,17.8933026001772
Microgale longicaudata,51,8,0.0927073077802658
Microgale longicaudata,60,11,0.0926675960290432
Microgale longicaudata,62,11,43.2675847418705
Microgale longicaudata,68,11,0.0926606114119887
Microgale longicaudata,73,11,0.0926476122773886
Microgale longicaudata,78,11,0.0926436052986383
Microgale longicaudata,1590,237,64.9869920614074
Microgale longicaudata,7648,1247,0.604549703200459
Microgale longicaudata,7809,1247,19.9515621485635
Microgale longicaudata,7805,1248,27.2715936270507
Microgale longicaudata,7806,1249,29.4123165165292
Microgale longicaudata,7807,1250,29.3885406549345
Microgale longicaudata,7808,1251,20.6592519148769
Microgale longicaudata,7928,1312,31.1097970257607
Microgale longicaudata,7929,1312,29.6010280215059
Microgale longicaudata,7936,1315,52.0931107730117
Microgale longicaudata,7968,1335,16.2380797407103
Microgale longicaudata,326,58,19.9337849990107
Microgale longicaudata,2995,1237,0.812480411258936
Microgale longicaudata,7838,1237,16.6994855698657
Microgale longicaudata,7909,1307,59.0116196877182
Microgale longicaudata,7966,1333,26.6587824925889
Microgale longicaudata,7995,1342,90.3937869662622
Microgale longicaudata,23,1,0.278243954662919
Microgale longicaudata,37,1,102.199160140332
Microgale longicaudata,7698,1,56.8711675529887
Microgale longicaudata,8017,1,0.185499234954834
Microgale longicaudata,8018,1,0.0927417757584453
Microgale longicaudata,8019,1,0.0927211263144612
Microgale longicaudata,1020,133,0.183841973942041
Microgale longicaudata,1025,133,0.643432019172192
Microgale longicaudata,1051,133,0.275717098941624
Microgale longicaudata,1058,133,0.275709061498523
Microgale longicaudata,1062,133,0.459508593737543
Microgale longicaudata,1065,133,0.45949710468936
Microgale longicaudata,1236,133,116.961786446988
Microgale longicaudata,8029,133,0.0918368279622793
Microgale longicaudata,8031,133,0.091829860622406
Microgale longicaudata,1080,1349,1.10266377710527
Microgale longicaudata,1097,1349,0.826945434479237
Microgale longicaudata,1137,1349,0.367459639964223
Microgale longicaudata,8021,1349,9.73881683759956
Microgale longicaudata,1151,1350,1.46972063059181
Microgale longicaudata,8024,1350,35.3553316235078
Microgale longicaudata,8025,1350,0.18370726844728
Microgale longicaudata,8028,1350,0.0918368279622793
Microgale longicaudata,8030,1350,0.091829860622406
Microgale longicaudata,8032,1350,0.0918124089481831
Microgale longicaudata,8033,1350,0.0918112438106537
Microgale longicaudata,1921,268,9.49246813121474
Microgale longicaudata,1013,1224,0.459616383672059
Microgale longicaudata,1026,1224,0.275752651619673
Microgale longicaudata,1071,1224,0.183794934333146
Microgale longicaudata,1074,1224,50.551453219145
Microgale longicaudata,1077,1224,0.551364106284499
Microgale longicaudata,1091,1224,0.551319225258708
Microgale longicaudata,1100,1224,0.643170052255213
Microgale longicaudata,2218,1351,266.73838817703
Microgale longicaudata,8053,1351,191.049731459298
Microgale longicaudata,8035,1352,229.563098744103
Microgale longicaudata,8036,1353,3.22509111988759
Microgale longicaudata,8037,1354,49.838144357936
Microgale longicaudata,8039,1355,6.63162645037937
Microgale longicaudata,8044,1355,1.74986507844645
Microgale longicaudata,8045,1356,41.3466555927123
Microgale longicaudata,8046,1357,18.9694426773024
Microgale longicaudata,8047,1358,29.0935194916896
Microgale longicaudata,8049,1359,165.589230952063
Microgale longicaudata,8050,1359,167.386348684994
Microgale longicaudata,8052,1360,142.937192083356
Microgale longicaudata,8055,1361,0.919496630983412
Microgale longicaudata,8056,1361,6.25186649493641
Microgale longicaudata,7873,1280,88.5629699935415
Microgale longicaudata,8058,1280,1.41985175199318
Microgale longicaudata,8059,1280,30.9497681570663
Microgale longicaudata,7871,1288,51.6424033209818
Microgale longicaudata,7963,1330,31.2831288292474
Microgale longicaudata,8061,1362,3.01150757306588
Microgale longicaudata,8062,1362,0.0885780602414608
Microgale longicaudata,8063,1362,0.0885764149888754
Microgale longicaudata,8064,1362,0.0885747695316076
Microgale longicaudata,8065,1362,0.0885731238677502
Microgale longicaudata,7967,1334,199.713422927767
Microgale longicaudata,7981,1340,59.3584008869
Microgale longicaudata,8067,1340,31.2682529843574
Microgale longicaudata,8066,1363,35.4042812702756
Microgale longicaudata,8001,1345,180.351922799822
Microgale longicaudata,8002,1364,19.4390238963762
Microgale longicaudata,8070,1364,156.395880634442
Microgale longicaudata,8071,1364,58.8448757092075
Microgale longicaudata,8068,1365,59.930225967488
Microgale longicaudata,8069,1366,30.0885079199013
Microgale longicaudata,8072,1367,126.550941243377
Microgale longicaudata,8074,1367,0.0915509860725999
Microgale longicaudata,8075,1368,21.6030064475268
Microgale longicaudata,8076,1369,47.86339402205
Microgale longicaudata,8016,1348,6.67439570552647
Microgale majori,4,1,28.8450665179954
Microgale majori,598,115,52.0931107730117
Microgale majori,553,96,31.1097970257607
Microgale majori,605,96,29.6010280215059
Microgale majori,612,119,26.6587824925889
Microgale majori,41,14,89.4834184936948
Microgale majori,613,120,20.6591479170306
Microgale majori,47,15,40.2587459644549
Microgale majori,54,121,82.3436727737423
Microgale majori,614,122,52.0631064075417
Microgale majori,615,123,3.22509111988759
Microgale majori,616,124,26.4404268955793
Microgale majori,618,125,18.9694426773024
Microgale majori,619,126,29.0935194916896
Microgale majori,610,117,9.47659898817736
Microgale mergulus,6,2,1.19697195979726
Microgale mergulus,9,2,21.7270555164745
Microgale mergulus,10,2,27.3374724883207
Microgale mergulus,12,2,54.2037306260149
Microgale mergulus,17,2,23.2776854783
Microgale mergulus,948,80,0.265972006814122
Microgale mergulus,1398,80,9.04229392746901
Microgale mergulus,1274,59,31.1097970257607
Microgale mergulus,5,1,29.7439079649721
Microgale mergulus,19,4,101.064164837127
Microgale mergulus,20,4,0.919496630984008
Microgale mergulus,23,4,6.25186649493766
Microgale mergulus,1402,101,30.058718264589
Microgale mergulus,26,100,97.0064693939616
Microgale mergulus,1403,102,21.6030064475268
Microgale parvula,953,177,3.21620605602419
Microgale parvula,42,12,0.0926675960290432
Microgale parvula,44,12,43.2675847418705
Microgale parvula,47,12,0.0926606114119887
Microgale parvula,51,12,0.0926476122773886
Microgale parvula,56,12,0.0926436052986383
Microgale parvula,1545,276,41.9188143008253
Microgale parvula,7674,1432,0.604549703200459
Microgale parvula,7757,1432,19.9515621485635
Microgale parvula,7675,1433,29.4123165165292
Microgale parvula,7753,1434,27.2715936270507
Microgale parvula,7755,1435,29.3885406549345
Microgale parvula,7756,1436,20.6592519148769
Microgale parvula,7912,1502,52.0931107730117
Microgale parvula,7904,1503,31.1097970257607
Microgale parvula,7905,1503,29.6010280215059
Microgale parvula,7946,1522,16.2380797407103
Microgale parvula,233,56,19.9337849990107
Microgale parvula,2573,1421,0.812480411258936
Microgale parvula,7796,1421,16.6994855698657
Microgale parvula,7872,1495,59.0116196877182
Microgale parvula,7944,1520,26.6587824925889
Microgale parvula,7974,1529,90.3937869662622
Microgale parvula,24,6,0.278243954662919
Microgale parvula,31,6,95.8003054822296
Microgale parvula,7676,6,56.8711675529887
Microgale parvula,8019,6,0.185499234954834
Microgale parvula,8020,6,0.0927417757584453
Microgale parvula,8021,6,0.0927211263144612
Microgale parvula,881,51,0.459616383672059
Microgale parvula,898,51,0.275752651619673
Microgale parvula,949,51,0.183794934333146
Microgale parvula,952,51,50.551453219145
Microgale parvula,954,51,0.551364106284499
Microgale parvula,978,51,0.551319225258708
Microgale parvula,987,51,0.643170052255213
Microgale parvula,2119,1547,266.73838817703
Microgale parvula,8055,1547,191.049731459298
Microgale parvula,8037,1548,229.563098744103
Microgale parvula,8038,1549,3.22509111988759
Microgale parvula,8039,1550,49.838144357936
Microgale parvula,8041,1551,6.63162645037937
Microgale parvula,8046,1551,1.74986507844645
Microgale parvula,8047,1552,41.3466555927123
Microgale parvula,8048,1553,18.9694426773024
Microgale parvula,8049,1554,29.0935194916896
Microgale parvula,8051,1555,165.589230952063
Microgale parvula,8052,1555,167.386348684994
Microgale parvula,8054,1556,142.937192083356
Microgale parvula,8057,1557,0.919496630983412
Microgale parvula,8058,1557,6.25186649493641
Microgale parvula,890,146,0.183841973942041
Microgale parvula,895,146,0.643432019172192
Microgale parvula,924,146,0.275717098941624
Microgale parvula,932,146,0.275709061498523
Microgale parvula,939,146,0.459508593737543
Microgale parvula,945,146,0.45949710468936
Microgale parvula,1140,146,116.961786446988
Microgale parvula,8031,146,0.0918368279622793
Microgale parvula,8033,146,0.091829860622406
Microgale parvula,961,1558,1.10266377710527
Microgale parvula,985,1558,0.826945434479237
Microgale parvula,1028,1558,0.367459639964223
Microgale parvula,8023,1558,9.73881683759956
Microgale parvula,1045,1559,1.46972063059181
Microgale parvula,8026,1559,35.3553316235078
Microgale parvula,8027,1559,0.18370726844728
Microgale parvula,8030,1559,0.0918368279622793
Microgale parvula,8032,1559,0.091829860622406
Microgale parvula,8034,1559,0.0918124089481831
Microgale parvula,8035,1559,0.0918112438106537
Microgale parvula,6242,1370,0.265972006814122
Microgale parvula,7832,1370,88.5629699935415
Microgale parvula,7898,1370,9.04229392746901
Microgale parvula,8060,1370,1.41985175199318
Microgale parvula,8061,1370,30.9497681570663
Microgale parvula,7830,1472,51.6424033209818
Microgale parvula,7942,1519,31.2831288292474
Microgale parvula,8063,1560,3.01150757306588
Microgale parvula,8064,1560,0.0885780602414608
Microgale parvula,8065,1560,0.0885764149888754
Microgale parvula,8066,1560,0.0885747695316076
Microgale parvula,8067,1560,0.0885731238677502
Microgale parvula,7945,1521,199.713422927767
Microgale parvula,7960,1526,59.3584008869
Microgale parvula,8069,1526,31.2682529843574
Microgale parvula,8068,1561,35.4042812702756
Microgale parvula,8000,1531,20.4450502154253
Microgale parvula,8081,1531,0.0916615525497198
Microgale parvula,7959,1532,28.7773817194842
Microgale parvula,7999,1532,19.4390238963762
Microgale parvula,8074,1532,156.395880634442
Microgale parvula,8075,1532,58.8448757092075
Microgale parvula,7980,1562,180.351922799822
Microgale parvula,8072,1563,59.930225967488
Microgale parvula,8073,1564,30.0885079199013
Microgale parvula,8076,1565,129.022534146316
Microgale parvula,8078,1565,0.0915509860725999
Microgale parvula,8079,1566,21.6030064475268
Microgale parvula,8080,1567,47.86339402205
Microgale parvula,7979,1533,104.451769868596
Microgale parvula,8070,1568,26.7192827727436
Microgale parvula,7996,1538,18.6159244086656
Microgale parvula,8014,1544,72.6841925792621
Microgale parvula,8015,1545,9.25207177810681
Microgale parvula,8018,1546,22.858108584332
Microgale parvula,8084,1546,0.0914460148120522
Microgale parvula,8086,1546,0.0914213792976141
Microgale parvula,8085,1569,22.4907523126593
Microgale principula,1,1,56.8711675529887
Microgale principula,4910,607,29.4123165165292
Microgale principula,4942,684,27.2715936270507
Microgale principula,4943,685,29.3885406549345
Microgale principula,4944,686,20.6592519148769
Microgale principula,5097,748,52.0931107730117
Microgale principula,5089,749,31.1097970257607
Microgale principula,5090,749,29.6010280215059
Microgale principula,5126,766,16.2380797407103
Microgale principula,15,6,19.9337849990107
Microgale principula,1125,696,0.812480411258936
Microgale principula,4983,696,16.6994855698657
Microgale principula,5059,742,59.0116196877182
Microgale principula,5125,765,26.6587824925889
Microgale principula,5153,772,86.1021201956665
Microgale principula,53,2,199.713422927767
Microgale principula,231,28,0.183841973942041
Microgale principula,234,28,0.643432019172192
Microgale principula,261,28,100.4279079456
Microgale principula,5196,28,0.0918368279622793
Microgale principula,5199,28,0.091829860622406
Microgale principula,3791,642,0.265972006814122
Microgale principula,5019,642,88.5629699935415
Microgale principula,5083,642,9.04229392746901
Microgale principula,5217,642,1.41985175199318
Microgale principula,5218,642,30.9497681570663
Microgale principula,5017,721,51.6424033209818
Microgale principula,115,754,49.838144357936
Microgale principula,190,785,0.4598808172791
Microgale principula,5211,785,129.050501831876
Microgale principula,794,786,266.73838817703
Microgale principula,5212,786,191.049731459298
Microgale principula,5191,787,1.74986507844645
Microgale principula,5204,787,6.63162645037937
Microgale principula,5201,788,229.563098744103
Microgale principula,5205,789,41.3466555927123
Microgale principula,5206,790,18.9694426773024
Microgale principula,5207,791,29.0935194916896
Microgale principula,5208,792,165.589230952063
Microgale principula,5209,792,167.386348684994
Microgale principula,5214,793,0.919496630983412
Microgale principula,5215,793,6.25186649493641
Microgale principula,5110,755,72.6841925792621
Microgale principula,5111,758,18.6159244086656
Microgale principula,5123,764,31.2831288292474
Microgale principula,5190,767,22.858108584332
Microgale principula,5240,767,0.0914460148120522
Microgale principula,5241,767,0.0914213792976141
Microgale principula,5139,775,28.7773817194842
Microgale principula,5174,775,19.4390238963762
Microgale principula,5231,775,156.395880634442
Microgale principula,5232,775,58.8448757092075
Microgale principula,5158,794,180.351922799822
Microgale principula,5229,795,59.930225967488
Microgale principula,5230,796,30.0885079199013
Microgale principula,5233,797,129.022534146316
Microgale principula,5235,797,0.0915509860725999
Microgale principula,5236,798,21.6030064475268
Microgale principula,5237,799,47.86339402205
Microgale principula,5157,776,104.451769868596
Microgale principula,5227,800,26.7192827727436
Microgale principula,5187,781,9.25207177810681
Microgale principula,5140,784,59.3584008869
Microgale principula,5226,784,31.2682529843574
Microgale principula,5225,801,35.4042812702756
Microgale pusilla,42,7,4.33443217345184
Microgale pusilla,2269,503,29.4123165165292
Microgale pusilla,2445,507,27.2715936270507
Microgale pusilla,2452,512,52.0931107730117
Microgale pusilla,1997,337,31.1097970257607
Microgale pusilla,2480,527,29.3626977272841
Microgale pusilla,617,94,0.812480411258936
Microgale pusilla,632,94,16.6994855698657
Microgale pusilla,2463,3,176.748719294267
Microgale pusilla,135,14,6.06658234187227
Microgale pusilla,303,29,96.9077995728829
Microgale pusilla,2515,535,21.6030064475268
Microgale pusilla,2516,536,47.86339402205
Microgale pusilla,263,520,191.141696945506
Microgale pusilla,2514,520,107.035532135089
Microgale pusilla,2484,537,26.7251927000725
Microgale pusilla,2493,538,97.6662505303007
Microgale pusilla,2496,538,2.57936223117161
Microgale pusilla,2497,538,82.3436727737423
Microgale pusilla,2494,539,3.22509111988759
Microgale pusilla,2495,540,40.2587459644549
Microgale pusilla,2503,541,41.3466555927123
Microgale pusilla,2504,542,18.9694426773024
Microgale pusilla,2505,543,29.0935194916896
Microgale pusilla,2506,544,165.589230952063
Microgale pusilla,2507,544,167.386348684994
Microgale pusilla,2509,545,30.1778725338509
Microgale pusilla,2510,546,13.9784614762996
Microgale pusilla,2512,547,0.919496630983412
Microgale pusilla,2513,547,6.25186649493641
Microgale pusilla,2476,526,15.0190583112476
Microgale pusilla,2475,529,28.7773817194842
Microgale pusilla,2491,529,58.9365145738444
Microgale pusilla,2483,530,3.58163395581061
Microgale pusilla,2488,534,59.930225967488
Microgale pusilla,2518,548,30.0885079199013
Microgale pusilla,2519,549,52.2743569897208
Microgale soricoides,309,171,1.8373651948179
Microgale soricoides,312,171,0.367459639964223
Microgale soricoides,318,171,0.183724619395971
Microgale soricoides,319,171,0.275586929093957
Microgale soricoides,326,171,1.46972063059181
Microgale soricoides,327,171,0.275577679304183
Microgale soricoides,339,171,2.75561017110461
Microgale soricoides,340,171,0.275553377308786
Microgale soricoides,376,15,29.9898296926292
Microgale soricoides,3879,142,29.4123165165292
Microgale soricoides,3960,217,27.2715936270507
Microgale soricoides,3961,218,29.3885406549345
Microgale soricoides,4032,244,52.0931107730117
Microgale soricoides,4029,246,31.1097970257607
Microgale soricoides,4030,246,29.6010280215059
Microgale soricoides,379,262,60.0081350929425
Microgale soricoides,735,24,0.812480411258936
Microgale soricoides,3970,24,16.6994855698657
Microgale soricoides,3971,24,0.180557963597178
Microgale soricoides,4073,24,1.17365293457222
Microgale soricoides,1197,221,59.0116196877182
Microgale soricoides,4061,257,26.6587824925889
Microgale soricoides,4062,257,16.2380797407103
Microgale soricoides,179,4,0.4598808172791
Microgale soricoides,4089,4,129.050501831876
Microgale soricoides,4090,4,0.0919609370105267
Microgale soricoides,260,263,191.049731459298
Microgale soricoides,4067,264,52.0631064075417
Microgale soricoides,4085,265,55.3562922973957
Microgale soricoides,4086,266,18.9694426773024
Microgale soricoides,4087,267,29.0935194916896
Microgale soricoides,4088,268,92.6565802372533
Microgale soricoides,4091,269,0.919496630983412
Microgale soricoides,4092,269,6.25186649493641
Microgale soricoides,58,6,89.1007232408122
Microgale soricoides,4071,270,29.7439079649625
Microgale soricoides,241,9,44.4798608020541
Microgale soricoides,4074,271,1.01052700607693
Microgale soricoides,4075,271,16.1645199380182
Microgale soricoides,4079,271,0.642865918691873
Microgale soricoides,4080,271,0.0918368279622793
Microgale soricoides,4081,271,0.0918368279622793
Microgale soricoides,4084,271,0.091829860622406
Microgale soricoides,3993,233,51.6424033209818
Microgale soricoides,4007,242,88.5629699935415
Microgale soricoides,4094,242,1.41985175199318
Microgale soricoides,4095,242,30.9497681570663
Microgale soricoides,4060,256,31.2831288292474
Microgale taiva,21,6,66.5158365371127
Microgale taiva,3526,307,29.4123165165292
Microgale taiva,3556,376,29.3885406549345
Microgale taiva,761,380,0.812480411258936
Microgale taiva,3570,380,16.6994855698657
Microgale taiva,3684,432,52.0931107730117
Microgale taiva,3677,433,31.1097970257607
Microgale taiva,3678,433,29.6010280215059
Microgale taiva,3707,447,19.1031559591866
Microgale taiva,22,7,26.6587824925889
Microgale taiva,3708,449,16.2380797407103
Microgale taiva,3645,426,59.0116196877182
Microgale taiva,3730,455,61.0887142109144
Microgale taiva,26,4,20.6591479170306
Microgale taiva,3745,463,19.2835761868453
Microgale taiva,50,8,40.2587459644549
Microgale taiva,225,464,0.459616383672059
Microgale taiva,235,464,0.275752651619673
Microgale taiva,262,464,0.183794934333146
Microgale taiva,263,464,50.551453219145
Microgale taiva,265,464,0.551364106284499
Microgale taiva,270,464,0.551319225258708
Microgale taiva,276,464,0.643170052255213
Microgale taiva,663,465,266.73838817703
Microgale taiva,3770,465,191.049731459298
Microgale taiva,3760,466,205.339637470163
Microgale taiva,3762,466,0.276285589256227
Microgale taiva,3763,467,29.7439079649625
Microgale taiva,3764,468,18.9694426773024
Microgale taiva,3765,469,29.0935194916896
Microgale taiva,3766,470,165.589230952063
Microgale taiva,3767,470,167.386348684994
Microgale taiva,3769,471,142.937192083356
Microgale taiva,3772,472,0.919496630983412
Microgale taiva,3773,472,6.25186649493641
Microgale taiva,231,23,0.183841973942041
Microgale taiva,234,23,0.643432019172192
Microgale taiva,249,23,0.275717098941624
Microgale taiva,254,23,0.275709061498523
Microgale taiva,256,23,0.459508593737543
Microgale taiva,258,23,0.45949710468936
Microgale taiva,355,23,116.961786446988
Microgale taiva,3755,23,0.0918368279622793
Microgale taiva,3757,23,0.091829860622406
Microgale taiva,266,473,1.10266377710527
Microgale taiva,274,473,0.826945434479237
Microgale taiva,288,473,0.367459639964223
Microgale taiva,3747,473,9.73881683759956
Microgale taiva,295,474,1.46972063059181
Microgale taiva,3750,474,35.3553316235078
Microgale taiva,3751,474,0.18370726844728
Microgale taiva,3754,474,0.0918368279622793
Microgale taiva,3756,474,0.091829860622406
Microgale taiva,3758,474,0.0918124089481831
Microgale taiva,3759,474,0.0918112438106537
Microgale taiva,345,40,30.2014878964556
Microgale taiva,2528,391,0.265972006814122
Microgale taiva,3604,391,88.5629699935415
Microgale taiva,3671,391,9.04229392746901
Microgale taiva,3775,391,1.41985175199318
Microgale taiva,3776,391,30.9497681570663
Microgale taiva,3602,403,51.6424033209818
Microgale taiva,3705,446,31.2831288292474
Microgale taiva,3717,453,59.3584008869
Microgale taiva,3784,453,31.2682529843574
Microgale taiva,3783,475,35.4042812702756
Microgale taiva,3733,457,180.351922799822
Microgale taiva,3785,476,59.930225967488
Microgale taiva,3786,477,30.0885079199013
Microgale taiva,3787,478,156.395880634442
Microgale taiva,3788,478,58.8448757092075
Microgale taiva,3789,479,126.550941243377
Microgale taiva,3791,479,0.0915509860725999
Microgale taiva,3792,480,21.6030064475268
Microgale taiva,3793,481,47.86339402205
Microgale taiva,3744,462,6.67439570552647
Microgale thomasi,1,1,30.1491915678553
Microgale thomasi,90,145,0.919496630984008
Microgale thomasi,97,145,6.25186649493766
Microgale thomasi,154,29,31.6875166683323
Microgale thomasi,1240,125,29.4123165165292
Microgale thomasi,1352,188,52.0931107730117
Microgale thomasi,1359,190,31.1097970257607
Microgale thomasi,523,162,0.812480411258936
Microgale thomasi,1288,162,16.6994855698657
Microgale thomasi,1290,162,0.180557963597178
Microgale thomasi,1394,162,1.17365293457222
Microgale thomasi,866,164,59.0116196877182
Microgale thomasi,1363,200,26.6587824925889
Microgale thomasi,1387,200,16.2380797407103
Microgale thomasi,66,17,89.1007232408122
Microgale thomasi,1388,204,29.7439079649625
Microgale thomasi,86,21,13.9784614762996
Microgale thomasi,98,205,0.183868284008205
Microgale thomasi,140,205,236.805445453443
Microgale thomasi,1404,205,88.1000987945749
Microgale thomasi,1405,205,89.985566622172
Microgale thomasi,1403,206,122.473017589561
Microgale thomasi,147,27,12.4725583817281
Microgale thomasi,156,31,16.7397833633029
Microgale thomasi,1315,169,88.5629699935415
Microgale thomasi,1406,169,1.41985175199318
Microgale thomasi,1407,169,30.9497681570663
Microgale thomasi,1303,183,51.6424033209818
Microgale thomasi,59,191,40.2587459644453
Microgale thomasi,68,207,97.6662505303007
Microgale thomasi,1397,207,2.57936223117161
Microgale thomasi,1398,207,82.3436727737423
Microgale thomasi,1399,207,0.184195212366581
Microgale thomasi,1400,208,18.9694426773024
Microgale thomasi,1401,209,29.0935194916896
Microgale thomasi,1380,197,31.2831288292474
Microgale thomasi,144,199,156.395880634442
Microgale thomasi,1390,210,29.9192284064455
Microgale thomasi,1391,211,30.0885079199013
Microgale thomasi,1386,201,19.2835761868453
Microgale thomasi,1392,203,144.917826678593
Mirza coquereli,64,9,47.6098880191004
Mirza coquereli,65,9,0.551364106284499
Mirza coquereli,67,9,0.551319225258708
Mirza coquereli,71,9,0.643170052255213
Mirza coquereli,410,50,112.46862770165
Mirza coquereli,177,55,2.59390059166253
Mirza coquereli,209,55,189.459657690806
Monticola imerina,2,1,9.25706128804803
Monticola imerina,194,1,4.31856011909986
Monticola imerina,54,9,0.26172474291873
Monticola imerina,56,9,145.690832453284
Monticola imerina,77,9,19.1378909890882
Monticola imerina,79,9,16.8560353044994
Monticola imerina,80,9,28.9974828240835
Monticola imerina,32,10,46.5723968884147
Monticola imerina,202,10,36.3826787541578
Monticola imerina,196,2,17.296485088078
Monticola sharpei,24902,88,68.4073900828574
Monticola sharpei,26400,83,112.468627701651
Monticola sharpei,100,95,21.1261124531245
Monticola sharpei,133,2,9.25542923517722
Monticola sharpei,140,2,1.48074673073471
Monticola sharpei,142,2,1.48068535666716
Monticola sharpei,143,2,0.277623898765862
Monticola sharpei,29478,99,0.777178853789091
Monticola sharpei,30766,99,0.604549703200817
Monticola sharpei,30881,99,27.2715936270507
Monticola sharpei,30882,99,29.4123165165292
Monticola sharpei,30883,99,29.3885406549345
Monticola sharpei,30884,99,20.6592519148769
Monticola sharpei,30885,99,19.9515621485635
Monticola sharpei,30705,100,44.4928427752445
Monticola sharpei,31076,114,52.0931107730117
Monticola sharpei,31053,110,31.1097970257607
Monticola sharpei,31054,110,29.6010280215059
Monticola sharpei,31108,116,26.6587824925889
Monticola sharpei,31110,116,16.2380797407103
Monticola sharpei,31138,119,90.3937869662622
Monticola sharpei,20,1,0.55664420881176
Monticola sharpei,23,1,0.371099061261296
Monticola sharpei,25,1,0.556625695955813
Monticola sharpei,27,1,0.185535398295105
Monticola sharpei,30,1,0.463806772104442
Monticola sharpei,32,1,0.27827526928854
Monticola sharpei,39,1,0.278243954662919
Monticola sharpei,47,1,102.016295892603
Monticola sharpei,30724,1,56.8711675529887
Monticola sharpei,31185,1,0.185499234954834
Monticola sharpei,476,90,19.9337849990107
Monticola sharpei,31109,90,199.713422927767
Monticola sharpei,10132,102,0.812480411258936
Monticola sharpei,30947,102,16.6994855698657
Monticola sharpei,30979,102,51.6424033209818
Monticola sharpei,31021,102,59.0116196877182
Monticola sharpei,31175,102,1.17365293457222
Monticola sharpei,31176,102,0.180557963597178
Monticola sharpei,20868,104,0.620648212959528
Monticola sharpei,20892,104,0.265972006814122
Monticola sharpei,20927,104,0.709200345668078
Monticola sharpei,20957,104,0.177290677110672
Monticola sharpei,30981,104,88.5629699935415
Monticola sharpei,30982,104,0.177275942426443
Monticola sharpei,30983,104,0.177274304782152
Monticola sharpei,31047,104,9.04229392746901
Monticola sharpei,31106,104,31.2831288292474
Monticola sharpei,31226,104,1.41985175199318
Monticola sharpei,31227,104,30.9497681570663
Monticola sharpei,31228,104,0.531935836720109
Monticola sharpei,31229,104,3.01150757306588
Monticola sharpei,1701,115,0.643524707942724
Monticola sharpei,1753,115,0.459616383672059
Monticola sharpei,1765,115,0.183841973942041
Monticola sharpei,1774,115,0.643432019172192
Monticola sharpei,1780,115,0.275752651619673
Monticola sharpei,1799,115,0.367655302864194
Monticola sharpei,1813,115,1.56243208603442
Monticola sharpei,1814,115,0.275729722221732
Monticola sharpei,1831,115,0.275717098941624
Monticola sharpei,1842,115,0.275709061498523
Monticola sharpei,1847,115,0.459508593737543
Monticola sharpei,1854,115,0.45949710468936
Monticola sharpei,1855,115,1.1946710927344
Monticola sharpei,1867,115,0.183794934333146
Monticola sharpei,1873,115,50.551453219145
Monticola sharpei,1875,115,3.21620605602419
Monticola sharpei,1876,115,0.551364106284499
Monticola sharpei,1888,115,1.10266377710527
Monticola sharpei,1895,115,0.183781132994473
Monticola sharpei,1896,115,0.367564567481756
Monticola sharpei,1905,115,0.183777680330753
Monticola sharpei,1910,115,0.551319225258708
Monticola sharpei,1915,115,0.183773075227499
Monticola sharpei,1922,115,1.10259928914046
Monticola sharpei,1926,115,2.02137478975803
Monticola sharpei,1927,115,0.826945434479237
Monticola sharpei,1933,115,0.643170052255213
Monticola sharpei,1936,115,0.183763859938979
Monticola sharpei,1942,115,0.183761555059075
Monticola sharpei,1943,115,1.65382056523675
Monticola sharpei,1966,115,0.826825480994821
Monticola sharpei,1998,115,0.459349671094894
Monticola sharpei,2017,115,0.367459639964223
Monticola sharpei,2029,115,0.183724619395971
Monticola sharpei,2030,115,0.275586929093957
Monticola sharpei,2037,115,1.46972063059181
Monticola sharpei,2038,115,0.275577679304183
Monticola sharpei,2096,115,0.367363554798603
Monticola sharpei,2183,115,116.961786446988
Monticola sharpei,2214,115,0.275443051051259
Monticola sharpei,5948,115,266.73838817703
Monticola sharpei,31123,115,28.7773817194842
Monticola sharpei,31124,115,59.3584008869
Monticola sharpei,31144,115,180.351922799822
Monticola sharpei,31163,115,19.4390238963762
Monticola sharpei,31184,115,22.858108584332
Monticola sharpei,31188,115,1.10266607838708
Monticola sharpei,31189,115,9.73881683759956
Monticola sharpei,31190,115,1.01060090259051
Monticola sharpei,31191,115,0.275615805294395
Monticola sharpei,31192,115,35.3553316235078
Monticola sharpei,31193,115,0.18370726844728
Monticola sharpei,31194,115,0.183688734582305
Monticola sharpei,31202,115,1.38241570732784
Monticola sharpei,31203,115,229.563098744103
Monticola sharpei,31204,115,3.22509111988759
Monticola sharpei,31205,115,49.838144357936
Monticola sharpei,31206,115,1.19747486800289
Monticola sharpei,31207,115,6.63162645037937
Monticola sharpei,31208,115,0.18421854041934
Monticola sharpei,31212,115,1.74986507844645
Monticola sharpei,31213,115,41.3466555927123
Monticola sharpei,31214,115,18.9694426773024
Monticola sharpei,31215,115,29.0935194916896
Monticola sharpei,31216,115,1.19697195979625
Monticola sharpei,31217,115,165.589230952063
Monticola sharpei,31218,115,167.386348684994
Monticola sharpei,31219,115,0.184096948427022
Monticola sharpei,31220,115,142.937192083356
Monticola sharpei,31221,115,191.049731459298
Monticola sharpei,31223,115,0.919496630983412
Monticola sharpei,31224,115,6.25186649493641
Monticola sharpei,31225,115,1.37902412587363
Monticola sharpei,31234,115,35.4042812702756
Monticola sharpei,31235,115,31.2682529843574
Monticola sharpei,31238,115,59.930225967488
Monticola sharpei,31239,115,30.0885079199013
Monticola sharpei,31240,115,156.395880634442
Monticola sharpei,31241,115,58.8448757092075
Monticola sharpei,31242,115,129.022534146316
Monticola sharpei,31243,115,0.1831612099756
Monticola sharpei,31245,115,21.6030064475268
Monticola sharpei,31246,115,47.86339402205
Monticola sharpei,31248,115,1.18887316902965
Monticola sharpei,31249,115,0.365803726961494
Monticola sharpei,31251,115,22.4907523126593
Monticola sharpei,31253,115,0.91402228653884
Monticola sharpei,31143,120,104.451769868596
Monticola sharpei,31160,120,18.6159244086656
Monticola sharpei,31164,120,20.4450502154253
Monticola sharpei,31236,120,26.7192827727436
Monticola sharpei,31180,121,72.6841925792621
Monticola sharpei,31181,121,9.25207177810681
Motacilla flaviventris,137,3,86.9343049463478
Motacilla flaviventris,155,3,0.368126523456812
Motacilla flaviventris,6430,3,0.64434884884876
Motacilla flaviventris,6433,3,2.02445275485683
Motacilla flaviventris,1942,53,64.2603863022665
Motacilla flaviventris,6389,53,12.948556039879
Motacilla flaviventris,6395,53,3.07666271011841
Mystacornis crossleyi,5245,8,29.4123165165292
Mystacornis crossleyi,5278,8,27.2715936270507
Mystacornis crossleyi,5279,8,29.3885406549345
Mystacornis crossleyi,5280,8,20.6592519148769
Mystacornis crossleyi,5422,22,52.0931107730117
Mystacornis crossleyi,5415,18,31.1097970257607
Mystacornis crossleyi,5416,18,29.6010280215059
Mystacornis crossleyi,5451,24,26.6587824925889
Mystacornis crossleyi,5453,24,16.2380797407103
Mystacornis crossleyi,482,25,0.273849359069586
Mystacornis crossleyi,5476,25,61.0887142109144
Mystacornis crossleyi,5450,1,19.1031559591866
Mystacornis crossleyi,5452,1,199.436775176127
Mystacornis crossleyi,731,11,0.812480411258936
Mystacornis crossleyi,5309,11,16.6994855698657
Mystacornis crossleyi,5337,11,51.6424033209818
Mystacornis crossleyi,5383,11,59.0116196877182
Mystacornis crossleyi,5511,11,1.17365293457222
Mystacornis crossleyi,3887,13,0.62064821295929
Mystacornis crossleyi,3892,13,0.265972006814122
Mystacornis crossleyi,3902,13,0.709200345668078
Mystacornis crossleyi,5339,13,88.5629699935415
Mystacornis crossleyi,5409,13,9.04229392746901
Mystacornis crossleyi,5449,13,31.2831288292474
Mystacornis crossleyi,5542,13,1.41985175199318
Mystacornis crossleyi,5543,13,30.9497681570663
Mystacornis crossleyi,5544,13,0.531935836720109
Mystacornis crossleyi,5545,13,3.01150757306588
Mystacornis crossleyi,72,23,1.74986507844758
Mystacornis crossleyi,73,23,49.838144357936
Mystacornis crossleyi,108,23,0.4598808172791
Mystacornis crossleyi,130,23,0.643524707940877
Mystacornis crossleyi,131,23,2.11438066261417
Mystacornis crossleyi,136,23,0.459616383672059
Mystacornis crossleyi,141,23,0.643432019172192
Mystacornis crossleyi,142,23,0.275752651619673
Mystacornis crossleyi,147,23,0.367655302864194
Mystacornis crossleyi,149,23,1.56243208603442
Mystacornis crossleyi,150,23,0.275729722221732
Mystacornis crossleyi,151,23,0.275717098941624
Mystacornis crossleyi,153,23,0.275709061498523
Mystacornis crossleyi,154,23,0.459508593737543
Mystacornis crossleyi,155,23,0.275701020456195
Mystacornis crossleyi,156,23,0.45949710468936
Mystacornis crossleyi,157,23,1.1946710927344
Mystacornis crossleyi,162,23,1.47030313296086
Mystacornis crossleyi,185,23,103.552754866842
Mystacornis crossleyi,398,23,266.73838817703
Mystacornis crossleyi,456,23,59.3584008869
Mystacornis crossleyi,5464,23,20.2301521301134
Mystacornis crossleyi,5480,23,180.351922799822
Mystacornis crossleyi,5502,23,6.67439570552647
Mystacornis crossleyi,5517,23,0.642865918691873
Mystacornis crossleyi,5523,23,1.38241570732784
Mystacornis crossleyi,5524,23,229.563098744103
Mystacornis crossleyi,5525,23,3.22509111988759
Mystacornis crossleyi,5526,23,1.19747486800289
Mystacornis crossleyi,5527,23,6.63162645037937
Mystacornis crossleyi,5528,23,41.3466555927123
Mystacornis crossleyi,5529,23,18.9694426773024
Mystacornis crossleyi,5530,23,29.0935194916896
Mystacornis crossleyi,5531,23,167.386348684994
Mystacornis crossleyi,5532,23,143.862175435587
Mystacornis crossleyi,5534,23,129.050501831876
Mystacornis crossleyi,5535,23,191.049731459298
Mystacornis crossleyi,5537,23,0.919496630983412
Mystacornis crossleyi,5538,23,6.25186649493641
Mystacornis crossleyi,5539,23,1.37902412587363
Mystacornis crossleyi,5540,23,30.0061818448032
Mystacornis crossleyi,5541,23,31.2682529843574
Mystacornis crossleyi,5552,23,59.930225967488
Mystacornis crossleyi,5553,23,30.0885079199013
Mystacornis crossleyi,5554,23,156.395880634442
Mystacornis crossleyi,5555,23,71.523950457575
Mystacornis crossleyi,5434,26,72.6841925792621
Mystacornis crossleyi,5515,26,9.25207177810681
Mystacornis crossleyi,5479,27,104.451769868596
Mystacornis crossleyi,5496,27,18.6159244086656
Mystacornis crossleyi,5499,27,20.4450502154253
Mystacornis crossleyi,5550,27,26.7192827727436
Neodrepanis coruscans,4639,22,29.4123165165292
Neodrepanis coruscans,4648,22,27.2715936270507
Neodrepanis coruscans,4649,22,29.3885406549345
Neodrepanis coruscans,4650,22,20.6592519148769
Neodrepanis coruscans,4750,41,31.1097970257607
Neodrepanis coruscans,4751,41,29.6010280215059
Neodrepanis coruscans,430,45,61.0887142109144
Neodrepanis coruscans,443,45,0.273849359069586
Neodrepanis coruscans,444,45,0.182563724761963
Neodrepanis coruscans,49,1,0.4598808172791
Neodrepanis coruscans,279,1,266.73838817703
Neodrepanis coruscans,4783,1,191.049731459298
Neodrepanis coruscans,4814,1,29.7439079649625
Neodrepanis coruscans,4825,1,69.0141795230249
Neodrepanis coruscans,4826,1,2.57936223117161
Neodrepanis coruscans,4827,1,52.3169529403744
Neodrepanis coruscans,4828,1,0.184195212366581
Neodrepanis coruscans,4829,1,18.9694426773024
Neodrepanis coruscans,4830,1,29.0935194916896
Neodrepanis coruscans,4831,1,167.386348684994
Neodrepanis coruscans,4832,1,116.524702947247
Neodrepanis coruscans,4833,1,0.184096948427022
Neodrepanis coruscans,4834,1,77.8274317484893
Neodrepanis coruscans,4835,1,13.9784614762996
Neodrepanis coruscans,4836,1,0.0919609370105267
Neodrepanis coruscans,4837,1,0.919496630983412
Neodrepanis coruscans,4838,1,6.25186649493641
Neodrepanis coruscans,292,51,71.523950457575
Neodrepanis coruscans,306,51,20.2301521301134
Neodrepanis coruscans,4782,52,60.1279844817034
Neodrepanis coruscans,4786,52,30.0885079199013
Neodrepanis coruscans,4813,52,29.9898296926183
Neodrepanis coruscans,4785,53,59.9439907454025
Neodrepanis coruscans,4839,53,26.7192827727436
Neodrepanis coruscans,4840,53,16.8829706903694
Neodrepanis coruscans,4841,53,0.09175506845963
Neodrepanis coruscans,4803,54,19.4390238963762
Neodrepanis coruscans,4842,55,30.0109975610422
Neodrepanis coruscans,95,2,33.821144771344
Neodrepanis coruscans,371,4,59.3584008869
Neodrepanis coruscans,4816,4,31.2682529843574
Neodrepanis coruscans,4815,56,16.7397833633029
Neodrepanis coruscans,3462,37,0.62064821295929
Neodrepanis coruscans,3463,37,0.265972006814122
Neodrepanis coruscans,3464,37,0.709200345668078
Neodrepanis coruscans,3466,37,0.177290677110672
Neodrepanis coruscans,4697,37,88.5629699935415
Neodrepanis coruscans,4698,37,0.177275942426443
Neodrepanis coruscans,4699,37,0.177274304782152
Neodrepanis coruscans,4741,37,9.04229392746901
Neodrepanis coruscans,4781,37,31.2831288292474
Neodrepanis coruscans,4817,37,1.41985175199318
Neodrepanis coruscans,4818,37,30.9497681570663
Neodrepanis coruscans,4819,37,0.531935836720109
Neodrepanis coruscans,4820,37,3.01150757306588
Neodrepanis coruscans,4821,37,0.0885780602414608
Neodrepanis coruscans,4822,37,0.0885764149888754
Neodrepanis coruscans,4823,37,0.0885747695316076
Neodrepanis coruscans,4824,37,0.0885731238677502
Neodrepanis coruscans,4682,43,51.6424033209818
Neodrepanis coruscans,4722,43,59.0116196877182
Neodrepanis coruscans,221,46,150.320221903983
Neodrepanis coruscans,4757,47,72.6841925792621
Neodrepanis coruscans,4800,50,18.6159244086656
Neodrepanis coruscans,4804,57,20.4450502154253
Neodrepanis coruscans,4843,57,0.0916615525497198
Neomixis striatigula,1,1,56.8711675529887
Neomixis striatigula,10999,73,29.4123165165292
Neomixis striatigula,11015,73,27.2715936270507
Neomixis striatigula,11016,73,29.3885406549345
Neomixis striatigula,11017,73,20.6592519148769
Neomixis striatigula,11170,98,52.0931107730117
Neomixis striatigula,11162,92,31.1097970257607
Neomixis striatigula,11163,92,29.6010280215059
Neomixis striatigula,11210,100,26.6587824925889
Neomixis striatigula,11212,100,16.2380797407103
Neomixis striatigula,11236,104,86.1021201956665
Neomixis striatigula,11204,3,19.1031559591866
Neomixis striatigula,11211,3,199.713422927767
Neomixis striatigula,8079,78,0.620648212959528
Neomixis striatigula,8092,78,0.265972006814122
Neomixis striatigula,8109,78,0.709200345668078
Neomixis striatigula,8124,78,0.177290677110672
Neomixis striatigula,11090,78,88.5629699935415
Neomixis striatigula,11091,78,0.177275942426443
Neomixis striatigula,11092,78,0.177274304782152
Neomixis striatigula,11156,78,9.04229392746901
Neomixis striatigula,11203,78,31.2831288292474
Neomixis striatigula,11310,78,1.41985175199318
Neomixis striatigula,11311,78,30.9497681570663
Neomixis striatigula,11312,78,0.531935836720109
Neomixis striatigula,11313,78,3.01150757306588
Neomixis striatigula,2011,79,0.812480411258936
Neomixis striatigula,11055,79,16.6994855698657
Neomixis striatigula,11058,79,0.180557963597178
Neomixis striatigula,11088,79,51.6424033209818
Neomixis striatigula,11130,79,59.0116196877182
Neomixis striatigula,11271,79,1.17365293457222
Neomixis striatigula,426,99,49.838144357936
Neomixis striatigula,449,99,1.19697195979726
Neomixis striatigula,627,99,0.643524707942724
Neomixis striatigula,645,99,0.459616383672059
Neomixis striatigula,649,99,0.183841973942041
Neomixis striatigula,652,99,0.643432019172192
Neomixis striatigula,654,99,0.275752651619673
Neomixis striatigula,660,99,0.367655302864194
Neomixis striatigula,664,99,1.56243208603442
Neomixis striatigula,665,99,0.275729722221732
Neomixis striatigula,666,99,0.275717098941624
Neomixis striatigula,670,99,0.275709061498523
Neomixis striatigula,672,99,0.459508593737543
Neomixis striatigula,673,99,0.45949710468936
Neomixis striatigula,674,99,1.1946710927344
Neomixis striatigula,679,99,0.183794934333146
Neomixis striatigula,681,99,45.2219258370937
Neomixis striatigula,682,99,3.21620605602419
Neomixis striatigula,683,99,0.551364106284499
Neomixis striatigula,691,99,1.10266377710551
Neomixis striatigula,692,99,0.183781132994473
Neomixis striatigula,693,99,0.367564567481756
Neomixis striatigula,698,99,0.183777680330753
Neomixis striatigula,700,99,0.183773075227499
Neomixis striatigula,704,99,1.10259928914046
Neomixis striatigula,706,99,2.02137478975803
Neomixis striatigula,707,99,0.826945434479237
Neomixis striatigula,710,99,0.183761555059075
Neomixis striatigula,711,99,1.65382056523675
Neomixis striatigula,721,99,0.826825480995119
Neomixis striatigula,725,99,0.459349671094894
Neomixis striatigula,731,99,0.367459639964223
Neomixis striatigula,735,99,0.183724619395971
Neomixis striatigula,736,99,0.275586929093957
Neomixis striatigula,742,99,1.46972063059181
Neomixis striatigula,743,99,0.275577679304183
Neomixis striatigula,770,99,0.367363554798603
Neomixis striatigula,796,99,116.961786446988
Neomixis striatigula,1593,99,266.73838817703
Neomixis striatigula,11277,99,1.74986507844645
Neomixis striatigula,11278,99,1.10266607838708
Neomixis striatigula,11279,99,9.73881683759956
Neomixis striatigula,11280,99,1.01060090259051
Neomixis striatigula,11281,99,0.275615805294395
Neomixis striatigula,11282,99,17.9096538339415
Neomixis striatigula,11283,99,0.18370726844728
Neomixis striatigula,11284,99,0.183688734582305
Neomixis striatigula,11290,99,4.22365491920155
Neomixis striatigula,11293,99,1.38241570732784
Neomixis striatigula,11294,99,229.563098744103
Neomixis striatigula,11295,99,3.22509111988759
Neomixis striatigula,11296,99,1.19747486800289
Neomixis striatigula,11297,99,6.63162645037937
Neomixis striatigula,11298,99,41.3466555927123
Neomixis striatigula,11299,99,18.9694426773024
Neomixis striatigula,11300,99,29.0935194916896
Neomixis striatigula,11301,99,165.589230952063
Neomixis striatigula,11302,99,167.386348684994
Neomixis striatigula,11303,99,0.184096948427022
Neomixis striatigula,11304,99,142.937192083356
Neomixis striatigula,11305,99,191.049731459298
Neomixis striatigula,11307,99,0.919496630983412
Neomixis striatigula,11308,99,6.25186649493641
Neomixis striatigula,11309,99,1.37902412587363
Neomixis striatigula,11223,106,59.3584008869
Neomixis striatigula,11241,106,180.351922799822
Neomixis striatigula,11276,106,22.858108584332
Neomixis striatigula,11318,106,35.4042812702756
Neomixis striatigula,11319,106,31.2682529843574
Neomixis striatigula,11322,106,59.930225967488
Neomixis striatigula,11323,106,30.0885079199013
Neomixis striatigula,11324,106,156.395880634442
Neomixis striatigula,11325,106,58.8448757092075
Neomixis striatigula,11326,106,129.022534146316
Neomixis striatigula,11327,106,0.1831612099756
Neomixis striatigula,11329,106,21.6030064475268
Neomixis striatigula,11330,106,47.86339402205
Neomixis striatigula,11332,106,1.18887316902965
Neomixis striatigula,11333,106,0.365803726961494
Neomixis striatigula,11240,107,104.451769868596
Neomixis striatigula,11320,107,26.7192827727436
Neomixis striatigula,11190,102,72.6841925792621
Neomixis striatigula,11257,105,18.6159244086656
Neomixis striatigula,11260,108,20.4450502154253
Neomixis tenella,39780,254,44.4928427752445
Neomixis tenella,39866,272,112.468627701651
Neomixis tenella,302,276,21.1261124531245
Neomixis tenella,309,276,0.0926675960290432
Neomixis tenella,336,276,0.0926606114119887
Neomixis tenella,485,251,0.370271373195231
Neomixis tenella,487,251,0.462834125284791
Neomixis tenella,491,251,0.0925668250995874
Neomixis tenella,493,251,43.0377824654073
Neomixis tenella,494,251,0.18513059458977
Neomixis tenella,516,251,1.48074673073471
Neomixis tenella,519,251,1.66577102635694
Neomixis tenella,524,251,0.277623898765862
Neomixis tenella,527,251,0.277610584835947
Neomixis tenella,530,251,0.0925361785190701
Neomixis tenella,213,274,0.463597745714188
Neomixis tenella,223,274,0.0927073077802658
Neomixis tenella,279,274,43.1111113539241
Neomixis tenella,37141,244,42.7285134450907
Neomixis tenella,37499,244,32.1480221259206
Neomixis tenella,37699,244,0.0870729775416851
Neomixis tenella,37714,244,0.174136841906786
Neomixis tenella,37725,244,0.0870656864323616
Neomixis tenella,37734,244,0.261180647714615
Neomixis tenella,39730,244,17.5386823479733
Neomixis tenella,39863,267,13.0307413413469
Neomixis tenella,39865,267,6.06907414019537
Neomixis tenella,14416,192,0.0905584602525234
Neomixis tenella,14498,192,0.0905447203236818
Neomixis tenella,14662,192,38.2051651932399
Neomixis tenella,14707,192,0.0905061372197867
Neomixis tenella,14728,192,3.07696966736627
Neomixis tenella,14733,192,0.723997986286044
Neomixis tenella,14783,192,0.361958205401897
Neomixis tenella,40069,192,0.452763459861636
Neomixis tenella,38709,286,0.777178853789091
Neomixis tenella,39958,286,0.604549703200817
Neomixis tenella,40139,286,27.2715936270507
Neomixis tenella,40140,286,29.4123165165292
Neomixis tenella,40141,286,29.3885406549345
Neomixis tenella,40142,286,20.6592519148769
Neomixis tenella,40143,286,19.9515621485635
Neomixis tenella,19685,249,0.0899370735929012
Neomixis tenella,19798,249,0.0899238860028982
Neomixis tenella,19809,249,0.449603298739433
Neomixis tenella,19810,249,0.359686745625973
Neomixis tenella,19838,249,0.0899194863940477
Neomixis tenella,19945,249,36.331879859746
Neomixis tenella,40070,249,0.0899312145228386
Neomixis tenella,40071,249,0.449634089967847
Neomixis tenella,40162,249,6.47518067736232
Neomixis tenella,36868,282,46.5723968884147
Neomixis tenella,40022,282,36.3826787541578
Neomixis tenella,20404,234,52.2268727901955
Neomixis tenella,40328,234,0.0899356091371775
Neomixis tenella,40329,234,0.0899341444739103
Neomixis tenella,40330,234,0.0899326796025038
Neomixis tenella,39951,245,64.9869920614074
Neomixis tenella,40357,319,52.0931107730117
Neomixis tenella,40339,312,31.1097970257607
Neomixis tenella,40340,312,29.6010280215059
Neomixis tenella,7052,16,2.64969806134474
Neomixis tenella,7103,16,0.274089461484194
Neomixis tenella,7104,16,0.0913643975844383
Neomixis tenella,7116,16,0.0913631538983583
Neomixis tenella,7163,16,7.03479595916414
Neomixis tenella,7178,16,4.567756926453
Neomixis tenella,7219,16,0.0913494594436884
Neomixis tenella,39899,16,0.456749789226413
Neomixis tenella,40388,321,26.6587824925889
Neomixis tenella,40390,321,16.2380797407103
Neomixis tenella,40418,325,90.3937869662622
Neomixis tenella,7485,14,18.2767366788028
Neomixis tenella,39894,14,0.456764738324761
Neomixis tenella,40503,14,13.2478972172724
Neomixis tenella,40504,14,0.0913681273781061
Neomixis tenella,40505,14,12.4246882102063
Neomixis tenella,40506,14,0.0913581770466566
Neomixis tenella,96,84,0.55664420881176
Neomixis tenella,108,84,0.371099061261296
Neomixis tenella,112,84,0.556625695955813
Neomixis tenella,129,84,0.185535398295105
Neomixis tenella,141,84,0.463806772104442
Neomixis tenella,152,84,0.27827526928854
Neomixis tenella,170,84,0.278243954662919
Neomixis tenella,194,84,102.016295892603
Neomixis tenella,39909,84,56.8711675529887
Neomixis tenella,40486,84,0.185499234954834
Neomixis tenella,40487,84,0.0927417757584453
Neomixis tenella,40488,84,0.0927211263144612
Neomixis tenella,38048,92,26.424269576937
Neomixis tenella,1014,150,19.9337849990107
Neomixis tenella,40389,150,199.713422927767
Neomixis tenella,34838,204,244.188758729789
Neomixis tenella,40043,204,9.25706128804803
Neomixis tenella,40046,204,4.31856011909986
Neomixis tenella,40204,204,15.0236706233649
Neomixis tenella,40550,204,0.0883975184439421
Neomixis tenella,40551,204,0.353583403214455
Neomixis tenella,40552,204,0.176773350173593
Neomixis tenella,40553,204,0.265129139435411
Neomixis tenella,40554,204,0.0883340038583279
Neomixis tenella,40555,204,0.0883323284213543
Neomixis tenella,40556,204,0.0883323284213543
Neomixis tenella,40557,204,128.593216990634
Neomixis tenella,40558,204,0.08833065277946
Neomixis tenella,40559,204,0.4416432086097
Neomixis tenella,40560,204,0.176550483103275
Neomixis tenella,39819,263,21.1588565254757
Neomixis tenella,40561,263,1.32280871870244
Neomixis tenella,40041,264,7.8043101934992
Neomixis tenella,22820,284,57.9536162531174
Neomixis tenella,23037,284,3.3134309653126
Neomixis tenella,24505,284,89.7882265229853
Neomixis tenella,25188,284,455.304276357035
Neomixis tenella,39754,284,21.5096479841157
Neomixis tenella,39834,284,3.75955498127008
Neomixis tenella,40144,284,17.1081231937802
Neomixis tenella,40341,284,27.5139015001006
Neomixis tenella,40163,290,58.113791807033
Neomixis tenella,40562,290,0.0902044145538807
Neomixis tenella,40563,290,0.0902044145538807
Neomixis tenella,40564,290,0.360806249891043
Neomixis tenella,40565,290,0.090200136197567
Neomixis tenella,40566,290,0.0901872898641825
Neomixis tenella,29522,299,59.0220175232944
Neomixis tenella,29722,299,0.62064821295929
Neomixis tenella,29770,299,0.265972006814122
Neomixis tenella,29811,299,0.709200345668078
Neomixis tenella,29863,299,0.177290677110672
Neomixis tenella,40269,299,0.177275942426443
Neomixis tenella,40270,299,0.177274304782152
Neomixis tenella,40307,299,29.274766839554
Neomixis tenella,40325,299,9.04229392746901
Neomixis tenella,40549,299,1.41985175199318
Neomixis tenella,39825,314,20.6310542039179
Neomixis tenella,40264,317,51.6424033209818
Neomixis tenella,40305,317,59.0116196877182
Neomixis tenella,2768,320,0.643524707942724
Neomixis tenella,2844,320,0.459616383672059
Neomixis tenella,2871,320,0.183841973942041
Neomixis tenella,2882,320,0.643432019172192
Neomixis tenella,2889,320,0.275752651619673
Neomixis tenella,2913,320,0.367655302864194
Neomixis tenella,2934,320,1.56243208603442
Neomixis tenella,2935,320,0.275729722221732
Neomixis tenella,2958,320,0.275717098941624
Neomixis tenella,2977,320,0.275709061498523
Neomixis tenella,2986,320,0.459508593737543
Neomixis tenella,3004,320,0.45949710468936
Neomixis tenella,3005,320,1.1946710927344
Neomixis tenella,3026,320,0.183794934333146
Neomixis tenella,3038,320,50.551453219145
Neomixis tenella,3043,320,3.21620605602419
Neomixis tenella,3044,320,0.551364106284499
Neomixis tenella,3059,320,1.10266377710527
Neomixis tenella,3074,320,0.183781132994473
Neomixis tenella,3075,320,0.367564567481756
Neomixis tenella,3094,320,0.183777680330753
Neomixis tenella,3104,320,0.551319225258708
Neomixis tenella,3110,320,0.183773075227499
Neomixis tenella,3118,320,1.10259928914046
Neomixis tenella,3125,320,2.02137478975803
Neomixis tenella,3126,320,0.826945434479237
Neomixis tenella,3136,320,0.643170052255213
Neomixis tenella,3146,320,0.183763859938979
Neomixis tenella,3160,320,0.183761555059075
Neomixis tenella,3161,320,1.65382056523675
Neomixis tenella,3203,320,0.826825480994821
Neomixis tenella,3249,320,0.459349671094894
Neomixis tenella,3290,320,0.367459639964223
Neomixis tenella,3313,320,0.183724619395971
Neomixis tenella,3314,320,0.275586929093957
Neomixis tenella,3331,320,1.46972063059181
Neomixis tenella,3332,320,0.275577679304183
Neomixis tenella,3511,320,0.367363554798603
Neomixis tenella,3714,320,116.961786446988
Neomixis tenella,3799,320,0.275443051051259
Neomixis tenella,11842,320,266.73838817703
Neomixis tenella,40489,320,1.10266607838708
Neomixis tenella,40490,320,9.73881683759956
Neomixis tenella,40491,320,1.01060090259051
Neomixis tenella,40492,320,0.275615805294395
Neomixis tenella,40493,320,35.3553316235078
Neomixis tenella,40494,320,0.18370726844728
Neomixis tenella,40495,320,0.183688734582305
Neomixis tenella,40496,320,0.0918426282598972
Neomixis tenella,40497,320,0.0918368279622793
Neomixis tenella,40498,320,0.0918368279622793
Neomixis tenella,40499,320,0.091829860622406
Neomixis tenella,40500,320,0.091829860622406
Neomixis tenella,40501,320,0.0918124089481831
Neomixis tenella,40502,320,0.0918112438106537
Neomixis tenella,40525,320,1.38241570732784
Neomixis tenella,40526,320,229.563098744103
Neomixis tenella,40527,320,3.22509111988759
Neomixis tenella,40528,320,49.838144357936
Neomixis tenella,40529,320,1.19747486800289
Neomixis tenella,40530,320,6.63162645037937
Neomixis tenella,40531,320,0.18421854041934
Neomixis tenella,40532,320,0.0921081603600383
Neomixis tenella,40533,320,0.0921070502984524
Neomixis tenella,40534,320,0.0921059400245547
Neomixis tenella,40535,320,1.74986507844645
Neomixis tenella,40536,320,41.3466555927123
Neomixis tenella,40537,320,18.9694426773024
Neomixis tenella,40538,320,29.0935194916896
Neomixis tenella,40539,320,1.19697195979625
Neomixis tenella,40540,320,165.589230952063
Neomixis tenella,40541,320,167.386348684994
Neomixis tenella,40542,320,0.184096948427022
Neomixis tenella,40543,320,142.937192083356
Neomixis tenella,40544,320,191.049731459298
Neomixis tenella,40545,320,0.0919609370105267
Neomixis tenella,40546,320,0.919496630983412
Neomixis tenella,40547,320,6.25186649493641
Neomixis tenella,40548,320,1.37902412587363
Neomixis tenella,40403,328,28.7773817194842
Neomixis tenella,40465,328,19.4390238963762
Neomixis tenella,40571,328,59.930225967488
Neomixis tenella,40572,328,30.0885079199013
Neomixis tenella,40573,328,156.395880634442
Neomixis tenella,40574,328,58.8448757092075
Neomixis tenella,40575,328,129.022534146316
Neomixis tenella,40576,328,0.1831612099756
Neomixis tenella,40577,328,0.0915509860725999
Neomixis tenella,40404,329,59.3584008869
Neomixis tenella,40446,329,180.351922799822
Neomixis tenella,40567,329,35.4042812702756
Neomixis tenella,40568,329,31.2682529843574
Neomixis tenella,40578,329,21.6030064475268
Neomixis tenella,40579,329,47.86339402205
Neomixis tenella,40445,330,104.451769868596
Neomixis tenella,40569,330,26.7192827727436
Neomixis tenella,40570,330,0.09175506845963
Neomixis tenella,40485,331,22.858108584332
Neomixis tenella,40581,331,1.18887316902965
Neomixis tenella,40582,331,0.365803726961494
Neomixis tenella,40583,331,0.0914460148120522
Neomixis tenella,40584,331,0.0914213792976141
Neomixis tenella,40371,323,72.6841925792621
Neomixis tenella,40483,332,9.25207177810681
Neomixis tenella,40462,326,18.6159244086656
Neomixis tenella,40466,333,20.4450502154253
Neomixis tenella,40580,333,0.0916615525497198
Neomixis tenella,7802,327,0.0912806047910452
Neomixis tenella,8056,327,161.7134713586
Neomixis tenella,8057,327,0.0912402507441044
Neomixis tenella,8073,327,0.364942030489683
Neomixis tenella,8083,327,0.456175956650972
Neomixis tenella,40381,327,9.49246813121474
Neomixis tenella,40507,327,0.0912831197600365
Neomixis tenella,40508,327,44.7196147776582
Neomixis tenella,40509,327,0.0912768307586908
Neomixis tenella,40510,327,0.0912755723267794
Neomixis tenella,40511,327,1.36878947938347
Neomixis tenella,40512,327,0.0912541467659473
Neomixis tenella,40513,327,1.1862571950016
Neomixis tenella,40514,327,0.0912528845435381
Neomixis tenella,40515,327,0.273757391198039
Neomixis tenella,40516,327,0.0912490966143608
Neomixis tenella,40517,327,0.0912490966143608
Neomixis tenella,40518,327,0.091247833550334
Neomixis tenella,40519,327,0.273738447341442
Neomixis tenella,40520,327,0.364971116543174
Neomixis tenella,40521,327,0.0912402507441044
Neomixis tenella,40522,327,0.0912389862062931
Neomixis tenella,40523,327,0.364952150581956
Neomixis tenella,40524,327,0.0912377214585543
Neomixis viridis,8272,64,29.4123165165292
Neomixis viridis,8285,64,27.2715936270507
Neomixis viridis,8286,64,29.3885406549345
Neomixis viridis,8287,64,20.6592519148769
Neomixis viridis,8432,91,52.0931107730117
Neomixis viridis,8425,86,31.1097970257607
Neomixis viridis,8426,86,29.6010280215059
Neomixis viridis,8466,93,26.6587824925889
Neomixis viridis,8468,93,16.2380797407103
Neomixis viridis,1031,94,0.273849359069586
Neomixis viridis,1033,94,0.182563724761963
Neomixis viridis,8492,94,61.0887142109144
Neomixis viridis,8465,1,19.1031559591866
Neomixis viridis,8467,1,199.436775176127
Neomixis viridis,6358,71,0.620648212959528
Neomixis viridis,6364,71,0.265972006814122
Neomixis viridis,6377,71,0.709200345668078
Neomixis viridis,6387,71,0.177290677110672
Neomixis viridis,8353,71,88.5629699935415
Neomixis viridis,8354,71,0.177275942426443
Neomixis viridis,8355,71,0.177274304782152
Neomixis viridis,8419,71,9.04229392746901
Neomixis viridis,8464,71,31.2831288292474
Neomixis viridis,8569,71,1.41985175199318
Neomixis viridis,8570,71,30.9497681570663
Neomixis viridis,8571,71,0.531935836720109
Neomixis viridis,8572,71,3.01150757306588
Neomixis viridis,1488,72,0.812480411258936
Neomixis viridis,8320,72,16.6994855698657
Neomixis viridis,8322,72,0.180557963597178
Neomixis viridis,8351,72,51.6424033209818
Neomixis viridis,8393,72,59.0116196877182
Neomixis viridis,8530,72,1.17365293457222
Neomixis viridis,163,92,1.74986507844758
Neomixis viridis,164,92,49.838144357936
Neomixis viridis,317,92,0.643524707942724
Neomixis viridis,333,92,0.459616383672059
Neomixis viridis,337,92,0.183841973942041
Neomixis viridis,340,92,0.643432019172192
Neomixis viridis,341,92,0.275752651619673
Neomixis viridis,348,92,0.367655302864194
Neomixis viridis,351,92,1.56243208603442
Neomixis viridis,352,92,0.275729722221732
Neomixis viridis,353,92,0.275717098941624
Neomixis viridis,359,92,0.275709061498523
Neomixis viridis,361,92,0.459508593737543
Neomixis viridis,362,92,0.45949710468936
Neomixis viridis,363,92,1.1946710927344
Neomixis viridis,368,92,0.183794934333146
Neomixis viridis,370,92,50.551453219145
Neomixis viridis,371,92,3.21620605602419
Neomixis viridis,372,92,0.551364106284499
Neomixis viridis,379,92,1.10266377710551
Neomixis viridis,380,92,0.183781132994473
Neomixis viridis,381,92,0.367564567481756
Neomixis viridis,387,92,0.183777680330753
Neomixis viridis,391,92,0.551319225258708
Neomixis viridis,393,92,0.183773075227499
Neomixis viridis,397,92,1.10259928914046
Neomixis viridis,399,92,2.02137478975803
Neomixis viridis,400,92,0.826945434479237
Neomixis viridis,402,92,0.643170052255213
Neomixis viridis,403,92,0.183763859938979
Neomixis viridis,405,92,0.183761555059075
Neomixis viridis,406,92,1.65382056523675
Neomixis viridis,429,92,0.826825480995119
Neomixis viridis,432,92,0.459349671094894
Neomixis viridis,439,92,0.367459639964223
Neomixis viridis,446,92,0.183724619395971
Neomixis viridis,447,92,0.275586929093957
Neomixis viridis,452,92,1.46972063059181
Neomixis viridis,453,92,0.275577679304183
Neomixis viridis,486,92,0.367363554798603
Neomixis viridis,523,92,116.961786446988
Neomixis viridis,1251,92,266.73838817703
Neomixis viridis,8537,92,1.10266607838708
Neomixis viridis,8538,92,9.73881683759956
Neomixis viridis,8539,92,1.01060090259051
Neomixis viridis,8540,92,0.275615805294395
Neomixis viridis,8541,92,17.9096538339415
Neomixis viridis,8542,92,0.18370726844728
Neomixis viridis,8543,92,0.183688734582305
Neomixis viridis,8549,92,4.22365491920155
Neomixis viridis,8552,92,1.38241570732784
Neomixis viridis,8553,92,229.563098744103
Neomixis viridis,8554,92,3.22509111988759
Neomixis viridis,8555,92,1.19747486800289
Neomixis viridis,8556,92,6.63162645037937
Neomixis viridis,8557,92,41.3466555927123
Neomixis viridis,8558,92,18.9694426773024
Neomixis viridis,8559,92,29.0935194916896
Neomixis viridis,8560,92,167.386348684994
Neomixis viridis,8561,92,143.862175435587
Neomixis viridis,8562,92,0.184096948427022
Neomixis viridis,8563,92,142.937192083356
Neomixis viridis,8564,92,191.049731459298
Neomixis viridis,8566,92,0.919496630983412
Neomixis viridis,8567,92,6.25186649493641
Neomixis viridis,8568,92,1.37902412587363
Neomixis viridis,8479,97,59.3584008869
Neomixis viridis,8498,97,180.351922799822
Neomixis viridis,8521,97,24.0690321273829
Neomixis viridis,8577,97,35.4042812702756
Neomixis viridis,8578,97,31.2682529843574
Neomixis viridis,8587,97,21.6030064475268
Neomixis viridis,8497,98,104.451769868596
Neomixis viridis,8579,98,26.7192827727436
Neomixis viridis,8517,99,19.4390238963762
Neomixis viridis,8535,100,3.38332418211758
Neomixis viridis,8536,100,6.67439570552647
Neomixis viridis,8589,100,1.18887316902965
Neomixis viridis,8590,100,0.365803726961494
Neomixis viridis,8581,101,59.930225967488
Neomixis viridis,8582,101,30.0885079199013
Neomixis viridis,8583,101,156.395880634442
Neomixis viridis,8584,101,129.022534146316
Neomixis viridis,8585,101,0.1831612099756
Neomixis viridis,8450,95,72.6841925792621
Neomixis viridis,8514,96,18.6159244086656
Neomixis viridis,8518,102,20.4450502154253
Nesillas lantzii,57,7,46.5723968884147
Nesillas lantzii,251,7,36.3826787541578
Nesillas lantzii,2,1,20.6310542039179
Nesillas lantzii,248,1,7.8043101934992
Nesillas lantzii,93,6,0.959635746629
Nesillas lantzii,96,6,8.54688940804958
Nesillas lantzii,115,6,0.261418984541655
Nesillas lantzii,119,6,0.522798031426311
Nesillas lantzii,176,6,103.48826611094
Nesillas lantzii,180,6,31.4571395379628
Nesillas lantzii,181,6,0.347746593876839
Nesillas lantzii,185,6,10.5923656306142
Nesillas lantzii,190,6,76.7416103015004
Nesillas lantzii,241,6,0.347687768672109
Nesillas lantzii,246,6,9.30872783193505
Nesillas lantzii,253,6,25.3907382257994
Nesillas lantzii,255,6,2.60537814308274
Nesogale dobsoni,8971,633,0.604549703200459
Nesogale dobsoni,8973,633,0.777178853789091
Nesogale dobsoni,9093,633,19.9515621485635
Nesogale dobsoni,9089,634,27.2715936270507
Nesogale dobsoni,9090,635,29.4123165165292
Nesogale dobsoni,9091,636,29.3885406549345
Nesogale dobsoni,9092,637,20.6592519148769
Nesogale dobsoni,9230,687,52.0931107730117
Nesogale dobsoni,9222,688,31.1097970257607
Nesogale dobsoni,9223,688,29.6010280215059
Nesogale dobsoni,70,479,19.9337849990107
Nesogale dobsoni,3268,640,0.812480411258936
Nesogale dobsoni,9132,640,16.6994855698657
Nesogale dobsoni,9135,640,0.180557963597178
Nesogale dobsoni,9324,640,1.17365293457222
Nesogale dobsoni,9203,684,59.0116196877182
Nesogale dobsoni,9260,705,26.6587824925889
Nesogale dobsoni,9262,705,16.2380797407103
Nesogale dobsoni,9290,711,90.3937869662622
Nesogale dobsoni,3,1,61.483940488416
Nesogale dobsoni,9028,1,56.8711675529887
Nesogale dobsoni,625,603,0.643524707942724
Nesogale dobsoni,666,603,0.183841973942041
Nesogale dobsoni,672,603,0.643432019172192
Nesogale dobsoni,689,603,0.367655302864194
Nesogale dobsoni,701,603,1.56243208603442
Nesogale dobsoni,702,603,0.275729722221732
Nesogale dobsoni,713,603,0.275717098941624
Nesogale dobsoni,721,603,0.275709061498523
Nesogale dobsoni,725,603,0.459508593737543
Nesogale dobsoni,730,603,0.45949710468936
Nesogale dobsoni,731,603,1.1946710927344
Nesogale dobsoni,744,603,3.21620605602419
Nesogale dobsoni,757,603,0.367564567481756
Nesogale dobsoni,763,603,0.183777680330753
Nesogale dobsoni,941,603,116.961786446988
Nesogale dobsoni,751,719,1.10266377710527
Nesogale dobsoni,756,719,0.183781132994473
Nesogale dobsoni,778,719,2.02137478975803
Nesogale dobsoni,779,719,0.826945434479237
Nesogale dobsoni,823,719,0.367459639964223
Nesogale dobsoni,830,719,0.183724619395971
Nesogale dobsoni,831,719,0.275586929093957
Nesogale dobsoni,834,719,1.46972063059181
Nesogale dobsoni,835,719,0.275577679304183
Nesogale dobsoni,9329,719,1.10266607838708
Nesogale dobsoni,9330,719,9.73881683759956
Nesogale dobsoni,9333,719,35.3553316235078
Nesogale dobsoni,9334,719,0.18370726844728
Nesogale dobsoni,658,611,0.459616383672059
Nesogale dobsoni,676,611,0.275752651619673
Nesogale dobsoni,739,611,0.183794934333146
Nesogale dobsoni,743,611,50.551453219145
Nesogale dobsoni,745,611,0.551364106284499
Nesogale dobsoni,766,611,0.551319225258708
Nesogale dobsoni,783,611,0.643170052255213
Nesogale dobsoni,2212,720,266.73838817703
Nesogale dobsoni,9362,720,191.049731459298
Nesogale dobsoni,9275,721,28.7773817194842
Nesogale dobsoni,9314,721,19.4390238963762
Nesogale dobsoni,9381,721,156.395880634442
Nesogale dobsoni,9382,721,58.8448757092075
Nesogale dobsoni,9298,722,180.351922799822
Nesogale dobsoni,9344,723,229.563098744103
Nesogale dobsoni,9346,723,49.838144357936
Nesogale dobsoni,9347,723,1.19747486800289
Nesogale dobsoni,9348,723,6.63162645037937
Nesogale dobsoni,9353,723,1.74986507844645
Nesogale dobsoni,9354,724,41.3466555927123
Nesogale dobsoni,9355,725,18.9694426773024
Nesogale dobsoni,9356,726,29.0935194916896
Nesogale dobsoni,9358,726,165.589230952063
Nesogale dobsoni,9359,726,167.386348684994
Nesogale dobsoni,9361,727,142.937192083356
Nesogale dobsoni,9364,728,0.919496630983412
Nesogale dobsoni,9365,728,6.25186649493641
Nesogale dobsoni,9379,729,59.930225967488
Nesogale dobsoni,9380,730,30.0885079199013
Nesogale dobsoni,9383,731,129.022534146316
Nesogale dobsoni,9384,731,0.1831612099756
Nesogale dobsoni,9386,732,21.6030064475268
Nesogale dobsoni,9387,732,47.86339402205
Nesogale dobsoni,9165,662,51.6424033209818
Nesogale dobsoni,9167,672,88.5629699935415
Nesogale dobsoni,9367,672,1.41985175199318
Nesogale dobsoni,9368,672,30.9497681570663
Nesogale dobsoni,1110,690,6.14336602693754
Nesogale dobsoni,9258,704,31.2831288292474
Nesogale dobsoni,9261,706,199.713422927767
Nesogale dobsoni,9276,714,59.3584008869
Nesogale dobsoni,9376,714,31.2682529843574
Nesogale dobsoni,9375,733,35.4042812702756
Nesogale dobsoni,9297,715,104.451769868596
Nesogale dobsoni,9377,715,26.7192827727436
Nesogale dobsoni,9327,718,6.67439570552647
Nesogale talazaci,11,2,21.0334598369182
Nesogale talazaci,9828,461,27.2715936270507
Nesogale talazaci,9829,462,29.4123165165292
Nesogale talazaci,9830,463,29.3885406549345
Nesogale talazaci,9831,464,20.6592519148769
Nesogale talazaci,9984,513,52.0931107730117
Nesogale talazaci,9976,514,31.1097970257607
Nesogale talazaci,9977,514,29.6010280215059
Nesogale talazaci,77,9,19.9337849990107
Nesogale talazaci,10047,538,90.3937869662622
Nesogale talazaci,2819,467,0.812480411258936
Nesogale talazaci,9869,467,16.6994855698657
Nesogale talazaci,9872,467,0.180557963597178
Nesogale talazaci,10079,467,1.17365293457222
Nesogale talazaci,9944,510,59.0116196877182
Nesogale talazaci,10017,530,26.6587824925889
Nesogale talazaci,10019,530,16.2380797407103
Nesogale talazaci,6,1,76.1383189879573
Nesogale talazaci,9738,1,56.8711675529887
Nesogale talazaci,704,465,0.643524707942724
Nesogale talazaci,747,465,0.459616383672059
Nesogale talazaci,758,465,0.183841973942041
Nesogale talazaci,766,465,0.643432019172192
Nesogale talazaci,771,465,0.275752651619673
Nesogale talazaci,785,465,0.367655302864194
Nesogale talazaci,795,465,1.56243208603442
Nesogale talazaci,796,465,0.275729722221732
Nesogale talazaci,807,465,0.275717098941624
Nesogale talazaci,814,465,0.275709061498523
Nesogale talazaci,818,465,0.459508593737543
Nesogale talazaci,820,465,0.45949710468936
Nesogale talazaci,821,465,1.1946710927344
Nesogale talazaci,831,465,0.183794934333146
Nesogale talazaci,834,465,50.551453219145
Nesogale talazaci,835,465,3.21620605602419
Nesogale talazaci,836,465,0.551364106284499
Nesogale talazaci,846,465,0.367564567481756
Nesogale talazaci,850,465,0.183777680330753
Nesogale talazaci,853,465,0.551319225258708
Nesogale talazaci,855,465,0.183773075227499
Nesogale talazaci,861,465,1.10259928914046
Nesogale talazaci,868,465,0.643170052255213
Nesogale talazaci,870,465,0.183763859938979
Nesogale talazaci,874,465,0.183761555059075
Nesogale talazaci,875,465,1.65382056523675
Nesogale talazaci,1016,465,116.961786446988
Nesogale talazaci,10091,465,1.01060090259051
Nesogale talazaci,10092,465,0.275615805294395
Nesogale talazaci,842,548,1.10266377710527
Nesogale talazaci,845,548,0.183781132994473
Nesogale talazaci,864,548,2.02137478975803
Nesogale talazaci,865,548,0.826945434479237
Nesogale talazaci,896,548,0.826825480995119
Nesogale talazaci,898,548,0.459349671094894
Nesogale talazaci,906,548,0.367459639964223
Nesogale talazaci,912,548,0.183724619395971
Nesogale talazaci,913,548,0.275586929093957
Nesogale talazaci,919,548,1.46972063059181
Nesogale talazaci,920,548,0.275577679304183
Nesogale talazaci,953,548,0.367363554798603
Nesogale talazaci,10089,548,1.10266607838708
Nesogale talazaci,10090,548,9.73881683759956
Nesogale talazaci,10093,548,35.3553316235078
Nesogale talazaci,10094,548,0.18370726844728
Nesogale talazaci,2028,549,266.73838817703
Nesogale talazaci,10122,549,191.049731459298
Nesogale talazaci,10032,550,28.7773817194842
Nesogale talazaci,10069,550,19.4390238963762
Nesogale talazaci,10141,550,156.395880634442
Nesogale talazaci,10142,550,58.8448757092075
Nesogale talazaci,10053,551,180.351922799822
Nesogale talazaci,10104,552,229.563098744103
Nesogale talazaci,10106,552,49.838144357936
Nesogale talazaci,10107,552,1.19747486800289
Nesogale talazaci,10108,552,6.63162645037937
Nesogale talazaci,10113,552,1.74986507844645
Nesogale talazaci,10114,553,41.3466555927123
Nesogale talazaci,10115,554,18.9694426773024
Nesogale talazaci,10116,555,29.0935194916896
Nesogale talazaci,10118,555,165.589230952063
Nesogale talazaci,10119,555,167.386348684994
Nesogale talazaci,10121,556,142.937192083356
Nesogale talazaci,10124,557,0.919496630983412
Nesogale talazaci,10125,557,6.25186649493641
Nesogale talazaci,10139,558,59.930225967488
Nesogale talazaci,10140,559,30.0885079199013
Nesogale talazaci,10143,560,129.022534146316
Nesogale talazaci,10144,560,0.1831612099756
Nesogale talazaci,10146,561,21.6030064475268
Nesogale talazaci,10147,561,47.86339402205
Nesogale talazaci,7684,480,0.265972006814122
Nesogale talazaci,9904,480,88.5629699935415
Nesogale talazaci,9970,480,9.04229392746901
Nesogale talazaci,10127,480,1.41985175199318
Nesogale talazaci,10128,480,30.9497681570663
Nesogale talazaci,9902,488,51.6424033209818
Nesogale talazaci,10002,522,72.6841925792621
Nesogale talazaci,10015,529,31.2831288292474
Nesogale talazaci,10018,531,199.713422927767
Nesogale talazaci,10033,537,59.3584008869
Nesogale talazaci,10136,537,31.2682529843574
Nesogale talazaci,10135,562,35.4042812702756
Nesogale talazaci,10052,540,104.451769868596
Nesogale talazaci,10137,540,26.7192827727436
Nesogale talazaci,10086,543,22.858108584332
Nesogale talazaci,10151,563,22.4907523126593
Nesogale talazaci,10003,545,18.6159244086656
Nesogale talazaci,10083,547,9.25207177810681
Nesomys audeberti,34,6,26.8482161109069
Nesomys audeberti,1553,110,29.4123165165292
Nesomys audeberti,1555,137,27.2715936270507
Nesomys audeberti,1556,138,29.3885406549345
Nesomys audeberti,1401,94,29.6010280215059
Nesomys audeberti,22,5,17.9035992478908
Nesomys audeberti,181,140,28.7773817194842
Nesomys audeberti,1560,142,19.4390238963762
Nesomys audeberti,137,141,29.932942723587
Nesomys audeberti,104,13,79.1636486016595
Nesomys audeberti,1566,13,24.3872932737225
Nesomys audeberti,1561,144,29.7439079649625
Nesomys audeberti,105,15,105.451277093945
Nesomys audeberti,122,145,25.8418336022708
Nesomys audeberti,1567,146,9.47659898817736
Nesomys audeberti,1568,147,13.9784614762996
Nesomys audeberti,1569,147,0.0919609370105267
Nesomys audeberti,1570,148,0.919496630983412
Nesomys audeberti,1571,148,6.25186649493641
Nesomys audeberti,131,16,6.06658234187227
Nesomys audeberti,1558,143,19.111339641279
Nesomys audeberti,1559,149,28.1094555150611
Nesomys lambertoni,103,11,64.9869920614074
Nesomys lambertoni,328,25,52.2268727901955
Nesomys lambertoni,348,25,0.0899356091371775
Nesomys lambertoni,349,25,0.0899341444739103
Nesomys lambertoni,350,25,0.0899326796025038
Nesomys lambertoni,200,20,58.113791807033
Nesomys lambertoni,351,20,0.0902044145538807
Nesomys lambertoni,352,20,0.0902044145538807
Nesomys lambertoni,353,20,0.360806249891043
Nesomys lambertoni,354,20,0.090200136197567
Nesomys lambertoni,355,20,0.0901872898641825
Nesomys rufus,10657,447,0.604549703200459
Nesomys rufus,10667,447,0.777178853789091
Nesomys rufus,10718,447,19.9515621485635
Nesomys rufus,10714,448,27.2715936270507
Nesomys rufus,10715,449,29.4123165165292
Nesomys rufus,10716,450,29.3885406549345
Nesomys rufus,10717,451,20.6592519148769
Nesomys rufus,2517,455,0.812480411258936
Nesomys rufus,10735,455,16.6994855698657
Nesomys rufus,10736,455,1.17365293457222
Nesomys rufus,10738,455,0.180557963597178
Nesomys rufus,10840,502,52.0931107730117
Nesomys rufus,10837,503,31.1097970257607
Nesomys rufus,10838,503,29.6010280215059
Nesomys rufus,10804,499,59.0116196877182
Nesomys rufus,10897,523,86.1021201956665
Nesomys rufus,10872,9,186.058865922102
Nesomys rufus,625,26,0.643524707940877
Nesomys rufus,647,26,0.183841973942041
Nesomys rufus,651,26,0.643432019172192
Nesomys rufus,660,26,0.367655302864194
Nesomys rufus,665,26,1.56243208603442
Nesomys rufus,666,26,0.275729722221732
Nesomys rufus,669,26,0.275717098941624
Nesomys rufus,674,26,0.275709061498523
Nesomys rufus,676,26,0.459508593737543
Nesomys rufus,680,26,0.45949710468936
Nesomys rufus,681,26,1.1946710927344
Nesomys rufus,691,26,1.47030313296086
Nesomys rufus,706,26,89.5927776866021
Nesomys rufus,7996,467,0.265972006814122
Nesomys rufus,10776,467,88.5629699935415
Nesomys rufus,10828,467,9.04229392746901
Nesomys rufus,10931,467,1.41985175199318
Nesomys rufus,10932,467,30.9497681570663
Nesomys rufus,10761,476,51.6424033209818
Nesomys rufus,10870,513,31.2831288292474
Nesomys rufus,341,514,0.460674795593917
Nesomys rufus,356,514,11.423145542632
Nesomys rufus,547,528,0.4598808172791
Nesomys rufus,10925,528,129.050501831876
Nesomys rufus,10927,528,0.0919609370105267
Nesomys rufus,632,529,26.2899854313305
Nesomys rufus,640,529,0.459616383672059
Nesomys rufus,653,529,0.275752651619673
Nesomys rufus,663,529,0.183823638215899
Nesomys rufus,667,529,0.183819050049782
Nesomys rufus,1707,530,266.73838817703
Nesomys rufus,10926,530,191.049731459298
Nesomys rufus,10904,531,180.351922799822
Nesomys rufus,10915,532,229.563098744103
Nesomys rufus,10917,532,1.19747486800289
Nesomys rufus,10918,532,6.63162645037937
Nesomys rufus,10919,533,41.3466555927123
Nesomys rufus,10920,534,18.9694426773024
Nesomys rufus,10921,535,29.0935194916896
Nesomys rufus,10922,535,167.386348684994
Nesomys rufus,10923,535,143.862175435587
Nesomys rufus,10928,536,0.919496630983412
Nesomys rufus,10929,536,6.25186649493641
Nesomys rufus,10941,537,59.930225967488
Nesomys rufus,10942,538,30.0885079199013
Nesomys rufus,10943,539,156.395880634442
Nesomys rufus,10944,540,71.523950457575
Nesomys rufus,10945,541,21.6030064475268
Nesomys rufus,10946,541,47.86339402205
Nesomys rufus,10883,521,59.3584008869
Nesomys rufus,10940,521,31.2682529843574
Nesomys rufus,10939,542,35.4042812702756
Nesomys rufus,10903,526,30.2014878964556
Nesomys rufus,10913,527,6.67439570552647
Newtonia amphichroa,1,1,56.8711675529887
Newtonia amphichroa,3759,1,28.8450665179954
Newtonia amphichroa,3784,17,29.4123165165292
Newtonia amphichroa,3794,17,27.2715936270507
Newtonia amphichroa,3795,17,29.3885406549345
Newtonia amphichroa,3928,38,52.0931107730117
Newtonia amphichroa,3921,34,31.1097970257607
Newtonia amphichroa,3922,34,29.6010280215059
Newtonia amphichroa,3959,40,26.6587824925889
Newtonia amphichroa,3961,40,16.2380797407103
Newtonia amphichroa,18,2,1.1995567112959
Newtonia amphichroa,31,2,7.65654382250775
Newtonia amphichroa,37,2,4.33443217345184
Newtonia amphichroa,3960,2,142.243959360856
Newtonia amphichroa,304,4,18.6159244086656
Newtonia amphichroa,3973,4,20.4450502154253
Newtonia amphichroa,328,6,59.3584008869
Newtonia amphichroa,4030,6,16.7397833633029
Newtonia amphichroa,4031,6,31.2682529843574
Newtonia amphichroa,520,7,0.812480411258936
Newtonia amphichroa,3815,7,16.6994855698657
Newtonia amphichroa,3844,7,51.6424033209818
Newtonia amphichroa,3889,7,59.0116196877182
Newtonia amphichroa,3983,7,1.17365293457222
Newtonia amphichroa,3195,30,0.620648212959528
Newtonia amphichroa,3198,30,0.265972006814122
Newtonia amphichroa,3203,30,0.709200345668078
Newtonia amphichroa,3846,30,88.5629699935415
Newtonia amphichroa,3915,30,9.04229392746901
Newtonia amphichroa,3958,30,31.2831288292474
Newtonia amphichroa,4032,30,1.41985175199318
Newtonia amphichroa,4033,30,30.9497681570663
Newtonia amphichroa,4034,30,0.531935836720109
Newtonia amphichroa,4036,30,3.01150757306588
Newtonia amphichroa,82,39,40.2587459644453
Newtonia amphichroa,89,39,0.276286701651156
Newtonia amphichroa,90,39,1.65764340949857
Newtonia amphichroa,114,39,0.4598808172791
Newtonia amphichroa,133,39,0.643524707940877
Newtonia amphichroa,135,39,26.2899854313305
Newtonia amphichroa,137,39,0.459616383672059
Newtonia amphichroa,138,39,0.643432019172192
Newtonia amphichroa,139,39,0.275752651619673
Newtonia amphichroa,141,39,0.367655302864194
Newtonia amphichroa,145,39,1.56243208603442
Newtonia amphichroa,146,39,0.275729722221732
Newtonia amphichroa,148,39,0.275717098941624
Newtonia amphichroa,150,39,0.275709061498523
Newtonia amphichroa,151,39,0.459508593737543
Newtonia amphichroa,152,39,0.275701020456195
Newtonia amphichroa,153,39,0.45949710468936
Newtonia amphichroa,154,39,1.1946710927344
Newtonia amphichroa,158,39,1.47030313296086
Newtonia amphichroa,162,39,1.10266377710551
Newtonia amphichroa,164,39,2.02137478975803
Newtonia amphichroa,165,39,0.826945434479237
Newtonia amphichroa,170,39,0.826825480995119
Newtonia amphichroa,171,39,0.459349671094894
Newtonia amphichroa,172,39,0.367459639964223
Newtonia amphichroa,174,39,0.275586929093957
Newtonia amphichroa,175,39,1.46972063059181
Newtonia amphichroa,176,39,0.275577679304183
Newtonia amphichroa,177,39,2.75561017110461
Newtonia amphichroa,178,39,0.275553377308786
Newtonia amphichroa,179,39,0.551107912560761
Newtonia amphichroa,193,39,116.961786446988
Newtonia amphichroa,282,39,205.339637470163
Newtonia amphichroa,319,39,47.8095798456874
Newtonia amphichroa,3968,39,266.73838817703
Newtonia amphichroa,3970,39,41.3466555927123
Newtonia amphichroa,3995,39,59.930225967488
Newtonia amphichroa,3997,39,156.395880634442
Newtonia amphichroa,3999,39,150.320221903983
Newtonia amphichroa,4000,39,1.10266607838708
Newtonia amphichroa,4001,39,9.73881683759956
Newtonia amphichroa,4007,39,0.642865918691873
Newtonia amphichroa,4010,39,0.275487257939458
Newtonia amphichroa,4013,39,4.22365491920155
Newtonia amphichroa,4016,39,1.38241570732784
Newtonia amphichroa,4017,39,3.22509111988759
Newtonia amphichroa,4018,39,0.276285589256227
Newtonia amphichroa,4019,39,18.9694426773024
Newtonia amphichroa,4020,39,29.0935194916896
Newtonia amphichroa,4021,39,167.386348684994
Newtonia amphichroa,4022,39,143.862175435587
Newtonia amphichroa,4024,39,129.050501831876
Newtonia amphichroa,4025,39,191.049731459298
Newtonia amphichroa,4027,39,0.919496630983412
Newtonia amphichroa,4028,39,6.25186649493641
Newtonia amphichroa,4029,39,1.37902412587363
Newtonia amphichroa,4042,39,30.0885079199013
Newtonia amphichroa,3950,41,15.0336477895883
Newtonia amphichroa,3948,42,59.9439907454025
Newtonia amphichroa,4035,42,26.7192827727436
Newtonia archboldi,45,16,46.5723968884147
Newtonia archboldi,267,16,36.3826787541578
Newtonia archboldi,2,1,20.6310542039179
Newtonia archboldi,160,12,118.305284790413
Newtonia archboldi,262,12,9.30872783193505
Newtonia archboldi,268,12,0.347873258495212
Newtonia archboldi,271,12,2.60537814308274
Newtonia brunneicauda,40684,227,13.4745567878347
Newtonia brunneicauda,34178,239,10.3398139962552
Newtonia brunneicauda,582,90,0.370271373195231
Newtonia brunneicauda,584,90,0.462834125284791
Newtonia brunneicauda,588,90,43.0377824654073
Newtonia brunneicauda,589,90,0.18513059458977
Newtonia brunneicauda,611,90,1.48074673073471
Newtonia brunneicauda,615,90,1.66577102635694
Newtonia brunneicauda,621,90,0.277623898765862
Newtonia brunneicauda,625,90,0.277610584835947
Newtonia brunneicauda,515,254,43.4528749465152
Newtonia brunneicauda,284,249,0.463597745714188
Newtonia brunneicauda,363,249,43.2038186617044
Newtonia brunneicauda,40741,258,13.0307413413469
Newtonia brunneicauda,40837,258,6.06907414019537
Newtonia brunneicauda,40824,259,112.468627701651
Newtonia brunneicauda,16829,152,38.2051651932399
Newtonia brunneicauda,16948,152,3.07696966736627
Newtonia brunneicauda,16961,152,0.723997986286044
Newtonia brunneicauda,17055,152,0.361958205401897
Newtonia brunneicauda,41133,152,0.452763459861636
Newtonia brunneicauda,39426,264,0.777178853789091
Newtonia brunneicauda,40998,264,0.604549703200817
Newtonia brunneicauda,41211,264,27.2715936270507
Newtonia brunneicauda,41212,264,29.4123165165292
Newtonia brunneicauda,41213,264,29.3885406549345
Newtonia brunneicauda,41214,264,20.6592519148769
Newtonia brunneicauda,41215,264,19.9515621485635
Newtonia brunneicauda,37848,260,46.5723968884147
Newtonia brunneicauda,41084,260,36.3826787541578
Newtonia brunneicauda,22487,261,0.449603298739433
Newtonia brunneicauda,22488,261,0.359686745625973
Newtonia brunneicauda,22634,261,36.331879859746
Newtonia brunneicauda,41135,261,0.449634089967847
Newtonia brunneicauda,41233,261,6.47518067736232
Newtonia brunneicauda,23121,134,52.2268727901955
Newtonia brunneicauda,40992,228,64.9869920614074
Newtonia brunneicauda,41465,290,52.0931107730117
Newtonia brunneicauda,41429,284,31.1097970257607
Newtonia brunneicauda,41430,284,29.6010280215059
Newtonia brunneicauda,41506,293,26.6587824925889
Newtonia brunneicauda,41508,293,16.2380797407103
Newtonia brunneicauda,7178,291,5.85033975470352
Newtonia brunneicauda,7192,291,24.6792146248873
Newtonia brunneicauda,7262,291,1.0054375043211
Newtonia brunneicauda,7271,291,2.65062070312488
Newtonia brunneicauda,7287,291,0.182805694629431
Newtonia brunneicauda,7326,291,2.37624750380063
Newtonia brunneicauda,7335,291,0.274192454328179
Newtonia brunneicauda,7373,291,0.182784649551272
Newtonia brunneicauda,7409,291,0.182778454094648
Newtonia brunneicauda,7431,291,7.67678403816092
Newtonia brunneicauda,7460,291,8.86332816260099
Newtonia brunneicauda,7676,291,0.274089461484194
Newtonia brunneicauda,7769,291,9.5018882179122
Newtonia brunneicauda,7770,291,4.567756926453
Newtonia brunneicauda,40935,291,1.55373825480127
Newtonia brunneicauda,41001,291,0.456749789226413
Newtonia brunneicauda,41536,296,90.3937869662622
Newtonia brunneicauda,1264,97,19.9337849990107
Newtonia brunneicauda,41507,97,199.713422927767
Newtonia brunneicauda,188,149,0.55664420881176
Newtonia brunneicauda,195,149,0.371099061261296
Newtonia brunneicauda,198,149,0.556625695955813
Newtonia brunneicauda,208,149,0.185535398295105
Newtonia brunneicauda,215,149,0.463806772104442
Newtonia brunneicauda,223,149,0.27827526928854
Newtonia brunneicauda,240,149,0.278243954662919
Newtonia brunneicauda,269,149,111.568243325615
Newtonia brunneicauda,274,149,1.39092521476799
Newtonia brunneicauda,283,149,4.63579200248468
Newtonia brunneicauda,40950,149,56.8711675529887
Newtonia brunneicauda,41598,149,0.185499234954834
Newtonia brunneicauda,41602,149,0.370900267166376
Newtonia brunneicauda,41603,149,0.463541480594814
Newtonia brunneicauda,8169,193,18.2767366788028
Newtonia brunneicauda,40927,193,0.456764738324761
Newtonia brunneicauda,41618,193,13.2478972172724
Newtonia brunneicauda,41620,193,12.4246882102063
Newtonia brunneicauda,39148,217,12.0483039035151
Newtonia brunneicauda,39368,217,440.837213623637
Newtonia brunneicauda,40501,217,17.8876522784661
Newtonia brunneicauda,40547,217,45.1360753508905
Newtonia brunneicauda,40653,217,40.4132903612613
Newtonia brunneicauda,41675,217,15.129560578915
Newtonia brunneicauda,41676,217,0.260904485365748
Newtonia brunneicauda,41678,217,0.695629090320706
Newtonia brunneicauda,41680,217,2.60537814308274
Newtonia brunneicauda,35056,234,244.188758729789
Newtonia brunneicauda,41102,234,9.25706128804803
Newtonia brunneicauda,41105,234,4.31856011909986
Newtonia brunneicauda,41277,234,15.0236706233649
Newtonia brunneicauda,41665,234,0.353583403214455
Newtonia brunneicauda,41666,234,0.176773350173593
Newtonia brunneicauda,41667,234,0.265129139435411
Newtonia brunneicauda,41671,234,123.306738150608
Newtonia brunneicauda,41673,234,0.4416432086097
Newtonia brunneicauda,41674,234,0.176550483103275
Newtonia brunneicauda,36492,237,20.6310542039179
Newtonia brunneicauda,41081,301,7.8043101934992
Newtonia brunneicauda,25656,263,57.9536162531174
Newtonia brunneicauda,25862,263,3.3134309653126
Newtonia brunneicauda,27273,263,16.7138689349543
Newtonia brunneicauda,27382,263,89.7882265229853
Newtonia brunneicauda,27552,263,332.986643948065
Newtonia brunneicauda,28209,263,21.0801634665238
Newtonia brunneicauda,40668,263,21.5096479841157
Newtonia brunneicauda,40758,263,3.75955498127008
Newtonia brunneicauda,41203,263,17.1081231937802
Newtonia brunneicauda,41245,263,6.61121590080178
Newtonia brunneicauda,41449,263,27.5139015001006
Newtonia brunneicauda,41234,267,58.113791807033
Newtonia brunneicauda,41683,267,0.360806249891043
Newtonia brunneicauda,32684,272,0.620648212959528
Newtonia brunneicauda,32714,272,0.265972006814122
Newtonia brunneicauda,32754,272,0.709200345668078
Newtonia brunneicauda,32791,272,0.177290677110672
Newtonia brunneicauda,41350,272,88.5629699935415
Newtonia brunneicauda,41351,272,0.177275942426443
Newtonia brunneicauda,41352,272,0.177274304782152
Newtonia brunneicauda,41416,272,9.04229392746901
Newtonia brunneicauda,41498,272,31.2831288292474
Newtonia brunneicauda,41686,272,1.41985175199318
Newtonia brunneicauda,41687,272,30.9497681570663
Newtonia brunneicauda,41688,272,0.531935836720109
Newtonia brunneicauda,41690,272,3.01150757306588
Newtonia brunneicauda,19355,273,0.812480411258936
Newtonia brunneicauda,41312,273,16.6994855698657
Newtonia brunneicauda,41348,273,51.6424033209818
Newtonia brunneicauda,41390,273,59.0116196877182
Newtonia brunneicauda,41588,273,1.17365293457222
Newtonia brunneicauda,41589,273,0.180557963597178
Newtonia brunneicauda,3033,292,0.643524707942724
Newtonia brunneicauda,3110,292,0.459616383672059
Newtonia brunneicauda,3133,292,0.183841973942041
Newtonia brunneicauda,3145,292,0.643432019172192
Newtonia brunneicauda,3155,292,0.275752651619673
Newtonia brunneicauda,3180,292,0.367655302864194
Newtonia brunneicauda,3206,292,1.56243208603442
Newtonia brunneicauda,3207,292,0.275729722221732
Newtonia brunneicauda,3239,292,0.275717098941624
Newtonia brunneicauda,3259,292,0.275709061498523
Newtonia brunneicauda,3267,292,0.459508593737543
Newtonia brunneicauda,3280,292,0.45949710468936
Newtonia brunneicauda,3281,292,1.1946710927344
Newtonia brunneicauda,3302,292,0.183794934333146
Newtonia brunneicauda,3311,292,50.551453219145
Newtonia brunneicauda,3316,292,3.21620605602419
Newtonia brunneicauda,3317,292,0.551364106284499
Newtonia brunneicauda,3329,292,1.10266377710527
Newtonia brunneicauda,3343,292,0.183781132994473
Newtonia brunneicauda,3344,292,0.367564567481756
Newtonia brunneicauda,3356,292,0.183777680330753
Newtonia brunneicauda,3364,292,0.551319225258708
Newtonia brunneicauda,3373,292,0.183773075227499
Newtonia brunneicauda,3384,292,1.10259928914046
Newtonia brunneicauda,3391,292,2.02137478975803
Newtonia brunneicauda,3392,292,0.826945434479237
Newtonia brunneicauda,3400,292,0.643170052255213
Newtonia brunneicauda,3406,292,0.183763859938979
Newtonia brunneicauda,3415,292,0.183761555059075
Newtonia brunneicauda,3416,292,1.65382056523675
Newtonia brunneicauda,3453,292,0.826825480994821
Newtonia brunneicauda,3499,292,0.459349671094894
Newtonia brunneicauda,3531,292,0.367459639964223
Newtonia brunneicauda,3554,292,0.183724619395971
Newtonia brunneicauda,3555,292,0.275586929093957
Newtonia brunneicauda,3564,292,1.46972063059181
Newtonia brunneicauda,3565,292,0.275577679304183
Newtonia brunneicauda,3693,292,0.367363554798603
Newtonia brunneicauda,3838,292,116.961786446988
Newtonia brunneicauda,3900,292,0.275443051051259
Newtonia brunneicauda,13658,292,266.73838817703
Newtonia brunneicauda,41521,292,28.7773817194842
Newtonia brunneicauda,41522,292,59.3584008869
Newtonia brunneicauda,41549,292,180.351922799822
Newtonia brunneicauda,41568,292,19.4390238963762
Newtonia brunneicauda,41597,292,22.858108584332
Newtonia brunneicauda,41604,292,1.10266607838708
Newtonia brunneicauda,41605,292,9.73881683759956
Newtonia brunneicauda,41606,292,1.01060090259051
Newtonia brunneicauda,41607,292,0.275615805294395
Newtonia brunneicauda,41608,292,35.3553316235078
Newtonia brunneicauda,41609,292,0.18370726844728
Newtonia brunneicauda,41610,292,0.183688734582305
Newtonia brunneicauda,41640,292,1.38241570732784
Newtonia brunneicauda,41641,292,229.563098744103
Newtonia brunneicauda,41642,292,3.22509111988759
Newtonia brunneicauda,41643,292,49.838144357936
Newtonia brunneicauda,41644,292,1.19747486800289
Newtonia brunneicauda,41645,292,6.63162645037937
Newtonia brunneicauda,41646,292,0.18421854041934
Newtonia brunneicauda,41650,292,1.74986507844645
Newtonia brunneicauda,41651,292,41.3466555927123
Newtonia brunneicauda,41652,292,18.9694426773024
Newtonia brunneicauda,41653,292,29.0935194916896
Newtonia brunneicauda,41654,292,1.19697195979625
Newtonia brunneicauda,41655,292,165.589230952063
Newtonia brunneicauda,41656,292,167.386348684994
Newtonia brunneicauda,41657,292,0.184096948427022
Newtonia brunneicauda,41658,292,142.937192083356
Newtonia brunneicauda,41659,292,191.049731459298
Newtonia brunneicauda,41661,292,0.919496630983412
Newtonia brunneicauda,41662,292,6.25186649493641
Newtonia brunneicauda,41663,292,1.37902412587363
Newtonia brunneicauda,41695,292,35.4042812702756
Newtonia brunneicauda,41696,292,31.2682529843574
Newtonia brunneicauda,41699,292,59.930225967488
Newtonia brunneicauda,41700,292,30.0885079199013
Newtonia brunneicauda,41701,292,156.395880634442
Newtonia brunneicauda,41702,292,58.8448757092075
Newtonia brunneicauda,41703,292,129.022534146316
Newtonia brunneicauda,41704,292,0.1831612099756
Newtonia brunneicauda,41706,292,21.6030064475268
Newtonia brunneicauda,41707,292,47.86339402205
Newtonia brunneicauda,41709,292,1.18887316902965
Newtonia brunneicauda,41710,292,0.365803726961494
Newtonia brunneicauda,41712,292,22.4907523126593
Newtonia brunneicauda,41714,292,0.91402228653884
Newtonia brunneicauda,41548,302,104.451769868596
Newtonia brunneicauda,41697,302,26.7192827727436
Newtonia brunneicauda,41593,298,72.6841925792621
Newtonia brunneicauda,41594,303,9.25207177810681
Newtonia brunneicauda,41565,299,18.6159244086656
Newtonia brunneicauda,41569,304,20.4450502154253
Newtonia brunneicauda,8944,300,164.087473873105
Newtonia brunneicauda,8970,300,0.364942030489683
Newtonia brunneicauda,41064,300,0.456175956650376
Newtonia brunneicauda,41499,300,9.49246813121474
Newtonia brunneicauda,41623,300,44.7196147776582
Newtonia brunneicauda,41626,300,1.36878947938347
Newtonia brunneicauda,41628,300,1.1862571950016
Newtonia brunneicauda,41630,300,0.273757391198039
Newtonia brunneicauda,41634,300,0.273738447341442
Newtonia brunneicauda,41635,300,0.364971116543174
Newtonia brunneicauda,41638,300,0.364952150581956
Newtonia brunneicauda,41689,300,1.55205922298586
Oriolia bernieri,2162,25,31.1097970257607
Oriolia bernieri,2163,25,29.6010280215059
Oriolia bernieri,5,3,28.3749256262274
Oriolia bernieri,21,28,116.524702947247
Oriolia bernieri,23,28,68.3266869343413
Oriolia bernieri,33,28,59.9439907454025
Oriolia bernieri,37,28,160.647154732561
Oriolia bernieri,2164,28,30.0267198333675
Oriolia bernieri,2178,28,26.791479663334
Oriolia bernieri,2179,28,29.9084357813471
Oriolia bernieri,2180,28,39.4704589776066
Oriolia bernieri,2181,28,60.1106834541456
Oriolia bernieri,2182,28,26.7192827727436
Oriolia bernieri,2191,28,18.9694426773024
Oriolia bernieri,41,29,30.0885079199013
Oriolia bernieri,46,29,15.0190583112476
Oriolia bernieri,56,29,2.4715929029389
Oriolia bernieri,2169,29,28.7773817194842
Oriolia bernieri,2177,29,58.8448757092075
Oriolia bernieri,1603,24,0.62064821295929
Oriolia bernieri,1604,24,0.709200345668078
Oriolia bernieri,1605,24,59.0220175232944
Oriolia bernieri,2150,24,30.9497681570663
Oriolia bernieri,2159,24,9.04229392746901
Oriolia bernieri,2190,24,1.41985175199318
Oriolia bernieri,92,27,22.4907523126593
Oriolia bernieri,2184,27,1.18887316902965
Oriolia bernieri,2185,27,0.365803726961494
Oriolia bernieri,2187,27,16.1837128788055
Oriolia bernieri,2189,27,0.91402228653884
Oryzorictes hova,1,1,56.8711675529895
Oryzorictes hova,8324,539,0.604549703200459
Oryzorictes hova,8332,539,0.777178853789091
Oryzorictes hova,8752,539,19.9515621485635
Oryzorictes hova,8748,540,27.2715936270507
Oryzorictes hova,8749,541,29.4123165165292
Oryzorictes hova,8750,542,29.3885406549345
Oryzorictes hova,8751,543,20.6592519148769
Oryzorictes hova,8880,590,52.0931107730117
Oryzorictes hova,8873,592,31.1097970257607
Oryzorictes hova,8874,592,29.6010280215059
Oryzorictes hova,85,357,19.9337849990107
Oryzorictes hova,2437,497,0.812480411258936
Oryzorictes hova,8787,497,16.6994855698657
Oryzorictes hova,8789,497,0.180557963597178
Oryzorictes hova,8972,497,1.17365293457222
Oryzorictes hova,8854,588,59.0116196877182
Oryzorictes hova,8911,607,26.6587824925889
Oryzorictes hova,8913,607,16.2380797407103
Oryzorictes hova,8941,613,90.3937869662622
Oryzorictes hova,774,511,0.183841973942041
Oryzorictes hova,780,511,0.643432019172192
Oryzorictes hova,795,511,0.367655302864194
Oryzorictes hova,799,511,1.56243208603442
Oryzorictes hova,800,511,0.275729722221732
Oryzorictes hova,802,511,0.275717098941624
Oryzorictes hova,806,511,0.275709061498523
Oryzorictes hova,810,511,0.459508593737841
Oryzorictes hova,813,511,0.45949710468936
Oryzorictes hova,814,511,1.1946710927344
Oryzorictes hova,823,511,3.21620605602294
Oryzorictes hova,829,511,0.367564567481756
Oryzorictes hova,836,511,0.183777680330634
Oryzorictes hova,982,511,116.961786446988
Oryzorictes hova,8645,511,0.643524707942724
Oryzorictes hova,767,521,0.459616383672059
Oryzorictes hova,782,521,0.275752651619673
Oryzorictes hova,818,521,0.183794934333146
Oryzorictes hova,824,521,0.551364106284499
Oryzorictes hova,840,521,0.551319225258708
Oryzorictes hova,850,521,0.643170052255213
Oryzorictes hova,8644,521,50.551453219145
Oryzorictes hova,1894,624,266.73838817703
Oryzorictes hova,9013,624,191.141696945506
Oryzorictes hova,8926,625,28.7773817194842
Oryzorictes hova,8962,625,19.4390238963762
Oryzorictes hova,9032,625,156.395880634442
Oryzorictes hova,9033,625,58.9365145738444
Oryzorictes hova,8946,626,180.351922799822
Oryzorictes hova,8995,627,229.563098744103
Oryzorictes hova,8997,627,49.838144357936
Oryzorictes hova,8998,627,1.19747486800289
Oryzorictes hova,8999,627,6.63162645037937
Oryzorictes hova,9004,627,1.74986507844645
Oryzorictes hova,9005,628,41.3466555927123
Oryzorictes hova,9006,629,18.9694426773024
Oryzorictes hova,9007,630,29.0935194916896
Oryzorictes hova,9009,630,165.589230952063
Oryzorictes hova,9010,630,167.386348684994
Oryzorictes hova,9012,631,142.937192083356
Oryzorictes hova,9015,632,0.919496630983412
Oryzorictes hova,9016,632,6.25186649493641
Oryzorictes hova,9030,633,59.930225967488
Oryzorictes hova,9031,634,30.0885079199013
Oryzorictes hova,9034,635,129.022534146316
Oryzorictes hova,9035,635,0.1831612099756
Oryzorictes hova,9037,636,21.6030064475268
Oryzorictes hova,9038,636,47.86339402205
Oryzorictes hova,8815,567,51.6424033209818
Oryzorictes hova,8817,577,88.9178223342941
Oryzorictes hova,9018,577,1.41985175199318
Oryzorictes hova,9019,577,30.9497681570663
Oryzorictes hova,8896,598,72.6841925792621
Oryzorictes hova,8909,606,31.2831288292474
Oryzorictes hova,8912,608,199.713422927767
Oryzorictes hova,8927,615,59.3584008869
Oryzorictes hova,9027,615,31.2682529843574
Oryzorictes hova,9026,637,35.4042812702756
Oryzorictes hova,8945,616,104.451769868596
Oryzorictes hova,9028,616,26.7192827727436
Oryzorictes hova,8979,619,22.858108584332
Oryzorictes hova,9042,638,22.4907523126593
Oryzorictes hova,8897,621,18.7076370258816
Oryzorictes hova,8976,623,9.25207177810681
Oryzorictes tetradactylus,128,17,11.0677904937422
Oryzorictes tetradactylus,129,17,23.1488844918891
Oryzorictes tetradactylus,162,24,1.19747486800301
Oryzorictes tetradactylus,165,24,0.368458156106472
Oryzorictes tetradactylus,166,24,4.97389831733626
Oryzorictes tetradactylus,167,24,4.23704192003936
Oryzorictes tetradactylus,169,24,6.63162645038044
Oryzorictes tetradactylus,176,24,0.184211880049229
Oryzorictes tetradactylus,179,24,1.74986507844758
Oryzorictes tetradactylus,181,24,68.3474855748302
Oryzorictes tetradactylus,197,29,27.3374724883207
Oryzorictes tetradactylus,200,31,29.8164373522979
Oryzorictes tetradactylus,244,210,32.5536096187773
Oryzorictes tetradactylus,278,210,0.183868284008205
Oryzorictes tetradactylus,1980,144,98.5473947674056
Oryzorictes tetradactylus,98,12,19.9337849990107
Oryzorictes tetradactylus,121,14,38.0118100940852
Oryzorictes tetradactylus,185,25,29.7439079649721
Oryzorictes tetradactylus,207,32,3.03595513145679
Oryzorictes tetradactylus,225,32,23.0885321332275
Oryzorictes tetradactylus,277,34,13.9784614762996
Oryzorictes tetradactylus,1985,211,0.919496630983412
Oryzorictes tetradactylus,1986,211,6.25186649493641
Oryzorictes tetradactylus,305,178,1.10266377710527
Oryzorictes tetradactylus,307,178,0.183781132994473
Oryzorictes tetradactylus,310,178,2.02137478975803
Oryzorictes tetradactylus,311,178,0.826945434479237
Oryzorictes tetradactylus,331,178,0.367459639964223
Oryzorictes tetradactylus,335,178,0.183724619395971
Oryzorictes tetradactylus,336,178,0.275586929093957
Oryzorictes tetradactylus,338,178,1.46972063059181
Oryzorictes tetradactylus,339,178,0.275577679304183
Oryzorictes tetradactylus,1987,178,1.10266607838708
Oryzorictes tetradactylus,1988,178,9.73881683759956
Oryzorictes tetradactylus,1989,178,35.3553316235078
Oryzorictes tetradactylus,1990,178,0.18370726844728
Oryzorictes tetradactylus,369,212,106.850808508956
Otus rutilus,5093,21,44.4928427752445
Otus rutilus,5541,21,27.2715936270507
Otus rutilus,5542,21,29.4123165165292
Otus rutilus,5543,21,29.3885406549345
Otus rutilus,5544,21,20.6592519148769
Otus rutilus,5545,21,19.9515621485635
Otus rutilus,44,1,111.568243325615
Otus rutilus,48,1,4.63579200248468
Otus rutilus,90,1,43.4528749465152
Otus rutilus,5312,1,56.8711675529887
Otus rutilus,4279,3,17.1507284432224
Otus rutilus,4422,3,13.6981519947698
Otus rutilus,4482,3,20.6310542039179
Otus rutilus,5090,3,13.0307413413469
Otus rutilus,5198,3,13.3958478781311
Otus rutilus,5204,3,3.87195306908155
Otus rutilus,5205,3,6.06907414019537
Otus rutilus,5427,3,7.8043101934992
Otus rutilus,5436,3,9.25706128804803
Otus rutilus,5439,3,4.31856011909986
Otus rutilus,5532,3,44.8174905868982
Otus rutilus,5603,3,8.03635703224694
Otus rutilus,4740,12,10.0335984890005
Otus rutilus,4774,12,68.10678924646
Otus rutilus,4817,12,46.4243142196318
Otus rutilus,4837,12,39.125721504027
Otus rutilus,5610,12,61.2050560193257
Otus rutilus,3212,15,57.9536162531174
Otus rutilus,3233,15,3.3134309653126
Otus rutilus,3308,15,89.7882265230072
Otus rutilus,3620,15,435.982053556563
Otus rutilus,5079,15,21.5096479841157
Otus rutilus,5129,15,3.75955498127008
Otus rutilus,5533,15,17.1081231937802
Otus rutilus,5757,15,27.5139015001006
Otus rutilus,1107,18,5.85033975470352
Otus rutilus,1109,18,24.6792146248873
Otus rutilus,1122,18,2.65062070312488
Otus rutilus,1129,18,2.37624750380063
Otus rutilus,1141,18,7.67678403816092
Otus rutilus,1147,18,8.86332816260099
Otus rutilus,1198,18,9.5018882179122
Otus rutilus,1199,18,4.567756926453
Otus rutilus,1371,18,164.087473873105
Otus rutilus,5306,18,1.55373825480127
Otus rutilus,5774,18,2.73946711541033
Otus rutilus,5803,18,9.49246813121474
Otus rutilus,5923,18,44.7196147776582
Otus rutilus,5967,18,1.55205922298586
Otus rutilus,269,19,19.9337849990107
Otus rutilus,546,19,1.56243208603442
Otus rutilus,561,19,50.551453219145
Otus rutilus,562,19,3.21620605602419
Otus rutilus,572,19,2.02137478975803
Otus rutilus,574,19,1.65382056523675
Otus rutilus,630,19,116.961786446988
Otus rutilus,1922,19,266.73838817703
Otus rutilus,5810,19,26.6587824925889
Otus rutilus,5811,19,199.713422927767
Otus rutilus,5812,19,16.2380797407103
Otus rutilus,5825,19,28.7773817194842
Otus rutilus,5826,19,59.3584008869
Otus rutilus,5840,19,90.3937869662622
Otus rutilus,5852,19,104.451769868596
Otus rutilus,5853,19,180.351922799822
Otus rutilus,5869,19,18.6159244086656
Otus rutilus,5872,19,19.4390238963762
Otus rutilus,5873,19,20.4450502154253
Otus rutilus,5897,19,72.6841925792621
Otus rutilus,5898,19,9.25207177810681
Otus rutilus,5901,19,22.858108584332
Otus rutilus,5909,19,9.73881683759956
Otus rutilus,5912,19,35.3553316235078
Otus rutilus,5941,19,229.563098744103
Otus rutilus,5942,19,3.22509111988759
Otus rutilus,5943,19,49.838144357936
Otus rutilus,5945,19,6.63162645037937
Otus rutilus,5950,19,1.74986507844645
Otus rutilus,5951,19,41.3466555927123
Otus rutilus,5952,19,18.9694426773024
Otus rutilus,5953,19,29.0935194916896
Otus rutilus,5955,19,165.589230952063
Otus rutilus,5956,19,167.386348684994
Otus rutilus,5958,19,142.937192083356
Otus rutilus,5959,19,191.049731459298
Otus rutilus,5962,19,6.25186649493641
Otus rutilus,5973,19,35.4042812702756
Otus rutilus,5974,19,31.2682529843574
Otus rutilus,5975,19,26.7192827727436
Otus rutilus,5977,19,59.930225967488
Otus rutilus,5978,19,30.0885079199013
Otus rutilus,5979,19,156.395880634442
Otus rutilus,5980,19,58.8448757092075
Otus rutilus,5981,19,129.022534146316
Otus rutilus,5984,19,21.6030064475268
Otus rutilus,5985,19,47.86339402205
Otus rutilus,5990,19,22.4907523126593
Otus rutilus,5673,28,88.5629699935415
Otus rutilus,5739,28,9.04229392746901
Otus rutilus,5802,28,31.2831288292474
Otus rutilus,5965,28,30.9497681570663
Otus rutilus,5968,28,3.01150757306588
Otus rutilus,5635,30,16.6994855698657
Otus rutilus,5671,30,51.6424033209818
Otus rutilus,5713,30,59.0116196877182
Oxylabes madagascariensis,13,39,21.0334598369182
Oxylabes madagascariensis,898,8,16.1104772354463
Oxylabes madagascariensis,925,8,11.3484171179743
Oxylabes madagascariensis,6443,40,29.4123165165292
Oxylabes madagascariensis,6627,40,27.2715936270507
Oxylabes madagascariensis,6628,40,29.3885406549345
Oxylabes madagascariensis,6629,40,20.6592519148769
Oxylabes madagascariensis,6777,57,52.0931107730117
Oxylabes madagascariensis,6770,53,31.1097970257607
Oxylabes madagascariensis,6771,53,29.6010280215059
Oxylabes madagascariensis,6808,60,26.6587824925889
Oxylabes madagascariensis,6810,60,16.2380797407103
Oxylabes madagascariensis,1020,62,61.0887142109144
Oxylabes madagascariensis,1025,62,0.273849359069586
Oxylabes madagascariensis,3,2,92.6472127073202
Oxylabes madagascariensis,6,2,0.278243954662919
Oxylabes madagascariensis,6585,2,56.8711675529887
Oxylabes madagascariensis,168,27,1.1995567112959
Oxylabes madagascariensis,6809,27,186.058865922102
Oxylabes madagascariensis,1469,44,0.812480411258936
Oxylabes madagascariensis,6663,44,16.6994855698657
Oxylabes madagascariensis,6691,44,51.6424033209818
Oxylabes madagascariensis,6738,44,59.0116196877182
Oxylabes madagascariensis,6847,44,1.17365293457222
Oxylabes madagascariensis,5125,47,0.620648212959528
Oxylabes madagascariensis,5128,47,0.265972006814122
Oxylabes madagascariensis,5136,47,0.709200345668078
Oxylabes madagascariensis,6693,47,88.5629699935415
Oxylabes madagascariensis,6764,47,9.04229392746901
Oxylabes madagascariensis,6807,47,31.2831288292474
Oxylabes madagascariensis,6887,47,1.41985175199318
Oxylabes madagascariensis,6888,47,30.9497681570663
Oxylabes madagascariensis,6889,47,0.531935836720109
Oxylabes madagascariensis,6890,47,3.01150757306588
Oxylabes madagascariensis,328,58,40.2587459644549
Oxylabes madagascariensis,481,58,0.4598808172791
Oxylabes madagascariensis,527,58,0.643524707940877
Oxylabes madagascariensis,528,58,2.11438066261417
Oxylabes madagascariensis,538,58,0.459616383672059
Oxylabes madagascariensis,544,58,0.643432019172192
Oxylabes madagascariensis,547,58,0.275752651619673
Oxylabes madagascariensis,553,58,0.367655302864194
Oxylabes madagascariensis,556,58,1.56243208603442
Oxylabes madagascariensis,557,58,0.275729722221732
Oxylabes madagascariensis,559,58,0.275717098941624
Oxylabes madagascariensis,563,58,0.275709061498523
Oxylabes madagascariensis,565,58,0.459508593737543
Oxylabes madagascariensis,567,58,0.275701020456195
Oxylabes madagascariensis,568,58,0.45949710468936
Oxylabes madagascariensis,569,58,1.1946710927344
Oxylabes madagascariensis,574,58,1.47030313296086
Oxylabes madagascariensis,649,58,116.961786446988
Oxylabes madagascariensis,917,58,20.2301521301134
Oxylabes madagascariensis,950,58,266.73838817703
Oxylabes madagascariensis,6814,58,59.930225967488
Oxylabes madagascariensis,6830,58,156.395880634442
Oxylabes madagascariensis,6837,58,180.351922799822
Oxylabes madagascariensis,6859,58,0.642865918691873
Oxylabes madagascariensis,6862,58,0.275487257939458
Oxylabes madagascariensis,6865,58,4.22365491920155
Oxylabes madagascariensis,6868,58,1.38241570732784
Oxylabes madagascariensis,6869,58,229.563098744103
Oxylabes madagascariensis,6870,58,3.22509111988759
Oxylabes madagascariensis,6871,58,1.19747486800289
Oxylabes madagascariensis,6872,58,6.63162645037937
Oxylabes madagascariensis,6873,58,41.3466555927123
Oxylabes madagascariensis,6874,58,18.9694426773024
Oxylabes madagascariensis,6875,58,29.0935194916896
Oxylabes madagascariensis,6876,58,167.386348684994
Oxylabes madagascariensis,6877,58,143.862175435587
Oxylabes madagascariensis,6879,58,129.050501831876
Oxylabes madagascariensis,6880,58,191.049731459298
Oxylabes madagascariensis,6882,58,0.919496630983412
Oxylabes madagascariensis,6883,58,6.25186649493641
Oxylabes madagascariensis,6884,58,1.37902412587363
Oxylabes madagascariensis,6897,58,30.0885079199013
Oxylabes madagascariensis,6898,58,71.523950457575
Oxylabes madagascariensis,6813,63,104.451769868596
Oxylabes madagascariensis,6831,63,18.6159244086656
Oxylabes madagascariensis,6834,63,20.4450502154253
Oxylabes madagascariensis,6895,63,26.7192827727436
Oxylabes madagascariensis,6851,64,72.6841925792621
Oxylabes madagascariensis,6852,64,9.25207177810681
Oxylabes madagascariensis,989,61,59.3584008869
Oxylabes madagascariensis,6838,61,6.67439570552647
Oxylabes madagascariensis,6885,61,16.7397833633029
Oxylabes madagascariensis,6886,61,31.2682529843574
Phaner furcifer,1,1,26.7219759851342
Phaner furcifer,16,7,9.25542923517722
Phaner furcifer,17,7,1.48074673073471
Phaner furcifer,20,7,1.480685356668
Phaner furcifer,22,7,0.27762389876622
Phaner furcifer,57,16,0.643524707940877
Phaner furcifer,58,16,0.459616383672059
Phaner furcifer,59,16,9.46768015268075
Phaner furcifer,60,16,0.183841973942041
Phaner furcifer,61,16,0.643432019172192
Phaner furcifer,62,16,0.275752651619673
Phaner furcifer,63,16,0.367655302864194
Phaner furcifer,64,16,1.56243208603442
Phaner furcifer,65,16,0.275729722221732
Phaner furcifer,66,16,0.275717098941624
Phaner furcifer,67,16,0.275709061498523
Phaner furcifer,68,16,0.459508593737543
Phaner furcifer,69,16,0.643297785346329
Phaner furcifer,70,16,0.45949710468936
Phaner furcifer,71,16,1.1946710927344
Phaner furcifer,72,16,0.183794934333146
Phaner furcifer,73,16,50.5514532191364
Phaner furcifer,74,16,3.21620605602419
Phaner furcifer,75,16,0.551364106284499
Phaner furcifer,76,17,1.10266377710551
Phaner furcifer,77,17,0.183781132994473
Phaner furcifer,78,17,1.10266607838744
Phaner furcifer,79,16,0.367564567481756
Phaner furcifer,80,16,0.183777680330753
Phaner furcifer,81,16,0.551319225258708
Phaner furcifer,82,16,0.183773075227499
Phaner furcifer,83,17,9.73881683760441
Phaner furcifer,84,16,1.10259928914046
Phaner furcifer,85,17,2.02137478975803
Phaner furcifer,86,17,0.826945434479237
Phaner furcifer,87,16,0.643170052255213
Phaner furcifer,88,16,0.183763859938979
Phaner furcifer,89,16,0.183761555059075
Phaner furcifer,90,16,1.65382056523675
Phaner furcifer,91,16,1.01060090259159
Phaner furcifer,92,16,0.275615805294693
Phaner furcifer,93,17,0.826825480995119
Phaner furcifer,94,17,0.459349671094894
Phaner furcifer,95,17,0.367459639964223
Phaner furcifer,96,17,0.183724619395971
Phaner furcifer,97,17,0.275586929093957
Phaner furcifer,98,17,1.46972063059181
Phaner furcifer,99,17,0.275577679304183
Phaner furcifer,100,17,0.18370726844722
Phaner furcifer,102,17,30.0296278397165
Phaner furcifer,103,17,0.367363554798603
Phaner furcifer,115,17,0.275443051051259
Phaner furcifer,325,57,44.4928427752215
Phaner furcifer,101,18,13.4090315801461
Phaner pallescens,194,29,17.1081231937802
Phaner pallescens,202,29,3.3134309653126
Phaner pallescens,180,28,16.3121433096236
Phaner pallescens,227,30,89.7882265229853
Phaner pallescens,308,30,455.304276357035
Philepitta castanea,4370,11,29.4123165165292
Philepitta castanea,4394,11,27.2715936270507
Philepitta castanea,4395,11,29.3885406549345
Philepitta castanea,4396,11,20.6592519148769
Philepitta castanea,4532,22,52.0931107730117
Philepitta castanea,4525,18,31.1097970257607
Philepitta castanea,4526,18,29.6010280215059
Philepitta castanea,40,23,26.6587824925889
Philepitta castanea,4555,23,16.2380797407103
Philepitta castanea,517,25,0.273849359069586
Philepitta castanea,518,25,0.182563724761963
Philepitta castanea,4577,25,61.0887142109144
Philepitta castanea,43,1,104.429400195688
Philepitta castanea,48,1,20.6591479170306
Philepitta castanea,4554,1,19.1031559591866
Philepitta castanea,4588,1,19.2835761868453
Philepitta castanea,98,26,1.74986507844758
Philepitta castanea,99,26,49.838144357936
Philepitta castanea,110,26,1.19697195979726
Philepitta castanea,218,26,2.11438066261589
Philepitta castanea,219,26,0.643524707942724
Philepitta castanea,236,26,0.459616383672059
Philepitta castanea,238,26,0.183841973942041
Philepitta castanea,239,26,0.183840828700006
Philepitta castanea,242,26,0.643432019172192
Philepitta castanea,243,26,0.275752651619673
Philepitta castanea,248,26,0.367655302864194
Philepitta castanea,262,26,0.643082380221069
Philepitta castanea,263,26,0.459349671094894
Philepitta castanea,264,26,1.8373651948179
Philepitta castanea,268,26,0.367459639964223
Philepitta castanea,271,26,0.183724619395971
Philepitta castanea,272,26,0.275586929093957
Philepitta castanea,274,26,1.46972063059181
Philepitta castanea,275,26,0.275577679304183
Philepitta castanea,292,26,0.367363554798603
Philepitta castanea,320,26,113.836939525746
Philepitta castanea,330,26,0.275443051051259
Philepitta castanea,589,26,266.73838817703
Philepitta castanea,4563,26,17.7585592271745
Philepitta castanea,4564,26,59.3584008869
Philepitta castanea,4581,26,180.351922799822
Philepitta castanea,4587,26,6.67439570552647
Philepitta castanea,4589,26,35.3553316235078
Philepitta castanea,4590,26,0.18370726844728
Philepitta castanea,4591,26,0.183688734582305
Philepitta castanea,4600,26,229.563098744103
Philepitta castanea,4601,26,3.22509111988759
Philepitta castanea,4602,26,1.19747486800289
Philepitta castanea,4603,26,6.63162645037937
Philepitta castanea,4604,26,41.3466555927123
Philepitta castanea,4605,26,18.9694426773024
Philepitta castanea,4606,26,29.0935194916896
Philepitta castanea,4607,26,165.589230952063
Philepitta castanea,4608,26,167.386348684994
Philepitta castanea,4609,26,0.184096948427022
Philepitta castanea,4610,26,107.525429881922
Philepitta castanea,4611,26,191.049731459298
Philepitta castanea,4613,26,0.919496630983412
Philepitta castanea,4614,26,6.25186649493641
Philepitta castanea,4615,26,1.37902412587363
Philepitta castanea,4624,26,35.4042812702756
Philepitta castanea,4625,26,31.2682529843574
Philepitta castanea,4626,26,59.930225967488
Philepitta castanea,4627,26,30.0885079199013
Philepitta castanea,4628,26,156.395880634442
Philepitta castanea,4629,26,71.523950457575
Philepitta castanea,4630,26,21.6030064475268
Philepitta castanea,4631,26,47.86339402205
Philepitta castanea,383,27,59.9439907454025
Philepitta castanea,4599,27,26.7192827727436
Philepitta castanea,756,10,0.812480411258936
Philepitta castanea,4419,10,16.6994855698657
Philepitta castanea,4420,10,1.17365293457222
Philepitta castanea,4422,10,0.180557963597178
Philepitta castanea,4449,10,51.6424033209818
Philepitta castanea,4493,10,59.0116196877182
Philepitta castanea,3509,15,0.62064821295929
Philepitta castanea,3510,15,0.265972006814122
Philepitta castanea,3511,15,0.709200345668078
Philepitta castanea,3512,15,0.177290677110672
Philepitta castanea,4451,15,88.5629699935415
Philepitta castanea,4452,15,0.177275942426443
Philepitta castanea,4453,15,0.177274304782152
Philepitta castanea,4519,15,9.04229392746901
Philepitta castanea,4552,15,31.2831288292474
Philepitta castanea,4616,15,1.41985175199318
Philepitta castanea,4617,15,30.9497681570663
Philepitta castanea,4618,15,0.531935836720109
Philepitta castanea,4619,15,3.01150757306588
Philepitta schlegeli,114,5,53.6385749434331
Philepitta schlegeli,748,21,0.452763459861875
Philepitta schlegeli,784,21,38.0240908844043
Philepitta schlegeli,792,21,3.07696966736638
Philepitta schlegeli,795,21,0.723997986286044
Philepitta schlegeli,807,21,0.361958205401897
Philepitta schlegeli,1214,19,33.5285920051366
Philepitta schlegeli,169,6,2.83342021114933
Philepitta schlegeli,172,6,8.31781849541915
Philepitta schlegeli,175,6,1.00536820483017
Philepitta schlegeli,257,25,14.8774610751529
Philepitta schlegeli,263,25,161.7134713586
Philepitta schlegeli,265,25,0.364942030489683
Philepitta schlegeli,267,25,0.456175956650972
Philepitta schlegeli,1649,25,2.73946711541033
Philepitta schlegeli,1650,25,9.49246813121474
Philepitta schlegeli,1654,25,9.76347256987822
Philepitta schlegeli,1655,25,1.36878947938347
Philepitta schlegeli,1657,25,1.1862571950016
Philepitta schlegeli,1659,25,0.273757391198039
Philepitta schlegeli,1663,25,0.273738447341442
Philepitta schlegeli,1664,25,0.364971116543174
Philepitta schlegeli,1667,25,0.364952150581956
Philepitta schlegeli,1674,25,1.55205922298586
Philepitta schlegeli,1077,11,22.5527145225101
Philepitta schlegeli,1671,11,0.360806249891043
Philepitta schlegeli,1485,24,21.5096479841157
Philepitta schlegeli,1516,24,55.5362709867372
Philepitta schlegeli,1523,24,13.8841261984153
Philepitta schlegeli,1547,24,0.447673652347684
Philepitta schlegeli,1584,24,88.5345907866488
Philepitta schlegeli,1589,24,304.179363536416
Philepitta schlegeli,1596,24,7.59324483305084
Philepitta schlegeli,1646,24,68.536408814274
Philepitta schlegeli,1648,24,10.842628340421
Ploceus nelicourvi,8878,33,27.2715936270507
Ploceus nelicourvi,8879,33,29.4123165165292
Ploceus nelicourvi,8880,33,29.3885406549345
Ploceus nelicourvi,8881,33,20.6592519148769
Ploceus nelicourvi,9024,46,52.0931107730117
Ploceus nelicourvi,9017,43,31.1097970257607
Ploceus nelicourvi,9018,43,29.6010280215059
Ploceus nelicourvi,9057,48,26.6587824925889
Ploceus nelicourvi,9059,48,16.2380797407103
Ploceus nelicourvi,9086,51,90.3937869662622
Ploceus nelicourvi,3,1,56.8711675529887
Ploceus nelicourvi,8821,1,47.8547419104009
Ploceus nelicourvi,9055,3,19.1031559591866
Ploceus nelicourvi,9058,3,199.436775176127
Ploceus nelicourvi,2013,24,0.812480411258936
Ploceus nelicourvi,8915,24,16.6994855698657
Ploceus nelicourvi,8943,24,51.6424033209818
Ploceus nelicourvi,8985,24,59.0116196877182
Ploceus nelicourvi,9122,24,1.17365293457222
Ploceus nelicourvi,6588,37,0.620648212959528
Ploceus nelicourvi,6594,37,0.265972006814122
Ploceus nelicourvi,6610,37,0.709200345668078
Ploceus nelicourvi,8945,37,88.5629699935415
Ploceus nelicourvi,9011,37,9.04229392746901
Ploceus nelicourvi,9054,37,31.2831288292474
Ploceus nelicourvi,9155,37,1.41985175199318
Ploceus nelicourvi,9156,37,30.9497681570663
Ploceus nelicourvi,9157,37,0.531935836720109
Ploceus nelicourvi,9158,37,3.01150757306588
Ploceus nelicourvi,233,47,1.74986507844758
Ploceus nelicourvi,234,47,49.838144357936
Ploceus nelicourvi,318,47,0.4598808172791
Ploceus nelicourvi,1257,47,266.73838817703
Ploceus nelicourvi,9071,47,28.7773817194842
Ploceus nelicourvi,9072,47,59.3584008869
Ploceus nelicourvi,9091,47,180.351922799822
Ploceus nelicourvi,9110,47,19.4390238963762
Ploceus nelicourvi,9130,47,22.858108584332
Ploceus nelicourvi,9138,47,1.38241570732784
Ploceus nelicourvi,9139,47,229.563098744103
Ploceus nelicourvi,9140,47,3.22509111988759
Ploceus nelicourvi,9141,47,1.19747486800289
Ploceus nelicourvi,9142,47,6.63162645037937
Ploceus nelicourvi,9143,47,41.3466555927123
Ploceus nelicourvi,9144,47,18.9694426773024
Ploceus nelicourvi,9145,47,29.0935194916896
Ploceus nelicourvi,9146,47,167.386348684994
Ploceus nelicourvi,9147,47,143.862175435587
Ploceus nelicourvi,9149,47,129.050501831876
Ploceus nelicourvi,9150,47,191.049731459298
Ploceus nelicourvi,9152,47,0.919496630983412
Ploceus nelicourvi,9153,47,6.25186649493641
Ploceus nelicourvi,9154,47,1.37902412587363
Ploceus nelicourvi,9163,47,35.4042812702756
Ploceus nelicourvi,9164,47,31.2682529843574
Ploceus nelicourvi,9167,47,59.930225967488
Ploceus nelicourvi,9168,47,30.0885079199013
Ploceus nelicourvi,9169,47,156.395880634442
Ploceus nelicourvi,9170,47,58.8448757092075
Ploceus nelicourvi,9171,47,129.022534146316
Ploceus nelicourvi,9174,47,21.6030064475268
Ploceus nelicourvi,9175,47,47.86339402205
Ploceus nelicourvi,9177,47,1.18887316902965
Ploceus nelicourvi,9178,47,0.365803726961494
Ploceus nelicourvi,9180,47,22.4907523126593
Ploceus nelicourvi,9182,47,0.91402228653884
Ploceus nelicourvi,426,52,93.4417769288097
Ploceus nelicourvi,9132,52,0.642865918691873
Ploceus nelicourvi,9090,53,104.451769868596
Ploceus nelicourvi,9107,53,18.6159244086656
Ploceus nelicourvi,9111,53,20.4450502154253
Ploceus nelicourvi,9165,53,26.7192827727436
Ploceus nelicourvi,9126,54,72.6841925792621
Ploceus nelicourvi,9127,54,9.25207177810681
Ploceus sakalava,13971,86,31.0182859874093
Ploceus sakalava,12533,30,25.2530937962923
Ploceus sakalava,656,104,0.370271373195231
Ploceus sakalava,659,104,0.462834125284791
Ploceus sakalava,664,104,43.0377824654073
Ploceus sakalava,665,104,0.18513059458977
Ploceus sakalava,700,104,1.48074673073471
Ploceus sakalava,707,104,1.66577102635694
Ploceus sakalava,715,104,0.277623898765862
Ploceus sakalava,722,104,0.277610584835947
Ploceus sakalava,268,116,0.463597745714188
Ploceus sakalava,368,116,43.2038186617044
Ploceus sakalava,560,117,43.4528749465152
Ploceus sakalava,6943,35,38.2051651932399
Ploceus sakalava,6959,35,3.07696966736627
Ploceus sakalava,6962,35,0.723997986286044
Ploceus sakalava,6990,35,0.361958205401897
Ploceus sakalava,14954,35,0.452763459861636
Ploceus sakalava,13136,101,9.85520655908297
Ploceus sakalava,14555,101,16.8407713442635
Ploceus sakalava,13252,124,0.261418984541655
Ploceus sakalava,13261,124,0.522798031426311
Ploceus sakalava,13271,124,6.62081308984315
Ploceus sakalava,13338,124,0.174136841906786
Ploceus sakalava,13346,124,0.261180647714615
Ploceus sakalava,14316,126,13.1672804516135
Ploceus sakalava,7950,118,0.449603298739433
Ploceus sakalava,7951,118,0.359686745625973
Ploceus sakalava,7996,118,36.331879859746
Ploceus sakalava,14962,118,0.449634089967847
Ploceus sakalava,14985,118,6.47518067736232
Ploceus sakalava,14881,115,64.9869920614074
Ploceus sakalava,14381,119,45.6640702512723
Ploceus sakalava,12654,103,0.175072785095453
Ploceus sakalava,14526,103,46.5723968884147
Ploceus sakalava,14801,103,73.5944098629717
Ploceus sakalava,14933,103,36.3826787541578
Ploceus sakalava,2864,113,5.85033975470436
Ploceus sakalava,2872,113,16.0871950112846
Ploceus sakalava,2908,113,1.0054375043211
Ploceus sakalava,2915,113,0.182805694629431
Ploceus sakalava,2919,113,0.274201118186474
Ploceus sakalava,2931,113,2.37624750380063
Ploceus sakalava,2935,113,0.274192454328179
Ploceus sakalava,2953,113,0.182784649551272
Ploceus sakalava,2973,113,0.182778454094648
Ploceus sakalava,2983,113,7.67678403816092
Ploceus sakalava,2987,113,1.55373825480127
Ploceus sakalava,2996,113,6.21363010125625
Ploceus sakalava,3023,113,2.46709225874806
Ploceus sakalava,208,47,0.185499234954476
Ploceus sakalava,212,47,0.278243954662919
Ploceus sakalava,216,47,26.0608411523744
Ploceus sakalava,253,47,1.39092521476799
Ploceus sakalava,283,47,4.63579200248468
Ploceus sakalava,15038,47,0.370900267166376
Ploceus sakalava,15039,47,0.463541480594814
Ploceus sakalava,3247,79,18.2767366788028
Ploceus sakalava,14847,79,0.456764738324761
Ploceus sakalava,15040,79,13.2478972172724
Ploceus sakalava,15042,79,12.4246882102063
Ploceus sakalava,7590,96,42.3165565630524
Ploceus sakalava,15063,96,0.360806249891043
Ploceus sakalava,14314,105,245.072463241854
Ploceus sakalava,14793,105,13.3829553466861
Ploceus sakalava,14794,105,3.87195306908155
Ploceus sakalava,14795,105,6.06907414019537
Ploceus sakalava,14945,105,9.25706128804803
Ploceus sakalava,14948,105,4.31856011909986
Ploceus sakalava,15003,105,15.0236706233649
Ploceus sakalava,15069,105,0.353583403214455
Ploceus sakalava,15070,105,0.176773350173593
Ploceus sakalava,15071,105,0.265129139435411
Ploceus sakalava,15075,105,128.593216990634
Ploceus sakalava,15077,105,0.4416432086097
Ploceus sakalava,15078,105,0.176550483103275
Ploceus sakalava,13468,114,0.347746593876839
Ploceus sakalava,13793,114,76.7416103015004
Ploceus sakalava,14601,114,20.5755786330535
Ploceus sakalava,14634,114,0.347687768672109
Ploceus sakalava,14856,114,9.30872783193505
Ploceus sakalava,14926,114,25.3907382257994
Ploceus sakalava,15067,114,2.60537814308274
Ploceus sakalava,8757,121,57.9536162531174
Ploceus sakalava,8820,121,3.3134309653126
Ploceus sakalava,9153,121,89.7882265229853
Ploceus sakalava,9413,121,455.304276357035
Ploceus sakalava,14646,121,21.5096479841157
Ploceus sakalava,14738,121,3.75955498127008
Ploceus sakalava,14984,121,17.1081231937802
Ploceus sakalava,15026,121,27.5139015001006
Ploceus sakalava,14720,127,29.0032743569901
Ploceus sakalava,15079,127,1.32280871870244
Ploceus sakalava,3409,128,14.9687278325598
Ploceus sakalava,3576,128,162.261076924132
Ploceus sakalava,3577,128,0.364942030489326
Ploceus sakalava,3586,128,0.456175956650972
Ploceus sakalava,15035,128,2.73946711541033
Ploceus sakalava,15036,128,9.58373740822244
Ploceus sakalava,15047,128,9.76347256987822
Ploceus sakalava,15048,128,1.36878947938347
Ploceus sakalava,15050,128,1.7337707149651
Ploceus sakalava,15055,128,0.273738447341442
Ploceus sakalava,15056,128,0.364971116543174
Ploceus sakalava,15059,128,0.364952150581956
Ploceus sakalava,15080,128,1.55205922298586
Ploceus sakalava,14725,129,20.6310542039179
Ploceus sakalava,14943,129,7.8043101934992
Polyboroides radiatus,71,1,19.9337849990107
Polyboroides radiatus,144,1,116.961786446988
Polyboroides radiatus,347,1,156.395880634442
Polyboroides radiatus,2829,1,32.5536096187775
Polyboroides radiatus,2833,1,50.551453219145
Polyboroides radiatus,3555,1,86.9343049463478
Polyboroides radiatus,3824,1,26.6587824925889
Polyboroides radiatus,3825,1,199.713422927767
Polyboroides radiatus,3826,1,16.2380797407103
Polyboroides radiatus,3829,1,199.536378910735
Polyboroides radiatus,3833,1,142.937192083356
Polyboroides radiatus,3840,1,28.7773817194842
Polyboroides radiatus,3841,1,59.3584008869
Polyboroides radiatus,3855,1,90.3937869662622
Polyboroides radiatus,3872,1,206.301497190908
Polyboroides radiatus,3873,1,104.451769868596
Polyboroides radiatus,3890,1,18.7076370258816
Polyboroides radiatus,3893,1,19.4390238963762
Polyboroides radiatus,3894,1,20.4450502154253
Polyboroides radiatus,3918,1,72.6841925792621
Polyboroides radiatus,3919,1,9.25207177810681
Polyboroides radiatus,3924,1,22.858108584332
Polyboroides radiatus,3926,1,9.73881683759956
Polyboroides radiatus,3929,1,35.3553316235078
Polyboroides radiatus,3939,1,59.930225967488
Polyboroides radiatus,3940,1,30.0885079199013
Polyboroides radiatus,3941,1,58.9365145738444
Polyboroides radiatus,3942,1,150.390127435561
Polyboroides radiatus,3943,1,129.022534146316
Polyboroides radiatus,3946,1,21.6030064475268
Polyboroides radiatus,3947,1,47.86339402205
Polyboroides radiatus,3959,1,49.838144357936
Polyboroides radiatus,3967,1,41.3466555927123
Polyboroides radiatus,3971,1,165.589230952063
Polyboroides radiatus,3972,1,157.909749696817
Polyboroides radiatus,3974,1,25.933799088479
Polyboroides radiatus,3981,1,35.4042812702756
Polyboroides radiatus,3982,1,31.2682529843574
Polyboroides radiatus,3983,1,60.1106834541456
Polyboroides radiatus,3984,1,26.7192827727436
Polyboroides radiatus,3990,1,22.4907523126593
Polyboroides radiatus,498,2,36.331879859746
Polyboroides radiatus,549,2,52.2268727901955
Polyboroides radiatus,610,2,455.304276357035
Polyboroides radiatus,1496,2,58.0431777097617
Polyboroides radiatus,3149,2,21.5096479841157
Polyboroides radiatus,3150,2,90.1463766941008
Polyboroides radiatus,3723,2,17.1081231937802
Polyboroides radiatus,3747,2,58.113791807033
Polyboroides radiatus,3803,2,27.5139015001006
Polyboroides radiatus,851,4,118.687984122343
Polyboroides radiatus,905,4,118.305284790413
Polyboroides radiatus,2378,4,46.5723968884147
Polyboroides radiatus,2397,4,11.0948326900711
Polyboroides radiatus,3002,4,255.092089327143
Polyboroides radiatus,3074,4,45.1360753508905
Polyboroides radiatus,3258,4,20.4554532926385
Polyboroides radiatus,3348,4,112.468627701651
Polyboroides radiatus,3400,4,9.30872783193505
Polyboroides radiatus,3597,4,36.3826787541578
Pseudobias wardi,4316,25,29.4123165165292
Pseudobias wardi,4335,25,27.2715936270507
Pseudobias wardi,4336,25,29.3885406549345
Pseudobias wardi,4337,25,20.6592519148769
Pseudobias wardi,4478,46,52.0931107730117
Pseudobias wardi,4471,41,31.1097970257607
Pseudobias wardi,4472,41,29.6010280215059
Pseudobias wardi,25,3,16.2380797407103
Pseudobias wardi,18,1,19.2835761868453
Pseudobias wardi,28,1,90.5911314396111
Pseudobias wardi,4501,1,19.1031559591866
Pseudobias wardi,4502,1,20.6591479170306
Pseudobias wardi,451,47,61.0887142109144
Pseudobias wardi,453,47,0.273849359069586
Pseudobias wardi,431,6,59.3584008869
Pseudobias wardi,4527,6,6.67439570552647
Pseudobias wardi,4559,6,16.7397833633029
Pseudobias wardi,4560,6,31.2682529843574
Pseudobias wardi,57,24,49.838144357936
Pseudobias wardi,58,24,1.74986507844645
Pseudobias wardi,108,24,0.4598808172791
Pseudobias wardi,123,24,0.36781642743516
Pseudobias wardi,141,24,0.643524707942724
Pseudobias wardi,155,24,0.459616383672059
Pseudobias wardi,162,24,0.643432019172192
Pseudobias wardi,163,24,0.275752651619673
Pseudobias wardi,170,24,0.367655302864194
Pseudobias wardi,173,24,1.56243208603442
Pseudobias wardi,174,24,0.275729722221732
Pseudobias wardi,175,24,0.275717098941624
Pseudobias wardi,177,24,0.275709061498523
Pseudobias wardi,178,24,0.459508593737543
Pseudobias wardi,179,24,0.45949710468936
Pseudobias wardi,180,24,1.1946710927344
Pseudobias wardi,184,24,50.551453219145
Pseudobias wardi,185,24,3.21620605602419
Pseudobias wardi,186,24,0.551364106284499
Pseudobias wardi,190,24,1.10266377710551
Pseudobias wardi,191,24,0.367564567481756
Pseudobias wardi,195,24,0.551319225258708
Pseudobias wardi,198,24,1.10259928914046
Pseudobias wardi,200,24,2.02137478975803
Pseudobias wardi,201,24,0.826945434479237
Pseudobias wardi,202,24,0.643170052255213
Pseudobias wardi,203,24,1.65382056523675
Pseudobias wardi,210,24,0.826825480995119
Pseudobias wardi,211,24,0.459349671094894
Pseudobias wardi,218,24,0.367459639964223
Pseudobias wardi,223,24,0.275586929093957
Pseudobias wardi,225,24,1.46972063059181
Pseudobias wardi,226,24,0.275577679304183
Pseudobias wardi,243,24,0.367363554798603
Pseudobias wardi,252,24,116.961786446988
Pseudobias wardi,364,24,71.523950457575
Pseudobias wardi,365,24,266.73838817703
Pseudobias wardi,370,24,20.2301521301134
Pseudobias wardi,4504,24,1.38241570732784
Pseudobias wardi,4507,24,59.930225967488
Pseudobias wardi,4520,24,19.4390238963762
Pseudobias wardi,4524,24,76.8042931124407
Pseudobias wardi,4526,24,180.351922799822
Pseudobias wardi,4528,24,1.10266607838708
Pseudobias wardi,4529,24,9.73881683759956
Pseudobias wardi,4530,24,1.01060090259051
Pseudobias wardi,4531,24,0.275615805294395
Pseudobias wardi,4532,24,17.9096538339415
Pseudobias wardi,4540,24,4.22365491920155
Pseudobias wardi,4543,24,229.563098744103
Pseudobias wardi,4544,24,3.22509111988759
Pseudobias wardi,4545,24,1.19747486800289
Pseudobias wardi,4546,24,6.63162645037937
Pseudobias wardi,4547,24,41.3466555927123
Pseudobias wardi,4548,24,18.9694426773024
Pseudobias wardi,4549,24,29.0935194916896
Pseudobias wardi,4550,24,167.386348684994
Pseudobias wardi,4551,24,143.862175435587
Pseudobias wardi,4553,24,129.050501831876
Pseudobias wardi,4554,24,191.049731459298
Pseudobias wardi,4556,24,0.919496630983412
Pseudobias wardi,4557,24,6.25186649493641
Pseudobias wardi,4558,24,1.37902412587363
Pseudobias wardi,4570,24,30.0885079199013
Pseudobias wardi,4571,24,52.2743569897208
Pseudobias wardi,4506,52,59.9439907454025
Pseudobias wardi,4569,52,26.7192827727436
Pseudobias wardi,3222,35,0.620648212959528
Pseudobias wardi,3225,35,0.265972006814122
Pseudobias wardi,3231,35,0.709200345668078
Pseudobias wardi,4398,35,88.5629699935415
Pseudobias wardi,4465,35,9.04229392746901
Pseudobias wardi,4500,35,31.2831288292474
Pseudobias wardi,4561,35,1.41985175199318
Pseudobias wardi,4562,35,30.9497681570663
Pseudobias wardi,4563,35,0.531935836720109
Pseudobias wardi,4564,35,3.01150757306588
Pseudobias wardi,4396,45,51.6424033209818
Pseudobias wardi,4439,45,59.0116196877182
Pseudobias wardi,4489,49,72.6841925792621
Pseudobias wardi,4517,51,18.6159244086656
Pseudobias wardi,4521,51,20.4450502154253
Pterocles personatus,266,5,15.0236706233649
Pterocles personatus,271,5,13.1672804516135
Pterocles personatus,278,5,246.574362582078
Pterocles personatus,279,5,29.0032743569901
Pterocles personatus,282,5,9.52154744787466
Pterocles personatus,287,5,4.31856011909986
Pterocles personatus,293,5,13.0307413413469
Pterocles personatus,294,5,3.87195306908143
Pterocles personatus,466,5,6.06907414019537
Pterocles personatus,514,5,127.095058244095
Pterocles personatus,316,6,441.185095143006
Pterocles personatus,320,6,12.0483039035159
Pterocles personatus,506,6,18.0621390472158
Rallus madagascariensis,17,2,176.748719294267
Rallus madagascariensis,19,2,4.33443217345184
Rallus madagascariensis,26,2,40.2587459644549
Rallus madagascariensis,28,2,1.65764340949857
Rallus madagascariensis,29,2,143.862175435587
Rallus madagascariensis,31,2,24.3872932737169
Rallus madagascariensis,32,2,205.339637470163
Rallus madagascariensis,33,2,13.9784614762996
Rallus madagascariensis,34,2,6.25186649493766
Rallus madagascariensis,510,2,41.3466555927123
Rallus madagascariensis,516,2,3.22509111988759
Rallus madagascariensis,518,2,18.9694426773024
Rallus madagascariensis,519,2,29.0935194916896
Rallus madagascariensis,520,2,112.538357866383
Rallus madagascariensis,523,2,30.1778725338509
Rallus madagascariensis,524,2,62.2582651923038
Rallus madagascariensis,397,8,88.9178223342941
Rallus madagascariensis,490,8,9.04229392746901
Rallus madagascariensis,509,8,31.2831288292474
Rallus madagascariensis,527,8,30.9497681570663
Rallus madagascariensis,529,8,3.01150757306588
Rallus madagascariensis,137,9,59.0116196877182
Rallus madagascariensis,457,9,16.6994855698657
Rallus madagascariensis,469,9,51.6424033209818
Randia pseudozosterops,9802,43,29.3885406549345
Randia pseudozosterops,9829,43,20.6592519148769
Randia pseudozosterops,9934,56,31.1097970257607
Randia pseudozosterops,9935,56,29.6010280215059
Randia pseudozosterops,42,3,19.9337849990107
Randia pseudozosterops,103,3,179.054275010736
Randia pseudozosterops,9990,66,90.3937869662622
Randia pseudozosterops,565,5,65.6080139540044
Randia pseudozosterops,264,21,49.838144357936
Randia pseudozosterops,427,21,0.4598808172791
Randia pseudozosterops,1607,21,266.73838817703
Randia pseudozosterops,9975,21,28.7773817194842
Randia pseudozosterops,9976,21,59.3584008869
Randia pseudozosterops,9994,21,180.351922799822
Randia pseudozosterops,10013,21,19.4390238963762
Randia pseudozosterops,10025,21,22.858108584332
Randia pseudozosterops,10026,21,1.74986507844645
Randia pseudozosterops,10027,21,1.19697195979625
Randia pseudozosterops,10028,21,199.536378910735
Randia pseudozosterops,10029,21,3.22509111988759
Randia pseudozosterops,10030,21,1.19747486800289
Randia pseudozosterops,10031,21,6.63162645037937
Randia pseudozosterops,10032,21,41.3466555927123
Randia pseudozosterops,10033,21,18.9694426773024
Randia pseudozosterops,10034,21,29.0935194916896
Randia pseudozosterops,10035,21,165.589230952063
Randia pseudozosterops,10036,21,167.386348684994
Randia pseudozosterops,10037,21,0.184096948427022
Randia pseudozosterops,10038,21,77.8274317484893
Randia pseudozosterops,10039,21,191.049731459298
Randia pseudozosterops,10040,21,13.9784614762996
Randia pseudozosterops,10042,21,0.919496630983412
Randia pseudozosterops,10043,21,6.25186649493641
Randia pseudozosterops,10052,21,35.4042812702756
Randia pseudozosterops,10053,21,31.2682529843574
Randia pseudozosterops,10056,21,59.930225967488
Randia pseudozosterops,10057,21,30.0885079199013
Randia pseudozosterops,10058,21,156.395880634442
Randia pseudozosterops,10059,21,58.8448757092075
Randia pseudozosterops,10060,21,129.022534146316
Randia pseudozosterops,10061,21,0.1831612099756
Randia pseudozosterops,10063,21,21.6030064475268
Randia pseudozosterops,10064,21,47.86339402205
Randia pseudozosterops,10066,21,1.18887316902965
Randia pseudozosterops,10067,21,0.365803726961494
Randia pseudozosterops,10069,21,22.4907523126593
Randia pseudozosterops,10071,21,0.91402228653884
Randia pseudozosterops,9993,68,104.451769868596
Randia pseudozosterops,10054,68,26.7192827727436
Randia pseudozosterops,9879,50,51.6424033209818
Randia pseudozosterops,9916,50,59.0116196877182
Randia pseudozosterops,9892,62,88.5629699935415
Randia pseudozosterops,9964,62,31.2831288292474
Randia pseudozosterops,10044,62,1.41985175199318
Randia pseudozosterops,10045,62,30.9497681570663
Randia pseudozosterops,10046,62,0.531935836720109
Randia pseudozosterops,10047,62,3.01150757306588
Randia pseudozosterops,9941,64,72.6841925792621
Randia pseudozosterops,10010,67,18.6159244086656
Randia pseudozosterops,10014,67,20.4450502154253
Riparia cowani,12,1,86.9343049463478
Riparia cowani,36,1,0.368126523456812
Riparia cowani,2478,1,0.64434884884876
Riparia cowani,2481,1,2.02445275485683
Riparia cowani,520,4,64.2603863022665
Riparia cowani,2455,4,12.948556039879
Sarothrura insularis,4937,25,27.2715936270507
Sarothrura insularis,4938,25,29.4123165165292
Sarothrura insularis,4939,25,29.3885406549345
Sarothrura insularis,4940,25,20.6592519148769
Sarothrura insularis,5092,34,52.0931107730117
Sarothrura insularis,5084,27,31.1097970257607
Sarothrura insularis,5085,27,29.6010280215059
Sarothrura insularis,5124,36,26.6587824925889
Sarothrura insularis,5126,36,16.2380797407103
Sarothrura insularis,5153,39,90.3937869662622
Sarothrura insularis,1,1,61.483940488416
Sarothrura insularis,4865,1,56.8711675529887
Sarothrura insularis,8,2,19.9337849990107
Sarothrura insularis,5125,2,199.436775176127
Sarothrura insularis,1300,19,0.812480411258936
Sarothrura insularis,4983,19,16.6994855698657
Sarothrura insularis,5015,19,51.6424033209818
Sarothrura insularis,5057,19,59.0116196877182
Sarothrura insularis,5190,19,1.17365293457222
Sarothrura insularis,5017,32,88.9178223342941
Sarothrura insularis,5083,32,9.04229392746901
Sarothrura insularis,5122,32,31.2831288292474
Sarothrura insularis,5239,32,1.41985175199318
Sarothrura insularis,5240,32,30.9497681570663
Sarothrura insularis,5242,32,3.01150757306588
Sarothrura insularis,99,35,1.74986507844758
Sarothrura insularis,247,35,1.56243208603442
Sarothrura insularis,256,35,1.1946710927344
Sarothrura insularis,260,35,3.21620605602294
Sarothrura insularis,261,35,1.10266377710527
Sarothrura insularis,266,35,1.10259928914046
Sarothrura insularis,267,35,2.02137478975803
Sarothrura insularis,268,35,0.826945434479237
Sarothrura insularis,270,35,1.65382056523675
Sarothrura insularis,281,35,0.826825480995119
Sarothrura insularis,290,35,1.46972063059181
Sarothrura insularis,331,35,116.961786446988
Sarothrura insularis,824,35,266.73838817703
Sarothrura insularis,4825,35,50.551453219145
Sarothrura insularis,5138,35,28.7773817194842
Sarothrura insularis,5139,35,59.3584008869
Sarothrura insularis,5159,35,180.351922799822
Sarothrura insularis,5178,35,19.4390238963762
Sarothrura insularis,5199,35,22.858108584332
Sarothrura insularis,5201,35,1.10266607838708
Sarothrura insularis,5202,35,9.73881683759956
Sarothrura insularis,5203,35,1.01060090259051
Sarothrura insularis,5205,35,35.3553316235078
Sarothrura insularis,5215,35,1.38241570732784
Sarothrura insularis,5216,35,229.563098744103
Sarothrura insularis,5217,35,3.22509111988759
Sarothrura insularis,5218,35,49.838144357936
Sarothrura insularis,5219,35,1.19747486800289
Sarothrura insularis,5220,35,6.63162645037937
Sarothrura insularis,5225,35,41.3466555927123
Sarothrura insularis,5226,35,18.9694426773024
Sarothrura insularis,5227,35,29.0935194916896
Sarothrura insularis,5228,35,1.19697195979625
Sarothrura insularis,5229,35,165.589230952063
Sarothrura insularis,5230,35,167.386348684994
Sarothrura insularis,5232,35,2.02445275485683
Sarothrura insularis,5233,35,142.937192083356
Sarothrura insularis,5234,35,191.141696945506
Sarothrura insularis,5236,35,0.919496630983412
Sarothrura insularis,5237,35,6.25186649493641
Sarothrura insularis,5238,35,1.37902412587363
Sarothrura insularis,5247,35,35.4042812702756
Sarothrura insularis,5248,35,31.2682529843574
Sarothrura insularis,5251,35,59.930225967488
Sarothrura insularis,5252,35,30.0885079199013
Sarothrura insularis,5253,35,156.395880634442
Sarothrura insularis,5254,35,58.9365145738444
Sarothrura insularis,5255,35,129.022534146316
Sarothrura insularis,5258,35,21.6030064475268
Sarothrura insularis,5259,35,47.86339402205
Sarothrura insularis,5261,35,1.18887316902965
Sarothrura insularis,5264,35,22.4907523126593
Sarothrura insularis,5266,35,0.91402228653884
Sarothrura insularis,5158,40,104.451769868596
Sarothrura insularis,5175,40,18.7076370258816
Sarothrura insularis,5179,40,20.4450502154253
Sarothrura insularis,5249,40,26.7192827727436
Sarothrura insularis,5195,41,72.6841925792621
Sarothrura insularis,5196,41,9.25207177810681
Schetba rufa,8,1,0.55664420881176
Schetba rufa,9,1,0.371099061261296
Schetba rufa,10,1,0.556625695955515
Schetba rufa,11,1,9.3690831852839
Schetba rufa,13,1,0.463806772104681
Schetba rufa,16,1,0.27827526928854
Schetba rufa,5562,18,30.4260267755292
Schetba rufa,69,42,21.0334598369182
Schetba rufa,700,3,64.9869920614074
Schetba rufa,6285,20,0.777178853789091
Schetba rufa,6319,20,0.604549703200817
Schetba rufa,6361,20,29.4123165165292
Schetba rufa,6362,20,29.3885406549345
Schetba rufa,6363,20,20.6592519148769
Schetba rufa,6364,20,19.9515621485635
Schetba rufa,1761,13,52.0931107730117
Schetba rufa,2236,36,33.5285920051366
Schetba rufa,1712,44,29.8625855308015
Schetba rufa,976,57,90.3937869662622
Schetba rufa,995,5,9.49246813121474
Schetba rufa,1012,5,73.27764216062
Schetba rufa,1020,5,19.5265911838999
Schetba rufa,1024,5,0.364942030489683
Schetba rufa,1027,5,0.456175956650972
Schetba rufa,6335,5,2.73946711541033
Schetba rufa,6469,5,1.36878947938347
Schetba rufa,6475,5,0.273738447341442
Schetba rufa,6476,5,0.364971116543174
Schetba rufa,6479,5,0.364952150581956
Schetba rufa,6481,5,9.03353918603134
Schetba rufa,1743,11,49.9963219449889
Schetba rufa,214,26,19.9337849990107
Schetba rufa,245,26,19.2835761868453
Schetba rufa,253,26,77.6758625185613
Schetba rufa,254,26,20.6591479170306
Schetba rufa,259,26,7.19359772695065
Schetba rufa,269,26,0.276647751640141
Schetba rufa,608,59,6.14336602693754
Schetba rufa,6436,59,104.451769868596
Schetba rufa,6451,59,12.2862609365727
Schetba rufa,6508,59,26.7192827727436
Schetba rufa,967,60,266.73838817703
Schetba rufa,6405,60,174.206806446707
Schetba rufa,6412,60,28.7773817194842
Schetba rufa,6413,60,57.4985836887405
Schetba rufa,6437,60,59.930225967488
Schetba rufa,6450,60,19.4390238963762
Schetba rufa,6453,60,58.8448757092075
Schetba rufa,6457,60,16.1220631773574
Schetba rufa,6462,60,23.0885321332275
Schetba rufa,6463,60,135.503242283501
Schetba rufa,6464,60,13.9784614762996
Schetba rufa,6466,60,0.919496630983412
Schetba rufa,6467,60,6.25186649493641
Schetba rufa,6483,60,3.22509111988759
Schetba rufa,6484,60,49.838144357936
Schetba rufa,6485,60,1.19747486800289
Schetba rufa,6486,60,6.63162645037937
Schetba rufa,6491,60,1.74986507844645
Schetba rufa,6492,60,29.7439079649625
Schetba rufa,6493,60,18.9694426773024
Schetba rufa,6494,60,29.0935194916896
Schetba rufa,6495,60,1.19697195979625
Schetba rufa,6496,60,79.1636486016595
Schetba rufa,6497,60,127.915889707386
Schetba rufa,6499,60,27.4239797064361
Schetba rufa,6510,60,30.0885079199013
Schetba rufa,6511,60,16.8747722807893
Schetba rufa,4373,53,59.0220175232944
Schetba rufa,4407,53,0.62064821295929
Schetba rufa,4412,53,0.265972006814122
Schetba rufa,4421,53,0.709200345668078
Schetba rufa,6397,53,9.04229392746901
Schetba rufa,6482,53,1.41985175199318
Schetba rufa,2907,54,13.8841261984153
Schetba rufa,2911,54,40.3042481815683
Schetba rufa,3015,54,0.447673652347684
Schetba rufa,3137,54,88.5345907866488
Schetba rufa,3146,54,123.764666301145
Schetba rufa,3181,54,2.59390059166253
Schetba rufa,3278,54,0.98336395385921
Schetba rufa,6360,54,22.9626920597587
Schetba rufa,6400,54,47.1273944416978
Schetba rufa,648,56,38.8588269936623
Schetba rufa,6435,56,9.25207177810681
Schetba rufa,6414,58,47.86339402205
Schetba rufa,6415,58,22.858108584332
Schetba rufa,6461,58,59.3584008869
Schetba rufa,6502,58,1.18887316902965
Schetba rufa,6503,58,0.365803726961494
Schetba rufa,6505,58,22.4907523126593
Schetba rufa,6507,58,0.91402228653884
Schetba rufa,6512,58,31.2682529843574
Setifer setosus,17702,164,63.2344571036203
Setifer setosus,21420,551,15.479861985826
Setifer setosus,21454,556,44.4928427752445
Setifer setosus,169,6,0.463597745714188
Setifer setosus,212,6,43.2038186617044
Setifer setosus,341,13,0.370271373195231
Setifer setosus,342,13,0.462834125284791
Setifer setosus,345,13,43.0377824654073
Setifer setosus,356,13,1.48074673073471
Setifer setosus,357,13,1.66577102635694
Setifer setosus,360,13,0.277623898765862
Setifer setosus,361,13,0.277610584835947
Setifer setosus,4255,56,2.64969806134474
Setifer setosus,4289,56,0.274089461484194
Setifer setosus,4325,56,7.03479595916414
Setifer setosus,4326,56,4.567756926453
Setifer setosus,21669,56,0.456749789226413
Setifer setosus,294,396,43.4528749465152
Setifer setosus,21578,563,13.0307413413469
Setifer setosus,7444,99,38.2051651932399
Setifer setosus,7507,99,3.07696966736627
Setifer setosus,7515,99,0.723997986286044
Setifer setosus,7549,99,0.361958205401897
Setifer setosus,21868,99,0.452763459861636
Setifer setosus,20480,582,0.777178853789091
Setifer setosus,21741,582,0.604549703200817
Setifer setosus,21946,582,19.9515621485635
Setifer setosus,21942,583,27.2715936270507
Setifer setosus,21943,584,29.4123165165292
Setifer setosus,21944,585,29.3885406549345
Setifer setosus,21945,586,20.6592519148769
Setifer setosus,11757,588,3.3134309653126
Setifer setosus,21934,588,17.1081231937802
Setifer setosus,18306,351,46.5723968884147
Setifer setosus,9943,553,0.449603298739433
Setifer setosus,9944,553,0.359686745625973
Setifer setosus,10005,553,36.331879859746
Setifer setosus,21870,553,0.449634089967847
Setifer setosus,21964,553,6.47518067736232
Setifer setosus,10175,108,52.2268727901955
Setifer setosus,21735,625,64.9869920614074
Setifer setosus,22200,628,52.0931107730117
Setifer setosus,22158,629,31.1097970257607
Setifer setosus,22159,629,29.6010280215059
Setifer setosus,11639,340,57.9536162531174
Setifer setosus,21436,340,21.5096479841157
Setifer setosus,21505,340,3.75955498127008
Setifer setosus,22183,340,27.5139015001006
Setifer setosus,8540,514,0.812480411258936
Setifer setosus,22041,514,16.6994855698657
Setifer setosus,22119,514,59.0116196877182
Setifer setosus,22325,514,1.17365293457222
Setifer setosus,22266,636,90.3937869662622
Setifer setosus,22236,632,26.6587824925889
Setifer setosus,22238,632,16.2380797407103
Setifer setosus,97,4,0.55664420881176
Setifer setosus,101,4,0.371099061261296
Setifer setosus,104,4,0.556625695955813
Setifer setosus,117,4,0.463806772104442
Setifer setosus,124,4,0.27827526928854
Setifer setosus,136,4,0.278243954662919
Setifer setosus,159,4,111.568243325615
Setifer setosus,163,4,1.39092521476799
Setifer setosus,168,4,4.63579200248468
Setifer setosus,21693,4,56.8711675529887
Setifer setosus,22339,4,0.370900267166376
Setifer setosus,22340,4,0.463541480594814
Setifer setosus,4513,52,18.2767366788028
Setifer setosus,21661,52,0.456764738324761
Setifer setosus,22355,52,13.2478972172724
Setifer setosus,22357,52,12.4246882102063
Setifer setosus,921,392,19.9337849990107
Setifer setosus,22237,392,199.713422927767
Setifer setosus,19859,488,12.0483039035151
Setifer setosus,21421,488,440.837213623637
Setifer setosus,17698,530,128.593216990634
Setifer setosus,22404,530,0.4416432086097
Setifer setosus,21519,648,19.2725371855396
Setifer setosus,21574,648,26.8667837100745
Setifer setosus,22006,648,15.0236706233649
Setifer setosus,22399,648,16.078595119936
Setifer setosus,21523,649,26.2222091170814
Setifer setosus,12113,555,89.7882265230072
Setifer setosus,13269,555,435.982053556563
Setifer setosus,21530,560,20.6310542039179
Setifer setosus,4775,570,164.087473873105
Setifer setosus,4795,570,0.364942030489683
Setifer setosus,4799,570,0.456175956650972
Setifer setosus,22360,570,29.1122203186579
Setifer setosus,22363,570,1.36878947938347
Setifer setosus,22369,570,0.273738447341442
Setifer setosus,22370,570,0.364971116543174
Setifer setosus,22373,570,0.364952150581956
Setifer setosus,21965,587,58.113791807033
Setifer setosus,22414,587,0.360806249891043
Setifer setosus,20396,595,118.305284790413
Setifer setosus,22405,595,0.347873258495212
Setifer setosus,21329,650,45.1360753508905
Setifer setosus,22408,650,2.60537814308274
Setifer setosus,15554,610,0.62064821295929
Setifer setosus,15568,610,0.265972006814122
Setifer setosus,15586,610,0.709200345668078
Setifer setosus,22079,610,88.5629699935415
Setifer setosus,22145,610,9.04229392746901
Setifer setosus,22417,610,1.41985175199318
Setifer setosus,22418,610,30.9497681570663
Setifer setosus,22234,651,31.2831288292474
Setifer setosus,22077,623,51.6424033209818
Setifer setosus,2101,631,0.643524707942724
Setifer setosus,2151,631,0.459616383672059
Setifer setosus,2169,631,0.643432019172192
Setifer setosus,2174,631,0.275752651619673
Setifer setosus,2193,631,0.367655302864194
Setifer setosus,2206,631,1.56243208603442
Setifer setosus,2207,631,0.275729722221732
Setifer setosus,2224,631,0.275717098941624
Setifer setosus,2232,631,0.275709061498523
Setifer setosus,2236,631,0.459508593737543
Setifer setosus,2241,631,0.45949710468936
Setifer setosus,2242,631,1.1946710927344
Setifer setosus,2252,631,50.551453219145
Setifer setosus,2254,631,3.21620605602419
Setifer setosus,2255,631,0.551364106284499
Setifer setosus,2262,631,1.10266377710527
Setifer setosus,2270,631,0.367564567481756
Setifer setosus,2278,631,0.551319225258708
Setifer setosus,2288,631,1.10259928914046
Setifer setosus,2292,631,2.02137478975803
Setifer setosus,2293,631,0.826945434479237
Setifer setosus,2299,631,0.643170052255213
Setifer setosus,2308,631,1.65382056523675
Setifer setosus,2325,631,0.826825480994821
Setifer setosus,2345,631,0.459349671094894
Setifer setosus,2366,631,0.367459639964223
Setifer setosus,2381,631,0.275586929093957
Setifer setosus,2385,631,1.46972063059181
Setifer setosus,2386,631,0.275577679304183
Setifer setosus,2465,631,0.367363554798603
Setifer setosus,2545,631,116.961786446988
Setifer setosus,2576,631,0.275443051051259
Setifer setosus,22341,631,1.10266607838708
Setifer setosus,22342,631,9.73881683759956
Setifer setosus,22343,631,1.01060090259051
Setifer setosus,22344,631,0.275615805294395
Setifer setosus,22345,631,35.3553316235078
Setifer setosus,6073,652,266.73838817703
Setifer setosus,22394,652,191.049731459298
Setifer setosus,22396,652,0.919496630983412
Setifer setosus,22397,652,6.25186649493641
Setifer setosus,22251,653,28.7773817194842
Setifer setosus,22310,653,19.4390238963762
Setifer setosus,22431,653,30.0885079199013
Setifer setosus,22432,653,156.395880634442
Setifer setosus,22433,653,58.8448757092075
Setifer setosus,22291,654,180.351922799822
Setifer setosus,22376,655,229.563098744103
Setifer setosus,22377,655,3.22509111988759
Setifer setosus,22378,655,49.838144357936
Setifer setosus,22379,655,1.19747486800289
Setifer setosus,22380,655,6.63162645037937
Setifer setosus,22385,655,1.74986507844645
Setifer setosus,22387,655,18.9694426773024
Setifer setosus,22386,656,41.3466555927123
Setifer setosus,22388,657,29.0935194916896
Setifer setosus,22389,657,1.19697195979625
Setifer setosus,22390,657,165.589230952063
Setifer setosus,22391,657,167.386348684994
Setifer setosus,22393,658,142.937192083356
Setifer setosus,22398,658,1.37902412587363
Setifer setosus,22430,659,59.930225967488
Setifer setosus,22434,660,129.022534146316
Setifer setosus,22437,661,21.6030064475268
Setifer setosus,22438,661,47.86339402205
Setifer setosus,22252,635,59.3584008869
Setifer setosus,22427,635,31.2682529843574
Setifer setosus,22426,662,35.4042812702756
Setifer setosus,22290,638,104.451769868596
Setifer setosus,22428,638,26.7192827727436
Setifer setosus,22307,639,18.6159244086656
Setifer setosus,22311,640,20.4450502154253
Setifer setosus,22330,641,72.6841925792621
Setifer setosus,22334,647,22.858108584332
Setifer setosus,22440,647,1.18887316902965
Setifer setosus,22441,647,0.365803726961494
Setifer setosus,22443,647,22.4907523126593
Setifer setosus,22445,647,0.91402228653884
Tenrec ecaudatus,23062,370,15.479861985826
Tenrec ecaudatus,23095,380,44.4928427752445
Tenrec ecaudatus,20678,45,112.468627701651
Tenrec ecaudatus,201,155,0.463597745714188
Tenrec ecaudatus,248,155,43.2038186617044
Tenrec ecaudatus,389,206,0.370271373195231
Tenrec ecaudatus,390,206,0.462834125284791
Tenrec ecaudatus,393,206,43.0377824654073
Tenrec ecaudatus,418,206,1.48074673073471
Tenrec ecaudatus,421,206,1.66577102635694
Tenrec ecaudatus,337,325,43.4528749465152
Tenrec ecaudatus,23197,387,13.3829553466861
Tenrec ecaudatus,23199,387,6.06907414019537
Tenrec ecaudatus,9784,125,38.2051651932399
Tenrec ecaudatus,9818,125,3.07696966736627
Tenrec ecaudatus,9828,125,0.723997986286044
Tenrec ecaudatus,9866,125,0.361958205401897
Tenrec ecaudatus,23510,125,0.452763459861636
Tenrec ecaudatus,21943,403,0.777178853789091
Tenrec ecaudatus,23374,403,0.604549703200817
Tenrec ecaudatus,23591,403,19.9515621485635
Tenrec ecaudatus,23587,404,27.2715936270507
Tenrec ecaudatus,23588,405,29.4123165165292
Tenrec ecaudatus,23589,406,29.3885406549345
Tenrec ecaudatus,23590,407,20.6592519148769
Tenrec ecaudatus,12576,373,0.449603298739433
Tenrec ecaudatus,12577,373,0.359686745625973
Tenrec ecaudatus,12683,373,36.331879859746
Tenrec ecaudatus,23512,373,0.449634089967847
Tenrec ecaudatus,23610,373,6.47518067736232
Tenrec ecaudatus,23139,390,46.5723968884147
Tenrec ecaudatus,20213,35,76.4973862589936
Tenrec ecaudatus,23195,35,18.6823267181581
Tenrec ecaudatus,23479,35,9.25706128804803
Tenrec ecaudatus,23482,35,4.31856011909986
Tenrec ecaudatus,23368,437,64.9869920614074
Tenrec ecaudatus,23823,439,52.0931107730117
Tenrec ecaudatus,13996,345,52.2268727901955
Tenrec ecaudatus,23789,442,31.1097970257607
Tenrec ecaudatus,23790,442,29.6010280215059
Tenrec ecaudatus,4584,393,5.85033975470352
Tenrec ecaudatus,4597,393,24.6792146248873
Tenrec ecaudatus,4632,393,1.0054375043211
Tenrec ecaudatus,4636,393,2.83342021114933
Tenrec ecaudatus,4664,393,1.00536820483017
Tenrec ecaudatus,4665,393,2.37624750380063
Tenrec ecaudatus,4725,393,7.67678403816092
Tenrec ecaudatus,4748,393,8.86332816260099
Tenrec ecaudatus,22555,393,4.567756926453
Tenrec ecaudatus,23317,393,1.55373825480127
Tenrec ecaudatus,23377,393,10.0499887125863
Tenrec ecaudatus,23417,446,86.9343049463478
Tenrec ecaudatus,14410,379,57.9536162531174
Tenrec ecaudatus,23077,379,21.5096479841157
Tenrec ecaudatus,23160,379,3.75955498127008
Tenrec ecaudatus,23808,379,27.5139015001006
Tenrec ecaudatus,10950,334,0.812480411258936
Tenrec ecaudatus,23688,334,16.6994855698657
Tenrec ecaudatus,23763,334,59.0116196877182
Tenrec ecaudatus,23947,334,1.17365293457222
Tenrec ecaudatus,23895,451,90.3937869662622
Tenrec ecaudatus,23865,447,26.6587824925889
Tenrec ecaudatus,23867,447,16.2380797407103
Tenrec ecaudatus,130,122,0.55664420881176
Tenrec ecaudatus,135,122,0.371099061261296
Tenrec ecaudatus,138,122,0.556625695955813
Tenrec ecaudatus,148,122,0.463806772104442
Tenrec ecaudatus,187,122,111.568243325615
Tenrec ecaudatus,193,122,1.39092521476799
Tenrec ecaudatus,209,122,4.63579200248468
Tenrec ecaudatus,23330,122,56.8711675529887
Tenrec ecaudatus,23961,122,0.370900267166376
Tenrec ecaudatus,23962,122,0.463541480594814
Tenrec ecaudatus,1024,211,19.9337849990107
Tenrec ecaudatus,23866,211,199.713422927767
Tenrec ecaudatus,5178,253,18.2767366788028
Tenrec ecaudatus,23315,253,0.456764738324761
Tenrec ecaudatus,23977,253,13.2478972172724
Tenrec ecaudatus,23979,253,12.4246882102063
Tenrec ecaudatus,22763,313,64.4413750863015
Tenrec ecaudatus,21042,340,153.261834124809
Tenrec ecaudatus,21318,340,1.82724169255567
Tenrec ecaudatus,21528,340,0.34735036917913
Tenrec ecaudatus,21708,340,227.194660932542
Tenrec ecaudatus,22457,340,12.0483039035159
Tenrec ecaudatus,23138,386,20.6310542039179
Tenrec ecaudatus,5664,396,0.364942030489326
Tenrec ecaudatus,7103,396,164.635079438637
Tenrec ecaudatus,23448,396,0.456175956650376
Tenrec ecaudatus,23982,396,45.0847132855617
Tenrec ecaudatus,23985,396,1.36878947938347
Tenrec ecaudatus,23993,396,0.364971116543174
Tenrec ecaudatus,23996,396,0.364952150581956
Tenrec ecaudatus,23611,411,58.113791807033
Tenrec ecaudatus,24026,411,0.360806249891043
Tenrec ecaudatus,23726,432,88.5629699935415
Tenrec ecaudatus,23857,432,31.2831288292474
Tenrec ecaudatus,24029,432,1.41985175199318
Tenrec ecaudatus,24030,432,30.9497681570663
Tenrec ecaudatus,24031,432,0.531935836720109
Tenrec ecaudatus,23724,436,51.6424033209818
Tenrec ecaudatus,14545,444,3.3134309653126
Tenrec ecaudatus,15271,444,89.7882265229853
Tenrec ecaudatus,16027,444,455.304276357035
Tenrec ecaudatus,23579,444,17.1081231937802
Tenrec ecaudatus,2129,445,0.459616383672059
Tenrec ecaudatus,2154,445,0.643432019172192
Tenrec ecaudatus,2176,445,0.367655302864194
Tenrec ecaudatus,2195,445,1.56243208603442
Tenrec ecaudatus,2227,445,0.459508593737841
Tenrec ecaudatus,2233,445,0.45949710468936
Tenrec ecaudatus,2234,445,1.1946710927344
Tenrec ecaudatus,2248,445,3.21620605602294
Tenrec ecaudatus,2249,445,0.551364106284499
Tenrec ecaudatus,2256,445,1.10266377710527
Tenrec ecaudatus,2263,445,0.367564567481756
Tenrec ecaudatus,2268,445,0.551319225258708
Tenrec ecaudatus,2279,445,1.10259928914046
Tenrec ecaudatus,2284,445,2.02137478975803
Tenrec ecaudatus,2285,445,0.826945434479237
Tenrec ecaudatus,2291,445,0.643170052255213
Tenrec ecaudatus,2300,445,1.65382056523675
Tenrec ecaudatus,2320,445,0.826825480994821
Tenrec ecaudatus,2339,445,0.459349671094894
Tenrec ecaudatus,2361,445,0.367459639964223
Tenrec ecaudatus,2379,445,1.46972063059181
Tenrec ecaudatus,2469,445,0.367363554798603
Tenrec ecaudatus,2566,445,116.961786446988
Tenrec ecaudatus,22737,445,50.551453219145
Tenrec ecaudatus,22738,445,0.643524707942724
Tenrec ecaudatus,23963,445,1.10266607838708
Tenrec ecaudatus,23964,445,9.73881683759956
Tenrec ecaudatus,23965,445,1.01060090259051
Tenrec ecaudatus,23967,445,35.3553316235078
Tenrec ecaudatus,8194,463,266.73838817703
Tenrec ecaudatus,24017,463,142.937192083356
Tenrec ecaudatus,24018,463,191.141696945506
Tenrec ecaudatus,24020,463,0.919496630983412
Tenrec ecaudatus,24021,463,6.25186649493641
Tenrec ecaudatus,24022,463,1.37902412587363
Tenrec ecaudatus,23880,464,28.7773817194842
Tenrec ecaudatus,23926,464,19.4390238963762
Tenrec ecaudatus,24043,464,30.0885079199013
Tenrec ecaudatus,24044,464,156.395880634442
Tenrec ecaudatus,24045,464,58.9365145738444
Tenrec ecaudatus,24046,464,129.022534146316
Tenrec ecaudatus,23907,465,180.351922799822
Tenrec ecaudatus,23998,466,1.38241570732784
Tenrec ecaudatus,23999,466,229.563098744103
Tenrec ecaudatus,24000,466,3.22509111988759
Tenrec ecaudatus,24001,466,49.838144357936
Tenrec ecaudatus,24002,466,1.19747486800289
Tenrec ecaudatus,24003,466,6.63162645037937
Tenrec ecaudatus,24008,466,1.74986507844645
Tenrec ecaudatus,24010,466,18.9694426773024
Tenrec ecaudatus,24011,466,29.0935194916896
Tenrec ecaudatus,24012,466,1.19697195979625
Tenrec ecaudatus,24013,466,165.589230952063
Tenrec ecaudatus,24014,466,167.386348684994
Tenrec ecaudatus,24009,467,41.3466555927123
Tenrec ecaudatus,24042,468,59.930225967488
Tenrec ecaudatus,24049,469,21.6030064475268
Tenrec ecaudatus,24050,469,47.86339402205
Tenrec ecaudatus,23881,450,59.3584008869
Tenrec ecaudatus,24039,450,31.2682529843574
Tenrec ecaudatus,24038,470,35.4042812702756
Tenrec ecaudatus,23906,453,104.451769868596
Tenrec ecaudatus,24040,453,26.7192827727436
Tenrec ecaudatus,23923,454,18.7076370258816
Tenrec ecaudatus,23927,455,20.4450502154253
Tenrec ecaudatus,23952,457,72.6841925792621
Tenrec ecaudatus,23956,461,22.858108584332
Tenrec ecaudatus,24052,461,1.18887316902965
Tenrec ecaudatus,24053,461,0.365803726961494
Tenrec ecaudatus,24055,461,22.4907523126593
Tenrec ecaudatus,24057,461,0.91402228653884
Tenrec ecaudatus,23133,462,19.4493472260612
Tenrec ecaudatus,23191,462,26.8667837100745
Tenrec ecaudatus,23192,462,0.795282153396249
Tenrec ecaudatus,23226,462,0.353583403214455
Tenrec ecaudatus,23649,462,14.0517120440395
Thamnornis chloropetoides,9,3,25.2530937962928
Thamnornis chloropetoides,22,8,28.0839022370625
Thamnornis chloropetoides,250,8,21.4423868237228
Thamnornis chloropetoides,29,4,46.5723968884147
Thamnornis chloropetoides,263,4,36.3826787541578
Thamnornis chloropetoides,187,9,193.620453888267
Thamnornis chloropetoides,244,9,118.305284790413
Thamnornis chloropetoides,246,9,16.8407713442635
Thamnornis chloropetoides,248,9,0.347687768672109
Thamnornis chloropetoides,258,9,9.30872783193505
Thamnornis chloropetoides,264,9,0.347873258495212
Thamnornis chloropetoides,267,9,2.60537814308274
Treron australis,5580,5,68.4073900828574
Treron australis,7344,13,64.9869920614074
Treron australis,7005,15,44.4928427752445
Treron australis,7517,15,27.2715936270507
Treron australis,7518,15,29.4123165165292
Treron australis,7519,15,29.3885406549345
Treron australis,7520,15,20.6592519148769
Treron australis,7521,15,19.9515621485635
Treron australis,7668,24,52.0931107730117
Treron australis,7690,20,31.1097970257607
Treron australis,7691,20,29.6010280215059
Treron australis,3363,9,36.331879859746
Treron australis,3412,9,52.2268727901955
Treron australis,7538,9,6.47518067736232
Treron australis,65,1,111.568243325615
Treron australis,66,1,1.39092521476799
Treron australis,68,1,4.63579200248468
Treron australis,86,1,43.2038186617044
Treron australis,123,1,43.4528749465152
Treron australis,142,1,43.0377824654073
Treron australis,148,1,1.48074673073471
Treron australis,149,1,1.66577102635694
Treron australis,7306,1,56.8711675529887
Treron australis,1566,12,1.18809712456632
Treron australis,1579,12,4.38649564416385
Treron australis,1585,12,8.86332816260146
Treron australis,1632,12,9.5018882179122
Treron australis,1635,12,4.567756926453
Treron australis,1818,12,49.6388001500808
Treron australis,7380,12,2.73946711541033
Treron australis,7753,12,9.49246813121474
Treron australis,7868,12,44.7196147776582
Treron australis,7869,12,47.0873940339344
Treron australis,7871,12,1.36878947938347
Treron australis,7873,12,1.1862571950016
Treron australis,364,14,19.9337849990107
Treron australis,789,14,1.56243208603442
Treron australis,806,14,1.1946710927344
Treron australis,814,14,50.551453219145
Treron australis,816,14,3.21620605602419
Treron australis,819,14,1.10266377710527
Treron australis,830,14,1.10259928914046
Treron australis,832,14,2.02137478975803
Treron australis,835,14,1.65382056523675
Treron australis,866,14,1.46972063059181
Treron australis,910,14,116.961786446988
Treron australis,2270,14,266.73838817703
Treron australis,7761,14,26.6587824925889
Treron australis,7762,14,199.713422927767
Treron australis,7763,14,16.2380797407103
Treron australis,7777,14,28.7773817194842
Treron australis,7778,14,126.939500468721
Treron australis,7779,14,59.3584008869
Treron australis,7793,14,90.3937869662622
Treron australis,7810,14,104.451769868596
Treron australis,7811,14,59.930225967488
Treron australis,7827,14,18.6159244086656
Treron australis,7830,14,19.4390238963762
Treron australis,7831,14,20.4450502154253
Treron australis,7832,14,58.8448757092075
Treron australis,7841,14,72.6841925792621
Treron australis,7842,14,9.25207177810681
Treron australis,7843,14,129.022534146316
Treron australis,7847,14,22.858108584332
Treron australis,7854,14,1.10266607838708
Treron australis,7855,14,9.73881683759956
Treron australis,7856,14,1.01060090259051
Treron australis,7858,14,35.3553316235078
Treron australis,7885,14,1.38241570732784
Treron australis,7886,14,229.563098744103
Treron australis,7887,14,3.22509111988759
Treron australis,7888,14,49.838144357936
Treron australis,7889,14,1.19747486800289
Treron australis,7890,14,6.63162645037937
Treron australis,7895,14,1.74986507844645
Treron australis,7896,14,41.3466555927123
Treron australis,7897,14,18.9694426773024
Treron australis,7898,14,29.0935194916896
Treron australis,7899,14,1.19697195979625
Treron australis,7900,14,165.589230952063
Treron australis,7901,14,167.386348684994
Treron australis,7903,14,142.937192083356
Treron australis,7904,14,191.049731459298
Treron australis,7907,14,6.25186649493641
Treron australis,7908,14,1.37902412587363
Treron australis,7938,14,21.6030064475268
Treron australis,7939,14,47.86339402205
Treron australis,7940,14,35.4042812702756
Treron australis,7941,14,31.2682529843574
Treron australis,7942,14,26.7192827727436
Treron australis,7944,14,30.0885079199013
Treron australis,7945,14,46.8646019734076
Treron australis,7947,14,46.8284286673691
Treron australis,7950,14,1.18887316902965
Treron australis,7953,14,22.4907523126593
Treron australis,5044,16,13.1672804516124
Treron australis,5575,16,244.188758729789
Treron australis,5959,16,46.5723968884147
Treron australis,6307,16,12.0483039035151
Treron australis,6474,16,118.305284790413
Treron australis,6842,16,17.8876522784661
Treron australis,6892,16,45.1360753508905
Treron australis,6964,16,440.837213623637
Treron australis,7060,16,29.0032743569901
Treron australis,7066,16,20.6310542039179
Treron australis,7151,16,13.0307413413469
Treron australis,7152,16,3.87195306908155
Treron australis,7153,16,6.06907414019537
Treron australis,7154,16,112.468627701651
Treron australis,7281,16,9.30872783193505
Treron australis,7396,16,36.3826787541578
Treron australis,7408,16,7.8043101934992
Treron australis,7418,16,9.25706128804803
Treron australis,7421,16,4.31856011909986
Treron australis,7566,16,15.0236706233649
Treron australis,7916,16,128.593216990634
Treron australis,7923,16,2.60537814308274
Treron australis,7924,16,1.32280871870244
Treron australis,7539,17,58.113791807033
Treron australis,7617,22,30.9497681570663
Treron australis,7655,22,59.0220175232944
Treron australis,7663,22,9.04229392746901
Treron australis,7752,22,31.2831288292474
Treron australis,7930,22,29.274766839554
Treron australis,7932,22,1.41985175199318
Treron australis,7933,22,3.01150757306588
Treron australis,3708,25,57.9536162531174
Treron australis,3729,25,3.3134309653126
Treron australis,3910,25,89.7882265229853
Treron australis,4022,25,455.304276357035
Treron australis,6981,25,21.5096479841157
Treron australis,7081,25,3.75955498127008
Treron australis,7514,25,17.1081231937802
Treron australis,7716,25,27.5139015001006
Turnix nigricollis,7081,16,68.4073900828574
Turnix nigricollis,9970,29,64.9869920614074
Turnix nigricollis,8212,33,29.4123165165292
Turnix nigricollis,9590,33,44.4928427752445
Turnix nigricollis,10174,33,27.2715936270507
Turnix nigricollis,10175,33,29.3885406549345
Turnix nigricollis,10176,33,20.6592519148769
Turnix nigricollis,10177,33,19.9515621485635
Turnix nigricollis,10400,40,31.1097970257607
Turnix nigricollis,10401,40,29.6010280215059
Turnix nigricollis,9210,23,46.5723968884147
Turnix nigricollis,9802,23,112.468627701651
Turnix nigricollis,10070,23,36.3826787541578
Turnix nigricollis,77,1,111.568243325615
Turnix nigricollis,81,1,1.39092521476799
Turnix nigricollis,89,1,4.63579200248468
Turnix nigricollis,150,1,43.4528749465152
Turnix nigricollis,9931,1,56.8711675529887
Turnix nigricollis,1672,27,5.85033975470352
Turnix nigricollis,1676,27,24.6792146248873
Turnix nigricollis,1692,27,2.83342021114933
Turnix nigricollis,1700,27,2.37624750380063
Turnix nigricollis,1721,27,7.67678403816092
Turnix nigricollis,1731,27,8.86332816260099
Turnix nigricollis,2217,27,164.635079438637
Turnix nigricollis,8870,27,4.567756926453
Turnix nigricollis,9899,27,1.55373825480127
Turnix nigricollis,9979,27,10.0499887125863
Turnix nigricollis,10458,27,2.73946711541033
Turnix nigricollis,10494,27,9.58373740822244
Turnix nigricollis,10575,27,45.0847132855617
Turnix nigricollis,10578,27,1.36878947938347
Turnix nigricollis,10580,27,1.7337707149651
Turnix nigricollis,10615,27,1.55205922298586
Turnix nigricollis,407,28,19.9337849990107
Turnix nigricollis,10480,28,26.6587824925889
Turnix nigricollis,10481,28,199.713422927767
Turnix nigricollis,10482,28,16.2380797407103
Turnix nigricollis,818,51,1.56243208603442
Turnix nigricollis,832,51,1.1946710927344
Turnix nigricollis,840,51,3.21620605602294
Turnix nigricollis,841,51,1.10266377710527
Turnix nigricollis,852,51,1.10259928914046
Turnix nigricollis,854,51,2.02137478975803
Turnix nigricollis,856,51,1.65382056523675
Turnix nigricollis,892,51,1.46972063059181
Turnix nigricollis,953,51,116.961786446988
Turnix nigricollis,1475,51,229.563098744103
Turnix nigricollis,9058,51,50.551453219145
Turnix nigricollis,10000,51,86.9343049463478
Turnix nigricollis,10535,51,1.10266607838708
Turnix nigricollis,10536,51,9.73881683759956
Turnix nigricollis,10539,51,35.3553316235078
Turnix nigricollis,10549,51,1.38241570732784
Turnix nigricollis,10550,51,3.22509111988759
Turnix nigricollis,10551,51,49.838144357936
Turnix nigricollis,10552,51,1.19747486800289
Turnix nigricollis,10553,51,6.63162645037937
Turnix nigricollis,10558,51,1.74986507844645
Turnix nigricollis,10559,51,41.3466555927123
Turnix nigricollis,10560,51,18.9694426773024
Turnix nigricollis,10561,51,29.0935194916896
Turnix nigricollis,10562,51,1.19697195979625
Turnix nigricollis,10563,51,165.589230952063
Turnix nigricollis,10564,51,167.386348684994
Turnix nigricollis,10566,51,2.02445275485683
Turnix nigricollis,10567,51,142.937192083356
Turnix nigricollis,10568,51,191.141696945506
Turnix nigricollis,10571,51,6.25186649493641
Turnix nigricollis,10572,51,1.37902412587363
Turnix nigricollis,10573,51,185.381195837285
Turnix nigricollis,8138,32,118.305284790413
Turnix nigricollis,8714,32,12.0483039035159
Turnix nigricollis,9377,32,17.8876522784661
Turnix nigricollis,9469,32,45.1360753508905
Turnix nigricollis,9551,32,444.224390635293
Turnix nigricollis,9904,32,9.30872783193505
Turnix nigricollis,10594,32,2.60537814308274
Turnix nigricollis,4615,36,57.9536162531174
Turnix nigricollis,4656,36,3.3134309653126
Turnix nigricollis,4997,36,89.7882265229853
Turnix nigricollis,5223,36,455.304276357035
Turnix nigricollis,9569,36,21.5096479841157
Turnix nigricollis,9712,36,3.75955498127008
Turnix nigricollis,10181,36,17.1081231937802
Turnix nigricollis,10423,36,27.5139015001006
Turnix nigricollis,10199,37,58.113791807033
Turnix nigricollis,8691,38,245.072463241854
Turnix nigricollis,8693,38,13.1672804516135
Turnix nigricollis,9675,38,29.0032743569901
Turnix nigricollis,9794,38,13.3829553466861
Turnix nigricollis,9795,38,3.87195306908155
Turnix nigricollis,9796,38,6.06907414019537
Turnix nigricollis,10082,38,9.25706128804803
Turnix nigricollis,10085,38,4.31856011909986
Turnix nigricollis,10245,38,15.0236706233649
Turnix nigricollis,10602,38,128.593216990634
Turnix nigricollis,10606,38,1.32280871870244
Turnix nigricollis,10327,43,88.5629699935415
Turnix nigricollis,10392,43,9.04229392746901
Turnix nigricollis,10469,43,31.2831288292474
Turnix nigricollis,10612,43,1.41985175199318
Turnix nigricollis,10613,43,30.9497681570663
Turnix nigricollis,10616,43,3.01150757306588
Turnix nigricollis,9087,46,12.948556039879
Turnix nigricollis,9088,46,64.4413750863015
Turnix nigricollis,9094,46,3.07666271011841
Turnix nigricollis,10289,47,16.6994855698657
Turnix nigricollis,10325,47,51.6424033209818
Turnix nigricollis,10366,47,59.0116196877182
Turnix nigricollis,10526,47,1.17365293457222
Turnix nigricollis,9400,50,59.3584008869
Turnix nigricollis,10492,50,29.9898296926183
Turnix nigricollis,10493,50,180.351922799822
Turnix nigricollis,10528,50,29.9758644450714
Turnix nigricollis,10621,50,21.6030064475268
Turnix nigricollis,10622,50,47.86339402205
Tylas eduardi,1,1,56.8711675529887
Tylas eduardi,6594,24,29.4123165165292
Tylas eduardi,6609,24,27.2715936270507
Tylas eduardi,6611,24,29.3885406549345
Tylas eduardi,6612,24,20.6592519148769
Tylas eduardi,6755,34,52.0931107730117
Tylas eduardi,6748,31,31.1097970257607
Tylas eduardi,6749,31,29.6010280215059
Tylas eduardi,6786,36,26.6587824925889
Tylas eduardi,6788,36,16.2380797407103
Tylas eduardi,6815,38,90.3937869662622
Tylas eduardi,117,2,49.838144357936
Tylas eduardi,128,2,1.19697195979726
Tylas eduardi,179,2,0.4598808172791
Tylas eduardi,216,2,0.643524707940877
Tylas eduardi,217,2,2.11438066261417
Tylas eduardi,223,2,0.459616383672059
Tylas eduardi,228,2,0.643432019172192
Tylas eduardi,235,2,0.367655302864194
Tylas eduardi,237,2,1.56243208603442
Tylas eduardi,238,2,0.459508593737543
Tylas eduardi,239,2,0.45949710468936
Tylas eduardi,240,2,1.1946710927344
Tylas eduardi,242,2,1.47030313296086
Tylas eduardi,292,2,116.961786446988
Tylas eduardi,954,2,266.73838817703
Tylas eduardi,6800,2,28.7773817194842
Tylas eduardi,6801,2,59.3584008869
Tylas eduardi,6820,2,180.351922799822
Tylas eduardi,6839,2,19.4390238963762
Tylas eduardi,6859,2,22.858108584332
Tylas eduardi,6860,2,1.74986507844645
Tylas eduardi,6864,2,0.642865918691873
Tylas eduardi,6870,2,4.22365491920155
Tylas eduardi,6873,2,1.38241570732784
Tylas eduardi,6874,2,229.563098744103
Tylas eduardi,6875,2,3.22509111988759
Tylas eduardi,6876,2,1.19747486800289
Tylas eduardi,6877,2,6.63162645037937
Tylas eduardi,6878,2,41.3466555927123
Tylas eduardi,6879,2,18.9694426773024
Tylas eduardi,6880,2,29.0935194916896
Tylas eduardi,6881,2,165.589230952063
Tylas eduardi,6882,2,167.386348684994
Tylas eduardi,6884,2,129.050501831876
Tylas eduardi,6885,2,191.049731459298
Tylas eduardi,6887,2,0.919496630983412
Tylas eduardi,6888,2,6.25186649493641
Tylas eduardi,6889,2,1.37902412587363
Tylas eduardi,6898,2,35.4042812702756
Tylas eduardi,6899,2,31.2682529843574
Tylas eduardi,6902,2,59.930225967488
Tylas eduardi,6903,2,30.0885079199013
Tylas eduardi,6904,2,156.395880634442
Tylas eduardi,6905,2,58.8448757092075
Tylas eduardi,6906,2,129.022534146316
Tylas eduardi,6909,2,21.6030064475268
Tylas eduardi,6910,2,47.86339402205
Tylas eduardi,6912,2,1.18887316902965
Tylas eduardi,6913,2,0.365803726961494
Tylas eduardi,6915,2,22.4907523126593
Tylas eduardi,6917,2,0.91402228653884
Tylas eduardi,6784,39,19.1031559591866
Tylas eduardi,6787,39,199.713422927767
Tylas eduardi,6819,40,104.451769868596
Tylas eduardi,6836,40,18.6159244086656
Tylas eduardi,6840,40,20.4450502154253
Tylas eduardi,6855,40,72.6841925792621
Tylas eduardi,6856,40,9.25207177810681
Tylas eduardi,6900,40,26.7192827727436
Tylas eduardi,1516,16,0.812480411258936
Tylas eduardi,6646,16,16.6994855698657
Tylas eduardi,6674,16,51.6424033209818
Tylas eduardi,6716,16,59.0116196877182
Tylas eduardi,6851,16,1.17365293457222
Tylas eduardi,4808,27,0.620648212959528
Tylas eduardi,4826,27,0.709200345668078
Tylas eduardi,6676,27,88.5629699935415
Tylas eduardi,6742,27,9.04229392746901
Tylas eduardi,6783,27,31.2831288292474
Tylas eduardi,6890,27,1.41985175199318
Tylas eduardi,6891,27,30.9497681570663
Tylas eduardi,6892,27,0.531935836720109
Tylas eduardi,6893,27,3.01150757306588
Upupa marginata,9797,27,68.4073900828574
Upupa marginata,242,45,43.0377824654073
Upupa marginata,259,45,1.48074673073471
Upupa marginata,260,45,1.66577102635694
Upupa marginata,146,49,43.2038186617044
Upupa marginata,12916,47,64.9869920614074
Upupa marginata,4487,20,38.0240908844043
Upupa marginata,4501,20,3.07696966736627
Upupa marginata,4505,20,0.723997986286044
Upupa marginata,12540,23,44.4928427752445
Upupa marginata,5614,22,36.331879859746
Upupa marginata,13110,22,6.47518067736232
Upupa marginata,13193,29,52.0931107730117
Upupa marginata,6175,55,52.2268727901955
Upupa marginata,11636,54,46.5723968884147
Upupa marginata,12748,54,112.468627701651
Upupa marginata,13003,54,36.3826787541578
Upupa marginata,110,1,111.568243325615
Upupa marginata,114,1,1.39092521476799
Upupa marginata,125,1,4.63579200248468
Upupa marginata,155,1,43.2675847418705
Upupa marginata,12878,1,56.8711675529887
Upupa marginata,12059,16,12.948556039879
Upupa marginata,12060,16,64.4413750863015
Upupa marginata,12066,16,3.07666271011841
Upupa marginata,2405,40,18.2767366788028
Upupa marginata,13311,40,13.2478972172724
Upupa marginata,13313,40,12.4246882102063
Upupa marginata,2142,44,5.85033975470352
Upupa marginata,2147,44,24.6792146248873
Upupa marginata,2169,44,1.0054375043211
Upupa marginata,2171,44,2.83342021114933
Upupa marginata,2182,44,1.00536820483017
Upupa marginata,2183,44,2.37624750380063
Upupa marginata,2213,44,7.67678403816092
Upupa marginata,2224,44,8.86332816260099
Upupa marginata,3017,44,164.635079438637
Upupa marginata,11854,44,4.567756926453
Upupa marginata,12853,44,1.55373825480127
Upupa marginata,12923,44,10.0499887125863
Upupa marginata,13255,44,2.73946711541033
Upupa marginata,13266,44,9.58373740822244
Upupa marginata,13316,44,45.0847132855617
Upupa marginata,13319,44,1.36878947938347
Upupa marginata,13321,44,1.7337707149651
Upupa marginata,13346,44,1.55205922298586
Upupa marginata,586,46,19.9337849990107
Upupa marginata,13257,46,26.6587824925889
Upupa marginata,13258,46,199.713422927767
Upupa marginata,13259,46,16.2380797407103
Upupa marginata,1069,59,1.56243208603442
Upupa marginata,1083,59,1.1946710927344
Upupa marginata,1090,59,3.21620605602294
Upupa marginata,1092,59,1.10266377710527
Upupa marginata,1093,59,229.563098744103
Upupa marginata,1103,59,1.10259928914046
Upupa marginata,1104,59,2.02137478975803
Upupa marginata,1105,59,0.826945434479237
Upupa marginata,1107,59,1.65382056523675
Upupa marginata,1113,59,0.826825480994821
Upupa marginata,1141,59,1.46972063059181
Upupa marginata,1211,59,116.961786446988
Upupa marginata,12036,59,50.551453219145
Upupa marginata,12934,59,86.9343049463478
Upupa marginata,13273,59,1.38241570732784
Upupa marginata,13274,59,3.22509111988759
Upupa marginata,13275,59,49.838144357936
Upupa marginata,13276,59,1.19747486800289
Upupa marginata,13277,59,6.63162645037937
Upupa marginata,13282,59,1.74986507844645
Upupa marginata,13283,59,41.3466555927123
Upupa marginata,13284,59,18.9694426773024
Upupa marginata,13285,59,29.0935194916896
Upupa marginata,13286,59,1.19697195979625
Upupa marginata,13287,59,165.589230952063
Upupa marginata,13288,59,167.386348684994
Upupa marginata,13290,59,2.02445275485683
Upupa marginata,13291,59,142.937192083356
Upupa marginata,13292,59,131.031013491362
Upupa marginata,13294,59,0.919496630983412
Upupa marginata,13295,59,6.25186649493641
Upupa marginata,13296,59,1.37902412587363
Upupa marginata,13297,59,1.10266607838708
Upupa marginata,13298,59,9.73881683759956
Upupa marginata,13299,59,1.01060090259051
Upupa marginata,13301,59,35.3553316235078
Upupa marginata,10418,53,1.30912096210873
Upupa marginata,10445,53,1.04702337229478
Upupa marginata,10452,53,0.697930843771815
Upupa marginata,10538,53,1.56809616759455
Upupa marginata,10543,53,118.600863831666
Upupa marginata,11175,53,118.305284790413
Upupa marginata,11656,53,1.47393099119222
Upupa marginata,11657,53,11.0948326900711
Upupa marginata,12327,53,1.13414415884197
Upupa marginata,12328,53,255.092089327143
Upupa marginata,12417,53,45.1360753508905
Upupa marginata,12506,53,1.04307801828969
Upupa marginata,12857,53,9.30872783193505
Upupa marginata,13336,53,2.60537814308274
Upupa marginata,13111,57,58.113791807033
Upupa marginata,6308,58,57.9536162531174
Upupa marginata,6357,58,3.3134309653126
Upupa marginata,6759,58,89.7882265229853
Upupa marginata,7052,58,455.304276357035
Upupa marginata,12529,58,21.5096479841157
Upupa marginata,12663,58,3.75955498127008
Upupa marginata,13107,58,17.1081231937802
Upupa marginata,13236,58,27.5139015001006
Vanga curvirostris,331,45,0.370271373195231
Vanga curvirostris,332,45,0.462834125284791
Vanga curvirostris,335,45,43.0377824654073
Vanga curvirostris,351,45,1.48074673073471
Vanga curvirostris,352,45,1.66577102635694
Vanga curvirostris,179,48,0.463597745714188
Vanga curvirostris,215,48,43.2038186617044
Vanga curvirostris,7439,19,38.0240908844043
Vanga curvirostris,7476,19,3.07696966736627
Vanga curvirostris,7481,19,0.723997986286044
Vanga curvirostris,7505,19,0.361958205401897
Vanga curvirostris,18544,19,0.452763459861636
Vanga curvirostris,17247,54,0.777178853789091
Vanga curvirostris,18054,54,44.4928427752445
Vanga curvirostris,18406,54,0.604549703200817
Vanga curvirostris,18620,54,27.2715936270507
Vanga curvirostris,18621,54,29.4123165165292
Vanga curvirostris,18622,54,29.3885406549345
Vanga curvirostris,18623,54,20.6592519148769
Vanga curvirostris,18624,54,19.9515621485635
Vanga curvirostris,9341,21,0.449603298739433
Vanga curvirostris,9342,21,0.359686745625973
Vanga curvirostris,9394,21,36.331879859746
Vanga curvirostris,18546,21,0.449634089967847
Vanga curvirostris,18642,21,6.47518067736232
Vanga curvirostris,18400,47,64.9869920614074
Vanga curvirostris,9579,53,52.2268727901955
Vanga curvirostris,18890,65,52.0931107730117
Vanga curvirostris,18830,63,31.1097970257607
Vanga curvirostris,18831,63,29.6010280215059
Vanga curvirostris,15906,52,46.5723968884147
Vanga curvirostris,18228,52,112.468627701651
Vanga curvirostris,18490,52,36.3826787541578
Vanga curvirostris,119,1,0.55664420881176
Vanga curvirostris,122,1,0.371099061261296
Vanga curvirostris,125,1,0.556625695955813
Vanga curvirostris,133,1,0.463806772104442
Vanga curvirostris,171,1,111.568243325615
Vanga curvirostris,174,1,1.39092521476799
Vanga curvirostris,178,1,4.63579200248468
Vanga curvirostris,224,1,43.2675847418705
Vanga curvirostris,18358,1,56.8711675529887
Vanga curvirostris,19021,1,0.370900267166376
Vanga curvirostris,19022,1,0.463541480594814
Vanga curvirostris,4025,17,2.64969806134474
Vanga curvirostris,4079,17,7.03479595916414
Vanga curvirostris,4085,17,4.567756926453
Vanga curvirostris,4530,17,121.916202613642
Vanga curvirostris,4612,17,0.364942030489683
Vanga curvirostris,4621,17,0.456175956650972
Vanga curvirostris,18409,17,0.456749789226413
Vanga curvirostris,18439,17,2.73946711541033
Vanga curvirostris,18923,17,9.49246813121474
Vanga curvirostris,19041,17,44.7196147776582
Vanga curvirostris,19044,17,1.36878947938347
Vanga curvirostris,19046,17,1.1862571950016
Vanga curvirostris,19053,17,0.364971116543174
Vanga curvirostris,19056,17,0.364952150581956
Vanga curvirostris,4238,37,18.2767366788028
Vanga curvirostris,18319,37,0.456764738324761
Vanga curvirostris,19037,37,13.2478972172724
Vanga curvirostris,19039,37,12.4246882102063
Vanga curvirostris,875,46,19.9337849990107
Vanga curvirostris,18930,46,26.6587824925889
Vanga curvirostris,18931,46,199.713422927767
Vanga curvirostris,18932,46,16.2380797407103
Vanga curvirostris,1853,67,0.643524707942724
Vanga curvirostris,1899,67,0.459616383672059
Vanga curvirostris,1921,67,0.643432019172192
Vanga curvirostris,1941,67,0.367655302864194
Vanga curvirostris,1958,67,1.56243208603442
Vanga curvirostris,1990,67,0.459508593737543
Vanga curvirostris,1996,67,0.45949710468936
Vanga curvirostris,1997,67,1.1946710927344
Vanga curvirostris,2009,67,50.551453219145
Vanga curvirostris,2012,67,3.21620605602419
Vanga curvirostris,2013,67,0.551364106284499
Vanga curvirostris,2019,67,1.10266377710527
Vanga curvirostris,2026,67,0.367564567481756
Vanga curvirostris,2031,67,0.551319225258708
Vanga curvirostris,2041,67,1.10259928914046
Vanga curvirostris,2047,67,2.02137478975803
Vanga curvirostris,2048,67,0.826945434479237
Vanga curvirostris,2054,67,0.643170052255213
Vanga curvirostris,2061,67,1.65382056523675
Vanga curvirostris,2077,67,0.826825480994821
Vanga curvirostris,2097,67,0.459349671094894
Vanga curvirostris,2118,67,0.367459639964223
Vanga curvirostris,2132,67,1.46972063059181
Vanga curvirostris,2205,67,0.367363554798603
Vanga curvirostris,2284,67,116.961786446988
Vanga curvirostris,6357,67,266.73838817703
Vanga curvirostris,18945,67,28.7773817194842
Vanga curvirostris,18946,67,59.3584008869
Vanga curvirostris,18960,67,90.3937869662622
Vanga curvirostris,18972,67,104.451769868596
Vanga curvirostris,18973,67,180.351922799822
Vanga curvirostris,18989,67,18.6159244086656
Vanga curvirostris,18992,67,19.4390238963762
Vanga curvirostris,18993,67,20.4450502154253
Vanga curvirostris,19012,67,72.6841925792621
Vanga curvirostris,19013,67,9.25207177810681
Vanga curvirostris,19016,67,22.858108584332
Vanga curvirostris,19023,67,1.10266607838708
Vanga curvirostris,19024,67,9.73881683759956
Vanga curvirostris,19025,67,1.01060090259051
Vanga curvirostris,19027,67,35.3553316235078
Vanga curvirostris,19058,67,1.38241570732784
Vanga curvirostris,19059,67,229.563098744103
Vanga curvirostris,19060,67,3.22509111988759
Vanga curvirostris,19061,67,49.838144357936
Vanga curvirostris,19062,67,1.19747486800289
Vanga curvirostris,19063,67,6.63162645037937
Vanga curvirostris,19068,67,1.74986507844645
Vanga curvirostris,19069,67,41.3466555927123
Vanga curvirostris,19070,67,18.9694426773024
Vanga curvirostris,19071,67,29.0935194916896
Vanga curvirostris,19072,67,1.19697195979625
Vanga curvirostris,19073,67,165.589230952063
Vanga curvirostris,19074,67,167.386348684994
Vanga curvirostris,19076,67,142.937192083356
Vanga curvirostris,19077,67,191.049731459298
Vanga curvirostris,19079,67,0.919496630983412
Vanga curvirostris,19080,67,6.25186649493641
Vanga curvirostris,19081,67,1.37902412587363
Vanga curvirostris,19099,67,35.4042812702756
Vanga curvirostris,19100,67,31.2682529843574
Vanga curvirostris,19101,67,26.7192827727436
Vanga curvirostris,19103,67,59.930225967488
Vanga curvirostris,19104,67,30.0885079199013
Vanga curvirostris,19105,67,156.395880634442
Vanga curvirostris,19106,67,58.8448757092075
Vanga curvirostris,19107,67,129.022534146316
Vanga curvirostris,19110,67,21.6030064475268
Vanga curvirostris,19111,67,47.86339402205
Vanga curvirostris,19113,67,1.18887316902965
Vanga curvirostris,19114,67,0.365803726961494
Vanga curvirostris,19116,67,22.4907523126593
Vanga curvirostris,19118,67,0.91402228653884
Vanga curvirostris,15895,51,0.523638666577697
Vanga curvirostris,15917,51,0.523563038836241
Vanga curvirostris,15927,51,0.698019186100006
Vanga curvirostris,15944,51,0.436189867799282
Vanga curvirostris,16099,51,1.39385740344095
Vanga curvirostris,16113,51,118.07824027994
Vanga curvirostris,16143,51,0.348321061425805
Vanga curvirostris,16224,51,0.34803445176816
Vanga curvirostris,16360,51,0.434623503267407
Vanga curvirostris,16663,51,1.47393099119139
Vanga curvirostris,16732,51,11.0948326900705
Vanga curvirostris,17174,51,118.305284790413
Vanga curvirostris,17897,51,1.13414415884197
Vanga curvirostris,17898,51,252.488372282977
Vanga curvirostris,17932,51,45.1360753508905
Vanga curvirostris,18021,51,0.521531653210759
Vanga curvirostris,18337,51,9.30872783193505
Vanga curvirostris,19082,51,0.347873258495212
Vanga curvirostris,19085,51,2.60537814308274
Vanga curvirostris,10475,56,57.9536162531174
Vanga curvirostris,10545,56,3.3134309653126
Vanga curvirostris,11106,56,89.7882265229853
Vanga curvirostris,11393,56,455.304276357035
Vanga curvirostris,18038,56,21.5096479841157
Vanga curvirostris,18158,56,3.75955498127008
Vanga curvirostris,18614,56,17.1081231937802
Vanga curvirostris,18875,56,27.5139015001006
Vanga curvirostris,18643,57,58.113791807033
Vanga curvirostris,19088,57,0.360806249891043
Vanga curvirostris,13203,60,0.620648212959528
Vanga curvirostris,13239,60,0.709200345668078
Vanga curvirostris,18751,60,88.5629699935415
Vanga curvirostris,18817,60,9.04229392746901
Vanga curvirostris,18922,60,31.2831288292474
Vanga curvirostris,19091,60,1.41985175199318
Vanga curvirostris,19092,60,30.9497681570663
Vanga curvirostris,19093,60,0.531935836720109
Vanga curvirostris,19094,60,3.01150757306588
Vanga curvirostris,8214,64,0.812480411258936
Vanga curvirostris,18713,64,16.6994855698657
Vanga curvirostris,18749,64,51.6424033209818
Vanga curvirostris,18791,64,59.0116196877182
Vanga curvirostris,19007,64,1.17365293457222
Vanga curvirostris,18140,66,20.4554532926385
Vanga curvirostris,18509,66,7.8043101934992
Varecia rubra,10,6,87.5687991782385
Varecia rubra,13,8,19.439023896375
Varecia rubra,46,12,59.3584008869071
Varecia rubra,66,12,31.2682529843551
Varecia rubra,126,13,90.3937869662622
Varecia rubra,7,4,42.6078296321598
Varecia rubra,12,7,12.2862609365727
Varecia rubra,16,9,46.8284286673691
Varecia rubra,18,66,16.1220631773574
Varecia rubra,29,66,81.2129543006281
Varecia rubra,47,64,18.6644979069725
Varecia rubra,71,65,22.4907523126593
Varecia rubra,129,65,0.91402228653884
Varecia variegata,9771,144,0.777178853789091
Varecia variegata,9864,144,0.604549703200817
Varecia variegata,9930,144,19.9515621485635
Varecia variegata,9926,145,27.2715936270507
Varecia variegata,9927,146,29.4123165165292
Varecia variegata,9928,147,29.3885406549345
Varecia variegata,9929,148,20.6592519148769
Varecia variegata,10083,173,52.0931107730117
Varecia variegata,10075,176,31.1097970257607
Varecia variegata,10076,176,29.6010280215059
Varecia variegata,2808,96,0.812480411258936
Varecia variegata,9968,96,16.6994855698657
Varecia variegata,10043,96,59.0116196877182
Varecia variegata,10180,96,1.17365293457222
Varecia variegata,10144,183,90.3937869662622
Varecia variegata,10114,180,26.6587824925889
Varecia variegata,10116,180,16.2380797407103
Varecia variegata,2,1,0.55664420881176
Varecia variegata,3,1,0.371099061261296
Varecia variegata,5,1,0.556625695955515
Varecia variegata,6,1,0.463806772104681
Varecia variegata,16,1,85.5074021732403
Varecia variegata,9831,1,56.8711675529887
Varecia variegata,312,11,19.9337849990107
Varecia variegata,10115,11,199.713422927767
Varecia variegata,7404,159,0.620648212959528
Varecia variegata,7431,159,0.709200345668078
Varecia variegata,10003,159,88.5629699935415
Varecia variegata,10069,159,9.04229392746901
Varecia variegata,10229,159,1.41985175199318
Varecia variegata,10230,159,30.9497681570663
Varecia variegata,10112,193,31.2831288292474
Varecia variegata,10001,171,51.6424033209818
Varecia variegata,1088,179,0.643524707942724
Varecia variegata,1108,179,0.459616383672059
Varecia variegata,1116,179,0.643432019172192
Varecia variegata,1126,179,0.367655302864194
Varecia variegata,1133,179,1.56243208603442
Varecia variegata,1144,179,0.459508593737543
Varecia variegata,1146,179,0.45949710468936
Varecia variegata,1147,179,1.1946710927344
Varecia variegata,1154,179,50.551453219145
Varecia variegata,1155,179,3.21620605602419
Varecia variegata,1156,179,0.551364106284499
Varecia variegata,1162,179,1.10266377710551
Varecia variegata,1163,179,0.367564567481756
Varecia variegata,1166,179,0.551319225258708
Varecia variegata,1171,179,1.10259928914046
Varecia variegata,1174,179,2.02137478975803
Varecia variegata,1175,179,0.826945434479237
Varecia variegata,1178,179,0.643170052255213
Varecia variegata,1182,179,1.65382056523675
Varecia variegata,1200,179,0.826825480995119
Varecia variegata,1204,179,0.459349671094894
Varecia variegata,1211,179,0.367459639964223
Varecia variegata,1217,179,1.46972063059181
Varecia variegata,1245,179,0.367363554798603
Varecia variegata,1288,179,116.961786446988
Varecia variegata,10191,179,1.10266607838708
Varecia variegata,10192,179,9.73881683759956
Varecia variegata,10193,179,1.01060090259051
Varecia variegata,10195,179,35.3553316235078
Varecia variegata,2067,194,266.73838817703
Varecia variegata,10223,194,142.937192083356
Varecia variegata,10224,194,191.049731459298
Varecia variegata,10226,194,0.919496630983412
Varecia variegata,10227,194,6.25186649493641
Varecia variegata,10228,194,1.37902412587363
Varecia variegata,10129,195,28.7773817194842
Varecia variegata,10168,195,19.4390238963762
Varecia variegata,10242,195,30.0885079199013
Varecia variegata,10243,195,156.395880634442
Varecia variegata,10244,195,58.8448757092075
Varecia variegata,10149,196,180.351922799822
Varecia variegata,10205,197,1.38241570732784
Varecia variegata,10206,197,229.563098744103
Varecia variegata,10207,197,3.22509111988759
Varecia variegata,10208,197,49.838144357936
Varecia variegata,10209,197,1.19747486800289
Varecia variegata,10210,197,6.63162645037937
Varecia variegata,10215,197,1.74986507844645
Varecia variegata,10217,197,18.9694426773024
Varecia variegata,10218,197,29.0935194916896
Varecia variegata,10219,197,1.19697195979625
Varecia variegata,10220,197,165.589230952063
Varecia variegata,10221,197,167.386348684994
Varecia variegata,10216,198,41.3466555927123
Varecia variegata,10241,199,59.930225967488
Varecia variegata,10245,200,129.022534146316
Varecia variegata,10248,201,21.6030064475268
Varecia variegata,10249,201,47.86339402205
Varecia variegata,10130,182,59.3584008869
Varecia variegata,10238,182,31.2682529843574
Varecia variegata,10237,202,35.4042812702756
Varecia variegata,10148,185,104.451769868596
Varecia variegata,10239,185,26.7192827727436
Varecia variegata,10165,186,18.6159244086656
Varecia variegata,10169,187,20.4450502154253
Varecia variegata,10184,188,72.6841925792621
Varecia variegata,10188,192,22.858108584332
Varecia variegata,10251,192,1.18887316902965
Varecia variegata,10252,192,0.365803726961494
Varecia variegata,10254,192,22.4907523126593
Varecia variegata,10256,192,0.91402228653884
Xanthomixis cinereiceps,1837,25,29.4123165165292
Xanthomixis cinereiceps,1851,25,27.2715936270507
Xanthomixis cinereiceps,1853,28,52.0931107730117
Xanthomixis cinereiceps,1920,33,31.1097970257607
Xanthomixis cinereiceps,1921,33,29.6010280215059
Xanthomixis cinereiceps,11,2,26.6587824925889
Xanthomixis cinereiceps,1930,2,16.2380797407103
Xanthomixis cinereiceps,21,3,89.1007232408122
Xanthomixis cinereiceps,35,4,6.06658234187227
Xanthomixis cinereiceps,40,4,10.6587160307101
Xanthomixis cinereiceps,105,26,0.812480411258936
Xanthomixis cinereiceps,108,26,59.0116196877182
Xanthomixis cinereiceps,1857,26,16.6994855698657
Xanthomixis cinereiceps,1875,26,51.6424033209818
Xanthomixis cinereiceps,1941,26,1.17365293457222
Xanthomixis cinereiceps,1531,30,88.5629699935415
Xanthomixis cinereiceps,1929,30,31.2831288292474
Xanthomixis cinereiceps,1949,30,1.41985175199318
Xanthomixis cinereiceps,1950,30,30.9497681570663
Xanthomixis cinereiceps,1951,30,0.531935836720109
Xanthomixis cinereiceps,1952,30,3.01150757306588
Xanthomixis cinereiceps,18,34,18.9694426773024
Xanthomixis cinereiceps,46,34,191.049731459298
Xanthomixis cinereiceps,1932,34,1.38241570732784
Xanthomixis cinereiceps,1934,34,49.8514622958453
Xanthomixis cinereiceps,1935,34,25.3295724640279
Xanthomixis cinereiceps,1939,34,59.8147369787491
Xanthomixis cinereiceps,1940,34,3.58163395581061
Xanthomixis cinereiceps,1942,34,26.791479663334
Xanthomixis cinereiceps,1943,34,29.9084357813471
Xanthomixis cinereiceps,1944,34,99.8935068148606
Xanthomixis cinereiceps,1945,34,39.4704589776066
Xanthomixis cinereiceps,1947,34,0.919496630983412
Xanthomixis cinereiceps,1948,34,6.25186649493641
Xanthomixis zosterops,12812,66,27.2715936270507
Xanthomixis zosterops,12813,66,29.4123165165292
Xanthomixis zosterops,12814,66,29.3885406549345
Xanthomixis zosterops,12815,66,20.6592519148769
Xanthomixis zosterops,12958,87,52.0931107730117
Xanthomixis zosterops,12951,82,31.1097970257607
Xanthomixis zosterops,12952,82,29.6010280215059
Xanthomixis zosterops,12990,89,26.6587824925889
Xanthomixis zosterops,12992,89,16.2380797407103
Xanthomixis zosterops,13019,92,90.3937869662622
Xanthomixis zosterops,3,1,56.8711675529887
Xanthomixis zosterops,12755,1,47.8547419104009
Xanthomixis zosterops,12988,5,19.1031559591866
Xanthomixis zosterops,12991,5,199.436775176127
Xanthomixis zosterops,717,7,93.4417769288097
Xanthomixis zosterops,13064,7,0.183695687955737
Xanthomixis zosterops,13065,7,0.642865918691873
Xanthomixis zosterops,9472,70,0.620648212959528
Xanthomixis zosterops,9483,70,0.265972006814122
Xanthomixis zosterops,9501,70,0.709200345668078
Xanthomixis zosterops,9515,70,0.177290677110672
Xanthomixis zosterops,12879,70,88.5629699935415
Xanthomixis zosterops,12880,70,0.177275942426443
Xanthomixis zosterops,12881,70,0.177274304782152
Xanthomixis zosterops,12945,70,9.04229392746901
Xanthomixis zosterops,12987,70,31.2831288292474
Xanthomixis zosterops,13088,70,1.41985175199318
Xanthomixis zosterops,13089,70,30.9497681570663
Xanthomixis zosterops,13090,70,0.531935836720109
Xanthomixis zosterops,13091,70,3.01150757306588
Xanthomixis zosterops,3130,71,0.812480411258936
Xanthomixis zosterops,12849,71,16.6994855698657
Xanthomixis zosterops,12851,71,0.180557963597178
Xanthomixis zosterops,12877,71,51.6424033209818
Xanthomixis zosterops,12919,71,59.0116196877182
Xanthomixis zosterops,13055,71,1.17365293457222
Xanthomixis zosterops,399,88,1.74986507844758
Xanthomixis zosterops,400,88,49.838144357936
Xanthomixis zosterops,432,88,1.19697195979726
Xanthomixis zosterops,537,88,0.4598808172791
Xanthomixis zosterops,1987,88,266.73838817703
Xanthomixis zosterops,13004,88,28.7773817194842
Xanthomixis zosterops,13005,88,59.3584008869
Xanthomixis zosterops,13024,88,180.351922799822
Xanthomixis zosterops,13043,88,19.4390238963762
Xanthomixis zosterops,13063,88,22.858108584332
Xanthomixis zosterops,13071,88,1.38241570732784
Xanthomixis zosterops,13072,88,229.563098744103
Xanthomixis zosterops,13073,88,3.22509111988759
Xanthomixis zosterops,13074,88,1.19747486800289
Xanthomixis zosterops,13075,88,6.63162645037937
Xanthomixis zosterops,13076,88,41.3466555927123
Xanthomixis zosterops,13077,88,18.9694426773024
Xanthomixis zosterops,13078,88,29.0935194916896
Xanthomixis zosterops,13079,88,165.589230952063
Xanthomixis zosterops,13080,88,167.386348684994
Xanthomixis zosterops,13081,88,0.184096948427022
Xanthomixis zosterops,13082,88,129.050501831876
Xanthomixis zosterops,13083,88,191.049731459298
Xanthomixis zosterops,13085,88,0.919496630983412
Xanthomixis zosterops,13086,88,6.25186649493641
Xanthomixis zosterops,13087,88,1.37902412587363
Xanthomixis zosterops,13096,88,35.4042812702756
Xanthomixis zosterops,13097,88,31.2682529843574
Xanthomixis zosterops,13100,88,59.930225967488
Xanthomixis zosterops,13101,88,30.0885079199013
Xanthomixis zosterops,13102,88,156.395880634442
Xanthomixis zosterops,13103,88,58.8448757092075
Xanthomixis zosterops,13104,88,129.022534146316
Xanthomixis zosterops,13105,88,0.1831612099756
Xanthomixis zosterops,13107,88,21.6030064475268
Xanthomixis zosterops,13108,88,47.86339402205
Xanthomixis zosterops,13110,88,1.18887316902965
Xanthomixis zosterops,13111,88,0.365803726961494
Xanthomixis zosterops,13113,88,22.4907523126593
Xanthomixis zosterops,13115,88,0.91402228653884
Xanthomixis zosterops,13023,96,104.451769868596
Xanthomixis zosterops,13098,96,26.7192827727436
Xanthomixis zosterops,13059,94,72.6841925792621
Xanthomixis zosterops,13060,97,9.25207177810681
Xanthomixis zosterops,13040,95,18.6159244086656
Xanthomixis zosterops,13044,95,20.4450502154253
Xenopirostris polleni,51,2,30.1778725338534
Xenopirostris polleni,2120,9,27.2715936270423
Xenopirostris polleni,14,1,114.298194367356
Xenopirostris polleni,189,17,0.812480411258936
Xenopirostris polleni,433,17,59.0116196877182
Xenopirostris polleni,2126,17,51.6424033209818
Xenopirostris polleni,2127,17,16.6994855698657
Xenopirostris polleni,2182,17,1.17365293457222
Xenopirostris polleni,1625,21,59.0220175232944
Xenopirostris polleni,2161,21,29.274766839554
Xenopirostris polleni,2188,21,1.41985175199318
Xenopirostris polleni,39,26,40.2587459644549
Xenopirostris polleni,42,26,52.0631064075417
Xenopirostris polleni,44,26,41.3466555927123
Xenopirostris polleni,46,26,2.20996282989186
Xenopirostris polleni,49,26,29.8164373522979
Xenopirostris polleni,2183,26,3.22509111988759
Xenopirostris polleni,2184,26,26.9873804763462
Xenopirostris polleni,57,28,167.472423121211
Xenopirostris polleni,58,28,29.9192284064455
Xenopirostris polleni,60,28,30.0885079199013
Xenopirostris polleni,75,28,180.351922799822
Xenopirostris polleni,2177,28,35.4042812702756
Xenopirostris polleni,2178,28,26.7251927000725
Xenopirostris polleni,2179,28,29.9898296926183
Xenopirostris polleni,2180,28,23.7143706118874
Xenopirostris polleni,2181,28,24.0690321273829
Xenopirostris polleni,2186,28,89.985566622172
Xenopirostris polleni,2187,28,109.531278661034
Xenopirostris xenopirostris,36,2,0.522798031426311
Xenopirostris xenopirostris,37,2,34.402900319892
Xenopirostris xenopirostris,18,4,46.5723968884147
Xenopirostris xenopirostris,74,4,36.3826787541578
Xenopirostris xenopirostris,1,1,20.6310542039179
Xenopirostris xenopirostris,73,1,7.8043101934992
Xenopirostris xenopirostris,55,3,9.30872783193505
Xenopirostris xenopirostris,69,3,106.140787754339
Xenopirostris xenopirostris,71,3,16.3289195382351
Xenopirostris xenopirostris,72,3,0.34735036917913
Xenopirostris xenopirostris,76,3,17.4705439539317
Xenopirostris xenopirostris,77,3,0.347873258495212
