species,patch_id,pu_id,patch_area_km2
Allocebus trichotis,1,1,29.7379084643435
Allocebus trichotis,2,2,2.87885793996942
Allocebus trichotis,3,2,17.5407431045376
Avahi peyrierasi,1,1,16.1398011987152
Avahi peyrierasi,4,2,31.3717594256851
Brachyuromys ramirohitra,1,1,29.874883168016
Brachyuromys ramirohitra,2,2,31.1097970257719
Brachyuromys ramirohitra,3,2,29.6010280214969
Bradypterus seebohmi,1,1,29.6296191803173
Bradypterus seebohmi,2,1,30.9497681570648
Bradypterus seebohmi,3,1,9.04229392746949
Bradypterus seebohmi,4,1,0.62064821295929
Bradypterus seebohmi,5,1,0.265972006814122
Bradypterus seebohmi,6,1,0.709200345668078
Bradypterus seebohmi,7,1,0.177290677110672
Bradypterus seebohmi,8,1,0.177275942426443
Bradypterus seebohmi,9,1,0.177274304782391
Ceblepyris cinereus,1,1,31.6985197321722
Ceblepyris cinereus,2,2,25.2373154232593
Ceblepyris cinereus,3,3,30.0519651895546
Ceblepyris cinereus,4,3,59.8147369787795
Ceblepyris cinereus,5,3,59.9645208859875
Ceblepyris cinereus,6,3,29.9192284064497
Ceblepyris cinereus,7,3,30.088507919898
Ceblepyris cinereus,8,3,29.9898296926292
Ceblepyris cinereus,9,3,29.9758644450726
Ceblepyris cinereus,10,4,61.6276496492877
Ceblepyris cinereus,11,4,29.7570322031286
Ceblepyris cinereus,12,5,28.7010213411973
Ceblepyris cinereus,15,6,27.1204312739907
Ceblepyris cinereus,16,7,26.3636012779115
Ceblepyris cinereus,17,7,29.7238530124769
Ceblepyris cinereus,18,8,38.3946948622825
Ceblepyris cinereus,19,8,1.35457540027249
Ceblepyris cinereus,20,8,0.812480411258936
Ceblepyris cinereus,21,8,38.8224120711299
Ceblepyris cinereus,22,8,29.7639165075691
Ceblepyris cinereus,23,8,29.8365955454092
Ceblepyris cinereus,25,9,29.8917661640199
Ceblepyris cinereus,26,9,0.539803754308224
Ceblepyris cinereus,27,9,11.6046425532134
Ceblepyris cinereus,55,11,29.8432117734118
Ceblepyris cinereus,69,13,47.9724179387192
Ceblepyris cinereus,75,13,0.876075560681462
Coua ruficeps,1,1,16.3740665150728
Coua ruficeps,2,1,19.2038282114016
Coua ruficeps,3,1,1.91988596975875
Coua ruficeps,4,1,4.2053427026192
Coua ruficeps,5,1,2.19383277368402
Coua ruficeps,7,1,37.7410851750171
Coua ruficeps,8,1,22.2892814174185
Coua ruficeps,15,1,36.160372652361
Coua ruficeps,16,1,27.8442933033095
Coua ruficeps,17,1,21.9966508282123
Coua ruficeps,18,1,479.229996768173
Coua ruficeps,19,1,2.00722734047782
Coua ruficeps,20,1,9.48887854600905
Coua ruficeps,21,3,35.4924869900704
Coua ruficeps,22,3,1.79238486695898
Coua ruficeps,23,3,17.1081231937802
Coua ruficeps,24,3,2.32886922907722
Coua ruficeps,25,3,3.3134309653126
Coua ruficeps,26,3,57.9536162531294
Coua ruficeps,27,3,2.32767118465054
Coua ruficeps,28,3,2.05895008530676
Coua ruficeps,29,3,3.75955498126924
Coua ruficeps,30,3,89.7882265230072
Coua ruficeps,31,3,2.50550766269684
Coua ruficeps,32,3,216.889884187565
Coua ruficeps,33,3,1.78860352420652
Coua ruficeps,34,3,69.5197727681215
Eliurus grandidieri,1,1,0.369097689209938
Eliurus grandidieri,2,1,16.2380797407139
Eliurus grandidieri,5,1,26.6587824925881
Eliurus grandidieri,6,2,30.0991205968232
Eliurus grandidieri,7,3,28.9945355610176
Eliurus grandidieri,8,4,30.0587182645782
Eliurus grandidieri,13,6,28.1094555150568
Eliurus grandidieri,18,7,29.1983259148607
Eliurus grandidieri,19,8,31.5815648439707
Eliurus grandidieri,20,9,29.8980611397107
Eliurus grandidieri,21,10,61.2124982058673
Eliurus grandidieri,22,11,27.6229160183331
Eliurus grandidieri,23,12,29.7723925005927
Eliurus grandidieri,33,15,52.0931107730174
Eliurus grandidieri,34,16,2.24909224567234
Eliurus grandidieri,35,16,0.179934098074555
Eliurus grandidieri,36,17,2.87885793996942
Eliurus grandidieri,37,16,2.87876883525968
Eliurus grandidieri,38,16,0.899620833965421
Eliurus grandidieri,39,16,0.269868277515173
Eliurus grandidieri,40,17,17.5407431045376
Eliurus grandidieri,41,16,33.0953660842019
Eliurus grandidieri,45,19,26.5957620119
Eliurus grandidieri,47,19,0.0895341223353148
Eliurus grandidieri,48,20,86.4429060506233
Eliurus grandidieri,49,21,31.3717594256851
Eliurus grandidieri,50,22,29.2933770460047
Eliurus grandidieri,51,23,27.2103975337671
Eliurus grandidieri,52,24,23.3869369832728
Eliurus grandidieri,53,24,0.0882398636196852
Eliurus grandidieri,54,25,29.4458484051926
Eliurus grandidieri,55,25,31.2860684973484
Eliurus grandidieri,56,26,30.8233521124446
Eliurus grandidieri,57,27,81.7525025867106
Microcebus berthae,5,2,10.8090685387863
Microcebus ravelobensis,2,2,0.0914152072403431
Microcebus ravelobensis,3,2,5.85033975470436
Microcebus ravelobensis,4,2,24.6792146248902
Microcebus ravelobensis,5,2,0.0914115014762879
Microcebus ravelobensis,6,3,1.0054375043211
Microcebus ravelobensis,7,2,2.83342021114933
Microcebus ravelobensis,8,2,0.0914028473147154
Microcebus ravelobensis,9,2,0.182805694629431
Microcebus ravelobensis,10,2,1.00536820483017
Microcebus ravelobensis,11,2,1.55373825480211
Microcebus ravelobensis,12,3,2.37624750380075
Microcebus ravelobensis,13,2,0.274192454328179
Microcebus ravelobensis,14,2,0.0913954212394953
Microcebus ravelobensis,15,2,0.0913941828228235
Microcebus ravelobensis,16,3,0.182784649551272
Microcebus ravelobensis,17,3,0.0913904663075209
Microcebus ravelobensis,18,3,0.0913892270473242
Microcebus ravelobensis,19,3,0.182778454094648
Microcebus ravelobensis,20,3,7.67678403816379
Microcebus ravelobensis,21,3,8.49783825707936
Microcebus ravelobensis,23,3,0.274089461484194
Microcebus ravelobensis,24,3,0.0913643975844383
Microcebus ravelobensis,25,3,0.0913631538983583
Microcebus ravelobensis,27,3,9.50188821791184
Microcebus ravelobensis,28,3,4.56775692645169
Microcebus ravelobensis,29,3,0.456749789226651
Microcebus ravelobensis,30,3,0.0913494594436884
Microcebus ravelobensis,33,6,19.4460137230993
Microcebus ravelobensis,36,7,0.0912806047910452
Microcebus ravelobensis,37,8,0.18256120958209
Microcebus ravelobensis,38,8,2.64711363947523
Microcebus ravelobensis,39,8,2.28180747323132
Microcebus ravelobensis,44,7,34.9561422077832
Microcebus ravelobensis,45,9,24.7276188530539
Microcebus ravelobensis,46,10,47.905131750668
Microcebus ravelobensis,47,11,8.48632753355539
Microcebus ravelobensis,58,9,0.0912427791885138
Microcebus ravelobensis,59,10,0.0912402507441044
Microcebus ravelobensis,60,10,0.364942030489683
Microcebus ravelobensis,61,10,0.456175956650972
Monticola erythronotus,1,1,56.8711675529895
Monticola erythronotus,2,1,0.55664420881176
Monticola erythronotus,3,1,0.371099061261296
Monticola erythronotus,4,1,0.556625695955515
Monticola erythronotus,5,1,9.3690831852839
Monticola erythronotus,6,1,0.185535398295105
Monticola erythronotus,7,1,0.463806772104681
Monticola erythronotus,8,1,0.27827526928854
Monticola erythronotus,9,1,28.8450665179956
Monticolomys koopmani,2,2,20.7455502793206
Monticolomys koopmani,6,5,27.2715936270423
Monticolomys koopmani,7,6,29.4123165165314
Neodrepanis hypoxantha,1,1,29.874883168016
Neodrepanis hypoxantha,2,2,31.2831288292182
Neodrepanis hypoxantha,3,3,27.2715936270423
Newtonia fanovanae,2,2,29.3885406549368
Newtonia fanovanae,3,2,20.6592519148784
Newtonia fanovanae,4,2,19.9515621485482
Newtonia fanovanae,5,2,0.604549703200459
Newtonia fanovanae,6,2,0.777178853789091
Xanthomixis apperti,1,1,68.4073900828678
Phaner furcifer,1,1,26.7219759851342
Phaner furcifer,16,7,9.25542923517722
Phaner furcifer,17,7,1.48074673073471
Phaner furcifer,18,7,1.38815019469893
Phaner furcifer,20,7,1.480685356668
Phaner furcifer,21,7,0.185083622752428
Phaner furcifer,22,7,0.27762389876622
Phaner furcifer,31,13,29.671471531807
Phaner furcifer,57,16,0.643524707940877
Phaner furcifer,58,16,0.459616383672059
Phaner furcifer,59,16,9.46768015268075
Phaner furcifer,60,16,0.183841973942041
Phaner furcifer,61,16,0.643432019172192
Phaner furcifer,62,16,0.275752651619673
Phaner furcifer,63,16,0.367655302864194
Phaner furcifer,64,16,1.56243208603442
Phaner furcifer,65,16,0.275729722221732
Phaner furcifer,66,16,0.275717098941624
Phaner furcifer,67,16,0.275709061498523
Phaner furcifer,68,16,0.459508593737543
Phaner furcifer,69,16,0.643297785346329
Phaner furcifer,70,16,0.45949710468936
Phaner furcifer,71,16,1.1946710927344
Phaner furcifer,72,16,0.183794934333146
Phaner furcifer,73,16,50.5514532191364
Phaner furcifer,74,16,3.21620605602419
Phaner furcifer,75,16,0.551364106284499
Phaner furcifer,76,17,1.10266377710551
Phaner furcifer,77,17,0.183781132994473
Phaner furcifer,78,17,1.10266607838744
Phaner furcifer,79,16,0.367564567481756
Phaner furcifer,80,16,0.183777680330753
Phaner furcifer,81,16,0.551319225258708
Phaner furcifer,82,16,0.183773075227499
Phaner furcifer,83,17,9.73881683760441
Phaner furcifer,84,16,1.10259928914046
Phaner furcifer,85,17,2.02137478975803
Phaner furcifer,86,17,0.826945434479237
Phaner furcifer,87,16,0.643170052255213
Phaner furcifer,88,16,0.183763859938979
Phaner furcifer,89,16,0.183761555059075
Phaner furcifer,90,16,1.65382056523675
Phaner furcifer,91,16,1.01060090259159
Phaner furcifer,92,16,0.275615805294693
Phaner furcifer,93,17,0.826825480995119
Phaner furcifer,94,17,0.459349671094894
Phaner furcifer,95,17,0.367459639964223
Phaner furcifer,96,17,0.183724619395971
Phaner furcifer,97,17,0.275586929093957
Phaner furcifer,98,17,1.46972063059181
Phaner furcifer,99,17,0.275577679304183
Phaner furcifer,100,17,0.18370726844722
Phaner furcifer,101,18,18.1847541860198
Phaner furcifer,102,17,30.0296278397165
Phaner furcifer,103,17,0.367363554798603
Phaner furcifer,107,19,18.0890314559538
Phaner furcifer,115,17,0.275443051051259
Phaner furcifer,180,32,6.04677383137965
Phaner furcifer,182,32,0.812110214788556
Phaner furcifer,183,33,29.3041924637738
Phaner furcifer,256,43,5.52153726552057
Phaner furcifer,258,43,11.84628195428
Phaner furcifer,259,43,0.356205009382248
Phaner furcifer,325,57,44.4928427752215
Microcebus tavaratra,10,3,0.463597745714188
Microcebus tavaratra,11,3,43.2038186617151
Microcebus tavaratra,12,3,0.0927073077802658
Microcebus tavaratra,14,5,0.0926675960290432
Microcebus tavaratra,15,5,0.0926606114119887
Microcebus tavaratra,16,5,0.0926476122773886
Microcebus tavaratra,17,5,43.4528749465184
Microcebus tavaratra,18,5,0.0926436052986383
Microcebus tavaratra,31,9,0.370271373195231
Microcebus tavaratra,33,9,0.462834125284791
Microcebus tavaratra,36,9,0.0925668250995874
Microcebus tavaratra,37,9,43.0377824654073
Microcebus tavaratra,38,9,0.18513059458977
Microcebus tavaratra,43,9,1.48074673073471
Microcebus tavaratra,45,9,1.66577102635789
Microcebus tavaratra,47,9,0.27762389876622
Microcebus tavaratra,48,9,0.277610584835947
Microcebus tavaratra,49,9,0.0925361785190701
Microcebus tavaratra,63,13,0.0918911418704391
Microcebus tavaratra,64,13,0.0918911418704391
Microcebus tavaratra,65,13,0.183782283740878
Microcebus tavaratra,66,13,0.0918911418704391
Microcebus tavaratra,67,13,0.275667671454787
Microcebus tavaratra,68,13,1.92954817861235
Microcebus tavaratra,69,13,0.367500048400223
Microcebus tavaratra,70,13,0.0918715503870249
Microcebus tavaratra,71,13,0.0918703960417509
Microcebus tavaratra,72,13,0.275591552190423
Microcebus tavaratra,73,13,0.0918623096979857
Microcebus tavaratra,74,13,0.0918623096979857
Microcebus tavaratra,76,13,0.367434207116008
Microcebus tavaratra,77,13,0.183716525221109
Microcebus tavaratra,78,13,33.8991079803628
Microcebus tavaratra,99,20,0.82471987112087
Microcebus tavaratra,100,20,0.27490821936208
Microcebus tavaratra,106,20,0.0916316841893196
Microcebus tavaratra,107,20,0.0916292890166044
Microcebus tavaratra,108,20,0.366509968225718
Microcebus tavaratra,112,20,23.2729292944161
Microcebus tavaratra,115,20,3.48152099565101
Microcebus tavaratra,124,20,0.183232200932503
Microcebus tavaratra,141,25,0.182749920761347
Microcebus tavaratra,144,25,0.456848093526959
Microcebus tavaratra,145,25,0.182741225706577
Microcebus tavaratra,146,25,0.456835664464593
Microcebus tavaratra,147,25,0.182735011702538
Microcebus tavaratra,148,25,0.274101896026969
Microcebus tavaratra,149,25,0.182733768648863
Microcebus tavaratra,150,25,0.274093192542315
Microcebus tavaratra,151,25,0.182726307796717
Microcebus tavaratra,152,25,0.274081997471213
Microcebus tavaratra,153,25,4.0195369011544
Microcebus tavaratra,154,25,0.182715109353781
Microcebus tavaratra,155,25,0.0913569323071241
Microcebus tavaratra,156,25,0.0913569323071241
Microcebus tavaratra,157,25,0.0913569323071241
Microcebus tavaratra,158,25,0.091355687356472
Microcebus tavaratra,159,25,0.091355687356472
Microcebus tavaratra,160,25,0.822180016362309
Microcebus tavaratra,161,25,64.7813755391182
Microcebus tavaratra,162,25,0.822156348397851
Microcebus tavaratra,163,25,0.274053362136722
Microcebus tavaratra,164,25,6.02962584375464
Microcebus tavaratra,165,25,0.0913494594436884
Microcebus tavaratra,180,29,0.0905584602525234
Microcebus tavaratra,181,29,0.452763459861875
Microcebus tavaratra,182,29,0.0905447203236818
Microcebus tavaratra,183,29,38.2051651932297
Microcebus tavaratra,184,29,0.0905061372197867
Microcebus tavaratra,185,29,3.07696966736638
Microcebus tavaratra,186,29,0.723997986286044
Microcebus tavaratra,188,29,0.361958205401897
Microcebus tavaratra,236,38,6.4751806773603
Microcebus tavaratra,237,38,36.3318798597431
Microcebus tavaratra,238,38,0.0899370735929012
Microcebus tavaratra,239,38,0.0899312145227194
Microcebus tavaratra,240,38,0.449634089968205
Microcebus tavaratra,241,38,0.0899238860028982
Microcebus tavaratra,242,38,0.449603298739433
Microcebus tavaratra,243,38,0.359686745625973
Microcebus tavaratra,244,38,0.0899194863940477
Eremopterix hova,1641,32,11.3310980595323
Eremopterix hova,1730,41,24.0897988637466
Eremopterix hova,1541,33,17.8876522784661
Eremopterix hova,1602,33,466.866095203769
Eremopterix hova,1605,33,0.260165493234158
Eremopterix hova,1610,33,12.7407955704254
Eremopterix hova,1617,33,12.0483039035151
Eremopterix hova,1280,44,13.1672804516135
Eremopterix hova,917,26,3.1215435653218
Eremopterix hova,931,26,5.17179658846164
Eremopterix hova,971,26,23.2564340616285
Eremopterix hova,973,26,20.5002108981814
Eremopterix hova,1004,26,70.5519519286623
Eremopterix hova,1011,26,3.29419845495892
Eremopterix hova,1080,26,23.0622813791416
Eremopterix hova,1679,34,24.5074496821591
Eremopterix hova,1702,34,152.348318534064
Eremopterix hova,1721,34,27.7275849730357
Eremopterix hova,1722,34,33.3282081727574
Eremopterix hova,1725,34,47.5161649497272
Eremopterix hova,914,40,5.44071159735251
Eremopterix hova,922,40,5.35111748366976
Eremopterix hova,928,40,5.17274390201235
Eremopterix hova,930,40,1.5160247721132
Eremopterix hova,939,40,7.13355141072726
Eremopterix hova,1254,19,2.74076471963298
Eremopterix hova,1267,19,17.5870851484933
Eremopterix hova,1281,19,2.20898278369844
Eremopterix hova,1339,19,43.5541700668897
Eremopterix hova,1341,19,2.02803748513663
Eremopterix hova,1349,19,2.11576712074339
Eremopterix hova,1352,19,9.2570612880466
Eremopterix hova,1356,19,481.309398297711
Eremopterix hova,1361,19,4.31856011909926
Eremopterix hova,1398,19,13.0307413413458
Eremopterix hova,1409,19,3.87195306908155
Eremopterix hova,1411,19,6.06907414019739
Eremopterix hova,1418,19,2.0227276564877
Eremopterix hova,779,14,0.447875492794514
Eremopterix hova,780,14,0.716576547635794
Eremopterix hova,791,14,1.79096353913164
Eremopterix hova,804,14,1.9695149083488
Eremopterix hova,805,14,1.52182598961449
Eremopterix hova,810,14,26.9360025103218
Eremopterix hova,811,14,0.358042122387886
Eremopterix hova,812,14,0.268520162322521
Eremopterix hova,831,14,0.89446200739193
Eremopterix hova,834,14,22.6292422166589
Eremopterix hova,838,14,2.86157776304519
Eremopterix hova,840,14,0.536503212695122
Eremopterix hova,841,14,1.87770515916026
Eremopterix hova,854,14,4.73613397636772
Eremopterix hova,1734,14,12.3361469895544
Eremopterix hova,1735,14,3.30518937351549
Eremopterix hova,1007,43,16.3782069258974
Eremopterix hova,1029,43,3.91469337489319
Eremopterix hova,1033,43,3.20252672607589
Lepilemur ankaranensis,10,2,0.463781360735595
Lepilemur ankaranensis,11,2,120.652777342255
Lepilemur ankaranensis,12,2,0.278243954662919
Lepilemur ankaranensis,13,2,0.185478644791543
Lepilemur ankaranensis,14,2,0.185474717534482
Lepilemur ankaranensis,15,2,0.64914825101471
Lepilemur ankaranensis,16,2,0.27820176096189
Lepilemur ankaranensis,17,2,0.18546587502265
Lepilemur ankaranensis,18,2,0.18545505566138
Lepilemur ankaranensis,19,2,6.4908973798604
Lepilemur ankaranensis,20,2,8.437097733572
Lepilemur ankaranensis,21,2,0.185438309593201
Lepilemur ankaranensis,22,2,0.185425482894003
Lepilemur ankaranensis,33,7,0.370271373195231
Lepilemur ankaranensis,34,7,0.462834125284791
Lepilemur ankaranensis,35,7,43.0377824654073
Lepilemur ankaranensis,36,7,0.18513059458977
Lepilemur ankaranensis,37,7,1.48074673073471
Lepilemur ankaranensis,38,7,1.38815019469893
Lepilemur ankaranensis,39,7,1.66577102635789
Lepilemur ankaranensis,40,7,0.185083622752428
Lepilemur ankaranensis,41,7,0.27762389876622
Lepilemur ankaranensis,42,7,0.277610584835947
Bradypterus brunneus,1,1,26.7219759851342
Bradypterus brunneus,2,1,28.8450665179956
Bradypterus brunneus,5,3,20.138749453242
Bradypterus brunneus,9,3,108.135278602271
Bradypterus brunneus,10,3,29.0015402895183
Bradypterus brunneus,22,5,27.3332108829928
Bradypterus brunneus,148,9,63.0357521910371
Bradypterus brunneus,168,9,59.881004972218
Bradypterus brunneus,176,9,477.262363892548
Bradypterus brunneus,179,11,30.0604823682028
Bradypterus brunneus,180,12,0.366630708439112
Bradypterus brunneus,184,12,13.0139317565306
Bradypterus brunneus,199,12,9.80316484078359
Bradypterus brunneus,244,14,53.8574427822496
Bradypterus brunneus,251,14,10.6968829958979
Bradypterus brunneus,252,14,0.639903980595112
Bradypterus brunneus,253,14,19.8342738737461
Bradypterus brunneus,256,14,27.8649948113812
Bradypterus brunneus,258,15,202.977736328341
Bradypterus brunneus,274,17,207.94401221287
Bradypterus brunneus,275,17,2.35459958157456
Bradypterus brunneus,279,17,0.45276620742929
Bradypterus brunneus,280,17,70.8850574804623
Bradypterus brunneus,281,17,0.271612151348233
Bradypterus brunneus,283,17,601.562508555464
Bradypterus brunneus,284,17,29.8148585017802
Bradypterus brunneus,285,17,89.0582193095496
Bradypterus brunneus,286,18,27.7212728790266
Bradypterus brunneus,289,17,237.047813731539
Bradypterus brunneus,294,21,89.2953177144091
Bradypterus brunneus,485,26,9.61649380968237
Bradypterus brunneus,971,30,0.536506285074949
Bradypterus brunneus,978,30,1.6093036660248
Bradypterus brunneus,989,30,2.68197177587867
Bradypterus brunneus,1022,30,18.1388036375356
Bradypterus brunneus,1023,30,9.55999280484569
Bradypterus brunneus,1034,30,1.34011816687596
Bradypterus brunneus,1050,45,14.8226996180064
Bradypterus brunneus,1085,32,19.6901923251381
Bradypterus brunneus,1091,32,15.9430514692196
Bradypterus brunneus,1092,32,64.9231399137663
Bradypterus brunneus,1098,32,0.267144246867418
Bradypterus brunneus,165,10,28.1621968134122
Bradypterus brunneus,170,10,17.2426080660371
Bradypterus brunneus,173,10,22.7394839783911
Bradypterus brunneus,259,16,133.816299663768
Bradypterus brunneus,261,16,24.332176432407
Bradypterus brunneus,263,16,101.693445870389
Bradypterus brunneus,265,16,0.637843249983668
Bradypterus brunneus,267,16,0.36446772771287
Bradypterus brunneus,268,16,362.118361945286
Bradypterus brunneus,142,8,232.714519946236
Bradypterus brunneus,162,8,1.37619193792653
Bradypterus brunneus,164,8,7.33995854315436
Bradypterus brunneus,166,8,25.685174599181
Bradypterus brunneus,169,8,29.7146705407355
Bradypterus brunneus,57,6,248.890133977388
Bradypterus brunneus,62,6,60.1378843138808
Bradypterus brunneus,64,6,29.6046676179308
Bradypterus brunneus,65,6,30.0593642453539
Bradypterus brunneus,69,6,0.276585554329455
Bradypterus brunneus,70,6,2.30487087117308
Bradypterus brunneus,72,6,6.17668561983395
Bradypterus brunneus,85,6,30.1386857981062
Bradypterus brunneus,86,6,29.677842472172
Bradypterus brunneus,93,6,4.23939400596285
Bradypterus brunneus,95,6,172.201468025062
Bradypterus brunneus,96,6,0.184316887481749
Bradypterus brunneus,100,6,97.1177360994822
Bradypterus brunneus,104,6,0.368388200792551
Bradypterus brunneus,105,6,343.573617305161
Bradypterus brunneus,106,6,0.460479690076709
Bradypterus brunneus,107,6,0.276287814046025
Bradypterus brunneus,109,6,19.1535753317625
Bradypterus brunneus,114,6,352.715479387311
Bradypterus brunneus,115,6,221.295974344572
Bradypterus brunneus,117,6,27.2149957774931
Bradypterus brunneus,118,6,27.1236302449286
Bradypterus brunneus,119,6,89.9855666221485
Bradypterus brunneus,121,6,321.254885260185
Bradypterus brunneus,171,6,67.6070215044708
Bradypterus brunneus,1029,47,3.03774835122001
Bradypterus brunneus,1049,47,13.3014223450974
Bradypterus brunneus,1051,47,2.41024649195707
Bradypterus brunneus,1052,47,39.3759664700519
Bradypterus brunneus,1102,33,7.47719265585076
Bradypterus brunneus,1103,33,0.801105702370286
Bradypterus brunneus,1105,33,3.47081632072496
Bradypterus brunneus,1119,33,31.1364195545411
Bradypterus brunneus,1129,33,4.09114334311438
Bradypterus brunneus,1133,33,0.355704842121363
Bradypterus brunneus,1144,33,7.37843342656613
Bradypterus brunneus,1196,51,1.06592025210488
Bradypterus brunneus,1209,51,29.9258769405396
Bradypterus brunneus,1240,51,189.758170306537
Bradypterus brunneus,1245,51,0.620648212959528
Bradypterus brunneus,1246,51,0.265972006814122
Bradypterus brunneus,1249,51,0.709200345668078
Bradypterus brunneus,1257,51,0.531537427095413
Bradypterus brunneus,1270,51,506.803465255964
Bradypterus brunneus,1279,51,0.264975197407126
Bradypterus brunneus,1280,51,1.94269399182034
Bradypterus brunneus,1281,51,1.32446653053212
Bradypterus brunneus,1282,51,15.5382180053514
Bradypterus brunneus,1285,51,56.6499414624426
Bradypterus brunneus,1287,51,0.264525155402303
Bradypterus brunneus,1288,51,12.9602999331232
Bradypterus brunneus,1292,51,1.85141498457396
Bradypterus brunneus,1300,51,0.352587115600109
Bradypterus brunneus,1303,51,1.05747752482116
Bradypterus brunneus,1310,51,0.264157514937997
Bradypterus brunneus,1311,51,4.31124233271003
Bradypterus brunneus,1313,51,821.232684375466
Bradypterus brunneus,1322,34,176.996799985702
Bradypterus brunneus,1326,34,0.788521377318382
Bradypterus brunneus,1328,34,0.700833316723585
Bradypterus brunneus,1331,34,35.8229573959674
Bradypterus brunneus,1332,34,60.9732131571158
Bradypterus brunneus,1334,34,4.55334596369445
Bradypterus brunneus,1335,34,9.10585069831289
Bradypterus brunneus,1339,34,26.1744864707682
Bradypterus brunneus,1345,34,2.45062763333797
Bradypterus brunneus,1353,34,2.1877135892266
Bradypterus brunneus,1355,34,91.0198586603931
Bradypterus brunneus,1371,34,51.3153082283476
Bradypterus brunneus,1378,34,262.421287345123
Bradypterus brunneus,1387,34,93.0003816070213
Bradypterus brunneus,1390,34,19.480796219598
Bradypterus brunneus,1400,34,5.06426714183665
Bradypterus brunneus,1401,34,0.436542653828383
Bradypterus brunneus,1403,34,1.74557379700351
Bradypterus brunneus,1426,34,425.65132201624
Bradypterus brunneus,1434,34,20.3631355255323
Bradypterus brunneus,205,13,25.8267574798982
Bradypterus brunneus,222,53,12.0800389464626
Bradypterus brunneus,287,19,0.812480411258936
Bradypterus brunneus,288,19,165.875394904808
Bradypterus brunneus,291,20,8.11255338115394
Bradypterus brunneus,312,20,0.990858053054214
Bradypterus brunneus,345,20,374.620130962879
Bradypterus brunneus,350,20,9.36089460850144
Bradypterus brunneus,389,20,0.80975233980608
Bradypterus brunneus,391,20,0.449854952373028
Bradypterus brunneus,329,23,59.4672331035835
Bradypterus brunneus,352,52,27.8130682208779
Bradypterus brunneus,375,52,20.5176208028531
Bradypterus brunneus,416,52,72.5136749076068
Bradypterus brunneus,449,52,29.8476518067058
Bradypterus brunneus,470,52,2.1572478155632
Bradypterus brunneus,471,52,13.6609346118332
Bradypterus brunneus,488,52,95.6466029108447
Bradypterus brunneus,514,52,19.3175378302095
Bradypterus brunneus,520,52,0.539008790556192
Bradypterus brunneus,612,52,62.2060774622026
Bradypterus brunneus,631,52,38.3948607084999
Bradypterus brunneus,668,52,28.346187586555
Bradypterus brunneus,925,27,17.0976937360083
Bradypterus brunneus,944,27,0.984290105745554
Bradypterus brunneus,1441,27,14.5870416720751
Hapalemur occidentalis,1,1,29.5434105097123
Hapalemur occidentalis,2,2,1.10513790659881
Hapalemur occidentalis,3,2,24.4945574344214
Hapalemur occidentalis,4,3,30.1057062332529
Hapalemur occidentalis,5,4,29.9084594166067
Hapalemur occidentalis,15,6,47.0601219852737
Hapalemur occidentalis,17,6,1.10272016136467
Hapalemur occidentalis,18,6,1.01083246940535
Hapalemur occidentalis,19,6,0.183784584811091
Hapalemur occidentalis,20,6,59.7228573598288
Hapalemur occidentalis,21,7,30.2014878964591
Hapalemur occidentalis,22,8,59.9302259674964
Hapalemur occidentalis,23,9,30.088507919898
Hapalemur occidentalis,24,10,13.2035962254266
Hapalemur occidentalis,34,13,29.8631255431946
Hapalemur occidentalis,40,13,31.5959390756302
Hapalemur occidentalis,41,13,30.0317008958326
Hapalemur occidentalis,43,13,46.2326109989107
Hapalemur occidentalis,44,15,29.9258557544395
Hapalemur occidentalis,45,13,47.8633940220644
Hapalemur occidentalis,48,29,7.95854425664389
Hapalemur occidentalis,58,29,2.65253485462314
Hapalemur occidentalis,73,18,2.28477900163162
Hapalemur occidentalis,74,18,3.92959790477812
Hapalemur occidentalis,287,31,7.79134288626814
Hapalemur occidentalis,309,31,44.6638451275807
Microgale dryas,9,4,30.0587182645782
Microgale dryas,11,6,86.8019054917116
Microgale dryas,14,6,84.5717502941514
Microgale dryas,15,6,0.275470983039737
Microgale dryas,16,7,31.4720297234889
Microgale dryas,17,7,29.8132933344408
Microgale dryas,18,8,19.439023896375
Microgale dryas,19,8,0.733449546446562
Microgale dryas,20,8,58.8448757092026
Microgale dryas,21,9,25.7528153259714
Microgale dryas,22,8,28.7773817194793
Microgale dryas,23,10,27.3898332410564
Microgale dryas,26,11,22.1470734063995
Microgale dryas,28,12,0.548483832757473
Microgale dryas,29,12,0.274244386677384
Microgale dryas,30,12,5.30132175810611
Microgale dryas,31,13,2.28477900163162
Microgale dryas,32,13,3.92959790477812
Microgale dryas,38,15,7.67238536788142
Microgale dryas,39,14,0.182695180032492
Microgale dryas,45,14,14.0655761934762
Microgale dryas,47,16,2.73830994216502
Microgale dryas,49,16,0.365083405034542
Microgale dryas,50,16,10.4953631187687
Microgale dryas,51,17,30.0199160086855
Microgale dryas,58,19,0.181274117312074
Microgale dryas,59,19,30.8125924480566
Microgale dryas,60,19,29.8980611397107
Microgale dryas,61,20,11.5351376852355
Microgale dryas,62,21,29.6392652591924
Microgale dryas,68,23,45.3586244344044
Microgale dryas,69,23,0.179958904524803
Microgale dryas,70,24,2.87885793996942
Microgale dryas,71,23,2.87876883525968
Microgale dryas,72,23,0.899620833965421
Microgale dryas,73,23,0.269868277515173
Microgale dryas,74,24,17.5407431045376
Microgale dryas,75,23,33.0953660842019
Microgale dryas,76,25,6.91000743126655
Microgale dryas,134,34,5.80579014358365
Microgale dryas,135,34,1.33965979937696
Microgale dryas,136,35,0.625091935809255
Microgale dryas,137,35,14.2828846739303
Microgale dryas,142,36,0.356880130990148
Microgale dryas,143,36,8.47422071402585
Microgale dryas,144,36,2.4083891803335
Microgale dryas,149,37,2.22619413036621
Microgale dryas,150,37,8.45769562496112
Microgale dryas,154,38,25.9711413333481
Microgale dryas,155,38,0.177858824382067
Microgale dryas,157,38,9.60259051152742
Microgale dryas,158,39,57.2471492281184
Microgale dryas,159,40,31.3717594256851
Microgale dryas,160,41,58.7538227883091
Microgale dryas,164,42,1.85141498457396
Microgale dryas,165,42,7.22831769303799
Microgale dryas,166,43,29.5491653866547
Microgale dryas,168,45,2.33597082442749
Microgale dryas,169,45,0.173038084078312
Microgale dryas,170,45,57.1920356452319
Microgale mergulus,1,1,14.644944037948
Microgale mergulus,5,1,29.7439079649721
Microgale mergulus,6,2,1.19697195979726
Microgale mergulus,8,1,55.3266365133052
Microgale mergulus,9,2,21.7270555164745
Microgale mergulus,10,2,27.3374724883207
Microgale mergulus,12,2,54.2037306260149
Microgale mergulus,14,2,0.184032862201214
Microgale mergulus,15,2,0.18402045498687
Microgale mergulus,16,3,23.001548176319
Microgale mergulus,17,2,23.2776854783
Microgale mergulus,18,3,0.183992209264755
Microgale mergulus,19,4,181.783941232351
Microgale mergulus,20,4,0.919496630984008
Microgale mergulus,23,4,6.25186649493766
Microgale mergulus,24,5,26.8593180791351
Microgale mergulus,26,5,298.478667667981
Microgale mergulus,28,5,0.3660581814937
Microgale mergulus,29,5,0.366043563450038
Microgale mergulus,38,93,9.14785747598332
Microgale mergulus,46,93,2.65253485462314
Microgale mergulus,61,7,0.54698275794816
Microgale mergulus,62,7,1.73194615611374
Microgale mergulus,64,7,8.02199676955664
Microgale mergulus,66,7,146.618630143235
Microgale mergulus,74,7,0.455487860305786
Microgale mergulus,75,8,29.3140318535111
Microgale mergulus,145,14,300.535599001623
Microgale mergulus,146,15,29.3058743929101
Microgale mergulus,148,16,74.7997828912683
Microgale mergulus,154,14,31.4232349289714
Microgale mergulus,159,18,23.6377044755703
Microgale mergulus,162,19,59.5745169634666
Microgale mergulus,163,20,26.7564153779609
Microgale mergulus,165,20,0.900745251744389
Microgale mergulus,437,34,12.9394505571291
Microgale mergulus,459,34,0.71381649881804
Microgale mergulus,473,37,0.356880130990148
Microgale mergulus,481,37,13.5555435172209
Microgale mergulus,500,37,25.2399759623062
Microgale mergulus,502,37,0.624171019007087
Microgale mergulus,511,41,0.178273059561968
Microgale mergulus,512,41,0.178273059561968
Microgale mergulus,516,41,106.847903044824
Microgale mergulus,533,40,45.5460400050915
Microgale mergulus,546,41,15.9430514692196
Microgale mergulus,547,41,2.22686077615953
Microgale mergulus,564,41,2.49358240249813
Microgale mergulus,576,42,13.8900112845451
Microgale mergulus,577,43,18.7863371309877
Microgale mergulus,711,44,7.37843342656613
Microgale mergulus,925,51,29.8855061415654
Microgale mergulus,1118,55,8.04853361831559
Microgale mergulus,1119,55,0.176908192179203
Microgale mergulus,1252,58,21.1648966658455
Microgale mergulus,1276,61,29.5797978747341
Microgale mergulus,1345,65,0.437195466725349
Microgale mergulus,1353,65,19.3204995937284
Microgale mergulus,1361,65,1.04886365815949
Microgale mergulus,1364,65,2.3597954822284
Microgale mergulus,1374,66,0.261868806515336
Microgale mergulus,1375,66,106.954913421367
Microgale mergulus,1388,66,0.522999364481807
Microgale mergulus,1392,89,88.7179555014213
Microgale mergulus,1397,67,11.7525604933958
Microgale mergulus,77,10,36.6481913524845
Microgale mergulus,85,10,0.363716343389511
Microgale mergulus,89,10,0.181833823450685
Microgale mergulus,90,10,53.8222729150423
Microgale mergulus,1268,59,1.85141498457396
Microgale mergulus,1274,59,203.050112894052
Microgale mergulus,1277,59,113.849869021407
Microgale mergulus,1279,62,101.908899801487
Microgale mergulus,1280,62,120.550228613678
Microgale mergulus,1288,62,9.10585069831289
Microgale mergulus,1290,62,14.0949371506213
Microgale mergulus,1293,62,4.11440865191126
Microgale mergulus,1301,62,0.437621760047793
Microgale mergulus,944,80,0.620648212959528
Microgale mergulus,948,80,0.265972006814122
Microgale mergulus,950,80,52.4976383683715
Microgale mergulus,1005,80,0.531537427095413
Microgale mergulus,1030,80,195.413760122417
Microgale mergulus,1068,80,49.2861747393115
Microgale mergulus,1117,80,53.053057343746
Microgale mergulus,1128,80,0.618742599579573
Microgale mergulus,1129,80,2.91674773547077
Microgale mergulus,1155,80,137.201727263771
Microgale mergulus,1211,80,0.264975197407126
Microgale mergulus,1216,80,79.6376957260539
Microgale mergulus,1227,80,1.32446653053212
Microgale mergulus,206,76,12.7853951573534
Microgale mergulus,1333,64,0.174932641012549
Microgale mergulus,1336,64,261.901219879718
Microgale mergulus,1372,64,43.8584571828506
Motacilla flaviventris,1535,8,25.1048492814392
Motacilla flaviventris,1552,8,2.54618135210347
Motacilla flaviventris,3423,46,3.1215435653218
Motacilla flaviventris,3438,46,0.445894712772012
Motacilla flaviventris,3458,46,0.356656146470189
Motacilla flaviventris,3500,46,2.49561976526737
Motacilla flaviventris,3505,46,16.6628148429691
Motacilla flaviventris,3523,46,0.623796620241881
Motacilla flaviventris,3536,46,0.267307157547951
Motacilla flaviventris,3539,46,0.623708283920288
Motacilla flaviventris,3540,46,0.801882011444092
Motacilla flaviventris,3541,46,0.980068366470218
Motacilla flaviventris,3561,46,0.890829066967964
Motacilla flaviventris,3568,46,0.267234491485953
Motacilla flaviventris,3577,46,0.356290512545109
Motacilla flaviventris,3582,46,0.890678811243176
Motacilla flaviventris,3583,46,0.356277854892731
Motacilla flaviventris,3590,46,1.69219713924563
Motacilla flaviventris,3594,46,2.67164689107799
Motacilla flaviventris,3599,46,9.79421027239156
Motacilla flaviventris,3600,46,4.71983996833682
Motacilla flaviventris,3605,46,0.267161680045486
Motacilla flaviventris,3609,46,0.356197084723115
Motacilla flaviventris,3615,46,2.67099991113234
Motacilla flaviventris,2949,37,18.5453158743801
Motacilla flaviventris,3039,37,3.76076446233773
Motacilla flaviventris,3069,37,2.95405236926329
Motacilla flaviventris,3078,37,14.7717384013501
Motacilla flaviventris,3092,37,2.05857377853394
Motacilla flaviventris,3119,37,0.357979609092236
Motacilla flaviventris,3221,37,22.2893111980528
Motacilla flaviventris,5750,37,1.96975829056716
Motacilla flaviventris,6227,37,2.41590616923284
Motacilla flaviventris,6410,37,6.26817250349927
Motacilla flaviventris,6413,37,2.14956745707965
Motacilla flaviventris,6418,37,13.161151984273
Motacilla flaviventris,1942,53,76.2993173120965
Motacilla flaviventris,6389,53,19.3775430370849
Motacilla flaviventris,6395,53,7.51090096298969
Motacilla flaviventris,6423,53,0.9048041632061
Motacilla flaviventris,6424,53,0.452403466472983
Motacilla flaviventris,6426,53,1.35703303170836
Motacilla flaviventris,3071,72,0.44756864864409
Motacilla flaviventris,3116,72,0.268486613975883
Motacilla flaviventris,3124,72,0.268469827055454
Motacilla flaviventris,3199,72,0.268358212184906
Motacilla flaviventris,3207,72,0.536671996367931
Motacilla flaviventris,3209,72,1.43109569234121
Motacilla flaviventris,3211,72,0.536642872256279
Motacilla flaviventris,3220,72,0.894340887974024
Motacilla flaviventris,3238,72,106.628133046959
Motacilla flaviventris,6309,72,8.9467417556045
Motacilla flaviventris,6420,72,0.447336641138673
Motacilla flaviventris,6421,72,1.07342518985307
Motacilla flaviventris,137,3,86.9343049463478
Motacilla flaviventris,155,3,9.7552919905203
Motacilla flaviventris,171,3,0.276058309698105
Motacilla flaviventris,186,3,0.736078434003651
Motacilla flaviventris,6428,3,0.36825436967963
Motacilla flaviventris,6430,3,5.24674449373478
Motacilla flaviventris,6433,3,2.02445275485683
Nesomys lambertoni,200,20,78.5054384879891
Nesomys lambertoni,314,24,30.1709875356668
Nesomys lambertoni,328,25,183.348481575318
Nesomys lambertoni,329,25,21.0241786897988
Nesomys lambertoni,344,28,42.3362076362399
Nesomys lambertoni,345,29,43.0398890353995
Nesomys lambertoni,103,11,64.9869920614074
Riparia cowani,165,3,68.1178643036762
Riparia cowani,520,4,76.2993173120965
Riparia cowani,2455,4,19.3775430370849
Riparia cowani,2461,4,7.51090096298969
Riparia cowani,2471,4,0.9048041632061
Riparia cowani,2472,4,0.452403466472983
Riparia cowani,2474,4,1.35703303170836
Riparia cowani,12,1,86.9343049463478
Riparia cowani,36,1,9.7552919905203
Riparia cowani,52,1,0.276058309698105
Riparia cowani,64,1,0.736078434003651
Riparia cowani,2476,1,0.36825436967963
Riparia cowani,2478,1,5.24674449373478
Riparia cowani,2481,1,2.02445275485683
Atelornis crossleyi,1,1,117.630551552853
Atelornis crossleyi,2,1,30.0399807174724
Atelornis crossleyi,3,1,354.196578546947
Atelornis crossleyi,4,1,235.928108959333
Atelornis crossleyi,6,1,18.8525092663892
Atelornis crossleyi,7,1,1048.85379570697
Atelornis crossleyi,8,2,238.959455824638
Atelornis crossleyi,11,3,3.19109242600811
Atelornis crossleyi,13,3,8.02199676955664
Atelornis crossleyi,16,3,318.754667745041
Atelornis crossleyi,187,6,9.10585069831289
Atelornis crossleyi,188,6,11.7315271312761
Atelornis crossleyi,189,6,4.11440865191126
Atelornis crossleyi,190,6,15.299799150718
Atelornis crossleyi,191,6,539.357673064952
Atelornis crossleyi,193,6,13.7963225029579
Atelornis crossleyi,194,6,7.15726590577268
Atelornis crossleyi,195,6,4.96759020573807
Atelornis crossleyi,17,4,373.878826428748
Atelornis crossleyi,18,4,22.7155726543109
Atelornis crossleyi,21,4,3.24106556468964
Atelornis crossleyi,25,4,117.385950833064
Atelornis crossleyi,30,4,4.13794503218365
Atelornis crossleyi,46,4,22.9149130427895
Atelornis crossleyi,49,4,2981.75186364299
Atelornis crossleyi,55,4,21.462615630047
Atelornis crossleyi,56,4,173.921829747969
Atelornis crossleyi,66,4,102.702458711083
Atelornis crossleyi,76,4,73.7882554520611
Atelornis crossleyi,77,4,2.96166088926137
Atelornis crossleyi,80,4,45.671038948201
Atelornis crossleyi,91,4,13.4572570814
Atelornis crossleyi,96,4,26.3690466206299
Atelornis crossleyi,106,4,3.31648883063078
Atelornis crossleyi,107,4,32.6940457276507
Atelornis crossleyi,119,4,53.6996816319194
Atelornis crossleyi,124,4,2.95197401895749
Atelornis crossleyi,128,4,38.1776667744011
Atelornis crossleyi,130,4,1.6093036660248
Atelornis crossleyi,133,4,2.68197177587867
Atelornis crossleyi,136,4,10.3650947225828
Atelornis crossleyi,139,4,2.85906809391654
Atelornis crossleyi,141,4,4.64537103983664
Atelornis crossleyi,142,4,31.9776837749489
Atelornis crossleyi,143,4,15.8078429702332
Atelornis crossleyi,144,4,2.768956542961
Atelornis crossleyi,146,4,5.17860213789487
Atelornis crossleyi,147,4,3.83926049733389
Atelornis crossleyi,148,4,18.661799738426
Atelornis crossleyi,151,4,10.0843859371828
Atelornis crossleyi,155,4,3.03338654372942
Atelornis crossleyi,157,4,133.569627029014
Atelornis crossleyi,159,4,135.11275313691
Atelornis crossleyi,163,4,2.04824535180938
Atelornis crossleyi,164,4,438.525815475433
Atelornis crossleyi,168,4,1.42368042658007
Atelornis crossleyi,170,4,241.398599180367
Atelornis crossleyi,171,4,74.2373762088212
Atelornis crossleyi,174,4,18.1303367392289
Atelornis crossleyi,180,4,59.430869974448
Atelornis crossleyi,181,4,1399.79084539616
Atelornis crossleyi,182,4,31.2309458101476
Atelornis crossleyi,184,4,30.8233521124446
Atelornis crossleyi,185,4,28.2593661830709
Atelornis crossleyi,186,4,447.725906758471
Atelornis crossleyi,197,4,23.6652236248022
Atelornis crossleyi,198,4,27.1826950971943
Atelornis crossleyi,200,4,25.6928753612249
Atelornis crossleyi,201,4,13.2152388889426
Avahi occidentalis,1,1,0.274301122583389
Avahi occidentalis,2,1,4.20557955168939
Avahi occidentalis,3,1,0.6399434845016
Avahi occidentalis,4,1,0.45708591381228
Avahi occidentalis,5,1,5.85033975470436
Avahi occidentalis,6,1,24.6792146248902
Avahi occidentalis,7,1,1.0054375043211
Avahi occidentalis,8,1,2.83342021114933
Avahi occidentalis,9,1,1.00536820483017
Avahi occidentalis,10,1,2.37624750380075
Avahi occidentalis,11,1,0.274192454328179
Avahi occidentalis,12,1,1.5536069370805
Avahi occidentalis,13,1,0.548346514569998
Avahi occidentalis,14,1,0.548322966099382
Avahi occidentalis,15,1,8.31651482316256
Avahi occidentalis,16,1,1.27936982512558
Avahi occidentalis,17,1,2.10170416140425
Avahi occidentalis,18,1,16.5402429724617
Avahi occidentalis,19,1,8.49783825707936
Avahi occidentalis,20,1,0.274089461484194
Avahi occidentalis,21,1,10.9639024804161
Avahi occidentalis,22,1,4.56775692645169
Avahi occidentalis,23,1,0.456749789226651
Avahi occidentalis,24,2,27.8509599131645
Avahi occidentalis,25,3,0.547944469634652
Avahi occidentalis,26,3,1.36983741289043
Avahi occidentalis,27,3,0.365240409358501
Avahi occidentalis,28,3,1.46089898014283
Avahi occidentalis,29,3,0.456539862202287
Avahi occidentalis,31,3,0.73026370028019
Avahi occidentalis,32,3,62.5364411378372
Avahi occidentalis,33,3,0.547674823724389
Avahi occidentalis,34,3,1.64285957804191
Avahi occidentalis,35,3,0.912692769446373
Avahi occidentalis,36,3,0.638874861070156
Avahi occidentalis,37,3,0.82137056838429
Avahi occidentalis,38,3,0.456318663737774
Avahi occidentalis,39,3,1.64265917571056
Avahi occidentalis,40,3,373.650765556728
Avahi occidentalis,42,3,2.09870394610953
Avahi occidentalis,44,3,0.273718223156929
Avahi occidentalis,45,3,0.273718223156929
Avahi occidentalis,46,3,2.0072273404777
Avahi occidentalis,47,3,0.273705573990226
Avahi occidentalis,51,3,0.547380770865917
Avahi occidentalis,55,3,0.273672653065681
Avahi occidentalis,56,3,0.364940765320301
Brachytarsomys albicauda,4,1,29.0069159967293
Brachytarsomys albicauda,9,1,0.646613986480057
Brachytarsomys albicauda,11,3,16.7109386026331
Brachytarsomys albicauda,16,4,22.2456499345838
Brachytarsomys albicauda,18,5,21.0323881548508
Brachytarsomys albicauda,21,6,20.4518112567714
Brachytarsomys albicauda,23,7,40.2587459644453
Brachytarsomys albicauda,24,8,30.1057095869771
Brachytarsomys albicauda,34,10,26.1977896327092
Brachytarsomys albicauda,57,14,31.6555057569177
Brachytarsomys albicauda,58,15,90.0402911053434
Brachytarsomys albicauda,60,16,25.7528153259714
Brachytarsomys albicauda,61,15,181.848886800249
Brachytarsomys albicauda,62,16,0.0916520090399981
Brachytarsomys albicauda,63,17,12.0800389464626
Brachytarsomys albicauda,99,22,28.6147550266778
Brachytarsomys albicauda,105,23,58.4835477685089
Brachytarsomys albicauda,131,26,16.938559355233
Brachytarsomys albicauda,140,27,9.77879118232751
Brachytarsomys albicauda,146,29,29.3962875975902
Brachytarsomys albicauda,147,30,120.46829350395
Brachytarsomys albicauda,148,31,29.9181439908732
Brachytarsomys albicauda,150,32,9.36089460850144
Brachytarsomys albicauda,158,33,73.1821801039589
Brachytarsomys albicauda,160,33,0.359941135222435
Brachytarsomys albicauda,165,33,3.05917884805703
Brachytarsomys albicauda,168,34,5.39755232436275
Brachytarsomys albicauda,171,33,14.753579050151
Brachytarsomys albicauda,203,34,0.719492194127441
Brachytarsomys albicauda,220,36,0.0899194863940477
Brachytarsomys albicauda,221,36,0.359669143445253
Brachytarsomys albicauda,222,36,5.30481533951044
Brachytarsomys albicauda,245,40,8.17787618780792
Brachytarsomys albicauda,246,41,67.2551123067751
Brachytarsomys albicauda,265,43,12.1608735246027
Brachytarsomys albicauda,266,43,1.15387874647725
Brachytarsomys albicauda,267,44,29.6094616040561
Brachytarsomys albicauda,268,45,29.6010467651863
Brachytarsomys albicauda,270,46,1.23179382994485
Brachytarsomys albicauda,271,46,102.985823825196
Brachytarsomys albicauda,272,47,16.2846855770854
Brachytarsomys albicauda,275,48,0.874369558251738
Brachytarsomys albicauda,276,48,16.7850487980654
Brachytarsomys albicauda,229,37,14.9236642889237
Brachytarsomys albicauda,70,19,85.9251631177919
Brachytarsomys albicauda,101,51,28.0756352672718
Brachytarsomys albicauda,228,39,31.3665061389744
Cheirogaleus crossleyi,9,3,27.6105856505435
Cheirogaleus crossleyi,39,8,30.05936970124
Cheirogaleus crossleyi,50,8,30.0529589014118
Cheirogaleus crossleyi,59,10,40.7412283962611
Cheirogaleus crossleyi,60,11,31.7906699104842
Cheirogaleus crossleyi,61,12,89.107308877178
Cheirogaleus crossleyi,62,13,176.131236664706
Cheirogaleus crossleyi,63,14,139.131437610026
Cheirogaleus crossleyi,67,16,0.275296915365994
Cheirogaleus crossleyi,69,16,0.7341004570086
Cheirogaleus crossleyi,73,16,0.275287525101185
Cheirogaleus crossleyi,74,16,21.9288787984108
Cheirogaleus crossleyi,77,17,15.3223271836708
Cheirogaleus crossleyi,79,17,0.183486607864857
Cheirogaleus crossleyi,83,18,28.2538127147655
Cheirogaleus crossleyi,88,16,120.985064922109
Cheirogaleus crossleyi,90,19,0.183394440543294
Cheirogaleus crossleyi,92,19,133.88844646315
Cheirogaleus crossleyi,94,21,363.356307114179
Cheirogaleus crossleyi,97,101,0.823962508269906
Cheirogaleus crossleyi,98,101,29.7498920158133
Cheirogaleus crossleyi,99,22,12.0800389464626
Cheirogaleus crossleyi,104,24,0.457519100419343
Cheirogaleus crossleyi,105,24,0.36601674408102
Cheirogaleus crossleyi,106,24,220.00841719046
Cheirogaleus crossleyi,107,24,31.2682529843551
Cheirogaleus crossleyi,122,26,3.10483766981149
Cheirogaleus crossleyi,124,26,36.0637816435398
Cheirogaleus crossleyi,125,27,31.6704292118388
Cheirogaleus crossleyi,127,28,0.820222737159848
Cheirogaleus crossleyi,128,28,34.5447816896857
Cheirogaleus crossleyi,130,29,27.0588145253876
Cheirogaleus crossleyi,131,30,27.787629126687
Cheirogaleus crossleyi,132,31,119.175203345855
Cheirogaleus crossleyi,133,32,31.2175252793641
Cheirogaleus crossleyi,134,33,0.363670280874491
Cheirogaleus crossleyi,135,33,78.4704143314605
Cheirogaleus crossleyi,147,34,66.8385624695136
Cheirogaleus crossleyi,214,39,78.0782588707669
Cheirogaleus crossleyi,215,40,179.297888236561
Cheirogaleus crossleyi,216,40,31.4589038776532
Cheirogaleus crossleyi,217,41,241.887485379469
Cheirogaleus crossleyi,219,43,59.0116196877248
Cheirogaleus crossleyi,221,44,45.4757890931163
Cheirogaleus crossleyi,250,98,9.73604649609208
Cheirogaleus crossleyi,296,49,45.3586244344044
Cheirogaleus crossleyi,308,49,0.179958904524803
Cheirogaleus crossleyi,315,49,2.87876883525968
Cheirogaleus crossleyi,318,49,0.899620833965421
Cheirogaleus crossleyi,323,49,0.269868277515173
Cheirogaleus crossleyi,337,49,0.719515621875763
Cheirogaleus crossleyi,356,49,0.179825766887188
Cheirogaleus crossleyi,365,49,102.049917286788
Cheirogaleus crossleyi,366,54,36.0280846591133
Cheirogaleus crossleyi,383,53,23.2747347847499
Cheirogaleus crossleyi,398,55,21.462615630047
Cheirogaleus crossleyi,406,56,6.55285039406431
Cheirogaleus crossleyi,432,62,159.911210588601
Cheirogaleus crossleyi,433,62,0.178797503501534
Cheirogaleus crossleyi,453,64,0.714451520683527
Cheirogaleus crossleyi,456,64,35.2650236768819
Cheirogaleus crossleyi,458,64,1.25003945505071
Cheirogaleus crossleyi,463,64,23.5591732933875
Cheirogaleus crossleyi,464,64,0.446176292874932
Cheirogaleus crossleyi,465,64,1.07071694061661
Cheirogaleus crossleyi,466,65,119.353693162325
Cheirogaleus crossleyi,467,66,1.69403267629004
Cheirogaleus crossleyi,470,66,19.9698862036375
Cheirogaleus crossleyi,471,67,6.49600297978592
Cheirogaleus crossleyi,472,67,0.177981762779713
Cheirogaleus crossleyi,473,67,0.177973798285246
Cheirogaleus crossleyi,491,67,55.594290604873
Cheirogaleus crossleyi,494,67,0.177858824382067
Cheirogaleus crossleyi,498,67,9.60259051152742
Cheirogaleus crossleyi,514,73,13.8438613020605
Cheirogaleus crossleyi,530,75,30.9497681570648
Cheirogaleus crossleyi,552,78,258.998300131645
Cheirogaleus crossleyi,561,80,0.441649912203312
Cheirogaleus crossleyi,566,80,0.441623093728662
Cheirogaleus crossleyi,570,80,18.8104914599278
Cheirogaleus crossleyi,586,81,31.2309458101476
Cheirogaleus crossleyi,587,81,29.5442451853465
Cheirogaleus crossleyi,588,82,0.176393566362143
Cheirogaleus crossleyi,589,82,9.96522001104965
Cheirogaleus crossleyi,592,83,27.5061086043162
Cheirogaleus crossleyi,593,83,31.1979387113482
Cheirogaleus crossleyi,594,84,15.0601537007796
Cheirogaleus crossleyi,606,99,0.262374952285051
Cheirogaleus crossleyi,624,99,24.3942696526354
Cheirogaleus crossleyi,627,86,10.7526742760164
Cheirogaleus crossleyi,677,90,2.53184536937308
Cheirogaleus crossleyi,680,90,7.15726590577268
Cheirogaleus crossleyi,687,91,55.1596455068567
Cheirogaleus crossleyi,64,15,0.367143398642659
Cheirogaleus crossleyi,65,15,4.95616607062143
Cheirogaleus crossleyi,66,15,19.8205211282847
Cheirogaleus crossleyi,78,15,1.37619193792653
Cheirogaleus crossleyi,207,100,35.7168108616627
Cheirogaleus crossleyi,636,102,138.995252480757
Cheirogaleus crossleyi,640,102,4.10689038569617
Cheirogaleus crossleyi,379,52,122.776089230281
Cheirogaleus crossleyi,399,52,148.221398937538
Cheirogaleus crossleyi,297,50,235.928992427274
Cheirogaleus crossleyi,314,50,2.60899988096642
Crossleyia xanthophrys,1,1,115.532366832524
Crossleyia xanthophrys,2,2,27.3332108829928
Crossleyia xanthophrys,13,4,29.7954089278805
Crossleyia xanthophrys,14,5,30.0657602548156
Crossleyia xanthophrys,20,7,29.677842472172
Crossleyia xanthophrys,21,6,24.1477017362652
Crossleyia xanthophrys,22,7,31.6985197321722
Crossleyia xanthophrys,23,7,28.8356812149402
Crossleyia xanthophrys,24,7,162.163320517299
Crossleyia xanthophrys,25,7,29.3691818463613
Crossleyia xanthophrys,26,8,59.1002417942704
Crossleyia xanthophrys,27,9,47.6733437306255
Crossleyia xanthophrys,28,9,59.7117294058333
Crossleyia xanthophrys,29,10,83.2133630683468
Crossleyia xanthophrys,53,14,21.9141509238995
Crossleyia xanthophrys,63,13,0.366630708439112
Crossleyia xanthophrys,67,13,13.0139317565306
Crossleyia xanthophrys,74,15,90.0615537520635
Crossleyia xanthophrys,78,13,9.80316484078359
Crossleyia xanthophrys,98,17,28.6147550266778
Crossleyia xanthophrys,99,17,26.6029137583022
Crossleyia xanthophrys,100,17,29.8678332284331
Crossleyia xanthophrys,101,17,29.8678668720725
Crossleyia xanthophrys,102,18,30.8125924480566
Crossleyia xanthophrys,103,18,29.8980611397107
Crossleyia xanthophrys,104,19,209.508297572759
Crossleyia xanthophrys,105,19,211.615982289014
Crossleyia xanthophrys,106,20,122.59724913411
Crossleyia xanthophrys,107,21,116.398452213626
Crossleyia xanthophrys,240,27,31.7562715850688
Crossleyia xanthophrys,244,27,0.717998370072842
Crossleyia xanthophrys,250,27,1.70500038022685
Crossleyia xanthophrys,265,27,1.16645897100115
Crossleyia xanthophrys,270,27,11.5728832363105
Crossleyia xanthophrys,282,27,1.16614342543793
Crossleyia xanthophrys,389,34,15.9430514692196
Crossleyia xanthophrys,390,34,30.104325679585
Crossleyia xanthophrys,391,35,7.47719265585076
Crossleyia xanthophrys,392,35,0.801105702370286
Crossleyia xanthophrys,394,35,2.75890041915631
Crossleyia xanthophrys,397,35,14.6775891612542
Crossleyia xanthophrys,398,35,4.09114334311438
Crossleyia xanthophrys,399,35,7.37843342656613
Crossleyia xanthophrys,408,47,27.8834162356298
Crossleyia xanthophrys,410,47,56.3543703956452
Crossleyia xanthophrys,412,47,57.1303865703661
Crossleyia xanthophrys,413,36,49.2678285290477
Crossleyia xanthophrys,414,36,0.354345133471251
Crossleyia xanthophrys,416,37,141.542495493491
Crossleyia xanthophrys,417,37,59.046060356799
Crossleyia xanthophrys,418,37,27.2103975337671
Crossleyia xanthophrys,419,37,1.32446653053212
Crossleyia xanthophrys,420,37,15.5382180053514
Crossleyia xanthophrys,423,38,87.8567465070326
Crossleyia xanthophrys,435,40,25.4876078240188
Crossleyia xanthophrys,436,40,4.55334596369445
Crossleyia xanthophrys,438,40,86.6859480895541
Crossleyia xanthophrys,442,41,49.4813402978266
Crossleyia xanthophrys,445,42,9.95451368525862
Crossleyia xanthophrys,447,42,0.436542653828383
Crossleyia xanthophrys,448,43,25.7114929375187
Crossleyia xanthophrys,449,44,22.6346906162142
Crossleyia xanthophrys,450,45,27.2715936270423
Crossleyia xanthophrys,31,12,29.290227912244
Crossleyia xanthophrys,34,12,18.9148983457112
Crossleyia xanthophrys,35,12,0.367143398642659
Crossleyia xanthophrys,36,12,4.95616607062143
Crossleyia xanthophrys,37,12,19.8205211282847
Crossleyia xanthophrys,38,12,0.367093046224177
Crossleyia xanthophrys,47,12,1.37619193792653
Crossleyia xanthophrys,48,12,7.33995854315436
Crossleyia xanthophrys,108,22,29.7723925005927
Crossleyia xanthophrys,109,22,109.61137617089
Crossleyia xanthophrys,117,22,0.720493562288523
Crossleyia xanthophrys,122,22,41.8722942827303
Crossleyia xanthophrys,126,22,9.36089460850144
Crossleyia xanthophrys,155,22,0.80975233980608
Crossleyia xanthophrys,156,22,0.449854952373028
Crossleyia xanthophrys,322,28,2.68654776834023
Crossleyia xanthophrys,338,28,2.59653515384889
Crossleyia xanthophrys,340,28,0.537209295018554
Crossleyia xanthophrys,348,28,17.0976937360139
Crossleyia xanthophrys,352,28,14.5870416720767
Crossleyia xanthophrys,356,28,0.984290105745554
Crossleyia xanthophrys,110,23,27.3206914378619
Crossleyia xanthophrys,112,23,19.5551881950425
Crossleyia xanthophrys,113,23,59.8276927018104
Crossleyia xanthophrys,116,23,29.8194345089219
Crossleyia xanthophrys,145,48,48.3306337337073
Crossleyia xanthophrys,172,48,93.7600760094731
Crossleyia xanthophrys,206,48,111.818793692567
Crossleyia xanthophrys,208,48,0.26951104991436
Eulemur mongoz,4,2,9.55194743301518
Eulemur mongoz,5,2,0.27820176096189
Eulemur mongoz,6,2,6.4908973798604
Eulemur mongoz,7,2,8.437097733572
Eulemur mongoz,208,38,37.6497033879563
Eulemur mongoz,431,38,22.2892814174211
Eulemur mongoz,193,40,19.2038282113973
Eulemur mongoz,205,40,1.91988596975887
Eulemur mongoz,206,40,4.2053427026192
Eulemur mongoz,432,40,2.19383277368414
Eulemur mongoz,170,39,16.3740665150672
Eulemur mongoz,118,9,0.732451485653877
Eulemur mongoz,154,9,104.61434809919
Eulemur mongoz,447,9,3.11329257240254
Eulemur mongoz,448,9,14.1007399868137
Eulemur mongoz,461,9,2.56288165690053
Eulemur mongoz,463,9,0.274669912564755
Eulemur mongoz,464,9,0.366225743037939
Eulemur mongoz,465,9,0.549305915590942
Eulemur mongoz,467,9,0.366233005417585
Eulemur mongoz,227,15,0.547944469634652
Eulemur mongoz,229,15,1.36983741289043
Eulemur mongoz,234,15,0.365240409358501
Eulemur mongoz,237,15,1.46089898014283
Eulemur mongoz,238,15,0.456539862202287
Eulemur mongoz,242,15,0.73026370028019
Eulemur mongoz,243,15,62.5364411378372
Eulemur mongoz,244,15,0.547674823724389
Eulemur mongoz,245,15,1.64285957804191
Eulemur mongoz,246,15,0.912692769446373
Eulemur mongoz,247,15,0.638874861070156
Eulemur mongoz,248,15,14.8774610751529
Eulemur mongoz,249,15,0.82137056838429
Eulemur mongoz,250,15,0.456318663737774
Eulemur mongoz,251,15,1.64265917571056
Eulemur mongoz,252,15,305.540289073514
Eulemur mongoz,256,15,2.09870394610906
Eulemur mongoz,262,15,0.273718223156929
Eulemur mongoz,263,15,0.273718223156929
Eulemur mongoz,264,15,2.00722734047782
Eulemur mongoz,265,15,0.364942030489683
Eulemur mongoz,266,15,0.456175956650972
Eulemur mongoz,267,15,0.273705573990583
Eulemur mongoz,270,15,0.547380770865679
Eulemur mongoz,271,15,0.273672653065681
Eulemur mongoz,462,15,19.4460137230934
Hapalemur aureus,15,2,19.6899412956808
Hapalemur aureus,67,27,9.71559057942391
Hapalemur aureus,124,11,13.0948502482874
Hapalemur aureus,135,11,0.448364122523308
Hapalemur aureus,137,11,0.17933573762548
Hapalemur aureus,391,22,24.3204092939467
Hapalemur aureus,399,22,14.9409987553381
Hapalemur aureus,408,22,0.176788365915775
Hapalemur aureus,261,20,0.266354387012362
Hapalemur aureus,333,20,9.04229392746949
Hapalemur aureus,334,20,0.620648212959528
Hapalemur aureus,337,20,0.265972006814122
Hapalemur aureus,341,20,0.709200345668078
Hapalemur aureus,345,20,0.177290677110672
Hapalemur aureus,347,20,0.177274304782391
Hapalemur aureus,361,20,0.265813068955421
Hapalemur aureus,369,20,623.927303626362
Hapalemur aureus,380,20,0.442565409008026
Hapalemur aureus,52,4,60.2377282612178
Hapalemur aureus,100,9,1.17365293457222
Hapalemur aureus,102,9,0.180557963597178
Hapalemur aureus,103,9,0.812480411258936
Hapalemur aureus,104,9,16.6994855698657
Hapalemur aureus,105,9,59.0116196877248
Hapalemur aureus,53,5,0.546990420511961
Hapalemur aureus,57,5,61.5091522780369
Hapalemur aureus,106,10,90.8989429406573
Hapalemur aureus,108,29,41.2213329971389
Hypogeomys antimena,1,1,16.5405274979631
Hypogeomys antimena,10,3,28.8514752628876
Hypogeomys antimena,12,3,7.14406051427138
Hypogeomys antimena,15,3,0.714404974959851
Hypogeomys antimena,17,3,0.535747839347601
Hypogeomys antimena,18,3,0.178579506715775
Hypogeomys antimena,19,3,1.87495118889713
Hypogeomys antimena,20,3,0.446428569326758
Hypogeomys antimena,21,3,0.446413028153062
Lepilemur microdon,48,7,2.48649016338259
Lepilemur microdon,49,7,5.15725681965875
Lepilemur microdon,50,7,114.283875533425
Lepilemur microdon,56,7,42.8190115776992
Lepilemur microdon,60,8,19.6108810678481
Lepilemur microdon,73,7,1.47231811580676
Lepilemur microdon,74,7,156.007591680976
Lepilemur microdon,75,7,25.761839079122
Lepilemur microdon,76,7,23.2776854783
Lepilemur microdon,120,10,34.7441383371635
Lepilemur microdon,123,11,105.585280114549
Lepilemur microdon,175,13,3.19109242600811
Lepilemur microdon,180,13,18.6867641295438
Lepilemur microdon,181,13,8.02199676955664
Lepilemur microdon,182,13,0.638009943682313
Lepilemur microdon,183,13,48.9385445661834
Lepilemur microdon,186,13,13.8476284396513
Lepilemur microdon,189,13,0.455487860305786
Lepilemur microdon,197,15,29.8485120721875
Lepilemur microdon,204,17,171.391278298688
Lepilemur microdon,500,23,24.3854318571408
Lepilemur microdon,501,23,0.88695162739408
Lepilemur microdon,502,23,2.30591929167485
Lepilemur microdon,599,24,3.80005346285582
Lepilemur microdon,600,24,38.8747082545482
Lepilemur microdon,603,24,25.877255346762
Lepilemur microdon,852,32,87.7621549241685
Lepilemur microdon,302,42,15.9373727249292
Lepilemur microdon,78,9,22.0769148552077
Lepilemur microdon,79,9,0.367897162454665
Lepilemur microdon,80,9,62.2582651923044
Lepilemur microdon,93,9,0.643524707942724
Lepilemur microdon,95,9,0.459616383672059
Lepilemur microdon,96,9,173.861491117082
Lepilemur microdon,97,9,15.3519037113669
Lepilemur microdon,98,9,0.643432019172192
Lepilemur microdon,99,9,0.367655302864194
Lepilemur microdon,100,9,1.56243208603442
Lepilemur microdon,101,9,0.459508593737543
Lepilemur microdon,102,9,0.643297785346329
Lepilemur microdon,103,9,0.45949710468936
Lepilemur microdon,104,9,1.1946710927344
Lepilemur microdon,105,9,54.780124983215
Lepilemur microdon,106,9,3.21620605602419
Lepilemur microdon,107,9,0.551364106284499
Lepilemur microdon,108,9,0.367564567481756
Lepilemur microdon,109,9,0.551319225258708
Lepilemur microdon,110,9,1.10259928914046
Lepilemur microdon,111,9,0.643170052255213
Lepilemur microdon,112,9,1.65382056523675
Lepilemur microdon,114,9,7.90020332777613
Lepilemur microdon,117,9,19.8389417544819
Lepilemur microdon,150,46,61.9645800589494
Lepilemur microdon,153,46,0.456151908539772
Lepilemur microdon,190,14,30.0186063539364
Lepilemur microdon,133,12,1.00586680030316
Lepilemur microdon,137,12,35.2866784791095
Lepilemur microdon,143,12,27.8715571080171
Lepilemur microdon,199,16,99.7425462398657
Lepilemur microdon,468,22,11.8067986252681
Lepilemur microdon,475,22,1.59748263599014
Lepilemur microdon,521,22,0.531537427095413
Lepilemur microdon,527,22,575.952231404095
Lepilemur microdon,580,22,14.9409987553346
Lepilemur microdon,196,47,15.9106349743109
Lepilemur microdon,286,43,350.797962377605
Lepilemur microdon,295,43,38.8119348857594
Lepilemur microdon,309,43,0.622952094381929
Microcebus griseorufus,1,1,18.2045818278743
Microcebus griseorufus,2,2,15.4798619858229
Microcebus griseorufus,3,3,25.3907382258116
Microcebus griseorufus,4,3,0.0869687731292248
Microcebus griseorufus,6,3,0.347746593876839
Microcebus griseorufus,9,3,0.0869155042579174
Microcebus griseorufus,10,3,58.0501686602482
Microcebus griseorufus,15,3,9.98819568179965
Microcebus griseorufus,18,3,17.0249607758761
Microcebus griseorufus,19,3,63.7981098724006
Microcebus griseorufus,23,5,38.9439751978007
Microcebus griseorufus,25,5,0.260165493234158
Microcebus griseorufus,29,5,12.0483039035151
Microcebus griseorufus,20,4,0.34714118342638
Microcebus griseorufus,21,4,9.63045044745981
Microcebus griseorufus,43,10,15.5764797698601
Microcebus griseorufus,44,10,54.0963039379451
Microcebus griseorufus,47,10,0.259797577435732
Microgale majori,12,3,10.2536076273173
Microgale majori,13,5,84.8746243504803
Microgale majori,14,5,0.184729457799852
Microgale majori,20,7,80.5939694670575
Microgale majori,41,14,278.956734991989
Microgale majori,326,53,23.6440705072063
Microgale majori,344,55,8.26858109672284
Microgale majori,350,56,7.19021782050312
Microgale majori,354,57,8.17787618780792
Microgale majori,355,59,19.6800640694541
Microgale majori,375,63,28.5548612570576
Microgale majori,381,66,3.58725959126651
Microgale majori,384,67,6.72613998483765
Microgale majori,432,77,0.715356050514937
Microgale majori,433,77,7.15316099739838
Microgale majori,438,109,1.96673406490374
Microgale majori,440,109,1.60905900991869
Microgale majori,461,106,0.535978878306985
Microgale majori,463,106,2.768956542961
Microgale majori,483,84,13.7464460674372
Microgale majori,498,86,146.161612061954
Microgale majori,502,88,19.0842084849548
Microgale majori,505,85,57.0993309992423
Microgale majori,517,89,3.29785010889542
Microgale majori,526,91,0.0890655070713759
Microgale majori,527,91,94.7805900149232
Microgale majori,532,91,80.827427429142
Microgale majori,537,91,0.0889637768560648
Microgale majori,538,91,8.71752069569504
Microgale majori,539,91,49.2908981802458
Microgale majori,544,93,0.0889318128432035
Microgale majori,545,93,3.55699395659041
Microgale majori,547,93,0.0889157999010086
Microgale majori,549,107,40.9036153245374
Microgale majori,550,107,0.0889077856971026
Microgale majori,553,96,271.635446101853
Microgale majori,557,99,3.82950872338784
Microgale majori,179,30,59.614766522213
Microgale majori,587,30,30.770113076135
Microgale majori,4,1,28.8450665179954
Microgale majori,233,33,4.41784557399475
Microgale majori,310,33,2.87876883525968
Microgale majori,311,33,0.899620833965421
Microgale majori,314,33,0.269868277515173
Microgale majori,347,33,960.326527613315
Microgale majori,484,83,11.7796203036175
Microgale majori,490,83,5.7992891340084
Microgale majori,572,104,2.33597082442749
Microgale majori,574,104,57.1920356452289
Microgale majori,425,108,0.0895067208433151
Microgale majori,473,108,421.286174015109
Microgale majori,486,108,0.0892524128385782
Microgale majori,589,108,17.0976937360083
Microgale majori,47,15,57.67030692128
Microgale majori,54,15,1411.22778658951
Microgale majori,148,111,86.8299662434819
Microgale majori,591,111,30.0199160086901
Microgale majori,592,117,57.9742847944451
Monticola imerina,54,9,0.26172474291873
Monticola imerina,56,9,158.502368871225
Monticola imerina,59,9,0.261578436938167
Monticola imerina,77,9,19.1378909890882
Monticola imerina,79,9,16.8560353044994
Monticola imerina,80,9,28.9974828240835
Monticola imerina,105,7,0.517902361305595
Monticola imerina,106,7,14.8356177445712
Monticola imerina,127,7,31.5577106569541
Monticola imerina,191,7,1.20737845729303
Monticola imerina,177,11,33.156008279996
Monticola imerina,179,11,21.1744193612297
Monticola imerina,2,1,9.25706128804803
Monticola imerina,194,1,4.31856011909986
Monticola imerina,10,2,54.2897934620137
Monticola imerina,17,2,4.90631056789207
Monticola imerina,32,2,54.5408324229195
Monticola imerina,164,2,1.92878389436269
Monticola imerina,196,2,41.0899696207646
Monticola imerina,197,2,0.26324894202733
Monticola imerina,199,2,0.526030696397066
Monticola imerina,200,2,16.4798331569069
Monticola imerina,202,2,36.3826787541578
Nesillas lantzii,224,7,25.6159204346359
Nesillas lantzii,2,1,58.7271633992105
Nesillas lantzii,45,1,16.1215402504437
Nesillas lantzii,57,1,54.5408324229195
Nesillas lantzii,248,1,54.2897934620137
Nesillas lantzii,249,1,31.4692072683324
Nesillas lantzii,251,1,36.3826787541578
Nesillas lantzii,93,6,0.959635746629
Nesillas lantzii,96,6,8.54688940804958
Nesillas lantzii,109,6,12.7243852658726
Nesillas lantzii,115,6,0.261418984541655
Nesillas lantzii,119,6,0.522798031426311
Nesillas lantzii,163,6,0.956590469680309
Nesillas lantzii,176,6,103.48826611094
Nesillas lantzii,180,6,31.4571395379628
Nesillas lantzii,181,6,0.347746593876839
Nesillas lantzii,185,6,10.5923656306142
Nesillas lantzii,190,6,107.585410785397
Nesillas lantzii,241,6,0.347687768672109
Nesillas lantzii,246,6,14.876475508235
Nesillas lantzii,253,6,25.3907382257994
Nesillas lantzii,257,6,9.98819568180025
Newtonia archboldi,2,1,58.7271633992105
Newtonia archboldi,32,1,16.1215402504437
Newtonia archboldi,45,16,54.5408324229195
Newtonia archboldi,264,1,54.2897934620137
Newtonia archboldi,265,1,29.6282884787502
Newtonia archboldi,267,16,36.3826787541578
Newtonia archboldi,160,12,150.889593339244
Newtonia archboldi,262,12,14.876475508235
Newtonia archboldi,270,12,9.98819568180025
Newtonia archboldi,110,15,12.0366525504937
Thamnornis chloropetoides,9,3,25.2530937962928
Thamnornis chloropetoides,22,8,28.0839022370625
Thamnornis chloropetoides,250,8,21.4423868237228
Thamnornis chloropetoides,6,2,2.0179631174376
Thamnornis chloropetoides,7,2,38.7634024147271
Thamnornis chloropetoides,12,2,1.92878389436472
Thamnornis chloropetoides,259,2,1.92933953728938
Thamnornis chloropetoides,260,2,0.526030696397066
Thamnornis chloropetoides,261,2,14.6389143673247
Thamnornis chloropetoides,29,4,54.5408324229195
Thamnornis chloropetoides,263,4,36.3826787541578
Thamnornis chloropetoides,136,7,155.727060960763
Thamnornis chloropetoides,187,7,212.535195769576
Thamnornis chloropetoides,244,7,157.845280077024
Thamnornis chloropetoides,246,7,16.8407713442635
Thamnornis chloropetoides,248,7,0.347687768672109
Thamnornis chloropetoides,258,7,14.876475508235
Thamnornis chloropetoides,276,7,9.98819568180025
Xenopirostris xenopirostris,1,1,88.5947400542642
Xenopirostris xenopirostris,2,1,31.4692072683515
Xenopirostris xenopirostris,10,1,16.1215402504492
Xenopirostris xenopirostris,18,1,46.5723968884147
Xenopirostris xenopirostris,73,1,23.0620316261801
Xenopirostris xenopirostris,74,1,36.3826787541578
Xenopirostris xenopirostris,29,2,5.23129722184014
Xenopirostris xenopirostris,30,2,0.435904342787385
Xenopirostris xenopirostris,36,2,0.522798031426311
Xenopirostris xenopirostris,37,2,34.402900319892
Xenopirostris xenopirostris,40,2,155.727060960763
Xenopirostris xenopirostris,55,2,14.8764755082375
Xenopirostris xenopirostris,69,2,120.836078825154
Xenopirostris xenopirostris,71,2,16.3289195382351
Xenopirostris xenopirostris,72,2,0.34735036917913
Xenopirostris xenopirostris,76,2,17.4705439539317
Accipiter henstii,6,1,130.021860527528
Accipiter henstii,7,1,43.2038186617044
Accipiter henstii,8,1,43.2675847418705
Accipiter henstii,14,1,43.0377824654073
Accipiter henstii,35,1,197.731583171071
Accipiter henstii,41,1,458.083821753779
Accipiter henstii,49,1,38.9884159684163
Accipiter henstii,56,1,54.8720161250916
Accipiter henstii,59,1,33.8991079803611
Accipiter henstii,61,1,58.8617537300254
Accipiter henstii,63,1,439.973113778875
Accipiter henstii,87,1,23.272929294417
Accipiter henstii,105,1,104.61434809919
Accipiter henstii,113,1,19.2038282113973
Accipiter henstii,115,1,22.2892814174211
Accipiter henstii,117,1,24.6792146248873
Accipiter henstii,129,1,64.7813755391271
Accipiter henstii,141,1,753.175526303529
Accipiter henstii,183,1,21847.814070505
Accipiter henstii,208,1,68.0501291261465
Accipiter henstii,224,1,170.780797274529
Accipiter henstii,226,1,70.171205546759
Accipiter henstii,230,1,36.126370737397
Accipiter henstii,234,1,280.61110980638
Accipiter henstii,238,1,50.5128889844387
Accipiter henstii,245,1,35.5206766781266
Accipiter henstii,246,1,137.38275887876
Accipiter henstii,270,1,44.6638451275753
Accipiter henstii,285,1,79.7835008618025
Accipiter henstii,288,1,170.785426053185
Accipiter henstii,289,1,224.834746882417
Accipiter henstii,296,1,11409.7677901776
Accipiter henstii,327,1,28.8370827305443
Accipiter henstii,334,1,37.7648065144268
Accipiter henstii,336,1,4806.64093062087
Accipiter henstii,348,1,1329.88182992828
Accipiter henstii,349,1,37.7410851750167
Accipiter henstii,536,1,56.8711675529887
Accipiter henstii,564,1,64.9869920614074
Accipiter henstii,603,1,54.7933720210891
Accipiter henstii,607,1,58.1494763075515
Accipiter henstii,608,1,38.3946948622806
Accipiter henstii,619,1,355.553761067319
Accipiter henstii,621,1,72.7284184850583
Accipiter henstii,625,1,57.1920356452289
Accipiter henstii,631,1,47.4469397172759
Accipiter henstii,710,1,19.4337860709381
Accipiter henstii,711,1,187.042904927285
Accipiter henstii,713,1,27.2715936270507
Accipiter henstii,714,1,29.4123165165292
Accipiter henstii,715,1,29.3885406549345
Accipiter henstii,716,1,20.6592519148769
Accipiter henstii,717,1,19.9515621485635
Accipiter henstii,204,2,38.0240908844043
Accipiter henstii,227,2,146.161730094645
Accipiter henstii,231,2,1032.09468954584
Accipiter henstii,232,2,21.0241786897988
Accipiter henstii,240,2,96.6300998643258
Accipiter henstii,256,2,154.253154616094
Accipiter henstii,260,2,90.2006443720138
Accipiter henstii,268,2,69.5634544487439
Accipiter henstii,282,2,602.651824050511
Accipiter henstii,291,2,18.0795961240766
Accipiter henstii,293,2,244.371630950341
Accipiter henstii,302,2,48.3392930565919
Accipiter henstii,307,2,18.1853961666804
Accipiter henstii,318,2,43.8138426610677
Accipiter henstii,323,2,17.1091583224724
Accipiter henstii,701,2,59.9353472358141
Accipiter henstii,706,2,29.8714330564705
Accipiter madagascariensis,173,3,103.881939000037
Accipiter madagascariensis,174,3,16.3740665150672
Accipiter madagascariensis,186,3,19.2038282114016
Accipiter madagascariensis,225,3,173.722750508177
Accipiter madagascariensis,231,3,65.5157381819169
Accipiter madagascariensis,233,3,140.823874996241
Accipiter madagascariensis,1207,3,14.9865047176591
Accipiter madagascariensis,1273,3,64.9869920614074
Accipiter madagascariensis,1277,3,14.1007399868137
Accipiter madagascariensis,1290,3,29.1295754598171
Accipiter madagascariensis,7,1,130.021860527528
Accipiter madagascariensis,9,1,43.2038186617044
Accipiter madagascariensis,17,1,43.4528749465152
Accipiter madagascariensis,21,1,43.0377824654073
Accipiter madagascariensis,51,1,197.731583171071
Accipiter madagascariensis,70,1,38.9884159684163
Accipiter madagascariensis,94,1,54.8720161250916
Accipiter madagascariensis,105,1,58.6780858784187
Accipiter madagascariensis,107,1,439.973113778875
Accipiter madagascariensis,284,1,138.891228930654
Accipiter madagascariensis,300,1,20847.1261419508
Accipiter madagascariensis,329,1,12.2180118972799
Accipiter madagascariensis,340,1,58.1494763075515
Accipiter madagascariensis,342,1,68.0501291261465
Accipiter madagascariensis,379,1,170.780797274529
Accipiter madagascariensis,387,1,70.171205546759
Accipiter madagascariensis,393,1,54.7933720210891
Accipiter madagascariensis,398,1,36.126370737397
Accipiter madagascariensis,402,1,7159.46644432096
Accipiter madagascariensis,405,1,280.61110980638
Accipiter madagascariensis,415,1,50.5128889844387
Accipiter madagascariensis,425,1,35.5206766781266
Accipiter madagascariensis,427,1,137.38275887876
Accipiter madagascariensis,460,1,44.6638451275753
Accipiter madagascariensis,488,1,77.7280514799157
Accipiter madagascariensis,498,1,180.783642575444
Accipiter madagascariensis,508,1,224.834746882417
Accipiter madagascariensis,533,1,3394.83787102196
Accipiter madagascariensis,642,1,28.8370827305443
Accipiter madagascariensis,679,1,37.7648065144268
Accipiter madagascariensis,683,1,4795.17904650601
Accipiter madagascariensis,756,1,1329.88182992828
Accipiter madagascariensis,874,1,458.083821753779
Accipiter madagascariensis,923,1,15.5764797698595
Accipiter madagascariensis,956,1,54.0963039379551
Accipiter madagascariensis,991,1,44.4928427752445
Accipiter madagascariensis,1238,1,56.8711675529887
Accipiter madagascariensis,1293,1,29.0865517793801
Accipiter madagascariensis,1294,1,47.4469397172759
Accipiter madagascariensis,1320,1,355.553761067319
Accipiter madagascariensis,1322,1,23.1220312933113
Accipiter madagascariensis,1324,1,16.0684737306582
Accipiter madagascariensis,1327,1,57.1920356452289
Accipiter madagascariensis,1335,1,9.5658888511582
Accipiter madagascariensis,1343,1,10.9920872748523
Accipiter madagascariensis,1425,1,19.4337860709381
Accipiter madagascariensis,1426,1,187.042904927285
Accipiter madagascariensis,1428,1,27.2715936270507
Accipiter madagascariensis,1429,1,29.4123165165292
Accipiter madagascariensis,1430,1,29.3885406549345
Accipiter madagascariensis,1431,1,20.6592519148769
Accipiter madagascariensis,1432,1,19.9515621485635
Accipiter madagascariensis,396,2,167.74218789238
Accipiter madagascariensis,400,2,1032.09468954584
Accipiter madagascariensis,428,2,42.3362076362427
Accipiter madagascariensis,443,2,110.634216100066
Accipiter madagascariensis,446,2,90.2006443720138
Accipiter madagascariensis,472,2,89.7882265229853
Accipiter madagascariensis,483,2,674.271924355668
Accipiter madagascariensis,506,2,16.7503128028274
Accipiter madagascariensis,517,2,16.3782069258974
Accipiter madagascariensis,531,2,94.0284960762084
Accipiter madagascariensis,539,2,509.004872819902
Accipiter madagascariensis,586,2,260.732262440753
Accipiter madagascariensis,598,2,13.1672804516124
Accipiter madagascariensis,656,2,590.589880067642
Accipiter madagascariensis,661,2,16.1215402504437
Accipiter madagascariensis,699,2,54.5408324229195
Accipiter madagascariensis,723,2,12.7407955704254
Accipiter madagascariensis,727,2,12.0483039035151
Accipiter madagascariensis,737,2,11.331098059531
Accipiter madagascariensis,749,2,157.845280077024
Accipiter madagascariensis,752,2,24.5074496821449
Accipiter madagascariensis,753,2,152.434539488664
Accipiter madagascariensis,769,2,32.897685323071
Accipiter madagascariensis,773,2,47.5161649497197
Accipiter madagascariensis,776,2,24.0897988637466
Accipiter madagascariensis,853,2,27.038656370522
Accipiter madagascariensis,867,2,17.8876522784661
Accipiter madagascariensis,920,2,63.798109872398
Accipiter madagascariensis,955,2,466.866095203728
Accipiter madagascariensis,966,2,21.0241786897857
Accipiter madagascariensis,968,2,170.754673511907
Accipiter madagascariensis,1015,2,25.9190793253232
Accipiter madagascariensis,1018,2,79.2501346083427
Accipiter madagascariensis,1027,2,43.5541700668897
Accipiter madagascariensis,1033,2,88.8579889962915
Accipiter madagascariensis,1041,2,155.727060960763
Accipiter madagascariensis,1106,2,17.1091583224724
Accipiter madagascariensis,1108,2,13.0307413413469
Accipiter madagascariensis,1111,2,112.468627701651
Accipiter madagascariensis,1214,2,14.876475508235
Accipiter madagascariensis,1313,2,36.3826787541578
Accipiter madagascariensis,1318,2,9.98819568180025
Accipiter madagascariensis,1330,2,54.2897934620137
Accipiter madagascariensis,1331,2,31.4692072683324
Accipiter madagascariensis,1367,2,10.465825454369
Accipiter madagascariensis,1409,2,27.383507147518
Accipiter madagascariensis,1410,2,22.6292422166447
Accipiter madagascariensis,1420,2,59.9353472358141
Accipiter madagascariensis,1421,2,19.8014696613791
Acrocephalus newtoni,5206,98,0.274093192542315
Acrocephalus newtoni,5282,98,0.822180016362309
Acrocephalus newtoni,5928,98,64.7813755391271
Acrocephalus newtoni,23631,98,0.456848093526959
Acrocephalus newtoni,23634,98,0.274103139080644
Acrocephalus newtoni,23721,98,5.57282749176896
Acrocephalus newtoni,23722,98,0.274081997471452
Acrocephalus newtoni,23725,98,0.274053362136602
Acrocephalus newtoni,24324,98,4.01953690115464
Acrocephalus newtoni,24325,98,0.822156348397851
Acrocephalus newtoni,3777,124,0.274908219362199
Acrocephalus newtoni,3824,124,0.366509968225718
Acrocephalus newtoni,3903,124,3.48152099565202
Acrocephalus newtoni,4012,124,0.824719871121347
Acrocephalus newtoni,23158,124,24.1892090103973
Acrocephalus newtoni,307,136,45.7690350461981
Acrocephalus newtoni,2476,79,0.275667671454787
Acrocephalus newtoni,2590,79,0.275591552190423
Acrocephalus newtoni,2608,79,0.367434207116008
Acrocephalus newtoni,23599,79,34.4503061052001
Acrocephalus newtoni,23602,79,1.92954817861176
Acrocephalus newtoni,24337,79,0.367500048400104
Acrocephalus newtoni,363,112,0.370271373195231
Acrocephalus newtoni,364,112,0.462834125284791
Acrocephalus newtoni,368,112,43.0377824654073
Acrocephalus newtoni,389,112,1.48074673073471
Acrocephalus newtoni,391,112,1.66577102635694
Acrocephalus newtoni,395,112,0.277623898765862
Acrocephalus newtoni,401,112,0.277610584835947
Acrocephalus newtoni,442,112,1.38815019469857
Acrocephalus newtoni,169,134,0.463597745714188
Acrocephalus newtoni,213,134,43.2038186617044
Acrocephalus newtoni,104,71,0.55664420881176
Acrocephalus newtoni,106,71,0.371099061261296
Acrocephalus newtoni,108,71,0.556625695955813
Acrocephalus newtoni,118,71,0.463806772104442
Acrocephalus newtoni,124,71,0.27827526928854
Acrocephalus newtoni,126,71,0.463781360735595
Acrocephalus newtoni,141,71,0.278243954662919
Acrocephalus newtoni,153,71,0.27820176096195
Acrocephalus newtoni,156,71,0.64914825101471
Acrocephalus newtoni,164,71,6.4908973798604
Acrocephalus newtoni,168,71,8.4370977335708
Acrocephalus newtoni,174,71,130.021860527528
Acrocephalus newtoni,24338,71,56.8711675529887
Acrocephalus newtoni,15762,137,7.79134288626695
Acrocephalus newtoni,16060,137,44.6638451275753
Acrocephalus newtoni,21197,116,84.4672472149936
Acrocephalus newtoni,21282,116,11.2152296825547
Acrocephalus newtoni,21641,116,47.4481320543836
Acrocephalus newtoni,24134,116,15.479861985826
Acrocephalus newtoni,24460,116,54.2897934620137
Acrocephalus newtoni,24461,116,29.6282884787502
Acrocephalus newtoni,4564,131,16.3740665150672
Acrocephalus newtoni,4736,131,19.2038282113973
Acrocephalus newtoni,4860,131,1.91988596975887
Acrocephalus newtoni,4861,131,4.2053427026192
Acrocephalus newtoni,4888,131,0.6399434845016
Acrocephalus newtoni,4911,131,0.45708591381228
Acrocephalus newtoni,4940,131,22.2892814174211
Acrocephalus newtoni,4944,131,5.85033975470352
Acrocephalus newtoni,4955,131,24.6792146248873
Acrocephalus newtoni,4985,131,1.0054375043211
Acrocephalus newtoni,4993,131,2.83342021114933
Acrocephalus newtoni,5016,131,2.37624750380063
Acrocephalus newtoni,5024,131,1.00536820483017
Acrocephalus newtoni,5030,131,0.274192454328179
Acrocephalus newtoni,5055,131,0.548346514569998
Acrocephalus newtoni,5081,131,8.31651482316256
Acrocephalus newtoni,5086,131,1.27936982512558
Acrocephalus newtoni,5168,131,8.49783825707888
Acrocephalus newtoni,5220,131,0.274089461484194
Acrocephalus newtoni,5266,131,10.9639024804161
Acrocephalus newtoni,5267,131,4.567756926453
Acrocephalus newtoni,5467,131,0.54794446963501
Acrocephalus newtoni,5576,131,0.365240409358501
Acrocephalus newtoni,5587,131,1.46089898014283
Acrocephalus newtoni,5591,131,0.456539862202287
Acrocephalus newtoni,5752,131,0.73026370028019
Acrocephalus newtoni,5773,131,0.547674823724389
Acrocephalus newtoni,5817,131,1.64285957804191
Acrocephalus newtoni,5826,131,0.912692769446373
Acrocephalus newtoni,5833,131,0.638874861070156
Acrocephalus newtoni,5863,131,0.82137056838429
Acrocephalus newtoni,5867,131,0.456318663737774
Acrocephalus newtoni,5890,131,1.46014583455336
Acrocephalus newtoni,5999,131,753.905665223
Acrocephalus newtoni,6004,131,2.00722734047782
Acrocephalus newtoni,6013,131,0.364942030489683
Acrocephalus newtoni,6021,131,0.456175956650972
Acrocephalus newtoni,6022,131,0.273705573990583
Acrocephalus newtoni,23915,131,37.832468202602
Acrocephalus newtoni,24041,131,0.274301122583509
Acrocephalus newtoni,24042,131,4.20557955169034
Acrocephalus newtoni,24089,131,2.19383277368414
Acrocephalus newtoni,24243,131,9.30640563301087
Acrocephalus newtoni,24326,131,16.5402429724604
Acrocephalus newtoni,24387,131,0.456749789226413
Acrocephalus newtoni,4101,133,0.732451485653877
Acrocephalus newtoni,5074,133,104.61434809919
Acrocephalus newtoni,24378,133,64.9869920614074
Acrocephalus newtoni,24402,133,3.11329257240254
Acrocephalus newtoni,24403,133,14.1007399868137
Acrocephalus newtoni,24416,133,2.56288165690053
Acrocephalus newtoni,24446,133,0.274669912564755
Acrocephalus newtoni,24447,133,0.366225743037939
Acrocephalus newtoni,24448,133,0.549305915590942
Acrocephalus newtoni,24470,133,0.366233005417585
Acrocephalus newtoni,12582,29,38.0240908844043
Acrocephalus newtoni,23735,29,3.34846321159315
Acrocephalus newtoni,23736,29,0.723997986286044
Acrocephalus newtoni,23738,29,0.361958205401659
Acrocephalus newtoni,24495,29,0.452763459861636
Acrocephalus newtoni,12810,47,0.36044950425148
Acrocephalus newtoni,13051,47,0.270186713642001
Acrocephalus newtoni,13245,47,0.990283224206686
Acrocephalus newtoni,13374,47,4.23005688389444
Acrocephalus newtoni,13683,47,902.862560947355
Acrocephalus newtoni,13958,47,2.51681560592651
Acrocephalus newtoni,14041,47,39.1850223342606
Acrocephalus newtoni,14042,47,1.97707577065921
Acrocephalus newtoni,24507,47,7.49786063311923
Acrocephalus newtoni,24508,47,10.465825454369
Acrocephalus newtoni,24514,47,1.35249907425892
Acrocephalus newtoni,24520,47,3.24483189846921
Acrocephalus newtoni,24523,47,1.8920650097481
Acrocephalus newtoni,24526,47,1.89003464057791
Acrocephalus newtoni,13871,66,155.332297054672
Acrocephalus newtoni,23321,66,0.449603298739195
Acrocephalus newtoni,23322,66,0.359686745625734
Acrocephalus newtoni,24528,66,0.449634089967847
Acrocephalus newtoni,11957,85,0.812480411258936
Acrocephalus newtoni,12976,85,170.780797274529
Acrocephalus newtoni,13259,85,70.1712055467508
Acrocephalus newtoni,13578,85,2.87876883525968
Acrocephalus newtoni,13584,85,0.899620833965421
Acrocephalus newtoni,13630,85,0.269868277515173
Acrocephalus newtoni,13980,85,36.126370737397
Acrocephalus newtoni,14337,85,280.61110980638
Acrocephalus newtoni,14817,85,50.5128889844387
Acrocephalus newtoni,15142,85,35.5206766781266
Acrocephalus newtoni,15176,85,137.38275887876
Acrocephalus newtoni,16797,85,3.03774835122001
Acrocephalus newtoni,17058,85,5.17860213789487
Acrocephalus newtoni,17064,85,3.83926049733389
Acrocephalus newtoni,17295,85,79.7835008618025
Acrocephalus newtoni,17569,85,127.840606665033
Acrocephalus newtoni,17709,85,225.191492433977
Acrocephalus newtoni,17999,85,0.801343932428241
Acrocephalus newtoni,18468,85,11392.1662795683
Acrocephalus newtoni,19365,85,0.62064821295929
Acrocephalus newtoni,19380,85,0.265972006814122
Acrocephalus newtoni,19400,85,0.709200345668078
Acrocephalus newtoni,19523,85,0.354345133471251
Acrocephalus newtoni,20832,85,28.8370827305443
Acrocephalus newtoni,21734,85,37.7648065144268
Acrocephalus newtoni,21820,85,4806.64113769459
Acrocephalus newtoni,22751,85,1329.88182992828
Acrocephalus newtoni,23492,85,68.0501291261465
Acrocephalus newtoni,24435,85,54.9733265501487
Acrocephalus newtoni,24443,85,58.1494763075515
Acrocephalus newtoni,24444,85,38.5754106344105
Acrocephalus newtoni,24445,85,1.35457540027201
Acrocephalus newtoni,24462,85,355.553761067319
Acrocephalus newtoni,24464,85,72.7284184850583
Acrocephalus newtoni,24475,85,47.4469397172759
Acrocephalus newtoni,24542,85,19.4337860709381
Acrocephalus newtoni,24543,85,187.042904927285
Acrocephalus newtoni,24544,85,9.05780211758673
Acrocephalus newtoni,15383,86,0.98528214502728
Acrocephalus newtoni,15683,86,3.3134309653126
Acrocephalus newtoni,15800,86,2.32767118465054
Acrocephalus newtoni,15933,86,87.8728605622779
Acrocephalus newtoni,16012,86,0.268486613975883
Acrocephalus newtoni,16083,86,2.59498997027063
Acrocephalus newtoni,16171,86,247.770101481909
Acrocephalus newtoni,23350,86,60.7930477369982
Acrocephalus newtoni,23458,86,30.2514318188324
Acrocephalus newtoni,23459,86,0.44756864864409
Acrocephalus newtoni,24147,86,156.771834505948
Acrocephalus newtoni,24177,86,1.07463430202341
Acrocephalus newtoni,24178,86,3.76076446233773
Acrocephalus newtoni,24180,86,0.805662551383734
Acrocephalus newtoni,24226,86,8.51036873920083
Acrocephalus newtoni,24227,86,6.17862015082514
Acrocephalus newtoni,24534,86,1.52209832310367
Acrocephalus newtoni,24535,86,0.447673652347684
Acrocephalus newtoni,24536,86,0.268469827055454
Acrocephalus newtoni,24537,86,1.25272633346462
Acrocephalus newtoni,24539,86,59.9353472358141
Acrocephalus newtoni,15518,139,110.634216100066
Acrocephalus newtoni,23332,140,11.292444281881
Acrocephalus newtoni,1047,87,197.731583171071
Acrocephalus newtoni,1488,87,38.9884159684163
Acrocephalus newtoni,2269,87,0.643524707942724
Acrocephalus newtoni,2321,87,0.459616383672059
Acrocephalus newtoni,2343,87,0.643432019172192
Acrocephalus newtoni,2350,87,0.275752651619673
Acrocephalus newtoni,2371,87,0.367655302864194
Acrocephalus newtoni,2391,87,1.56243208603442
Acrocephalus newtoni,2392,87,0.275729722221732
Acrocephalus newtoni,2412,87,0.275717098941624
Acrocephalus newtoni,2425,87,0.275709061498523
Acrocephalus newtoni,2430,87,0.459508593737543
Acrocephalus newtoni,2436,87,0.45949710468936
Acrocephalus newtoni,2437,87,1.1946710927344
Acrocephalus newtoni,2451,87,54.8720161250916
Acrocephalus newtoni,2456,87,3.21620605602419
Acrocephalus newtoni,2457,87,0.551364106284499
Acrocephalus newtoni,2465,87,1.10266377710527
Acrocephalus newtoni,2474,87,0.367564567481756
Acrocephalus newtoni,2482,87,0.551319225258708
Acrocephalus newtoni,2491,87,1.10259928914046
Acrocephalus newtoni,2498,87,2.02137478975803
Acrocephalus newtoni,2499,87,0.826945434479237
Acrocephalus newtoni,2504,87,0.643170052255213
Acrocephalus newtoni,2513,87,1.65382056523675
Acrocephalus newtoni,2537,87,0.826825480994821
Acrocephalus newtoni,2564,87,0.459349671094894
Acrocephalus newtoni,2588,87,0.367459639964223
Acrocephalus newtoni,2601,87,0.275586929093957
Acrocephalus newtoni,2606,87,1.46972063059181
Acrocephalus newtoni,2607,87,0.275577679304183
Acrocephalus newtoni,2696,87,0.367363554798603
Acrocephalus newtoni,2719,87,58.8617537300254
Acrocephalus newtoni,2801,87,439.973113778875
Acrocephalus newtoni,2841,87,0.275443051051259
Acrocephalus newtoni,8564,87,21996.5368511818
Acrocephalus newtoni,23916,87,458.083821753779
Acrocephalus newtoni,24476,87,0.369282266752303
Acrocephalus newtoni,24479,87,9.5658888511582
Acrocephalus newtoni,24481,87,0.827843772775352
Acrocephalus newtoni,24482,87,0.275940742864907
Acrocephalus newtoni,24483,87,0.275922588019133
Acrocephalus newtoni,24484,87,1.65548669658464
Acrocephalus newtoni,24486,87,0.459814922548056
Acrocephalus newtoni,24487,87,10.9920872748523
Acrocephalus newtoni,24488,87,0.923443426764727
Acrocephalus newtoni,24492,87,1.74834825798291
Acrocephalus newtoni,24494,87,1.74828060862398
Acrocephalus newtoni,22670,138,2.33597082442749
Acrocephalus newtoni,24468,138,57.1920356452289
Acrocephalus newtoni,22723,141,0.777178853789091
Acrocephalus newtoni,24384,141,0.604549703200817
Acrocephalus newtoni,24545,141,27.2715936270507
Acrocephalus newtoni,24546,141,29.4123165165292
Acrocephalus newtoni,24547,141,29.3885406549345
Acrocephalus newtoni,24548,141,20.6592519148769
Acrocephalus newtoni,24549,141,19.9515621485635
Alectroenas madagascariensis,3,1,111.100829909233
Alectroenas madagascariensis,4,1,0.64914825101471
Alectroenas madagascariensis,16,1,21.0334598369182
Alectroenas madagascariensis,5882,1,56.8711675529887
Alectroenas madagascariensis,1177,2,79.0650391505938
Alectroenas madagascariensis,1199,2,1.73396250702786
Alectroenas madagascariensis,5889,2,29.1295754598171
Alectroenas madagascariensis,5890,2,21.8141374870516
Alectroenas madagascariensis,1089,9,61.6911093266145
Alectroenas madagascariensis,1666,4,2.6188738919611
Alectroenas madagascariensis,1677,4,72.1251172056479
Alectroenas madagascariensis,1933,4,29.4590815627283
Alectroenas madagascariensis,134,8,4.98822471496976
Alectroenas madagascariensis,167,8,3.97051299494481
Alectroenas madagascariensis,200,8,175.20455812096
Alectroenas madagascariensis,237,8,1.75354863390112
Alectroenas madagascariensis,243,8,0.922919603211403
Alectroenas madagascariensis,417,8,38.9884159684163
Alectroenas madagascariensis,510,8,0.644736027104974
Alectroenas madagascariensis,539,8,150.8793044511
Alectroenas madagascariensis,582,8,0.828408787800312
Alectroenas madagascariensis,673,8,6.89851054304702
Alectroenas madagascariensis,712,8,0.643524707942724
Alectroenas madagascariensis,732,8,0.643432019172192
Alectroenas madagascariensis,742,8,1.56243208603442
Alectroenas madagascariensis,748,8,1.1946710927344
Alectroenas madagascariensis,751,8,54.8720161250855
Alectroenas madagascariensis,752,8,3.21620605602419
Alectroenas madagascariensis,753,8,0.551364106284499
Alectroenas madagascariensis,756,8,1.10266377710527
Alectroenas madagascariensis,760,8,0.551319225258708
Alectroenas madagascariensis,762,8,1.10259928914046
Alectroenas madagascariensis,764,8,2.02137478975803
Alectroenas madagascariensis,765,8,0.826945434479237
Alectroenas madagascariensis,767,8,0.643170052255213
Alectroenas madagascariensis,769,8,1.65382056523675
Alectroenas madagascariensis,781,8,0.826825480995119
Alectroenas madagascariensis,793,8,1.46972063059181
Alectroenas madagascariensis,821,8,58.8617537300254
Alectroenas madagascariensis,839,8,432.708220309255
Alectroenas madagascariensis,1113,8,20.5812773004017
Alectroenas madagascariensis,1126,8,1.37162994920188
Alectroenas madagascariensis,1138,8,5.30132175810611
Alectroenas madagascariensis,1216,8,18.7867803754567
Alectroenas madagascariensis,1242,8,3.82909888804102
Alectroenas madagascariensis,1246,8,21.7001741978295
Alectroenas madagascariensis,1260,8,153.232195551615
Alectroenas madagascariensis,1269,8,4.64662316187906
Alectroenas madagascariensis,1287,8,110.655066076252
Alectroenas madagascariensis,1288,8,19.0366080186534
Alectroenas madagascariensis,1297,8,5.73678236568976
Alectroenas madagascariensis,1338,8,2.45595913956344
Alectroenas madagascariensis,1379,8,20455.5056747913
Alectroenas madagascariensis,1384,8,1.81585824965096
Alectroenas madagascariensis,1600,8,22.598530894377
Alectroenas madagascariensis,1613,8,1.62670272357106
Alectroenas madagascariensis,1639,8,11.836225350208
Alectroenas madagascariensis,1711,8,0.812480411258936
Alectroenas madagascariensis,1752,8,7.21903752467107
Alectroenas madagascariensis,1775,8,2.1653033994143
Alectroenas madagascariensis,1882,8,98.5147707653809
Alectroenas madagascariensis,1884,8,0.991438515083671
Alectroenas madagascariensis,1895,8,11.1771037265234
Alectroenas madagascariensis,1897,8,0.811125368205309
Alectroenas madagascariensis,1918,8,1.71203832214892
Alectroenas madagascariensis,1961,8,7.38669548398626
Alectroenas madagascariensis,2038,8,70.171205546759
Alectroenas madagascariensis,2148,8,2.87876883525968
Alectroenas madagascariensis,2151,8,0.899620833965421
Alectroenas madagascariensis,2307,8,36.126370737397
Alectroenas madagascariensis,2410,8,280.61110980638
Alectroenas madagascariensis,2629,8,50.5128889844387
Alectroenas madagascariensis,2787,8,35.5206766781266
Alectroenas madagascariensis,2803,8,137.38275887876
Alectroenas madagascariensis,3093,8,7.79134288626695
Alectroenas madagascariensis,3236,8,44.6638451275753
Alectroenas madagascariensis,3844,8,79.7835008618025
Alectroenas madagascariensis,3958,8,180.783642575444
Alectroenas madagascariensis,4010,8,224.834746882417
Alectroenas madagascariensis,4355,8,11383.6571019604
Alectroenas madagascariensis,4642,8,0.620648212959528
Alectroenas madagascariensis,4655,8,0.709200345668078
Alectroenas madagascariensis,5148,8,2.81359134580875
Alectroenas madagascariensis,5482,8,37.7648065144268
Alectroenas madagascariensis,5511,8,4801.43037389759
Alectroenas madagascariensis,5842,8,1322.09775695737
Alectroenas madagascariensis,5856,8,458.083821753779
Alectroenas madagascariensis,5901,8,54.7933720210891
Alectroenas madagascariensis,5909,8,58.1494763075515
Alectroenas madagascariensis,5910,8,13.0070758246177
Alectroenas madagascariensis,5911,8,1.35457540027201
Alectroenas madagascariensis,5920,8,355.553761067319
Alectroenas madagascariensis,5922,8,72.7284184850583
Alectroenas madagascariensis,5932,8,15.7287553906272
Alectroenas madagascariensis,5937,8,1.65548669658464
Alectroenas madagascariensis,5940,8,0.923443426764727
Alectroenas madagascariensis,5945,8,19.4337860709381
Alectroenas madagascariensis,5946,8,187.042904927285
Alectroenas madagascariensis,5947,8,9.05780211758673
Alectroenas madagascariensis,5926,10,29.4123165165292
Alectroenas madagascariensis,5948,10,27.2715936270507
Alectroenas madagascariensis,5949,10,29.3885406549345
Alectroenas madagascariensis,5950,10,20.6592519148769
Apus balstoni,1711,33,5.57282749176896
Apus balstoni,1771,33,64.7813755391271
Apus balstoni,7392,33,4.01953690115464
Apus balstoni,162,40,43.0377824654073
Apus balstoni,168,40,1.48074673073471
Apus balstoni,169,40,1.66577102635694
Apus balstoni,178,40,1.38815019469857
Apus balstoni,76,12,130.021860527528
Apus balstoni,77,12,6.4908973798604
Apus balstoni,79,12,8.4370977335708
Apus balstoni,103,12,43.2675847418705
Apus balstoni,7404,12,56.8711675529887
Apus balstoni,4810,45,7.79134288626695
Apus balstoni,4916,45,44.6638451275753
Apus balstoni,1495,39,16.3740665150672
Apus balstoni,1555,39,19.2038282113973
Apus balstoni,1582,39,1.91988596975887
Apus balstoni,1583,39,4.2053427026192
Apus balstoni,1604,39,22.2892814174211
Apus balstoni,1606,39,5.85033975470352
Apus balstoni,1608,39,24.6792146248902
Apus balstoni,1615,39,1.0054375043211
Apus balstoni,1618,39,2.65062070312488
Apus balstoni,1625,39,2.37624750380063
Apus balstoni,1634,39,8.31651482316256
Apus balstoni,1638,39,1.27936982512558
Apus balstoni,1667,39,8.49783825707888
Apus balstoni,1696,39,10.9639024804161
Apus balstoni,1697,39,4.567756926453
Apus balstoni,1789,39,1.46089898014283
Apus balstoni,1874,39,1.64285957804191
Apus balstoni,1877,39,0.912692769446373
Apus balstoni,1890,39,1.46014583455336
Apus balstoni,1919,39,733.186020751693
Apus balstoni,1922,39,2.00722734047782
Apus balstoni,7206,39,37.6497033879563
Apus balstoni,7257,39,2.19383277368414
Apus balstoni,7400,39,16.5402429724604
Apus balstoni,1477,42,104.61434809919
Apus balstoni,7446,42,64.9869920614074
Apus balstoni,7461,42,3.11329257240254
Apus balstoni,7462,42,14.1007399868137
Apus balstoni,7475,42,2.56288165690053
Apus balstoni,5593,5,18.0795961240766
Apus balstoni,5747,5,157.487977914919
Apus balstoni,5835,5,25.9642859961359
Apus balstoni,5924,5,48.3392930565919
Apus balstoni,5996,5,3.55237904373407
Apus balstoni,6103,5,18.1853961666804
Apus balstoni,6134,5,5.58622115149748
Apus balstoni,6181,5,33.0557881326355
Apus balstoni,7606,5,0.97677300263679
Apus balstoni,7608,5,1.33025208764148
Apus balstoni,6390,6,43.8138426610677
Apus balstoni,6500,6,17.1091583224724
Apus balstoni,7609,6,29.8714330564705
Apus balstoni,7610,6,12.976202944595
Apus balstoni,4228,15,1032.09468954584
Apus balstoni,4257,15,21.0241786897988
Apus balstoni,7564,15,7.49786063311923
Apus balstoni,7565,15,10.465825454369
Apus balstoni,7571,15,1.35249907425892
Apus balstoni,7577,15,3.33495901543343
Apus balstoni,7587,15,2.16237442039514
Apus balstoni,7591,15,1.89003464057791
Apus balstoni,7592,15,4.23005688389182
Apus balstoni,4012,19,146.161730094645
Apus balstoni,4476,19,96.6300998643258
Apus balstoni,4719,46,154.253154616094
Apus balstoni,4739,46,87.7832991056336
Apus balstoni,4753,46,0.985282145026565
Apus balstoni,4781,46,3.3134309653126
Apus balstoni,4829,46,2.32767118465054
Apus balstoni,4865,46,69.5634544487439
Apus balstoni,4913,46,2.50550766269672
Apus balstoni,4953,46,254.839847921513
Apus balstoni,4964,46,1.16299019851911
Apus balstoni,5187,46,58.694687036291
Apus balstoni,5208,46,113.895321108893
Apus balstoni,7599,46,59.9353472358141
Apus balstoni,7600,46,1.79238486696017
Apus balstoni,3511,26,68.0501291261465
Apus balstoni,3908,26,170.780797274529
Apus balstoni,3998,26,70.171205546759
Apus balstoni,4091,26,2.87876883525968
Apus balstoni,4093,26,0.899620833965421
Apus balstoni,4207,26,36.126370737397
Apus balstoni,4301,26,280.61110980638
Apus balstoni,4466,26,50.5128889844387
Apus balstoni,4585,26,35.5206766781266
Apus balstoni,4597,26,137.38275887876
Apus balstoni,5397,26,79.7835008618025
Apus balstoni,5483,26,180.783642575444
Apus balstoni,5528,26,224.834746882417
Apus balstoni,5840,26,11407.8782442234
Apus balstoni,6278,26,4.51364348582339
Apus balstoni,6635,26,28.8370827305443
Apus balstoni,6890,26,37.7648065144268
Apus balstoni,6920,26,4843.51012732321
Apus balstoni,7193,26,1329.88182992828
Apus balstoni,7494,26,54.7933720210891
Apus balstoni,7502,26,58.1494763075515
Apus balstoni,7503,26,38.3946948622806
Apus balstoni,7504,26,1.35457540027201
Apus balstoni,7518,26,355.553761067319
Apus balstoni,7520,26,72.7284184850583
Apus balstoni,7531,26,47.4469397172759
Apus balstoni,7613,26,19.4337860709381
Apus balstoni,7614,26,187.042904927285
Apus balstoni,7615,26,9.05780211758673
Apus balstoni,7166,47,2.33597082442749
Apus balstoni,7524,47,57.1920356452289
Apus balstoni,7616,47,27.2715936270507
Apus balstoni,7617,47,29.4123165165292
Apus balstoni,7618,47,29.3885406549345
Apus balstoni,7619,47,20.6592519148769
Apus balstoni,7620,47,19.9515621485635
Apus balstoni,359,41,197.731583171071
Apus balstoni,509,41,38.9884159684163
Apus balstoni,810,41,1.56243208603442
Apus balstoni,827,41,1.1946710927344
Apus balstoni,833,41,54.8720161250855
Apus balstoni,835,41,3.21620605602419
Apus balstoni,838,41,1.10266377710527
Apus balstoni,848,41,1.10259928914046
Apus balstoni,850,41,2.02137478975803
Apus balstoni,853,41,1.65382056523675
Apus balstoni,884,41,1.46972063059181
Apus balstoni,912,41,58.8617537300254
Apus balstoni,936,41,439.973113778875
Apus balstoni,2656,41,21995.6210270435
Apus balstoni,7207,41,458.083821753779
Apus balstoni,7535,41,9.5658888511582
Apus balstoni,7540,41,1.65548669658464
Apus balstoni,7543,41,10.9920872748523
Apus balstoni,7544,41,0.923443426764727
Apus balstoni,7548,41,1.74834825798291
Apus balstoni,7550,41,1.74828060862398
Artamella viridis,14543,34,14.3252430556879
Artamella viridis,14544,34,1.20814413348436
Artamella viridis,14554,34,0.517742279209852
Artamella viridis,14608,34,0.431315118657589
Artamella viridis,14621,34,0.603799138265729
Artamella viridis,14762,34,53.6071667803801
Artamella viridis,14806,34,0.344503772500277
Artamella viridis,14807,34,0.861215164482832
Artamella viridis,14810,34,3.18616224499941
Artamella viridis,14818,34,0.775032425914764
Artamella viridis,14819,34,0.516692135148764
Artamella viridis,14826,34,0.516659397087812
Artamella viridis,14830,34,3.18593688175929
Artamella viridis,14837,34,1.20530864535463
Artamella viridis,14841,34,1.89390576896656
Artamella viridis,14853,34,1.80772674300349
Artamella viridis,14854,34,1.2911887420702
Artamella viridis,14856,34,2.92668084810615
Artamella viridis,14859,34,0.946817847223878
Artamella viridis,14861,34,3.01240642037094
Artamella viridis,15145,34,38.2991099852385
Artamella viridis,15154,34,2.84128662000453
Artamella viridis,14875,43,24.0897988637466
Artamella viridis,15168,42,15.5764797698595
Artamella viridis,15253,42,54.0963039379551
Artamella viridis,3531,58,16.3740665150672
Artamella viridis,3649,58,2.19464777098459
Artamella viridis,3669,58,12.894550309714
Artamella viridis,3821,48,0.456848093526959
Artamella viridis,3844,48,0.456835664464593
Artamella viridis,3886,48,0.822180016362309
Artamella viridis,3906,48,5.57282749176896
Artamella viridis,4013,48,64.7813755391271
Artamella viridis,15453,48,4.01953690115464
Artamella viridis,15454,48,0.822156348397851
Artamella viridis,2997,53,0.824719871121347
Artamella viridis,3102,53,0.366509968225718
Artamella viridis,3144,53,3.48152099565202
Artamella viridis,3161,53,23.272929294417
Artamella viridis,2105,27,1.92954817861235
Artamella viridis,2197,27,0.367434207116008
Artamella viridis,2212,27,33.8991079803611
Artamella viridis,15370,27,0.367500048400104
Artamella viridis,305,59,0.370271373195231
Artamella viridis,306,59,0.462834125284791
Artamella viridis,309,59,43.0377824654073
Artamella viridis,325,59,1.48074673073471
Artamella viridis,326,59,1.66577102635694
Artamella viridis,360,59,1.38815019469857
Artamella viridis,152,62,0.463597745714188
Artamella viridis,188,62,43.2038186617044
Artamella viridis,100,16,0.55664420881176
Artamella viridis,103,16,0.371099061261296
Artamella viridis,106,16,0.556625695955813
Artamella viridis,114,16,0.463806772104442
Artamella viridis,121,16,0.463781360735595
Artamella viridis,139,16,0.64914825101471
Artamella viridis,144,16,130.021860527528
Artamella viridis,147,16,6.4908973798604
Artamella viridis,151,16,8.4370977335708
Artamella viridis,197,16,43.2675847418705
Artamella viridis,15483,16,56.8711675529887
Artamella viridis,8899,65,7.79134288626695
Artamella viridis,9132,65,44.6638451275753
Artamella viridis,3789,30,0.548346514569998
Artamella viridis,3793,30,0.639730784998775
Artamella viridis,3804,30,1.27936982512558
Artamella viridis,3819,30,1.46201426250422
Artamella viridis,3837,30,2.64969806134474
Artamella viridis,3879,30,7.03479595916414
Artamella viridis,3884,30,4.567756926453
Artamella viridis,3922,30,9.04258868397665
Artamella viridis,3988,30,0.54794446963501
Artamella viridis,4047,30,1.46089898014283
Artamella viridis,4050,30,0.456539862202287
Artamella viridis,4169,30,0.73026370028019
Artamella viridis,4206,30,2.28180747323132
Artamella viridis,4218,30,1.64285957804191
Artamella viridis,4227,30,60.2376703430335
Artamella viridis,4232,30,0.638874861070156
Artamella viridis,4252,30,0.82137056838429
Artamella viridis,4254,30,0.456318663737774
Artamella viridis,4266,30,1.27762744745624
Artamella viridis,4273,30,0.365034251434088
Artamella viridis,4274,30,173.722750508177
Artamella viridis,15461,30,14.9865047176591
Artamella viridis,15525,30,0.456749789226413
Artamella viridis,15555,30,81.3668221959746
Artamella viridis,13193,36,0.523638666577697
Artamella viridis,13213,36,0.523563038836241
Artamella viridis,13221,36,0.698019186100006
Artamella viridis,13236,36,0.436189867799282
Artamella viridis,13281,36,2.61582415019357
Artamella viridis,13371,36,1.39385740344095
Artamella viridis,13382,36,129.582523862221
Artamella viridis,13411,36,0.348321061425805
Artamella viridis,13474,36,0.34803445176816
Artamella viridis,13528,36,0.956590469680309
Artamella viridis,13570,36,0.347746593876839
Artamella viridis,13590,36,0.434623503267407
Artamella viridis,13849,36,1.47393099119139
Artamella viridis,13887,36,0.346756311790705
Artamella viridis,13891,36,0.953501062022328
Artamella viridis,13917,36,11.0948326900705
Artamella viridis,13933,36,1.38655685541713
Artamella viridis,13939,36,1.29977947566545
Artamella viridis,14354,36,107.585410785397
Artamella viridis,15141,36,1.13414415884197
Artamella viridis,15142,36,259.602511981778
Artamella viridis,15167,36,63.798109872398
Artamella viridis,15251,36,0.521531653210759
Artamella viridis,15468,36,14.876475508235
Artamella viridis,15599,36,25.3907382257994
Artamella viridis,15603,36,9.98819568180025
Artamella viridis,12777,50,16.1215402504437
Artamella viridis,12833,50,24.7779121193383
Artamella viridis,12970,50,54.5408324229195
Artamella viridis,15265,50,84.3794685088595
Artamella viridis,15597,50,36.3826787541578
Artamella viridis,15614,50,54.2897934620137
Artamella viridis,15615,50,29.6282884787502
Artamella viridis,3264,61,0.732451485653877
Artamella viridis,3502,61,104.61434809919
Artamella viridis,15516,61,64.9869920614074
Artamella viridis,15540,61,3.11329257240254
Artamella viridis,15541,61,14.1007399868137
Artamella viridis,15554,61,2.56288165690053
Artamella viridis,15584,61,0.366225743037939
Artamella viridis,15585,61,0.549305915590942
Artamella viridis,15616,61,0.366233005417585
Artamella viridis,6031,20,38.0240908844043
Artamella viridis,6062,20,3.07696966736627
Artamella viridis,6066,20,0.723997986286044
Artamella viridis,6081,20,0.361958205401897
Artamella viridis,15636,20,0.452763459861636
Artamella viridis,10288,21,16.7503128028274
Artamella viridis,10363,21,3.38511883925855
Artamella viridis,10623,21,477.217967021763
Artamella viridis,11117,21,79.2501346083427
Artamella viridis,11416,21,233.311555847755
Artamella viridis,15689,21,19.8014696613791
Artamella viridis,15695,21,2.65747338466716
Artamella viridis,6393,24,3.16183704172301
Artamella viridis,6448,24,0.903085065668702
Artamella viridis,7754,24,1012.94582559129
Artamella viridis,7814,24,21.0241786897857
Artamella viridis,15640,24,2.71500175354493
Artamella viridis,15643,24,1.62801036448324
Artamella viridis,15645,24,4.52090276207972
Artamella viridis,15650,24,0.542388144284248
Artamella viridis,15651,24,7.49786063311923
Artamella viridis,15652,24,10.465825454369
Artamella viridis,15658,24,1.35249907425892
Artamella viridis,15664,24,3.33495901543343
Artamella viridis,15672,24,0.360449504251242
Artamella viridis,15674,24,2.16237442039514
Artamella viridis,15679,24,1.89003464057791
Artamella viridis,15680,24,4.23005688389182
Artamella viridis,7610,25,0.449603298739433
Artamella viridis,7611,25,0.359686745625973
Artamella viridis,7652,25,167.74218789238
Artamella viridis,8212,25,110.634216100066
Artamella viridis,8257,25,16.1479318826332
Artamella viridis,8718,25,154.253154616094
Artamella viridis,8763,25,87.7832991056336
Artamella viridis,8786,25,0.985282145026565
Artamella viridis,8845,25,3.3134309653126
Artamella viridis,8901,25,57.120418073331
Artamella viridis,8930,25,2.32767118465054
Artamella viridis,9072,25,0.447504637193799
Artamella viridis,9127,25,2.50550766269672
Artamella viridis,9200,25,0.357865030018806
Artamella viridis,9201,25,0.357865030018806
Artamella viridis,9223,25,1.16299019851911
Artamella viridis,9840,25,623.58827780147
Artamella viridis,15638,25,0.449634089967847
Artamella viridis,15682,25,0.628002577298522
Artamella viridis,15683,25,59.9353472358141
Artamella viridis,15684,25,1.79238486696017
Artamella viridis,15687,25,0.447673652347684
Artamella viridis,12233,31,0.616823470779181
Artamella viridis,12462,31,43.8138426610677
Artamella viridis,15357,31,17.1091583224724
Artamella viridis,15698,31,29.8714330564705
Artamella viridis,15699,31,12.976202944595
Artamella viridis,6375,38,68.0501291261465
Artamella viridis,6580,38,0.812480411258936
Artamella viridis,7126,38,170.780797274529
Artamella viridis,7267,38,70.171205546759
Artamella viridis,7456,38,2.87876883525968
Artamella viridis,7459,38,0.899620833965421
Artamella viridis,7709,38,36.126370737397
Artamella viridis,7910,38,280.61110980638
Artamella viridis,8199,38,50.5128889844387
Artamella viridis,8433,38,35.5206766781266
Artamella viridis,8461,38,137.38275887876
Artamella viridis,9962,38,79.7835008618025
Artamella viridis,10181,38,180.783642575444
Artamella viridis,10287,38,224.834746882417
Artamella viridis,10767,38,11386.6038218627
Artamella viridis,11295,38,0.620648212959528
Artamella viridis,11321,38,0.709200345668078
Artamella viridis,12448,38,28.8370827305443
Artamella viridis,13025,38,37.7648065144268
Artamella viridis,13081,38,4897.81849463166
Artamella viridis,14642,38,1329.88182992828
Artamella viridis,15574,38,54.7933720210891
Artamella viridis,15582,38,58.1494763075515
Artamella viridis,15605,38,355.553761067319
Artamella viridis,15607,38,72.7284184850583
Artamella viridis,15621,38,47.4469397172759
Artamella viridis,15702,38,19.4337860709381
Artamella viridis,15703,38,187.042904927285
Artamella viridis,15704,38,9.05780211758673
Artamella viridis,14155,66,2.33597082442749
Artamella viridis,14427,66,0.777178853789091
Artamella viridis,15266,66,44.4928427752445
Artamella viridis,15522,66,0.604549703200817
Artamella viridis,15611,66,57.1920356452289
Artamella viridis,15705,66,27.2715936270507
Artamella viridis,15706,66,29.4123165165292
Artamella viridis,15707,66,29.3885406549345
Artamella viridis,15708,66,20.6592519148769
Artamella viridis,15709,66,19.9515621485635
Artamella viridis,865,60,197.731583171071
Artamella viridis,1249,60,38.9884159684163
Artamella viridis,1687,60,1.1041554464395
Artamella viridis,1923,60,0.643524707942724
Artamella viridis,1971,60,0.459616383672059
Artamella viridis,1992,60,0.643432019172192
Artamella viridis,2012,60,0.367655302864194
Artamella viridis,2029,60,1.56243208603442
Artamella viridis,2061,60,0.459508593737543
Artamella viridis,2067,60,0.45949710468936
Artamella viridis,2068,60,1.1946710927344
Artamella viridis,2079,60,54.8720161250916
Artamella viridis,2082,60,3.21620605602419
Artamella viridis,2083,60,0.551364106284499
Artamella viridis,2089,60,1.10266377710527
Artamella viridis,2096,60,0.367564567481756
Artamella viridis,2100,60,0.551319225258708
Artamella viridis,2109,60,1.10259928914046
Artamella viridis,2114,60,2.02137478975803
Artamella viridis,2115,60,0.826945434479237
Artamella viridis,2120,60,0.643170052255213
Artamella viridis,2126,60,1.65382056523675
Artamella viridis,2142,60,0.826825480994821
Artamella viridis,2161,60,0.459349671094894
Artamella viridis,2182,60,0.367459639964223
Artamella viridis,2196,60,1.46972063059181
Artamella viridis,2272,60,0.367363554798603
Artamella viridis,2292,60,58.8617537300254
Artamella viridis,2344,60,439.973113778875
Artamella viridis,5287,60,21935.661301787
Artamella viridis,15155,60,458.083821753779
Artamella viridis,15622,60,0.369282266752303
Artamella viridis,15625,60,9.5658888511582
Artamella viridis,15627,60,0.827843772775352
Artamella viridis,15630,60,1.65548669658464
Artamella viridis,15632,60,0.459814922548056
Artamella viridis,15633,60,10.9920872748523
Artamella viridis,15634,60,0.923443426764727
Asio madagascariensis,1,1,72.6104762396658
Asio madagascariensis,32,1,197.731583171071
Asio madagascariensis,41,1,179.72953546854
Asio madagascariensis,47,1,29.7954121801821
Asio madagascariensis,51,1,99.4892648970416
Asio madagascariensis,58,1,38.9884159684163
Asio madagascariensis,69,1,3.86955399840492
Asio madagascariensis,72,1,4.69871910138738
Asio madagascariensis,87,1,755.65938278573
Asio madagascariensis,122,1,54.8720161250855
Asio madagascariensis,133,1,58.8617537300254
Asio madagascariensis,138,1,439.973113778875
Asio madagascariensis,234,1,20933.1609349334
Asio madagascariensis,334,1,68.0501291261465
Asio madagascariensis,396,1,170.780797274529
Asio madagascariensis,409,1,70.171205546759
Asio madagascariensis,446,1,36.126370737397
Asio madagascariensis,458,1,280.61110980638
Asio madagascariensis,486,1,50.5128889844387
Asio madagascariensis,518,1,35.5206766781266
Asio madagascariensis,521,1,137.38275887876
Asio madagascariensis,574,1,7.79134288626695
Asio madagascariensis,594,1,44.6638451275753
Asio madagascariensis,720,1,79.7835008618025
Asio madagascariensis,744,1,180.783642575444
Asio madagascariensis,754,1,224.834746882417
Asio madagascariensis,833,1,11417.6723796532
Asio madagascariensis,1035,1,28.8370827305443
Asio madagascariensis,1096,1,37.7648065144268
Asio madagascariensis,1104,1,4889.71321196822
Asio madagascariensis,1170,1,1329.88182992828
Asio madagascariensis,1197,1,56.8711675529887
Asio madagascariensis,1217,1,54.7933720210891
Asio madagascariensis,1225,1,58.1494763075515
Asio madagascariensis,1226,1,13.0070758246177
Asio madagascariensis,1235,1,355.553761067319
Asio madagascariensis,1237,1,72.7284184850583
Asio madagascariensis,1241,1,57.1920356452289
Asio madagascariensis,1247,1,47.4469397172759
Asio madagascariensis,1252,1,9.5658888511582
Asio madagascariensis,1260,1,10.9920872748523
Asio madagascariensis,1271,1,19.4337860709381
Asio madagascariensis,1272,1,187.042904927285
Asio madagascariensis,1273,1,9.05780211758673
Asio madagascariensis,1274,1,27.2715936270507
Asio madagascariensis,1275,1,29.4123165165292
Asio madagascariensis,1276,1,29.3885406549345
Asio madagascariensis,1277,1,20.6592519148769
Asio madagascariensis,1278,1,19.9515621485635
Asio madagascariensis,645,2,182.431729923166
Asio madagascariensis,809,2,174.150735361111
Asio madagascariensis,810,2,29.7184470237893
Asio madagascariensis,859,2,48.3392930565919
Asio madagascariensis,923,2,22.6800326943675
Asio madagascariensis,971,2,24.9134220534818
Asio madagascariensis,1268,2,12.976202944595
Atelornis pittoides,1,1,72.6104762396658
Atelornis pittoides,955,1,56.8711675529887
Atelornis pittoides,2,2,20.138749453242
Atelornis pittoides,3,2,112.341414136247
Atelornis pittoides,5,2,80.6801142748248
Atelornis pittoides,6,2,3.50637091730225
Atelornis pittoides,7,2,1.66091588708526
Atelornis pittoides,9,2,103.662366160823
Atelornis pittoides,13,2,3.3190113432076
Atelornis pittoides,14,2,2.30487087117308
Atelornis pittoides,15,2,1.8437680477432
Atelornis pittoides,18,2,13.1803252548393
Atelornis pittoides,19,2,23.2260172328009
Atelornis pittoides,20,2,23.318771661808
Atelornis pittoides,21,2,4.23939400596285
Atelornis pittoides,22,2,1.47449437760079
Atelornis pittoides,23,2,3.87045538569027
Atelornis pittoides,24,2,3.04084036644864
Atelornis pittoides,25,2,12.7171275236348
Atelornis pittoides,28,2,11.423145542632
Atelornis pittoides,35,2,203.553098979367
Atelornis pittoides,41,2,2.85300247396994
Atelornis pittoides,53,2,2.11438066261417
Atelornis pittoides,54,2,3.40058241138262
Atelornis pittoides,57,2,3.30822947109908
Atelornis pittoides,63,2,1.8373651948179
Atelornis pittoides,66,2,1.46972063059181
Atelornis pittoides,67,2,2.11261448298192
Atelornis pittoides,69,2,2.75561017110461
Atelornis pittoides,72,2,26.2648020061304
Atelornis pittoides,74,2,336.421109052604
Atelornis pittoides,78,2,3.48845173661
Atelornis pittoides,85,2,1.46844013959706
Atelornis pittoides,89,2,5.32260880427534
Atelornis pittoides,100,2,9564.80025754859
Atelornis pittoides,103,2,1.64962747188139
Atelornis pittoides,106,2,5.77274455880851
Atelornis pittoides,109,2,123.178229161861
Atelornis pittoides,119,2,1.64430895920491
Atelornis pittoides,120,2,7.67238536788142
Atelornis pittoides,122,2,4.84054188698411
Atelornis pittoides,124,2,561.163963009724
Atelornis pittoides,125,2,2.37459808751702
Atelornis pittoides,126,2,1.73528662736785
Atelornis pittoides,130,2,51.5046193559415
Atelornis pittoides,144,2,639.172300032532
Atelornis pittoides,151,2,2670.48043115081
Atelornis pittoides,972,2,7.7561275905453
Atelornis pittoides,154,4,3.34656587903523
Atelornis pittoides,156,4,1.62797005261195
Atelornis pittoides,161,4,6.49805329123199
Atelornis pittoides,163,4,28.1496251498843
Atelornis pittoides,223,4,2.87876883525968
Atelornis pittoides,258,4,36.126370737397
Atelornis pittoides,276,4,280.61110980638
Atelornis pittoides,334,4,50.5128889844387
Atelornis pittoides,393,4,35.5206766781266
Atelornis pittoides,399,4,137.38275887876
Atelornis pittoides,661,4,79.7835008618025
Atelornis pittoides,684,4,180.783642575444
Atelornis pittoides,691,4,224.299706164162
Atelornis pittoides,757,4,10500.851374416
Atelornis pittoides,857,4,16.7328206902658
Atelornis pittoides,859,4,4.31124233271003
Atelornis pittoides,896,4,34.356147374039
Atelornis pittoides,908,4,4519.96947073033
Atelornis pittoides,950,4,1211.30531383297
Atelornis pittoides,968,4,54.7933720210891
Atelornis pittoides,971,4,4.33088854262591
Atelornis pittoides,977,4,355.466497858925
Atelornis pittoides,978,4,24.9170745355883
Atelornis pittoides,979,4,72.6415490388816
Atelornis pittoides,985,4,19.4337860709381
Atelornis pittoides,986,4,9.05780211758673
Atelornis pittoides,987,4,51.9788103030328
Atelornis pittoides,953,5,29.4123165165292
Atelornis pittoides,980,5,27.2715936270507
Atelornis pittoides,981,5,29.3885406549345
Atelornis pittoides,982,5,20.6592519148769
Athene superciliaris,1617,9,4.47503565163767
Athene superciliaris,1697,9,3.12715110022605
Athene superciliaris,1772,9,3.1215435653218
Athene superciliaris,1779,9,5.17179658846164
Athene superciliaris,1806,9,23.2564340616227
Athene superciliaris,1808,9,20.5002108981814
Athene superciliaris,1840,9,70.5519519286623
Athene superciliaris,1851,9,3.29419845495892
Athene superciliaris,1943,9,14.2456006550693
Athene superciliaris,534,10,16.3740665150672
Athene superciliaris,561,10,19.2038282114016
Athene superciliaris,580,10,4.2053427026192
Athene superciliaris,586,10,2.19383277368402
Athene superciliaris,609,10,14.9865047176596
Athene superciliaris,617,10,2.64969806134474
Athene superciliaris,631,10,7.03479595916414
Athene superciliaris,632,10,4.567756926453
Athene superciliaris,641,10,9.04258868397665
Athene superciliaris,675,10,33.0476046243669
Athene superciliaris,702,10,2.28180747323132
Athene superciliaris,711,10,14.8774610751536
Athene superciliaris,717,10,173.722750508177
Athene superciliaris,721,10,47.905131750668
Athene superciliaris,738,10,50.5501472631775
Athene superciliaris,3357,10,29.1295754598171
Athene superciliaris,24,1,57.4113842878613
Athene superciliaris,34,1,6.4908973798604
Athene superciliaris,36,1,8.4370977335708
Athene superciliaris,47,1,43.2038186617044
Athene superciliaris,67,1,43.4528749465152
Athene superciliaris,78,1,43.0377824654073
Athene superciliaris,527,8,103.881939000037
Athene superciliaris,3330,8,64.9869920614074
Athene superciliaris,3341,8,14.1007399868137
Athene superciliaris,3353,8,2.56288165690053
Athene superciliaris,1072,4,152.13510948769
Athene superciliaris,1093,4,29.0748802500753
Athene superciliaris,1119,4,29.7662627830704
Athene superciliaris,1120,4,149.324773326502
Athene superciliaris,1146,4,3.7066306409353
Athene superciliaris,1161,4,47.4469397172683
Athene superciliaris,1169,4,68.0501291261465
Athene superciliaris,1181,4,10.6574180423908
Athene superciliaris,1226,4,12.9023758178893
Athene superciliaris,1243,4,51.3289459268666
Athene superciliaris,1250,4,151.38221165056
Athene superciliaris,1255,4,80.4959482794113
Athene superciliaris,1256,4,54.9029677619771
Athene superciliaris,1277,4,85.9858211573082
Athene superciliaris,1306,4,170.780797274529
Athene superciliaris,1341,4,70.171205546759
Athene superciliaris,1364,4,45.3586244344044
Athene superciliaris,1380,4,2.87876883525968
Athene superciliaris,1381,4,38.5800115935377
Athene superciliaris,1406,4,5.39304888002252
Athene superciliaris,1407,4,2.1572478155632
Athene superciliaris,1415,4,667.001101234661
Athene superciliaris,1421,4,11.5902824411016
Athene superciliaris,1434,4,56.2205783175004
Athene superciliaris,1467,4,134.42812033731
Athene superciliaris,1483,4,38.3948607084999
Athene superciliaris,1510,4,35.5206766781266
Athene superciliaris,1514,4,137.38275887876
Athene superciliaris,1525,4,16.9459699933987
Athene superciliaris,1536,4,3.31648883063078
Athene superciliaris,1596,4,7.79134288626695
Athene superciliaris,1620,4,193.771402886338
Athene superciliaris,1623,4,44.6638451275753
Athene superciliaris,1660,4,237.671926210976
Athene superciliaris,1701,4,4.64537103983664
Athene superciliaris,1723,4,9.37288297308182
Athene superciliaris,1724,4,2.41024649195707
Athene superciliaris,1759,4,112.032355234839
Athene superciliaris,1781,4,71.0174635170542
Athene superciliaris,1793,4,23.5358626331228
Athene superciliaris,1815,4,224.834746882417
Athene superciliaris,1855,4,15.9348882808119
Athene superciliaris,1869,4,811.535649881152
Athene superciliaris,1913,4,180.425451239387
Athene superciliaris,1997,4,300.744174563192
Athene superciliaris,2022,4,26.6050361725919
Athene superciliaris,2084,4,356.663546997597
Athene superciliaris,2087,4,4.51364348582339
Athene superciliaris,2157,4,12.2808891269343
Athene superciliaris,2171,4,10.3338196872387
Athene superciliaris,2241,4,217.471096700307
Athene superciliaris,2264,4,57.8026237031135
Athene superciliaris,2290,4,29.2386139433417
Athene superciliaris,2301,4,19.8877197110529
Athene superciliaris,2309,4,10.3792907872638
Athene superciliaris,2310,4,11.2571398901439
Athene superciliaris,2313,4,2.63821850551534
Athene superciliaris,2314,4,2.81359134580875
Athene superciliaris,2315,4,7.47422574651217
Athene superciliaris,2317,4,14.7691060763477
Athene superciliaris,2404,4,485.456301482635
Athene superciliaris,2418,4,83.5132019864343
Athene superciliaris,2449,4,37.7648065144268
Athene superciliaris,2459,4,86.8934366787967
Athene superciliaris,2475,4,18.4261448309841
Athene superciliaris,2519,4,131.230822369966
Athene superciliaris,2558,4,186.694551086279
Athene superciliaris,3470,4,4.26929385688162
Athene superciliaris,1401,7,167.74218789238
Athene superciliaris,1424,7,1032.09468954584
Athene superciliaris,1518,7,42.3362076362427
Athene superciliaris,1559,7,110.634216100066
Athene superciliaris,1570,7,90.2006443720138
Athene superciliaris,1576,7,2.32886922907722
Athene superciliaris,1583,7,3.3134309653126
Athene superciliaris,1597,7,2.32767118465054
Athene superciliaris,1602,7,2.05895008530676
Athene superciliaris,1605,7,1.9695149083488
Athene superciliaris,1621,7,2.50550766269672
Athene superciliaris,1657,7,2.86157776304519
Athene superciliaris,1676,7,89.7882265229853
Athene superciliaris,1731,7,674.271924355668
Athene superciliaris,1768,7,5.44071159735251
Athene superciliaris,1775,7,5.35111748366654
Athene superciliaris,1778,7,5.17274390201235
Athene superciliaris,1783,7,7.13355141072726
Athene superciliaris,1812,7,16.7503128028274
Athene superciliaris,1844,7,16.3782069258974
Athene superciliaris,1905,7,94.0284960762084
Athene superciliaris,1942,7,509.004872819902
Athene superciliaris,2117,7,260.732262440753
Athene superciliaris,2153,7,13.1672804516124
Athene superciliaris,2366,7,590.589880067642
Athene superciliaris,2390,7,16.1215402504437
Athene superciliaris,2506,7,54.5408324229195
Athene superciliaris,2611,7,12.7407955704254
Athene superciliaris,2619,7,12.0483039035151
Athene superciliaris,2665,7,11.331098059531
Athene superciliaris,2710,7,157.845280077024
Athene superciliaris,2741,7,24.5074496821449
Athene superciliaris,2744,7,152.434539488664
Athene superciliaris,2793,7,32.897685323071
Athene superciliaris,2803,7,47.5161649497197
Athene superciliaris,2808,7,24.0897988637466
Athene superciliaris,2910,7,27.038656370522
Athene superciliaris,2923,7,17.8876522784661
Athene superciliaris,2942,7,63.798109872398
Athene superciliaris,2951,7,4.73613397636772
Athene superciliaris,3010,7,466.866095203728
Athene superciliaris,3016,7,21.0241786897857
Athene superciliaris,3018,7,170.754673511907
Athene superciliaris,3079,7,25.9190793253232
Athene superciliaris,3082,7,79.2501346083427
Athene superciliaris,3091,7,43.5541700668897
Athene superciliaris,3092,7,2.02803748513663
Athene superciliaris,3093,7,2.11576712074435
Athene superciliaris,3097,7,88.8579889962915
Athene superciliaris,3105,7,155.727060960763
Athene superciliaris,3112,7,3.75955498127008
Athene superciliaris,3174,7,17.1091583224724
Athene superciliaris,3176,7,13.0307413413469
Athene superciliaris,3177,7,3.87195306908155
Athene superciliaris,3178,7,6.06907414019537
Athene superciliaris,3179,7,112.468627701651
Athene superciliaris,3197,7,3.30518937351549
Athene superciliaris,3303,7,14.876475508235
Athene superciliaris,3373,7,36.3826787541578
Athene superciliaris,3379,7,9.98819568180025
Athene superciliaris,3385,7,54.2897934620137
Athene superciliaris,3386,7,31.4692072683324
Athene superciliaris,3395,7,9.25706128804803
Athene superciliaris,3398,7,4.31856011909986
Athene superciliaris,3400,7,2.02272765648687
Athene superciliaris,3405,7,2.71500175354493
Athene superciliaris,3410,7,4.52090276207972
Athene superciliaris,3416,7,7.49786063311923
Athene superciliaris,3417,7,10.465825454369
Athene superciliaris,3429,7,3.33495901543343
Athene superciliaris,3439,7,2.16237442039514
Athene superciliaris,3445,7,4.23005688389182
Athene superciliaris,3459,7,27.383507147518
Athene superciliaris,3460,7,22.6292422166447
Athene superciliaris,3466,7,2.65747338466716
Athene superciliaris,3469,7,2.74076471963298
Athene superciliaris,3475,7,59.9353472358141
Athene superciliaris,3476,7,19.8014696613791
Athene superciliaris,148,11,156.55852545836
Athene superciliaris,150,11,146.846575438093
Athene superciliaris,154,11,2.03047939233834
Athene superciliaris,160,11,5.99888336933971
Athene superciliaris,203,11,38.9884159684163
Athene superciliaris,300,11,6.61398661988985
Athene superciliaris,309,11,14.7867147839115
Athene superciliaris,488,11,117.542155651209
Athene superciliaris,548,11,90.1621041033284
Athene superciliaris,558,11,9183.68497029775
Athene superciliaris,570,11,7.40589368397254
Athene superciliaris,587,11,39.7635181622886
Athene superciliaris,598,11,27.8717233524508
Athene superciliaris,599,11,2.01061132027936
Athene superciliaris,604,11,301.665628828616
Athene superciliaris,623,11,2.55808245034969
Athene superciliaris,639,11,30.1415171733531
Athene superciliaris,659,11,18.0802938475482
Athene superciliaris,667,11,63.7422429745231
Athene superciliaris,689,11,3.56021384187186
Athene superciliaris,698,11,7.48470384085394
Athene superciliaris,701,11,2.73830994216502
Athene superciliaris,728,11,67.4336606450312
Athene superciliaris,799,11,200.413510360691
Athene superciliaris,802,11,13.2143774025955
Athene superciliaris,812,11,7.74432683950007
Athene superciliaris,820,11,15.0325883204132
Athene superciliaris,888,11,774.250062067208
Athene superciliaris,893,11,4.27563960578322
Athene superciliaris,901,11,51.2995674994784
Athene superciliaris,916,11,160.209931539651
Athene superciliaris,951,11,38.5995990338773
Athene superciliaris,3362,11,105.120158660253
Athene superciliaris,2678,12,2.33597082442749
Athene superciliaris,2755,12,57.1920356452289
Athene superciliaris,3042,12,44.4928427752445
Athene superciliaris,3471,12,29.4123165165292
Athene superciliaris,3472,12,29.3885406549345
Athene superciliaris,3473,12,20.6592519148769
Athene superciliaris,3474,12,19.9515621485635
Avahi laniger,12,4,14.5068055517881
Avahi laniger,30,6,14.4910549187605
Avahi laniger,39,6,1.1997945148766
Avahi laniger,50,7,13.1011248301817
Avahi laniger,80,10,13.2553859652288
Avahi laniger,132,15,0.367894891669035
Avahi laniger,133,15,12.5071501015138
Avahi laniger,344,17,59.9439697240669
Avahi laniger,391,19,56.4159576669972
Avahi laniger,497,25,65.611862821471
Avahi laniger,1058,35,16.2094478191883
Avahi laniger,1577,48,13.2057871482461
Avahi laniger,1578,48,2.7137358713454
Avahi laniger,1591,48,0.723568351452589
Avahi laniger,1648,180,3.0731879689889
Avahi laniger,1660,180,6.50742985020852
Avahi laniger,1686,180,31.4470245058822
Avahi laniger,2699,124,26.7277226016967
Avahi laniger,2735,124,0.807085143688679
Avahi laniger,4637,94,17.8588537216964
Avahi laniger,4638,94,0.263943306310892
Avahi laniger,4995,101,0.437195466725349
Avahi laniger,5008,101,23.0788424568232
Avahi laniger,265,144,69.6471751838426
Avahi laniger,275,144,1.65325307838088
Avahi laniger,276,144,0.459243274490118
Avahi laniger,285,144,47.8460816977271
Avahi laniger,287,144,0.367363554798603
Avahi laniger,300,144,58.8617537300254
Avahi laniger,340,144,0.275443051051259
Avahi laniger,3003,128,29.2823097802404
Avahi laniger,3063,128,2.59653515384889
Avahi laniger,3076,128,0.537209295018554
Avahi laniger,1764,159,43.8808529622311
Avahi laniger,1948,173,1.71320107459641
Avahi laniger,1975,173,0.631062051789641
Avahi laniger,1976,173,3.24513473330378
Avahi laniger,2018,173,1.26175807826722
Avahi laniger,2020,173,133.91264955344
Avahi laniger,2094,173,0.630549841309428
Avahi laniger,2102,173,2.43191607726073
Avahi laniger,2198,194,70.171205546759
Avahi laniger,5111,165,168.261630146548
Avahi laniger,31,139,17.910972271145
Avahi laniger,34,139,0.369215914128184
Avahi laniger,35,139,2.03047939233834
Avahi laniger,4724,150,17.2564703516381
Avahi laniger,4784,150,9.10585069831289
Avahi laniger,4824,150,26.1744953179971
Avahi laniger,2631,203,50.5128889844387
Avahi laniger,2741,203,35.5206766781266
Avahi laniger,2757,204,137.38275887876
Avahi laniger,3759,202,40.5297465869773
Avahi laniger,3862,202,3.92362562417841
Avahi laniger,3885,202,103.893861006608
Avahi laniger,4640,95,18.812928153822
Avahi laniger,4641,95,5.09932988678861
Avahi laniger,4645,95,16.698656125278
Avahi laniger,4659,97,21.3301605593113
Avahi laniger,514,24,14.2768665205796
Avahi laniger,3186,136,16.3813947861906
Avahi laniger,5204,170,148.664415906644
Avahi laniger,5332,170,1198.4596162555
Avahi laniger,5341,170,4.87634729720127
Avahi laniger,3755,141,79.7835008618025
Avahi laniger,3873,141,180.783642575444
Avahi laniger,3934,141,5.9659693880297
Avahi laniger,3935,141,1.33564194933844
Avahi laniger,4000,141,2113.35886440812
Avahi laniger,4202,141,0.62064821295929
Avahi laniger,4206,141,0.265972006814122
Avahi laniger,4228,141,0.354345133471251
Avahi laniger,4265,141,2.83321769485366
Avahi laniger,4313,141,1756.96575646848
Avahi laniger,4475,141,7.2464315465945
Avahi laniger,4476,141,7.86464292334616
Avahi laniger,4480,141,0.97197529882133
Avahi laniger,4481,141,0.706902982692719
Avahi laniger,4486,141,5.30057274924576
Avahi laniger,4496,141,0.441649912203312
Avahi laniger,4514,141,738.759422035123
Avahi laniger,17,5,9.78885034124469
Avahi laniger,18,5,0.277054396753728
Avahi laniger,24,5,45.2407173293884
Avahi laniger,29,5,11.6300040493613
Avahi laniger,5603,5,0.369282266752303
Avahi laniger,62,8,2.02608504913765
Avahi laniger,63,8,0.460479690076709
Avahi laniger,64,8,0.276287814046025
Avahi laniger,72,8,1.10489496154469
Avahi laniger,94,8,416.490710425442
Avahi laniger,155,8,0.367843747830391
Avahi laniger,233,8,28.3949106967682
Avahi laniger,241,8,0.551358355514824
Avahi laniger,242,8,0.64325064792037
Avahi laniger,244,8,0.275676877216637
Avahi laniger,379,8,0.275287525101185
Avahi laniger,561,8,0.731667634530187
Avahi laniger,597,8,0.548483832757473
Avahi laniger,618,8,70.1142667369343
Avahi laniger,870,8,1.18578380805576
Avahi laniger,1051,8,27.9623496702811
Avahi laniger,1052,8,0.273246820754766
Avahi laniger,1054,8,3.73408961568439
Avahi laniger,1057,8,0.273218414016366
Avahi laniger,1137,8,0.363670280874491
Avahi laniger,1275,8,9481.80889196077
Avahi laniger,1762,55,1.17398632039285
Avahi laniger,1774,55,0.541772844968319
Avahi laniger,1833,55,73.409815837461
Avahi laniger,1858,55,2.07542750976193
Avahi laniger,5606,55,16.6952165197513
Avahi laniger,5506,108,27.2715936270507
Avahi laniger,5524,111,2.33597082442749
Avahi laniger,5553,111,57.1920356452289
Avahi laniger,5609,207,29.4123165165292
Avahi laniger,5610,208,29.3885406549345
Avahi laniger,177,184,90.6555652667292
Avahi laniger,5605,184,1.10365287807643
Avahi laniger,1463,195,0.815092015255809
Avahi laniger,1495,195,0.724323377509236
Avahi laniger,1602,195,1.26605439507914
Avahi laniger,1823,195,0.54153223163712
Avahi laniger,1839,195,47.3708417421204
Avahi laniger,1891,195,0.721609646918535
Avahi laniger,2046,195,26.9434789843044
Avahi laniger,2436,195,36.126370737397
Avahi laniger,2476,195,3958.33483805896
Avahi laniger,2512,195,33.404609637262
Avahi laniger,2513,195,280.61110980638
Avahi laniger,2575,195,8.61674749869728
Avahi laniger,5608,195,68.8270808059785
Avahi laniger,2040,206,26.7580247753003
Avahi laniger,2169,206,0.630264777312636
Avahi laniger,2303,206,2.87876883525968
Avahi laniger,2305,206,0.899620833965421
Avahi laniger,2313,206,0.269868277515173
Avahi laniger,2346,206,176.362051557167
Avahi laniger,2451,206,1442.51874299945
Avahi laniger,5602,206,54.7933720210891
Aviceda madagascariensis,6,1,130.021860527528
Aviceda madagascariensis,8,1,43.2038186617044
Aviceda madagascariensis,14,1,43.4528749465152
Aviceda madagascariensis,18,1,43.0377824654073
Aviceda madagascariensis,46,1,197.731583171071
Aviceda madagascariensis,66,1,38.9884159684163
Aviceda madagascariensis,82,1,54.8720161250916
Aviceda madagascariensis,88,1,33.8991079803611
Aviceda madagascariensis,91,1,58.8617537300254
Aviceda madagascariensis,93,1,439.973113778875
Aviceda madagascariensis,115,1,54.2551765402825
Aviceda madagascariensis,129,1,23.272929294417
Aviceda madagascariensis,156,1,104.61434809919
Aviceda madagascariensis,157,1,16.3740665150672
Aviceda madagascariensis,168,1,19.2038282113973
Aviceda madagascariensis,171,1,16.0871950112846
Aviceda madagascariensis,204,1,488.299600047917
Aviceda madagascariensis,231,1,304.413209140034
Aviceda madagascariensis,253,1,15.7405483510177
Aviceda madagascariensis,257,1,18676.6231134791
Aviceda madagascariensis,260,1,83.6828081696025
Aviceda madagascariensis,266,1,14.9064569138006
Aviceda madagascariensis,268,1,31.8042477839252
Aviceda madagascariensis,279,1,441.277129388884
Aviceda madagascariensis,294,1,557.486826734536
Aviceda madagascariensis,300,1,687.314092867609
Aviceda madagascariensis,301,1,25.5280353882237
Aviceda madagascariensis,308,1,29.913559169592
Aviceda madagascariensis,309,1,47.4469397172759
Aviceda madagascariensis,310,1,68.0501291261465
Aviceda madagascariensis,312,1,27.819348669053
Aviceda madagascariensis,313,1,97.1043704957292
Aviceda madagascariensis,315,1,90.1804596379815
Aviceda madagascariensis,332,1,234.238835582126
Aviceda madagascariensis,344,1,170.780797274529
Aviceda madagascariensis,349,1,70.171205546759
Aviceda madagascariensis,352,1,182.360479340825
Aviceda madagascariensis,354,1,44.4516109920411
Aviceda madagascariensis,358,1,19.6800640694541
Aviceda madagascariensis,359,1,3033.76266109981
Aviceda madagascariensis,362,1,63.1738238802975
Aviceda madagascariensis,363,1,120.678612704647
Aviceda madagascariensis,370,1,50.5128889844387
Aviceda madagascariensis,377,1,35.5206766781266
Aviceda madagascariensis,379,1,137.38275887876
Aviceda madagascariensis,406,1,44.6638451275753
Aviceda madagascariensis,418,1,17.7814230210756
Aviceda madagascariensis,419,1,17.9593123918274
Aviceda madagascariensis,430,1,1638.01249177223
Aviceda madagascariensis,435,1,11.94712332309
Aviceda madagascariensis,438,1,170.785426053185
Aviceda madagascariensis,447,1,224.834746882417
Aviceda madagascariensis,461,1,928.410615122294
Aviceda madagascariensis,468,1,241.843234234965
Aviceda madagascariensis,559,1,28.8370827305443
Aviceda madagascariensis,592,1,37.7648065144268
Aviceda madagascariensis,594,1,4569.33778321082
Aviceda madagascariensis,656,1,1312.45869569764
Aviceda madagascariensis,785,1,458.083821753779
Aviceda madagascariensis,834,1,15.5764797698595
Aviceda madagascariensis,861,1,54.0963039379551
Aviceda madagascariensis,903,1,44.4928427752445
Aviceda madagascariensis,1152,1,16.5402429724604
Aviceda madagascariensis,1183,1,56.8711675529887
Aviceda madagascariensis,1222,1,64.9869920614074
Aviceda madagascariensis,1231,1,14.1007399868137
Aviceda madagascariensis,1245,1,81.3668221959746
Aviceda madagascariensis,1246,1,45.5769941627041
Aviceda madagascariensis,1264,1,355.553761067319
Aviceda madagascariensis,1266,1,72.7284184850583
Aviceda madagascariensis,1270,1,57.1920356452289
Aviceda madagascariensis,1368,1,19.4337860709381
Aviceda madagascariensis,1369,1,187.042904927285
Aviceda madagascariensis,1371,1,27.2715936270507
Aviceda madagascariensis,1372,1,29.4123165165292
Aviceda madagascariensis,1373,1,29.3885406549345
Aviceda madagascariensis,1374,1,20.6592519148769
Aviceda madagascariensis,1375,1,19.9515621485635
Aviceda madagascariensis,302,2,38.2051651932399
Aviceda madagascariensis,356,2,167.74218789238
Aviceda madagascariensis,360,2,1032.09468954584
Aviceda madagascariensis,380,2,42.3362076362427
Aviceda madagascariensis,392,2,110.634216100066
Aviceda madagascariensis,395,2,90.2006443720138
Aviceda madagascariensis,413,2,89.7882265229853
Aviceda madagascariensis,427,2,674.271924355668
Aviceda madagascariensis,441,2,23.2564340616227
Aviceda madagascariensis,442,2,20.5002108981814
Aviceda madagascariensis,444,2,16.7503128028274
Aviceda madagascariensis,453,2,70.5519519286623
Aviceda madagascariensis,455,2,16.3782069258974
Aviceda madagascariensis,466,2,94.0284960762084
Aviceda madagascariensis,473,2,509.004872819902
Aviceda madagascariensis,479,2,23.0622813791416
Aviceda madagascariensis,512,2,260.732262440753
Aviceda madagascariensis,521,2,13.1672804516124
Aviceda madagascariensis,572,2,590.589880067642
Aviceda madagascariensis,573,2,68.4073900828574
Aviceda madagascariensis,576,2,16.1215402504437
Aviceda madagascariensis,608,2,54.5408324229195
Aviceda madagascariensis,631,2,12.7407955704254
Aviceda madagascariensis,632,2,12.0483039035151
Aviceda madagascariensis,637,2,11.331098059531
Aviceda madagascariensis,643,2,157.845280077024
Aviceda madagascariensis,650,2,24.5074496821449
Aviceda madagascariensis,651,2,152.434539488664
Aviceda madagascariensis,666,2,32.897685323071
Aviceda madagascariensis,670,2,47.5161649497197
Aviceda madagascariensis,673,2,24.0897988637466
Aviceda madagascariensis,764,2,27.038656370522
Aviceda madagascariensis,778,2,17.8876522784661
Aviceda madagascariensis,831,2,63.798109872398
Aviceda madagascariensis,860,2,466.866095203728
Aviceda madagascariensis,874,2,21.0241786897857
Aviceda madagascariensis,876,2,170.754673511907
Aviceda madagascariensis,959,2,25.9190793253232
Aviceda madagascariensis,962,2,79.2501346083427
Aviceda madagascariensis,971,2,43.5541700668897
Aviceda madagascariensis,977,2,88.8579889962915
Aviceda madagascariensis,985,2,155.727060960763
Aviceda madagascariensis,1051,2,17.1091583224724
Aviceda madagascariensis,1053,2,13.0307413413469
Aviceda madagascariensis,1056,2,112.468627701651
Aviceda madagascariensis,1159,2,14.876475508235
Aviceda madagascariensis,1257,2,36.3826787541578
Aviceda madagascariensis,1273,2,54.2897934620137
Aviceda madagascariensis,1274,2,31.4692072683324
Aviceda madagascariensis,1352,2,27.383507147518
Aviceda madagascariensis,1353,2,22.6292422166447
Aviceda madagascariensis,1363,2,59.9353472358141
Aviceda madagascariensis,1364,2,19.8014696613791
Bernieria madagascariensis,16584,7,128.481467511442
Bernieria madagascariensis,4763,77,0.456848093526959
Bernieria madagascariensis,4814,77,0.274103139080644
Bernieria madagascariensis,4828,77,0.274093192542315
Bernieria madagascariensis,4848,77,0.274081997471213
Bernieria madagascariensis,4896,77,0.822180016362309
Bernieria madagascariensis,4911,77,0.274053362136722
Bernieria madagascariensis,4921,77,5.57282749176896
Bernieria madagascariensis,5090,77,64.7813755391271
Bernieria madagascariensis,21683,77,4.01953690115464
Bernieria madagascariensis,21684,77,0.822156348397851
Bernieria madagascariensis,3453,89,0.824719871121347
Bernieria madagascariensis,3551,89,0.274908219362199
Bernieria madagascariensis,3603,89,0.366509968225718
Bernieria madagascariensis,3686,89,3.48152099565202
Bernieria madagascariensis,3717,89,23.1812928224177
Bernieria madagascariensis,249,103,43.2675847418705
Bernieria madagascariensis,2266,78,0.275667671454787
Bernieria madagascariensis,2282,78,1.92954817861235
Bernieria madagascariensis,2385,78,0.275591552190423
Bernieria madagascariensis,2404,78,0.367434207116008
Bernieria madagascariensis,2423,78,33.8991079803611
Bernieria madagascariensis,21599,78,0.367500048400104
Bernieria madagascariensis,379,87,0.370271373195231
Bernieria madagascariensis,380,87,0.462834125284791
Bernieria madagascariensis,384,87,43.0377824654073
Bernieria madagascariensis,400,87,1.48074673073471
Bernieria madagascariensis,401,87,1.66577102635694
Bernieria madagascariensis,405,87,0.277623898765862
Bernieria madagascariensis,408,87,0.277610584835947
Bernieria madagascariensis,435,87,1.38815019469857
Bernieria madagascariensis,199,101,0.463597745714188
Bernieria madagascariensis,238,101,43.2038186617044
Bernieria madagascariensis,127,31,0.55664420881176
Bernieria madagascariensis,131,31,0.371099061261296
Bernieria madagascariensis,134,31,0.556625695955813
Bernieria madagascariensis,145,31,0.463806772104442
Bernieria madagascariensis,151,31,0.27827526928854
Bernieria madagascariensis,153,31,0.463781360735595
Bernieria madagascariensis,165,31,0.278243954662919
Bernieria madagascariensis,179,31,0.27820176096195
Bernieria madagascariensis,182,31,0.64914825101471
Bernieria madagascariensis,189,31,130.021860527528
Bernieria madagascariensis,193,31,6.4908973798604
Bernieria madagascariensis,198,31,8.4370977335708
Bernieria madagascariensis,21696,31,56.8711675529887
Bernieria madagascariensis,14049,105,7.79134288626695
Bernieria madagascariensis,14367,105,44.6638451275753
Bernieria madagascariensis,4316,99,16.3740665150672
Bernieria madagascariensis,4471,99,19.2038282113973
Bernieria madagascariensis,4567,99,1.91988596975887
Bernieria madagascariensis,4568,99,4.2053427026192
Bernieria madagascariensis,4625,99,22.2892814174211
Bernieria madagascariensis,4629,99,5.85033975470352
Bernieria madagascariensis,4634,99,24.6792146248873
Bernieria madagascariensis,4661,99,2.65062070312488
Bernieria madagascariensis,4682,99,0.274192454328179
Bernieria madagascariensis,4693,99,0.548346514569998
Bernieria madagascariensis,4694,99,1.18809712456667
Bernieria madagascariensis,4719,99,5.0262264291631
Bernieria madagascariensis,4725,99,1.27936982512558
Bernieria madagascariensis,4790,99,8.49783825707888
Bernieria madagascariensis,4839,99,0.274089461484194
Bernieria madagascariensis,4883,99,10.9639024804161
Bernieria madagascariensis,4884,99,4.567756926453
Bernieria madagascariensis,5050,99,0.54794446963501
Bernieria madagascariensis,5133,99,0.365240409358501
Bernieria madagascariensis,5140,99,1.46089898014283
Bernieria madagascariensis,5144,99,0.456539862202287
Bernieria madagascariensis,5286,99,0.73026370028019
Bernieria madagascariensis,5304,99,0.547674823724389
Bernieria madagascariensis,5335,99,1.64285957804191
Bernieria madagascariensis,5343,99,0.912692769446373
Bernieria madagascariensis,5349,99,0.638874861070156
Bernieria madagascariensis,5367,99,0.82137056838429
Bernieria madagascariensis,5372,99,0.456318663737774
Bernieria madagascariensis,5387,99,1.46014583455336
Bernieria madagascariensis,5393,99,0.365034251434088
Bernieria madagascariensis,5434,99,543.948840861179
Bernieria madagascariensis,5467,99,0.547426328327894
Bernieria madagascariensis,5473,99,0.364942030489683
Bernieria madagascariensis,5481,99,0.456175956650972
Bernieria madagascariensis,21459,99,37.6497033879563
Bernieria madagascariensis,21544,99,2.19383277368414
Bernieria madagascariensis,21691,99,16.5402429724604
Bernieria madagascariensis,21745,99,0.456749789226413
Bernieria madagascariensis,21775,99,180.203304764409
Bernieria madagascariensis,3895,100,0.732451485653877
Bernieria madagascariensis,4278,100,104.61434809919
Bernieria madagascariensis,21736,100,64.9869920614074
Bernieria madagascariensis,21760,100,3.11329257240254
Bernieria madagascariensis,21761,100,14.1007399868137
Bernieria madagascariensis,21774,100,2.56288165690053
Bernieria madagascariensis,21805,100,0.274669912564755
Bernieria madagascariensis,21806,100,0.366225743037939
Bernieria madagascariensis,21807,100,0.549305915590942
Bernieria madagascariensis,21826,100,0.366233005417585
Bernieria madagascariensis,17269,9,48.3392930565919
Bernieria madagascariensis,17514,9,3.55237904373407
Bernieria madagascariensis,21905,9,0.97677300263679
Bernieria madagascariensis,18665,10,29.8714330564705
Bernieria madagascariensis,19020,10,17.1091583224724
Bernieria madagascariensis,21909,10,24.9134220534818
Bernieria madagascariensis,21910,10,12.976202944595
Bernieria madagascariensis,17805,23,18.1853961666804
Bernieria madagascariensis,17912,23,5.58622115149748
Bernieria madagascariensis,18029,23,3.5453959667995
Bernieria madagascariensis,18075,23,1.15201089562786
Bernieria madagascariensis,21907,23,1.33025208764148
Bernieria madagascariensis,21908,23,0.708859475056291
Bernieria madagascariensis,8883,24,38.0240908844043
Bernieria madagascariensis,8957,24,3.07696966736627
Bernieria madagascariensis,8966,24,0.723997986286044
Bernieria madagascariensis,9016,24,0.361958205401897
Bernieria madagascariensis,21851,24,0.452763459861636
Bernieria madagascariensis,12262,38,2.51681560592651
Bernieria madagascariensis,12348,38,1003.95733834577
Bernieria madagascariensis,12453,38,16.4418481049557
Bernieria madagascariensis,21865,38,7.49786063311923
Bernieria madagascariensis,21866,38,10.465825454369
Bernieria madagascariensis,21872,38,1.35249907425892
Bernieria madagascariensis,21878,38,3.33495901543343
Bernieria madagascariensis,21883,38,0.270356910651445
Bernieria madagascariensis,21886,38,0.360449504251242
Bernieria madagascariensis,21888,38,2.16237442039514
Bernieria madagascariensis,21891,38,0.27020117475152
Bernieria madagascariensis,21892,38,1.89003464057791
Bernieria madagascariensis,21893,38,4.23005688389182
Bernieria madagascariensis,21895,38,0.449812608878851
Bernieria madagascariensis,11606,54,145.981952821241
Bernieria madagascariensis,12100,54,0.449603298739433
Bernieria madagascariensis,12101,54,0.359686745625973
Bernieria madagascariensis,12738,54,96.6300998643258
Bernieria madagascariensis,21853,54,0.449634089967847
Bernieria madagascariensis,13800,107,140.270315610134
Bernieria madagascariensis,13861,107,73.2763330412288
Bernieria madagascariensis,13893,107,0.985282145026565
Bernieria madagascariensis,13946,107,42.1715901547037
Bernieria madagascariensis,13975,107,3.3134309653126
Bernieria madagascariensis,14087,107,2.32767118465054
Bernieria madagascariensis,14279,107,0.447504637193799
Bernieria madagascariensis,14348,107,0.268474406305432
Bernieria madagascariensis,14360,107,2.50550766269672
Bernieria madagascariensis,14475,107,0.357865030018806
Bernieria madagascariensis,14476,107,0.357865030018806
Bernieria madagascariensis,14484,107,247.770101481909
Bernieria madagascariensis,14511,107,1.16299019851911
Bernieria madagascariensis,21900,107,59.9353472358141
Bernieria madagascariensis,10024,65,68.0501291261465
Bernieria madagascariensis,10363,65,0.812480411258936
Bernieria madagascariensis,11295,65,170.780797274529
Bernieria madagascariensis,11555,65,70.171205546759
Bernieria madagascariensis,11865,65,2.87876883525968
Bernieria madagascariensis,11870,65,0.899620833965421
Bernieria madagascariensis,11912,65,0.269868277515173
Bernieria madagascariensis,12287,65,36.126370737397
Bernieria madagascariensis,12631,65,280.61110980638
Bernieria madagascariensis,13120,65,50.5128889844387
Bernieria madagascariensis,13429,65,35.5206766781266
Bernieria madagascariensis,13461,65,137.38275887876
Bernieria madagascariensis,15696,65,79.7835008618025
Bernieria madagascariensis,15995,65,180.783642575444
Bernieria madagascariensis,16158,65,224.834746882417
Bernieria madagascariensis,17026,65,11415.3579548957
Bernieria madagascariensis,17988,65,0.62064821295929
Bernieria madagascariensis,18002,65,0.265972006814122
Bernieria madagascariensis,18021,65,0.709200345668078
Bernieria madagascariensis,18130,65,0.531537427095413
Bernieria madagascariensis,18300,65,4.51364348582339
Bernieria madagascariensis,19511,65,28.8370827305443
Bernieria madagascariensis,20374,65,37.7648065144268
Bernieria madagascariensis,20458,65,4843.51012732321
Bernieria madagascariensis,21437,65,1329.88182992828
Bernieria madagascariensis,21794,65,54.7933720210891
Bernieria madagascariensis,21802,65,58.1494763075515
Bernieria madagascariensis,21803,65,38.3946948622806
Bernieria madagascariensis,21804,65,1.35457540027201
Bernieria madagascariensis,21818,65,355.553761067319
Bernieria madagascariensis,21820,65,72.7284184850583
Bernieria madagascariensis,21831,65,47.4469397172759
Bernieria madagascariensis,21913,65,19.4337860709381
Bernieria madagascariensis,21914,65,187.042904927285
Bernieria madagascariensis,21915,65,9.05780211758673
Bernieria madagascariensis,877,76,197.731583171071
Bernieria madagascariensis,1248,76,38.9884159684163
Bernieria madagascariensis,2049,76,0.643524707942724
Bernieria madagascariensis,2102,76,0.459616383672059
Bernieria madagascariensis,2124,76,0.643432019172192
Bernieria madagascariensis,2132,76,0.275752651619673
Bernieria madagascariensis,2154,76,0.367655302864194
Bernieria madagascariensis,2175,76,1.56243208603442
Bernieria madagascariensis,2176,76,0.275729722221732
Bernieria madagascariensis,2199,76,0.275717098941624
Bernieria madagascariensis,2215,76,0.275709061498523
Bernieria madagascariensis,2219,76,0.459508593737543
Bernieria madagascariensis,2226,76,0.45949710468936
Bernieria madagascariensis,2227,76,1.1946710927344
Bernieria madagascariensis,2244,76,54.8720161250855
Bernieria madagascariensis,2248,76,3.21620605602419
Bernieria madagascariensis,2249,76,0.551364106284499
Bernieria madagascariensis,2256,76,1.10266377710527
Bernieria madagascariensis,2265,76,0.367564567481756
Bernieria madagascariensis,2275,76,0.551319225258708
Bernieria madagascariensis,2287,76,1.10259928914046
Bernieria madagascariensis,2293,76,2.02137478975803
Bernieria madagascariensis,2294,76,0.826945434479237
Bernieria madagascariensis,2302,76,0.643170052255213
Bernieria madagascariensis,2311,76,1.65382056523675
Bernieria madagascariensis,2332,76,0.826825480994821
Bernieria madagascariensis,2359,76,0.459349671094894
Bernieria madagascariensis,2383,76,0.367459639964223
Bernieria madagascariensis,2398,76,0.275586929093957
Bernieria madagascariensis,2402,76,1.46972063059181
Bernieria madagascariensis,2403,76,0.275577679304183
Bernieria madagascariensis,2492,76,0.367363554798603
Bernieria madagascariensis,2517,76,58.8617537300254
Bernieria madagascariensis,2597,76,439.973113778875
Bernieria madagascariensis,2638,76,0.275443051051259
Bernieria madagascariensis,7283,76,21965.587808867
Bernieria madagascariensis,21461,76,458.083821753779
Bernieria madagascariensis,21832,76,0.369282266752303
Bernieria madagascariensis,21835,76,9.5658888511582
Bernieria madagascariensis,21837,76,0.827843772775352
Bernieria madagascariensis,21838,76,0.275940742864907
Bernieria madagascariensis,21839,76,0.275922588019133
Bernieria madagascariensis,21840,76,1.65548669658464
Bernieria madagascariensis,21842,76,0.459814922548056
Bernieria madagascariensis,21843,76,10.9920872748523
Bernieria madagascariensis,21844,76,0.923443426764727
Bernieria madagascariensis,21848,76,1.74834825798291
Bernieria madagascariensis,21850,76,1.74828060862398
Bernieria madagascariensis,14957,81,14.5683017967566
Bernieria madagascariensis,15164,81,76.7213865956591
Bernieria madagascariensis,21693,81,2.32334557227397
Bernieria madagascariensis,21341,106,2.33597082442749
Bernieria madagascariensis,21410,106,0.777178853789091
Bernieria madagascariensis,21742,106,0.604549703200817
Bernieria madagascariensis,21824,106,57.1920356452289
Bernieria madagascariensis,21916,106,27.2715936270507
Bernieria madagascariensis,21917,106,29.4123165165292
Bernieria madagascariensis,21918,106,29.3885406549345
Bernieria madagascariensis,21919,106,20.6592519148769
Bernieria madagascariensis,21920,106,19.9515621485635
Brachypteracias leptosomus,5,1,3.31197962940294
Brachypteracias leptosomus,11,1,29.966803009745
Brachypteracias leptosomus,31,1,2.84166779078096
Brachypteracias leptosomus,33,1,33.9094715795124
Brachypteracias leptosomus,36,1,7.4203096835655
Brachypteracias leptosomus,46,1,5.30132175810611
Brachypteracias leptosomus,55,1,10.7691495265471
Brachypteracias leptosomus,57,1,18.7867803754567
Brachypteracias leptosomus,59,1,37.1089157964191
Brachypteracias leptosomus,63,1,3.19109242600811
Brachypteracias leptosomus,64,1,3.82909888804102
Brachypteracias leptosomus,65,1,21.7001741978295
Brachypteracias leptosomus,66,1,57.0479435998374
Brachypteracias leptosomus,68,1,8.02199676955664
Brachypteracias leptosomus,70,1,3.09900984286463
Brachypteracias leptosomus,73,1,4.64662316187906
Brachypteracias leptosomus,77,1,18.3080449645846
Brachypteracias leptosomus,78,1,110.655066076252
Brachypteracias leptosomus,83,1,2.00140982373178
Brachypteracias leptosomus,84,1,2.45595913956344
Brachypteracias leptosomus,91,1,13971.7154401612
Brachypteracias leptosomus,104,1,8.96286227229084
Brachypteracias leptosomus,123,1,22.598530894377
Brachypteracias leptosomus,139,1,7.21903752467107
Brachypteracias leptosomus,145,1,2.70679893900144
Brachypteracias leptosomus,148,1,2.1653033994143
Brachypteracias leptosomus,152,1,33.1012779340061
Brachypteracias leptosomus,174,1,98.5147707653809
Brachypteracias leptosomus,175,1,11.1771037265234
Brachypteracias leptosomus,181,1,7.38669548398626
Brachypteracias leptosomus,190,1,3.60175258067632
Brachypteracias leptosomus,200,1,70.171205546759
Brachypteracias leptosomus,202,1,9.36089460850144
Brachypteracias leptosomus,205,1,19.1735890171416
Brachypteracias leptosomus,213,1,2.06986402977848
Brachypteracias leptosomus,224,1,8.09601869122922
Brachypteracias leptosomus,229,1,2.24909224567234
Brachypteracias leptosomus,230,1,2.87876883525968
Brachypteracias leptosomus,234,1,4.58734981390798
Brachypteracias leptosomus,244,1,26.2682493419862
Brachypteracias leptosomus,252,1,5.93422973769367
Brachypteracias leptosomus,259,1,36.126370737397
Brachypteracias leptosomus,265,1,5473.67699950264
Brachypteracias leptosomus,274,1,33.404609637262
Brachypteracias leptosomus,275,1,280.61110980638
Brachypteracias leptosomus,293,1,8.61674749869728
Brachypteracias leptosomus,301,1,50.5128889844387
Brachypteracias leptosomus,322,1,35.5206766781266
Brachypteracias leptosomus,325,1,137.38275887876
Brachypteracias leptosomus,367,1,3.4040187478323
Brachypteracias leptosomus,383,1,7.79134288626814
Brachypteracias leptosomus,398,1,22.2979204287458
Brachypteracias leptosomus,418,1,44.6638451275753
Brachypteracias leptosomus,456,1,10.3650947225828
Brachypteracias leptosomus,472,1,2.768956542961
Brachypteracias leptosomus,513,1,180.783642575444
Brachypteracias leptosomus,523,1,224.834746882417
Brachypteracias leptosomus,575,1,1758.89116583042
Brachypteracias leptosomus,709,1,37.7648065144268
Brachypteracias leptosomus,718,1,4422.20553553549
Brachypteracias leptosomus,743,1,5.22491059429133
Brachypteracias leptosomus,756,1,1093.4736665128
Brachypteracias leptosomus,766,1,58.1494763075515
Brachypteracias leptosomus,768,1,54.7933720210891
Brachypteracias leptosomus,770,1,421.988737528093
Brachypteracias leptosomus,771,1,298.275017829018
Brachypteracias leptosomus,774,1,355.466497858925
Brachypteracias leptosomus,775,1,72.6415490388816
Brachypteracias leptosomus,777,1,15.7287553906272
Brachypteracias leptosomus,782,1,75.1047678047994
Brachypteracias leptosomus,788,1,19.4337860709381
Brachypteracias leptosomus,789,1,93.0083208342829
Brachypteracias leptosomus,790,1,9.05780211758673
Brachypteracias leptosomus,760,2,29.4123165165292
Brachypteracias leptosomus,783,2,27.2715936270507
Brachypteracias leptosomus,784,2,29.3885406549345
Brachypteracias leptosomus,785,2,20.6592519148769
Brachyuromys betsileoensis,146,130,10.1575986438801
Brachyuromys betsileoensis,171,11,3.6934969105357
Brachyuromys betsileoensis,381,22,36.1308260893962
Brachyuromys betsileoensis,471,25,27.3374724883207
Brachyuromys betsileoensis,472,25,0.0920546381841302
Brachyuromys betsileoensis,474,25,0.0920535179437995
Brachyuromys betsileoensis,484,25,29.9084594166067
Brachyuromys betsileoensis,614,29,11.846654665254
Brachyuromys betsileoensis,1099,45,0.0907968556401729
Brachyuromys betsileoensis,1101,45,33.0570293216439
Brachyuromys betsileoensis,2670,96,13.8900112845451
Brachyuromys betsileoensis,2806,100,25.0456240645473
Brachyuromys betsileoensis,2753,134,7.37843342656613
Brachyuromys betsileoensis,452,160,4.05232580194205
Brachyuromys betsileoensis,756,165,0.548667480043531
Brachyuromys betsileoensis,759,165,0.182880958298028
Brachyuromys betsileoensis,766,165,57.9796058724853
Brachyuromys betsileoensis,1323,170,29.8980939372299
Brachyuromys betsileoensis,3089,170,16.9385593552308
Brachyuromys betsileoensis,2664,95,0.089155398519516
Brachyuromys betsileoensis,2665,95,0.356612166113615
Brachyuromys betsileoensis,2666,95,0.178273059561968
Brachyuromys betsileoensis,2667,95,202.142114990154
Brachyuromys betsileoensis,2669,95,0.0890528370300531
Brachyuromys betsileoensis,2681,95,0.0890099780989885
Brachyuromys betsileoensis,2685,95,106.567238251434
Brachyuromys betsileoensis,2687,95,2.04693196893156
Brachyuromys betsileoensis,2700,95,17.6148474852084
Brachyuromys betsileoensis,3108,95,24.3537735842729
Brachyuromys betsileoensis,2752,152,2.04474435632134
Brachyuromys betsileoensis,2802,152,558.089907774033
Brachyuromys betsileoensis,3106,193,73.4038785599247
Brachyuromys betsileoensis,986,169,15.9106349743109
Brachyuromys betsileoensis,2571,183,11.3466963691012
Brachyuromys betsileoensis,2578,183,6.60943077236235
Brachyuromys betsileoensis,2593,183,79.7835008618025
Brachyuromys betsileoensis,2601,183,13.2152388889426
Brachyuromys betsileoensis,1352,191,346.278565414832
Brachyuromys betsileoensis,1528,191,0.812480411258936
Brachyuromys betsileoensis,3101,191,50.038979117595
Brachyuromys betsileoensis,3102,191,107.512207290627
Brachyuromys betsileoensis,3100,195,38.5754106344105
Brachyuromys betsileoensis,3103,195,1.35457540027201
Brachyuromys betsileoensis,640,32,145.722540073831
Brachyuromys betsileoensis,3109,32,85.6308401360639
Brachyuromys betsileoensis,1962,159,54.9733265501487
Brachyuromys betsileoensis,1954,177,36.126370737397
Brachyuromys betsileoensis,829,187,1.73194615611374
Brachyuromys betsileoensis,837,187,3.09900984286463
Brachyuromys betsileoensis,841,187,0.729165010962606
Brachyuromys betsileoensis,842,187,0.638013784430742
Brachyuromys betsileoensis,847,187,0.911252140481591
Brachyuromys betsileoensis,856,187,13.8476284396513
Brachyuromys betsileoensis,864,187,0.546583886730909
Brachyuromys betsileoensis,876,187,488.988250822137
Brachyuromys betsileoensis,207,9,193.576385321093
Brachyuromys betsileoensis,3110,9,0.369282266752303
Brachyuromys betsileoensis,3111,9,0.184641133481979
Brachyuromys betsileoensis,586,28,1.10266377710527
Brachyuromys betsileoensis,587,28,0.183781132994473
Brachyuromys betsileoensis,588,28,2.02137478975803
Brachyuromys betsileoensis,589,28,0.826945434479237
Brachyuromys betsileoensis,597,28,0.367459639964223
Brachyuromys betsileoensis,600,28,0.183724619395971
Brachyuromys betsileoensis,601,28,0.275586929093957
Brachyuromys betsileoensis,603,28,1.46972063059181
Brachyuromys betsileoensis,604,28,0.275577679304183
Brachyuromys betsileoensis,623,28,395.319650348358
Brachyuromys betsileoensis,3118,28,9.5658888511582
Brachyuromys betsileoensis,3120,28,0.827843772775352
Brachyuromys betsileoensis,3124,28,0.0919723036499619
Brachyuromys betsileoensis,308,121,0.6456592656492
Brachyuromys betsileoensis,368,121,30.0529589056564
Brachyuromys betsileoensis,426,121,6.63162645038044
Brachyuromys betsileoensis,448,121,1.74986507844758
Brachyuromys betsileoensis,449,121,127.76904636948
Brachyuromys betsileoensis,458,121,29.7439079649721
Brachyuromys betsileoensis,461,121,0.0920914871640205
Brachyuromys betsileoensis,468,121,29.6453323973265
Brachyuromys betsileoensis,483,121,29.8164373522979
Brachyuromys betsileoensis,526,121,1955.8522313992
Brachyuromys betsileoensis,539,121,18.8525092663892
Brachyuromys betsileoensis,3113,196,0.0920209387692809
Brachyuromys betsileoensis,3114,196,1.74834825798291
Brachyuromys betsileoensis,3115,196,0.0920198121696711
Brachyuromys betsileoensis,3116,196,1.74828060862398
Brachyuromys betsileoensis,889,192,15.7405483510177
Brachyuromys betsileoensis,1807,194,0.179958904524803
Brachyuromys betsileoensis,1824,194,2.87876883525968
Brachyuromys betsileoensis,1826,194,0.899620833965421
Brachyuromys betsileoensis,1846,194,0.269868277515173
Brachyuromys betsileoensis,1957,194,2211.72580773754
Brachyuromys betsileoensis,3099,194,1.16893425190783
Brachyuromys betsileoensis,3126,194,0.0902726128827334
Buteo brachypterus,7,1,130.021860527528
Buteo brachypterus,10,1,43.2038186617044
Buteo brachypterus,15,1,43.4528749465152
Buteo brachypterus,21,1,43.0377824654073
Buteo brachypterus,48,1,197.731583171071
Buteo brachypterus,67,1,38.9884159684202
Buteo brachypterus,83,1,33.8991079803611
Buteo brachypterus,85,1,58.8617537300292
Buteo brachypterus,88,1,440.064966834339
Buteo brachypterus,114,1,23.272929294417
Buteo brachypterus,133,1,104.61434809919
Buteo brachypterus,146,1,19.2038282113973
Buteo brachypterus,151,1,24.6792146248873
Buteo brachypterus,239,1,748.88569663186
Buteo brachypterus,262,1,22005.9813911509
Buteo brachypterus,308,1,68.0501291261465
Buteo brachypterus,333,1,170.780797274529
Buteo brachypterus,338,1,70.1712055467508
Buteo brachypterus,346,1,36.2162431781246
Buteo brachypterus,348,1,280.700961597652
Buteo brachypterus,354,1,50.5128889844387
Buteo brachypterus,362,1,35.5206766781266
Buteo brachypterus,364,1,137.38275887876
Buteo brachypterus,392,1,44.6638451275753
Buteo brachypterus,418,1,79.8728324807925
Buteo brachypterus,426,1,180.783642575444
Buteo brachypterus,432,1,224.834746882435
Buteo brachypterus,452,1,11425.7745867019
Buteo brachypterus,508,1,28.8370827305443
Buteo brachypterus,532,1,37.7648065144268
Buteo brachypterus,535,1,4899.14112324598
Buteo brachypterus,574,1,1329.96889561471
Buteo brachypterus,596,1,16.3740665150672
Buteo brachypterus,1190,1,54.8720161250916
Buteo brachypterus,1194,1,68.1178643036762
Buteo brachypterus,1206,1,19.3775430370849
Buteo brachypterus,1207,1,76.4803060961314
Buteo brachypterus,1361,1,458.083821753779
Buteo brachypterus,1456,1,44.4928427752445
Buteo brachypterus,1726,1,16.5402429724604
Buteo brachypterus,1760,1,56.8711675529887
Buteo brachypterus,1799,1,64.9869920614074
Buteo brachypterus,1805,1,14.1007399868137
Buteo brachypterus,1829,1,86.9343049463478
Buteo brachypterus,1845,1,54.7933720210891
Buteo brachypterus,1849,1,58.1494763075515
Buteo brachypterus,1850,1,38.3946948622806
Buteo brachypterus,1872,1,355.641092569589
Buteo brachypterus,1874,1,72.7284184850583
Buteo brachypterus,1878,1,57.1920356452289
Buteo brachypterus,1902,1,47.4469397172759
Buteo brachypterus,1998,1,19.4337860709381
Buteo brachypterus,1999,1,187.042904927285
Buteo brachypterus,2001,1,27.2715936270507
Buteo brachypterus,2002,1,29.4123165165292
Buteo brachypterus,2003,1,29.3885406549345
Buteo brachypterus,2004,1,20.6592519148769
Buteo brachypterus,2005,1,19.9515621485635
Buteo brachypterus,300,2,38.2051651932399
Buteo brachypterus,345,2,167.74218789238
Buteo brachypterus,365,2,1032.09468954584
Buteo brachypterus,374,2,110.634216100066
Buteo brachypterus,379,2,90.2006443720138
Buteo brachypterus,404,2,89.7882265229853
Buteo brachypterus,413,2,674.808253743933
Buteo brachypterus,429,2,16.7503128028274
Buteo brachypterus,488,2,260.732262440753
Buteo brachypterus,519,2,16.1215402504437
Buteo brachypterus,571,2,157.845280077024
Buteo brachypterus,772,2,94.7401919222058
Buteo brachypterus,813,2,593.505502860165
Buteo brachypterus,823,2,54.5408324229195
Buteo brachypterus,848,2,24.5074496821591
Buteo brachypterus,862,2,155.10679217918
Buteo brachypterus,1075,2,42.3362076362427
Buteo brachypterus,1169,2,33.5865311296824
Buteo brachypterus,1170,2,47.5161649497197
Buteo brachypterus,1179,2,24.8640921597188
Buteo brachypterus,1224,2,509.984436593641
Buteo brachypterus,1228,2,16.3782069258974
Buteo brachypterus,1332,2,27.8998503276566
Buteo brachypterus,1344,2,17.8876522784661
Buteo brachypterus,1391,2,63.798109872398
Buteo brachypterus,1428,2,470.340423367448
Buteo brachypterus,1442,2,170.754673511907
Buteo brachypterus,1467,2,21.0241786897857
Buteo brachypterus,1516,2,79.2501346083427
Buteo brachypterus,1523,2,155.727060960763
Buteo brachypterus,1531,2,35.7097522353754
Buteo brachypterus,1536,2,89.3847778577724
Buteo brachypterus,1553,2,26.0081400826775
Buteo brachypterus,1632,2,17.1973576435087
Buteo brachypterus,1634,2,13.3829553466861
Buteo brachypterus,1637,2,112.468627701651
Buteo brachypterus,1731,2,14.876475508235
Buteo brachypterus,1881,2,36.3826787541578
Buteo brachypterus,1891,2,54.2897934620137
Buteo brachypterus,1892,2,31.4692072683324
Buteo brachypterus,1980,2,27.383507147518
Buteo brachypterus,1981,2,22.6292422166447
Buteo brachypterus,1993,2,59.9353472358141
Buteo brachypterus,1994,2,19.8014696613791
Calicalicus madagascariensis,16548,22,22.1772566781623
Calicalicus madagascariensis,16651,22,3.29419845495892
Calicalicus madagascariensis,18052,12,18.1853961666774
Calicalicus madagascariensis,4615,97,0.456848093526959
Calicalicus madagascariensis,4660,97,0.456835664464593
Calicalicus madagascariensis,4661,97,0.274101896026969
Calicalicus madagascariensis,4674,97,0.274093192542315
Calicalicus madagascariensis,4699,97,0.274081997471213
Calicalicus madagascariensis,4744,97,0.822180016362309
Calicalicus madagascariensis,4754,97,0.274053362136722
Calicalicus madagascariensis,4760,97,6.02962584375572
Calicalicus madagascariensis,4924,97,64.7813755391271
Calicalicus madagascariensis,22214,97,4.01953690115464
Calicalicus madagascariensis,22215,97,0.822156348397851
Calicalicus madagascariensis,3527,99,0.274908219362199
Calicalicus madagascariensis,3675,99,19.8824612120205
Calicalicus madagascariensis,22155,99,0.824719871121347
Calicalicus madagascariensis,2321,58,0.275667671454787
Calicalicus madagascariensis,2337,58,1.92954817861235
Calicalicus madagascariensis,2431,58,0.275591552190423
Calicalicus madagascariensis,2450,58,0.367434207116008
Calicalicus madagascariensis,2468,58,33.8991079803611
Calicalicus madagascariensis,22131,58,0.367500048400104
Calicalicus madagascariensis,359,134,43.4528749465152
Calicalicus madagascariensis,407,119,0.370271373195231
Calicalicus madagascariensis,408,119,0.462834125284791
Calicalicus madagascariensis,412,119,43.0377824654073
Calicalicus madagascariensis,428,119,1.48074673073471
Calicalicus madagascariensis,430,119,1.66577102635694
Calicalicus madagascariensis,436,119,0.277623898765862
Calicalicus madagascariensis,439,119,0.277610584835947
Calicalicus madagascariensis,466,119,1.38815019469857
Calicalicus madagascariensis,212,132,0.463597745714188
Calicalicus madagascariensis,255,132,43.2038186617044
Calicalicus madagascariensis,135,83,0.55664420881176
Calicalicus madagascariensis,139,83,0.371099061261296
Calicalicus madagascariensis,142,83,0.556625695955813
Calicalicus madagascariensis,155,83,0.463806772104442
Calicalicus madagascariensis,162,83,0.27827526928854
Calicalicus madagascariensis,164,83,0.463781360735595
Calicalicus madagascariensis,178,83,0.278243954662919
Calicalicus madagascariensis,192,83,0.27820176096195
Calicalicus madagascariensis,195,83,0.64914825101471
Calicalicus madagascariensis,202,83,130.021860527528
Calicalicus madagascariensis,206,83,6.4908973798604
Calicalicus madagascariensis,211,83,8.4370977335708
Calicalicus madagascariensis,22226,83,56.8711675529887
Calicalicus madagascariensis,14134,135,7.79134288626695
Calicalicus madagascariensis,14467,135,44.6638451275753
Calicalicus madagascariensis,4216,129,16.3740665150672
Calicalicus madagascariensis,4360,129,19.2038282113973
Calicalicus madagascariensis,4453,129,1.91988596975875
Calicalicus madagascariensis,4454,129,4.2053427026192
Calicalicus madagascariensis,4494,129,22.2892814174211
Calicalicus madagascariensis,4557,129,0.548346514569998
Calicalicus madagascariensis,4567,129,0.639730784998775
Calicalicus madagascariensis,4583,129,1.27936982512558
Calicalicus madagascariensis,4605,129,1.46201426250422
Calicalicus madagascariensis,4650,129,2.64969806134474
Calicalicus madagascariensis,4686,129,0.274089461484194
Calicalicus madagascariensis,4732,129,7.03479595916414
Calicalicus madagascariensis,4733,129,4.567756926453
Calicalicus madagascariensis,4881,129,0.54794446963501
Calicalicus madagascariensis,4962,129,0.365240409358501
Calicalicus madagascariensis,4968,129,1.46089898014283
Calicalicus madagascariensis,4972,129,0.456539862202287
Calicalicus madagascariensis,5102,129,0.73026370028019
Calicalicus madagascariensis,5131,129,2.28180747323132
Calicalicus madagascariensis,5142,129,1.64285957804191
Calicalicus madagascariensis,5149,129,0.638874861070156
Calicalicus madagascariensis,5164,129,0.82137056838429
Calicalicus madagascariensis,5167,129,0.456318663737774
Calicalicus madagascariensis,5183,129,1.27762744745624
Calicalicus madagascariensis,5187,129,0.365034251434088
Calicalicus madagascariensis,5220,129,517.483241306474
Calicalicus madagascariensis,5238,129,0.547426328327894
Calicalicus madagascariensis,5242,129,0.364942030489683
Calicalicus madagascariensis,5246,129,0.456175956650972
Calicalicus madagascariensis,21970,129,30.704935860728
Calicalicus madagascariensis,22074,129,2.19383277368414
Calicalicus madagascariensis,22222,129,14.9865047176591
Calicalicus madagascariensis,22277,129,0.456749789226413
Calicalicus madagascariensis,22307,129,173.722750508177
Calicalicus madagascariensis,3825,131,0.732451485653877
Calicalicus madagascariensis,4180,131,104.61434809919
Calicalicus madagascariensis,22268,131,64.9869920614074
Calicalicus madagascariensis,22292,131,3.11329257240254
Calicalicus madagascariensis,22293,131,14.1007399868137
Calicalicus madagascariensis,22306,131,2.56288165690053
Calicalicus madagascariensis,22337,131,0.274669912564755
Calicalicus madagascariensis,22338,131,0.366225743037939
Calicalicus madagascariensis,22339,131,0.549305915590942
Calicalicus madagascariensis,22358,131,0.366233005417585
Calicalicus madagascariensis,8678,8,38.2051651932399
Calicalicus madagascariensis,8759,8,3.07696966736627
Calicalicus madagascariensis,8769,8,0.723997986286044
Calicalicus madagascariensis,8823,8,0.361958205401897
Calicalicus madagascariensis,22383,8,0.452763459861636
Calicalicus madagascariensis,12423,9,21.0241786897988
Calicalicus madagascariensis,12424,9,1032.09468954584
Calicalicus madagascariensis,22397,9,7.49786063311923
Calicalicus madagascariensis,22398,9,10.465825454369
Calicalicus madagascariensis,22404,9,1.35249907425892
Calicalicus madagascariensis,22410,9,3.33495901543343
Calicalicus madagascariensis,22415,9,0.270356910651445
Calicalicus madagascariensis,22418,9,0.360449504251242
Calicalicus madagascariensis,22420,9,2.16237442039514
Calicalicus madagascariensis,22423,9,0.27020117475152
Calicalicus madagascariensis,22425,9,1.89003464057791
Calicalicus madagascariensis,22426,9,4.23005688389182
Calicalicus madagascariensis,22428,9,0.449812608878851
Calicalicus madagascariensis,18768,13,2.74076471963298
Calicalicus madagascariensis,18911,13,31.4226263784424
Calicalicus madagascariensis,19263,13,0.970314285975814
Calicalicus madagascariensis,19353,13,17.1091583224724
Calicalicus madagascariensis,22442,13,2.38669797589755
Calicalicus madagascariensis,22443,13,26.0620988535793
Calicalicus madagascariensis,11522,77,146.161730094645
Calicalicus madagascariensis,12033,77,0.449603298739433
Calicalicus madagascariensis,12034,77,0.359686745625973
Calicalicus madagascariensis,22385,77,0.449634089967847
Calicalicus madagascariensis,16484,79,18.0795961240819
Calicalicus madagascariensis,16767,79,184.144432432081
Calicalicus madagascariensis,17504,79,48.3392930566057
Calicalicus madagascariensis,17756,79,3.55237904373407
Calicalicus madagascariensis,22440,79,0.97677300263679
Calicalicus madagascariensis,928,88,197.731583171071
Calicalicus madagascariensis,1318,88,38.9884159684163
Calicalicus madagascariensis,2120,88,0.643524707942724
Calicalicus madagascariensis,2171,88,0.459616383672059
Calicalicus madagascariensis,2192,88,0.643432019172192
Calicalicus madagascariensis,2199,88,0.275752651619673
Calicalicus madagascariensis,2218,88,0.367655302864194
Calicalicus madagascariensis,2236,88,1.56243208603442
Calicalicus madagascariensis,2237,88,0.275729722221732
Calicalicus madagascariensis,2259,88,0.275717098941624
Calicalicus madagascariensis,2273,88,0.275709061498523
Calicalicus madagascariensis,2277,88,0.459508593737543
Calicalicus madagascariensis,2284,88,0.45949710468936
Calicalicus madagascariensis,2285,88,1.1946710927344
Calicalicus madagascariensis,2300,88,54.8720161250916
Calicalicus madagascariensis,2304,88,3.21620605602419
Calicalicus madagascariensis,2305,88,0.551364106284499
Calicalicus madagascariensis,2312,88,1.10266377710527
Calicalicus madagascariensis,2320,88,0.367564567481756
Calicalicus madagascariensis,2330,88,0.551319225258708
Calicalicus madagascariensis,2341,88,1.10259928914046
Calicalicus madagascariensis,2347,88,2.02137478975803
Calicalicus madagascariensis,2348,88,0.826945434479237
Calicalicus madagascariensis,2356,88,0.643170052255213
Calicalicus madagascariensis,2365,88,1.65382056523675
Calicalicus madagascariensis,2384,88,0.826825480994821
Calicalicus madagascariensis,2406,88,0.459349671094894
Calicalicus madagascariensis,2429,88,0.367459639964223
Calicalicus madagascariensis,2444,88,0.275586929093957
Calicalicus madagascariensis,2448,88,1.46972063059181
Calicalicus madagascariensis,2449,88,0.275577679304183
Calicalicus madagascariensis,2538,88,0.367363554798603
Calicalicus madagascariensis,2561,88,58.8617537300254
Calicalicus madagascariensis,2637,88,439.973113778875
Calicalicus madagascariensis,2678,88,0.275443051051259
Calicalicus madagascariensis,6959,88,21995.7131263174
Calicalicus madagascariensis,21971,88,458.083821753779
Calicalicus madagascariensis,22364,88,0.369282266752303
Calicalicus madagascariensis,22367,88,9.5658888511582
Calicalicus madagascariensis,22369,88,0.827843772775352
Calicalicus madagascariensis,22370,88,0.275940742864907
Calicalicus madagascariensis,22371,88,0.275922588019133
Calicalicus madagascariensis,22372,88,1.65548669658464
Calicalicus madagascariensis,22374,88,0.459814922548056
Calicalicus madagascariensis,22375,88,10.9920872748523
Calicalicus madagascariensis,22376,88,0.923443426764727
Calicalicus madagascariensis,22380,88,1.74834825798291
Calicalicus madagascariensis,22382,88,1.74828060862398
Calicalicus madagascariensis,9850,90,68.0501291261465
Calicalicus madagascariensis,10217,90,0.812480411258936
Calicalicus madagascariensis,11207,90,170.780797274529
Calicalicus madagascariensis,11470,90,70.171205546759
Calicalicus madagascariensis,11790,90,2.87876883525968
Calicalicus madagascariensis,11796,90,0.899620833965421
Calicalicus madagascariensis,11841,90,0.269868277515173
Calicalicus madagascariensis,12238,90,36.126370737397
Calicalicus madagascariensis,12630,90,280.61110980638
Calicalicus madagascariensis,13161,90,50.5128889844387
Calicalicus madagascariensis,13499,90,35.5206766781266
Calicalicus madagascariensis,13533,90,137.38275887876
Calicalicus madagascariensis,15813,90,79.7835008618025
Calicalicus madagascariensis,16131,90,180.783642575444
Calicalicus madagascariensis,16311,90,224.834746882417
Calicalicus madagascariensis,17243,90,11419.5619256074
Calicalicus madagascariensis,18238,90,0.620648212959528
Calicalicus madagascariensis,18254,90,0.265972006814122
Calicalicus madagascariensis,18278,90,0.709200345668078
Calicalicus madagascariensis,19884,90,28.8370827305443
Calicalicus madagascariensis,20837,90,37.7648065144268
Calicalicus madagascariensis,20921,90,4897.99546009716
Calicalicus madagascariensis,21932,90,1329.88182992828
Calicalicus madagascariensis,22326,90,54.7933720210891
Calicalicus madagascariensis,22334,90,58.1494763075515
Calicalicus madagascariensis,22335,90,38.3946948622806
Calicalicus madagascariensis,22336,90,1.35457540027201
Calicalicus madagascariensis,22350,90,355.553761067319
Calicalicus madagascariensis,22352,90,72.7284184850583
Calicalicus madagascariensis,22363,90,47.4469397172759
Calicalicus madagascariensis,22446,90,19.4337860709381
Calicalicus madagascariensis,22447,90,187.042904927285
Calicalicus madagascariensis,22448,90,9.05780211758673
Calicalicus madagascariensis,13178,91,96.6300998643258
Calicalicus madagascariensis,13875,137,140.270315610134
Calicalicus madagascariensis,13937,137,73.2763330412288
Calicalicus madagascariensis,13967,137,2.32886922907722
Calicalicus madagascariensis,14054,137,3.3134309653126
Calicalicus madagascariensis,14064,137,1.79096353913164
Calicalicus madagascariensis,14177,137,2.32767118465054
Calicalicus madagascariensis,14237,137,1.9695149083488
Calicalicus madagascariensis,14243,137,1.52182598961449
Calicalicus madagascariensis,14303,137,60.4348975659029
Calicalicus madagascariensis,14327,137,0.358042122387886
Calicalicus madagascariensis,14347,137,0.268520162322521
Calicalicus madagascariensis,14447,137,0.268474406305432
Calicalicus madagascariensis,14460,137,2.50550766269672
Calicalicus madagascariensis,14575,137,0.357865030018806
Calicalicus madagascariensis,14576,137,0.357865030018806
Calicalicus madagascariensis,14609,137,1.16299019851911
Calicalicus madagascariensis,14672,137,0.89446200739193
Calicalicus madagascariensis,14707,137,247.949001851189
Calicalicus madagascariensis,14811,137,2.86157776304519
Calicalicus madagascariensis,14842,137,0.536503212695122
Calicalicus madagascariensis,14843,137,1.87770515916026
Calicalicus madagascariensis,15189,137,29.8432117734118
Calicalicus madagascariensis,15230,137,126.231468098447
Calicalicus madagascariensis,22061,137,4.73613397636772
Calicalicus madagascariensis,22124,137,3.30518937351549
Calicalicus madagascariensis,22433,137,59.9353472358141
Calicalicus madagascariensis,22436,137,27.383507147518
Calicalicus madagascariensis,22437,137,22.6292422166447
Calicalicus madagascariensis,21836,136,2.33597082442749
Calicalicus madagascariensis,22356,136,57.1920356452289
Calicalicus madagascariensis,21905,138,0.777178853789091
Calicalicus madagascariensis,22274,138,0.604549703200817
Calicalicus madagascariensis,22449,138,27.2715936270507
Calicalicus madagascariensis,22450,138,29.4123165165292
Calicalicus madagascariensis,22451,138,29.3885406549345
Calicalicus madagascariensis,22452,138,20.6592519148769
Calicalicus madagascariensis,22453,138,19.9515621485635
Cheirogaleus major,13639,457,37.7648065144268
Cheirogaleus major,7558,574,50.5128889844387
Cheirogaleus major,7863,574,35.5206766781266
Cheirogaleus major,405,582,38.9884159684163
Cheirogaleus major,6327,604,70.171205546759
Cheirogaleus major,7895,602,137.38275887876
Cheirogaleus major,10323,598,8.8084587615471
Cheirogaleus major,10416,598,0.177925957471371
Cheirogaleus major,9927,626,224.834746882417
Cheirogaleus major,1774,39,30.5703971828511
Cheirogaleus major,14444,448,6.60311605216253
Cheirogaleus major,14469,448,16.0684737306561
Cheirogaleus major,7,505,0.55664420881176
Cheirogaleus major,10,505,0.371099061261296
Cheirogaleus major,12,505,0.556625695955813
Cheirogaleus major,14,505,0.185535398295105
Cheirogaleus major,17,505,0.463806772104442
Cheirogaleus major,18,505,0.27827526928854
Cheirogaleus major,19,505,0.463781360735595
Cheirogaleus major,24,505,0.64914825101471
Cheirogaleus major,28,505,103.775520140199
Cheirogaleus major,14794,505,56.8711675529887
Cheirogaleus major,8433,641,7.79134288626695
Cheirogaleus major,8721,641,44.6638451275753
Cheirogaleus major,14819,639,38.3946948622806
Cheirogaleus major,14820,639,1.35457540027201
Cheirogaleus major,239,607,326.443838081695
Cheirogaleus major,14818,646,58.1494763075515
Cheirogaleus major,177,10,197.731583171071
Cheirogaleus major,802,10,0.4598808172791
Cheirogaleus major,958,10,1.3788789025259
Cheirogaleus major,1001,10,0.275749213988304
Cheirogaleus major,1755,10,65.611862821471
Cheirogaleus major,2797,10,248.075028803625
Cheirogaleus major,2936,10,1.36592140452969
Cheirogaleus major,2947,10,3.64204923034823
Cheirogaleus major,3147,10,0.181936237257004
Cheirogaleus major,3518,10,19414.6319088468
Cheirogaleus major,14840,10,0.369282266752303
Cheirogaleus major,14841,10,0.184641133481979
Cheirogaleus major,14851,10,6.00386255988252
Cheirogaleus major,14853,10,1014.09877865396
Cheirogaleus major,14857,10,1.74834825798291
Cheirogaleus major,14859,10,1.74828060862398
Cheirogaleus major,925,527,3.21760750335884
Cheirogaleus major,928,527,0.643524707942724
Cheirogaleus major,972,527,0.459616383672059
Cheirogaleus major,982,527,0.183841973942041
Cheirogaleus major,983,527,0.183840828700006
Cheirogaleus major,991,527,0.643432019172192
Cheirogaleus major,996,527,0.275752651619673
Cheirogaleus major,1014,527,0.367655302864194
Cheirogaleus major,1115,527,0.643082380221069
Cheirogaleus major,1116,527,0.459349671094894
Cheirogaleus major,1117,527,1.8373651948179
Cheirogaleus major,1126,527,0.367459639964223
Cheirogaleus major,1136,527,0.183724619395971
Cheirogaleus major,1137,527,0.275586929093957
Cheirogaleus major,1143,527,1.46972063059181
Cheirogaleus major,1144,527,0.275577679304183
Cheirogaleus major,1193,527,0.367363554798603
Cheirogaleus major,1216,527,44.537501313691
Cheirogaleus major,1275,527,418.933316264445
Cheirogaleus major,1306,527,0.275443051051259
Cheirogaleus major,14843,527,9.5658888511582
Cheirogaleus major,14845,527,0.827843772775352
Cheirogaleus major,3901,606,0.181274117312193
Cheirogaleus major,5218,606,0.812480411258936
Cheirogaleus major,6112,606,170.780797274529
Cheirogaleus major,6504,606,0.179958904524803
Cheirogaleus major,6540,606,2.87876883525968
Cheirogaleus major,6544,606,0.899620833965421
Cheirogaleus major,6571,606,0.269868277515173
Cheirogaleus major,6895,606,36.126370737397
Cheirogaleus major,7161,606,280.61110980638
Cheirogaleus major,8969,606,0.447117496240497
Cheirogaleus major,9396,606,1.60802640045238
Cheirogaleus major,9428,606,7.32388229304587
Cheirogaleus major,9675,606,32.4251009744176
Cheirogaleus major,9883,606,180.783642575444
Cheirogaleus major,10560,606,11229.7833716676
Cheirogaleus major,11317,606,0.620648212959528
Cheirogaleus major,11325,606,0.265972006814122
Cheirogaleus major,12687,606,1.6731160765605
Cheirogaleus major,12813,606,28.8370827305443
Cheirogaleus major,13745,606,4772.50519164031
Cheirogaleus major,14340,606,1328.13918797958
Cheirogaleus major,14363,606,5.30358653567576
Cheirogaleus major,14812,606,54.7933720210891
Cheirogaleus major,14832,606,355.553761067319
Cheirogaleus major,14903,647,19.4337860709381
Cheirogaleus major,14904,648,187.042904927285
Cheirogaleus major,14905,649,9.05780211758673
Cheirogaleus major,6242,618,0.180086833140135
Cheirogaleus major,6864,618,933.126169155551
Cheirogaleus major,14860,618,7.49786063311923
Cheirogaleus major,14861,618,10.465825454369
Cheirogaleus major,14871,618,0.180300166686296
Cheirogaleus major,14873,618,3.33495901543343
Cheirogaleus major,14875,618,0.180258544605851
Cheirogaleus major,14877,618,0.18024417185688
Cheirogaleus major,14878,618,0.270356910651445
Cheirogaleus major,14879,618,0.180231227523327
Cheirogaleus major,14881,618,0.360449504251242
Cheirogaleus major,14883,618,2.16237442039514
Cheirogaleus major,14886,618,0.27020117475152
Cheirogaleus major,14894,618,22.0261776202895
Cheirogaleus major,14887,650,1.89003464057791
Cheirogaleus major,14888,650,4.23005688389182
Cheirogaleus major,4934,637,68.0501291261465
Cheirogaleus major,14839,637,47.4469397172759
Cheirogaleus major,14687,640,2.33597082442749
Cheirogaleus major,14689,640,0.173038084078312
Cheirogaleus major,14754,640,57.1920356452289
Cheirogaleus major,14736,651,0.604549703200459
Cheirogaleus major,14747,651,0.777178853789091
Cheirogaleus major,14900,651,19.9515621485635
Cheirogaleus major,14896,652,27.2715936270507
Cheirogaleus major,14897,653,29.4123165165292
Cheirogaleus major,14898,654,29.3885406549345
Cheirogaleus major,14899,655,20.6592519148769
Cheirogaleus medius,201,1755,0.18546587502265
Cheirogaleus medius,208,1755,6.4908973798604
Cheirogaleus medius,1363,132,4.06075898173279
Cheirogaleus medius,1400,134,10.335222133148
Cheirogaleus medius,1420,134,0.369083674412966
Cheirogaleus medius,1435,129,75.3839816160147
Cheirogaleus medius,1468,137,3.13609989150357
Cheirogaleus medius,1479,138,11.0677904937422
Cheirogaleus medius,1484,138,56.6281928746724
Cheirogaleus medius,1495,138,0.368899581958056
Cheirogaleus medius,1514,138,5.80984119605243
Cheirogaleus medius,1548,147,2.30487087117308
Cheirogaleus medius,1550,148,6.17668561983395
Cheirogaleus medius,1551,146,32.2733753701534
Cheirogaleus medius,1570,146,27.8410318124057
Cheirogaleus medius,1587,149,2.12015320006764
Cheirogaleus medius,1593,151,5.16206443335718
Cheirogaleus medius,1615,2330,16.773930672567
Cheirogaleus medius,1626,2330,0.184330083481014
Cheirogaleus medius,1630,2330,0.46079386894691
Cheirogaleus medius,1658,156,1.19747486800301
Cheirogaleus medius,1662,156,0.368458156106472
Cheirogaleus medius,1663,156,4.97389831733626
Cheirogaleus medius,1664,156,4.23704192003936
Cheirogaleus medius,1666,156,32.5124332313215
Cheirogaleus medius,1682,156,1.93420808195144
Cheirogaleus medius,1695,156,2.39454998459649
Cheirogaleus medius,1712,156,32.7831617102431
Cheirogaleus medius,1714,159,3.31494256118995
Cheirogaleus medius,1731,159,0.184153996927738
Cheirogaleus medius,1928,178,7.62849285122781
Cheirogaleus medius,1961,2121,14.9760293356881
Cheirogaleus medius,1969,178,31.151589694181
Cheirogaleus medius,2018,187,6.2465929270333
Cheirogaleus medius,2043,189,7.44038904008657
Cheirogaleus medius,2158,200,29.7485975883361
Cheirogaleus medius,2195,200,1.92806640471405
Cheirogaleus medius,2220,200,0.183617825802088
Cheirogaleus medius,5949,433,4.28626418831897
Cheirogaleus medius,5950,436,3.00950935336828
Cheirogaleus medius,10806,753,29.8980939372278
Cheirogaleus medius,11016,774,9.77879118232751
Cheirogaleus medius,12562,897,0.451151648062229
Cheirogaleus medius,12586,897,1.71422432486391
Cheirogaleus medius,12592,2087,4.96181702528238
Cheirogaleus medius,12625,897,0.0902158143260479
Cheirogaleus medius,12631,2336,3.24757556696582
Cheirogaleus medius,12645,2087,0.270621797246575
Cheirogaleus medius,12700,907,2.88615462252796
Cheirogaleus medius,12738,907,0.450919306068659
Cheirogaleus medius,15661,1113,4.54423428205359
Cheirogaleus medius,15662,1113,9.53269083025372
Cheirogaleus medius,15804,1120,13.8900112845451
Cheirogaleus medius,15864,1126,7.47719265585076
Cheirogaleus medius,15873,1126,0.801105702370286
Cheirogaleus medius,15895,1127,2.75890041915631
Cheirogaleus medius,16055,1135,18.9394190178167
Cheirogaleus medius,16216,1149,2.39948410306346
Cheirogaleus medius,16281,1154,3.10976851133704
Cheirogaleus medius,16907,1960,2.92580324633825
Cheirogaleus medius,16922,1960,0.354623891009808
Cheirogaleus medius,17663,1279,14.9409987553346
Cheirogaleus medius,17664,1280,15.1179504463742
Cheirogaleus medius,17831,1279,0.176788365915775
Cheirogaleus medius,17932,2211,2.91611645275998
Cheirogaleus medius,17987,2211,0.706902982692719
Cheirogaleus medius,18542,2026,0.176393566362143
Cheirogaleus medius,18543,2026,22.9255199441729
Cheirogaleus medius,18590,1330,2.38087210702729
Cheirogaleus medius,18627,2027,2.11607411387658
Cheirogaleus medius,18790,1347,1.05747752482116
Cheirogaleus medius,18825,1347,8.28103705402064
Cheirogaleus medius,20047,1459,3.15760504969609
Cheirogaleus medius,20115,1456,148.780958094315
Cheirogaleus medius,20375,1484,4.11772579951465
Cheirogaleus medius,20525,2156,5.51709965046513
Cheirogaleus medius,20544,1494,19.613499664474
Cheirogaleus medius,20606,1499,19.2612290681803
Cheirogaleus medius,20958,1503,0.437195466725349
Cheirogaleus medius,20980,1503,0.0874351744740009
Cheirogaleus medius,21076,1503,1.04886365815949
Cheirogaleus medius,21118,1503,25.4386379390516
Cheirogaleus medius,21961,1551,13.3199779431528
Cheirogaleus medius,6929,2210,13.8476284396513
Cheirogaleus medius,7106,2210,0.455487860305786
Cheirogaleus medius,21917,1539,89.6791861151903
Cheirogaleus medius,21180,2329,6.20328423785567
Cheirogaleus medius,21283,2392,1.13545652928388
Cheirogaleus medius,21294,2392,17.1194640179899
Cheirogaleus medius,21416,2392,15.7158278321928
Cheirogaleus medius,21454,2392,1.04748061940908
Cheirogaleus medius,21476,2392,14.8353915718026
Cheirogaleus medius,21595,2392,5.14701331874955
Cheirogaleus medius,216,25,8.4370977335708
Cheirogaleus medius,223,25,0.185438309593201
Cheirogaleus medius,231,25,0.185425482894003
Cheirogaleus medius,4201,2268,1.91988596975887
Cheirogaleus medius,4202,2268,4.2053427026192
Cheirogaleus medius,17079,1224,3.10087652825033
Cheirogaleus medius,17104,1224,0.0885879274377823
Cheirogaleus medius,17116,1224,4.96048157499468
Cheirogaleus medius,20100,1437,68.4073900828574
Cheirogaleus medius,15177,2283,0.535747839347601
Cheirogaleus medius,15263,2283,1.87495118889725
Cheirogaleus medius,24022,2398,37.6497033879563
Cheirogaleus medius,24095,2424,2.19383277368414
Cheirogaleus medius,11339,812,23.0642557117353
Cheirogaleus medius,24125,2442,44.4928427752445
Cheirogaleus medius,22853,2408,36.0882628525606
Cheirogaleus medius,24079,2408,15.5764797698595
Cheirogaleus medius,14476,2446,42.3362076362427
Cheirogaleus medius,15613,2223,16.7503128028274
Cheirogaleus medius,4064,2465,19.2038282113973
Cheirogaleus medius,24309,2466,9.30640563301087
Cheirogaleus medius,24222,2459,3.75955498127008
Cheirogaleus medius,4511,355,0.456848093526959
Cheirogaleus medius,4519,355,0.182749920761347
Cheirogaleus medius,4585,355,0.274103139080644
Cheirogaleus medius,4586,355,0.182735011702538
Cheirogaleus medius,4599,355,0.182733768648863
Cheirogaleus medius,4614,355,0.274093192542315
Cheirogaleus medius,4640,355,0.182726307796717
Cheirogaleus medius,4646,355,0.274081997471213
Cheirogaleus medius,4693,355,0.0913569323071241
Cheirogaleus medius,4694,355,0.0913569323071241
Cheirogaleus medius,4708,355,0.091355687356472
Cheirogaleus medius,4712,355,0.822180016362309
Cheirogaleus medius,4728,355,0.274053362136722
Cheirogaleus medius,4736,355,5.57282749176896
Cheirogaleus medius,4748,355,0.0913494594436884
Cheirogaleus medius,4961,355,64.7813755391271
Cheirogaleus medius,24398,355,0.182741225706577
Cheirogaleus medius,24399,355,4.01953690115464
Cheirogaleus medius,24400,355,0.822156348397851
Cheirogaleus medius,18156,1301,42.560136518845
Cheirogaleus medius,18157,1301,38.9251549886243
Cheirogaleus medius,18363,1301,17.0264073164027
Cheirogaleus medius,18482,1301,0.352837870779514
Cheirogaleus medius,2789,2321,0.824719871121347
Cheirogaleus medius,2913,2321,0.274908219362199
Cheirogaleus medius,2954,2321,0.0916316841893196
Cheirogaleus medius,2970,2321,0.0916292890166044
Cheirogaleus medius,2979,2321,0.366509968225718
Cheirogaleus medius,3088,2321,3.48152099565202
Cheirogaleus medius,3135,2321,23.1812928224177
Cheirogaleus medius,23937,2321,0.183232200932503
Cheirogaleus medius,4265,2345,22.2892814174211
Cheirogaleus medius,3866,2430,16.3740665150672
Cheirogaleus medius,24291,2467,112.468627701651
Cheirogaleus medius,222,26,0.463597745714188
Cheirogaleus medius,241,26,0.0927073077802658
Cheirogaleus medius,291,26,43.2038186617044
Cheirogaleus medius,312,33,21.0334598369182
Cheirogaleus medius,319,33,0.0926675960290432
Cheirogaleus medius,340,33,0.0926606114119887
Cheirogaleus medius,501,52,0.370271373195231
Cheirogaleus medius,503,52,0.462834125284791
Cheirogaleus medius,506,52,0.0925668250995874
Cheirogaleus medius,508,52,43.0377824654073
Cheirogaleus medius,509,52,0.18513059458977
Cheirogaleus medius,519,52,1.48074673073471
Cheirogaleus medius,520,52,1.66577102635694
Cheirogaleus medius,522,52,0.277623898765862
Cheirogaleus medius,527,52,0.277610584835947
Cheirogaleus medius,529,52,0.0925361785190701
Cheirogaleus medius,543,52,1.38815019469857
Cheirogaleus medius,24435,52,0.185083622752249
Cheirogaleus medius,4255,338,0.0914152072403431
Cheirogaleus medius,4271,338,5.85033975470352
Cheirogaleus medius,4282,338,24.6792146248873
Cheirogaleus medius,4283,338,0.0914115014762879
Cheirogaleus medius,4339,338,1.0054375043211
Cheirogaleus medius,4347,338,2.65062070312488
Cheirogaleus medius,4355,338,0.0914028473147154
Cheirogaleus medius,4356,338,0.182805694629431
Cheirogaleus medius,4379,338,2.37624750380063
Cheirogaleus medius,4384,338,0.274192454328179
Cheirogaleus medius,4397,338,0.0913954212394953
Cheirogaleus medius,4405,338,0.0913941828228235
Cheirogaleus medius,4410,338,0.548346514569998
Cheirogaleus medius,4412,338,0.182784649551272
Cheirogaleus medius,4428,338,0.0913904663075209
Cheirogaleus medius,4434,338,0.0913892270473242
Cheirogaleus medius,4435,338,0.182778454094648
Cheirogaleus medius,4447,338,8.31651482316256
Cheirogaleus medius,4454,338,1.27936982512558
Cheirogaleus medius,4545,338,8.49783825707888
Cheirogaleus medius,4631,338,0.274089461484194
Cheirogaleus medius,4643,338,0.0913631538983583
Cheirogaleus medius,4695,338,10.9639024804161
Cheirogaleus medius,4696,338,4.567756926453
Cheirogaleus medius,4753,338,0.0913494594436884
Cheirogaleus medius,23938,338,0.0913643975844383
Cheirogaleus medius,24407,338,16.5402429724604
Cheirogaleus medius,24459,338,0.456749789226413
Cheirogaleus medius,18955,1351,7.66210525788986
Cheirogaleus medius,19097,1351,0.0880599105103016
Cheirogaleus medius,19505,1360,28.8370827305443
Cheirogaleus medius,19687,1360,999.0290374976
Cheirogaleus medius,1977,1764,0.275667671454787
Cheirogaleus medius,1986,1764,1.92954817861235
Cheirogaleus medius,2009,1764,0.0918715503870249
Cheirogaleus medius,2011,1764,0.0918703960417509
Cheirogaleus medius,2031,1764,0.275591552190423
Cheirogaleus medius,2037,1764,0.0918623096979857
Cheirogaleus medius,2038,1764,0.0918623096979857
Cheirogaleus medius,2046,1764,0.367434207116008
Cheirogaleus medius,2047,1764,0.183716525221109
Cheirogaleus medius,2057,1764,33.8991079803611
Cheirogaleus medius,24226,1764,0.0918911418705583
Cheirogaleus medius,24227,1764,0.0918911418705583
Cheirogaleus medius,24310,1764,0.183782283741117
Cheirogaleus medius,24311,1764,0.0918911418705583
Cheirogaleus medius,24315,1764,0.367500048400104
Cheirogaleus medius,145,2225,0.463806772104442
Cheirogaleus medius,152,2225,0.27827526928854
Cheirogaleus medius,155,2225,0.463781360735595
Cheirogaleus medius,171,2225,0.278243954662919
Cheirogaleus medius,184,2225,0.185478644791543
Cheirogaleus medius,189,2225,0.27820176096195
Cheirogaleus medius,193,2225,0.64914825101471
Cheirogaleus medius,204,2225,130.021860527528
Cheirogaleus medius,23917,2225,0.185474717534363
Cheirogaleus medius,24434,2484,26.7219759851387
Cheirogaleus medius,20710,1487,135.780201405443
Cheirogaleus medius,12542,2085,3.15830743091786
Cheirogaleus medius,12549,2085,4.24125270861042
Cheirogaleus medius,24489,2085,2.70679893900049
Cheirogaleus medius,24454,2487,64.9869920614074
Cheirogaleus medius,24475,2489,14.1007399868137
Cheirogaleus medius,6428,426,1.73194615611374
Cheirogaleus medius,6522,426,3.09900984286463
Cheirogaleus medius,6578,426,0.729165010962606
Cheirogaleus medius,6594,426,0.638013784430742
Cheirogaleus medius,6667,426,470.371470991581
Cheirogaleus medius,6788,426,0.911252140481591
Cheirogaleus medius,6879,426,0.637843249983668
Cheirogaleus medius,20390,1482,16.1215402504437
Cheirogaleus medius,1646,2316,392.694091329147
Cheirogaleus medius,3344,2362,0.732451485653877
Cheirogaleus medius,24490,2362,0.274669912564755
Cheirogaleus medius,24491,2362,0.366225743037939
Cheirogaleus medius,24492,2362,0.549305915590942
Cheirogaleus medius,1137,2364,65.0995682194404
Cheirogaleus medius,1275,2364,0.0923248392761946
Cheirogaleus medius,22941,2365,157.845280077024
Cheirogaleus medius,24076,2365,63.798109872398
Cheirogaleus medius,24513,2365,9.98819568180025
Cheirogaleus medius,21539,2439,54.5408324229195
Cheirogaleus medius,24505,2491,36.3826787541578
Cheirogaleus medius,15044,2492,89.7882265229853
Cheirogaleus medius,24207,2456,84.3794685088595
Cheirogaleus medius,24516,2493,54.2897934620137
Cheirogaleus medius,24517,2493,31.4692072683324
Cheirogaleus medius,24215,2463,155.727060960763
Cheirogaleus medius,5500,2494,2.09870394610953
Cheirogaleus medius,24416,2478,14.876475508235
Cheirogaleus medius,3813,2486,104.61434809919
Cheirogaleus medius,24488,2486,2.56288165690053
Cheirogaleus medius,24474,2495,3.11329257240254
Cheirogaleus medius,24526,2495,0.366233005417585
Cheirogaleus medius,1048,100,17.5491645997773
Cheirogaleus medius,24530,100,5.91201170583636
Cheirogaleus medius,12704,771,0.090194428801775
Cheirogaleus medius,12768,771,0.99196587819469
Cheirogaleus medius,13061,771,789.945283013555
Cheirogaleus medius,13163,771,0.990865273712635
Cheirogaleus medius,13164,771,0.450392124587417
Cheirogaleus medius,13180,771,0.180153383952379
Cheirogaleus medius,24532,771,0.0902726128827334
Cheirogaleus medius,11000,775,0.0905584602525234
Cheirogaleus medius,11064,775,0.0905447203236818
Cheirogaleus medius,11222,775,38.0240908844043
Cheirogaleus medius,11251,775,0.0905061372197867
Cheirogaleus medius,11270,775,3.07696966736627
Cheirogaleus medius,11275,775,0.723997986286044
Cheirogaleus medius,11319,775,0.361958205401897
Cheirogaleus medius,24531,775,0.452763459861636
Cheirogaleus medius,13577,949,0.0899370735929012
Cheirogaleus medius,13608,949,0.0899238860028982
Cheirogaleus medius,13611,949,0.449603298739433
Cheirogaleus medius,13612,949,0.359686745625973
Cheirogaleus medius,13622,949,0.0899194863940477
Cheirogaleus medius,13666,949,167.74218789238
Cheirogaleus medius,24533,949,0.0899312145228386
Cheirogaleus medius,24534,949,0.449634089967847
Cheirogaleus medius,24535,949,0.0898974602614641
Cheirogaleus medius,16160,1115,509.004872819902
Cheirogaleus medius,24192,1115,25.9190793253232
Cheirogaleus medius,17593,1173,260.732262440753
Cheirogaleus medius,24592,1173,0.0887447955824137
Cheirogaleus medius,24593,1173,0.0887431713141203
Cheirogaleus medius,24594,1173,0.0887317956695557
Cheirogaleus medius,24595,1173,0.0886649643682241
Cheirogaleus medius,24596,1173,2.65747338466716
Cheirogaleus medius,24597,1173,0.177169278389692
Cheirogaleus medius,24598,1173,0.0885829947649241
Cheirogaleus medius,23134,1571,0.777178853789091
Cheirogaleus medius,24458,1571,0.604549703200817
Cheirogaleus medius,24602,1571,19.9515621485635
Cheirogaleus medius,23443,2496,29.4123165165292
Cheirogaleus medius,24600,2497,29.3885406549345
Cheirogaleus medius,24601,2498,20.6592519148769
Cheirogaleus medius,14628,1723,110.634216100066
Cheirogaleus medius,24583,1723,0.0897598538669348
Cheirogaleus medius,15921,2153,49.288619264533
Cheirogaleus medius,24589,2153,0.177962643784523
Cheirogaleus medius,1026,2286,57.1771001968794
Cheirogaleus medius,1079,2286,0.646613986480057
Cheirogaleus medius,24527,2286,10.9920872748523
Cheirogaleus medius,24529,2286,0.646360259143829
Cheirogaleus medius,13267,2298,0.180086833140135
Cheirogaleus medius,13787,2298,1032.09468954584
Cheirogaleus medius,24107,2298,21.0241786897857
Cheirogaleus medius,24547,2298,7.49786063311923
Cheirogaleus medius,24548,2298,10.465825454369
Cheirogaleus medius,24550,2298,0.0901901460651159
Cheirogaleus medius,24551,2298,0.0901887180690765
Cheirogaleus medius,24552,2298,0.0901758567188978
Cheirogaleus medius,24553,2298,0.0901744266370535
Cheirogaleus medius,24555,2298,0.0901629784760475
Cheirogaleus medius,24556,2298,0.0901615465179682
Cheirogaleus medius,24557,2298,0.0901615465179682
Cheirogaleus medius,24561,2298,0.0901386068252325
Cheirogaleus medius,24563,2298,0.0901242424138784
Cheirogaleus medius,24564,2298,0.18024417185688
Cheirogaleus medius,24565,2298,0.270356910651445
Cheirogaleus medius,24566,2298,0.180231227523327
Cheirogaleus medius,24567,2298,0.09011417492342
Cheirogaleus medius,24568,2298,0.360449504251242
Cheirogaleus medius,24569,2298,0.0901127358765602
Cheirogaleus medius,24570,2298,2.16237442039514
Cheirogaleus medius,24571,2298,0.0900968926072121
Cheirogaleus medius,24572,2298,0.0900940093032122
Cheirogaleus medius,24573,2298,0.27020117475152
Cheirogaleus medius,24536,2499,2.71500175354493
Cheirogaleus medius,24541,2500,4.52090276207972
Cheirogaleus medius,24542,2500,0.0904089621702433
Cheirogaleus medius,24543,2500,0.0904075665347576
Cheirogaleus medius,24560,2501,3.33495901543343
Cheirogaleus medius,24562,2501,0.180258544605851
Cheirogaleus medius,24574,2502,1.89003464057791
Cheirogaleus medius,24575,2502,4.23005688389182
Cheirogaleus medius,16026,2335,37.6226567107038
Cheirogaleus medius,14658,2443,90.2006443720138
Cheirogaleus medius,14697,2443,3.3134309653126
Cheirogaleus medius,24109,2443,170.754673511907
Cheirogaleus medius,24586,2443,1.79238486696017
Cheirogaleus medius,24587,2443,0.0895977978543043
Cheirogaleus medius,24588,2443,0.08959628602314
Cheirogaleus medius,24603,2443,59.9353472358141
Cheirogaleus medius,14766,2444,2.32767118465054
Cheirogaleus medius,15165,2444,0.714404974959851
Cheirogaleus medius,15188,2444,0.178579506715775
Cheirogaleus medius,15310,2444,661.667429876293
Cheirogaleus medius,20088,2453,57.7613271075732
Cheirogaleus medius,24599,2503,29.8714330564705
Cheirogaleus medius,24284,2468,17.1091583224724
Cheirogaleus medius,4908,2474,0.54794446963501
Cheirogaleus medius,5013,2474,0.365240409358501
Cheirogaleus medius,5027,2474,1.46089898014283
Cheirogaleus medius,5038,2474,0.456539862202287
Cheirogaleus medius,5235,2474,0.73026370028019
Cheirogaleus medius,5270,2474,0.0912806047910452
Cheirogaleus medius,5271,2474,0.547674823724389
Cheirogaleus medius,5350,2474,1.64285957804191
Cheirogaleus medius,5363,2474,0.912692769446373
Cheirogaleus medius,5375,2474,0.638874861070156
Cheirogaleus medius,5416,2474,0.82137056838429
Cheirogaleus medius,5426,2474,0.456318663737774
Cheirogaleus medius,5458,2474,1.64265917571056
Cheirogaleus medius,5597,2474,0.0912427791885138
Cheirogaleus medius,5608,2474,753.814320473975
Cheirogaleus medius,5609,2474,0.0912402507441044
Cheirogaleus medius,5616,2474,2.0072273404777
Cheirogaleus medius,5631,2474,0.364942030489683
Cheirogaleus medius,5641,2474,0.273705573990226
Cheirogaleus medius,24494,2474,0.456175956650376
Cheirogaleus medius,16683,2475,79.2501346083427
Cheirogaleus medius,24590,2475,19.8014696613791
Cinnyris notatus,11441,155,0.456848093526959
Cinnyris notatus,11464,155,0.182749920761347
Cinnyris notatus,11571,155,0.274103139080644
Cinnyris notatus,11572,155,0.182735011702538
Cinnyris notatus,11595,155,0.182733768648863
Cinnyris notatus,11613,155,0.274093192542315
Cinnyris notatus,11660,155,0.182726307796717
Cinnyris notatus,11673,155,0.274081997471213
Cinnyris notatus,11757,155,0.0913569323071241
Cinnyris notatus,11758,155,0.0913569323071241
Cinnyris notatus,11779,155,0.091355687356472
Cinnyris notatus,11792,155,0.822180016362309
Cinnyris notatus,11822,155,0.274053362136722
Cinnyris notatus,11836,155,5.57282749176896
Cinnyris notatus,11858,155,0.0913494594436884
Cinnyris notatus,12297,155,64.7813755391271
Cinnyris notatus,55057,155,0.182741225706577
Cinnyris notatus,55058,155,4.01953690115464
Cinnyris notatus,55059,155,0.822156348397851
Cinnyris notatus,8222,189,0.824719871121347
Cinnyris notatus,8462,189,0.274908219362199
Cinnyris notatus,8522,189,0.0916316841893196
Cinnyris notatus,8551,189,0.0916292890166044
Cinnyris notatus,8564,189,0.366509968225718
Cinnyris notatus,8726,189,3.48152099565202
Cinnyris notatus,8794,189,23.1812928224177
Cinnyris notatus,54728,189,0.183232200932503
Cinnyris notatus,892,74,0.370271373195231
Cinnyris notatus,894,74,0.462834125284791
Cinnyris notatus,898,74,0.0925668250995874
Cinnyris notatus,900,74,43.0377824654073
Cinnyris notatus,901,74,0.18513059458977
Cinnyris notatus,936,74,1.48074673073471
Cinnyris notatus,939,74,1.66577102635694
Cinnyris notatus,943,74,0.277623898765862
Cinnyris notatus,947,74,0.277610584835947
Cinnyris notatus,950,74,0.0925361785190701
Cinnyris notatus,1001,74,1.38815019469857
Cinnyris notatus,55071,74,0.185083622752249
Cinnyris notatus,5375,124,0.275667671454787
Cinnyris notatus,5431,124,1.92954817861235
Cinnyris notatus,5612,124,0.0918715503870249
Cinnyris notatus,5622,124,0.0918703960417509
Cinnyris notatus,5693,124,0.275591552190423
Cinnyris notatus,5713,124,0.0918623096979857
Cinnyris notatus,5714,124,0.0918623096979857
Cinnyris notatus,5755,124,0.367434207116008
Cinnyris notatus,5756,124,0.183716525221109
Cinnyris notatus,5790,124,33.8991079803611
Cinnyris notatus,54921,124,0.0918911418705583
Cinnyris notatus,54922,124,0.0918911418705583
Cinnyris notatus,54972,124,0.183782283741117
Cinnyris notatus,54973,124,0.0918911418705583
Cinnyris notatus,54977,124,0.367500048400104
Cinnyris notatus,606,201,43.2675847418705
Cinnyris notatus,614,201,0.0926675960290432
Cinnyris notatus,648,201,0.0926606114119887
Cinnyris notatus,670,201,0.0926476122773886
Cinnyris notatus,681,201,0.0926436052986383
Cinnyris notatus,54872,202,44.4928427752445
Cinnyris notatus,483,199,0.463597745714188
Cinnyris notatus,505,199,0.0927073077802658
Cinnyris notatus,578,199,43.2038186617044
Cinnyris notatus,310,130,0.55664420881176
Cinnyris notatus,326,130,0.371099061261296
Cinnyris notatus,331,130,0.556625695955813
Cinnyris notatus,348,130,0.185535398295105
Cinnyris notatus,359,130,0.463806772104442
Cinnyris notatus,374,130,0.27827526928854
Cinnyris notatus,380,130,0.463781360735595
Cinnyris notatus,407,130,0.278243954662919
Cinnyris notatus,427,130,0.185478644791543
Cinnyris notatus,434,130,0.27820176096195
Cinnyris notatus,438,130,0.64914825101471
Cinnyris notatus,448,130,0.18546587502265
Cinnyris notatus,453,130,130.021860527528
Cinnyris notatus,459,130,0.18545505566138
Cinnyris notatus,460,130,6.4908973798604
Cinnyris notatus,477,130,8.4370977335708
Cinnyris notatus,484,130,0.185438309593201
Cinnyris notatus,494,130,0.185425482894003
Cinnyris notatus,54683,130,0.185474717534363
Cinnyris notatus,55070,130,56.8711675529887
Cinnyris notatus,36885,203,7.79134288626695
Cinnyris notatus,37591,203,44.6638451275753
Cinnyris notatus,49523,180,84.3794685088595
Cinnyris notatus,55194,180,3.68500679087758
Cinnyris notatus,10297,195,16.3740665150672
Cinnyris notatus,10699,195,19.2038282113973
Cinnyris notatus,10957,195,1.91988596975887
Cinnyris notatus,10958,195,4.2053427026192
Cinnyris notatus,11050,195,0.0914152072403431
Cinnyris notatus,11064,195,22.2892814174211
Cinnyris notatus,11071,195,5.85033975470352
Cinnyris notatus,11080,195,24.6792146248873
Cinnyris notatus,11081,195,0.0914115014762879
Cinnyris notatus,11160,195,1.0054375043211
Cinnyris notatus,11171,195,2.65062070312488
Cinnyris notatus,11183,195,0.0914028473147154
Cinnyris notatus,11184,195,0.182805694629431
Cinnyris notatus,11225,195,2.37624750380063
Cinnyris notatus,11234,195,0.274192454328179
Cinnyris notatus,11259,195,0.0913954212394953
Cinnyris notatus,11273,195,0.0913941828228235
Cinnyris notatus,11282,195,0.548346514569998
Cinnyris notatus,11284,195,0.182784649551272
Cinnyris notatus,11311,195,0.0913904663075209
Cinnyris notatus,11322,195,0.0913892270473242
Cinnyris notatus,11323,195,0.182778454094648
Cinnyris notatus,11341,195,8.31651482316256
Cinnyris notatus,11354,195,1.27936982512558
Cinnyris notatus,11510,195,8.49783825707888
Cinnyris notatus,11638,195,0.274089461484194
Cinnyris notatus,11664,195,0.0913631538983583
Cinnyris notatus,11760,195,10.9639024804161
Cinnyris notatus,11761,195,4.567756926453
Cinnyris notatus,11863,195,0.0913494594436884
Cinnyris notatus,12196,195,0.54794446963501
Cinnyris notatus,12411,195,0.365240409358501
Cinnyris notatus,12436,195,1.46089898014283
Cinnyris notatus,12457,195,0.456539862202287
Cinnyris notatus,12823,195,0.73026370028019
Cinnyris notatus,12874,195,0.0912806047910452
Cinnyris notatus,12875,195,0.547674823724389
Cinnyris notatus,12982,195,1.64285957804191
Cinnyris notatus,12996,195,0.912692769446373
Cinnyris notatus,13012,195,0.638874861070156
Cinnyris notatus,13065,195,0.82137056838429
Cinnyris notatus,13080,195,0.456318663737774
Cinnyris notatus,13121,195,1.46014583455336
Cinnyris notatus,13338,195,0.0912427791885138
Cinnyris notatus,13362,195,753.175526303529
Cinnyris notatus,13363,195,0.0912402507441044
Cinnyris notatus,13374,195,2.00722734047782
Cinnyris notatus,13395,195,0.364942030489683
Cinnyris notatus,13413,195,0.456175956650972
Cinnyris notatus,13414,195,0.273705573990583
Cinnyris notatus,54730,195,0.0913643975844383
Cinnyris notatus,54747,195,37.6497033879563
Cinnyris notatus,54856,195,2.19383277368414
Cinnyris notatus,54969,195,9.30640563301087
Cinnyris notatus,55066,195,16.5402429724604
Cinnyris notatus,55121,195,0.456749789226413
Cinnyris notatus,9211,197,0.732451485653877
Cinnyris notatus,10196,197,104.61434809919
Cinnyris notatus,55112,197,64.9869920614074
Cinnyris notatus,55136,197,3.11329257240254
Cinnyris notatus,55137,197,14.1007399868137
Cinnyris notatus,55150,197,2.56288165690053
Cinnyris notatus,55180,197,0.274669912564755
Cinnyris notatus,55181,197,0.366225743037939
Cinnyris notatus,55182,197,0.549305915590942
Cinnyris notatus,55203,197,0.366233005417585
Cinnyris notatus,48696,11,43.8138426610677
Cinnyris notatus,54968,11,17.1091583224724
Cinnyris notatus,55294,11,29.8714330564705
Cinnyris notatus,55295,11,12.976202944595
Cinnyris notatus,22813,58,0.0905584602525234
Cinnyris notatus,23012,58,0.0905447203236818
Cinnyris notatus,23490,58,38.0240908844043
Cinnyris notatus,23610,58,0.0905061372197867
Cinnyris notatus,23671,58,3.07696966736627
Cinnyris notatus,23686,58,0.723997986286044
Cinnyris notatus,23822,58,0.361958205401897
Cinnyris notatus,55228,58,0.452763459861636
Cinnyris notatus,30585,83,0.180086833140135
Cinnyris notatus,32843,83,1032.09468954584
Cinnyris notatus,33079,83,21.0241786897988
Cinnyris notatus,55243,83,7.49786063311923
Cinnyris notatus,55244,83,10.465825454369
Cinnyris notatus,55245,83,0.0901944288020134
Cinnyris notatus,55246,83,0.0901901460651159
Cinnyris notatus,55247,83,0.0901887180690765
Cinnyris notatus,55248,83,0.0901758567188978
Cinnyris notatus,55249,83,0.0901744266370535
Cinnyris notatus,55250,83,1.35249907425892
Cinnyris notatus,55251,83,0.0901629784760475
Cinnyris notatus,55252,83,0.0901615465179682
Cinnyris notatus,55253,83,0.0901615465179682
Cinnyris notatus,55254,83,0.180300166686296
Cinnyris notatus,55255,83,0.0901500833431482
Cinnyris notatus,55256,83,3.33495901543343
Cinnyris notatus,55257,83,0.0901386068252325
Cinnyris notatus,55258,83,0.180258544605851
Cinnyris notatus,55259,83,0.0901242424138784
Cinnyris notatus,55260,83,0.18024417185688
Cinnyris notatus,55261,83,0.270356910651445
Cinnyris notatus,55262,83,0.180231227523327
Cinnyris notatus,55263,83,0.09011417492342
Cinnyris notatus,55264,83,0.360449504251242
Cinnyris notatus,55265,83,0.0901127358765602
Cinnyris notatus,55266,83,2.16237442039514
Cinnyris notatus,55267,83,0.0900968926072121
Cinnyris notatus,55268,83,0.0900940093032122
Cinnyris notatus,55269,83,0.27020117475152
Cinnyris notatus,55270,83,1.89003464057791
Cinnyris notatus,55271,83,4.23005688389182
Cinnyris notatus,55272,83,0.179935558159113
Cinnyris notatus,55273,83,0.449812608878851
Cinnyris notatus,55274,83,0.0899604765747786
Cinnyris notatus,55275,83,0.089953168866396
Cinnyris notatus,55276,83,0.0899473189533949
Cinnyris notatus,55232,206,2.71500175354493
Cinnyris notatus,55233,206,0.090466003279686
Cinnyris notatus,55234,206,0.0904646162139177
Cinnyris notatus,55235,206,1.62801036448324
Cinnyris notatus,55236,206,0.180872270540357
Cinnyris notatus,55237,206,4.52090276207972
Cinnyris notatus,55238,206,0.0904089621702433
Cinnyris notatus,55239,206,0.0904075665347576
Cinnyris notatus,55240,206,0.0904005852206945
Cinnyris notatus,55241,206,0.0903991883308887
Cinnyris notatus,55242,206,0.542388144284248
Cinnyris notatus,42075,123,18.0795961240766
Cinnyris notatus,42907,123,244.371630950341
Cinnyris notatus,44589,123,70.1914345022991
Cinnyris notatus,44645,123,3.55237904373407
Cinnyris notatus,44846,123,0.177573908584356
Cinnyris notatus,45007,123,5.59192359187985
Cinnyris notatus,45329,123,18.1853961666804
Cinnyris notatus,45956,123,60.8897061899425
Cinnyris notatus,55284,123,0.0888031321105957
Cinnyris notatus,55285,123,0.97677300263679
Cinnyris notatus,55286,123,0.0887918098006248
Cinnyris notatus,55287,123,3.46228309355116
Cinnyris notatus,55288,123,0.177512319395781
Cinnyris notatus,55289,123,1.33025208764148
Cinnyris notatus,55290,123,0.0886649643682241
Cinnyris notatus,55291,123,2.65747338466716
Cinnyris notatus,55292,123,0.177169278389692
Cinnyris notatus,55293,123,0.0885829947649241
Cinnyris notatus,21745,144,0.181274117312074
Cinnyris notatus,26405,144,68.0501291261465
Cinnyris notatus,27456,144,0.812480411258936
Cinnyris notatus,30146,144,170.780797274529
Cinnyris notatus,30837,144,70.171205546759
Cinnyris notatus,31415,144,0.179958904524803
Cinnyris notatus,31581,144,2.87876883525968
Cinnyris notatus,31599,144,0.899620833965421
Cinnyris notatus,31702,144,0.269868277515173
Cinnyris notatus,32677,144,36.126370737397
Cinnyris notatus,33543,144,280.61110980638
Cinnyris notatus,34674,144,50.5128889844387
Cinnyris notatus,35438,144,35.5206766781266
Cinnyris notatus,35502,144,137.38275887876
Cinnyris notatus,40610,144,79.7835008618025
Cinnyris notatus,41352,144,180.783642575444
Cinnyris notatus,41697,144,224.834746882417
Cinnyris notatus,43586,144,11418.4835119836
Cinnyris notatus,45771,144,0.620648212959528
Cinnyris notatus,45809,144,0.265972006814122
Cinnyris notatus,45847,144,0.709200345668078
Cinnyris notatus,45886,144,0.177290677110672
Cinnyris notatus,49533,144,28.8370827305443
Cinnyris notatus,51911,144,37.7648065144268
Cinnyris notatus,52108,144,4897.46337713661
Cinnyris notatus,54567,144,1329.88182992828
Cinnyris notatus,55169,144,54.7933720210891
Cinnyris notatus,55177,144,58.1494763075515
Cinnyris notatus,55178,144,38.3946948622806
Cinnyris notatus,55179,144,1.35457540027201
Cinnyris notatus,55195,144,355.553761067319
Cinnyris notatus,55197,144,72.7284184850583
Cinnyris notatus,55208,144,47.4469397172759
Cinnyris notatus,55283,144,0.0902726128827334
Cinnyris notatus,55296,144,0.0871928123806715
Cinnyris notatus,55297,144,0.0871747123888731
Cinnyris notatus,55298,144,19.4337860709381
Cinnyris notatus,55299,144,187.042904927285
Cinnyris notatus,55300,144,9.05780211758673
Cinnyris notatus,34712,145,96.6300998643258
Cinnyris notatus,36304,207,154.253154616094
Cinnyris notatus,36451,207,87.7832991056336
Cinnyris notatus,36534,207,0.985282145026565
Cinnyris notatus,36727,207,3.3134309653126
Cinnyris notatus,36989,207,2.32767118465054
Cinnyris notatus,37246,207,69.5634544487439
Cinnyris notatus,37379,207,0.0895036720864773
Cinnyris notatus,37394,207,0.447504637193799
Cinnyris notatus,37476,207,0.0894960465670824
Cinnyris notatus,37502,207,0.0894945208417177
Cinnyris notatus,37541,207,0.268474406305432
Cinnyris notatus,37575,207,2.50550766269672
Cinnyris notatus,37785,207,0.357865030018806
Cinnyris notatus,37786,207,0.357865030018806
Cinnyris notatus,37807,207,298.475804222902
Cinnyris notatus,37860,207,1.16299019851911
Cinnyris notatus,37932,207,0.178908027130246
Cinnyris notatus,38761,207,15.7305049810951
Cinnyris notatus,39151,207,88.0911912237178
Cinnyris notatus,40026,207,141.130637818593
Cinnyris notatus,55278,207,59.9353472358141
Cinnyris notatus,55279,207,1.79238486696017
Cinnyris notatus,55280,207,0.0895977978543043
Cinnyris notatus,55281,207,0.08959628602314
Cinnyris notatus,55282,207,0.447673652347684
Cinnyris notatus,1897,198,197.731583171071
Cinnyris notatus,2724,198,38.9884159684163
Cinnyris notatus,3758,198,0.0920355652714968
Cinnyris notatus,4830,198,0.643524707942724
Cinnyris notatus,4971,198,0.459616383672059
Cinnyris notatus,5014,198,0.183841973942041
Cinnyris notatus,5036,198,0.643432019172192
Cinnyris notatus,5053,198,0.275752651619673
Cinnyris notatus,5101,198,0.367655302864194
Cinnyris notatus,5141,198,1.56243208603442
Cinnyris notatus,5142,198,0.275729722221732
Cinnyris notatus,5194,198,0.275717098941624
Cinnyris notatus,5222,198,0.275709061498523
Cinnyris notatus,5233,198,0.459508593737543
Cinnyris notatus,5261,198,0.45949710468936
Cinnyris notatus,5262,198,1.1946710927344
Cinnyris notatus,5291,198,0.183794934333146
Cinnyris notatus,5306,198,54.8720161250855
Cinnyris notatus,5315,198,3.21620605602419
Cinnyris notatus,5316,198,0.551364106284499
Cinnyris notatus,5342,198,1.10266377710527
Cinnyris notatus,5367,198,0.183781132994473
Cinnyris notatus,5368,198,0.367564567481756
Cinnyris notatus,5400,198,0.183777680330753
Cinnyris notatus,5413,198,0.551319225258708
Cinnyris notatus,5427,198,0.183773075227499
Cinnyris notatus,5440,198,1.10259928914046
Cinnyris notatus,5450,198,2.02137478975803
Cinnyris notatus,5451,198,0.826945434479237
Cinnyris notatus,5465,198,0.643170052255213
Cinnyris notatus,5478,198,0.183763859938979
Cinnyris notatus,5498,198,0.183761555059075
Cinnyris notatus,5499,198,1.65382056523675
Cinnyris notatus,5564,198,0.826825480994821
Cinnyris notatus,5636,198,0.459349671094894
Cinnyris notatus,5688,198,0.367459639964223
Cinnyris notatus,5725,198,0.183724619395971
Cinnyris notatus,5726,198,0.275586929093957
Cinnyris notatus,5751,198,1.46972063059181
Cinnyris notatus,5752,198,0.275577679304183
Cinnyris notatus,5971,198,0.367363554798603
Cinnyris notatus,6032,198,58.8617537300254
Cinnyris notatus,6212,198,439.973113778875
Cinnyris notatus,6316,198,0.275443051051259
Cinnyris notatus,19058,198,21995.6210270435
Cinnyris notatus,54775,198,458.083821753779
Cinnyris notatus,55209,198,0.369282266752303
Cinnyris notatus,55210,198,0.184641133481979
Cinnyris notatus,55211,198,0.0919881813535094
Cinnyris notatus,55212,198,9.5658888511582
Cinnyris notatus,55213,198,0.0919859156525135
Cinnyris notatus,55214,198,0.827843772775352
Cinnyris notatus,55215,198,0.275940742864907
Cinnyris notatus,55216,198,0.275922588019133
Cinnyris notatus,55217,198,1.65548669658464
Cinnyris notatus,55218,198,0.0919723036499619
Cinnyris notatus,55219,198,0.459814922548056
Cinnyris notatus,55220,198,10.9920872748523
Cinnyris notatus,55221,198,0.923443426764727
Cinnyris notatus,55222,198,0.0920568780282736
Cinnyris notatus,55223,198,0.184049760341406
Cinnyris notatus,55224,198,0.0920209387692809
Cinnyris notatus,55225,198,1.74834825798291
Cinnyris notatus,55226,198,0.0920198121696711
Cinnyris notatus,55227,198,1.74828060862398
Cinnyris notatus,54199,204,2.33597082442749
Cinnyris notatus,54201,204,0.173038084078312
Cinnyris notatus,55201,204,57.1920356452289
Cinnyris notatus,54401,208,0.777178853789091
Cinnyris notatus,55118,208,0.604549703200817
Cinnyris notatus,55301,208,27.2715936270507
Cinnyris notatus,55302,208,29.4123165165292
Cinnyris notatus,55303,208,29.3885406549345
Cinnyris notatus,55304,208,20.6592519148769
Cinnyris notatus,55305,208,19.9515621485635
Cinnyris notatus,31978,205,0.0899370735929012
Cinnyris notatus,32151,205,0.0899238860028982
Cinnyris notatus,32173,205,0.449603298739433
Cinnyris notatus,32174,205,0.359686745625973
Cinnyris notatus,32218,205,0.0899194863940477
Cinnyris notatus,32388,205,155.062407162277
Cinnyris notatus,55229,205,0.0899312145228386
Cinnyris notatus,55230,205,0.449634089967847
Cinnyris notatus,55231,205,0.0898974602614641
Copsychus albospecularis,4,1,0.64914825101471
Copsychus albospecularis,5,1,72.6104762396658
Copsychus albospecularis,9469,1,26.7219759851387
Copsychus albospecularis,5101,23,7.79134288626695
Copsychus albospecularis,5363,23,44.6638451275753
Copsychus albospecularis,9266,26,88.7226005211692
Copsychus albospecularis,45,3,134.398518022361
Copsychus albospecularis,95,3,197.731583171071
Copsychus albospecularis,230,3,38.9884159684163
Copsychus albospecularis,293,3,1.74986507844758
Copsychus albospecularis,303,3,98.2195815616608
Copsychus albospecularis,357,3,1.10392723276371
Copsychus albospecularis,358,3,0.643954629278898
Copsychus albospecularis,471,3,0.643250648132622
Copsychus albospecularis,472,3,0.64325064792037
Copsychus albospecularis,497,3,1.65325307838088
Copsychus albospecularis,508,3,0.367363554798603
Copsychus albospecularis,521,3,29.9356861212078
Copsychus albospecularis,551,3,372.808178795675
Copsychus albospecularis,564,3,0.275443051051259
Copsychus albospecularis,777,3,1.74189095719874
Copsychus albospecularis,930,3,17.7414483356861
Copsychus albospecularis,1277,3,26.4478876853095
Copsychus albospecularis,1368,3,56.1453193346327
Copsychus albospecularis,1503,3,1.36592140452969
Copsychus albospecularis,1507,3,3.64204923034823
Copsychus albospecularis,1623,3,1.09175737492621
Copsychus albospecularis,1663,3,7.63979273292554
Copsychus albospecularis,1673,3,14.2775380444441
Copsychus albospecularis,1923,3,18330.2508810238
Copsychus albospecularis,9470,3,2.5531635234251
Copsychus albospecularis,9501,3,0.369282266752303
Copsychus albospecularis,9504,3,9.5658888511582
Copsychus albospecularis,9506,3,0.827843772775352
Copsychus albospecularis,9507,3,0.275940742864907
Copsychus albospecularis,9508,3,0.275922588019133
Copsychus albospecularis,9509,3,1.65548669658464
Copsychus albospecularis,9511,3,0.459814922548056
Copsychus albospecularis,3060,17,1.71658150953722
Copsychus albospecularis,3066,17,68.0501291261465
Copsychus albospecularis,3097,17,0.993664879434228
Copsychus albospecularis,3134,17,28.9923175057001
Copsychus albospecularis,3194,17,0.812480411258936
Copsychus albospecularis,3222,17,8.93673071167184
Copsychus albospecularis,3651,17,170.780797274529
Copsychus albospecularis,3817,17,70.171205546759
Copsychus albospecularis,3985,17,2.87876883525968
Copsychus albospecularis,3987,17,0.899620833965421
Copsychus albospecularis,4010,17,0.269868277515173
Copsychus albospecularis,4233,17,36.126370737397
Copsychus albospecularis,4408,17,280.61110980638
Copsychus albospecularis,4536,17,8021.90876396226
Copsychus albospecularis,4632,17,50.5128889844387
Copsychus albospecularis,4753,17,26.9070583393222
Copsychus albospecularis,4797,17,0.807085143688679
Copsychus albospecularis,4805,17,35.5206766781266
Copsychus albospecularis,4830,17,137.38275887876
Copsychus albospecularis,4916,17,3.31648883063078
Copsychus albospecularis,4931,17,59.2898077395419
Copsychus albospecularis,4952,17,0.268873417920232
Copsychus albospecularis,5047,17,3.4040187478323
Copsychus albospecularis,5124,17,0.447793630896091
Copsychus albospecularis,5187,17,0.626775337970019
Copsychus albospecularis,5285,17,25.6928753612326
Copsychus albospecularis,5574,17,358.815733176337
Copsychus albospecularis,5755,17,4.64537103983664
Copsychus albospecularis,5827,17,79.7835008618025
Copsychus albospecularis,6067,17,180.783642575444
Copsychus albospecularis,6110,17,224.834746882417
Copsychus albospecularis,6111,17,0.356448453989983
Copsychus albospecularis,6198,17,2.67144722416794
Copsychus albospecularis,6505,17,1585.20383256017
Copsychus albospecularis,7038,17,3.99018480435884
Copsychus albospecularis,7065,17,0.620648212959528
Copsychus albospecularis,7072,17,0.265972006814122
Copsychus albospecularis,7087,17,0.709200345668078
Copsychus albospecularis,7555,17,1.5016881141094
Copsychus albospecularis,8029,17,0.263970784573913
Copsychus albospecularis,8032,17,0.263951895236254
Copsychus albospecularis,8034,17,0.263943306310892
Copsychus albospecularis,8072,17,27.6940185577084
Copsychus albospecularis,8724,17,37.7648065144268
Copsychus albospecularis,8809,17,4749.92613688381
Copsychus albospecularis,9204,17,1262.37037972462
Copsychus albospecularis,9471,17,54.7933720210891
Copsychus albospecularis,9472,17,2.98549041516411
Copsychus albospecularis,9473,17,48.7424147590646
Copsychus albospecularis,9474,17,38.3946948622806
Copsychus albospecularis,9475,17,1.35457540027201
Copsychus albospecularis,9476,17,27.1826950971943
Copsychus albospecularis,9493,17,324.489985624194
Copsychus albospecularis,9494,17,1.56791980842769
Copsychus albospecularis,9500,17,47.4469397172759
Copsychus albospecularis,9517,17,11.5044686548641
Copsychus albospecularis,9420,25,2.33597082442749
Copsychus albospecularis,9459,25,57.1920356452289
Copsychus albospecularis,9513,25,29.3885406549345
Copsychus albospecularis,9514,25,20.6592519148769
Coracopsis nigra,7304,10,15.5764797698595
Coracopsis nigra,7392,10,54.0963039379551
Coracopsis nigra,1639,15,5.57282749176896
Coracopsis nigra,1693,15,64.7813755391271
Coracopsis nigra,7580,15,4.01953690115464
Coracopsis nigra,65,1,130.021860527528
Coracopsis nigra,66,1,6.4908973798604
Coracopsis nigra,68,1,8.4370977335708
Coracopsis nigra,91,1,43.2675847418705
Coracopsis nigra,7612,1,56.8711675529887
Coracopsis nigra,6374,9,2.61582415019357
Coracopsis nigra,6415,9,1.39385740344095
Coracopsis nigra,6420,9,129.582523862221
Coracopsis nigra,6627,9,1.47393099119139
Coracopsis nigra,6654,9,11.0948326900705
Coracopsis nigra,6663,9,1.38655685541713
Coracopsis nigra,6671,9,1.29977947566545
Coracopsis nigra,6744,9,2.33601032523441
Coracopsis nigra,6776,9,2.50801370502281
Coracopsis nigra,6823,9,101.586314517297
Coracopsis nigra,6888,9,14.3252430556879
Coracopsis nigra,6889,9,1.20814413348436
Coracopsis nigra,6963,9,53.6071667803801
Coracopsis nigra,6980,9,3.18616224499941
Coracopsis nigra,6987,9,3.18593688175929
Coracopsis nigra,6991,9,1.20530864535463
Coracopsis nigra,6993,9,1.89390576896656
Coracopsis nigra,7003,9,1.80772674300349
Coracopsis nigra,7004,9,1.2911887420702
Coracopsis nigra,7005,9,2.92668084810615
Coracopsis nigra,7008,9,3.01240642037094
Coracopsis nigra,7016,9,24.0897988637466
Coracopsis nigra,7256,9,1.13414415884197
Coracopsis nigra,7257,9,259.602511981778
Coracopsis nigra,7260,9,38.2991099852385
Coracopsis nigra,7267,9,2.84128662000453
Coracopsis nigra,7301,9,63.798109872398
Coracopsis nigra,7595,9,14.876475508235
Coracopsis nigra,7731,9,25.3907382257994
Coracopsis nigra,7733,9,9.98819568180025
Coracopsis nigra,1451,16,16.3740665150672
Coracopsis nigra,1501,16,19.2038282113973
Coracopsis nigra,1528,16,1.91988596975875
Coracopsis nigra,1529,16,4.2053427026192
Coracopsis nigra,1545,16,2.46812535342741
Coracopsis nigra,1548,16,2.19383277368402
Coracopsis nigra,1551,16,16.0871950112846
Coracopsis nigra,1569,16,1.18809712456632
Coracopsis nigra,1570,16,9.23022386336541
Coracopsis nigra,1577,16,5.0262264291631
Coracopsis nigra,1581,16,1.27936982512558
Coracopsis nigra,1605,16,8.86332816260099
Coracopsis nigra,1606,16,22.2892814174211
Coracopsis nigra,1625,16,10.9639024804163
Coracopsis nigra,1626,16,4.567756926453
Coracopsis nigra,1709,16,1.46089898014283
Coracopsis nigra,1780,16,2.28180747323132
Coracopsis nigra,1788,16,1.64285957804191
Coracopsis nigra,1808,16,1.27762744745624
Coracopsis nigra,1840,16,478.7030583259
Coracopsis nigra,7588,16,14.9865047176591
Coracopsis nigra,7684,16,173.722750508177
Coracopsis nigra,1433,17,104.61434809919
Coracopsis nigra,7654,17,64.9869920614074
Coracopsis nigra,7669,17,3.11329257240254
Coracopsis nigra,7670,17,14.1007399868137
Coracopsis nigra,7683,17,2.56288165690053
Coracopsis nigra,6102,19,16.1215402504437
Coracopsis nigra,6232,19,54.5408324229195
Coracopsis nigra,7408,19,84.3794685088595
Coracopsis nigra,7409,19,48.408552922966
Coracopsis nigra,7611,19,22.0549396073767
Coracopsis nigra,7729,19,36.3826787541578
Coracopsis nigra,7744,19,54.2897934620137
Coracopsis nigra,7745,19,29.6282884787502
Coracopsis nigra,3674,12,167.74218789238
Coracopsis nigra,3717,12,1032.09468954584
Coracopsis nigra,3746,12,21.0241786897857
Coracopsis nigra,3946,12,110.634216100066
Coracopsis nigra,4044,12,42.3362076362427
Coracopsis nigra,4171,12,154.253154616094
Coracopsis nigra,4190,12,87.7832991056336
Coracopsis nigra,4200,12,0.985282145026565
Coracopsis nigra,4226,12,3.3134309653126
Coracopsis nigra,4268,12,2.32767118465054
Coracopsis nigra,4302,12,69.5634544487439
Coracopsis nigra,4349,12,2.50550766269672
Coracopsis nigra,4396,12,1.16299019851911
Coracopsis nigra,4771,12,635.201146561549
Coracopsis nigra,7774,12,2.71500175354493
Coracopsis nigra,7777,12,1.62801036448324
Coracopsis nigra,7779,12,4.52090276207972
Coracopsis nigra,7785,12,7.49786063311923
Coracopsis nigra,7786,12,10.465825454369
Coracopsis nigra,7792,12,1.35249907425892
Coracopsis nigra,7798,12,3.33495901543343
Coracopsis nigra,7808,12,2.16237442039514
Coracopsis nigra,7813,12,1.89003464057791
Coracopsis nigra,7814,12,4.23005688389182
Coracopsis nigra,7822,12,59.9353472358141
Coracopsis nigra,7823,12,1.79238486696017
Coracopsis nigra,4928,13,16.7503128028274
Coracopsis nigra,4976,13,3.38511883925855
Coracopsis nigra,5136,13,477.217967021763
Coracopsis nigra,5384,13,79.2501346083427
Coracopsis nigra,5531,13,233.311555847755
Coracopsis nigra,7828,13,19.8014696613791
Coracopsis nigra,7834,13,2.65747338466716
Coracopsis nigra,5972,14,57.7613271075732
Coracopsis nigra,7484,14,17.1091583224724
Coracopsis nigra,7837,14,29.8714330564705
Coracopsis nigra,361,18,197.731583171071
Coracopsis nigra,508,18,38.9884159684163
Coracopsis nigra,786,18,1.56243208603442
Coracopsis nigra,803,18,1.1946710927344
Coracopsis nigra,811,18,54.8720161250916
Coracopsis nigra,813,18,3.21620605602419
Coracopsis nigra,816,18,1.10266377710527
Coracopsis nigra,827,18,1.10259928914046
Coracopsis nigra,829,18,2.02137478975803
Coracopsis nigra,832,18,1.65382056523675
Coracopsis nigra,863,18,1.46972063059181
Coracopsis nigra,889,18,58.8617537300254
Coracopsis nigra,915,18,439.973113778875
Coracopsis nigra,2388,18,21995.7131263174
Coracopsis nigra,3064,18,68.0501291261465
Coracopsis nigra,3431,18,170.780797274529
Coracopsis nigra,3508,18,70.171205546759
Coracopsis nigra,3597,18,2.87876883525968
Coracopsis nigra,3697,18,36.126370737397
Coracopsis nigra,3785,18,280.61110980638
Coracopsis nigra,3935,18,50.5128889844387
Coracopsis nigra,4040,18,35.5206766781266
Coracopsis nigra,4053,18,137.38275887876
Coracopsis nigra,4252,18,7.79134288626695
Coracopsis nigra,4352,18,44.6638451275753
Coracopsis nigra,4803,18,79.7835008618025
Coracopsis nigra,4885,18,180.783642575444
Coracopsis nigra,4927,18,224.834746882417
Coracopsis nigra,5211,18,11419.5619256074
Coracopsis nigra,5969,18,28.8370827305443
Coracopsis nigra,6266,18,37.7648065144268
Coracopsis nigra,6302,18,4897.81849463166
Coracopsis nigra,6918,18,1329.88182992828
Coracopsis nigra,7271,18,458.083821753779
Coracopsis nigra,7703,18,54.7933720210891
Coracopsis nigra,7711,18,58.1494763075515
Coracopsis nigra,7712,18,38.3946948622806
Coracopsis nigra,7713,18,1.35457540027201
Coracopsis nigra,7735,18,355.553761067319
Coracopsis nigra,7737,18,72.7284184850583
Coracopsis nigra,7751,18,47.4469397172759
Coracopsis nigra,7755,18,9.5658888511582
Coracopsis nigra,7760,18,1.65548669658464
Coracopsis nigra,7763,18,10.9920872748523
Coracopsis nigra,7768,18,1.74834825798291
Coracopsis nigra,7770,18,1.74828060862398
Coracopsis nigra,7840,18,19.4337860709381
Coracopsis nigra,7841,18,187.042904927285
Coracopsis nigra,7842,18,9.05780211758673
Coracopsis nigra,6754,20,2.33597082442749
Coracopsis nigra,7412,20,44.4928427752445
Coracopsis nigra,7741,20,57.1920356452289
Coracopsis nigra,7843,20,27.2715936270507
Coracopsis nigra,7844,20,29.4123165165292
Coracopsis nigra,7845,20,29.3885406549345
Coracopsis nigra,7846,20,20.6592519148769
Coracopsis nigra,7847,20,19.9515621485635
Corythornis madagascariensis,1268,19,6.02962584375572
Corythornis madagascariensis,1308,19,64.7813755391271
Corythornis madagascariensis,4676,19,4.01953690115464
Corythornis madagascariensis,36,1,130.021860527528
Corythornis madagascariensis,37,1,6.4908973798604
Corythornis madagascariensis,39,1,8.4370977335708
Corythornis madagascariensis,84,1,43.4528749465152
Corythornis madagascariensis,4689,1,56.8711675529887
Corythornis madagascariensis,1094,21,16.3740665150672
Corythornis madagascariensis,1141,21,19.2038282113973
Corythornis madagascariensis,1161,21,4.20557955169034
Corythornis madagascariensis,1166,21,1.91988596975887
Corythornis madagascariensis,1167,21,4.2053427026192
Corythornis madagascariensis,1182,21,22.2892814174211
Corythornis madagascariensis,1183,21,24.6792146248873
Corythornis madagascariensis,1193,21,2.83342021114933
Corythornis madagascariensis,1206,21,5.0262264291631
Corythornis madagascariensis,1211,21,8.86332816260099
Corythornis madagascariensis,1253,21,10.9639024804163
Corythornis madagascariensis,1254,21,4.567756926453
Corythornis madagascariensis,1318,21,1.46089898014283
Corythornis madagascariensis,1364,21,2.28180747323132
Corythornis madagascariensis,1372,21,1.64285957804191
Corythornis madagascariensis,1393,21,517.483241306474
Corythornis madagascariensis,4481,21,30.704935860728
Corythornis madagascariensis,4510,21,2.46812535342705
Corythornis madagascariensis,4520,21,2.19383277368414
Corythornis madagascariensis,4684,21,14.9865047176591
Corythornis madagascariensis,4758,21,173.722750508177
Corythornis madagascariensis,1082,23,104.61434809919
Corythornis madagascariensis,4728,23,64.9869920614074
Corythornis madagascariensis,4743,23,3.11329257240254
Corythornis madagascariensis,4744,23,14.1007399868137
Corythornis madagascariensis,4757,23,2.56288165690053
Corythornis madagascariensis,2430,3,10.8906056647633
Corythornis madagascariensis,2477,3,111.966032339638
Corythornis madagascariensis,2597,3,58.5544934346351
Corythornis madagascariensis,2862,24,97.4198021609087
Corythornis madagascariensis,2877,24,73.2763330412288
Corythornis madagascariensis,2884,24,2.32886922907722
Corythornis madagascariensis,2892,24,40.9179544183666
Corythornis madagascariensis,2900,24,3.3134309653126
Corythornis madagascariensis,2904,24,1.79096353913164
Corythornis madagascariensis,2939,24,1.9695149083488
Corythornis madagascariensis,2940,24,1.52182598961449
Corythornis madagascariensis,2982,24,2.50550766269672
Corythornis madagascariensis,3041,24,235.417340246628
Corythornis madagascariensis,3065,24,2.86157776304519
Corythornis madagascariensis,3073,24,1.87770515916026
Corythornis madagascariensis,3158,24,26.904448786311
Corythornis madagascariensis,3190,24,10.1850390613384
Corythornis madagascariensis,3214,24,38.3102308573898
Corythornis madagascariensis,4515,24,4.73613397636772
Corythornis madagascariensis,4583,24,3.30518937351549
Corythornis madagascariensis,4686,24,2.32334557227397
Corythornis madagascariensis,4882,24,44.7040186393871
Corythornis madagascariensis,4885,24,27.383507147518
Corythornis madagascariensis,4886,24,22.6292422166447
Corythornis madagascariensis,3920,5,2.74076471963298
Corythornis madagascariensis,3945,5,31.4226263784424
Corythornis madagascariensis,4027,5,17.1091583224724
Corythornis madagascariensis,4891,5,2.38669797589755
Corythornis madagascariensis,4892,5,26.0620988535793
Corythornis madagascariensis,3513,9,128.481467511449
Corythornis madagascariensis,3676,9,48.3392930566057
Corythornis madagascariensis,3715,9,3.55237904373407
Corythornis madagascariensis,2500,13,933.126169155551
Corythornis madagascariensis,2548,13,2.51681560592651
Corythornis madagascariensis,2563,13,19.1424887472292
Corythornis madagascariensis,2580,13,16.4418481049557
Corythornis madagascariensis,4835,13,2.71500175354493
Corythornis madagascariensis,4838,13,1.62801036448324
Corythornis madagascariensis,4840,13,4.52090276207972
Corythornis madagascariensis,4846,13,7.49786063311923
Corythornis madagascariensis,4847,13,10.465825454369
Corythornis madagascariensis,4859,13,3.33495901543343
Corythornis madagascariensis,4869,13,2.16237442039514
Corythornis madagascariensis,4874,13,1.89003464057791
Corythornis madagascariensis,4875,13,4.23005688389182
Corythornis madagascariensis,277,22,197.731583171071
Corythornis madagascariensis,378,22,38.9884159684163
Corythornis madagascariensis,585,22,1.56243208603442
Corythornis madagascariensis,601,22,54.8720161250916
Corythornis madagascariensis,602,22,3.21620605602419
Corythornis madagascariensis,615,22,2.02137478975803
Corythornis madagascariensis,617,22,1.65382056523675
Corythornis madagascariensis,641,22,1.46972063059181
Corythornis madagascariensis,663,22,58.8617537300254
Corythornis madagascariensis,683,22,439.973113778875
Corythornis madagascariensis,1733,22,21965.679908141
Corythornis madagascariensis,2168,22,68.0501291261465
Corythornis madagascariensis,2364,22,170.780797274529
Corythornis madagascariensis,2420,22,70.171205546759
Corythornis madagascariensis,2479,22,2.87876883525968
Corythornis madagascariensis,2551,22,36.126370737397
Corythornis madagascariensis,2604,22,280.61110980638
Corythornis madagascariensis,2700,22,50.5128889844387
Corythornis madagascariensis,2779,22,35.5206766781266
Corythornis madagascariensis,2787,22,137.38275887876
Corythornis madagascariensis,3311,22,79.7835008618025
Corythornis madagascariensis,3363,22,180.783642575444
Corythornis madagascariensis,3397,22,224.834746882417
Corythornis madagascariensis,3617,22,11419.5619256074
Corythornis madagascariensis,4119,22,28.8370827305443
Corythornis madagascariensis,4275,22,37.7648065144268
Corythornis madagascariensis,4298,22,4897.99546009716
Corythornis madagascariensis,4473,22,1329.88182992828
Corythornis madagascariensis,4487,22,458.083821753779
Corythornis madagascariensis,4777,22,54.7933720210891
Corythornis madagascariensis,4785,22,58.1494763075515
Corythornis madagascariensis,4786,22,38.3946948622806
Corythornis madagascariensis,4800,22,355.553761067319
Corythornis madagascariensis,4802,22,72.7284184850583
Corythornis madagascariensis,4813,22,47.4469397172759
Corythornis madagascariensis,4817,22,9.5658888511582
Corythornis madagascariensis,4822,22,1.65548669658464
Corythornis madagascariensis,4825,22,10.9920872748523
Corythornis madagascariensis,4830,22,1.74834825798291
Corythornis madagascariensis,4832,22,1.74828060862398
Corythornis madagascariensis,4895,22,19.4337860709381
Corythornis madagascariensis,4896,22,187.042904927285
Corythornis madagascariensis,4897,22,9.05780211758673
Corythornis madagascariensis,4457,25,2.33597082442749
Corythornis madagascariensis,4806,25,57.1920356452289
Corythornis madagascariensis,4898,25,27.2715936270507
Corythornis madagascariensis,4899,25,29.4123165165292
Corythornis madagascariensis,4900,25,29.3885406549345
Corythornis madagascariensis,4901,25,20.6592519148769
Corythornis madagascariensis,4902,25,19.9515621485635
Coua caerulea,6,2,153.615751931567
Coua caerulea,7,2,39.509202497578
Coua caerulea,8,2,15.8715926119485
Coua caerulea,9,2,24.8162057997373
Coua caerulea,10,2,947.99675390459
Coua caerulea,11,2,6.35988374095314
Coua caerulea,12,2,17.7836259858013
Coua caerulea,15,2,4.05232580194205
Coua caerulea,18,2,29.5662179117258
Coua caerulea,25,2,87.891058647152
Coua caerulea,48,2,3.30296723872137
Coua caerulea,52,2,2.65988935294008
Coua caerulea,65,2,38.7798499752312
Coua caerulea,113,2,32.5425325603189
Coua caerulea,118,2,3.73408961568439
Coua caerulea,120,2,951.648635962105
Coua caerulea,121,2,13035.2064438407
Coua caerulea,132,2,512.133590607241
Coua caerulea,156,2,8.33336931920743
Coua caerulea,170,2,11.9397076971389
Coua caerulea,171,2,2.7137358713454
Coua caerulea,177,2,6.42071714823079
Coua caerulea,182,2,3.7066306409353
Coua caerulea,190,2,47.4469397172683
Coua caerulea,193,2,68.0501291261465
Coua caerulea,201,2,10.6574180423908
Coua caerulea,205,2,27.7212728790266
Coua caerulea,208,2,14.2635312602674
Coua caerulea,214,2,10.3787010220101
Coua caerulea,217,2,47.3708417421204
Coua caerulea,229,2,4.51010092683113
Coua caerulea,237,2,32.6498721003235
Coua caerulea,248,2,15.2341434265064
Coua caerulea,263,2,26.7580247753003
Coua caerulea,268,2,439.92021481493
Coua caerulea,269,2,7.29582186970675
Coua caerulea,271,2,170.780797274529
Coua caerulea,288,2,2.79097468797433
Coua caerulea,291,2,19.5385422696985
Coua caerulea,295,2,70.171205546759
Coua caerulea,311,2,2.87876883525968
Coua caerulea,314,2,20.0626410857363
Coua caerulea,315,2,34.3711771163577
Coua caerulea,330,2,22.9149130427895
Coua caerulea,332,2,3507.19806462798
Coua caerulea,338,2,273.420891985954
Coua caerulea,363,2,50.5128889844387
Coua caerulea,387,2,35.5206766781266
Coua caerulea,390,2,137.38275887876
Coua caerulea,421,2,787.938735052013
Coua caerulea,427,2,3.4040187478323
Coua caerulea,452,2,7.79134288626695
Coua caerulea,453,2,2.59653515384889
Coua caerulea,468,2,44.6638451275753
Coua caerulea,513,2,18.1388036375356
Coua caerulea,524,2,2.768956542961
Coua caerulea,546,2,1097.30836584075
Coua caerulea,553,2,180.783642575444
Coua caerulea,560,2,224.834746882417
Coua caerulea,570,2,764.914945318771
Coua caerulea,581,2,110.717962739852
Coua caerulea,604,2,241.843234234965
Coua caerulea,679,2,7.08298393171608
Coua caerulea,735,2,2.81359134580875
Coua caerulea,764,2,37.7648065144268
Coua caerulea,772,2,4267.72578406606
Coua caerulea,783,2,282.713162080571
Coua caerulea,788,2,10.3767457573529
Coua caerulea,797,2,1244.19068425734
Coua caerulea,805,2,186.694551086279
Coua caerulea,816,2,6.60311605216253
Coua caerulea,819,2,16.0684737306561
Coua caerulea,847,2,4.69837395759118
Coua caerulea,848,2,25.7787901551477
Coua caerulea,850,2,29.9512162682307
Coua caerulea,851,2,28.5759586110733
Coua caerulea,852,2,6.35573264146125
Coua caerulea,846,6,57.1920356452289
Coua caerulea,888,6,27.2715936270507
Coua caerulea,889,6,29.4123165165292
Coua caerulea,890,6,29.3885406549345
Coua caerulea,195,5,7.49786063311994
Coua caerulea,225,5,10.465825454369
Coua caerulea,316,5,17.6314606752982
Coua caerulea,320,5,252.369479544647
Coua caerulea,865,5,120.62822354376
Coua caerulea,866,5,3.33495901543343
Coua caerulea,880,5,82.1670491673171
Coua caerulea,882,5,4.23005688389182
Coua coquereli,2201,4,68.4073900828574
Coua coquereli,1727,2,8.37790168024624
Coua coquereli,1734,2,23.2564340616227
Coua coquereli,1761,2,66.8092715603243
Coua coquereli,1770,2,3.29419845495892
Coua coquereli,1821,2,23.0622813791416
Coua coquereli,506,10,6.02962584375572
Coua coquereli,534,10,64.7813755391271
Coua coquereli,2571,10,4.01953690115464
Coua coquereli,337,11,104.61434809919
Coua coquereli,2586,11,64.9869920614074
Coua coquereli,2601,11,3.11329257240254
Coua coquereli,2602,11,14.1007399868137
Coua coquereli,2615,11,2.56288165690053
Coua coquereli,1489,8,167.74218789238
Coua coquereli,1510,8,1032.09468954584
Coua coquereli,1573,8,42.3362076362427
Coua coquereli,1592,8,110.634216100066
Coua coquereli,1595,8,90.2006443720138
Coua coquereli,1597,8,2.32886922907722
Coua coquereli,1600,8,3.3134309653126
Coua coquereli,1602,8,1.79096353913164
Coua coquereli,1608,8,2.32767118465054
Coua coquereli,1610,8,2.05895008530676
Coua coquereli,1611,8,1.9695149083488
Coua coquereli,1612,8,1.52182598961449
Coua coquereli,1625,8,1.78860352420616
Coua coquereli,1628,8,2.86157776304519
Coua coquereli,1633,8,1.87770515916026
Coua coquereli,1640,8,89.7882265229853
Coua coquereli,1647,8,4.73613397636795
Coua coquereli,1653,8,3.30518937351656
Coua coquereli,1672,8,1.87495118889725
Coua coquereli,1674,8,674.271924355668
Coua coquereli,1695,8,5.44071159735251
Coua coquereli,1703,8,5.35111748366654
Coua coquereli,1707,8,5.17274390201235
Coua coquereli,1708,8,1.5160247721132
Coua coquereli,1713,8,7.13355141072726
Coua coquereli,1737,8,16.7503128028274
Coua coquereli,1763,8,16.3782069258974
Coua coquereli,1802,8,94.0284960762084
Coua coquereli,1813,8,1.95592157479775
Coua coquereli,1820,8,509.004872819902
Coua coquereli,1980,8,260.732262440753
Coua coquereli,2369,8,21.0241786897857
Coua coquereli,2371,8,170.754673511907
Coua coquereli,2423,8,25.9190793253232
Coua coquereli,2426,8,79.2501346083427
Coua coquereli,2435,8,3.75955498127008
Coua coquereli,2619,8,2.71500175354493
Coua coquereli,2622,8,1.62801036448324
Coua coquereli,2624,8,4.52090276207972
Coua coquereli,2630,8,7.49786063311923
Coua coquereli,2631,8,10.465825454369
Coua coquereli,2637,8,1.35249907425892
Coua coquereli,2643,8,3.33495901543343
Coua coquereli,2653,8,2.16237442039514
Coua coquereli,2658,8,1.89003464057791
Coua coquereli,2659,8,4.23005688389182
Coua coquereli,2670,8,1.79238486696017
Coua coquereli,2673,8,27.383507147518
Coua coquereli,2674,8,22.6292422166447
Coua coquereli,2680,8,2.65747338466716
Coua coquereli,2684,8,59.9353472358141
Coua coquereli,2685,8,19.8014696613791
Coua coquereli,2018,9,2.73910567240655
Coua coquereli,2066,9,490.332417877715
Coua coquereli,2071,9,17.1091583224724
Coua coquereli,2683,9,2.74076471963298
Coua coquereli,345,13,16.3740665150672
Coua coquereli,388,13,19.2038282113973
Coua coquereli,418,13,1.91988596975887
Coua coquereli,419,13,4.2053427026192
Coua coquereli,435,13,22.2892814174211
Coua coquereli,436,13,5.85033975470352
Coua coquereli,438,13,24.6792146248873
Coua coquereli,446,13,2.83342021114933
Coua coquereli,452,13,2.37624750380063
Coua coquereli,455,13,1.5536069370805
Coua coquereli,461,13,8.3165148231597
Coua coquereli,462,13,1.27936982512558
Coua coquereli,465,13,8.86332816260099
Coua coquereli,469,13,2.10170416140425
Coua coquereli,498,13,10.9639024804163
Coua coquereli,499,13,4.567756926453
Coua coquereli,541,13,1.46089898014283
Coua coquereli,587,13,1.64285957804191
Coua coquereli,604,13,1.64265917571056
Coua coquereli,608,13,2.09870394610953
Coua coquereli,625,13,753.814320473975
Coua coquereli,626,13,2.0072273404777
Coua coquereli,2346,13,37.7410851750167
Coua coquereli,2353,13,4.20557955169034
Coua coquereli,2360,13,2.19383277368414
Coua coquereli,2482,13,9.48887854600907
Coua coquereli,2579,13,16.5402429724604
Coua cristata,2995,3,5.17179658846164
Coua cristata,3034,3,23.2564340616227
Coua cristata,3035,3,18.5389933315884
Coua cristata,3091,3,61.7353125418372
Coua cristata,3107,3,3.29419845495892
Coua cristata,3944,21,9.98819568180025
Coua cristata,3971,21,12.7407955704254
Coua cristata,3979,21,12.0483039035151
Coua cristata,4009,21,11.331098059531
Coua cristata,4028,21,466.866095203728
Coua cristata,4115,21,24.5074496821449
Coua cristata,4121,21,152.434539488664
Coua cristata,4190,21,32.897685323071
Coua cristata,4201,21,47.5161649497197
Coua cristata,4206,21,23.9177534628686
Coua cristata,4260,21,27.038656370522
Coua cristata,4274,21,17.8876522784661
Coua cristata,4281,21,63.798109872398
Coua cristata,4319,21,51.2694713964937
Coua cristata,1323,14,6.02962584375572
Coua cristata,1361,14,64.7813755391271
Coua cristata,4532,14,4.01953690115464
Coua cristata,51,1,130.021860527528
Coua cristata,52,1,6.4908973798604
Coua cristata,54,1,8.4370977335708
Coua cristata,105,1,43.4528749465152
Coua cristata,4547,1,56.8711675529887
Coua cristata,1179,17,16.3740665150672
Coua cristata,1224,17,2.19464777098459
Coua cristata,1231,17,12.894550309714
Coua cristata,1283,17,1.27936982512558
Coua cristata,1287,17,1.46201426250422
Coua cristata,1301,17,2.64969806134474
Coua cristata,1314,17,7.03479595916414
Coua cristata,1316,17,4.567756926453
Coua cristata,1326,17,9.04258868397665
Coua cristata,1372,17,1.46089898014283
Coua cristata,1425,17,31.0315972086302
Coua cristata,1431,17,2.28180747323132
Coua cristata,1438,17,1.64285957804191
Coua cristata,1451,17,1.27762744745624
Coua cristata,1452,17,173.722750508177
Coua cristata,4540,17,14.9865047176591
Coua cristata,4614,17,81.3668221959746
Coua cristata,1167,19,103.881939000037
Coua cristata,4572,19,64.9869920614074
Coua cristata,4601,19,14.1007399868137
Coua cristata,4613,19,2.56288165690053
Coua cristata,2044,11,3.16183704172301
Coua cristata,2162,11,10.465825454369
Coua cristata,2165,11,1.35249907425892
Coua cristata,2346,11,4.23005688389444
Coua cristata,2442,11,167.74218789238
Coua cristata,2472,11,981.161531144397
Coua cristata,2489,11,21.0241786897857
Coua cristata,2580,11,110.634216100066
Coua cristata,2594,11,16.1479318826332
Coua cristata,2712,11,154.253154616094
Coua cristata,2723,11,87.7832991056336
Coua cristata,2728,11,2.32886922907722
Coua cristata,2739,11,3.3134309653126
Coua cristata,2742,11,1.79096353913164
Coua cristata,2761,11,2.32767118465054
Coua cristata,2769,11,1.9695149083488
Coua cristata,2770,11,1.52182598961449
Coua cristata,2777,11,69.5634544487439
Coua cristata,2800,11,2.50550766269672
Coua cristata,2821,11,1.16299019851911
Coua cristata,2847,11,2.86157776304519
Coua cristata,2851,11,1.87770515916026
Coua cristata,2926,11,647.805641040932
Coua cristata,2978,11,3.92438438957548
Coua cristata,2990,11,5.35111748366654
Coua cristata,2994,11,1.5160247721132
Coua cristata,2997,11,5.61776200146008
Coua cristata,3050,11,16.7503128028274
Coua cristata,3069,11,3.38511883925855
Coua cristata,3149,11,477.217967021763
Coua cristata,3330,11,233.311555847755
Coua cristata,4283,11,4.73613397636772
Coua cristata,4366,11,79.2501346083427
Coua cristata,4440,11,3.30518937351549
Coua cristata,4671,11,2.71500175354493
Coua cristata,4674,11,1.62801036448324
Coua cristata,4676,11,4.52090276207972
Coua cristata,4682,11,7.49786063311923
Coua cristata,4693,11,3.33495901543343
Coua cristata,4703,11,2.16237442039514
Coua cristata,4708,11,1.89003464057791
Coua cristata,4711,11,59.9353472358141
Coua cristata,4712,11,1.79238486696017
Coua cristata,4716,11,27.383507147518
Coua cristata,4717,11,22.6292422166447
Coua cristata,4722,11,2.65747338466716
Coua cristata,4726,11,19.8014696613791
Coua cristata,3418,13,19.2725371855396
Coua cristata,3633,13,182.423979177405
Coua cristata,3704,13,11.2152296825547
Coua cristata,3768,13,54.5408324229195
Coua cristata,4334,13,88.8579889962915
Coua cristata,4376,13,7.50890607225883
Coua cristata,4429,13,7.42539153596247
Coua cristata,4433,13,17.1091583224724
Coua cristata,4434,13,18.6823267181581
Coua cristata,4436,13,13.0307413413469
Coua cristata,4437,13,3.87195306908155
Coua cristata,4438,13,6.06907414019537
Coua cristata,4641,13,36.3826787541578
Coua cristata,4646,13,54.2897934620137
Coua cristata,4647,13,29.6282884787502
Coua cristata,4648,13,9.25706128804803
Coua cristata,4651,13,4.31856011909986
Coua cristata,4653,13,2.02272765648687
Coua cristata,4725,13,2.74076471963298
Coua cristata,251,18,11.1806174851229
Coua cristata,328,18,196.531280229822
Coua cristata,337,18,99.5329015717447
Coua cristata,368,18,15.8715926119485
Coua cristata,383,18,24.8162057997349
Coua cristata,446,18,27.563875972
Coua cristata,457,18,38.9884159684163
Coua cristata,616,18,1022.15581469595
Coua cristata,674,18,1.56243208603442
Coua cristata,683,18,1.1946710927344
Coua cristata,688,18,54.8720161250916
Coua cristata,689,18,3.21620605602419
Coua cristata,692,18,1.10266377710527
Coua cristata,701,18,1.10259928914046
Coua cristata,703,18,2.02137478975803
Coua cristata,706,18,1.65382056523675
Coua cristata,733,18,1.46972063059181
Coua cristata,756,18,58.8617537300254
Coua cristata,769,18,439.973113778875
Coua cristata,1389,18,1.09562847792959
Coua cristata,1692,18,17630.7992992735
Coua cristata,1699,18,1.27365701645505
Coua cristata,1700,18,4.27563960578322
Coua cristata,1709,18,100.507597967135
Coua cristata,1715,18,2.54619976073432
Coua cristata,1725,18,3.72704040367758
Coua cristata,1726,18,13.3615076739479
Coua cristata,1733,18,2.99925723286867
Coua cristata,1767,18,322.880547918808
Coua cristata,1770,18,1.81585824965096
Coua cristata,2011,18,4.33887032489634
Coua cristata,2030,18,47.4469397172759
Coua cristata,2038,18,68.0501291261465
Coua cristata,2047,18,56.8942672846626
Coua cristata,2110,18,23.288084689432
Coua cristata,2122,18,3.60954575552988
Coua cristata,2134,18,4.33088854262793
Coua cristata,2142,18,2.1653033994143
Coua cristata,2154,18,4.51010092683113
Coua cristata,2172,18,41.4895422504582
Coua cristata,2262,18,170.780797274529
Coua cristata,2321,18,70.171205546759
Coua cristata,2390,18,2.87876883525968
Coua cristata,2458,18,36.126370737397
Coua cristata,2515,18,280.61110980638
Coua cristata,2574,18,50.5128889844387
Coua cristata,2628,18,35.5206766781266
Coua cristata,2639,18,137.38275887876
Coua cristata,2754,18,2.59653515384889
Coua cristata,2916,18,16.5183256766745
Coua cristata,2924,18,3.03536821130764
Coua cristata,2929,18,1.96377893533659
Coua cristata,2943,18,4.4623509704634
Coua cristata,2955,18,1.69532316260672
Coua cristata,2966,18,8009.75770582509
Coua cristata,3008,18,12.7478930967271
Coua cristata,3045,18,141.764186155836
Coua cristata,3061,18,101.272206066713
Coua cristata,3174,18,1.68964842398798
Coua cristata,3178,18,1116.85796308144
Coua cristata,3186,18,33.0761253114545
Coua cristata,3193,18,9.06754663102806
Coua cristata,3208,18,7.99955648543441
Coua cristata,3213,18,2.66611274245572
Coua cristata,3235,18,27.0934552564401
Coua cristata,3245,18,2.0424607049098
Coua cristata,3265,18,135.229528430643
Coua cristata,3302,18,3.99018480435884
Coua cristata,3323,18,70.0644261897868
Coua cristata,3370,18,4.51364348582339
Coua cristata,3409,18,19.3606791590857
Coua cristata,3457,18,2.65011391026461
Coua cristata,3463,18,14.1304494246292
Coua cristata,3475,18,19.1586361071781
Coua cristata,3631,18,2.81359134580875
Coua cristata,3632,18,8.61728991935312
Coua cristata,3781,18,37.7648065144268
Coua cristata,3801,18,2898.97182456901
Coua cristata,3922,18,5.30358653567576
Coua cristata,4143,18,1261.46555167145
Coua cristata,4280,18,227.410929877548
Coua cristata,4623,18,54.7933720210891
Coua cristata,4628,18,1.87375152232146
Coua cristata,4633,18,35.6296025753039
Coua cristata,4642,18,355.553761067319
Coua cristata,4656,18,9.5658888511582
Coua cristata,4661,18,1.65548669658464
Coua cristata,4664,18,10.9920872748523
Coua cristata,4666,18,6.35573264146125
Coua cristata,4735,18,19.4337860709381
Coua cristata,4736,18,187.042904927285
Coua cristata,4737,18,9.05780211758673
Coua cristata,4019,22,2.33597082442749
Coua cristata,4337,22,44.4928427752445
Coua cristata,4545,22,57.1920356452289
Coua cristata,4728,22,27.2715936270507
Coua cristata,4729,22,29.4123165165292
Coua cristata,4730,22,29.3885406549345
Coua cristata,4731,22,20.6592519148769
Coua cristata,4732,22,19.9515621485635
Coua cursor,88,3,13.1672804516124
Coua cursor,136,3,537.969234093237
Coua cursor,139,3,16.1215402504437
Coua cursor,172,3,54.5408324229195
Coua cursor,505,3,1.94182639975023
Coua cursor,506,3,43.5541700668897
Coua cursor,507,3,2.02803748513663
Coua cursor,508,3,2.11576712074435
Coua cursor,512,3,88.8579889962915
Coua cursor,545,3,17.1091583224724
Coua cursor,547,3,13.0307413413469
Coua cursor,548,3,3.87195306908155
Coua cursor,549,3,6.06907414019537
Coua cursor,550,3,112.468627701651
Coua cursor,557,3,36.3826787541578
Coua cursor,565,3,54.2897934620137
Coua cursor,566,3,31.4692072683324
Coua cursor,575,3,9.25706128804803
Coua cursor,578,3,4.31856011909986
Coua cursor,580,3,2.02272765648687
Coua cursor,211,4,9.79969941269683
Coua cursor,220,4,12.7407955704254
Coua cursor,222,4,12.0483039035151
Coua cursor,251,4,11.331098059531
Coua cursor,286,4,157.845280077024
Coua cursor,314,4,24.5074496821449
Coua cursor,316,4,152.434539488664
Coua cursor,342,4,17.1373670233521
Coua cursor,347,4,32.897685323071
Coua cursor,357,4,47.5161649497197
Coua cursor,362,4,24.0897988637466
Coua cursor,448,4,5.76867314028919
Coua cursor,455,4,17.8876522784661
Coua cursor,462,4,63.798109872398
Coua cursor,489,4,411.870349280187
Coua cursor,520,4,155.727060960763
Coua cursor,555,4,14.876475508235
Coua cursor,562,4,9.98819568180025
Coua cursor,11,1,16.3782069258974
Coua cursor,24,1,94.0284960762084
Coua cursor,32,1,116.632698823429
Coua cursor,75,1,260.732262440753
Coua cursor,495,1,59.4350223929462
Coua cursor,586,1,2.65747338466716
Coua cursor,589,1,19.8014696613791
Coua gigas,134,1,104.61434809919
Coua gigas,1293,1,23.0681777605819
Coua gigas,1294,1,25.6252836385539
Coua gigas,1309,1,3.11329257240254
Coua gigas,1310,1,14.1007399868137
Coua gigas,138,3,16.3740665150672
Coua gigas,150,3,19.2038282113973
Coua gigas,156,3,4.2053427026192
Coua gigas,159,3,5.85033975470436
Coua gigas,160,3,16.0871950112846
Coua gigas,168,3,5.0262264291631
Coua gigas,169,3,8.86332816260146
Coua gigas,171,3,16.5402429724617
Coua gigas,180,3,10.9639024804163
Coua gigas,181,3,4.567756926453
Coua gigas,186,3,9.04258868397665
Coua gigas,228,3,488.299600047917
Coua gigas,1324,3,59.2635538920963
Coua gigas,540,4,167.74218789238
Coua gigas,547,4,1032.09468954584
Coua gigas,568,4,42.3362076362427
Coua gigas,576,4,110.634216100066
Coua gigas,578,4,90.2006443720138
Coua gigas,580,4,3.3134309653126
Coua gigas,584,4,4.47503565163767
Coua gigas,591,4,89.7882265229853
Coua gigas,594,4,4.73613397636795
Coua gigas,595,4,3.12715110022605
Coua gigas,598,4,3.30518937351656
Coua gigas,606,4,673.914338582373
Coua gigas,615,4,5.44071159735251
Coua gigas,617,4,3.1215435653218
Coua gigas,618,4,5.35111748366654
Coua gigas,620,4,5.17274390201235
Coua gigas,621,4,5.17179658846164
Coua gigas,622,4,7.13355141072726
Coua gigas,636,4,23.2564340616227
Coua gigas,637,4,20.5002108981814
Coua gigas,639,4,16.7503128028274
Coua gigas,648,4,70.5519519286623
Coua gigas,650,4,25.9190793253232
Coua gigas,651,4,16.3782069258974
Coua gigas,655,4,3.29419845495892
Coua gigas,671,4,94.0284960762084
Coua gigas,682,4,509.004872819902
Coua gigas,683,4,23.0622813791416
Coua gigas,687,4,48.3392930566057
Coua gigas,759,4,233.311555847755
Coua gigas,784,4,13.1672804516124
Coua gigas,872,4,232.400250820918
Coua gigas,884,4,16.1215402504437
Coua gigas,933,4,54.5408324229195
Coua gigas,964,4,157.845280077024
Coua gigas,1004,4,17.8876522784661
Coua gigas,1046,4,63.6245800941673
Coua gigas,1050,4,419.940353694152
Coua gigas,1057,4,21.0241786897857
Coua gigas,1059,4,170.754673511907
Coua gigas,1096,4,19.8014696613791
Coua gigas,1107,4,29.0032743569901
Coua gigas,1112,4,58.7271633992105
Coua gigas,1120,4,155.727060960763
Coua gigas,1127,4,3.75955498127008
Coua gigas,1158,4,201.007449783058
Coua gigas,1167,4,17.1091583224724
Coua gigas,1169,4,13.0307413413469
Coua gigas,1170,4,3.87195306908155
Coua gigas,1171,4,6.06907414019537
Coua gigas,1172,4,112.468627701651
Coua gigas,1270,4,14.876475508235
Coua gigas,1333,4,36.3826787541578
Coua gigas,1338,4,9.98819568180025
Coua gigas,1341,4,54.2897934620137
Coua gigas,1342,4,31.4692072683324
Coua gigas,1351,4,9.25706128804803
Coua gigas,1354,4,4.31856011909986
Coua gigas,1364,4,4.52090276207972
Coua gigas,1370,4,7.49786063311923
Coua gigas,1371,4,10.465825454369
Coua gigas,1383,4,3.33495901543343
Coua gigas,1399,4,4.23005688389182
Coua gigas,1413,4,27.383507147518
Coua gigas,1414,4,22.6292422166447
Coua gigas,1423,4,59.9353472358141
Coua gigas,1424,4,9.05870010602249
Coua reynaudii,4,2,181.38029479108
Coua reynaudii,7,2,51.7890604442961
Coua reynaudii,9,2,293.612320851802
Coua reynaudii,16,2,3.50637091730225
Coua reynaudii,17,2,2.21454840610319
Coua reynaudii,21,2,38.0976185701168
Coua reynaudii,24,2,27.6738798421324
Coua reynaudii,27,2,34.8530751047845
Coua reynaudii,31,2,2.30487087117308
Coua reynaudii,40,2,29.3034730640088
Coua reynaudii,41,2,3.87045538569027
Coua reynaudii,42,2,19.6280861705105
Coua reynaudii,47,2,100.250169065042
Coua reynaudii,48,2,400.175352439319
Coua reynaudii,49,2,40.2587459644453
Coua reynaudii,54,2,341.593766137275
Coua reynaudii,58,2,56.9979385031933
Coua reynaudii,59,2,6.25186649493766
Coua reynaudii,64,2,2586.17649380322
Coua reynaudii,78,2,5.77274455880851
Coua reynaudii,80,2,7.4203096835655
Coua reynaudii,86,2,65.1697736575992
Coua reynaudii,90,2,4894.31888632518
Coua reynaudii,94,2,10.6968829958979
Coua reynaudii,97,2,842.23013299109
Coua reynaudii,100,2,18.7867803754567
Coua reynaudii,101,2,3.46533733650792
Coua reynaudii,102,2,37.1089157964191
Coua reynaudii,103,2,686.327695257826
Coua reynaudii,104,2,205.329699022774
Coua reynaudii,107,2,3.82909888804102
Coua reynaudii,108,2,21.7001741978295
Coua reynaudii,109,2,20.236343804207
Coua reynaudii,110,2,21.694845079512
Coua reynaudii,111,2,57.0479435998374
Coua reynaudii,116,2,18.3080449645846
Coua reynaudii,118,2,51.6327300873984
Coua reynaudii,127,2,13.8228173918955
Coua reynaudii,129,2,2887.48854455239
Coua reynaudii,167,2,22.598530894377
Coua reynaudii,173,2,11.836225350208
Coua reynaudii,190,2,7.21903752467107
Coua reynaudii,195,2,2.1653033994143
Coua reynaudii,199,2,4.51010092683113
Coua reynaudii,206,2,41.4895422504582
Coua reynaudii,215,2,12.6205519055365
Coua reynaudii,222,2,21.181140582427
Coua reynaudii,225,2,35.338921021012
Coua reynaudii,226,2,11.1771037265234
Coua reynaudii,232,2,41.9852753191171
Coua reynaudii,234,2,6.30495659599412
Coua reynaudii,243,2,2.7915965128001
Coua reynaudii,249,2,12.6019601731911
Coua reynaudii,253,2,522.596253522793
Coua reynaudii,272,2,16.6469548786582
Coua reynaudii,283,2,5.39755232436275
Coua reynaudii,292,2,10.2546769476881
Coua reynaudii,314,2,19.6800640694541
Coua reynaudii,318,2,5203.19132237966
Coua reynaudii,327,2,33.404609637262
Coua reynaudii,328,2,143.278871478354
Coua reynaudii,358,2,8.61674749869728
Coua reynaudii,373,2,50.5128889844387
Coua reynaudii,400,2,26.9070583393222
Coua reynaudii,414,2,35.5206766781266
Coua reynaudii,417,2,137.38275887876
Coua reynaudii,439,2,191.418624610387
Coua reynaudii,466,2,3.4040187478323
Coua reynaudii,513,2,9.03832219414033
Coua reynaudii,516,2,74.4808673323828
Coua reynaudii,521,2,2.95197401895821
Coua reynaudii,527,2,50.9665992892735
Coua reynaudii,556,2,81.5733941099718
Coua reynaudii,559,2,10.3650947225828
Coua reynaudii,562,2,18.1388036375356
Coua reynaudii,571,2,2.768956542961
Coua reynaudii,575,2,116.883309489826
Coua reynaudii,589,2,3.03338654372942
Coua reynaudii,597,2,180.783642575444
Coua reynaudii,601,2,334.916715068417
Coua reynaudii,603,2,224.299706164162
Coua reynaudii,607,2,155.787057157069
Coua reynaudii,616,2,108.670601299468
Coua reynaudii,619,2,15.9348882808119
Coua reynaudii,624,2,37.0244919187729
Coua reynaudii,637,2,129.777591602239
Coua reynaudii,644,2,73.9707556073409
Coua reynaudii,648,2,7.99955648543441
Coua reynaudii,671,2,394.035819851697
Coua reynaudii,689,2,11.3602664209353
Coua reynaudii,690,2,4.31124233271003
Coua reynaudii,691,2,2172.6080050075
Coua reynaudii,705,2,37.7648065144268
Coua reynaudii,714,2,838.936465241628
Coua reynaudii,741,2,1173.60447174813
Coua reynaudii,746,2,23.1220312933333
Coua reynaudii,749,2,6.60311605216253
Coua reynaudii,753,2,16.0684737306561
Coua reynaudii,780,2,23.6652236248022
Coua reynaudii,781,2,58.1494763075515
Coua reynaudii,782,2,5.75331099840975
Coua reynaudii,784,2,56.646808939644
Coua reynaudii,785,2,53.6996816319194
Coua reynaudii,786,2,57.9742847944451
Coua reynaudii,788,2,355.466497858925
Coua reynaudii,790,2,15.7287553906272
Coua reynaudii,791,2,32.6940457276507
Coua reynaudii,794,2,19.4337860709381
Coua reynaudii,795,2,187.042904927285
Coua reynaudii,796,2,9.05780211758673
Coua serriana,1,1,111.225117908466
Coua serriana,5,1,331.098125295111
Coua serriana,6,1,27.0061736506458
Coua serriana,11,1,3.13243296555978
Coua serriana,12,1,298.884562943772
Coua serriana,16,1,121.493253757563
Coua serriana,28,1,18.468422871011
Coua serriana,40,1,8.71055469847292
Coua serriana,42,1,1.55853332586092
Coua serriana,43,1,4.12545809786367
Coua serriana,44,1,5.22484076185155
Coua serriana,86,1,132.028278112983
Coua serriana,134,1,12485.5170084779
Coua serriana,231,1,68.0501291261465
Coua serriana,266,1,4.33088854262793
Coua serriana,299,1,85.6999425859454
Coua serriana,318,1,170.780797274529
Coua serriana,346,1,2.79097468797433
Coua serriana,347,1,12.6019601731911
Coua serriana,357,1,70.171205546759
Coua serriana,366,1,4.2303928320173
Coua serriana,373,1,19.0759812224051
Coua serriana,383,1,8.09601869122922
Coua serriana,388,1,2.87876883525968
Coua serriana,392,1,4.58734981390798
Coua serriana,402,1,16.4602852039326
Coua serriana,421,1,36.126370737397
Coua serriana,426,1,8.17787618780792
Coua serriana,430,1,5104.49398101153
Coua serriana,439,1,22.2706313779993
Coua serriana,440,1,201.223877546875
Coua serriana,465,1,8.61674749869728
Coua serriana,477,1,50.5128889844387
Coua serriana,506,1,26.3690466206299
Coua serriana,508,1,111.197660565592
Coua serriana,517,1,35.5206766781266
Coua serriana,518,1,12.2839577725865
Coua serriana,534,1,3.31648883063078
Coua serriana,544,1,32.6940457276507
Coua serriana,553,1,3.4040187478323
Coua serriana,574,1,5.10381579457283
Coua serriana,579,1,7.79134288626695
Coua serriana,598,1,9.03832219414033
Coua serriana,599,1,25.6033442801823
Coua serriana,601,1,23.1786345468159
Coua serriana,603,1,36.0507839665924
Coua serriana,606,1,26.3917366286463
Coua serriana,634,1,33.8863839629424
Coua serriana,656,1,10.3650947225828
Coua serriana,679,1,18.0366255786774
Coua serriana,686,1,2.23122771429515
Coua serriana,687,1,10.0843859371828
Coua serriana,694,1,3.03338654372942
Coua serriana,700,1,28.5373893463757
Coua serriana,709,1,226.538768619681
Coua serriana,710,1,3.29785010889542
Coua serriana,715,1,222.871153299133
Coua serriana,754,1,8.36032460169374
Coua serriana,757,1,596.314188496025
Coua serriana,761,1,12.2696476701559
Coua serriana,763,1,20.6215166086694
Coua serriana,777,1,3.10976851133704
Coua serriana,778,1,57.8187193650691
Coua serriana,796,1,145.357064291604
Coua serriana,963,1,5.51709965046513
Coua serriana,972,1,2.45062763333797
Coua serriana,976,1,15.3109534877646
Coua serriana,986,1,80.7559681280681
Coua serriana,992,1,2761.36226392216
Coua serriana,1008,1,56.7956213366562
Coua serriana,1019,1,310.931993509373
Coua serriana,1029,1,58.1494763075515
Coua serriana,1031,1,10.2517932499608
Coua serriana,1032,1,320.938545401521
Coua serriana,1038,1,153.71284561751
Coua serriana,1039,1,24.9170745355883
Coua serriana,1040,1,47.4469397172759
Coua serriana,1043,1,19.4337860709381
Coua serriana,1044,1,9.05780211758673
Coua serriana,1045,1,14.3706194551943
Cryptoprocta ferox,1,1,197.731583171071
Cryptoprocta ferox,2,1,269.503602470264
Cryptoprocta ferox,3,1,267.172157435509
Cryptoprocta ferox,4,1,432.986545571974
Cryptoprocta ferox,5,1,7069.99949662459
Cryptoprocta ferox,36,1,449.003958585309
Cryptoprocta ferox,9,3,280.341852592133
Cryptoprocta ferox,10,3,137.38275887876
Cryptoprocta ferox,17,3,222.871153299133
Cryptoprocta ferox,20,3,10316.9435966141
Cryptoprocta ferox,22,3,301.525330757776
Cryptosylvicola randrianasoloi,1,1,29.0015402895183
Cryptosylvicola randrianasoloi,2,2,0.369097689209938
Cryptosylvicola randrianasoloi,4,2,88.8389861691498
Cryptosylvicola randrianasoloi,5,2,16.2380797407139
Cryptosylvicola randrianasoloi,6,2,29.6046676179308
Cryptosylvicola randrianasoloi,9,2,59.6386258950888
Cryptosylvicola randrianasoloi,13,2,31.790673218183
Cryptosylvicola randrianasoloi,14,2,25.3295724640318
Cryptosylvicola randrianasoloi,15,4,59.7444529941496
Cryptosylvicola randrianasoloi,20,6,0.276167274636447
Cryptosylvicola randrianasoloi,21,6,7.91582309376431
Cryptosylvicola randrianasoloi,22,4,28.9945355610176
Cryptosylvicola randrianasoloi,23,6,1.19669685054296
Cryptosylvicola randrianasoloi,27,6,0.828408787800312
Cryptosylvicola randrianasoloi,35,7,29.9084357813374
Cryptosylvicola randrianasoloi,42,9,21.336136544534
Cryptosylvicola randrianasoloi,43,9,25.8418336022724
Cryptosylvicola randrianasoloi,45,9,0.367843747830391
Cryptosylvicola randrianasoloi,52,9,232.618613320978
Cryptosylvicola randrianasoloi,70,9,29.1983259148607
Cryptosylvicola randrianasoloi,96,16,28.8345587025276
Cryptosylvicola randrianasoloi,97,17,89.6942326179207
Cryptosylvicola randrianasoloi,98,18,0.271612151348233
Cryptosylvicola randrianasoloi,99,18,359.482050942695
Cryptosylvicola randrianasoloi,125,21,30.9165171473934
Cryptosylvicola randrianasoloi,134,21,482.184518259543
Cryptosylvicola randrianasoloi,169,21,90.9787263005631
Cryptosylvicola randrianasoloi,239,21,29.7379084643435
Cryptosylvicola randrianasoloi,276,27,0.539962693065524
Cryptosylvicola randrianasoloi,277,27,19.0759812224051
Cryptosylvicola randrianasoloi,279,27,0.179958904524803
Cryptosylvicola randrianasoloi,280,27,2.87876883525968
Cryptosylvicola randrianasoloi,281,27,0.899620833965421
Cryptosylvicola randrianasoloi,282,27,0.269868277515173
Cryptosylvicola randrianasoloi,284,27,33.0953660842019
Cryptosylvicola randrianasoloi,289,30,17.7001141877385
Cryptosylvicola randrianasoloi,354,32,24.677084764406
Cryptosylvicola randrianasoloi,364,32,28.3302766178341
Cryptosylvicola randrianasoloi,381,32,1.25075870576167
Cryptosylvicola randrianasoloi,382,33,10.0843859371828
Cryptosylvicola randrianasoloi,384,35,15.9430514692196
Cryptosylvicola randrianasoloi,385,35,30.104325679585
Cryptosylvicola randrianasoloi,388,34,41.3342277621842
Cryptosylvicola randrianasoloi,390,34,2.22619413036621
Cryptosylvicola randrianasoloi,391,34,2.22612119091761
Cryptosylvicola randrianasoloi,392,34,8.45769562496112
Cryptosylvicola randrianasoloi,395,34,6.49600297978592
Cryptosylvicola randrianasoloi,396,34,0.177981762779713
Cryptosylvicola randrianasoloi,399,34,0.177973798285246
Cryptosylvicola randrianasoloi,400,34,25.5320059284103
Cryptosylvicola randrianasoloi,409,34,4.09114334311438
Cryptosylvicola randrianasoloi,411,34,2.40106290664852
Cryptosylvicola randrianasoloi,412,34,3.55699395659041
Cryptosylvicola randrianasoloi,413,34,0.177858824382067
Cryptosylvicola randrianasoloi,415,34,9.86929783155024
Cryptosylvicola randrianasoloi,416,34,482.679860462256
Cryptosylvicola randrianasoloi,417,34,105.315826025566
Cryptosylvicola randrianasoloi,419,34,26.1784941060526
Cryptosylvicola randrianasoloi,421,34,0.618742599579573
Cryptosylvicola randrianasoloi,422,34,2.91674773547077
Cryptosylvicola randrianasoloi,423,34,25.806559436765
Cryptosylvicola randrianasoloi,427,34,118.710429518232
Cryptosylvicola randrianasoloi,430,34,183.17360782158
Cryptosylvicola randrianasoloi,444,37,29.6010433493721
Cryptosylvicola randrianasoloi,445,37,30.8233521124446
Cryptosylvicola randrianasoloi,446,38,0.261868806515336
Cryptosylvicola randrianasoloi,447,38,340.998528779111
Cryptosylvicola randrianasoloi,450,38,19.3486232668558
Cryptosylvicola randrianasoloi,454,38,0.522999364481807
Cryptosylvicola randrianasoloi,458,38,26.4879455156572
Cryptosylvicola randrianasoloi,460,38,22.6346906162142
Cryptosylvicola randrianasoloi,462,38,3.82950872338784
Cryptosylvicola randrianasoloi,71,11,29.6400785012612
Cryptosylvicola randrianasoloi,295,28,133.470752441708
Cryptosylvicola randrianasoloi,316,28,97.5450380661873
Cryptosylvicola randrianasoloi,263,25,338.864258991281
Cryptosylvicola randrianasoloi,270,25,0.720493562288523
Cryptosylvicola randrianasoloi,76,12,360.628902677011
Cryptosylvicola randrianasoloi,506,12,91.3613682623906
Cryptosylvicola randrianasoloi,275,26,27.8130129308542
Cryptosylvicola randrianasoloi,278,26,0.449954103646755
Cryptosylvicola randrianasoloi,283,26,225.885043780426
Cryptosylvicola randrianasoloi,285,26,21.7629635103435
Cryptosylvicola randrianasoloi,91,15,114.411123689048
Cryptosylvicola randrianasoloi,94,15,31.0775877900445
Cryptosylvicola randrianasoloi,95,15,29.4262424374763
Cyanolanius madagascarinus,5147,71,0.456848093526959
Cyanolanius madagascarinus,5191,71,0.274103139080644
Cyanolanius madagascarinus,5204,71,0.274093192542315
Cyanolanius madagascarinus,5223,71,0.274081997471213
Cyanolanius madagascarinus,5270,71,0.822180016362309
Cyanolanius madagascarinus,5285,71,0.274053362136722
Cyanolanius madagascarinus,5295,71,5.57282749176896
Cyanolanius madagascarinus,5458,71,64.7813755391271
Cyanolanius madagascarinus,22802,71,4.01953690115464
Cyanolanius madagascarinus,22803,71,0.822156348397851
Cyanolanius madagascarinus,3776,99,0.824719871121347
Cyanolanius madagascarinus,3887,99,0.274908219362199
Cyanolanius madagascarinus,3939,99,0.366509968225718
Cyanolanius madagascarinus,4024,99,3.48152099565202
Cyanolanius madagascarinus,4055,99,23.1812928224177
Cyanolanius madagascarinus,268,108,43.2675847418705
Cyanolanius madagascarinus,2578,84,0.275667671454787
Cyanolanius madagascarinus,2594,84,1.92954817861235
Cyanolanius madagascarinus,2697,84,0.275591552190423
Cyanolanius madagascarinus,2716,84,0.367434207116008
Cyanolanius madagascarinus,2735,84,33.8991079803611
Cyanolanius madagascarinus,22718,84,0.367500048400104
Cyanolanius madagascarinus,401,87,0.370271373195231
Cyanolanius madagascarinus,402,87,0.462834125284791
Cyanolanius madagascarinus,406,87,43.0377824654073
Cyanolanius madagascarinus,423,87,1.48074673073471
Cyanolanius madagascarinus,424,87,1.66577102635694
Cyanolanius madagascarinus,428,87,0.277623898765862
Cyanolanius madagascarinus,434,87,0.277610584835947
Cyanolanius madagascarinus,467,87,1.38815019469857
Cyanolanius madagascarinus,207,106,0.463597745714188
Cyanolanius madagascarinus,256,106,43.2038186617044
Cyanolanius madagascarinus,131,33,0.55664420881176
Cyanolanius madagascarinus,135,33,0.371099061261296
Cyanolanius madagascarinus,138,33,0.556625695955813
Cyanolanius madagascarinus,150,33,0.463806772104442
Cyanolanius madagascarinus,157,33,0.27827526928854
Cyanolanius madagascarinus,159,33,0.463781360735595
Cyanolanius madagascarinus,173,33,0.278243954662919
Cyanolanius madagascarinus,187,33,0.27820176096195
Cyanolanius madagascarinus,190,33,0.64914825101471
Cyanolanius madagascarinus,197,33,130.021860527528
Cyanolanius madagascarinus,201,33,6.4908973798604
Cyanolanius madagascarinus,206,33,8.4370977335708
Cyanolanius madagascarinus,22814,33,56.8711675529887
Cyanolanius madagascarinus,15025,110,7.79134288626695
Cyanolanius madagascarinus,15355,110,44.6638451275753
Cyanolanius madagascarinus,4686,104,16.3740665150672
Cyanolanius madagascarinus,4848,104,19.2038282113973
Cyanolanius madagascarinus,4949,104,1.91988596975887
Cyanolanius madagascarinus,4950,104,4.2053427026192
Cyanolanius madagascarinus,5007,104,22.2892814174211
Cyanolanius madagascarinus,5011,104,5.85033975470352
Cyanolanius madagascarinus,5016,104,24.6792146248873
Cyanolanius madagascarinus,5045,104,2.65062070312488
Cyanolanius madagascarinus,5069,104,0.274192454328179
Cyanolanius madagascarinus,5082,104,0.548346514569998
Cyanolanius madagascarinus,5083,104,1.18809712456667
Cyanolanius madagascarinus,5106,104,5.0262264291631
Cyanolanius madagascarinus,5112,104,1.27936982512558
Cyanolanius madagascarinus,5170,104,8.49783825707888
Cyanolanius madagascarinus,5213,104,0.274089461484194
Cyanolanius madagascarinus,5257,104,10.9639024804161
Cyanolanius madagascarinus,5258,104,4.567756926453
Cyanolanius madagascarinus,5419,104,0.54794446963501
Cyanolanius madagascarinus,5503,104,0.365240409358501
Cyanolanius madagascarinus,5509,104,1.46089898014283
Cyanolanius madagascarinus,5513,104,0.456539862202287
Cyanolanius madagascarinus,5662,104,0.73026370028019
Cyanolanius madagascarinus,5682,104,0.547674823724389
Cyanolanius madagascarinus,5723,104,1.64285957804191
Cyanolanius madagascarinus,5734,104,0.912692769446373
Cyanolanius madagascarinus,5741,104,0.638874861070156
Cyanolanius madagascarinus,5765,104,0.82137056838429
Cyanolanius madagascarinus,5769,104,0.456318663737774
Cyanolanius madagascarinus,5785,104,1.46014583455336
Cyanolanius madagascarinus,5792,104,0.365034251434088
Cyanolanius madagascarinus,5852,104,563.938346413011
Cyanolanius madagascarinus,5886,104,0.547426328327894
Cyanolanius madagascarinus,5894,104,0.364942030489683
Cyanolanius madagascarinus,5900,104,0.456175956650972
Cyanolanius madagascarinus,22538,104,37.6497033879563
Cyanolanius madagascarinus,22639,104,2.19383277368414
Cyanolanius madagascarinus,22711,104,9.30640563301087
Cyanolanius madagascarinus,22810,104,16.5402429724604
Cyanolanius madagascarinus,22865,104,0.456749789226413
Cyanolanius madagascarinus,22895,104,180.203304764409
Cyanolanius madagascarinus,4235,105,0.732451485653877
Cyanolanius madagascarinus,4644,105,104.61434809919
Cyanolanius madagascarinus,22856,105,64.9869920614074
Cyanolanius madagascarinus,22880,105,3.11329257240254
Cyanolanius madagascarinus,22881,105,14.1007399868137
Cyanolanius madagascarinus,22894,105,2.56288165690053
Cyanolanius madagascarinus,22925,105,0.274669912564755
Cyanolanius madagascarinus,22926,105,0.366225743037939
Cyanolanius madagascarinus,22927,105,0.549305915590942
Cyanolanius madagascarinus,22946,105,0.366233005417585
Cyanolanius madagascarinus,17607,5,128.481467511442
Cyanolanius madagascarinus,18067,5,25.9642859961359
Cyanolanius madagascarinus,18337,5,48.3392930565919
Cyanolanius madagascarinus,18595,5,3.55237904373407
Cyanolanius madagascarinus,23027,5,0.97677300263679
Cyanolanius madagascarinus,18889,6,18.1853961666804
Cyanolanius madagascarinus,18996,6,5.58622115149748
Cyanolanius madagascarinus,19118,6,1.32960804460943
Cyanolanius madagascarinus,23029,6,1.33025208764148
Cyanolanius madagascarinus,19780,7,43.8138426610677
Cyanolanius madagascarinus,20131,7,17.1091583224724
Cyanolanius madagascarinus,23030,7,29.8714330564705
Cyanolanius madagascarinus,23031,7,12.976202944595
Cyanolanius madagascarinus,12507,22,146.161730094645
Cyanolanius madagascarinus,12999,22,0.449603298739433
Cyanolanius madagascarinus,13000,22,0.359686745625973
Cyanolanius madagascarinus,13575,22,69.7815481927677
Cyanolanius madagascarinus,22973,22,0.449634089967847
Cyanolanius madagascarinus,14771,112,154.253154616094
Cyanolanius madagascarinus,14831,112,87.7832991056336
Cyanolanius madagascarinus,14864,112,0.985282145026565
Cyanolanius madagascarinus,14948,112,3.3134309653126
Cyanolanius madagascarinus,15066,112,2.32767118465054
Cyanolanius madagascarinus,15189,112,60.4348975659029
Cyanolanius madagascarinus,15266,112,0.447504637193799
Cyanolanius madagascarinus,15336,112,0.268474406305432
Cyanolanius madagascarinus,15348,112,2.50550766269672
Cyanolanius madagascarinus,15463,112,0.357865030018806
Cyanolanius madagascarinus,15464,112,0.357865030018806
Cyanolanius madagascarinus,15472,112,247.770101481909
Cyanolanius madagascarinus,15498,112,1.16299019851911
Cyanolanius madagascarinus,23020,112,59.9353472358141
Cyanolanius madagascarinus,23021,112,1.79238486696017
Cyanolanius madagascarinus,23024,112,0.447673652347684
Cyanolanius madagascarinus,9724,25,38.0240908844043
Cyanolanius madagascarinus,9799,25,3.07696966736627
Cyanolanius madagascarinus,9808,25,0.723997986286044
Cyanolanius madagascarinus,9859,25,0.361958205401897
Cyanolanius madagascarinus,22971,25,0.452763459861636
Cyanolanius madagascarinus,13262,37,1032.09468954584
Cyanolanius madagascarinus,13377,37,21.0241786897988
Cyanolanius madagascarinus,22985,37,7.49786063311923
Cyanolanius madagascarinus,22986,37,10.465825454369
Cyanolanius madagascarinus,22992,37,1.35249907425892
Cyanolanius madagascarinus,22998,37,3.33495901543343
Cyanolanius madagascarinus,23003,37,0.270356910651445
Cyanolanius madagascarinus,23006,37,0.360449504251242
Cyanolanius madagascarinus,23008,37,2.16237442039514
Cyanolanius madagascarinus,23011,37,0.27020117475152
Cyanolanius madagascarinus,23012,37,1.89003464057791
Cyanolanius madagascarinus,23013,37,4.23005688389182
Cyanolanius madagascarinus,23015,37,0.449812608878851
Cyanolanius madagascarinus,10883,68,68.0501291261465
Cyanolanius madagascarinus,11243,68,0.812480411258936
Cyanolanius madagascarinus,12202,68,170.780797274529
Cyanolanius madagascarinus,12460,68,70.171205546759
Cyanolanius madagascarinus,12764,68,2.87876883525968
Cyanolanius madagascarinus,12769,68,0.899620833965421
Cyanolanius madagascarinus,12811,68,0.269868277515173
Cyanolanius madagascarinus,13193,68,36.126370737397
Cyanolanius madagascarinus,13560,68,280.61110980638
Cyanolanius madagascarinus,14061,68,50.5128889844387
Cyanolanius madagascarinus,14394,68,35.5206766781266
Cyanolanius madagascarinus,14427,68,137.38275887876
Cyanolanius madagascarinus,16688,68,79.7835008618025
Cyanolanius madagascarinus,16996,68,180.783642575444
Cyanolanius madagascarinus,17168,68,224.834746882417
Cyanolanius madagascarinus,18079,68,11417.6723796532
Cyanolanius madagascarinus,19074,68,0.620648212959528
Cyanolanius madagascarinus,19087,68,0.265972006814122
Cyanolanius madagascarinus,19109,68,0.709200345668078
Cyanolanius madagascarinus,20627,68,28.8370827305443
Cyanolanius madagascarinus,21458,68,37.7648065144268
Cyanolanius madagascarinus,21539,68,4897.46337713661
Cyanolanius madagascarinus,22510,68,1329.88182992828
Cyanolanius madagascarinus,22914,68,54.7933720210891
Cyanolanius madagascarinus,22922,68,58.1494763075515
Cyanolanius madagascarinus,22923,68,38.3946948622806
Cyanolanius madagascarinus,22924,68,1.35457540027201
Cyanolanius madagascarinus,22938,68,355.553761067319
Cyanolanius madagascarinus,22940,68,72.7284184850583
Cyanolanius madagascarinus,22951,68,47.4469397172759
Cyanolanius madagascarinus,23034,68,19.4337860709381
Cyanolanius madagascarinus,23035,68,187.042904927285
Cyanolanius madagascarinus,23036,68,9.05780211758673
Cyanolanius madagascarinus,1090,83,197.731583171071
Cyanolanius madagascarinus,1537,83,38.9884159684163
Cyanolanius madagascarinus,2356,83,0.643524707942724
Cyanolanius madagascarinus,2411,83,0.459616383672059
Cyanolanius madagascarinus,2434,83,0.643432019172192
Cyanolanius madagascarinus,2443,83,0.275752651619673
Cyanolanius madagascarinus,2464,83,0.367655302864194
Cyanolanius madagascarinus,2485,83,1.56243208603442
Cyanolanius madagascarinus,2486,83,0.275729722221732
Cyanolanius madagascarinus,2510,83,0.275717098941624
Cyanolanius madagascarinus,2526,83,0.275709061498523
Cyanolanius madagascarinus,2530,83,0.459508593737543
Cyanolanius madagascarinus,2537,83,0.45949710468936
Cyanolanius madagascarinus,2538,83,1.1946710927344
Cyanolanius madagascarinus,2556,83,54.8720161250855
Cyanolanius madagascarinus,2560,83,3.21620605602419
Cyanolanius madagascarinus,2561,83,0.551364106284499
Cyanolanius madagascarinus,2568,83,1.10266377710527
Cyanolanius madagascarinus,2577,83,0.367564567481756
Cyanolanius madagascarinus,2587,83,0.551319225258708
Cyanolanius madagascarinus,2599,83,1.10259928914046
Cyanolanius madagascarinus,2605,83,2.02137478975803
Cyanolanius madagascarinus,2606,83,0.826945434479237
Cyanolanius madagascarinus,2614,83,0.643170052255213
Cyanolanius madagascarinus,2623,83,1.65382056523675
Cyanolanius madagascarinus,2644,83,0.826825480994821
Cyanolanius madagascarinus,2671,83,0.459349671094894
Cyanolanius madagascarinus,2695,83,0.367459639964223
Cyanolanius madagascarinus,2710,83,0.275586929093957
Cyanolanius madagascarinus,2714,83,1.46972063059181
Cyanolanius madagascarinus,2715,83,0.275577679304183
Cyanolanius madagascarinus,2803,83,0.367363554798603
Cyanolanius madagascarinus,2827,83,58.8617537300254
Cyanolanius madagascarinus,2907,83,439.973113778875
Cyanolanius madagascarinus,2948,83,0.275443051051259
Cyanolanius madagascarinus,7993,83,21995.6210270435
Cyanolanius madagascarinus,22564,83,458.083821753779
Cyanolanius madagascarinus,22952,83,0.369282266752303
Cyanolanius madagascarinus,22955,83,9.5658888511582
Cyanolanius madagascarinus,22957,83,0.827843772775352
Cyanolanius madagascarinus,22958,83,0.275940742864907
Cyanolanius madagascarinus,22959,83,0.275922588019133
Cyanolanius madagascarinus,22960,83,1.65548669658464
Cyanolanius madagascarinus,22962,83,0.459814922548056
Cyanolanius madagascarinus,22963,83,10.9920872748523
Cyanolanius madagascarinus,22964,83,0.923443426764727
Cyanolanius madagascarinus,22968,83,1.74834825798291
Cyanolanius madagascarinus,22970,83,1.74828060862398
Cyanolanius madagascarinus,16572,86,263.797389862145
Cyanolanius madagascarinus,22414,111,2.33597082442749
Cyanolanius madagascarinus,22944,111,57.1920356452289
Cyanolanius madagascarinus,22483,113,0.777178853789091
Cyanolanius madagascarinus,22862,113,0.604549703200817
Cyanolanius madagascarinus,23037,113,27.2715936270507
Cyanolanius madagascarinus,23038,113,29.4123165165292
Cyanolanius madagascarinus,23039,113,29.3885406549345
Cyanolanius madagascarinus,23040,113,20.6592519148769
Cyanolanius madagascarinus,23041,113,19.9515621485635
Daubentonia madagascariensis,1646,22,88.017518607255
Daubentonia madagascariensis,1990,33,66.9450481185497
Daubentonia madagascariensis,2002,33,0.815092015255809
Daubentonia madagascariensis,2111,39,59.7709246138371
Daubentonia madagascariensis,3185,50,26.5383701395867
Daubentonia madagascariensis,2325,139,14.2635312602674
Daubentonia madagascariensis,2364,139,10.3787010220101
Daubentonia madagascariensis,2365,139,0.54153223163712
Daubentonia madagascariensis,2377,139,47.3708417421204
Daubentonia madagascariensis,2400,139,12.9023758178893
Daubentonia madagascariensis,2432,139,4.51010092683113
Daubentonia madagascariensis,2459,139,8.3882643164519
Daubentonia madagascariensis,2468,139,4.05792210968471
Daubentonia madagascariensis,2605,139,170.78079727453
Daubentonia madagascariensis,2691,139,70.171205546759
Daubentonia madagascariensis,4777,106,101.122692680349
Daubentonia madagascariensis,5114,131,37.7648065144268
Daubentonia madagascariensis,3775,99,4.54423428205359
Daubentonia madagascariensis,3817,99,9.8836837253896
Daubentonia madagascariensis,3838,99,37.6713221155005
Daubentonia madagascariensis,3064,126,34.4461709039676
Daubentonia madagascariensis,3819,112,19.5876810634159
Daubentonia madagascariensis,3820,112,5.9659693880297
Daubentonia madagascariensis,3821,112,1.33564194933844
Daubentonia madagascariensis,1809,109,89.0849296239891
Daubentonia madagascariensis,393,132,38.9884159684163
Daubentonia madagascariensis,4501,86,12.2808891269343
Daubentonia madagascariensis,4524,86,10.3338196872387
Daubentonia madagascariensis,4548,86,9.18260382897031
Daubentonia madagascariensis,684,145,113.076972955931
Daubentonia madagascariensis,707,145,9.18974892458309
Daubentonia madagascariensis,722,145,1.10272016136467
Daubentonia madagascariensis,723,145,2.205442623164
Daubentonia madagascariensis,4189,115,15.7077941935726
Daubentonia madagascariensis,4225,115,23.4190124192805
Daubentonia madagascariensis,4280,115,0.620648212959528
Daubentonia madagascariensis,4286,115,25.8926021957798
Daubentonia madagascariensis,4293,115,0.709200345668078
Daubentonia madagascariensis,4399,115,138.81903751056
Daubentonia madagascariensis,3711,142,13.5555435172209
Daubentonia madagascariensis,3735,142,167.857419835257
Daubentonia madagascariensis,3736,142,0.535040718255401
Daubentonia madagascariensis,3744,142,13.5518308944173
Daubentonia madagascariensis,3756,142,1.06962261895978
Daubentonia madagascariensis,3757,142,3.29785010889542
Daubentonia madagascariensis,3770,142,169.643184256178
Daubentonia madagascariensis,1977,34,42.0281212408747
Daubentonia madagascariensis,2022,34,9.77879118232894
Daubentonia madagascariensis,3177,161,33.187953726303
Daubentonia madagascariensis,3189,161,84.8617489591666
Daubentonia madagascariensis,4620,87,11.0284926678838
Daubentonia madagascariensis,4658,87,44.3565125940173
Daubentonia madagascariensis,4671,87,2.11607411387658
Daubentonia madagascariensis,4692,87,1.58683213022232
Daubentonia madagascariensis,3176,158,42.3362076362427
Daubentonia madagascariensis,10,1,0.55664420881176
Daubentonia madagascariensis,12,1,0.556625695955813
Daubentonia madagascariensis,26,1,0.64914825101471
Daubentonia madagascariensis,28,1,120.469913094516
Daubentonia madagascariensis,5364,162,26.7219759851387
Daubentonia madagascariensis,4827,88,0.791573694260597
Daubentonia madagascariensis,4831,88,89.1668260727185
Daubentonia madagascariensis,4836,88,28.8370827305443
Daubentonia madagascariensis,5055,88,1115.44164467441
Daubentonia madagascariensis,5080,88,18.3647943950766
Daubentonia madagascariensis,5100,88,24.4817350841445
Daubentonia madagascariensis,1679,154,93.5680787029251
Daubentonia madagascariensis,1714,154,0.63651773704493
Daubentonia madagascariensis,3358,133,7.79134288626695
Daubentonia madagascariensis,3423,133,44.6638451275753
Daubentonia madagascariensis,1084,157,64.9869920614074
Daubentonia madagascariensis,1129,72,1594.56694146919
Daubentonia madagascariensis,5252,102,88.7226005211692
Daubentonia madagascariensis,336,110,15.3066495902932
Daubentonia madagascariensis,366,110,0.645383780997038
Daubentonia madagascariensis,398,110,2.94920214802986
Daubentonia madagascariensis,402,110,4.23940829865843
Daubentonia madagascariensis,412,110,99.807323691459
Daubentonia madagascariensis,449,113,3.22456991307449
Daubentonia madagascariensis,468,113,1.19747486800301
Daubentonia madagascariensis,469,113,59.2231361404085
Daubentonia madagascariensis,500,113,218.199024505487
Daubentonia madagascariensis,605,113,238.181914321344
Daubentonia madagascariensis,790,113,3.12249965708375
Daubentonia madagascariensis,844,113,113.652385414303
Daubentonia madagascariensis,890,113,1.46844013959706
Daubentonia madagascariensis,904,113,53.0292827422526
Daubentonia madagascariensis,937,113,0.733967621563852
Daubentonia madagascariensis,959,113,80.2315621364864
Daubentonia madagascariensis,966,113,10.819971759427
Daubentonia madagascariensis,985,113,123.45138926179
Daubentonia madagascariensis,1002,113,30.8790083227627
Daubentonia madagascariensis,1099,113,4.66586542736775
Daubentonia madagascariensis,1105,113,9.14785747598332
Daubentonia madagascariensis,1113,113,4606.30712980045
Daubentonia madagascariensis,1120,113,0.731667634530187
Daubentonia madagascariensis,1162,113,19.4696494546306
Daubentonia madagascariensis,1163,113,0.548483832757473
Daubentonia madagascariensis,1193,113,70.1142667369343
Daubentonia madagascariensis,1564,113,218.176379276453
Daubentonia madagascariensis,1592,113,13.8476284396513
Daubentonia madagascariensis,1619,113,0.546583886730909
Daubentonia madagascariensis,1628,113,3.73408961568439
Daubentonia madagascariensis,1639,113,1.36592140452969
Daubentonia madagascariensis,1642,113,3.64204923034823
Daubentonia madagascariensis,1676,113,3248.40688569385
Daubentonia madagascariensis,5383,164,42.5951383655756
Daubentonia madagascariensis,2895,144,36.126370737397
Daubentonia madagascariensis,2932,144,31.6198968740553
Daubentonia madagascariensis,113,11,46.3690102475356
Daubentonia madagascariensis,5384,11,10.9920872748523
Daubentonia madagascariensis,5385,11,0.923443426764727
Daubentonia madagascariensis,5386,11,0.646360259143829
Daubentonia madagascariensis,126,13,55.9744515825567
Daubentonia madagascariensis,130,13,4.15680086977166
Daubentonia madagascariensis,152,13,9.78885034124469
Daubentonia madagascariensis,163,13,7.29454427567315
Daubentonia madagascariensis,189,13,131.725573366814
Daubentonia madagascariensis,220,13,73.7468491668593
Daubentonia madagascariensis,314,13,285.411347596735
Daubentonia madagascariensis,337,13,5.80984119605243
Daubentonia madagascariensis,379,13,84.364671192583
Daubentonia madagascariensis,413,13,37.05020652045
Daubentonia madagascariensis,5389,13,19.0066352914984
Daubentonia madagascariensis,2921,37,1021.02442786969
Daubentonia madagascariensis,5363,37,16.4418481049446
Daubentonia madagascariensis,5406,37,7.49786063311923
Daubentonia madagascariensis,5407,37,10.465825454369
Daubentonia madagascariensis,5419,37,3.33495901543343
Daubentonia madagascariensis,5429,37,2.16237442039514
Daubentonia madagascariensis,2146,40,3.7066306409353
Daubentonia madagascariensis,2147,40,1.62738922571898
Daubentonia madagascariensis,2219,40,47.4469397172759
Daubentonia madagascariensis,2234,40,68.0501291261465
Daubentonia madagascariensis,567,92,51.0596869908386
Daubentonia madagascariensis,609,92,13.3348473462281
Daubentonia madagascariensis,632,92,7.63192306706161
Daubentonia madagascariensis,658,92,0.643524707942724
Daubentonia madagascariensis,680,92,0.643432019172192
Daubentonia madagascariensis,695,92,7.62849285122781
Daubentonia madagascariensis,697,92,1.56243208603442
Daubentonia madagascariensis,711,92,1.1946710927344
Daubentonia madagascariensis,717,92,54.8720161250916
Daubentonia madagascariensis,718,92,14.9760293356881
Daubentonia madagascariensis,720,92,3.21620605602419
Daubentonia madagascariensis,721,92,0.551364106284499
Daubentonia madagascariensis,727,92,1.10266377710527
Daubentonia madagascariensis,728,92,1.28645181352198
Daubentonia madagascariensis,729,92,51.0980819188021
Daubentonia madagascariensis,734,92,0.551319225258708
Daubentonia madagascariensis,737,92,9.73881683760441
Daubentonia madagascariensis,738,92,1.10259928914046
Daubentonia madagascariensis,740,92,2.02137478975803
Daubentonia madagascariensis,741,92,0.826945434479237
Daubentonia madagascariensis,742,92,0.643170052255213
Daubentonia madagascariensis,746,92,1.65382056523675
Daubentonia madagascariensis,761,92,0.826825480994821
Daubentonia madagascariensis,774,92,1.46972063059181
Daubentonia madagascariensis,800,92,58.8617537300254
Daubentonia madagascariensis,822,92,195.666267277742
Daubentonia madagascariensis,5392,92,1.74834825798291
Daubentonia madagascariensis,5394,92,1.74828060862398
Daubentonia madagascariensis,2420,148,0.631506427558065
Daubentonia madagascariensis,2466,148,1.71338273918021
Daubentonia madagascariensis,2540,148,87.771746138223
Daubentonia madagascariensis,2701,148,9.36089460850144
Daubentonia madagascariensis,2830,148,1226.81872465081
Daubentonia madagascariensis,2874,148,54.7933720210891
Daubentonia madagascariensis,5300,159,2.33597082442749
Daubentonia madagascariensis,5379,159,57.1920356452289
Echinops telfairi,198,505,12.2730334952754
Echinops telfairi,201,32,12.8201604657585
Echinops telfairi,202,33,11.0677904937422
Echinops telfairi,203,34,1.9368757517392
Echinops telfairi,204,33,7.19359772695065
Echinops telfairi,205,34,18.6307095262546
Echinops telfairi,206,32,0.368899581958056
Echinops telfairi,207,32,5.80984119605243
Echinops telfairi,213,35,84.364671192583
Echinops telfairi,279,45,29.1594029263307
Echinops telfairi,282,46,1.3788789025259
Echinops telfairi,283,46,1.37864287177026
Echinops telfairi,284,47,1.56243208603442
Echinops telfairi,285,47,0.275729722221732
Echinops telfairi,286,47,0.275717098941624
Echinops telfairi,287,47,0.275709061498523
Echinops telfairi,288,47,0.459508593737543
Echinops telfairi,289,47,0.45949710468936
Echinops telfairi,290,47,1.1946710927344
Echinops telfairi,291,46,46.9623281520745
Echinops telfairi,292,47,3.21620605602419
Echinops telfairi,293,47,0.367564567481756
Echinops telfairi,296,47,1.10259928914046
Echinops telfairi,298,47,1.65382056523675
Echinops telfairi,303,47,229.593589787877
Echinops telfairi,320,51,14.3242524163342
Echinops telfairi,1484,140,8.57128369915343
Echinops telfairi,1491,140,0.820644420907855
Echinops telfairi,1513,140,8.0231013040502
Echinops telfairi,6360,436,12.7407955704254
Echinops telfairi,3224,502,0.631506427558065
Echinops telfairi,3229,502,32.2095163723607
Echinops telfairi,3230,502,0.270624647814393
Echinops telfairi,3232,502,0.270621797246575
Echinops telfairi,232,38,1.19747486800301
Echinops telfairi,235,38,30.854789821823
Echinops telfairi,238,38,1.93420808195144
Echinops telfairi,240,38,1.84197769368905
Echinops telfairi,245,38,30.8491025313993
Echinops telfairi,4860,501,39.5355945619445
Echinops telfairi,981,107,37.5583439493101
Echinops telfairi,6463,612,11.331098059531
Echinops telfairi,944,98,5.85033975470352
Echinops telfairi,946,98,24.6792146248902
Echinops telfairi,963,98,2.65062070312488
Echinops telfairi,974,98,0.274192454328179
Echinops telfairi,4004,294,5.44071159735251
Echinops telfairi,4027,294,5.17274390201235
Echinops telfairi,4143,307,23.2564340616227
Echinops telfairi,4152,307,20.5002108981814
Echinops telfairi,4274,307,70.5519519286623
Echinops telfairi,5677,395,68.4073900828574
Echinops telfairi,5171,481,13.1672804516135
Echinops telfairi,6346,657,0.260165493234158
Echinops telfairi,6373,657,12.0483039035151
Echinops telfairi,7226,657,466.866095203728
Echinops telfairi,7106,626,17.8876522784661
Echinops telfairi,6907,658,47.5161649497197
Echinops telfairi,1327,639,7.75612759054232
Echinops telfairi,1432,639,246.727152762174
Echinops telfairi,3022,242,23.0642557117353
Echinops telfairi,6917,460,24.0897988637466
Echinops telfairi,4636,506,23.0622813791416
Echinops telfairi,6704,603,24.5074496821591
Echinops telfairi,6711,613,152.434539488664
Echinops telfairi,7093,613,27.7275849730357
Echinops telfairi,6882,632,33.3282081727574
Echinops telfairi,7271,672,31.0182859874093
Echinops telfairi,4016,659,5.35111748366654
Echinops telfairi,4029,659,1.5160247721132
Echinops telfairi,4044,659,7.13355141072726
Echinops telfairi,7314,677,43.5541700668897
Echinops telfairi,3643,666,42.3362076362427
Echinops telfairi,4163,536,16.7503128028274
Echinops telfairi,1017,103,0.456848093526959
Echinops telfairi,1038,103,0.456835664464593
Echinops telfairi,1039,103,0.274101896026969
Echinops telfairi,1047,103,0.274093192542315
Echinops telfairi,1056,103,0.274081997471213
Echinops telfairi,1071,103,0.822180016362309
Echinops telfairi,1080,103,6.02962584375572
Echinops telfairi,1159,103,64.7813755391271
Echinops telfairi,7481,103,4.01953690115464
Echinops telfairi,7482,103,0.822156348397851
Echinops telfairi,559,571,0.274908219362199
Echinops telfairi,613,571,19.8824612120205
Echinops telfairi,7420,571,0.824719871121347
Echinops telfairi,5202,648,17.7513417311861
Echinops telfairi,5261,648,5.38531445855916
Echinops telfairi,850,660,16.3740665150672
Echinops telfairi,7392,681,112.468627701651
Echinops telfairi,38,7,0.463597745714188
Echinops telfairi,46,7,43.2038186617044
Echinops telfairi,50,8,21.1261124531245
Echinops telfairi,88,15,9.25542923517722
Echinops telfairi,89,15,1.48074673073471
Echinops telfairi,90,15,1.48068535666716
Echinops telfairi,91,15,0.277623898765862
Echinops telfairi,96,15,1.38815019469857
Echinops telfairi,295,48,1.92954817861235
Echinops telfairi,300,48,0.275591552190423
Echinops telfairi,305,48,0.367434207116008
Echinops telfairi,307,48,33.8991079803611
Echinops telfairi,7396,48,0.367500048400104
Echinops telfairi,961,105,1.0054375043211
Echinops telfairi,973,105,2.37624750380063
Echinops telfairi,979,105,0.548346514569998
Echinops telfairi,993,105,8.3165148231597
Echinops telfairi,995,105,1.27936982512558
Echinops telfairi,1002,105,8.86332816260099
Echinops telfairi,1051,105,0.274089461484194
Echinops telfairi,1058,105,16.5402429724604
Echinops telfairi,1067,105,10.9639024804163
Echinops telfairi,1068,105,4.567756926453
Echinops telfairi,7522,105,0.456749789226413
Echinops telfairi,5483,379,21.6566257618716
Echinops telfairi,5546,385,0.791573694260597
Echinops telfairi,5547,385,36.1357630827211
Echinops telfairi,7232,693,49.0354017977334
Echinops telfairi,7120,516,27.8715571080171
Echinops telfairi,7552,694,15.5094259035889
Echinops telfairi,7520,695,64.9869920614074
Echinops telfairi,7538,696,14.1007399868137
Echinops telfairi,1309,127,26.0969339648095
Echinops telfairi,1350,127,2.0072273404777
Echinops telfairi,1358,127,0.273705573990226
Echinops telfairi,4875,351,21.8757381103619
Echinops telfairi,6018,392,54.5408324229195
Echinops telfairi,7563,697,36.3826787541578
Echinops telfairi,5741,408,16.1215402504437
Echinops telfairi,4108,587,0.623963575915575
Echinops telfairi,4238,587,79.4193027866539
Echinops telfairi,4252,587,17.5453420515418
Echinops telfairi,4328,587,17.0939985660734
Echinops telfairi,833,600,104.61434809919
Echinops telfairi,7551,600,2.56288165690053
Echinops telfairi,6604,624,157.845280077024
Echinops telfairi,7174,624,63.798109872398
Echinops telfairi,7568,624,9.98819568180025
Echinops telfairi,7177,655,15.5764797698595
Echinops telfairi,7229,655,54.0963039379551
Echinops telfairi,7572,655,0.259797577435732
Echinops telfairi,3825,699,89.7882265229853
Echinops telfairi,7320,679,88.8579889962915
Echinops telfairi,7574,700,54.2897934620137
Echinops telfairi,7575,700,31.4692072683324
Echinops telfairi,7328,683,155.727060960763
Echinops telfairi,7389,685,13.0307413413469
Echinops telfairi,7493,688,14.876475508235
Echinops telfairi,146,25,134.398518022373
Echinops telfairi,186,28,109.3875663496
Echinops telfairi,7577,28,0.369282266752303
Echinops telfairi,180,31,78.0860502021946
Echinops telfairi,200,31,0.461282516491771
Echinops telfairi,7576,31,19.0066352914984
Echinops telfairi,2863,222,38.2051651932399
Echinops telfairi,2879,222,3.07696966736627
Echinops telfairi,2882,222,0.723997986286044
Echinops telfairi,2890,222,0.361958205401897
Echinops telfairi,7579,222,0.452763459861636
Echinops telfairi,3510,263,0.449603298739433
Echinops telfairi,3511,263,0.359686745625973
Echinops telfairi,3530,263,167.74218789238
Echinops telfairi,7582,263,0.449634089967847
Echinops telfairi,3679,269,110.634216100066
Echinops telfairi,4282,309,16.3782069258974
Echinops telfairi,4458,309,94.0284960762084
Echinops telfairi,3427,572,0.629971279778838
Echinops telfairi,7241,572,49.5879617922605
Echinops telfairi,3577,701,678.449372134499
Echinops telfairi,7595,701,7.49786063311923
Echinops telfairi,7596,701,10.465825454369
Echinops telfairi,7616,701,0.360449504251242
Echinops telfairi,7618,701,2.16237442039514
Echinops telfairi,1347,589,204.158114448993
Echinops telfairi,3256,598,0.27056901019907
Echinops telfairi,3261,598,2.07416478280008
Echinops telfairi,3388,598,1304.36191888597
Echinops telfairi,3416,598,45.7300316830158
Echinops telfairi,5675,656,590.589880067642
Echinops telfairi,7316,656,2.11576712074435
Echinops telfairi,3689,661,90.2006443720138
Echinops telfairi,3697,661,3.3134309653126
Echinops telfairi,7246,661,170.754673511907
Echinops telfairi,7628,661,1.79238486696017
Echinops telfairi,7650,661,59.9353472358141
Echinops telfairi,3718,662,2.32767118465054
Echinops telfairi,3803,662,1.87770515916026
Echinops telfairi,3915,662,0.714404974959851
Echinops telfairi,3955,662,674.271924355668
Echinops telfairi,7193,662,4.73613397636772
Echinops telfairi,3794,702,2.86157776304519
Echinops telfairi,3802,702,0.536503212695122
Echinops telfairi,7632,702,22.6292422166447
Echinops telfairi,7631,703,27.383507147518
Echinops telfairi,7242,667,183.348481575316
Echinops telfairi,7244,667,21.0241786897857
Echinops telfairi,4549,673,509.004872819902
Echinops telfairi,7302,673,25.9190793253232
Echinops telfairi,5044,674,260.732262440753
Echinops telfairi,7638,674,2.65747338466716
Echinops telfairi,7387,684,17.1091583224724
Echinops telfairi,7305,691,79.2501346083427
Echinops telfairi,7651,691,19.8014696613791
Eliurus antsingy,14,5,3.59435797385836
Eliurus antsingy,15,5,4.58233058484316
Eliurus antsingy,5,3,4.1592571460377
Eliurus majori,186,5,36.2230037559763
Eliurus majori,314,420,3.68393426545006
Eliurus majori,595,17,166.642050230423
Eliurus majori,764,20,1.1946710927344
Eliurus majori,781,20,3.21620605602419
Eliurus majori,783,17,0.183790335580766
Eliurus majori,963,24,58.8617537300254
Eliurus majori,1412,387,7.49001217057193
Eliurus majori,2714,80,6.42071714823079
Eliurus majori,7407,269,29.195756822505
Eliurus majori,8216,302,24.647876679001
Eliurus majori,8358,451,0.0875841071029902
Eliurus majori,8541,451,144.019011371664
Eliurus majori,8567,451,2.79871950479984
Eliurus majori,8612,451,0.174897060775995
Eliurus majori,9185,458,6.60311605216253
Eliurus majori,9201,458,16.0684737306561
Eliurus majori,4634,513,46.6565770203034
Eliurus majori,4758,527,111.197660565592
Eliurus majori,4830,513,0.179353755076528
Eliurus majori,4838,513,35.5206766781266
Eliurus majori,4850,527,12.2839577725865
Eliurus majori,1317,466,9.14785747598332
Eliurus majori,1326,466,4.66454009279621
Eliurus majori,1347,466,0.457216544454694
Eliurus majori,1359,466,7.40589368397254
Eliurus majori,8767,515,177.516227129523
Eliurus majori,6440,533,0.446249596045613
Eliurus majori,6744,533,221.534581220189
Eliurus majori,652,541,0.643524707942724
Eliurus majori,701,541,0.183841973942041
Eliurus majori,708,541,0.643432019172192
Eliurus majori,719,541,0.367655302864194
Eliurus majori,730,541,1.56243208603442
Eliurus majori,731,541,0.275729722221732
Eliurus majori,747,541,0.275717098941624
Eliurus majori,753,541,0.275709061498523
Eliurus majori,757,541,0.459508593737543
Eliurus majori,763,541,0.45949710468936
Eliurus majori,787,541,1.10266377710527
Eliurus majori,792,541,0.183781132994473
Eliurus majori,793,541,0.367564567481756
Eliurus majori,803,541,0.183777680330753
Eliurus majori,807,541,0.183773075227499
Eliurus majori,810,541,1.10259928914046
Eliurus majori,813,541,2.02137478975803
Eliurus majori,814,541,0.826945434479237
Eliurus majori,825,541,0.183763859938979
Eliurus majori,831,541,0.183761555059075
Eliurus majori,832,541,1.65382056523675
Eliurus majori,868,541,0.367459639964223
Eliurus majori,878,541,0.183724619395971
Eliurus majori,879,541,0.275586929093957
Eliurus majori,889,541,1.46972063059181
Eliurus majori,890,541,0.275577679304183
Eliurus majori,1027,541,408.987898225749
Eliurus majori,3,1,56.8711675529887
Eliurus majori,9369,1,28.8450665179954
Eliurus majori,1411,508,0.0913531968233585
Eliurus majori,1473,508,270.73504174314
Eliurus majori,9386,552,38.3946948622806
Eliurus majori,9387,552,1.35457540027201
Eliurus majori,4159,487,36.126370737397
Eliurus majori,101,544,433.519377539833
Eliurus majori,9382,550,54.7933720210891
Eliurus majori,139,3,0.6456592656492
Eliurus majori,214,3,1.01371371526325
Eliurus majori,273,3,0.276354423903167
Eliurus majori,279,3,6.63162645038044
Eliurus majori,298,3,0.644736027104974
Eliurus majori,308,3,1.74986507844758
Eliurus majori,309,3,112.203011880524
Eliurus majori,689,3,0.459616383672059
Eliurus majori,712,3,0.275752651619673
Eliurus majori,774,3,0.183794934333146
Eliurus majori,778,3,54.8720161250855
Eliurus majori,782,3,0.551364106284499
Eliurus majori,806,3,0.551319225258708
Eliurus majori,820,3,0.643170052255213
Eliurus majori,1296,3,6530.90135251874
Eliurus majori,9339,3,99.489264897044
Eliurus majori,9367,3,27.8524868086934
Eliurus majori,9405,3,6.00386255988252
Eliurus majori,9407,3,0.0920568780282736
Eliurus majori,521,15,7.35855356864834
Eliurus majori,9403,15,0.827843772775352
Eliurus majori,9288,338,29.0782282981118
Eliurus majori,9389,338,21.6261414673434
Eliurus majori,9332,553,0.604549703200459
Eliurus majori,9334,553,0.777178853789091
Eliurus majori,9417,553,19.9515621485635
Eliurus majori,9335,554,29.4123165165292
Eliurus majori,9414,555,27.2715936270507
Eliurus majori,9415,556,29.3885406549345
Eliurus majori,9416,557,20.6592519148769
Eliurus majori,59,341,191.732699801732
Eliurus majori,71,341,1.75354863390112
Eliurus majori,93,341,0.1845757537058
Eliurus majori,9399,341,0.369282266752303
Eliurus majori,9400,341,0.184641133481979
Eliurus majori,9082,486,1329.88182992828
Eliurus majori,9175,486,23.1220312933333
Eliurus majori,9398,486,326.846593836982
Eliurus majori,9418,486,0.0871928123806715
Eliurus majori,9419,558,0.0871747123888731
Eliurus majori,9420,558,15.1644922140565
Eliurus majori,9421,559,9.05780211758673
Eliurus majori,2300,542,0.181274117312074
Eliurus majori,2538,542,0.0905392184933424
Eliurus majori,2701,542,0.723568351452589
Eliurus majori,2772,542,0.180826295648575
Eliurus majori,3165,542,0.812480411258936
Eliurus majori,3235,542,45.1152499548682
Eliurus majori,3878,542,0.179958904524803
Eliurus majori,3904,542,2.87876883525968
Eliurus majori,3909,542,0.899620833965421
Eliurus majori,3935,542,0.269868277515173
Eliurus majori,4340,542,280.61110980638
Eliurus majori,5633,542,0.0894072119276524
Eliurus majori,6477,542,79.7835008618025
Eliurus majori,7055,542,0.177973798285246
Eliurus majori,7215,542,10346.646724295
Eliurus majori,7229,542,0.0889318128432035
Eliurus majori,7260,542,0.0889157999010086
Eliurus majori,7981,542,0.793622905395865
Eliurus majori,8078,542,1.6731160765605
Eliurus majori,8113,542,0.351836727607369
Eliurus majori,8144,542,28.8370827305443
Eliurus majori,8194,542,3574.71723742432
Eliurus majori,8333,542,0.700833316723585
Eliurus majori,9413,542,0.0902726128827334
Eliurus majori,1764,549,0.0911550613903999
Eliurus majori,1782,549,0.18229733220768
Eliurus majori,1799,549,0.364478004548073
Eliurus majori,1933,549,0.181833823450685
Eliurus majori,2004,549,2262.40507068903
Eliurus minor,81,16,0.18546587502265
Eliurus minor,86,16,6.4908973798604
Eliurus minor,649,150,38.9884159684163
Eliurus minor,1270,231,3.21620605602419
Eliurus minor,1282,234,3.21607484909624
Eliurus minor,1429,258,58.8617537300254
Eliurus minor,2284,399,9.23022386336541
Eliurus minor,2305,399,0.548279554689765
Eliurus minor,2339,408,13.1553445202122
Eliurus minor,3801,619,7.49786063311994
Eliurus minor,4643,678,70.171205546759
Eliurus minor,4715,734,59.1099632936093
Eliurus minor,4837,758,6.4751806773603
Eliurus minor,4838,759,64.2923051935462
Eliurus minor,4856,759,0.0899370735929012
Eliurus minor,4877,758,0.449634089968205
Eliurus minor,4889,758,0.0899238860028982
Eliurus minor,4893,759,0.449603298739433
Eliurus minor,4894,759,0.359686745625973
Eliurus minor,5349,833,50.5128889844387
Eliurus minor,5549,833,35.5206766781266
Eliurus minor,6036,981,92.2563625948797
Eliurus minor,8177,1388,4.51364348582339
Eliurus minor,9186,1554,37.7648065144268
Eliurus minor,5569,1773,137.38275887876
Eliurus minor,7228,1747,224.834746882417
Eliurus minor,3470,561,3.07696966736627
Eliurus minor,198,49,0.370271373195231
Eliurus minor,200,49,0.0925668250995874
Eliurus minor,202,49,43.0377824654073
Eliurus minor,203,49,0.18513059458977
Eliurus minor,213,49,1.48074673073471
Eliurus minor,214,49,1.66577102635694
Eliurus minor,215,49,0.277623898765862
Eliurus minor,88,17,8.4370977335708
Eliurus minor,90,17,0.185438309593201
Eliurus minor,6086,994,2.50550766269672
Eliurus minor,2317,402,0.182749920761347
Eliurus minor,2346,402,0.182726307796717
Eliurus minor,2348,402,0.274081997471213
Eliurus minor,2372,402,0.0913569323071241
Eliurus minor,2377,402,0.091355687356472
Eliurus minor,2380,402,0.822180016362309
Eliurus minor,2385,402,64.7813755391271
Eliurus minor,2391,402,0.822156348397851
Eliurus minor,2392,402,5.57282749176836
Eliurus minor,2489,402,4.01953690115464
Eliurus minor,2163,1765,16.3740665150672
Eliurus minor,100,19,0.0927073077802658
Eliurus minor,114,19,43.2038186617044
Eliurus minor,120,26,43.2675847418705
Eliurus minor,122,26,0.0926675960290432
Eliurus minor,129,26,0.0926606114119887
Eliurus minor,136,26,0.0926476122773886
Eliurus minor,141,26,0.0926436052986383
Eliurus minor,1322,241,0.0918703960417509
Eliurus minor,1342,241,0.275591552190423
Eliurus minor,1348,241,0.0918623096979857
Eliurus minor,1349,241,0.0918623096979857
Eliurus minor,1357,241,0.367434207116008
Eliurus minor,1358,241,0.183716525221109
Eliurus minor,1364,241,20.944126186146
Eliurus minor,8785,1775,28.8370827305443
Eliurus minor,65,6,0.278243954662919
Eliurus minor,83,6,130.021860527528
Eliurus minor,9795,6,56.8711675529887
Eliurus minor,9832,1795,64.9869920614074
Eliurus minor,9848,1796,14.1007399868137
Eliurus minor,9891,1799,38.3946948622806
Eliurus minor,5928,1803,7.79134288626695
Eliurus minor,6092,961,44.6638451275753
Eliurus minor,6978,1794,79.7835008618025
Eliurus minor,2159,332,104.61434809919
Eliurus minor,9847,1804,3.11329257240254
Eliurus minor,9861,1805,2.56288165690053
Eliurus minor,2036,335,233.118431852782
Eliurus minor,2075,335,480.051763288443
Eliurus minor,9892,335,84.0150366777369
Eliurus minor,2465,415,0.54794446963501
Eliurus minor,2587,415,2.28180747323132
Eliurus minor,2619,415,303.107259033467
Eliurus minor,9862,415,173.722750508177
Eliurus minor,9890,1806,58.1494763075515
Eliurus minor,4965,779,36.126370737397
Eliurus minor,9903,1809,72.7284184850583
Eliurus minor,8036,1721,0.62064821295929
Eliurus minor,8041,1721,0.265972006814122
Eliurus minor,8098,1721,0.354345133471251
Eliurus minor,9220,1721,4769.3584763488
Eliurus minor,5105,1746,280.61110980638
Eliurus minor,4511,1771,170.780797274529
Eliurus minor,9738,1784,409.977186053621
Eliurus minor,9882,1802,54.7933720210891
Eliurus minor,443,103,197.731583171071
Eliurus minor,1208,197,0.183841973942041
Eliurus minor,1213,197,0.643432019172192
Eliurus minor,1245,197,0.275717098941624
Eliurus minor,1253,197,0.275709061498523
Eliurus minor,1257,197,0.459508593737543
Eliurus minor,1260,197,0.45949710468936
Eliurus minor,1274,197,1.10266377710527
Eliurus minor,1300,197,0.826945434479237
Eliurus minor,1340,197,0.367459639964223
Eliurus minor,1356,197,1.46972063059181
Eliurus minor,1473,197,439.973113778875
Eliurus minor,9918,1810,9.5658888511582
Eliurus minor,9924,1810,0.0919723036499619
Eliurus minor,3787,516,68.0501291261465
Eliurus minor,9914,516,47.4469397172759
Eliurus minor,3373,541,0.0905584602525234
Eliurus minor,3392,541,0.0905447203236818
Eliurus minor,3442,541,38.0240908844043
Eliurus minor,3463,541,0.0905061372197867
Eliurus minor,3616,591,4.1592571460377
Eliurus minor,4162,622,10.4658254543704
Eliurus minor,4436,622,0.36044950425148
Eliurus minor,4526,622,522.453133418953
Eliurus minor,4559,622,0.270186713642001
Eliurus minor,4585,622,0.0900492115134001
Eliurus minor,4586,622,0.1800984230268
Eliurus minor,9930,622,0.0901644102261066
Eliurus minor,9931,622,0.0901615465179682
Eliurus minor,9935,622,0.0901299906795025
Eliurus minor,5829,937,30.2762853524284
Eliurus minor,9688,1524,2.33597082442749
Eliurus minor,9907,1524,57.1920356452289
Eliurus minor,9719,1811,0.604549703200459
Eliurus minor,9946,1811,19.9515621485635
Eliurus minor,9942,1812,27.2715936270507
Eliurus minor,9943,1813,29.4123165165292
Eliurus minor,9944,1814,29.3885406549345
Eliurus minor,9945,1815,20.6592519148769
Eliurus minor,1197,1670,0.459616383672059
Eliurus minor,1214,1670,0.275752651619673
Eliurus minor,1242,1670,0.0919072300943136
Eliurus minor,1266,1670,0.183794934333146
Eliurus minor,1269,1670,54.8720161250855
Eliurus minor,1271,1670,0.551364106284499
Eliurus minor,1292,1670,0.551319225258708
Eliurus minor,1302,1670,0.643170052255213
Eliurus minor,1347,1670,0.275586928882718
Eliurus minor,1842,1670,84.8282742727595
Eliurus minor,2812,1670,248.075028803625
Eliurus minor,3138,1670,19993.0319103964
Eliurus minor,9928,1670,0.0920568780282736
Eliurus minor,9926,1816,10.9920872748523
Eliurus minor,3974,1798,0.812480411258936
Eliurus minor,4776,1798,2.87876883525968
Eliurus minor,4780,1798,0.899620833965421
Eliurus minor,4796,1798,0.269868277515173
Eliurus minor,6837,1798,2.41024649195707
Eliurus minor,6894,1798,0.178521961077452
Eliurus minor,7154,1798,164.716838880767
Eliurus minor,7389,1798,0.267144246867418
Eliurus minor,7684,1798,11407.8782442234
Eliurus minor,9936,1798,0.0902726128827334
Eliurus minor,9737,1807,1329.88182992828
Eliurus minor,9901,1807,355.553761067319
Eliurus minor,9937,1807,0.0871928123806715
Eliurus minor,9938,1817,0.0871747123888731
Eliurus minor,9939,1817,19.4337860709381
Eliurus minor,9940,1818,187.042904927285
Eliurus minor,9941,1819,9.05780211758673
Eliurus myoxinus,1513,97,38.9884159684163
Eliurus myoxinus,2382,127,1.1946710927344
Eliurus myoxinus,2402,127,3.21620605602419
Eliurus myoxinus,2652,138,58.8617537300254
Eliurus myoxinus,2956,155,0.275273431350648
Eliurus myoxinus,2978,155,58.1799164910831
Eliurus myoxinus,4202,223,0.548483832757473
Eliurus myoxinus,4203,223,0.274244386677384
Eliurus myoxinus,4232,223,5.30132175810611
Eliurus myoxinus,5604,274,3.82909888804102
Eliurus myoxinus,11883,1406,70.171205546759
Eliurus myoxinus,12460,624,5.39304888002252
Eliurus myoxinus,12563,627,87.6814921072366
Eliurus myoxinus,12621,633,11.5902824411016
Eliurus myoxinus,12646,633,0.0898532675853968
Eliurus myoxinus,12778,639,33.404609637262
Eliurus myoxinus,12957,659,31.8678776986803
Eliurus myoxinus,12997,639,8.61674749869728
Eliurus myoxinus,13167,669,0.0897524047489166
Eliurus myoxinus,13209,669,36.153251890209
Eliurus myoxinus,13310,669,12.5601002948028
Eliurus myoxinus,13429,678,26.9070583393222
Eliurus myoxinus,13637,669,0.08965810095191
Eliurus myoxinus,13879,697,3.4040187478323
Eliurus myoxinus,14241,719,0.268263126891017
Eliurus myoxinus,14242,719,0.715356050514937
Eliurus myoxinus,14243,719,7.15316099739838
Eliurus myoxinus,14274,719,0.0894041362342835
Eliurus myoxinus,14285,1718,5.8999358685404
Eliurus myoxinus,14303,723,28.3302766178341
Eliurus myoxinus,14742,755,3.12364271729481
Eliurus myoxinus,14743,755,2.58804245240235
Eliurus myoxinus,14970,783,22.9116916141157
Eliurus myoxinus,15035,1552,19.9698862036375
Eliurus myoxinus,15064,794,0.178273059561968
Eliurus myoxinus,15065,783,55.0734939106373
Eliurus myoxinus,15196,783,2.67311575396276
Eliurus myoxinus,15212,1552,47.2400726813816
Eliurus myoxinus,15219,794,0.089103437899828
Eliurus myoxinus,15284,794,71.6041688749234
Eliurus myoxinus,15434,806,2.22619413036621
Eliurus myoxinus,15436,794,0.267144246867418
Eliurus myoxinus,15465,806,0.089043325827837
Eliurus myoxinus,15488,794,164.806467990948
Eliurus myoxinus,15505,806,15.9348882808119
Eliurus myoxinus,15569,803,34.7294718690255
Eliurus myoxinus,15600,806,37.0244919187729
Eliurus myoxinus,15727,806,0.0889733499702215
Eliurus myoxinus,15764,806,41.9908363216972
Eliurus myoxinus,15849,823,2.40106290664852
Eliurus myoxinus,15850,823,0.0889318128432035
Eliurus myoxinus,15856,823,0.177858824382067
Eliurus myoxinus,15857,823,34.5884724114306
Eliurus myoxinus,15907,823,12.002940350133
Eliurus myoxinus,16309,850,27.0934552564401
Eliurus myoxinus,16636,868,106.30006451817
Eliurus myoxinus,16970,887,0.265972006814122
Eliurus myoxinus,17026,887,36.0721542543251
Eliurus myoxinus,17087,887,0.0886059980756044
Eliurus myoxinus,17141,1495,0.0885879274377823
Eliurus myoxinus,17153,1495,21.8757381103631
Eliurus myoxinus,17218,906,22.7587232571038
Eliurus myoxinus,17383,918,4.51364348582339
Eliurus myoxinus,17623,940,0.265322414952993
Eliurus myoxinus,17658,940,0.707453277304411
Eliurus myoxinus,17709,940,0.0884275008760691
Eliurus myoxinus,17727,940,15.6484004581148
Eliurus myoxinus,17919,940,0.176788365915775
Eliurus myoxinus,18191,967,3.88683184158647
Eliurus myoxinus,21158,1613,18.3647943950766
Eliurus myoxinus,21324,1663,24.4817350841445
Eliurus myoxinus,21395,1130,1.74796504819036
Eliurus myoxinus,21439,1122,37.7648065144268
Eliurus myoxinus,21522,1140,12.1433748330985
Eliurus myoxinus,21684,1130,38.6065662952915
Eliurus myoxinus,21792,1158,7.15726590577268
Eliurus myoxinus,21848,1158,0.0872812089064121
Eliurus myoxinus,21865,1153,18.5940052205925
Eliurus myoxinus,21980,1164,3.31473441476822
Eliurus myoxinus,22565,1193,8.43718636894178
Eliurus myoxinus,12012,1616,9.45044658244253
Eliurus myoxinus,12028,1616,0.629987293240905
Eliurus myoxinus,4168,1672,1.91988596975875
Eliurus myoxinus,4169,1672,4.2053427026192
Eliurus myoxinus,318,29,0.370271373195231
Eliurus myoxinus,320,29,0.462834125284791
Eliurus myoxinus,323,29,0.0925668250995874
Eliurus myoxinus,325,29,43.0377824654073
Eliurus myoxinus,326,29,0.18513059458977
Eliurus myoxinus,340,29,1.48074673073471
Eliurus myoxinus,341,29,1.66577102635694
Eliurus myoxinus,343,29,0.277623898765862
Eliurus myoxinus,345,29,0.277610584835947
Eliurus myoxinus,347,29,0.0925361785190701
Eliurus myoxinus,22342,1171,63.9080922050942
Eliurus myoxinus,22353,1171,119.56586124666
Eliurus myoxinus,21420,1726,20.0105243340718
Eliurus myoxinus,21501,1726,0.961153299595356
Eliurus myoxinus,21633,1776,17.1194640179899
Eliurus myoxinus,21842,1776,81.3665068200553
Eliurus myoxinus,21864,1776,0.785489496140599
Eliurus myoxinus,21961,1776,5.14701331874955
Eliurus myoxinus,17117,898,3.10087652825033
Eliurus myoxinus,4450,1781,0.182741225706577
Eliurus myoxinus,24142,1781,30.6135540736676
Eliurus myoxinus,20279,1067,68.4073900828574
Eliurus myoxinus,24305,1825,44.4928427752445
Eliurus myoxinus,13586,1827,42.3362076362427
Eliurus myoxinus,15128,1506,16.7503128028274
Eliurus myoxinus,4064,1846,19.2038282113973
Eliurus myoxinus,24391,1837,3.75955498127008
Eliurus myoxinus,4411,227,0.456848093526959
Eliurus myoxinus,4418,227,0.182749920761347
Eliurus myoxinus,4469,227,0.274103139080644
Eliurus myoxinus,4470,227,0.182735011702538
Eliurus myoxinus,4484,227,0.182733768648863
Eliurus myoxinus,4493,227,0.274093192542315
Eliurus myoxinus,4518,227,0.182726307796717
Eliurus myoxinus,4526,227,0.274081997471213
Eliurus myoxinus,4579,227,0.0913569323071241
Eliurus myoxinus,4580,227,0.0913569323071241
Eliurus myoxinus,4599,227,0.091355687356472
Eliurus myoxinus,4607,227,0.822180016362309
Eliurus myoxinus,4627,227,0.274053362136722
Eliurus myoxinus,4633,227,5.57282749176836
Eliurus myoxinus,4648,227,0.0913494594436884
Eliurus myoxinus,4832,227,64.7813755391271
Eliurus myoxinus,24448,227,0.182741225706577
Eliurus myoxinus,24449,227,4.01953690115464
Eliurus myoxinus,24450,227,0.822156348397851
Eliurus myoxinus,3915,1721,16.3740665150672
Eliurus myoxinus,4318,1739,22.2892814174211
Eliurus myoxinus,24435,1853,112.468627701651
Eliurus myoxinus,80,6,0.463597745714188
Eliurus myoxinus,94,6,0.0927073077802658
Eliurus myoxinus,143,6,43.2038186617044
Eliurus myoxinus,161,13,43.2675847418705
Eliurus myoxinus,167,13,0.0926675960290432
Eliurus myoxinus,179,13,0.0926606114119887
Eliurus myoxinus,188,13,0.0926476122773886
Eliurus myoxinus,197,13,0.0926436052986383
Eliurus myoxinus,4316,229,0.182784649551272
Eliurus myoxinus,4317,229,1.18809712456632
Eliurus myoxinus,4335,229,0.0913904663075209
Eliurus myoxinus,4340,229,0.0913892270473242
Eliurus myoxinus,4341,229,0.182778454094648
Eliurus myoxinus,4351,229,4.38649564416432
Eliurus myoxinus,4449,229,8.49783825707888
Eliurus myoxinus,4505,229,0.274089461484194
Eliurus myoxinus,4520,229,0.0913631538983583
Eliurus myoxinus,4581,229,9.50188821791184
Eliurus myoxinus,4582,229,4.567756926453
Eliurus myoxinus,4649,229,0.0913494594436884
Eliurus myoxinus,24080,229,0.0913643975844383
Eliurus myoxinus,24454,229,0.456749789226413
Eliurus myoxinus,17343,916,0.442567061657906
Eliurus myoxinus,18228,916,0.529997321402311
Eliurus myoxinus,18262,916,0.441623093728662
Eliurus myoxinus,18375,916,42.560136518845
Eliurus myoxinus,19780,916,28.8370827305443
Eliurus myoxinus,21382,916,2715.40323437086
Eliurus myoxinus,19367,1014,7.66210525788986
Eliurus myoxinus,19492,1014,0.0880599105103016
Eliurus myoxinus,47,2,0.463806772104442
Eliurus myoxinus,50,2,0.27827526928854
Eliurus myoxinus,51,2,0.463781360735595
Eliurus myoxinus,55,2,0.278243954662919
Eliurus myoxinus,58,2,0.185478644791543
Eliurus myoxinus,64,2,0.64914825101471
Eliurus myoxinus,69,2,123.623005869425
Eliurus myoxinus,24482,2,56.8711675529887
Eliurus myoxinus,21157,1111,198.581206343091
Eliurus myoxinus,24512,1872,64.9869920614074
Eliurus myoxinus,24543,1874,14.1007399868137
Eliurus myoxinus,20565,1108,16.1215402504437
Eliurus myoxinus,22423,1531,133.998905829906
Eliurus myoxinus,22891,1756,157.845280077024
Eliurus myoxinus,24215,1756,60.4135474241567
Eliurus myoxinus,24574,1756,9.98819568180025
Eliurus myoxinus,9431,1765,1.17541973281169
Eliurus myoxinus,10431,1765,10.3787010220101
Eliurus myoxinus,10432,1765,0.54153223163712
Eliurus myoxinus,10883,1765,578.911313530503
Eliurus myoxinus,11551,1765,170.780797274529
Eliurus myoxinus,24218,1794,15.5764797698595
Eliurus myoxinus,24270,1794,54.0963039379551
Eliurus myoxinus,24578,1794,0.259797577435732
Eliurus myoxinus,24147,1802,428.361951223504
Eliurus myoxinus,14315,1878,89.7882265229853
Eliurus myoxinus,21893,1823,54.5408324229195
Eliurus myoxinus,24381,1834,155.727060960763
Eliurus myoxinus,24373,1840,84.3794685088595
Eliurus myoxinus,24580,1880,54.2897934620137
Eliurus myoxinus,24581,1880,29.6282884787502
Eliurus myoxinus,24464,1865,14.876475508235
Eliurus myoxinus,24557,1881,58.1494763075515
Eliurus myoxinus,3879,1871,104.61434809919
Eliurus myoxinus,24556,1871,2.56288165690053
Eliurus myoxinus,24542,1882,3.11329257240254
Eliurus myoxinus,24590,1882,0.366233005417585
Eliurus myoxinus,8780,462,0.0905584602525234
Eliurus myoxinus,8848,462,0.0905447203236818
Eliurus myoxinus,8977,462,38.0240908844043
Eliurus myoxinus,9019,462,0.0905061372197867
Eliurus myoxinus,9037,462,3.07696966736627
Eliurus myoxinus,9042,462,0.723997986286044
Eliurus myoxinus,9076,462,0.361958205401897
Eliurus myoxinus,24613,462,0.452763459861636
Eliurus myoxinus,12287,600,0.0899370735929012
Eliurus myoxinus,12332,600,0.0899238860028982
Eliurus myoxinus,12338,600,0.449603298739433
Eliurus myoxinus,12339,600,0.359686745625973
Eliurus myoxinus,12354,600,0.0899194863940477
Eliurus myoxinus,12395,600,167.74218789238
Eliurus myoxinus,24615,600,0.0899312145228386
Eliurus myoxinus,24616,600,0.449634089967847
Eliurus myoxinus,24617,600,0.0898974602614641
Eliurus myoxinus,13858,641,110.634216100066
Eliurus myoxinus,24665,641,0.0897598538669348
Eliurus myoxinus,16027,797,509.004872819902
Eliurus myoxinus,24358,797,25.9190793253232
Eliurus myoxinus,17651,860,260.732262440753
Eliurus myoxinus,24674,860,0.0887447955824137
Eliurus myoxinus,24675,860,0.0887431713141203
Eliurus myoxinus,24676,860,0.0887317956695557
Eliurus myoxinus,24677,860,0.0886649643682241
Eliurus myoxinus,24678,860,2.65747338466716
Eliurus myoxinus,24679,860,0.177169278389692
Eliurus myoxinus,24680,860,0.0885829947649241
Eliurus myoxinus,23252,1208,2.33597082442749
Eliurus myoxinus,23254,1208,0.173038084078312
Eliurus myoxinus,23810,1208,57.1920356452289
Eliurus myoxinus,23537,1883,0.777178853789091
Eliurus myoxinus,24516,1883,0.604549703200817
Eliurus myoxinus,24686,1883,19.9515621485635
Eliurus myoxinus,24682,1884,27.2715936270507
Eliurus myoxinus,24683,1885,29.4123165165292
Eliurus myoxinus,24684,1886,29.3885406549345
Eliurus myoxinus,24685,1887,20.6592519148769
Eliurus myoxinus,949,1330,197.731583171071
Eliurus myoxinus,24592,1330,0.369282266752303
Eliurus myoxinus,24593,1330,0.184641133481979
Eliurus myoxinus,15639,1596,49.288619264533
Eliurus myoxinus,24671,1596,0.177962643784523
Eliurus myoxinus,11766,1703,0.180086833140135
Eliurus myoxinus,12552,1703,1032.09468954584
Eliurus myoxinus,24281,1703,21.0241786897857
Eliurus myoxinus,24629,1703,7.49786063311923
Eliurus myoxinus,24630,1703,10.465825454369
Eliurus myoxinus,24632,1703,0.0901901460651159
Eliurus myoxinus,24633,1703,0.0901887180690765
Eliurus myoxinus,24634,1703,0.0901758567188978
Eliurus myoxinus,24635,1703,0.0901744266370535
Eliurus myoxinus,24637,1703,0.0901629784760475
Eliurus myoxinus,24638,1703,0.0901615465179682
Eliurus myoxinus,24639,1703,0.0901615465179682
Eliurus myoxinus,24643,1703,0.0901386068252325
Eliurus myoxinus,24645,1703,0.0901242424138784
Eliurus myoxinus,24646,1703,0.18024417185688
Eliurus myoxinus,24647,1703,0.270356910651445
Eliurus myoxinus,24648,1703,0.180231227523327
Eliurus myoxinus,24650,1703,0.360449504251242
Eliurus myoxinus,24651,1703,0.0901127358765602
Eliurus myoxinus,24652,1703,2.16237442039514
Eliurus myoxinus,24653,1703,0.0900968926072121
Eliurus myoxinus,24654,1703,0.0900940093032122
Eliurus myoxinus,24655,1703,0.27020117475152
Eliurus myoxinus,24623,1888,4.52090276207972
Eliurus myoxinus,24624,1888,0.0904089621702433
Eliurus myoxinus,24625,1888,0.0904075665347576
Eliurus myoxinus,24642,1889,3.33495901543343
Eliurus myoxinus,24644,1889,0.180258544605851
Eliurus myoxinus,24656,1890,1.89003464057791
Eliurus myoxinus,24657,1890,4.23005688389182
Eliurus myoxinus,8454,1733,0.181274117312074
Eliurus myoxinus,9740,1733,1941.26546486114
Eliurus myoxinus,11304,1733,0.0901242424138784
Eliurus myoxinus,12064,1733,0.449954103646755
Eliurus myoxinus,12114,1733,0.179958904524803
Eliurus myoxinus,12137,1733,3200.60335698921
Eliurus myoxinus,12190,1733,2.87876883525968
Eliurus myoxinus,12197,1733,0.899620833965421
Eliurus myoxinus,12222,1733,0.269868277515173
Eliurus myoxinus,12668,1733,114.516628984892
Eliurus myoxinus,24614,1733,0.0902726128827334
Eliurus myoxinus,15811,1735,37.6226567107038
Eliurus myoxinus,2250,1754,0.643524707942724
Eliurus myoxinus,2304,1754,0.183841973942041
Eliurus myoxinus,2311,1754,0.643432019172192
Eliurus myoxinus,2326,1754,0.367655302864194
Eliurus myoxinus,2337,1754,1.56243208603442
Eliurus myoxinus,2338,1754,0.275729722221732
Eliurus myoxinus,2359,1754,0.275717098941624
Eliurus myoxinus,2366,1754,0.275709061498523
Eliurus myoxinus,2372,1754,0.459508593737543
Eliurus myoxinus,2381,1754,0.45949710468936
Eliurus myoxinus,2410,1754,1.10266377710527
Eliurus myoxinus,2419,1754,0.183781132994473
Eliurus myoxinus,2420,1754,0.367564567481756
Eliurus myoxinus,2430,1754,0.183777680330753
Eliurus myoxinus,2437,1754,0.183773075227499
Eliurus myoxinus,2442,1754,1.10259928914046
Eliurus myoxinus,2446,1754,2.02137478975803
Eliurus myoxinus,2447,1754,0.826945434479237
Eliurus myoxinus,2459,1754,0.183763859938979
Eliurus myoxinus,2466,1754,0.183761555059075
Eliurus myoxinus,2467,1754,1.65382056523675
Eliurus myoxinus,2525,1754,0.367459639964223
Eliurus myoxinus,2537,1754,0.183724619395971
Eliurus myoxinus,2538,1754,0.275586929093957
Eliurus myoxinus,2546,1754,1.46972063059181
Eliurus myoxinus,2547,1754,0.275577679304183
Eliurus myoxinus,2724,1754,439.329544513872
Eliurus myoxinus,24596,1754,9.5658888511582
Eliurus myoxinus,24598,1754,0.827843772775352
Eliurus myoxinus,24602,1754,0.0919723036499619
Eliurus myoxinus,1166,1779,24.8162057997373
Eliurus myoxinus,1471,1779,27.563875972
Eliurus myoxinus,2049,1779,7.4522462010079
Eliurus myoxinus,2292,1779,0.459616383672059
Eliurus myoxinus,2315,1779,0.275752651619673
Eliurus myoxinus,2394,1779,0.183794934333146
Eliurus myoxinus,2399,1779,54.8720161250855
Eliurus myoxinus,2403,1779,0.551364106284499
Eliurus myoxinus,2435,1779,0.551319225258708
Eliurus myoxinus,2453,1779,0.643170052255213
Eliurus myoxinus,2926,1779,0.275296915365994
Eliurus myoxinus,2927,1779,0.0917656384553313
Eliurus myoxinus,2939,1779,0.275287525101185
Eliurus myoxinus,2967,1779,0.0917538929587603
Eliurus myoxinus,3087,1779,13.2944830026577
Eliurus myoxinus,3223,1779,0.274983465450168
Eliurus myoxinus,3754,1779,0.0915267134125233
Eliurus myoxinus,3755,1779,0.0915267134125233
Eliurus myoxinus,3829,1779,0.0915035761964917
Eliurus myoxinus,6211,1779,0.273246820754766
Eliurus myoxinus,6464,1779,0.0910196564612388
Eliurus myoxinus,6845,1779,0.0909307296398878
Eliurus myoxinus,7090,1779,0.0908647229017019
Eliurus myoxinus,7422,1779,13438.1883134816
Eliurus myoxinus,24604,1779,10.9920872748523
Eliurus myoxinus,24607,1779,0.368388200792074
Eliurus myoxinus,2133,1891,1022.06371542203
Eliurus myoxinus,24594,1891,0.0920568780282736
Eliurus myoxinus,24606,1892,6.35573264146125
Eliurus myoxinus,24609,1893,0.0920209387692809
Eliurus myoxinus,24610,1893,1.74834825798291
Eliurus myoxinus,24611,1893,0.0920198121696711
Eliurus myoxinus,24612,1893,1.74828060862398
Eliurus myoxinus,13902,1815,90.2006443720138
Eliurus myoxinus,13960,1815,3.3134309653126
Eliurus myoxinus,24283,1815,170.754673511907
Eliurus myoxinus,24668,1815,1.79238486696017
Eliurus myoxinus,24669,1815,0.0895977978543043
Eliurus myoxinus,24670,1815,0.08959628602314
Eliurus myoxinus,24687,1815,59.9353472358141
Eliurus myoxinus,14027,1816,2.32767118465054
Eliurus myoxinus,14533,1816,0.714404974959851
Eliurus myoxinus,14565,1816,0.178579506715775
Eliurus myoxinus,14713,1816,661.667429876293
Eliurus myoxinus,20270,1838,57.7613271075732
Eliurus myoxinus,24681,1894,29.8714330564705
Eliurus myoxinus,24428,1856,17.1091583224724
Eliurus myoxinus,4787,1861,0.54794446963501
Eliurus myoxinus,4878,1861,1.46089898014283
Eliurus myoxinus,4884,1861,0.456539862202287
Eliurus myoxinus,4995,1861,0.73026370028019
Eliurus myoxinus,5014,1861,0.0912806047910452
Eliurus myoxinus,5015,1861,0.0912806047910452
Eliurus myoxinus,5052,1861,1.64285957804191
Eliurus myoxinus,5060,1861,0.912692769446373
Eliurus myoxinus,5068,1861,0.638874861070156
Eliurus myoxinus,5090,1861,0.82137056838429
Eliurus myoxinus,5094,1861,0.456318663737774
Eliurus myoxinus,5109,1861,1.46014583455336
Eliurus myoxinus,5182,1861,0.0912427791885138
Eliurus myoxinus,5192,1861,748.154738497431
Eliurus myoxinus,5193,1861,0.0912402507441044
Eliurus myoxinus,5198,1861,2.0072273404777
Eliurus myoxinus,5208,1861,0.364942030489683
Eliurus myoxinus,5215,1861,0.273705573990226
Eliurus myoxinus,5247,1861,0.456175956650376
Eliurus myoxinus,16742,1862,79.2501346083427
Eliurus myoxinus,24672,1862,19.8014696613791
Eliurus myoxinus,9827,1869,68.0501291261465
Eliurus myoxinus,24591,1869,47.4469397172759
Eliurus tanala,39,8,11.1806174851229
Eliurus tanala,92,12,107.455092085728
Eliurus tanala,129,15,15.8715926119485
Eliurus tanala,214,18,0.0921962779347301
Eliurus tanala,215,18,3.3190113432076
Eliurus tanala,216,18,0.55317110865891
Eliurus tanala,220,18,1.8437680477432
Eliurus tanala,238,20,38.9884159684163
Eliurus tanala,254,24,0.737238932070732
Eliurus tanala,255,24,3.87045538569027
Eliurus tanala,256,24,1.75095374891007
Eliurus tanala,295,28,4.69871910138738
Eliurus tanala,950,41,1.1946710927344
Eliurus tanala,973,41,3.21620605602419
Eliurus tanala,1158,493,4.3162728253445
Eliurus tanala,1182,48,58.8617537300254
Eliurus tanala,1191,47,13.1322135179224
Eliurus tanala,2338,87,9.94739158739949
Eliurus tanala,2997,119,25.056995838525
Eliurus tanala,3010,122,3.69560390151608
Eliurus tanala,3093,119,0.0901055375169516
Eliurus tanala,3272,481,56.7554572199371
Eliurus tanala,3293,481,0.630325649633765
Eliurus tanala,10708,410,37.7648065144268
Eliurus tanala,11223,602,6.60311605216253
Eliurus tanala,11239,602,16.0684737306561
Eliurus tanala,560,550,3.31197962940294
Eliurus tanala,2407,671,4.33887032489634
Eliurus tanala,4434,680,50.5128889844387
Eliurus tanala,4710,680,35.5206766781266
Eliurus tanala,4744,698,137.38275887876
Eliurus tanala,7453,703,224.834746882417
Eliurus tanala,285,19,3.86955399840492
Eliurus tanala,7,1,56.8711675529887
Eliurus tanala,12,721,20.2118844377252
Eliurus tanala,21,3,0.0926675960290432
Eliurus tanala,22,3,21.0334598369182
Eliurus tanala,23,3,0.0926606114119887
Eliurus tanala,1548,67,16.1104772354463
Eliurus tanala,11383,724,38.3946948622806
Eliurus tanala,11384,724,1.35457540027201
Eliurus tanala,1704,639,4.84054188698411
Eliurus tanala,1712,639,3.10522654716444
Eliurus tanala,1750,639,449.003958585309
Eliurus tanala,3875,642,36.126370737397
Eliurus tanala,11379,722,54.7933720210891
Eliurus tanala,150,9,24.8162057997373
Eliurus tanala,217,9,3.22687518042052
Eliurus tanala,218,9,1240.10681074095
Eliurus tanala,261,23,17.7836259858013
Eliurus tanala,309,23,0.276373250622988
Eliurus tanala,315,23,0.184241821598649
Eliurus tanala,461,23,220.269571144966
Eliurus tanala,11387,23,17.5033957201407
Eliurus tanala,11400,23,15.385181741811
Eliurus tanala,11401,23,0.0920568780282736
Eliurus tanala,11313,436,29.0782282981092
Eliurus tanala,11386,436,21.6261414673434
Eliurus tanala,11345,726,0.604549703200459
Eliurus tanala,11351,726,0.777178853789091
Eliurus tanala,11416,726,19.9515621485635
Eliurus tanala,11357,727,29.4123165165292
Eliurus tanala,11413,728,27.2715936270507
Eliurus tanala,11414,729,29.3885406549345
Eliurus tanala,11415,730,20.6592519148769
Eliurus tanala,87,440,191.732699801732
Eliurus tanala,102,440,1.75354863390112
Eliurus tanala,121,440,0.1845757537058
Eliurus tanala,11397,440,0.369282266752303
Eliurus tanala,11398,440,0.184641133481979
Eliurus tanala,11132,682,1329.88182992828
Eliurus tanala,11205,682,5.30358653567576
Eliurus tanala,11396,682,326.846593836982
Eliurus tanala,11417,682,0.0871928123806715
Eliurus tanala,11418,731,0.0871747123888731
Eliurus tanala,11419,731,15.1644922140565
Eliurus tanala,11420,732,9.05780211758673
Eliurus tanala,2163,699,0.181274117312074
Eliurus tanala,2229,699,1.17703597713995
Eliurus tanala,2429,699,0.0903866069210768
Eliurus tanala,2660,699,0.812480411258936
Eliurus tanala,2730,699,47.3708417421204
Eliurus tanala,3497,699,0.179958904524803
Eliurus tanala,3549,699,2.87876883525968
Eliurus tanala,3557,699,0.899620833965421
Eliurus tanala,3591,699,0.269868277515173
Eliurus tanala,4091,699,280.61110980638
Eliurus tanala,6943,699,79.7835008618025
Eliurus tanala,7293,699,180.783642575444
Eliurus tanala,8459,699,10945.8920036015
Eliurus tanala,9146,699,0.620648212959528
Eliurus tanala,9157,699,0.265972006814122
Eliurus tanala,10049,699,27.5182355705525
Eliurus tanala,10785,699,4857.37359044699
Eliurus tanala,11412,699,0.0902726128827334
Eliurus tanala,441,709,4.14191372488886
Eliurus tanala,455,709,0.0920423038829565
Eliurus tanala,581,709,0.36798441852951
Eliurus tanala,622,709,0.0919836491038799
Eliurus tanala,627,709,0.919795669861615
Eliurus tanala,703,709,0.091964349226594
Eliurus tanala,862,709,0.459616383672059
Eliurus tanala,886,709,0.275752651619673
Eliurus tanala,923,709,0.0919072300943136
Eliurus tanala,963,709,0.183794934333146
Eliurus tanala,969,709,54.8720161250855
Eliurus tanala,974,709,0.551364106284499
Eliurus tanala,1002,709,0.551319225258708
Eliurus tanala,1022,709,0.643170052255213
Eliurus tanala,1088,709,0.275586928882718
Eliurus tanala,1127,709,0.551094014702082
Eliurus tanala,1592,709,5544.2184139298
Eliurus tanala,11411,709,55.3667412396783
Eliurus tanala,819,716,0.643524707942724
Eliurus tanala,878,716,0.183841973942041
Eliurus tanala,883,716,0.643432019172192
Eliurus tanala,900,716,0.367655302864194
Eliurus tanala,913,716,1.56243208603442
Eliurus tanala,914,716,0.275729722221732
Eliurus tanala,925,716,0.275717098941624
Eliurus tanala,934,716,0.275709061498523
Eliurus tanala,941,716,0.459508593737543
Eliurus tanala,949,716,0.45949710468936
Eliurus tanala,979,716,1.10266377710527
Eliurus tanala,986,716,0.183781132994473
Eliurus tanala,987,716,0.367564567481756
Eliurus tanala,997,716,0.183777680330753
Eliurus tanala,1005,716,0.183773075227499
Eliurus tanala,1010,716,1.10259928914046
Eliurus tanala,1014,716,2.02137478975803
Eliurus tanala,1015,716,0.826945434479237
Eliurus tanala,1027,716,0.183763859938979
Eliurus tanala,1034,716,0.183761555059075
Eliurus tanala,1035,716,1.65382056523675
Eliurus tanala,1080,716,0.367459639964223
Eliurus tanala,1091,716,0.183724619395971
Eliurus tanala,1092,716,0.275586929093957
Eliurus tanala,1098,716,1.46972063059181
Eliurus tanala,1099,716,0.275577679304183
Eliurus tanala,1260,716,439.973113778875
Eliurus tanala,11403,716,9.5658888511582
Eliurus tanala,11405,716,0.827843772775352
Eliurus tanala,11409,716,0.0919723036499619
Eliurus tanala,1993,725,0.364478004548073
Eliurus tanala,2031,725,0.181833823450685
Eliurus tanala,2062,725,2764.67021994514
Eliurus webbi,71,13,124.859461921536
Eliurus webbi,77,13,0.184729457799852
Eliurus webbi,617,39,38.9884159684163
Eliurus webbi,1404,67,1.1946710927344
Eliurus webbi,1418,67,3.21620605602419
Eliurus webbi,1569,72,26.2648020061304
Eliurus webbi,5446,574,70.171205546759
Eliurus webbi,13560,450,37.7648065144268
Eliurus webbi,6556,807,50.5128889844387
Eliurus webbi,6931,807,35.5206766781266
Eliurus webbi,6979,827,137.38275887876
Eliurus webbi,9429,832,224.834746882417
Eliurus webbi,7669,852,7.79134288626695
Eliurus webbi,7939,852,44.6638451275753
Eliurus webbi,265,16,0.184580053010166
Eliurus webbi,314,16,3.50637091730225
Eliurus webbi,315,16,2.21454840610319
Eliurus webbi,14753,16,354.319486051804
Eliurus webbi,5994,766,36.126370737397
Eliurus webbi,912,846,563.445485441642
Eliurus webbi,14813,861,58.1494763075515
Eliurus webbi,14805,851,54.7933720210891
Eliurus webbi,104,17,3.97051299494481
Eliurus webbi,162,17,181.203441490301
Eliurus webbi,1076,683,0.368058959297538
Eliurus webbi,1329,683,0.459616383672059
Eliurus webbi,1352,683,0.275752651619673
Eliurus webbi,1411,683,0.183794934333146
Eliurus webbi,1416,683,54.8720161250855
Eliurus webbi,1419,683,0.551364106284499
Eliurus webbi,1443,683,0.551319225258708
Eliurus webbi,1455,683,0.643170052255213
Eliurus webbi,3513,683,0.363716343389511
Eliurus webbi,3597,683,20403.9934577977
Eliurus webbi,14642,810,2.33597082442749
Eliurus webbi,14644,810,0.173038084078312
Eliurus webbi,14828,810,57.1920356452289
Eliurus webbi,14722,862,0.777178853789091
Eliurus webbi,14782,862,0.604549703200817
Eliurus webbi,14853,862,19.9515621485635
Eliurus webbi,14849,863,27.2715936270507
Eliurus webbi,14850,864,29.4123165165292
Eliurus webbi,14851,865,29.3885406549345
Eliurus webbi,14852,866,20.6592519148769
Eliurus webbi,3790,828,0.181274117312074
Eliurus webbi,4564,828,0.812480411258936
Eliurus webbi,5215,828,170.780797274529
Eliurus webbi,5609,828,0.179958904524803
Eliurus webbi,5669,828,2.87876883525968
Eliurus webbi,5678,828,0.899620833965421
Eliurus webbi,5709,828,0.269868277515173
Eliurus webbi,6171,828,280.61110980638
Eliurus webbi,9072,828,79.7835008618025
Eliurus webbi,9331,828,180.783642575444
Eliurus webbi,10084,828,11312.8434846202
Eliurus webbi,10979,828,0.620648212959528
Eliurus webbi,10998,828,0.265972006814122
Eliurus webbi,12563,828,1.6731160765605
Eliurus webbi,12717,828,28.8370827305443
Eliurus webbi,13645,828,4839.23020764708
Eliurus webbi,14843,828,0.0902726128827334
Eliurus webbi,1287,840,0.643524707942724
Eliurus webbi,1341,840,0.183841973942041
Eliurus webbi,1348,840,0.643432019172192
Eliurus webbi,1369,840,0.367655302864194
Eliurus webbi,1378,840,1.56243208603442
Eliurus webbi,1379,840,0.275729722221732
Eliurus webbi,1383,840,0.275717098941624
Eliurus webbi,1390,840,0.275709061498523
Eliurus webbi,1396,840,0.459508593737543
Eliurus webbi,1403,840,0.45949710468936
Eliurus webbi,1428,840,1.10266377710551
Eliurus webbi,1429,840,0.183781132994473
Eliurus webbi,1430,840,0.367564567481756
Eliurus webbi,1439,840,0.183777680330753
Eliurus webbi,1445,840,0.183773075227499
Eliurus webbi,1448,840,1.10259928914046
Eliurus webbi,1449,840,2.02137478975803
Eliurus webbi,1450,840,0.826945434479237
Eliurus webbi,1458,840,0.183763859938979
Eliurus webbi,1465,840,0.183761555059075
Eliurus webbi,1466,840,1.65382056523675
Eliurus webbi,1499,840,0.367459639964223
Eliurus webbi,1508,840,0.183724619395971
Eliurus webbi,1509,840,0.275586929093957
Eliurus webbi,1514,840,1.46972063059181
Eliurus webbi,1515,840,0.275577679304183
Eliurus webbi,1625,840,432.527069159766
Eliurus webbi,14836,840,8.00216342112345
Eliurus webbi,14841,840,0.0919723036499619
Eliurus webbi,4343,850,68.0501291261465
Eliurus webbi,14834,850,47.4469397172759
Eliurus webbi,14752,853,1329.88182992828
Eliurus webbi,14822,853,355.553761067319
Eliurus webbi,14824,853,72.7284184850583
Eliurus webbi,14844,853,0.0871928123806715
Eliurus webbi,14845,867,0.0871747123888731
Eliurus webbi,14846,867,19.4337860709381
Eliurus webbi,14847,868,187.042904927285
Eliurus webbi,14848,869,9.05780211758673
Eulemur albifrons,150,5,7.65654382250733
Eulemur albifrons,156,5,38.0976185701168
Eulemur albifrons,182,5,0.6456592656492
Eulemur albifrons,1875,11,28.6147883524204
Eulemur albifrons,1937,12,29.8678668720725
Eulemur albifrons,4033,29,33.4384522658931
Eulemur albifrons,2548,119,6.40402979402589
Eulemur albifrons,2578,119,4.05792210968471
Eulemur albifrons,2633,119,41.6486462268454
Eulemur albifrons,2664,119,37.5793578175409
Eulemur albifrons,2687,119,0.360352960571528
Eulemur albifrons,2792,119,56.4742974555546
Eulemur albifrons,3232,77,0.358964884813309
Eulemur albifrons,3243,77,0.717886494108081
Eulemur albifrons,3344,77,33.998495184041
Eulemur albifrons,3382,77,12.2839577725865
Eulemur albifrons,192,120,9.59202808514643
Eulemur albifrons,3655,109,23.1786345468159
Eulemur albifrons,3562,122,5.10381579457283
Eulemur albifrons,3569,122,7.79134288626695
Eulemur albifrons,1648,115,3.10483766981149
Eulemur albifrons,1707,115,53.4092077157463
Eulemur albifrons,1734,115,0.638862260956168
Eulemur albifrons,4503,123,29.2707039741465
Eulemur albifrons,2704,18,1.08089574676692
Eulemur albifrons,2723,18,167.076947966639
Eulemur albifrons,2732,18,42.7082171257931
Eulemur albifrons,2817,18,12.2414772897281
Eulemur albifrons,2847,18,0.989941555488825
Eulemur albifrons,2848,18,2.06986402977848
Eulemur albifrons,2959,18,26.2682493419862
Eulemur albifrons,2966,18,54.7933720210891
Eulemur albifrons,2635,118,0.991438515083671
Eulemur albifrons,2699,118,27.3057281147106
Eulemur albifrons,1787,121,0.18245139164865
Eulemur albifrons,1793,121,0.638523465913415
Eulemur albifrons,1810,121,2.37139752334142
Eulemur albifrons,1811,121,0.182422226241589
Eulemur albifrons,1850,121,0.182349706664324
Eulemur albifrons,1884,121,183.807499393963
Eulemur albifrons,1888,121,13.2143774025955
Eulemur albifrons,1897,121,7.74432683950007
Eulemur albifrons,1898,121,0.273353686598539
Eulemur albifrons,2004,121,0.454932765997171
Eulemur albifrons,2009,121,777.59573864824
Eulemur albifrons,2030,121,17.0086058992249
Eulemur albifrons,2038,121,0.272848664301157
Eulemur albifrons,2040,121,14.2775380444441
Eulemur albifrons,4504,121,136.32840259962
Eulemur albifrons,33,4,0.184702931169152
Eulemur albifrons,37,4,149.081005383646
Eulemur albifrons,68,4,0.369180514121115
Eulemur albifrons,73,4,0.922919603211403
Eulemur albifrons,108,4,299.836270882587
Eulemur albifrons,4505,4,0.369282266752303
Eulemur albifrons,4506,4,0.184641133481979
Eulemur albifrons,491,6,0.276167274636447
Eulemur albifrons,495,6,1.19669685054296
Eulemur albifrons,501,6,963.062554194141
Eulemur albifrons,512,6,0.828408787800312
Eulemur albifrons,706,6,8.46223597308177
Eulemur albifrons,763,6,0.643524707942724
Eulemur albifrons,766,6,14.3404096482922
Eulemur albifrons,794,6,0.459616383672059
Eulemur albifrons,803,6,0.183841973942041
Eulemur albifrons,809,6,0.643432019172192
Eulemur albifrons,812,6,0.275752651619673
Eulemur albifrons,824,6,0.367655302864194
Eulemur albifrons,830,6,1.56243208603442
Eulemur albifrons,831,6,0.275729722221732
Eulemur albifrons,837,6,0.275717098941624
Eulemur albifrons,843,6,0.275709061498523
Eulemur albifrons,847,6,0.459508593737543
Eulemur albifrons,851,6,0.643297785346329
Eulemur albifrons,852,6,0.45949710468936
Eulemur albifrons,853,6,1.1946710927344
Eulemur albifrons,857,6,0.183794934333146
Eulemur albifrons,861,6,49.0829882129908
Eulemur albifrons,862,6,1.47030313296086
Eulemur albifrons,863,6,0.551364106284499
Eulemur albifrons,870,6,1.10266377710527
Eulemur albifrons,876,6,0.183781132994473
Eulemur albifrons,890,6,2.02137478975803
Eulemur albifrons,891,6,0.826945434479237
Eulemur albifrons,910,6,0.826825480994821
Eulemur albifrons,924,6,0.459349671094894
Eulemur albifrons,936,6,0.367459639964223
Eulemur albifrons,943,6,0.183724619395971
Eulemur albifrons,944,6,0.275586929093957
Eulemur albifrons,947,6,1.46972063059181
Eulemur albifrons,948,6,0.275577679304183
Eulemur albifrons,985,6,0.367363554798603
Eulemur albifrons,992,6,44.537501313691
Eulemur albifrons,1014,6,296.63610788423
Eulemur albifrons,1025,6,0.275443051051259
Eulemur albifrons,4507,6,0.184049760341406
Eulemur albifrons,4509,6,1.74834825798291
Eulemur albifrons,4511,6,1.74828060862398
Eulemur albifrons,4514,6,0.827843772775352
Eulemur albifrons,4515,6,0.275940742864907
Eulemur albifrons,4516,6,0.275922588019133
Eulemur albifrons,4517,6,1.65548669658464
Eulemur albifrons,4519,6,0.459814922548056
Eulemur albifrons,3029,52,67.4659220626032
Eulemur albifrons,2348,69,3.7066306409353
Eulemur albifrons,2349,69,1.62738922571898
Eulemur albifrons,2395,69,47.4469397172683
Eulemur albifrons,2405,69,68.0501291261465
Eulemur albifrons,331,92,2.39529754093892
Eulemur albifrons,399,92,0.36839153649199
Eulemur albifrons,452,92,1.19697195979726
Eulemur albifrons,695,92,0.183935519072413
Eulemur albifrons,1366,92,0.18305585810101
Eulemur albifrons,1455,92,0.182903092303932
Eulemur albifrons,1682,92,9416.12952179934
Eulemur albifrons,1695,92,129.049367998136
Eulemur albifrons,1722,92,0.365114871520877
Eulemur collaris,5,2,29.0015402895183
Eulemur collaris,506,6,12.4088804568207
Eulemur collaris,531,55,0.826993804157555
Eulemur collaris,532,55,0.643234540641606
Eulemur collaris,533,55,68.8184135315516
Eulemur collaris,545,7,42.3371247689636
Eulemur collaris,556,8,29.8132933344408
Eulemur collaris,557,8,60.1630917149811
Eulemur collaris,559,9,1.74189095719874
Eulemur collaris,564,9,22.6417625524348
Eulemur collaris,565,9,5.59148101063222
Eulemur collaris,566,9,29.1440375562146
Eulemur collaris,568,9,1.64962747188139
Eulemur collaris,577,9,28.7706278312885
Eulemur collaris,579,10,105.585280114549
Eulemur collaris,580,11,76.0507997739447
Eulemur collaris,671,15,13.5827162245804
Eulemur collaris,697,20,27.3388680458662
Eulemur collaris,741,23,21.7369523021736
Eulemur collaris,746,24,27.3127806266414
Eulemur collaris,747,25,22.9727876359534
Eulemur collaris,748,26,14.2347623938104
Eulemur collaris,750,27,55.5935716072373
Eulemur collaris,755,28,13.8697245530523
Eulemur collaris,1220,43,29.2386139433417
Eulemur collaris,1251,56,19.8877197110529
Eulemur collaris,1274,56,10.3792907872638
Eulemur collaris,1275,56,2.63821850551534
Eulemur collaris,1276,56,0.263793588699341
Eulemur collaris,185,59,2.12015320006764
Eulemur collaris,189,59,2.39665222091711
Eulemur collaris,196,59,6.45206140753323
Eulemur collaris,205,59,1.93536526565039
Eulemur collaris,655,66,0.27356342314291
Eulemur collaris,666,66,3.19109242600811
Eulemur collaris,672,66,16.4078352154819
Eulemur collaris,676,66,0.638009943682313
Eulemur collaris,455,69,115.524782916431
Eulemur collaris,488,69,92.3146399668601
Eulemur collaris,496,69,103.15160161254
Eulemur collaris,420,70,0.460074262951553
Eulemur collaris,437,70,3.31197962940294
Eulemur collaris,442,70,0.36798441852951
Eulemur collaris,453,70,0.919795669861615
Eulemur collaris,475,70,296.873204012172
Eulemur collaris,534,70,29.7695576978091
Eulemur collaris,536,70,125.521744404942
Eulemur collaris,539,70,0.275586928882718
Eulemur collaris,548,70,2.11212740951914
Eulemur collaris,554,70,567.275339329832
Eulemur collaris,555,70,121.915162227853
Eulemur collaris,558,70,24.8478412526516
Eulemur collaris,588,13,1.09691577132261
Eulemur collaris,589,13,7.22148755678308
Eulemur collaris,594,13,1.18819494348121
Eulemur collaris,595,13,5.84927595422483
Eulemur collaris,596,13,0.274199880823612
Eulemur collaris,1278,45,14.7691060763467
Eulemur collaris,1419,51,29.3885406549345
Eulemur collaris,1446,71,20.6592519148769
Eulemur collaris,628,73,27.56289132153
Eulemur collaris,1449,73,15.610373411348
Eulemur collaris,875,33,5.46268283923745
Eulemur collaris,900,33,21.4852105807593
Eulemur collaris,735,68,4.33088854262591
Eulemur collaris,742,68,0.270571865982413
Eulemur collaris,744,68,102.380645932811
Eulemur collaris,587,12,2.10258186776292
Eulemur collaris,612,12,4.84054188698411
Eulemur collaris,614,12,235.777365908457
Eulemur collaris,615,12,3.10522654716444
Eulemur collaris,633,14,4.65387435888731
Eulemur collaris,634,14,7.75612759054232
Eulemur collaris,636,74,52.2715285552961
Eulemur collaris,648,74,29.3666510683392
Eulemur collaris,662,74,23.615703460277
Eulemur collaris,6,3,153.603630549636
Eulemur collaris,17,3,17.910972271145
Eulemur collaris,23,3,0.369215914128184
Eulemur collaris,29,3,2.03047939233834
Eulemur collaris,37,3,5.99888336933971
Eulemur collaris,255,3,2.39529754093892
Eulemur collaris,270,3,1.19747486800301
Eulemur collaris,272,3,0.368458156106472
Eulemur collaris,273,3,4.97389831733626
Eulemur collaris,274,3,4.23704192003936
Eulemur collaris,275,3,1.84223974801898
Eulemur collaris,279,3,30.854789821823
Eulemur collaris,293,3,1.93420808195144
Eulemur collaris,303,3,1.84197769368905
Eulemur collaris,310,3,1.10513790659881
Eulemur collaris,311,3,0.460479690076709
Eulemur collaris,312,3,0.276287814046025
Eulemur collaris,330,3,740.606779535021
Eulemur collaris,340,3,44.753070756543
Eulemur collaris,393,3,236.275885477971
Eulemur collaris,396,3,2.85300247396994
Eulemur collaris,409,3,2.48467906715775
Eulemur collaris,414,3,278.04616308923
Eulemur collaris,423,3,3.95644257699287
Eulemur collaris,457,3,38.4553984883188
Eulemur collaris,1450,3,0.369282266752303
Eulemur collaris,679,17,44.780970697964
Eulemur collaris,1411,49,29.4123165165292
Eulemur collaris,1426,72,0.604549703200459
Eulemur collaris,1429,72,0.777178853789091
Eulemur collaris,1448,72,19.9515621485635
Eulemur coronatus,1385,28,21.7783583285349
Eulemur coronatus,1430,28,0.369099844385028
Eulemur coronatus,1431,28,4.98278105266279
Eulemur coronatus,1450,28,0.369083674412966
Eulemur coronatus,1467,28,7.10407188852959
Eulemur coronatus,1500,28,0.553546154210627
Eulemur coronatus,2327,31,0.183935519072413
Eulemur coronatus,2426,31,92.2146406033664
Eulemur coronatus,2460,31,9.18974892458309
Eulemur coronatus,2468,31,1.19461015375865
Eulemur coronatus,2488,354,245.015927337203
Eulemur coronatus,2504,37,6.2465929270333
Eulemur coronatus,2553,354,147.356161761628
Eulemur coronatus,2612,39,22.7661249572809
Eulemur coronatus,2685,253,1.46844013959706
Eulemur coronatus,2703,253,5.32260880427534
Eulemur coronatus,2709,41,28.9027750310238
Eulemur coronatus,2739,42,21.648571574705
Eulemur coronatus,2750,42,0.366857565845847
Eulemur coronatus,2788,42,98.2948159355765
Eulemur coronatus,2799,354,0.733449546446562
Eulemur coronatus,2892,49,0.549814045241475
Eulemur coronatus,2929,49,9.80316484078359
Eulemur coronatus,3083,354,944.430003243641
Eulemur coronatus,4137,85,29.08655177938
Eulemur coronatus,4143,85,37.7125694409655
Eulemur coronatus,4148,85,34.0855880099965
Eulemur coronatus,4180,88,38.5995990338773
Eulemur coronatus,4721,262,65.1245499027752
Eulemur coronatus,4749,262,0.815092015255809
Eulemur coronatus,4794,262,0.181118293347359
Eulemur coronatus,4840,233,8.78178245953299
Eulemur coronatus,5944,110,0.990865273712635
Eulemur coronatus,5945,110,0.450392124587417
Eulemur coronatus,5968,110,0.180153383952379
Eulemur coronatus,6013,110,678.097833286679
Eulemur coronatus,6304,250,17.5465392691991
Eulemur coronatus,6608,116,10.0635702597717
Eulemur coronatus,7024,119,16.1479318826328
Eulemur coronatus,7107,120,12.7361471208223
Eulemur coronatus,7108,251,7.98159484701455
Eulemur coronatus,7153,120,0.807085143688679
Eulemur coronatus,7154,251,0.179353755076528
Eulemur coronatus,9725,140,28.1912179772684
Eulemur coronatus,9786,140,12.9470163728871
Eulemur coronatus,9844,140,0.968657305971384
Eulemur coronatus,9933,142,0.263970784573913
Eulemur coronatus,9936,142,21.1137042166104
Eulemur coronatus,9938,142,0.263951895236254
Eulemur coronatus,9959,142,353.003049019291
Eulemur coronatus,9960,142,1.31894035812867
Eulemur coronatus,10005,144,9.40270671968651
Eulemur coronatus,10075,145,23.006339129375
Eulemur coronatus,10093,145,19.0477036475724
Eulemur coronatus,10251,146,0.175331868039727
Eulemur coronatus,10265,146,0.350618089248896
Eulemur coronatus,10290,146,11.4781437368618
Eulemur coronatus,10327,254,17.081330381768
Eulemur coronatus,10332,146,0.700833316723585
Eulemur coronatus,10423,399,2.45062763333797
Eulemur coronatus,10442,399,15.3109534877646
Eulemur coronatus,10483,387,16.8855573470052
Eulemur coronatus,10576,152,37.7648065144268
Eulemur coronatus,10717,158,10.3767457573529
Eulemur coronatus,2315,200,15.1777130100187
Eulemur coronatus,5640,357,0.180358861968875
Eulemur coronatus,5698,357,5.77045341412199
Eulemur coronatus,5732,357,0.360597465286255
Eulemur coronatus,5819,269,0.721002561920881
Eulemur coronatus,6059,269,171.082953375051
Eulemur coronatus,6134,269,0.180059280392408
Eulemur coronatus,6155,269,0.360089527330041
Eulemur coronatus,6195,269,0.540061639256001
Eulemur coronatus,8262,353,114.221570608872
Eulemur coronatus,8292,353,4.54409223083007
Eulemur coronatus,1836,372,38.9884159684163
Eulemur coronatus,2516,38,0.275591552190423
Eulemur coronatus,2524,38,0.367434207116008
Eulemur coronatus,2525,38,0.183716525221109
Eulemur coronatus,2533,38,20.9441261861415
Eulemur coronatus,8054,389,16.5183256766745
Eulemur coronatus,8094,389,1.96377893533659
Eulemur coronatus,2751,44,36.686094082084
Eulemur coronatus,2771,44,26.4980792280843
Eulemur coronatus,2833,44,0.274983465450168
Eulemur coronatus,1964,377,12.3467417666571
Eulemur coronatus,1983,377,3.22456991307449
Eulemur coronatus,2030,377,1.19747486800301
Eulemur coronatus,2035,377,134.761430063093
Eulemur coronatus,2061,377,83.9973458819341
Eulemur coronatus,2134,377,93.3878753877078
Eulemur coronatus,2209,377,4.14191372488886
Eulemur coronatus,2216,377,179.074853055196
Eulemur coronatus,2273,377,78.4877991246376
Eulemur coronatus,2284,377,199.542495378038
Eulemur coronatus,2298,377,0.183992209264755
Eulemur coronatus,5191,411,2.4398557223146
Eulemur coronatus,5242,411,1.71658150953722
Eulemur coronatus,5273,411,0.993664879434228
Eulemur coronatus,5320,411,28.9923175057001
Eulemur coronatus,5342,410,7.9466981693747
Eulemur coronatus,5456,410,10.1104430428412
Eulemur coronatus,6867,288,0.448894499401689
Eulemur coronatus,6979,288,3.85894634558105
Eulemur coronatus,7160,288,35.5206766781266
Eulemur coronatus,7188,288,130.199303370873
Eulemur coronatus,10414,398,21.6223640213659
Eulemur coronatus,10415,398,0.26260917764318
Eulemur coronatus,10500,425,18.3647943950766
Eulemur coronatus,10549,425,36.2781974481035
Eulemur coronatus,10564,424,49.9945467986303
Eulemur coronatus,10581,424,4.10689038569617
Eulemur coronatus,10633,425,18.2514961764729
Eulemur coronatus,10662,425,15.1874823685672
Eulemur coronatus,10664,425,1.39672232339084
Eulemur coronatus,6516,171,2.51681560592651
Eulemur coronatus,6561,171,47.0927974658848
Eulemur coronatus,6621,171,21.0241786897857
Eulemur coronatus,2848,43,0.824719871121347
Eulemur coronatus,2886,43,0.274908219362199
Eulemur coronatus,2909,43,0.366509968225718
Eulemur coronatus,2936,43,3.48152099565202
Eulemur coronatus,2943,43,23.1812928224177
Eulemur coronatus,11171,43,0.183232200932503
Eulemur coronatus,3231,65,0.456848093526959
Eulemur coronatus,3239,65,0.182749920761347
Eulemur coronatus,3263,65,0.274103139080644
Eulemur coronatus,3264,65,0.182735011702538
Eulemur coronatus,3271,65,0.182733768648863
Eulemur coronatus,3274,65,0.274093192542315
Eulemur coronatus,3284,65,0.182726307796717
Eulemur coronatus,3291,65,0.274081997471213
Eulemur coronatus,3326,65,0.822180016362309
Eulemur coronatus,3333,65,0.274053362136722
Eulemur coronatus,3340,65,5.57282749176896
Eulemur coronatus,3453,65,64.7813755391271
Eulemur coronatus,11219,65,0.182741225706577
Eulemur coronatus,11220,65,4.01953690115464
Eulemur coronatus,11221,65,0.822156348397851
Eulemur coronatus,224,9,0.463597745714188
Eulemur coronatus,283,9,43.2038186617044
Eulemur coronatus,463,176,0.370271373195231
Eulemur coronatus,465,176,0.462834125284791
Eulemur coronatus,468,176,43.0377824654073
Eulemur coronatus,469,176,0.18513059458977
Eulemur coronatus,483,176,1.48074673073471
Eulemur coronatus,484,176,1.66577102635694
Eulemur coronatus,486,176,0.277623898765862
Eulemur coronatus,488,176,0.277610584835947
Eulemur coronatus,512,176,1.38815019469857
Eulemur coronatus,11223,176,0.185083622752249
Eulemur coronatus,306,324,43.2675847418705
Eulemur coronatus,140,5,0.55664420881176
Eulemur coronatus,146,5,0.371099061261296
Eulemur coronatus,149,5,0.556625695955813
Eulemur coronatus,158,5,0.185535398295105
Eulemur coronatus,164,5,0.463806772104442
Eulemur coronatus,171,5,0.27827526928854
Eulemur coronatus,173,5,0.463781360735595
Eulemur coronatus,183,5,0.278243954662919
Eulemur coronatus,193,5,0.185478644791543
Eulemur coronatus,199,5,0.27820176096195
Eulemur coronatus,202,5,0.64914825101471
Eulemur coronatus,207,5,0.18546587502265
Eulemur coronatus,210,5,130.021860527528
Eulemur coronatus,214,5,0.18545505566138
Eulemur coronatus,215,5,6.4908973798604
Eulemur coronatus,223,5,8.4370977335708
Eulemur coronatus,225,5,0.185438309593201
Eulemur coronatus,231,5,0.185425482894003
Eulemur coronatus,11151,5,0.185474717534363
Eulemur coronatus,11222,5,56.8711675529887
Eulemur coronatus,7544,427,7.79134288626695
Eulemur coronatus,7692,427,44.6638451275753
Eulemur coronatus,3206,64,324.64551379103
Eulemur coronatus,3273,64,2.55808245034969
Eulemur coronatus,3394,64,34.7078468910384
Eulemur coronatus,3442,64,18.0802938475482
Eulemur coronatus,3500,64,1.09562847792959
Eulemur coronatus,3721,64,0.821044563117385
Eulemur coronatus,3775,64,0.364786009705067
Eulemur coronatus,3809,64,3.82909888804102
Eulemur coronatus,3951,64,37.8043434481882
Eulemur coronatus,4053,64,1406.63783198611
Eulemur coronatus,4066,64,3.09337898071671
Eulemur coronatus,4075,64,1.09175737492621
Eulemur coronatus,4085,64,80.9513640363168
Eulemur coronatus,4122,64,2.54619976073432
Eulemur coronatus,11227,428,12.4069277316004
Eulemur coronatus,5490,386,3.60954575552988
Eulemur coronatus,5521,386,23.998980713628
Eulemur coronatus,5544,386,2.1653033994143
Eulemur coronatus,5574,386,4.51010092683113
Eulemur coronatus,5627,386,41.4895422504582
Eulemur coronatus,5956,386,170.780797274529
Eulemur coronatus,6153,386,70.171205546759
Eulemur coronatus,1091,400,11.5425439636662
Eulemur coronatus,1107,400,4.2483627925086
Eulemur coronatus,1135,400,10.4345955679724
Eulemur coronatus,1212,400,137.618110731499
Eulemur coronatus,11224,400,6.46498586701829
Eulemur coronatus,1762,421,2.30487087117308
Eulemur coronatus,2223,421,377.634155299987
Eulemur coronatus,1017,24,76.3903697578587
Eulemur coronatus,1130,24,9.78885034124469
Eulemur coronatus,1131,24,0.184702931169152
Eulemur coronatus,1165,24,3.97051299494481
Eulemur coronatus,4919,101,38.0240908844043
Eulemur coronatus,4945,101,3.07696966736627
Eulemur coronatus,4950,101,0.723997986286044
Eulemur coronatus,4971,101,0.361958205401897
Eulemur coronatus,11232,101,0.452763459861636
Eulemur coronatus,5340,108,2.6188738919611
Eulemur coronatus,5853,108,0.180231227523565
Eulemur coronatus,5860,108,0.36044950425148
Eulemur coronatus,6012,108,0.270186713642001
Eulemur coronatus,6050,108,0.810461728753447
Eulemur coronatus,6068,108,0.1800984230268
Eulemur coronatus,6091,108,0.180086833140135
Eulemur coronatus,6217,108,631.125564195292
Eulemur coronatus,11233,108,1.53522937581885
Eulemur coronatus,11237,108,0.180300166686296
Eulemur coronatus,7262,121,99.4781519434685
Eulemur coronatus,7409,121,37.4476825663374
Eulemur coronatus,7445,121,90.2006443720138
Eulemur coronatus,7494,121,0.358239759338856
Eulemur coronatus,7502,121,3.3134309653126
Eulemur coronatus,7589,121,0.268576509485722
Eulemur coronatus,7682,121,3.75955498127008
Eulemur coronatus,11247,121,1.79238486696017
Eulemur coronatus,11067,164,20.6592519148769
Eulemur coronatus,6792,172,66.4591490751416
Eulemur coronatus,6517,212,1.97747789959753
Eulemur coronatus,6570,212,90.1118465181623
Eulemur coronatus,10884,256,186.694551086279
Eulemur coronatus,5022,270,11.9397076971389
Eulemur coronatus,5067,270,33.5575560832643
Eulemur coronatus,5076,270,9.76672954979754
Eulemur coronatus,5119,270,23.7813909617001
Eulemur coronatus,5131,270,0.180826295648575
Eulemur coronatus,5214,270,58.1494763075515
Eulemur coronatus,5245,270,68.0501291261465
Eulemur coronatus,11225,270,47.4469397172759
Eulemur coronatus,7546,293,30.9829191094844
Eulemur coronatus,7573,293,17.4556019028076
Eulemur coronatus,7649,293,144.673431425716
Eulemur coronatus,865,318,46.3690102475356
Eulemur coronatus,11228,318,10.9920872748523
Eulemur coronatus,11229,318,0.923443426764727
Eulemur coronatus,11230,318,0.646360259143829
Eulemur coronatus,1226,376,16.7109386026331
Eulemur coronatus,1262,376,53.4361815892465
Eulemur coronatus,1348,376,0.922919603211403
Eulemur coronatus,1513,376,0.461282516491771
Eulemur coronatus,11231,376,19.0066352914984
Eulemur coronatus,1250,397,81.5955625909815
Eulemur coronatus,1793,397,405.743832916774
Eulemur coronatus,1868,397,0.184330083481014
Eulemur coronatus,1892,397,0.46079386894691
Eulemur coronatus,1893,397,37.05020652045
Eulemur coronatus,6453,418,0.449603298739433
Eulemur coronatus,6454,418,0.359686745625973
Eulemur coronatus,6480,418,167.74218789238
Eulemur coronatus,11241,418,0.449634089967847
Eulemur fulvus,3303,19,29.3753021912422
Eulemur fulvus,4130,21,0.183357631337821
Eulemur fulvus,4359,21,17.8720619448453
Eulemur fulvus,4571,21,29.3190249755096
Eulemur fulvus,5223,23,12.0800389464626
Eulemur fulvus,5356,23,23.6059681205691
Eulemur fulvus,5489,23,30.002952453004
Eulemur fulvus,8412,29,27.2482378002616
Eulemur fulvus,20180,68,16.1479318826328
Eulemur fulvus,1588,425,38.9884159684163
Eulemur fulvus,30424,424,37.7648065144268
Eulemur fulvus,20052,496,50.5128889844387
Eulemur fulvus,20543,496,35.5206766781266
Eulemur fulvus,20586,496,137.38275887876
Eulemur fulvus,32225,532,44.4928427752445
Eulemur fulvus,5753,540,19.2038282113973
Eulemur fulvus,5897,540,1.91988596975887
Eulemur fulvus,5898,540,4.2053427026192
Eulemur fulvus,32206,540,2.19383277368414
Eulemur fulvus,32319,535,9.30640563301087
Eulemur fulvus,4294,20,0.824719871121347
Eulemur fulvus,4443,20,0.274908219362199
Eulemur fulvus,4507,20,0.366509968225718
Eulemur fulvus,4621,20,3.48152099565202
Eulemur fulvus,4659,20,23.1812928224177
Eulemur fulvus,32091,20,0.183232200932503
Eulemur fulvus,6216,382,0.456848093526959
Eulemur fulvus,6235,382,0.182749920761347
Eulemur fulvus,6304,382,0.274103139080644
Eulemur fulvus,6305,382,0.182735011702538
Eulemur fulvus,6321,382,0.182733768648863
Eulemur fulvus,6331,382,0.274093192542315
Eulemur fulvus,6360,382,0.182726307796717
Eulemur fulvus,6366,382,0.274081997471213
Eulemur fulvus,6442,382,0.822180016362309
Eulemur fulvus,6465,382,0.274053362136722
Eulemur fulvus,6474,382,5.57282749176896
Eulemur fulvus,6761,382,64.7813755391271
Eulemur fulvus,32409,382,0.182741225706577
Eulemur fulvus,32410,382,4.01953690115464
Eulemur fulvus,32411,382,0.822156348397851
Eulemur fulvus,5496,545,16.3740665150672
Eulemur fulvus,5975,548,22.2892814174211
Eulemur fulvus,32096,548,37.6497033879563
Eulemur fulvus,2806,109,0.275667671454787
Eulemur fulvus,2828,109,1.92954817861235
Eulemur fulvus,2952,109,0.275591552190423
Eulemur fulvus,2977,109,0.367434207116008
Eulemur fulvus,2978,109,0.183716525221109
Eulemur fulvus,2996,109,33.8991079803611
Eulemur fulvus,32324,109,0.183782283741117
Eulemur fulvus,32329,109,0.367500048400104
Eulemur fulvus,468,181,0.370271373195231
Eulemur fulvus,470,181,0.462834125284791
Eulemur fulvus,473,181,43.0377824654073
Eulemur fulvus,474,181,0.18513059458977
Eulemur fulvus,494,181,1.48074673073471
Eulemur fulvus,497,181,1.66577102635694
Eulemur fulvus,501,181,0.277623898765862
Eulemur fulvus,504,181,0.277610584835947
Eulemur fulvus,532,181,1.38815019469857
Eulemur fulvus,32426,181,0.185083622752249
Eulemur fulvus,235,289,0.463597745714188
Eulemur fulvus,289,289,43.2038186617044
Eulemur fulvus,304,436,43.2675847418705
Eulemur fulvus,5925,525,0.6399434845016
Eulemur fulvus,5947,525,0.45708591381228
Eulemur fulvus,5980,525,5.85033975470352
Eulemur fulvus,5990,525,24.6792146248873
Eulemur fulvus,6033,525,1.0054375043211
Eulemur fulvus,6038,525,2.83342021114933
Eulemur fulvus,6048,525,0.182805694629431
Eulemur fulvus,6073,525,1.00536820483017
Eulemur fulvus,6074,525,2.37624750380063
Eulemur fulvus,6081,525,0.274192454328179
Eulemur fulvus,6099,525,1.5536069370805
Eulemur fulvus,6101,525,0.548346514569998
Eulemur fulvus,6102,525,0.182784649551272
Eulemur fulvus,6134,525,0.548322966099382
Eulemur fulvus,6135,525,0.182778454094648
Eulemur fulvus,6147,525,8.31651482316256
Eulemur fulvus,6154,525,1.27936982512558
Eulemur fulvus,6182,525,2.10170416140425
Eulemur fulvus,6267,525,8.49783825707888
Eulemur fulvus,6347,525,0.274089461484194
Eulemur fulvus,6421,525,10.9639024804161
Eulemur fulvus,6422,525,4.567756926453
Eulemur fulvus,32157,525,0.274301122583509
Eulemur fulvus,32158,525,4.20557955169034
Eulemur fulvus,32418,525,16.5402429724604
Eulemur fulvus,32478,525,0.456749789226413
Eulemur fulvus,149,180,0.55664420881176
Eulemur fulvus,156,180,0.371099061261296
Eulemur fulvus,159,180,0.556625695955813
Eulemur fulvus,168,180,0.185535398295105
Eulemur fulvus,175,180,0.463806772104442
Eulemur fulvus,183,180,0.27827526928854
Eulemur fulvus,185,180,0.463781360735595
Eulemur fulvus,195,180,0.278243954662919
Eulemur fulvus,207,180,0.185478644791543
Eulemur fulvus,210,180,0.27820176096195
Eulemur fulvus,213,180,0.64914825101471
Eulemur fulvus,218,180,0.18546587502265
Eulemur fulvus,221,180,130.021860527528
Eulemur fulvus,225,180,0.18545505566138
Eulemur fulvus,226,180,6.4908973798604
Eulemur fulvus,234,180,8.4370977335708
Eulemur fulvus,236,180,0.185438309593201
Eulemur fulvus,242,180,0.185425482894003
Eulemur fulvus,32058,180,0.185474717534363
Eulemur fulvus,32425,180,56.8711675529887
Eulemur fulvus,21372,552,7.79134288626695
Eulemur fulvus,21799,552,44.6638451275753
Eulemur fulvus,4893,523,0.732451485653877
Eulemur fulvus,5440,523,104.61434809919
Eulemur fulvus,32467,523,64.9869920614074
Eulemur fulvus,32493,523,3.11329257240254
Eulemur fulvus,32494,523,14.1007399868137
Eulemur fulvus,32507,523,2.56288165690053
Eulemur fulvus,32533,523,0.274669912564755
Eulemur fulvus,32534,523,0.366225743037939
Eulemur fulvus,32535,523,0.549305915590942
Eulemur fulvus,32558,523,0.366233005417585
Eulemur fulvus,28871,530,84.3794685088595
Eulemur fulvus,29523,530,14.989374111433
Eulemur fulvus,32549,530,42.1853106044765
Eulemur fulvus,6696,550,0.54794446963501
Eulemur fulvus,6824,550,0.365240409358501
Eulemur fulvus,6836,550,1.46089898014283
Eulemur fulvus,6846,550,0.456539862202287
Eulemur fulvus,7060,550,0.73026370028019
Eulemur fulvus,7092,550,0.547674823724389
Eulemur fulvus,7158,550,1.64285957804191
Eulemur fulvus,7174,550,0.912692769446373
Eulemur fulvus,7188,550,0.638874861070156
Eulemur fulvus,7225,550,0.82137056838429
Eulemur fulvus,7232,550,0.456318663737774
Eulemur fulvus,7260,550,1.46014583455336
Eulemur fulvus,7428,550,753.175526303529
Eulemur fulvus,7436,550,2.00722734047782
Eulemur fulvus,7448,550,0.364942030489683
Eulemur fulvus,7462,550,0.456175956650972
Eulemur fulvus,7463,550,0.273705573990583
Eulemur fulvus,21038,66,110.634216100066
Eulemur fulvus,32316,83,17.1091583224724
Eulemur fulvus,13857,155,38.0240908844043
Eulemur fulvus,13954,155,3.07696966736627
Eulemur fulvus,13964,155,0.723997986286044
Eulemur fulvus,14031,155,0.361958205401897
Eulemur fulvus,32583,155,0.452763459861636
Eulemur fulvus,24699,159,349.221564716322
Eulemur fulvus,21429,324,2.32767118465054
Eulemur fulvus,21595,324,69.5634544487439
Eulemur fulvus,23410,324,605.890019080167
Eulemur fulvus,1070,350,197.731583171071
Eulemur fulvus,2327,350,0.459940905707538
Eulemur fulvus,2572,350,0.643524707942724
Eulemur fulvus,2627,350,0.459616383672059
Eulemur fulvus,2637,350,0.183841973942041
Eulemur fulvus,2647,350,0.643432019172192
Eulemur fulvus,2656,350,0.275752651619673
Eulemur fulvus,2672,350,0.367655302864194
Eulemur fulvus,2696,350,1.56243208603442
Eulemur fulvus,2697,350,0.275729722221732
Eulemur fulvus,2725,350,0.275717098941624
Eulemur fulvus,2741,350,0.275709061498523
Eulemur fulvus,2745,350,0.459508593737543
Eulemur fulvus,2756,350,0.45949710468936
Eulemur fulvus,2757,350,1.1946710927344
Eulemur fulvus,2774,350,0.183794934333146
Eulemur fulvus,2782,350,54.8720161250855
Eulemur fulvus,2786,350,3.21620605602419
Eulemur fulvus,2787,350,0.551364106284499
Eulemur fulvus,2793,350,1.10266377710527
Eulemur fulvus,2804,350,0.183781132994473
Eulemur fulvus,2805,350,0.367564567481756
Eulemur fulvus,2815,350,0.183777680330753
Eulemur fulvus,2819,350,0.551319225258708
Eulemur fulvus,2826,350,0.183773075227499
Eulemur fulvus,2835,350,1.10259928914046
Eulemur fulvus,2841,350,2.02137478975803
Eulemur fulvus,2842,350,0.826945434479237
Eulemur fulvus,2847,350,0.643170052255213
Eulemur fulvus,2853,350,0.183763859938979
Eulemur fulvus,2860,350,0.183761555059075
Eulemur fulvus,2861,350,1.65382056523675
Eulemur fulvus,2869,350,1.10250129361898
Eulemur fulvus,2885,350,0.826825480994821
Eulemur fulvus,2925,350,0.459349671094894
Eulemur fulvus,2951,350,0.367459639964223
Eulemur fulvus,2967,350,0.183724619395971
Eulemur fulvus,2968,350,0.275586929093957
Eulemur fulvus,2975,350,1.46972063059181
Eulemur fulvus,2976,350,0.275577679304183
Eulemur fulvus,3078,350,0.367363554798603
Eulemur fulvus,3110,350,58.8617537300254
Eulemur fulvus,3207,350,439.973113778875
Eulemur fulvus,3264,350,0.275443051051259
Eulemur fulvus,3593,350,0.275296915365994
Eulemur fulvus,3594,350,0.367061380223393
Eulemur fulvus,3622,350,0.275287525101185
Eulemur fulvus,3655,350,0.275273431350648
Eulemur fulvus,3748,350,7.33885625368941
Eulemur fulvus,3749,350,0.183485430249155
Eulemur fulvus,3828,350,1.92623914275402
Eulemur fulvus,3846,350,1.19240941025871
Eulemur fulvus,3852,350,0.275169767138779
Eulemur fulvus,4129,350,1.74189095719874
Eulemur fulvus,4180,350,0.183344545670271
Eulemur fulvus,4220,350,19.8004591727503
Eulemur fulvus,4280,350,4.94941971172941
Eulemur fulvus,4302,350,5.77360824797451
Eulemur fulvus,4440,350,0.183276533060908
Eulemur fulvus,8077,350,107.703599382401
Eulemur fulvus,8115,350,3.82909888804102
Eulemur fulvus,9091,350,1.18376412765741
Eulemur fulvus,9638,350,6.55139839463806
Eulemur fulvus,9746,350,1.36469639132738
Eulemur fulvus,9859,350,0.181936237257004
Eulemur fulvus,11143,350,18265.7572376479
Eulemur fulvus,32098,350,458.083821753779
Eulemur fulvus,32469,350,3.46535895298588
Eulemur fulvus,32564,350,0.369282266752303
Eulemur fulvus,32565,350,0.184641133481979
Eulemur fulvus,32567,350,9.5658888511582
Eulemur fulvus,32569,350,0.827843772775352
Eulemur fulvus,32570,350,0.275940742864907
Eulemur fulvus,32571,350,0.275922588019133
Eulemur fulvus,32572,350,1.65548669658464
Eulemur fulvus,32574,350,0.459814922548056
Eulemur fulvus,32575,350,10.9920872748523
Eulemur fulvus,32576,350,0.923443426764727
Eulemur fulvus,32578,350,0.184049760341406
Eulemur fulvus,32580,350,1.74834825798291
Eulemur fulvus,32582,350,1.74828060862398
Eulemur fulvus,17692,379,0.180086833140135
Eulemur fulvus,18949,379,1032.09468954584
Eulemur fulvus,19091,379,21.0241786897857
Eulemur fulvus,32598,379,7.49786063311923
Eulemur fulvus,32599,379,10.465825454369
Eulemur fulvus,32609,379,0.180300166686296
Eulemur fulvus,32611,379,3.33495901543343
Eulemur fulvus,32613,379,0.180258544605851
Eulemur fulvus,32615,379,0.18024417185688
Eulemur fulvus,32616,379,0.270356910651445
Eulemur fulvus,32617,379,0.180231227523327
Eulemur fulvus,32619,379,0.360449504251242
Eulemur fulvus,32621,379,2.16237442039514
Eulemur fulvus,32624,379,0.27020117475152
Eulemur fulvus,12804,490,0.181274117312193
Eulemur fulvus,15449,490,68.0501291261465
Eulemur fulvus,15986,490,0.812480411258936
Eulemur fulvus,17454,490,170.780797274529
Eulemur fulvus,17829,490,70.171205546759
Eulemur fulvus,18142,490,0.179958904524803
Eulemur fulvus,18237,490,2.87876883525968
Eulemur fulvus,18247,490,0.899620833965421
Eulemur fulvus,18298,490,0.269868277515173
Eulemur fulvus,18849,490,36.126370737397
Eulemur fulvus,19373,490,280.61110980638
Eulemur fulvus,23551,490,79.7835008618025
Eulemur fulvus,23936,490,180.783642575444
Eulemur fulvus,24142,490,224.834746882417
Eulemur fulvus,25293,490,11417.6723796532
Eulemur fulvus,26632,490,0.62064821295929
Eulemur fulvus,26652,490,0.265972006814122
Eulemur fulvus,26674,490,0.709200345668078
Eulemur fulvus,26695,490,0.177290677110672
Eulemur fulvus,28929,490,28.8370827305443
Eulemur fulvus,30545,490,4889.30675624472
Eulemur fulvus,32025,490,1329.88182992828
Eulemur fulvus,32522,490,54.7933720210891
Eulemur fulvus,32530,490,58.1494763075515
Eulemur fulvus,32531,490,38.3946948622806
Eulemur fulvus,32532,490,1.35457540027201
Eulemur fulvus,32550,490,355.553761067319
Eulemur fulvus,32552,490,72.7284184850583
Eulemur fulvus,32563,490,47.4469397172759
Eulemur fulvus,32653,556,19.4337860709381
Eulemur fulvus,32654,556,187.042904927285
Eulemur fulvus,32655,557,9.05780211758673
Eulemur fulvus,18542,527,0.449603298739433
Eulemur fulvus,18543,527,0.359686745625973
Eulemur fulvus,18670,527,167.74218789238
Eulemur fulvus,32585,527,0.449634089967847
Eulemur fulvus,21117,529,90.2006443720138
Eulemur fulvus,21267,529,3.3134309653126
Eulemur fulvus,21496,529,0.268576509485722
Eulemur fulvus,32219,529,170.754673511907
Eulemur fulvus,32255,529,3.75955498127008
Eulemur fulvus,32634,529,1.79238486696017
Eulemur fulvus,32650,529,59.9353472358141
Eulemur fulvus,28385,543,43.8138426610677
Eulemur fulvus,32648,543,29.8714330564705
Eulemur fulvus,32649,543,12.976202944595
Eulemur fulvus,31844,554,2.33597082442749
Eulemur fulvus,31846,554,0.173038084078312
Eulemur fulvus,32556,554,57.1920356452289
Eulemur fulvus,31954,558,0.777178853789091
Eulemur fulvus,32475,558,0.604549703200817
Eulemur fulvus,32660,558,19.9515621485635
Eulemur fulvus,32656,559,27.2715936270507
Eulemur fulvus,32657,560,29.4123165165292
Eulemur fulvus,32658,561,29.3885406549345
Eulemur fulvus,32659,562,20.6592519148769
Eulemur fulvus,26019,555,79.2501346083427
Eulemur fulvus,32638,555,19.8014696613791
Eulemur fulvus,26731,563,179.203033287175
Eulemur fulvus,32640,563,3.46228309355116
Eulemur fulvus,32645,563,2.65747338466716
Eulemur fulvus,32646,563,0.177169278389692
Eulemur macaco,200,5,11.5425439636641
Eulemur macaco,357,6,21.7783583285349
Eulemur macaco,373,6,1.29187423454964
Eulemur macaco,380,6,0.184550999780059
Eulemur macaco,381,6,0.276826499670088
Eulemur macaco,608,8,174.254565111761
Eulemur macaco,867,12,29.3753021912422
Eulemur macaco,7923,75,8.43718636894178
Eulemur macaco,8038,84,0.347606800359964
Eulemur macaco,8044,84,6.60311605216253
Eulemur macaco,8063,84,0.260613872785091
Eulemur macaco,556,139,38.9884159684163
Eulemur macaco,2108,156,3.7066306409353
Eulemur macaco,2109,156,1.62738922571898
Eulemur macaco,2156,159,3.0731879689889
Eulemur macaco,2184,159,6.50742985020852
Eulemur macaco,2233,159,31.4470245058822
Eulemur macaco,2253,173,10.5706389404131
Eulemur macaco,1092,107,1.73741523864472
Eulemur macaco,1108,107,58.1625089647896
Eulemur macaco,3753,171,50.5128889844387
Eulemur macaco,3964,171,35.5206766781266
Eulemur macaco,3985,171,137.38275887876
Eulemur macaco,206,2,10.1575986438801
Eulemur macaco,229,2,3.6934969105357
Eulemur macaco,1034,13,395.606886539002
Eulemur macaco,1039,13,0.3660581814937
Eulemur macaco,1042,13,0.366043563450038
Eulemur macaco,82,3,11.1806174851229
Eulemur macaco,126,3,119.891712470573
Eulemur macaco,268,3,197.731583171071
Eulemur macaco,625,3,6.63162645038044
Eulemur macaco,636,3,1.74986507844758
Eulemur macaco,675,3,0.184032862201214
Eulemur macaco,679,3,0.18402045498687
Eulemur macaco,692,3,0.183992209264755
Eulemur macaco,718,3,0.4598808172791
Eulemur macaco,776,3,3194.82874252356
Eulemur macaco,8161,3,0.369282266752303
Eulemur macaco,8162,3,0.184641133481979
Eulemur macaco,8163,3,0.184049760341406
Eulemur macaco,8165,3,1.74834825798291
Eulemur macaco,8167,3,1.74828060862398
Eulemur macaco,642,179,172.026713172087
Eulemur macaco,7195,34,94.0715938528469
Eulemur macaco,7213,34,0.17513996987009
Eulemur macaco,7222,34,0.175113467076778
Eulemur macaco,7342,34,0.174932641012549
Eulemur macaco,7523,34,439.811327956731
Eulemur macaco,7570,34,5.06426714183665
Eulemur macaco,7593,34,0.261868806515336
Eulemur macaco,7614,34,218.740480358474
Eulemur macaco,7860,34,1141.34450815237
Eulemur macaco,769,162,3.21760750335884
Eulemur macaco,771,162,0.643524707942724
Eulemur macaco,781,162,0.459616383672059
Eulemur macaco,783,162,0.183841973942041
Eulemur macaco,784,162,0.183840828700006
Eulemur macaco,785,162,0.643432019172192
Eulemur macaco,787,162,0.275752651619673
Eulemur macaco,792,162,0.367655302864194
Eulemur macaco,800,162,1.10266377710527
Eulemur macaco,803,162,0.183781132994473
Eulemur macaco,807,162,2.02137478975803
Eulemur macaco,808,162,0.826945434479237
Eulemur macaco,812,162,0.826825480995119
Eulemur macaco,813,162,0.459349671094894
Eulemur macaco,814,162,0.367459639964223
Eulemur macaco,817,162,0.183724619395971
Eulemur macaco,818,162,0.275586929093957
Eulemur macaco,820,162,1.46972063059181
Eulemur macaco,821,162,0.275577679304183
Eulemur macaco,828,162,0.367363554798603
Eulemur macaco,830,162,29.9356861212078
Eulemur macaco,849,162,408.833574188839
Eulemur macaco,859,162,0.275443051051259
Eulemur macaco,8169,162,9.5658888511582
Eulemur macaco,8171,162,0.827843772775352
Eulemur macaco,8172,162,0.275940742864907
Eulemur macaco,8173,162,0.275922588019133
Eulemur macaco,8174,162,1.65548669658464
Eulemur macaco,8176,162,0.459814922548056
Eulemur macaco,1722,167,0.181274117312193
Eulemur macaco,2049,167,9.94739158739949
Eulemur macaco,2399,167,0.812480411258936
Eulemur macaco,2424,167,45.1152499548682
Eulemur macaco,2492,167,4.51010092683113
Eulemur macaco,2551,167,8.3882643164519
Eulemur macaco,2563,167,4.05792210968471
Eulemur macaco,2601,167,14.6064752953056
Eulemur macaco,2616,167,0.450774783573031
Eulemur macaco,2620,167,0.360620400392294
Eulemur macaco,2626,167,2.25361007157147
Eulemur macaco,2631,167,1.17193244256461
Eulemur macaco,2649,167,25.056995838525
Eulemur macaco,2657,167,3.69560390151608
Eulemur macaco,2676,167,0.18025854460609
Eulemur macaco,2754,167,41.9852753191171
Eulemur macaco,2982,167,0.179958904524803
Eulemur macaco,3016,167,2.87876883525968
Eulemur macaco,3020,167,0.899620833965421
Eulemur macaco,3042,167,0.269868277515173
Eulemur macaco,3285,167,36.126370737397
Eulemur macaco,3490,167,280.61110980638
Eulemur macaco,5478,167,79.7835008618025
Eulemur macaco,5600,167,11.6818860948836
Eulemur macaco,5656,167,180.783642575444
Eulemur macaco,5658,167,0.356612166113615
Eulemur macaco,5686,167,0.178258892614841
Eulemur macaco,5698,167,224.834746882417
Eulemur macaco,5700,167,0.356448453989983
Eulemur macaco,5782,167,0.712473388379216
Eulemur macaco,5811,167,2.67144722416794
Eulemur macaco,6093,167,8425.29992960942
Eulemur macaco,6588,167,0.177450581545353
Eulemur macaco,6660,167,3.99018480435884
Eulemur macaco,6681,167,0.620648212959528
Eulemur macaco,6690,167,0.265972006814122
Eulemur macaco,6704,167,0.709200345668078
Eulemur macaco,6715,167,0.177290677110672
Eulemur macaco,6775,167,0.531537427095413
Eulemur macaco,6829,167,7.08298393171608
Eulemur macaco,6919,167,0.618742599579573
Eulemur macaco,7020,167,1.32446653053212
Eulemur macaco,7128,167,2793.97268052576
Eulemur macaco,8144,167,54.7933720210891
Eulemur macaco,8149,167,38.3946948622806
Eulemur macaco,8150,167,1.35457540027201
Eulemur macaco,8151,167,2208.32657010447
Eulemur macaco,1196,177,0.273219705900669
Eulemur macaco,1233,177,31.4905464890602
Eulemur macaco,1260,177,1803.29046244265
Eulemur macaco,1274,177,2.18350559908462
Eulemur macaco,1338,178,0.181811417781591
Eulemur macaco,1418,178,658.195217393376
Eulemur rubriventer,3884,52,12.0800389464626
Eulemur rubriventer,11584,152,2.51681560592651
Eulemur rubriventer,11697,152,42.7793803081189
Eulemur rubriventer,11698,152,1.97707577065921
Eulemur rubriventer,11829,152,4.58233058484316
Eulemur rubriventer,13470,165,23.9166595676655
Eulemur rubriventer,13471,165,1.16463373756731
Eulemur rubriventer,13472,165,0.627115013766289
Eulemur rubriventer,10771,663,70.171205546759
Eulemur rubriventer,21663,617,37.7648065144268
Eulemur rubriventer,1260,618,38.9884159684163
Eulemur rubriventer,12614,692,50.5128889844387
Eulemur rubriventer,13014,692,35.5206766781266
Eulemur rubriventer,13053,692,137.38275887876
Eulemur rubriventer,4383,710,0.182741225706577
Eulemur rubriventer,4409,710,13.1553445202122
Eulemur rubriventer,3442,47,0.27490821936208
Eulemur rubriventer,3496,47,19.8824612120205
Eulemur rubriventer,23165,47,0.824719871121347
Eulemur rubriventer,4345,58,0.456848093526959
Eulemur rubriventer,4358,58,0.182749920761347
Eulemur rubriventer,4395,58,0.274103139080644
Eulemur rubriventer,4396,58,0.182735011702538
Eulemur rubriventer,4408,58,0.182733768648863
Eulemur rubriventer,4412,58,0.274093192542315
Eulemur rubriventer,4429,58,0.182726307796717
Eulemur rubriventer,4434,58,0.274081997471213
Eulemur rubriventer,4451,58,4.0195369011544
Eulemur rubriventer,4483,58,0.822180016362309
Eulemur rubriventer,4489,58,64.7813755391271
Eulemur rubriventer,4494,58,0.822156348397851
Eulemur rubriventer,4495,58,0.274053362136722
Eulemur rubriventer,4498,58,5.57282749176836
Eulemur rubriventer,23183,58,0.182741225706577
Eulemur rubriventer,3999,705,16.3740665150672
Eulemur rubriventer,145,7,0.463597745714188
Eulemur rubriventer,194,7,43.2038186617044
Eulemur rubriventer,359,15,0.370271373195231
Eulemur rubriventer,361,15,0.462834125284791
Eulemur rubriventer,364,15,43.0377824654073
Eulemur rubriventer,365,15,0.18513059458977
Eulemur rubriventer,378,15,1.48074673073471
Eulemur rubriventer,379,15,1.66577102635694
Eulemur rubriventer,381,15,0.277623898765862
Eulemur rubriventer,383,15,0.277610584835947
Eulemur rubriventer,402,15,1.38815019469857
Eulemur rubriventer,23186,15,0.185083622752249
Eulemur rubriventer,4382,59,2.64969806134474
Eulemur rubriventer,4421,59,0.274089461484194
Eulemur rubriventer,4468,59,7.03479595916306
Eulemur rubriventer,4469,59,4.567756926453
Eulemur rubriventer,23184,59,0.456749789226413
Eulemur rubriventer,207,542,43.2675847418705
Eulemur rubriventer,61,4,0.55664420881176
Eulemur rubriventer,69,4,0.371099061261296
Eulemur rubriventer,72,4,0.556625695955813
Eulemur rubriventer,81,4,0.185535398295105
Eulemur rubriventer,88,4,0.463806772104442
Eulemur rubriventer,95,4,0.27827526928854
Eulemur rubriventer,96,4,0.463781360735595
Eulemur rubriventer,105,4,0.278243954662919
Eulemur rubriventer,117,4,0.185478644791543
Eulemur rubriventer,120,4,0.27820176096195
Eulemur rubriventer,123,4,0.64914825101471
Eulemur rubriventer,128,4,0.18546587502265
Eulemur rubriventer,131,4,130.021860527528
Eulemur rubriventer,135,4,0.18545505566138
Eulemur rubriventer,136,4,6.4908973798604
Eulemur rubriventer,144,4,8.4370977335708
Eulemur rubriventer,146,4,0.185438309593201
Eulemur rubriventer,152,4,0.185425482894003
Eulemur rubriventer,23107,4,0.185474717534363
Eulemur rubriventer,23185,4,56.8711675529887
Eulemur rubriventer,13733,713,7.79134288626695
Eulemur rubriventer,14095,713,44.6638451275753
Eulemur rubriventer,3686,339,682.23578789464
Eulemur rubriventer,3707,339,0.366270498121917
Eulemur rubriventer,3901,339,96.5641066309499
Eulemur rubriventer,4021,339,0.823325711141765
Eulemur rubriventer,23263,339,32.4733963823137
Eulemur rubriventer,4130,714,55.4139470237806
Eulemur rubriventer,3680,704,0.732451485653877
Eulemur rubriventer,3994,704,104.61434809919
Eulemur rubriventer,23227,704,64.9869920614074
Eulemur rubriventer,23248,704,3.11329257240254
Eulemur rubriventer,23249,704,14.1007399868137
Eulemur rubriventer,23262,704,2.56288165690053
Eulemur rubriventer,23281,704,0.274669912564755
Eulemur rubriventer,23282,704,0.366225743037939
Eulemur rubriventer,23283,704,0.549305915590942
Eulemur rubriventer,23297,704,0.366233005417585
Eulemur rubriventer,4620,711,0.54794446963501
Eulemur rubriventer,4685,711,1.46089898014283
Eulemur rubriventer,4691,711,0.456539862202287
Eulemur rubriventer,4785,711,0.73026370028019
Eulemur rubriventer,4806,711,2.28180747323132
Eulemur rubriventer,4809,711,1.64285957804191
Eulemur rubriventer,4817,711,0.638874861070156
Eulemur rubriventer,4823,711,0.82137056838429
Eulemur rubriventer,4826,711,0.456318663737774
Eulemur rubriventer,4834,711,1.27762744745624
Eulemur rubriventer,4838,711,0.365034251434088
Eulemur rubriventer,4877,711,394.817523115463
Eulemur rubriventer,4894,711,25.8225284101236
Eulemur rubriventer,4897,711,0.547426328327894
Eulemur rubriventer,4903,711,0.364942030489683
Eulemur rubriventer,4908,711,0.456175956650972
Eulemur rubriventer,23264,711,173.722750508177
Eulemur rubriventer,7750,110,38.0240908844043
Eulemur rubriventer,7831,110,3.07696966736627
Eulemur rubriventer,7839,110,0.723997986286044
Eulemur rubriventer,7888,110,0.361958205401897
Eulemur rubriventer,23322,110,0.452763459861636
Eulemur rubriventer,8333,118,4.52090276207972
Eulemur rubriventer,23325,118,1.62801036448324
Eulemur rubriventer,23326,118,0.180872270540357
Eulemur rubriventer,10646,715,0.180086833140135
Eulemur rubriventer,11237,715,916.623259722736
Eulemur rubriventer,23334,715,7.49786063311923
Eulemur rubriventer,23335,715,10.465825454369
Eulemur rubriventer,23345,715,0.180300166686296
Eulemur rubriventer,23347,715,3.33495901543343
Eulemur rubriventer,23349,715,0.180258544605851
Eulemur rubriventer,23351,715,0.18024417185688
Eulemur rubriventer,23352,715,0.270356910651445
Eulemur rubriventer,23353,715,0.180231227523327
Eulemur rubriventer,23355,715,0.360449504251242
Eulemur rubriventer,23357,715,2.16237442039514
Eulemur rubriventer,23360,715,0.27020117475152
Eulemur rubriventer,13045,162,13.1789857661522
Eulemur rubriventer,13333,163,5.19750467449403
Eulemur rubriventer,13514,163,46.1270806727353
Eulemur rubriventer,13626,163,0.626913510565519
Eulemur rubriventer,23368,163,15.2320228051803
Eulemur rubriventer,23371,163,0.447673652347684
Eulemur rubriventer,13782,473,1.34292058028018
Eulemur rubriventer,13801,473,155.445673128847
Eulemur rubriventer,13861,473,0.268565856355548
Eulemur rubriventer,13915,473,59.1812618295658
Eulemur rubriventer,12633,513,96.6300998643258
Eulemur rubriventer,10820,516,146.161730094645
Eulemur rubriventer,11371,516,0.449603298739433
Eulemur rubriventer,11372,516,0.359686745625973
Eulemur rubriventer,23333,516,0.449634089967847
Eulemur rubriventer,818,535,197.731583171071
Eulemur rubriventer,950,535,409.977186053621
Eulemur rubriventer,1127,535,34.8530751047845
Eulemur rubriventer,1186,535,3.3190113432076
Eulemur rubriventer,1187,535,0.829756662988365
Eulemur rubriventer,1188,535,2.30487087117308
Eulemur rubriventer,1293,535,2.21176632067752
Eulemur rubriventer,1315,535,1.47449437760079
Eulemur rubriventer,1348,535,19.6280861705105
Eulemur rubriventer,2130,535,0.643524707942724
Eulemur rubriventer,2186,535,0.459616383672059
Eulemur rubriventer,2200,535,0.183841973942041
Eulemur rubriventer,2209,535,0.643432019172192
Eulemur rubriventer,2215,535,0.275752651619673
Eulemur rubriventer,2235,535,0.367655302864194
Eulemur rubriventer,2250,535,1.56243208603442
Eulemur rubriventer,2251,535,0.275729722221732
Eulemur rubriventer,2265,535,0.275717098941624
Eulemur rubriventer,2276,535,0.275709061498523
Eulemur rubriventer,2282,535,0.459508593737543
Eulemur rubriventer,2290,535,0.45949710468936
Eulemur rubriventer,2291,535,1.1946710927344
Eulemur rubriventer,2302,535,0.183794934333146
Eulemur rubriventer,2308,535,54.8720161250855
Eulemur rubriventer,2310,535,3.21620605602419
Eulemur rubriventer,2311,535,0.551364106284499
Eulemur rubriventer,2321,535,1.10266377710527
Eulemur rubriventer,2330,535,0.183781132994473
Eulemur rubriventer,2331,535,0.367564567481756
Eulemur rubriventer,2340,535,0.183777680330753
Eulemur rubriventer,2346,535,0.551319225258708
Eulemur rubriventer,2350,535,0.183773075227499
Eulemur rubriventer,2358,535,1.10259928914046
Eulemur rubriventer,2364,535,2.02137478975803
Eulemur rubriventer,2365,535,0.826945434479237
Eulemur rubriventer,2370,535,0.643170052255213
Eulemur rubriventer,2375,535,0.183763859938979
Eulemur rubriventer,2383,535,0.183761555059075
Eulemur rubriventer,2384,535,1.65382056523675
Eulemur rubriventer,2408,535,0.826825480994821
Eulemur rubriventer,2441,535,0.459349671094894
Eulemur rubriventer,2465,535,0.367459639964223
Eulemur rubriventer,2479,535,0.183724619395971
Eulemur rubriventer,2480,535,0.275586929093957
Eulemur rubriventer,2487,535,1.46972063059181
Eulemur rubriventer,2488,535,0.275577679304183
Eulemur rubriventer,2566,535,0.367363554798603
Eulemur rubriventer,2592,535,58.8617537300254
Eulemur rubriventer,2666,535,439.973113778875
Eulemur rubriventer,2707,535,0.275443051051259
Eulemur rubriventer,3083,535,0.733967621563852
Eulemur rubriventer,3112,535,0.183480718940854
Eulemur rubriventer,3152,535,0.275169767138779
Eulemur rubriventer,3334,535,0.274983465450168
Eulemur rubriventer,5148,535,248.075028803625
Eulemur rubriventer,5322,535,1.36592140452969
Eulemur rubriventer,5333,535,3.64204923034823
Eulemur rubriventer,5508,535,1.09175737492621
Eulemur rubriventer,5759,535,0.181763870256424
Eulemur rubriventer,6059,535,18507.9522323981
Eulemur rubriventer,23303,535,0.369282266752303
Eulemur rubriventer,23304,535,0.184641133481979
Eulemur rubriventer,23306,535,9.5658888511582
Eulemur rubriventer,23308,535,0.827843772775352
Eulemur rubriventer,23309,535,0.275940742864907
Eulemur rubriventer,23310,535,0.275922588019133
Eulemur rubriventer,23311,535,1.65548669658464
Eulemur rubriventer,23313,535,0.459814922548056
Eulemur rubriventer,23314,535,10.9920872748523
Eulemur rubriventer,23315,535,0.923443426764727
Eulemur rubriventer,23317,535,0.184049760341406
Eulemur rubriventer,23319,535,1.74834825798291
Eulemur rubriventer,23321,535,1.74828060862398
Eulemur rubriventer,22946,548,2.33597082442749
Eulemur rubriventer,22948,548,0.173038084078312
Eulemur rubriventer,23078,548,57.1920356452289
Eulemur rubriventer,23041,716,0.777178853789091
Eulemur rubriventer,23233,716,0.604549703200817
Eulemur rubriventer,23377,716,19.9515621485635
Eulemur rubriventer,23373,717,27.2715936270507
Eulemur rubriventer,23374,718,29.4123165165292
Eulemur rubriventer,23375,719,29.3885406549345
Eulemur rubriventer,23376,720,20.6592519148769
Eulemur rubriventer,11239,582,4.23005688389182
Eulemur rubriventer,23361,582,1.89003464057791
Eulemur rubriventer,7010,688,0.181274117312074
Eulemur rubriventer,8992,688,68.0501291261465
Eulemur rubriventer,9358,688,0.812480411258936
Eulemur rubriventer,10442,688,170.780797274529
Eulemur rubriventer,11045,688,0.179958904524803
Eulemur rubriventer,11125,688,2.87876883525968
Eulemur rubriventer,11133,688,0.899620833965421
Eulemur rubriventer,11171,688,0.269868277515173
Eulemur rubriventer,11614,688,36.126370737397
Eulemur rubriventer,12048,688,280.61110980638
Eulemur rubriventer,15691,688,79.7835008618025
Eulemur rubriventer,16055,688,180.783642575444
Eulemur rubriventer,16212,688,224.834746882417
Eulemur rubriventer,17266,688,11417.6723796532
Eulemur rubriventer,18480,688,0.620648212959528
Eulemur rubriventer,18498,688,0.265972006814122
Eulemur rubriventer,18522,688,0.709200345668078
Eulemur rubriventer,18545,688,0.177290677110672
Eulemur rubriventer,20460,688,28.8370827305443
Eulemur rubriventer,21773,688,4897.46337713661
Eulemur rubriventer,22534,688,1329.88182992828
Eulemur rubriventer,22613,688,23.1220312933333
Eulemur rubriventer,22650,688,6.60311605216253
Eulemur rubriventer,22679,688,16.0684737306561
Eulemur rubriventer,23268,688,54.7933720210891
Eulemur rubriventer,23276,688,58.1494763075515
Eulemur rubriventer,23277,688,38.3946948622806
Eulemur rubriventer,23278,688,1.35457540027201
Eulemur rubriventer,23294,688,355.553761067319
Eulemur rubriventer,23302,688,47.4469397172759
Eulemur rubriventer,23380,721,19.4337860709381
Eulemur rubriventer,23381,722,187.042904927285
Eulemur rubriventer,23382,723,9.05780211758673
Eulemur rufifrons,267,18,12.9221110452747
Eulemur rufifrons,286,19,20.6591479170249
Eulemur rufifrons,306,180,27.1905867924848
Eulemur rufifrons,314,21,1.29021050430787
Eulemur rufifrons,317,22,0.552934153653026
Eulemur rufifrons,318,22,1.47449437760079
Eulemur rufifrons,319,22,1.29016978290457
Eulemur rufifrons,320,22,3.87045538569027
Eulemur rufifrons,322,21,17.7836259858013
Eulemur rufifrons,323,21,0.276460470763922
Eulemur rufifrons,325,22,3.04084036644864
Eulemur rufifrons,327,22,0.460734393374979
Eulemur rufifrons,328,22,11.4269060107775
Eulemur rufifrons,333,352,1.38205641757107
Eulemur rufifrons,335,352,62.754294542233
Eulemur rufifrons,338,352,1.19747486800301
Eulemur rufifrons,341,352,32.5124332313215
Eulemur rufifrons,348,352,1.93420808195144
Eulemur rufifrons,350,352,2.67083779864252
Eulemur rufifrons,352,352,0.460479690076709
Eulemur rufifrons,359,352,85.099799255585
Eulemur rufifrons,387,352,0.368247658203006
Eulemur rufifrons,388,352,1.9332504060809
Eulemur rufifrons,394,352,0.46028662934947
Eulemur rufifrons,413,352,405.493937963261
Eulemur rufifrons,416,352,0.367843747830391
Eulemur rufifrons,434,27,279.305198323983
Eulemur rufifrons,465,27,7.62849285122781
Eulemur rufifrons,505,27,30.5083896894878
Eulemur rufifrons,561,30,23.2404467825878
Eulemur rufifrons,782,32,298.12932147101
Eulemur rufifrons,7309,331,0.631062051789641
Eulemur rufifrons,7324,331,0.450718864005446
Eulemur rufifrons,7354,331,0.54080579772687
Eulemur rufifrons,7403,331,13.9672160613456
Eulemur rufifrons,7405,331,115.261334267796
Eulemur rufifrons,7462,331,1.08106320823479
Eulemur rufifrons,7481,331,0.270244515994787
Eulemur rufifrons,7495,331,2.43191607726073
Eulemur rufifrons,15486,351,37.7648065144268
Eulemur rufifrons,8226,413,76.2120096866763
Eulemur rufifrons,8261,428,50.5128889844387
Eulemur rufifrons,8432,428,35.5206766781266
Eulemur rufifrons,14584,184,68.4073900828574
Eulemur rufifrons,17793,456,31.0182859874093
Eulemur rufifrons,8462,474,42.3362076362427
Eulemur rufifrons,1780,484,19.2038282113973
Eulemur rufifrons,1843,484,1.91988596975887
Eulemur rufifrons,1844,484,4.2053427026192
Eulemur rufifrons,17834,484,2.19383277368414
Eulemur rufifrons,9910,390,16.7503128028274
Eulemur rufifrons,1119,33,0.824719871121347
Eulemur rufifrons,1204,33,0.274908219362199
Eulemur rufifrons,1321,33,19.8824612120205
Eulemur rufifrons,2066,319,0.456848093526959
Eulemur rufifrons,2113,319,0.274103139080644
Eulemur rufifrons,2130,319,0.274093192542315
Eulemur rufifrons,2151,319,0.274081997471213
Eulemur rufifrons,2196,319,0.822180016362309
Eulemur rufifrons,2205,319,0.274053362136722
Eulemur rufifrons,2214,319,5.57282749176896
Eulemur rufifrons,2353,319,64.7813755391271
Eulemur rufifrons,18120,319,4.01953690115464
Eulemur rufifrons,18121,319,0.822156348397851
Eulemur rufifrons,1679,491,16.3740665150672
Eulemur rufifrons,1905,493,22.2892814174211
Eulemur rufifrons,17727,493,37.6497033879563
Eulemur rufifrons,18039,486,112.468627701651
Eulemur rufifrons,27,2,0.55664420881176
Eulemur rufifrons,29,2,0.371099061261296
Eulemur rufifrons,31,2,0.556625695955515
Eulemur rufifrons,34,2,0.463806772104681
Eulemur rufifrons,37,2,0.27827526928854
Eulemur rufifrons,18158,2,9.36908318528281
Eulemur rufifrons,49,497,26.7219759851387
Eulemur rufifrons,18159,498,20.2118844377252
Eulemur rufifrons,53,4,0.463597745714188
Eulemur rufifrons,73,4,43.1111113539241
Eulemur rufifrons,157,9,38.8725107153612
Eulemur rufifrons,166,9,1.48074673073471
Eulemur rufifrons,167,9,1.66577102635694
Eulemur rufifrons,169,9,1.38815019469857
Eulemur rufifrons,172,9,0.277623898765862
Eulemur rufifrons,174,9,0.277610584835947
Eulemur rufifrons,511,134,0.275667671454787
Eulemur rufifrons,519,134,1.92954817861235
Eulemur rufifrons,555,134,0.275591552190423
Eulemur rufifrons,571,134,31.9701440608883
Eulemur rufifrons,18045,134,0.367500048400104
Eulemur rufifrons,81,356,21.0334598369182
Eulemur rufifrons,1868,464,0.6399434845016
Eulemur rufifrons,1883,464,0.45708591381228
Eulemur rufifrons,1908,464,5.85033975470352
Eulemur rufifrons,1918,464,24.6792146248873
Eulemur rufifrons,1948,464,1.0054375043211
Eulemur rufifrons,1950,464,2.83342021114933
Eulemur rufifrons,1976,464,1.00536820483017
Eulemur rufifrons,1977,464,2.37624750380063
Eulemur rufifrons,1982,464,0.274192454328179
Eulemur rufifrons,1998,464,1.5536069370805
Eulemur rufifrons,2000,464,0.548346514569998
Eulemur rufifrons,2014,464,0.548322966099382
Eulemur rufifrons,2019,464,8.31651482316256
Eulemur rufifrons,2023,464,1.27936982512558
Eulemur rufifrons,2042,464,2.10170416140425
Eulemur rufifrons,2094,464,8.49783825707888
Eulemur rufifrons,2141,464,0.274089461484194
Eulemur rufifrons,2185,464,10.9639024804161
Eulemur rufifrons,2186,464,4.567756926453
Eulemur rufifrons,17800,464,0.274301122583509
Eulemur rufifrons,17801,464,4.20557955169034
Eulemur rufifrons,18128,464,16.5402429724604
Eulemur rufifrons,18183,464,0.456749789226413
Eulemur rufifrons,269,17,51.0517464612443
Eulemur rufifrons,279,17,10.335222133148
Eulemur rufifrons,280,17,1.56875565783554
Eulemur rufifrons,283,17,0.369083674412966
Eulemur rufifrons,284,17,53.6056232874805
Eulemur rufifrons,285,17,0.553546154210627
Eulemur rufifrons,15824,438,54.5408324229195
Eulemur rufifrons,18232,502,36.3826787541578
Eulemur rufifrons,17031,444,54.0963039379551
Eulemur rufifrons,17791,444,15.5764797698595
Eulemur rufifrons,18244,444,0.259797577435732
Eulemur rufifrons,1442,460,0.732451485653877
Eulemur rufifrons,1665,460,104.61434809919
Eulemur rufifrons,18178,460,64.9869920614074
Eulemur rufifrons,18198,460,3.11329257240254
Eulemur rufifrons,18199,460,14.1007399868137
Eulemur rufifrons,18212,460,2.56288165690053
Eulemur rufifrons,18214,460,0.274669912564755
Eulemur rufifrons,18215,460,0.366225743037939
Eulemur rufifrons,18216,460,0.549305915590942
Eulemur rufifrons,18257,460,0.366233005417585
Eulemur rufifrons,17104,461,157.845280077024
Eulemur rufifrons,17788,461,63.798109872398
Eulemur rufifrons,18138,503,14.876475508235
Eulemur rufifrons,18239,461,9.98819568180025
Eulemur rufifrons,14816,482,16.1215402504437
Eulemur rufifrons,17966,482,84.3794685088595
Eulemur rufifrons,18246,482,54.2897934620137
Eulemur rufifrons,18247,482,31.4692072683324
Eulemur rufifrons,17974,487,155.727060960763
Eulemur rufifrons,6364,146,38.0240908844043
Eulemur rufifrons,6407,146,3.07696966736627
Eulemur rufifrons,6412,146,0.723997986286044
Eulemur rufifrons,6437,146,0.361958205401897
Eulemur rufifrons,18258,146,0.452763459861636
Eulemur rufifrons,8651,213,110.634216100066
Eulemur rufifrons,1917,283,1.09691577132261
Eulemur rufifrons,1968,283,146.728748034176
Eulemur rufifrons,1973,283,0.274199880823612
Eulemur rufifrons,2129,283,2.55808245034969
Eulemur rufifrons,2287,283,12.5127359985033
Eulemur rufifrons,2331,283,0.365302981338978
Eulemur rufifrons,2345,283,4.47479395514262
Eulemur rufifrons,2582,283,0.365083405034542
Eulemur rufifrons,3033,283,3.46533733650792
Eulemur rufifrons,3045,283,0.364786009705067
Eulemur rufifrons,3127,283,1.45892001618862
Eulemur rufifrons,3171,283,8.20544973544359
Eulemur rufifrons,3647,283,8.65277234697043
Eulemur rufifrons,3765,283,0.273218414016366
Eulemur rufifrons,4270,283,1.09175737492621
Eulemur rufifrons,5121,283,3583.94840987855
Eulemur rufifrons,17843,283,63.0670493476875
Eulemur rufifrons,18011,283,284.051132869877
Eulemur rufifrons,18219,283,50.479858187559
Eulemur rufifrons,18256,283,57.9742847944451
Eulemur rufifrons,7946,316,1032.09468954584
Eulemur rufifrons,17861,316,21.0241786897857
Eulemur rufifrons,18273,316,7.49786063311923
Eulemur rufifrons,18274,316,10.465825454369
Eulemur rufifrons,18286,316,3.33495901543343
Eulemur rufifrons,18291,316,0.270356910651445
Eulemur rufifrons,18294,316,0.360449504251242
Eulemur rufifrons,18296,316,2.16237442039514
Eulemur rufifrons,18299,316,0.27020117475152
Eulemur rufifrons,6844,409,0.541865988803864
Eulemur rufifrons,7134,409,1.08250429114509
Eulemur rufifrons,7353,409,3.69525199752831
Eulemur rufifrons,7484,409,0.450392124587417
Eulemur rufifrons,7555,409,41.4283392826318
Eulemur rufifrons,7565,409,0.540243106049657
Eulemur rufifrons,7580,409,3.24106556468964
Eulemur rufifrons,7588,409,6.75206841571271
Eulemur rufifrons,7717,409,2.87876883525968
Eulemur rufifrons,7722,409,0.899620833965421
Eulemur rufifrons,7736,409,0.269868277515173
Eulemur rufifrons,7909,409,36.126370737397
Eulemur rufifrons,8062,409,280.61110980638
Eulemur rufifrons,9251,409,0.268099946761966
Eulemur rufifrons,9272,409,21.5350859031137
Eulemur rufifrons,9321,409,20.0147849152439
Eulemur rufifrons,9380,409,0.982382860410214
Eulemur rufifrons,9435,409,1.25003945505071
Eulemur rufifrons,9794,409,180.783642575444
Eulemur rufifrons,9941,409,190.682550016079
Eulemur rufifrons,10615,409,10433.5021986745
Eulemur rufifrons,11663,409,0.620648212959528
Eulemur rufifrons,11678,409,0.265972006814122
Eulemur rufifrons,11702,409,0.709200345668078
Eulemur rufifrons,14079,409,28.8370827305443
Eulemur rufifrons,15618,409,4897.46337713661
Eulemur rufifrons,16466,409,1329.88182992828
Eulemur rufifrons,16546,409,72.7284184850759
Eulemur rufifrons,18213,409,52.8154564408952
Eulemur rufifrons,18233,409,355.553761067319
Eulemur rufifrons,18335,505,19.4337860709381
Eulemur rufifrons,18336,505,187.042904927285
Eulemur rufifrons,10797,418,509.004872819902
Eulemur rufifrons,17951,418,25.9190793253232
Eulemur rufifrons,10371,462,49.288619264533
Eulemur rufifrons,10567,462,37.6226567107038
Eulemur rufifrons,7821,468,0.449603298739433
Eulemur rufifrons,7822,468,0.359686745625973
Eulemur rufifrons,7861,468,167.74218789238
Eulemur rufifrons,18260,468,0.449634089967847
Eulemur rufifrons,18032,470,17.1091583224724
Eulemur rufifrons,8679,472,90.2006443720138
Eulemur rufifrons,8730,472,3.3134309653126
Eulemur rufifrons,8817,472,0.268576509485722
Eulemur rufifrons,17863,472,170.754673511907
Eulemur rufifrons,17981,472,3.75955498127008
Eulemur rufifrons,18312,472,1.79238486696017
Eulemur rufifrons,18332,472,59.9353472358141
Eulemur rufifrons,8793,473,2.32767118465054
Eulemur rufifrons,9063,473,1.78860352420616
Eulemur rufifrons,9190,473,89.7882265229853
Eulemur rufifrons,9409,473,0.714404974959851
Eulemur rufifrons,9430,473,0.535747839347601
Eulemur rufifrons,9450,473,0.446428569326758
Eulemur rufifrons,9460,473,0.4464130281533
Eulemur rufifrons,9501,473,1.87495118889725
Eulemur rufifrons,9524,473,661.667429876293
Eulemur rufifrons,14577,494,57.7613271075732
Eulemur rufifrons,18326,494,29.8714330564705
Eulemur rufifrons,2322,496,0.54794446963501
Eulemur rufifrons,2386,496,0.365240409358501
Eulemur rufifrons,2394,496,1.46089898014283
Eulemur rufifrons,2399,496,0.456539862202287
Eulemur rufifrons,2514,496,0.73026370028019
Eulemur rufifrons,2531,496,0.547674823724389
Eulemur rufifrons,2580,496,1.64285957804191
Eulemur rufifrons,2591,496,0.912692769446373
Eulemur rufifrons,2597,496,0.638874861070156
Eulemur rufifrons,2622,496,0.82137056838429
Eulemur rufifrons,2626,496,0.456318663737774
Eulemur rufifrons,2645,496,1.64265917571056
Eulemur rufifrons,2676,496,2.09870394610953
Eulemur rufifrons,2751,496,753.814320473975
Eulemur rufifrons,2752,496,0.273718223156929
Eulemur rufifrons,2753,496,0.273718223156929
Eulemur rufifrons,2757,496,2.0072273404777
Eulemur rufifrons,2764,496,0.364942030489683
Eulemur rufifrons,2772,496,0.273705573990226
Eulemur rufifrons,2803,496,0.547380770865917
Eulemur rufifrons,2830,496,0.273672653065681
Eulemur rufifrons,18218,496,0.456175956650376
Eulemur rufifrons,17016,499,2.33597082442749
Eulemur rufifrons,17353,499,57.1920356452289
Eulemur rufifrons,17160,506,0.777178853789091
Eulemur rufifrons,18182,506,0.604549703200817
Eulemur rufifrons,18331,506,19.9515621485635
Eulemur rufifrons,18327,507,27.2715936270507
Eulemur rufifrons,18328,508,29.4123165165292
Eulemur rufifrons,18329,509,29.3885406549345
Eulemur rufifrons,18330,510,20.6592519148769
Eulemur rufifrons,11407,504,79.2501346083427
Eulemur rufifrons,12464,504,260.732262440753
Eulemur rufifrons,18317,504,19.8014696613791
Eulemur rufifrons,18323,504,2.65747338466716
Eulemur rufus,214,16,16.7109386026331
Eulemur rufus,259,17,33.4793083827833
Eulemur rufus,263,17,0.368899581958056
Eulemur rufus,268,17,5.80984119605243
Eulemur rufus,380,21,30.1057062332529
Eulemur rufus,1034,32,24.8478412526516
Eulemur rufus,6862,216,26.9070583393222
Eulemur rufus,6902,216,0.807085143688679
Eulemur rufus,2046,254,9.23022386336541
Eulemur rufus,2079,254,0.548279554689765
Eulemur rufus,310,212,35.5780134656684
Eulemur rufus,342,336,3.22456991307449
Eulemur rufus,344,336,0.276354423903167
Eulemur rufus,346,336,1.19747486800301
Eulemur rufus,355,336,0.644736027104974
Eulemur rufus,356,336,0.184211880049229
Eulemur rufus,362,336,11.3275119935625
Eulemur rufus,370,336,0.828750979144871
Eulemur rufus,371,336,156.956082637068
Eulemur rufus,374,336,0.18415957501781
Eulemur rufus,384,336,52.7467773476832
Eulemur rufus,397,336,1.9332504060809
Eulemur rufus,437,336,0.18402045498687
Eulemur rufus,458,336,969.74008468581
Eulemur rufus,456,225,0.183791485481143
Eulemur rufus,461,225,0.367564567481756
Eulemur rufus,462,225,1.74590292306334
Eulemur rufus,463,225,5.4214185239231
Eulemur rufus,465,225,0.183777680330753
Eulemur rufus,466,225,0.551319225258708
Eulemur rufus,468,225,0.183773075227499
Eulemur rufus,471,225,1.10259928914046
Eulemur rufus,472,225,0.643170052255213
Eulemur rufus,474,225,0.183763859938979
Eulemur rufus,475,225,0.183761555059075
Eulemur rufus,476,225,1.65382056523675
Eulemur rufus,512,225,115.846622038654
Eulemur rufus,13190,357,13.3199779431528
Eulemur rufus,6750,418,50.5128889844387
Eulemur rufus,6909,418,35.5206766781266
Eulemur rufus,6928,418,137.38275887876
Eulemur rufus,10214,361,14.9604603632168
Eulemur rufus,12161,217,68.4073900828574
Eulemur rufus,6473,416,22.9149130427895
Eulemur rufus,6552,416,226.595513355561
Eulemur rufus,6654,416,209.872692452125
Eulemur rufus,6723,416,29.6140814153765
Eulemur rufus,6792,416,27.1826950971956
Eulemur rufus,6937,458,42.3362076362427
Eulemur rufus,1873,465,19.2038282113973
Eulemur rufus,1944,465,1.91988596975887
Eulemur rufus,1945,465,4.2053427026192
Eulemur rufus,1983,465,2.19383277368402
Eulemur rufus,13664,459,9.30640563301087
Eulemur rufus,1742,469,16.3740665150672
Eulemur rufus,68,331,21.0334598369182
Eulemur rufus,1906,346,0.274301122583389
Eulemur rufus,1919,346,4.20557955168939
Eulemur rufus,1960,346,0.6399434845016
Eulemur rufus,1970,346,0.45708591381228
Eulemur rufus,1986,346,5.85033975470352
Eulemur rufus,1993,346,24.6792146248873
Eulemur rufus,2015,346,2.65062070312488
Eulemur rufus,2019,346,0.182805694629431
Eulemur rufus,2034,346,0.274192454328179
Eulemur rufus,2043,346,0.548346514569998
Eulemur rufus,2044,346,0.182784649551272
Eulemur rufus,2045,346,1.18809712456632
Eulemur rufus,2058,346,0.182778454094648
Eulemur rufus,2065,346,5.0262264291631
Eulemur rufus,2068,346,1.27936982512558
Eulemur rufus,2115,346,8.49783825707936
Eulemur rufus,2142,346,0.274089461484194
Eulemur rufus,2155,346,10.9639024804161
Eulemur rufus,2157,346,4.56775692645169
Eulemur rufus,13725,346,16.5402429724604
Eulemur rufus,13756,346,0.456749789226413
Eulemur rufus,12670,472,0.262374952285051
Eulemur rufus,12703,472,7.6956431485666
Eulemur rufus,12734,472,1.39882735335076
Eulemur rufus,13165,467,751.8773576308
Eulemur rufus,2461,46,22.7152047918453
Eulemur rufus,2740,46,0.456063180403352
Eulemur rufus,2741,46,0.182426033536196
Eulemur rufus,2778,46,0.273626992046833
Eulemur rufus,2836,46,4.28626418831897
Eulemur rufus,2837,46,3.00950935336828
Eulemur rufus,3012,46,18.3263114591413
Eulemur rufus,7146,363,56.6032599712144
Eulemur rufus,7311,363,0.268596284628034
Eulemur rufus,7379,363,22.2010035466948
Eulemur rufus,7801,363,21.5350859031137
Eulemur rufus,7848,363,41.9005646774894
Eulemur rufus,7910,363,0.982382860410214
Eulemur rufus,7947,363,1.25003945505071
Eulemur rufus,8114,363,791.271895755833
Eulemur rufus,8314,363,180.783642575444
Eulemur rufus,8505,363,223.498174803473
Eulemur rufus,8576,363,0.623562958402991
Eulemur rufus,8627,363,5.9659693880297
Eulemur rufus,8628,363,1.33564194933844
Eulemur rufus,8946,363,1249.01158894745
Eulemur rufus,9606,363,3.81525904186308
Eulemur rufus,9799,363,0.62064821295929
Eulemur rufus,9810,363,0.265972006814122
Eulemur rufus,9823,363,0.709200345668078
Eulemur rufus,9976,363,0.531537427095413
Eulemur rufus,10955,363,1951.72970061018
Eulemur rufus,11110,363,17.0264073164027
Eulemur rufus,11205,363,0.352837870779514
Eulemur rufus,11762,363,0.351836727607369
Eulemur rufus,11791,363,28.8370827305443
Eulemur rufus,11906,363,0.263575842301965
Eulemur rufus,12007,363,1195.26593626581
Eulemur rufus,12074,363,85.8350309626164
Eulemur rufus,12225,363,0.438328792405128
Eulemur rufus,12395,363,0.700833316723585
Eulemur rufus,12411,363,40.9920150841937
Eulemur rufus,12460,363,9.10585069831289
Eulemur rufus,12500,363,26.1744953179971
Eulemur rufus,1499,447,0.732451485653877
Eulemur rufus,1721,447,104.61434809919
Eulemur rufus,13748,447,64.9869920614074
Eulemur rufus,13771,447,3.11329257240254
Eulemur rufus,13772,447,14.1007399868137
Eulemur rufus,13785,447,2.56288165690053
Eulemur rufus,13787,447,0.274669912564755
Eulemur rufus,13788,447,0.366225743037939
Eulemur rufus,13789,447,0.549305915590942
Eulemur rufus,13800,447,0.366233005417585
Eulemur rufus,2206,468,0.91324119925344
Eulemur rufus,2208,468,0.54794446963501
Eulemur rufus,2248,468,0.365240409358501
Eulemur rufus,2255,468,1.46089898014283
Eulemur rufus,2258,468,0.456539862202287
Eulemur rufus,2328,468,0.73026370028019
Eulemur rufus,2343,468,0.547674823724389
Eulemur rufus,2382,468,1.64285957804191
Eulemur rufus,2392,468,0.912692769446373
Eulemur rufus,2397,468,0.638874861070156
Eulemur rufus,2413,468,0.82137056838429
Eulemur rufus,2417,468,0.456318663737774
Eulemur rufus,2431,468,1.64265917571056
Eulemur rufus,2468,468,2.09870394610953
Eulemur rufus,2547,468,568.177249556595
Eulemur rufus,2548,468,0.273718223156929
Eulemur rufus,2549,468,0.273718223156929
Eulemur rufus,2555,468,2.0072273404777
Eulemur rufus,2563,468,0.364942030489683
Eulemur rufus,2570,468,0.456175956650972
Eulemur rufus,2571,468,0.273705573990226
Eulemur rufus,13786,468,81.3668221959746
Eulemur rufus,196,14,39.8088322494032
Eulemur rufus,197,14,4.15680086977166
Eulemur rufus,13801,14,5.91201170583636
Eulemur rufus,5114,61,1.26902356374526
Eulemur rufus,5142,61,1.72204762516832
Eulemur rufus,5154,61,423.206449911294
Eulemur rufus,5269,61,0.45276620742929
Eulemur rufus,5280,61,707.157914581129
Eulemur rufus,5941,61,0.721609646918535
Eulemur rufus,6235,61,0.630264777312636
Eulemur rufus,6237,61,2.79097468797433
Eulemur rufus,6278,61,1232.99638801072
Eulemur rufus,6283,61,4.2303928320173
Eulemur rufus,6290,61,0.629987293240905
Eulemur rufus,6329,61,2.87876883525968
Eulemur rufus,6331,61,0.899620833965421
Eulemur rufus,6336,61,0.269868277515173
Eulemur rufus,6430,61,206.634122574736
Eulemur rufus,6509,61,1814.65308786806
Eulemur rufus,211,209,5.81714962045539
Eulemur rufus,219,209,77.4425012253235
Eulemur rufus,257,209,53.880920567325
Eulemur rufus,13578,221,98.239287518154
Eulemur rufus,6325,244,12.679780730103
Eulemur rufus,5687,344,8.58017503354442
Eulemur rufus,5695,344,1.17398632039285
Eulemur rufus,5722,344,0.541772844968319
Eulemur rufus,5937,344,125.658754092871
Eulemur rufus,6131,344,96.8255175607425
Eulemur rufus,13823,344,7.49786063311923
Eulemur rufus,13824,344,24.3859405829351
Eulemur rufus,13825,344,10.465825454369
Eulemur rufus,6167,474,0.270307970141172
Eulemur rufus,6184,474,34.3367314912477
Eulemur rufus,6228,474,11.6152381828089
Eulemur rufus,6469,474,83.4271619682106
Eulemur rufus,13575,474,138.275620983141
Eulemur rufus,13577,474,16.4418481049446
Eulemur rufus,13829,474,0.360588861650467
Eulemur rufus,13830,474,3.33495901543343
Eulemur rufus,13834,474,9.82213535479772
Eulemur rufus,13836,474,0.270356910651445
Eulemur rufus,13839,474,0.360449504251242
Eulemur rufus,13841,474,2.16237442039514
Eulemur rufus,13844,474,13.3322411152219
Eulemur rufus,13845,474,0.27020117475152
Eulemur rufus,13846,474,9.0956680794562
Eulemur rufus,3236,362,3.09900984286463
Eulemur rufus,3274,362,0.729165010962606
Eulemur rufus,3285,362,0.638013784430742
Eulemur rufus,3292,362,0.638009943682313
Eulemur rufus,3382,362,0.911252140481591
Eulemur rufus,3742,362,599.685039880325
Eulemur rufus,13561,362,181.438658798246
Eulemur rufus,9608,406,79.2501346083427
Eulemur rufus,10481,406,260.732262440753
Eulemur rufus,13857,406,19.8014696613791
Eulemur rufus,13863,406,2.65747338466716
Eulemur rufus,8748,425,186.68645470512
Eulemur rufus,8818,425,0.444901827133298
Eulemur rufus,8850,425,1.51242250808871
Eulemur rufus,9046,425,13.7912308459356
Eulemur rufus,13618,425,25.9190793253232
Eulemur rufus,8789,448,49.288619264533
Eulemur rufus,8916,448,37.6226567107038
Eulemur rufus,10641,452,29.8714330564705
Eulemur rufus,7064,454,1.79238486695898
Eulemur rufus,7076,454,1.61308511319971
Eulemur rufus,7128,454,163.944083724216
Eulemur rufus,7234,454,3.3134309653126
Eulemur rufus,13854,454,59.9353472358141
Eulemur rufus,7167,475,73.7143370781026
Eulemur rufus,7334,475,0.268576509485722
Eulemur rufus,13632,475,3.75955498127008
Eulemur rufus,7306,455,2.32767118465054
Eulemur rufus,7597,455,1.78860352420616
Eulemur rufus,7726,455,89.7882265229853
Eulemur rufus,7926,455,0.714404974959851
Eulemur rufus,7945,455,0.535747839347601
Eulemur rufus,7960,455,0.446428569326758
Eulemur rufus,7970,455,0.4464130281533
Eulemur rufus,7979,455,2.14264634091461
Eulemur rufus,8008,455,1.87495118889725
Eulemur rufus,8024,455,126.586442695708
Eulemur rufus,13796,455,213.203201455347
Eulemur rufus,13855,455,45.6401254658063
Eulemur rufus,13510,470,0.777178853789091
Eulemur rufus,13755,470,0.604549703200817
Eulemur rufus,13869,470,19.9515621485635
Eulemur rufus,13520,476,29.4123165165292
Eulemur rufus,13866,477,27.2715936270507
Eulemur rufus,13867,478,29.3885406549345
Eulemur rufus,13868,479,20.6592519148769
Eulemur rufus,4280,471,0.909303350584269
Eulemur rufus,4612,471,164.537443251091
Eulemur rufus,13750,471,19.9168496817793
Eulemur rufus,4012,473,15.7405483510177
Eulemur sanfordi,2719,130,42.3362076362427
Eulemur sanfordi,31,99,0.55664420881176
Eulemur sanfordi,34,99,0.371099061261296
Eulemur sanfordi,35,99,0.556625695955813
Eulemur sanfordi,39,99,9.3690831852839
Eulemur sanfordi,40,99,0.185535398295105
Eulemur sanfordi,44,99,0.463806772104442
Eulemur sanfordi,48,99,0.27827526928854
Eulemur sanfordi,50,99,0.185499234954476
Eulemur sanfordi,51,99,0.278243954662919
Eulemur sanfordi,52,99,26.0608411523744
Eulemur sanfordi,58,99,0.185478644791543
Eulemur sanfordi,59,99,0.27820176096195
Eulemur sanfordi,62,99,0.18546587502265
Eulemur sanfordi,67,99,0.18545505566138
Eulemur sanfordi,68,99,6.4908973798604
Eulemur sanfordi,75,99,8.437097733572
Eulemur sanfordi,76,99,0.185438309593201
Eulemur sanfordi,82,99,0.185425482894003
Eulemur sanfordi,2864,99,0.185474717534363
Eulemur sanfordi,874,133,19.2038282113973
Eulemur sanfordi,897,133,1.91988596975887
Eulemur sanfordi,898,133,4.2053427026192
Eulemur sanfordi,2867,133,2.19383277368414
Eulemur sanfordi,2880,131,9.30640563301087
Eulemur sanfordi,828,118,16.3740665150672
Eulemur sanfordi,901,128,0.6399434845016
Eulemur sanfordi,905,128,0.45708591381228
Eulemur sanfordi,913,128,5.85033975470352
Eulemur sanfordi,915,128,24.6792146248873
Eulemur sanfordi,920,128,1.0054375043211
Eulemur sanfordi,921,128,2.83342021114933
Eulemur sanfordi,923,128,0.182805694629431
Eulemur sanfordi,928,128,1.00536820483017
Eulemur sanfordi,929,128,2.37624750380063
Eulemur sanfordi,931,128,0.274192454328179
Eulemur sanfordi,933,128,1.5536069370805
Eulemur sanfordi,934,128,0.548346514569998
Eulemur sanfordi,935,128,0.182784649551272
Eulemur sanfordi,943,128,0.548322966099382
Eulemur sanfordi,944,128,0.182778454094648
Eulemur sanfordi,947,128,8.31651482316256
Eulemur sanfordi,948,128,1.27936982512558
Eulemur sanfordi,957,128,2.10170416140425
Eulemur sanfordi,959,128,16.5402429724617
Eulemur sanfordi,974,128,8.49783825707888
Eulemur sanfordi,988,128,0.274089461484194
Eulemur sanfordi,1001,128,10.9639024804161
Eulemur sanfordi,1002,128,4.567756926453
Eulemur sanfordi,1012,128,0.456749789226651
Eulemur sanfordi,2868,128,0.274301122583509
Eulemur sanfordi,2869,128,4.20557955169034
Eulemur sanfordi,911,135,37.6497033879563
Eulemur sanfordi,2865,135,22.2892814174211
Eulemur sanfordi,119,4,21.0334598369182
Eulemur sanfordi,273,9,0.275667671454787
Eulemur sanfordi,275,9,1.92954817861235
Eulemur sanfordi,278,9,0.275591552190423
Eulemur sanfordi,280,9,0.367434207116008
Eulemur sanfordi,281,9,0.183716525221109
Eulemur sanfordi,282,9,33.8991079803611
Eulemur sanfordi,2881,9,0.183782283741117
Eulemur sanfordi,2886,9,0.367500048400104
Eulemur sanfordi,172,74,0.370271373195231
Eulemur sanfordi,174,74,0.462834125284791
Eulemur sanfordi,176,74,43.0377824654073
Eulemur sanfordi,177,74,0.18513059458977
Eulemur sanfordi,183,74,1.48074673073471
Eulemur sanfordi,184,74,1.66577102635694
Eulemur sanfordi,185,74,0.277623898765862
Eulemur sanfordi,186,74,0.277610584835947
Eulemur sanfordi,194,74,1.38815019469857
Eulemur sanfordi,2887,74,0.185083622752249
Eulemur sanfordi,1059,137,0.365240409358501
Eulemur sanfordi,1063,137,0.273909627554297
Eulemur sanfordi,1072,137,4.47304629600858
Eulemur sanfordi,1074,137,0.73026370028019
Eulemur sanfordi,1078,137,0.18256120958209
Eulemur sanfordi,1079,137,2.64711363947523
Eulemur sanfordi,1080,137,21.5440890958488
Eulemur sanfordi,1081,137,0.547674823724389
Eulemur sanfordi,1087,137,1.64285957804191
Eulemur sanfordi,1091,137,0.912692769446373
Eulemur sanfordi,1093,137,0.638874861070156
Eulemur sanfordi,1097,137,0.82137056838429
Eulemur sanfordi,1099,137,0.456318663737774
Eulemur sanfordi,1100,137,1.64265917571056
Eulemur sanfordi,1104,137,41.6191251398455
Eulemur sanfordi,1111,137,0.182513341157198
Eulemur sanfordi,1112,137,187.703848338512
Eulemur sanfordi,1118,137,2.09870394610953
Eulemur sanfordi,1141,137,0.273718223156929
Eulemur sanfordi,1142,137,0.273718223156929
Eulemur sanfordi,1143,137,2.0072273404777
Eulemur sanfordi,1146,137,0.364942030489683
Eulemur sanfordi,1149,137,0.273705573990226
Eulemur sanfordi,1158,137,0.547380770865917
Eulemur sanfordi,1170,137,0.273672653065681
Eulemur sanfordi,2888,137,0.456175956650376
Eulemur sanfordi,2589,138,0.180231227523565
Eulemur sanfordi,2592,138,0.36044950425148
Eulemur sanfordi,2594,138,0.270186713642001
Eulemur sanfordi,2596,138,0.180086833140135
Eulemur sanfordi,2598,138,543.754096817086
Eulemur sanfordi,2603,138,0.270046082018256
Eulemur sanfordi,2605,138,32.9391828141548
Eulemur sanfordi,2624,138,136.204103041173
Eulemur sanfordi,2639,138,21.0241786897857
Eulemur sanfordi,2896,138,7.49786063311923
Euryceros prevostii,1,1,24.6990569160829
Euryceros prevostii,7,3,31.6875166683323
Euryceros prevostii,11,3,201.641486281506
Euryceros prevostii,14,3,0.914022286538959
Euryceros prevostii,21,3,3.10483766981149
Euryceros prevostii,22,3,22.1886139151784
Euryceros prevostii,34,3,3.5602138418715
Euryceros prevostii,49,3,8.94254393267929
Euryceros prevostii,55,3,1.73349393697345
Euryceros prevostii,64,3,0.638523465913415
Euryceros prevostii,65,3,1.18578380805576
Euryceros prevostii,2,2,30.1165791761407
Euryceros prevostii,3,2,7.33885625368941
Euryceros prevostii,8,2,2030.70598242586
Falco zoniventris,138,3,104.61434809919
Falco zoniventris,144,3,12.894550309714
Falco zoniventris,166,3,31.0315972086302
Falco zoniventris,168,3,91.3011098560399
Falco zoniventris,169,3,25.8225284101236
Falco zoniventris,1107,3,64.9869920614074
Falco zoniventris,1109,3,95.7257595299255
Falco zoniventris,1126,3,14.1007399868137
Falco zoniventris,1140,3,59.2635538920963
Falco zoniventris,1141,3,48.7387760582851
Falco zoniventris,8,1,51.0125296297589
Falco zoniventris,10,1,43.2038186617044
Falco zoniventris,13,1,21.1261124531245
Falco zoniventris,24,1,43.0377824654073
Falco zoniventris,42,1,10.8080899493445
Falco zoniventris,43,1,134.398518022373
Falco zoniventris,45,1,11.5425439636641
Falco zoniventris,46,1,197.731583171071
Falco zoniventris,49,1,173.308483854083
Falco zoniventris,53,1,22.1474560177448
Falco zoniventris,54,1,7.10407188852959
Falco zoniventris,55,1,16.2380797407139
Falco zoniventris,58,1,398.768168724099
Falco zoniventris,59,1,38.9884159684163
Falco zoniventris,65,1,55.3667412396783
Falco zoniventris,68,1,21.2643285958345
Falco zoniventris,71,1,50.8212270752749
Falco zoniventris,86,1,54.8720161250916
Falco zoniventris,94,1,58.8617537300254
Falco zoniventris,96,1,439.973113778875
Falco zoniventris,185,1,15188.3653669379
Falco zoniventris,187,1,29.9512227598116
Falco zoniventris,188,1,29.9512162682348
Falco zoniventris,194,1,28.5759586110833
Falco zoniventris,201,1,7.63979273292554
Falco zoniventris,203,1,14.2775380444441
Falco zoniventris,206,1,8.0013569259516
Falco zoniventris,224,1,435.776723576082
Falco zoniventris,249,1,68.8270808059785
Falco zoniventris,251,1,31.0031779444977
Falco zoniventris,257,1,959.221359676591
Falco zoniventris,266,1,11.9397076971389
Falco zoniventris,272,1,6.42071714823079
Falco zoniventris,276,1,47.4469397172683
Falco zoniventris,278,1,68.0501291261465
Falco zoniventris,283,1,10.6574180423908
Falco zoniventris,287,1,14.2635312602674
Falco zoniventris,297,1,45.4757890931163
Falco zoniventris,303,1,23.6377044755703
Falco zoniventris,329,1,166.814407413558
Falco zoniventris,341,1,70.171205546759
Falco zoniventris,345,1,7.10930073656535
Falco zoniventris,350,1,88.5546223456657
Falco zoniventris,351,1,45.6861704505024
Falco zoniventris,354,1,2091.37992534797
Falco zoniventris,355,1,54.7933720210891
Falco zoniventris,362,1,475.160885033579
Falco zoniventris,365,1,36.126370737397
Falco zoniventris,367,1,196.778625430005
Falco zoniventris,368,1,92.248662976614
Falco zoniventris,373,1,31.2671845888108
Falco zoniventris,378,1,33.404609637262
Falco zoniventris,386,1,8.61674749869728
Falco zoniventris,393,1,50.5128889844387
Falco zoniventris,400,1,26.3690466206299
Falco zoniventris,405,1,35.5206766781266
Falco zoniventris,407,1,137.38275887876
Falco zoniventris,433,1,7.79134288626695
Falco zoniventris,439,1,44.6638451275753
Falco zoniventris,449,1,270.752590721012
Falco zoniventris,472,1,10.0843859371828
Falco zoniventris,490,1,93.6344803126416
Falco zoniventris,498,1,26.7280340464827
Falco zoniventris,507,1,9.8836837253896
Falco zoniventris,508,1,17.2732563059174
Falco zoniventris,511,1,36.8701512447715
Falco zoniventris,515,1,7.47719265585076
Falco zoniventris,518,1,15.9373727249292
Falco zoniventris,521,1,8.71752069569504
Falco zoniventris,522,1,16.458830393287
Falco zoniventris,526,1,26.7624874989816
Falco zoniventris,527,1,31.123165988628
Falco zoniventris,543,1,12.1608735246027
Falco zoniventris,547,1,16.8616729400499
Falco zoniventris,550,1,17.2103168697017
Falco zoniventris,551,1,20.2261415002116
Falco zoniventris,572,1,75.8853729948524
Falco zoniventris,577,1,10.7926378575634
Falco zoniventris,593,1,30.3913607693679
Falco zoniventris,594,1,12.2808891269343
Falco zoniventris,599,1,10.3338196872387
Falco zoniventris,603,1,9.18260382897031
Falco zoniventris,623,1,254.868032259417
Falco zoniventris,647,1,28.8370827305443
Falco zoniventris,656,1,1469.47025646747
Falco zoniventris,662,1,47.8660898737548
Falco zoniventris,665,1,47.9724179387192
Falco zoniventris,677,1,17.081330381768
Falco zoniventris,686,1,50.6182071389579
Falco zoniventris,688,1,14.0073689233211
Falco zoniventris,693,1,51.9934030833045
Falco zoniventris,697,1,228.130371729738
Falco zoniventris,702,1,24.3942696526354
Falco zoniventris,706,1,48.3461235771763
Falco zoniventris,707,1,70.4223807426036
Falco zoniventris,710,1,20.0105243340718
Falco zoniventris,711,1,37.7648065144268
Falco zoniventris,721,1,17.1194640179899
Falco zoniventris,736,1,144.209292658747
Falco zoniventris,737,1,47.3011724509128
Falco zoniventris,741,1,311.419466706245
Falco zoniventris,748,1,10.3767457573529
Falco zoniventris,760,1,270.523478257323
Falco zoniventris,763,1,186.694551086272
Falco zoniventris,1066,1,26.7219759851387
Falco zoniventris,1068,1,20.2118844377252
Falco zoniventris,1110,1,15.7405483510177
Falco zoniventris,1184,1,10.9920872748523
Falco zoniventris,1185,1,26.2303242687278
Falco zoniventris,1188,1,15.385181741811
Falco zoniventris,1189,1,49.0852903906564
Falco zoniventris,1195,1,9.5658888511582
Falco zoniventris,1208,1,29.4125688188837
Falco zoniventris,359,2,167.74218789238
Falco zoniventris,371,2,1032.09468954584
Falco zoniventris,408,2,42.3362076362427
Falco zoniventris,424,2,110.634216100066
Falco zoniventris,427,2,90.2006443720138
Falco zoniventris,454,2,89.7882265229853
Falco zoniventris,468,2,674.271924355668
Falco zoniventris,480,2,7.13355141072726
Falco zoniventris,496,2,16.7503128028274
Falco zoniventris,506,2,16.3782069258974
Falco zoniventris,524,2,94.0284960762084
Falco zoniventris,530,2,509.004872819902
Falco zoniventris,584,2,260.732262440753
Falco zoniventris,591,2,13.0789196686617
Falco zoniventris,663,2,590.589880067642
Falco zoniventris,676,2,16.1215402504437
Falco zoniventris,724,2,54.5408324229195
Falco zoniventris,783,2,157.845280077024
Falco zoniventris,917,2,21.0241786897857
Falco zoniventris,919,2,170.754673511907
Falco zoniventris,984,2,25.9190793253232
Falco zoniventris,987,2,79.2501346083427
Falco zoniventris,996,2,43.5541700668897
Falco zoniventris,1002,2,88.8579889962915
Falco zoniventris,1010,2,155.727060960763
Falco zoniventris,1034,2,17.1091583224724
Falco zoniventris,1036,2,13.0307413413469
Falco zoniventris,1039,2,112.468627701651
Falco zoniventris,1044,2,14.876475508235
Falco zoniventris,1159,2,13.952446059903
Falco zoniventris,1163,2,36.3826787541578
Falco zoniventris,1168,2,9.98819568180025
Falco zoniventris,1171,2,54.2897934620137
Falco zoniventris,1172,2,31.4692072683324
Falco zoniventris,1181,2,9.25706128804803
Falco zoniventris,1224,2,7.49786063311923
Falco zoniventris,1225,2,10.465825454369
Falco zoniventris,1283,2,59.9353472358141
Falco zoniventris,1284,2,19.8014696613791
Falculea palliata,3380,8,25.2530937962923
Falculea palliata,4115,13,31.0182859874093
Falculea palliata,3923,5,8.82829803843008
Falculea palliata,3942,5,15.5764797698595
Falculea palliata,4127,5,1.64404437949145
Falculea palliata,2260,9,3.1215435653218
Falculea palliata,2274,9,5.17179658846164
Falculea palliata,2357,9,23.2564340616227
Falculea palliata,2361,9,20.5002108981814
Falculea palliata,2427,9,70.5519519286623
Falculea palliata,2447,9,3.29419845495892
Falculea palliata,2625,9,23.0622813791416
Falculea palliata,472,24,0.456848093526959
Falculea palliata,483,24,0.456835664464593
Falculea palliata,491,24,0.822180016362309
Falculea palliata,495,24,6.02962584375464
Falculea palliata,528,24,64.7813755391271
Falculea palliata,4278,24,4.01953690115464
Falculea palliata,4279,24,0.822156348397851
Falculea palliata,33,21,0.463597745714188
Falculea palliata,34,21,43.2038186617044
Falculea palliata,113,25,0.462834125284791
Falculea palliata,116,25,43.0377824654073
Falculea palliata,129,25,1.48074673073471
Falculea palliata,131,25,1.66577102635694
Falculea palliata,132,25,1.38815019469857
Falculea palliata,356,3,0.732451485653877
Falculea palliata,396,3,104.61434809919
Falculea palliata,4312,3,2.83812780485177
Falculea palliata,4328,3,0.457754929940999
Falculea palliata,4333,3,3.11329257240254
Falculea palliata,4334,3,14.1007399868137
Falculea palliata,4347,3,2.56288165690053
Falculea palliata,4351,3,0.549305915590942
Falculea palliata,399,10,16.3740665150672
Falculea palliata,418,10,19.2038282113973
Falculea palliata,432,10,1.91988596975875
Falculea palliata,433,10,4.2053427026192
Falculea palliata,445,10,2.19383277368402
Falculea palliata,459,10,9.23022386336541
Falculea palliata,466,10,0.548279554689765
Falculea palliata,502,10,9.04258868397665
Falculea palliata,520,10,0.547944469634652
Falculea palliata,540,10,1.18698935258853
Falculea palliata,541,10,0.456539862202287
Falculea palliata,587,10,0.638874861070156
Falculea palliata,595,10,365.529358261261
Falculea palliata,607,10,2.00722734047782
Falculea palliata,611,10,0.456175956650972
Falculea palliata,4348,10,87.1145138052634
Falculea palliata,3854,26,157.845280077024
Falculea palliata,4086,26,17.5386823479733
Falculea palliata,4198,26,155.727060960763
Falculea palliata,4285,26,14.876475508235
Falculea palliata,4366,26,9.98819568180025
Falculea palliata,1738,7,30.5940435805064
Falculea palliata,1782,7,0.449603298739433
Falculea palliata,1797,7,167.74218789238
Falculea palliata,1806,7,2.51681560592651
Falculea palliata,1828,7,99.6955250554757
Falculea palliata,1885,7,21.0241786897857
Falculea palliata,1925,7,110.634216100066
Falculea palliata,1964,7,42.3362076362427
Falculea palliata,1978,7,0.44819570596683
Falculea palliata,2006,7,154.253154616094
Falculea palliata,2017,7,90.2006443720138
Falculea palliata,2022,7,2.32886922907722
Falculea palliata,2038,7,3.3134309653126
Falculea palliata,2041,7,1.79096353913164
Falculea palliata,2061,7,2.32767118465054
Falculea palliata,2069,7,2.05895008530676
Falculea palliata,2070,7,1.9695149083488
Falculea palliata,2072,7,1.52182598961449
Falculea palliata,2101,7,2.50550766269672
Falculea palliata,2110,7,1.16299019851911
Falculea palliata,2113,7,0.89446200739193
Falculea palliata,2119,7,1.78860352420616
Falculea palliata,2122,7,2.86157776304519
Falculea palliata,2129,7,0.536503212695122
Falculea palliata,2130,7,1.87770515916026
Falculea palliata,2141,7,89.7882265229853
Falculea palliata,2176,7,0.714404974959851
Falculea palliata,2178,7,0.535747839347601
Falculea palliata,2182,7,0.446428569326758
Falculea palliata,2185,7,0.4464130281533
Falculea palliata,2198,7,1.87495118889725
Falculea palliata,2205,7,674.271924355668
Falculea palliata,2252,7,5.44071159735251
Falculea palliata,2264,7,5.35111748366654
Falculea palliata,2271,7,5.17274390201235
Falculea palliata,2273,7,1.5160247721132
Falculea palliata,2285,7,7.13355141072726
Falculea palliata,2365,7,16.7503128028274
Falculea palliata,2433,7,16.3782069258974
Falculea palliata,2527,7,94.0284960762084
Falculea palliata,2551,7,1.95592157479775
Falculea palliata,2576,7,509.004872819902
Falculea palliata,2974,7,260.732262440753
Falculea palliata,4118,7,4.73613397636772
Falculea palliata,4172,7,25.9190793253232
Falculea palliata,4175,7,79.2501346083427
Falculea palliata,4205,7,3.75955498127008
Falculea palliata,4261,7,3.30518937351549
Falculea palliata,4387,7,0.449634089967847
Falculea palliata,4393,7,0.628002577298522
Falculea palliata,4394,7,59.9353472358141
Falculea palliata,4395,7,1.79238486696017
Falculea palliata,4398,7,27.383507147518
Falculea palliata,4399,7,22.6292422166447
Falculea palliata,4405,7,2.65747338466716
Falculea palliata,4409,7,19.8014696613791
Falculea palliata,1511,12,0.452763459861875
Falculea palliata,1530,12,38.2051651932399
Falculea palliata,1535,12,3.07696966736638
Falculea palliata,1538,12,0.723997986286044
Falculea palliata,3051,22,13.1672804516124
Falculea palliata,3381,22,590.589880067642
Falculea palliata,3386,22,1.92878389436472
Falculea palliata,3426,22,16.1215402504437
Falculea palliata,3659,22,54.5408324229195
Falculea palliata,4184,22,43.5541700668897
Falculea palliata,4185,22,2.02803748513663
Falculea palliata,4186,22,2.11576712074435
Falculea palliata,4190,22,88.8579889962915
Falculea palliata,4237,22,17.1091583224724
Falculea palliata,4239,22,13.0307413413469
Falculea palliata,4240,22,3.87195306908155
Falculea palliata,4241,22,6.06907414019537
Falculea palliata,4242,22,112.468627701651
Falculea palliata,4361,22,36.3826787541578
Falculea palliata,4369,22,54.2897934620137
Falculea palliata,4370,22,0.526030696397066
Falculea palliata,4371,22,16.4798331569069
Falculea palliata,4380,22,9.25706128804803
Falculea palliata,4383,22,4.31856011909986
Falculea palliata,4385,22,2.02272765648687
Falculea palliata,4408,22,2.74076471963298
Fossa fossana,1,1,175.20455812096
Fossa fossana,2,1,458.083821753779
Fossa fossana,3,1,38.9884159684163
Fossa fossana,5,1,54.8720161250855
Fossa fossana,6,1,58.8617537300254
Fossa fossana,7,1,432.708220309255
Fossa fossana,8,1,21522.1658990096
Fossa fossana,11,2,170.780797274529
Fossa fossana,12,2,70.171205546759
Fossa fossana,13,2,36.126370737397
Fossa fossana,14,2,280.61110980638
Fossa fossana,15,2,50.5128889844387
Fossa fossana,16,2,35.5206766781266
Fossa fossana,17,2,137.38275887876
Fossa fossana,18,2,79.7835008618025
Fossa fossana,20,2,180.783642575444
Fossa fossana,21,2,224.834746882417
Fossa fossana,22,2,11389.3392268609
Fossa fossana,23,2,37.7648065144268
Fossa fossana,24,2,4801.43037389759
Fossa fossana,27,2,1329.88182992828
Fossa fossana,47,2,54.7933720210891
Fossa fossana,51,2,58.1494763075515
Fossa fossana,60,2,355.553761067319
Fossa fossana,62,2,72.7284184850583
Foudia madagascariensis,41027,137,11.331098059531
Foudia madagascariensis,40724,127,24.5074496821591
Foudia madagascariensis,40736,127,155.10679217918
Foudia madagascariensis,41035,127,33.156008279996
Foudia madagascariensis,41036,127,47.5161649497197
Foudia madagascariensis,41283,127,27.2109217251429
Foudia madagascariensis,27240,27,3.1215435653218
Foudia madagascariensis,27322,27,5.17179658846164
Foudia madagascariensis,27708,27,23.2564340616227
Foudia madagascariensis,27727,27,20.5002108981814
Foudia madagascariensis,28159,27,1.69214013231945
Foudia madagascariensis,28173,27,70.5519519286623
Foudia madagascariensis,28295,27,3.29419845495892
Foudia madagascariensis,29600,27,14.2456006550693
Foudia madagascariensis,41408,27,0.890525200518608
Foudia madagascariensis,41048,163,24.8640921597188
Foudia madagascariensis,40978,168,5.44071159735107
Foudia madagascariensis,41088,168,5.35111748366654
Foudia madagascariensis,41089,168,1.51602477211297
Foudia madagascariensis,41090,168,7.13355141072726
Foudia madagascariensis,41135,168,5.17274390200996
Foudia madagascariensis,40939,158,42.3362076362427
Foudia madagascariensis,40695,169,13.1672804516135
Foudia madagascariensis,9007,132,0.456848093526959
Foudia madagascariensis,9106,132,0.456835664464593
Foudia madagascariensis,9107,132,0.182735011702538
Foudia madagascariensis,9124,132,0.182733768648863
Foudia madagascariensis,9131,132,0.274093192542315
Foudia madagascariensis,9171,132,0.274081997471213
Foudia madagascariensis,9260,132,0.822180016362309
Foudia madagascariensis,9290,132,0.274053362136722
Foudia madagascariensis,9299,132,6.48646275148523
Foudia madagascariensis,9593,132,64.7813755391271
Foudia madagascariensis,40372,132,0.182726307796717
Foudia madagascariensis,40373,132,0.182715109353781
Foudia madagascariensis,40868,132,0.182749920761228
Foudia madagascariensis,41850,132,0.182741225706577
Foudia madagascariensis,41851,132,4.01953690115464
Foudia madagascariensis,41852,132,0.822156348397851
Foudia madagascariensis,6650,175,0.274908219362199
Foudia madagascariensis,6731,175,0.366509968225718
Foudia madagascariensis,6869,175,3.48152099565202
Foudia madagascariensis,6914,175,23.272929294417
Foudia madagascariensis,40515,175,0.183232200932503
Foudia madagascariensis,41793,175,0.824719871121347
Foudia madagascariensis,690,187,43.4528749465152
Foudia madagascariensis,4493,107,0.275667671454787
Foudia madagascariensis,4526,107,1.92954817861235
Foudia madagascariensis,4709,107,0.275591552190423
Foudia madagascariensis,4747,107,0.367434207116008
Foudia madagascariensis,4748,107,0.183716525221109
Foudia madagascariensis,4780,107,33.8991079803611
Foudia madagascariensis,41764,107,0.183782283741117
Foudia madagascariensis,41769,107,0.367500048400104
Foudia madagascariensis,41559,188,44.4928427752445
Foudia madagascariensis,783,155,0.370271373195231
Foudia madagascariensis,785,155,0.462834125284791
Foudia madagascariensis,789,155,43.0377824654073
Foudia madagascariensis,790,155,0.18513059458977
Foudia madagascariensis,825,155,1.48074673073471
Foudia madagascariensis,831,155,1.66577102635694
Foudia madagascariensis,838,155,0.277623898765862
Foudia madagascariensis,845,155,0.277610584835947
Foudia madagascariensis,905,155,1.38815019469857
Foudia madagascariensis,41888,155,0.185083622752249
Foudia madagascariensis,375,185,0.463597745714188
Foudia madagascariensis,494,185,43.2038186617044
Foudia madagascariensis,247,93,0.55664420881176
Foudia madagascariensis,257,93,0.371099061261296
Foudia madagascariensis,260,93,0.556625695955813
Foudia madagascariensis,272,93,0.185535398295105
Foudia madagascariensis,280,93,0.463806772104442
Foudia madagascariensis,289,93,0.27827526928854
Foudia madagascariensis,291,93,0.463781360735595
Foudia madagascariensis,309,93,0.278243954662919
Foudia madagascariensis,325,93,0.185478644791543
Foudia madagascariensis,328,93,0.27820176096195
Foudia madagascariensis,341,93,0.18546587502265
Foudia madagascariensis,349,93,130.021860527528
Foudia madagascariensis,357,93,0.18545505566138
Foudia madagascariensis,358,93,6.49089737985945
Foudia madagascariensis,376,93,0.185438309593201
Foudia madagascariensis,387,93,0.185425482894003
Foudia madagascariensis,393,93,8.4370977335708
Foudia madagascariensis,40269,93,0.185474717534363
Foudia madagascariensis,40833,93,0.64914825101459
Foudia madagascariensis,41887,93,56.8711675529887
Foudia madagascariensis,24560,189,7.79134288626695
Foudia madagascariensis,25071,189,44.6638451275753
Foudia madagascariensis,41415,162,15.5764797698595
Foudia madagascariensis,41523,162,54.0963039379551
Foudia madagascariensis,42043,162,0.259797577435732
Foudia madagascariensis,34926,165,16.1215402504437
Foudia madagascariensis,41204,165,54.5408324229195
Foudia madagascariensis,41651,165,89.3847778577724
Foudia madagascariensis,42040,165,36.3826787541578
Foudia madagascariensis,42053,165,54.2897934620137
Foudia madagascariensis,42054,165,31.4692072683324
Foudia madagascariensis,41760,192,112.468627701651
Foudia madagascariensis,39746,166,157.845280077024
Foudia madagascariensis,40715,166,0.260165493234396
Foudia madagascariensis,40716,166,12.0483039035159
Foudia madagascariensis,40717,166,12.740795570425
Foudia madagascariensis,41369,166,17.8876522784661
Foudia madagascariensis,41412,166,63.798109872398
Foudia madagascariensis,41521,166,470.340423367448
Foudia madagascariensis,41638,166,155.727060960763
Foudia madagascariensis,41858,166,14.876475508235
Foudia madagascariensis,42029,166,9.98819568180025
Foudia madagascariensis,8339,182,19.2038282113973
Foudia madagascariensis,8539,182,1.91988596975887
Foudia madagascariensis,8540,182,4.2053427026192
Foudia madagascariensis,8656,182,2.19383277368402
Foudia madagascariensis,8663,182,5.85033975470352
Foudia madagascariensis,8681,182,16.0871950112813
Foudia madagascariensis,8766,182,0.182805694629431
Foudia madagascariensis,8778,182,0.274201118186474
Foudia madagascariensis,8813,182,0.274192454328179
Foudia madagascariensis,8853,182,0.548346514569998
Foudia madagascariensis,8854,182,0.182784649551272
Foudia madagascariensis,8855,182,1.18809712456632
Foudia madagascariensis,8856,182,9.23022386336541
Foudia madagascariensis,8892,182,0.182778454094648
Foudia madagascariensis,8914,182,5.0262264291631
Foudia madagascariensis,8964,182,0.548279554689765
Foudia madagascariensis,9083,182,8.86332816260099
Foudia madagascariensis,9084,182,0.182741225706577
Foudia madagascariensis,9154,182,0.274089461484194
Foudia madagascariensis,9524,182,0.54794446963501
Foudia madagascariensis,9700,182,0.456539862202287
Foudia madagascariensis,10071,182,1.64285957804096
Foudia madagascariensis,10141,182,1.46014583455253
Foudia madagascariensis,10359,182,2.0072273404777
Foudia madagascariensis,10397,182,0.364942030489326
Foudia madagascariensis,10413,182,0.456175956650972
Foudia madagascariensis,10414,182,0.273705573990583
Foudia madagascariensis,10747,182,755.274994217511
Foudia madagascariensis,40296,182,0.456318663737297
Foudia madagascariensis,40297,182,0.821370568384051
Foudia madagascariensis,40376,182,0.912692769446492
Foudia madagascariensis,40536,182,16.3740665150672
Foudia madagascariensis,40872,182,1.27936982512581
Foudia madagascariensis,40873,182,22.3806283842244
Foudia madagascariensis,40874,182,4.567756926453
Foudia madagascariensis,40876,182,0.365240409358382
Foudia madagascariensis,40877,182,1.46089898014224
Foudia madagascariensis,40878,182,0.730263700280547
Foudia madagascariensis,40879,182,0.547674823723793
Foudia madagascariensis,40880,182,0.638874861070275
Foudia madagascariensis,41853,182,16.5402429724604
Foudia madagascariensis,41938,182,11.5120029750904
Foudia madagascariensis,7183,184,0.732451485653877
Foudia madagascariensis,7887,184,104.61434809919
Foudia madagascariensis,41929,184,64.9869920614074
Foudia madagascariensis,41953,184,3.11329257240254
Foudia madagascariensis,41954,184,14.1007399868137
Foudia madagascariensis,41967,184,2.56288165690053
Foudia madagascariensis,42005,184,0.274669912564755
Foudia madagascariensis,42006,184,0.366225743037939
Foudia madagascariensis,42007,184,0.549305915590942
Foudia madagascariensis,42061,184,0.366233005417585
Foudia madagascariensis,16373,89,38.2051651932399
Foudia madagascariensis,16427,89,3.07696966736627
Foudia madagascariensis,16434,89,0.723997986286044
Foudia madagascariensis,16500,89,0.361958205401897
Foudia madagascariensis,42086,89,0.452763459861636
Foudia madagascariensis,23416,96,1032.09468954584
Foudia madagascariensis,41568,96,21.0241786897857
Foudia madagascariensis,42101,96,7.49786063311923
Foudia madagascariensis,42102,96,10.465825454369
Foudia madagascariensis,42108,96,1.35249907425892
Foudia madagascariensis,42112,96,0.180300166686296
Foudia madagascariensis,42114,96,3.33495901543343
Foudia madagascariensis,42116,96,0.180258544605851
Foudia madagascariensis,42118,96,0.18024417185688
Foudia madagascariensis,42119,96,0.270356910651445
Foudia madagascariensis,42120,96,0.180231227523327
Foudia madagascariensis,42122,96,0.360449504251242
Foudia madagascariensis,42124,96,2.16237442039514
Foudia madagascariensis,42127,96,0.27020117475152
Foudia madagascariensis,42128,96,0.180086833140135
Foudia madagascariensis,42129,96,1.89003464057791
Foudia madagascariensis,42130,96,4.23005688389182
Foudia madagascariensis,42131,96,0.179935558159113
Foudia madagascariensis,42132,96,0.449812608878851
Foudia madagascariensis,42090,194,2.71500175354493
Foudia madagascariensis,42093,194,1.62801036448324
Foudia madagascariensis,42094,194,0.180872270540357
Foudia madagascariensis,42095,194,4.52090276207972
Foudia madagascariensis,42100,194,0.542388144284248
Foudia madagascariensis,15386,111,0.181274117312193
Foudia madagascariensis,17705,111,68.0501291261465
Foudia madagascariensis,18271,111,0.812480411258936
Foudia madagascariensis,19818,111,170.780797274529
Foudia madagascariensis,20174,111,70.1712055467508
Foudia madagascariensis,20628,111,0.899620833965421
Foudia madagascariensis,20689,111,0.269868277515173
Foudia madagascariensis,21279,111,36.2162431781246
Foudia madagascariensis,21876,111,280.700961597652
Foudia madagascariensis,22687,111,50.5128889844387
Foudia madagascariensis,23348,111,35.5206766781266
Foudia madagascariensis,23408,111,137.38275887876
Foudia madagascariensis,26980,111,79.8728324807925
Foudia madagascariensis,27509,111,180.783642575444
Foudia madagascariensis,27815,111,224.834746882435
Foudia madagascariensis,29012,111,11425.7745867019
Foudia madagascariensis,30660,111,0.620648212959528
Foudia madagascariensis,30692,111,0.265972006814122
Foudia madagascariensis,30734,111,0.709200345668078
Foudia madagascariensis,30772,111,0.177290677110672
Foudia madagascariensis,33798,111,28.8370827305443
Foudia madagascariensis,35909,111,37.7648065144268
Foudia madagascariensis,36074,111,4899.14112324598
Foudia madagascariensis,40146,111,1329.96889561471
Foudia madagascariensis,40642,111,0.179958904524803
Foudia madagascariensis,40643,111,2.87876883525717
Foudia madagascariensis,41994,111,54.7933720210891
Foudia madagascariensis,42002,111,58.1494763075515
Foudia madagascariensis,42003,111,38.3946948622806
Foudia madagascariensis,42004,111,1.35457540027201
Foudia madagascariensis,42031,111,355.641092569589
Foudia madagascariensis,42033,111,72.7284184850583
Foudia madagascariensis,42066,111,47.4469397172759
Foudia madagascariensis,42162,111,19.4337860709381
Foudia madagascariensis,42163,111,187.042904927285
Foudia madagascariensis,42164,111,9.05780211758673
Foudia madagascariensis,1933,113,197.731583171071
Foudia madagascariensis,2649,113,38.9884159684202
Foudia madagascariensis,4239,113,0.459616383672059
Foudia madagascariensis,4266,113,0.183841973942041
Foudia madagascariensis,4279,113,0.643432019172192
Foudia madagascariensis,4288,113,0.275752651619673
Foudia madagascariensis,4318,113,0.367655302864194
Foudia madagascariensis,4347,113,1.56243208603442
Foudia madagascariensis,4348,113,0.275729722221732
Foudia madagascariensis,4383,113,0.275717098941624
Foudia madagascariensis,4405,113,0.275709061498523
Foudia madagascariensis,4413,113,0.459508593737841
Foudia madagascariensis,4426,113,0.45949710468936
Foudia madagascariensis,4427,113,1.1946710927344
Foudia madagascariensis,4447,113,0.183794934333146
Foudia madagascariensis,4462,113,3.21620605602294
Foudia madagascariensis,4463,113,0.551364106284499
Foudia madagascariensis,4476,113,1.10266377710527
Foudia madagascariensis,4490,113,0.183781132994473
Foudia madagascariensis,4491,113,0.367564567481756
Foudia madagascariensis,4506,113,0.183777680330634
Foudia madagascariensis,4514,113,0.551319225258708
Foudia madagascariensis,4523,113,0.183773075227499
Foudia madagascariensis,4533,113,1.10259928914046
Foudia madagascariensis,4540,113,2.02137478975803
Foudia madagascariensis,4541,113,0.826945434479237
Foudia madagascariensis,4551,113,0.643170052255213
Foudia madagascariensis,4561,113,0.183763859938979
Foudia madagascariensis,4570,113,0.183761555059075
Foudia madagascariensis,4571,113,1.65382056523675
Foudia madagascariensis,4618,113,0.826825480994821
Foudia madagascariensis,4666,113,0.459349671094894
Foudia madagascariensis,4704,113,0.367459639964223
Foudia madagascariensis,4732,113,0.183724619395971
Foudia madagascariensis,4733,113,0.275586929093957
Foudia madagascariensis,4745,113,1.46972063059181
Foudia madagascariensis,4746,113,0.275577679304183
Foudia madagascariensis,4914,113,0.367363554798603
Foudia madagascariensis,4953,113,58.8617537300292
Foudia madagascariensis,5100,113,440.064966834339
Foudia madagascariensis,5151,113,0.275443051051259
Foudia madagascariensis,12797,113,0.18190610476923
Foudia madagascariensis,13086,113,0.363632066329241
Foudia madagascariensis,13853,113,22005.9813911509
Foudia madagascariensis,41073,113,54.8720161250916
Foudia madagascariensis,41074,113,0.643524707942724
Foudia madagascariensis,41076,113,42.2871242497581
Foudia madagascariensis,41386,113,458.083821753779
Foudia madagascariensis,41978,113,86.9343049463478
Foudia madagascariensis,41981,113,0.36825436967963
Foudia madagascariensis,41983,113,5.24674449373478
Foudia madagascariensis,41985,113,9.7552919905203
Foudia madagascariensis,42067,113,0.369282266752303
Foudia madagascariensis,42068,113,0.184641133481979
Foudia madagascariensis,42070,113,9.5658888511582
Foudia madagascariensis,42072,113,0.827843772775352
Foudia madagascariensis,42073,113,0.275940742864907
Foudia madagascariensis,42074,113,0.275922588019133
Foudia madagascariensis,42075,113,1.65548669658464
Foudia madagascariensis,42077,113,0.459814922548056
Foudia madagascariensis,42078,113,10.9920872748523
Foudia madagascariensis,42079,113,0.923443426764727
Foudia madagascariensis,42081,113,0.184049760341406
Foudia madagascariensis,42083,113,1.74834825798291
Foudia madagascariensis,42085,113,2.48435904262823
Foudia madagascariensis,24059,114,110.634216100066
Foudia madagascariensis,24168,195,90.2006443720138
Foudia madagascariensis,24198,195,2.32886922907841
Foudia madagascariensis,24404,195,3.3134309653126
Foudia madagascariensis,24485,195,1.79096353913176
Foudia madagascariensis,24641,195,2.32767118465054
Foudia madagascariensis,24735,195,1.9695149083488
Foudia madagascariensis,24745,195,1.52182598961449
Foudia madagascariensis,24875,195,0.358042122387886
Foudia madagascariensis,24905,195,0.268520162322521
Foudia madagascariensis,25022,195,0.178989041683435
Foudia madagascariensis,25044,195,0.268474406305432
Foudia madagascariensis,25064,195,2.50550766269672
Foudia madagascariensis,25208,195,0.357865030018806
Foudia madagascariensis,25209,195,0.357865030018806
Foudia madagascariensis,25242,195,1.16299019851911
Foudia madagascariensis,25283,195,0.178908027130246
Foudia madagascariensis,25315,195,0.178901901016116
Foudia madagascariensis,25341,195,3.75660892574322
Foudia madagascariensis,25455,195,1.78860352420616
Foudia madagascariensis,25509,195,3.75577742678356
Foudia madagascariensis,25607,195,0.178825184745312
Foudia madagascariensis,25847,195,89.7882265229853
Foudia madagascariensis,26448,195,0.714404974959851
Foudia madagascariensis,26517,195,0.535747839347601
Foudia madagascariensis,26549,195,0.178579506715775
Foudia madagascariensis,26570,195,0.446428569326758
Foudia madagascariensis,26594,195,0.4464130281533
Foudia madagascariensis,26698,195,1.87495118889725
Foudia madagascariensis,26786,195,674.808253743933
Foudia madagascariensis,40955,195,2.05895008530629
Foudia madagascariensis,40966,195,1.87770515916026
Foudia madagascariensis,41450,195,4.73613397636772
Foudia madagascariensis,41537,195,170.754673511907
Foudia madagascariensis,41670,195,3.75955498127008
Foudia madagascariensis,41762,195,3.30518937351549
Foudia madagascariensis,42141,195,1.79238486696017
Foudia madagascariensis,42144,195,27.383507147518
Foudia madagascariensis,42145,195,22.6292422166447
Foudia madagascariensis,42157,195,59.9353472358141
Foudia madagascariensis,27760,120,16.7503128028274
Foudia madagascariensis,32334,120,260.732262440753
Foudia madagascariensis,40655,120,94.7401919222058
Foudia madagascariensis,41101,120,509.984436593641
Foudia madagascariensis,41105,120,16.3782069258974
Foudia madagascariensis,41631,120,79.2501346083427
Foudia madagascariensis,41652,120,26.0081400826775
Foudia madagascariensis,42151,120,2.65747338466716
Foudia madagascariensis,42152,120,0.177169278389692
Foudia madagascariensis,42154,120,0.177962643784523
Foudia madagascariensis,42155,120,0.177959455840826
Foudia madagascariensis,42158,120,19.8014696613791
Foudia madagascariensis,40693,170,593.681726710519
Foudia madagascariensis,41646,170,43.5541700668897
Foudia madagascariensis,41647,170,2.02803748513663
Foudia madagascariensis,41648,170,2.11576712074435
Foudia madagascariensis,41750,170,17.1973576435087
Foudia madagascariensis,41752,170,13.3829553466861
Foudia madagascariensis,41753,170,3.87195306908155
Foudia madagascariensis,41754,170,6.06907414019537
Foudia madagascariensis,42055,170,9.25706128804803
Foudia madagascariensis,42058,170,4.31856011909986
Foudia madagascariensis,42060,170,2.02272765648687
Foudia madagascariensis,42156,170,2.74076471963298
Foudia madagascariensis,38896,190,2.33597082442749
Foudia madagascariensis,38901,190,0.173038084078312
Foudia madagascariensis,42037,190,57.1920356452289
Foudia madagascariensis,39554,196,0.777178853789091
Foudia madagascariensis,41935,196,0.604549703200817
Foudia madagascariensis,42165,196,27.2715936270507
Foudia madagascariensis,42166,196,29.4123165165292
Foudia madagascariensis,42167,196,29.3885406549345
Foudia madagascariensis,42168,196,20.6592519148769
Foudia madagascariensis,42169,196,19.9515621485635
Foudia madagascariensis,20977,193,0.449603298739433
Foudia madagascariensis,20978,193,0.359686745625973
Foudia madagascariensis,21175,193,167.74218789238
Foudia madagascariensis,42088,193,0.449634089967847
Foudia omissa,519,8,14.4181473408762
Foudia omissa,1,1,56.8711675529887
Foudia omissa,3,1,0.64914825101471
Foudia omissa,8248,1,52.3985918019408
Foudia omissa,1022,25,37.1089157964191
Foudia omissa,1049,25,57.0479435998374
Foudia omissa,1097,25,96.722053009183
Foudia omissa,1119,25,0.182113276715875
Foudia omissa,15,3,201.519044244322
Foudia omissa,42,3,81.418615761776
Foudia omissa,87,3,0.369180514121115
Foudia omissa,96,3,0.184580053010166
Foudia omissa,108,3,2.21454840610319
Foudia omissa,110,3,1.1995567112959
Foudia omissa,170,3,0.6456592656492
Foudia omissa,179,3,4.33443217345184
Foudia omissa,268,3,40.2587459644453
Foudia omissa,280,3,0.276286701651156
Foudia omissa,281,3,2.48649016338259
Foudia omissa,282,3,5.15725681965875
Foudia omissa,328,3,0.828408787800312
Foudia omissa,350,3,0.184032862201214
Foudia omissa,359,3,0.18402045498687
Foudia omissa,369,3,3.31197962940294
Foudia omissa,375,3,0.36798441852951
Foudia omissa,377,3,1.10392723276371
Foudia omissa,391,3,0.919795669861615
Foudia omissa,395,3,0.4598808172791
Foudia omissa,455,3,3.21607484909624
Foudia omissa,456,3,0.183782283740878
Foudia omissa,495,3,270.933045520923
Foudia omissa,504,3,25.5364337237547
Foudia omissa,543,3,3.48845173661
Foudia omissa,618,3,0.275296915365994
Foudia omissa,691,3,1104.19889761348
Foudia omissa,733,3,0.18336000918591
Foudia omissa,749,3,0.366640248780668
Foudia omissa,755,3,1.64962747188139
Foudia omissa,782,3,5.77274455880851
Foudia omissa,805,3,0.36636460990417
Foudia omissa,838,3,41.2839215929323
Foudia omissa,843,3,5.85717070470893
Foudia omissa,846,3,7.50287581859375
Foudia omissa,852,3,5.67174452978641
Foudia omissa,853,3,0.823325711141765
Foudia omissa,879,3,9209.73548549425
Foudia omissa,8167,3,429.468445110462
Foudia omissa,8168,3,683.078889420802
Foudia omissa,8169,3,3.50637091730267
Foudia omissa,876,9,0.182903092303932
Foudia omissa,927,9,738.625257987809
Foudia omissa,954,9,1.09562847792959
Foudia omissa,959,9,0.730251124382853
Foudia omissa,960,9,0.273849359069586
Foudia omissa,961,9,0.182563724761963
Foudia omissa,962,9,0.365114871520877
Foudia omissa,968,9,0.273786407778382
Foudia omissa,985,9,0.456063180403352
Foudia omissa,986,9,0.182426033536196
Foudia omissa,1006,9,0.364791096059203
Foudia omissa,1007,9,3.46533733650792
Foudia omissa,1048,9,29.8986495271734
Foudia omissa,1052,9,841.639518015123
Foudia omissa,1099,9,18.3080449645846
Foudia omissa,1169,9,1.27365701645505
Foudia omissa,1170,9,4.27563960578322
Foudia omissa,1238,9,0.181811417781591
Foudia omissa,1269,9,3438.19091724619
Foudia omissa,8271,9,7.7561275905453
Foudia omissa,1290,10,0.181384007577896
Foudia omissa,1338,10,0.181274117312074
Foudia omissa,1413,10,0.271612151348233
Foudia omissa,1528,10,15.8199398246365
Foudia omissa,1531,10,0.271161219533443
Foudia omissa,1536,10,0.27115982076323
Foudia omissa,1586,10,0.271044878847599
Foudia omissa,1587,10,11.836225350208
Foudia omissa,1648,10,0.541865988803864
Foudia omissa,1655,10,1.35457540027249
Foudia omissa,1679,10,84.6155401636727
Foudia omissa,1697,10,0.812480411258936
Foudia omissa,1738,10,7.21903752467107
Foudia omissa,1783,10,2.1653033994143
Foudia omissa,1813,10,8.83967015013444
Foudia omissa,1829,10,0.631399526012182
Foudia omissa,1875,10,4.05792210968471
Foudia omissa,1903,10,15.8681394199489
Foudia omissa,1910,10,0.360620400392294
Foudia omissa,1954,10,0.991438515083671
Foudia omissa,1967,10,10.1832641626657
Foudia omissa,2048,10,41.9852753191171
Foudia omissa,2398,10,0.179958904524803
Foudia omissa,2451,10,2.87876883525968
Foudia omissa,2456,10,0.899620833965421
Foudia omissa,2484,10,0.269868277515173
Foudia omissa,2760,10,36.126370737397
Foudia omissa,2990,10,280.61110980638
Foudia omissa,3382,10,50.5128889844387
Foudia omissa,3688,10,35.5206766781266
Foudia omissa,3712,10,137.38275887876
Foudia omissa,5288,10,77.7280514799157
Foudia omissa,5472,10,180.783642575444
Foudia omissa,5530,10,224.299706164162
Foudia omissa,5950,10,10653.7740182547
Foudia omissa,6348,10,0.620648212959528
Foudia omissa,6351,10,0.265972006814122
Foudia omissa,6356,10,0.709200345668078
Foudia omissa,6363,10,0.177290677110672
Foudia omissa,6397,10,0.531537427095413
Foudia omissa,6941,10,4.31124233271003
Foudia omissa,6960,10,3643.66300313395
Foudia omissa,6983,10,0.175722425133109
Foudia omissa,7051,10,0.614342893218875
Foudia omissa,7184,10,0.788521377318382
Foudia omissa,7398,10,0.874369558251738
Foudia omissa,7456,10,37.7648065144268
Foudia omissa,7527,10,844.288523802451
Foudia omissa,7543,10,0.262028568104982
Foudia omissa,7584,10,0.261868806515336
Foudia omissa,8098,10,1201.98031025328
Foudia omissa,8266,10,54.7933720210891
Foudia omissa,8269,10,48.1116464979065
Foudia omissa,8270,10,4.33088854262591
Foudia omissa,8277,10,355.466497858925
Foudia omissa,8279,10,72.7284184850583
Foudia omissa,8288,10,14.7345390929667
Foudia omissa,8294,10,19.4337860709381
Foudia omissa,8295,10,187.042904927285
Foudia omissa,8296,10,9.05780211758673
Foudia omissa,8109,26,29.4123165165292
Foudia omissa,8289,26,27.2715936270507
Foudia omissa,8290,26,29.3885406549345
Foudia omissa,8291,26,20.6592519148769
Gactornis enarratus,1,1,56.8711675529887
Gactornis enarratus,1820,1,28.8450665179954
Gactornis enarratus,2,2,3.97051299494481
Gactornis enarratus,3,2,81.418615761776
Gactornis enarratus,4,2,203.723242570878
Gactornis enarratus,5,2,150.284963521078
Gactornis enarratus,7,2,3.50637091730225
Gactornis enarratus,8,2,1.66091588708526
Gactornis enarratus,9,2,29.7954121801821
Gactornis enarratus,10,2,30.809979733636
Gactornis enarratus,11,2,4.33443217345184
Gactornis enarratus,12,2,99.4892648970416
Gactornis enarratus,23,2,3.04084036644864
Gactornis enarratus,28,2,83.8290039665172
Gactornis enarratus,29,2,1.65764340949857
Gactornis enarratus,31,2,324.501890196354
Gactornis enarratus,44,2,29.966803009745
Gactornis enarratus,45,2,29.9533284785289
Gactornis enarratus,62,2,22.4634649414376
Gactornis enarratus,70,2,1.64962747188139
Gactornis enarratus,76,2,5.77274455880851
Gactornis enarratus,104,2,12.7994648636609
Gactornis enarratus,131,2,243.919953572818
Gactornis enarratus,132,2,8.0231013040502
Gactornis enarratus,134,2,3.19109242600811
Gactornis enarratus,138,2,20.236343804207
Gactornis enarratus,142,2,22.5162443939922
Gactornis enarratus,197,2,15954.7209285294
Gactornis enarratus,199,2,1.81585824965096
Gactornis enarratus,1839,2,57.9742847944451
Gactornis enarratus,342,4,68.0501291261465
Gactornis enarratus,360,4,1.35457540027249
Gactornis enarratus,367,4,84.6155401636727
Gactornis enarratus,390,4,2.70679893900144
Gactornis enarratus,427,4,4.41784557399475
Gactornis enarratus,442,4,99.3254190953468
Gactornis enarratus,461,4,6.30495659599412
Gactornis enarratus,463,4,45.9591056366155
Gactornis enarratus,475,4,29.6280689573171
Gactornis enarratus,480,4,56.7554572199371
Gactornis enarratus,502,4,12.7853951573522
Gactornis enarratus,506,4,17.8226167186679
Gactornis enarratus,549,4,2.87876883525968
Gactornis enarratus,574,4,87.2133899743321
Gactornis enarratus,610,4,36.126370737397
Gactornis enarratus,628,4,5766.39876264857
Gactornis enarratus,642,4,280.61110980638
Gactornis enarratus,710,4,50.5128889844387
Gactornis enarratus,790,4,35.5206766781266
Gactornis enarratus,798,4,137.38275887876
Gactornis enarratus,1114,4,2.41024649195707
Gactornis enarratus,1125,4,77.7280514799157
Gactornis enarratus,1159,4,170.785426053185
Gactornis enarratus,1168,4,224.834746882417
Gactornis enarratus,1274,4,4242.48304512693
Gactornis enarratus,1426,4,4.51364348582339
Gactornis enarratus,1553,4,1.31894035812867
Gactornis enarratus,1657,4,37.7648065144268
Gactornis enarratus,1672,4,4432.17961559676
Gactornis enarratus,1803,4,1259.9886202201
Gactornis enarratus,1837,4,58.1494763075515
Gactornis enarratus,1838,4,54.7933720210891
Gactornis enarratus,1846,4,355.553761067319
Gactornis enarratus,1848,4,72.7284184850583
Gactornis enarratus,1854,4,47.4469397172759
Gactornis enarratus,1858,4,19.4337860709381
Gactornis enarratus,1859,4,187.042904927285
Gactornis enarratus,1860,4,9.05780211758673
Gactornis enarratus,1808,5,29.4123165165292
Gactornis enarratus,1855,5,27.2715936270507
Galidia elegans,2,1,197.731583171071
Galidia elegans,3,1,458.083821753779
Galidia elegans,5,1,38.9884159684163
Galidia elegans,7,1,53.7688087064372
Galidia elegans,8,1,58.6780858784187
Galidia elegans,9,1,439.973113778875
Galidia elegans,12,1,20031.6781316269
Galidia elegans,13,2,58.1494763075524
Galidia elegans,14,2,47.4469397172683
Galidia elegans,15,2,68.0501291261465
Galidia elegans,16,2,170.78079727453
Galidia elegans,17,2,70.171205546759
Galidia elegans,20,2,5408.2162044717
Galidia elegans,21,2,254.460764972478
Galidia elegans,28,2,79.7835008618087
Galidia elegans,31,2,180.783642575444
Galidia elegans,32,2,224.299706164162
Galidia elegans,35,2,5354.87860626366
Galidia elegans,44,2,28.8370827305494
Galidia elegans,45,2,4897.46337713661
Galidia elegans,46,2,234.814110459144
Galidia elegans,47,2,1320.72290065676
Galidia elegans,48,2,72.7284184850759
Galidictis fasciata,1,1,99.8627234474577
Galidictis fasciata,2,1,710.546655841127
Galidictis fasciata,6,1,483.472548963717
Galidictis fasciata,3,2,32.5536096187773
Galidictis fasciata,5,2,54.8720161250855
Galidictis fasciata,7,2,652.561885229549
Galidictis fasciata,8,2,319.33520330014
Galidictis fasciata,9,2,58.8617537300254
Galidictis fasciata,10,2,432.708220309255
Geobiastes squamiger,369,3,55.471547666334
Geobiastes squamiger,371,3,10.3338196872387
Geobiastes squamiger,372,3,1.94269399182034
Geobiastes squamiger,375,3,85.6370521164104
Geobiastes squamiger,377,3,11.0284926678838
Geobiastes squamiger,379,3,18.5195332796564
Geobiastes squamiger,380,3,121.099912838783
Geobiastes squamiger,381,3,7.0479046582694
Geobiastes squamiger,382,3,29.5797978747341
Geobiastes squamiger,383,3,29.56943051951
Geobiastes squamiger,336,6,2.22619413036621
Geobiastes squamiger,337,6,2.22612119091761
Geobiastes squamiger,338,6,8.45769562496112
Geobiastes squamiger,345,6,6.49600297978592
Geobiastes squamiger,347,6,27.3132471604431
Geobiastes squamiger,349,6,2.40106290664852
Geobiastes squamiger,350,6,3.55699395659041
Geobiastes squamiger,353,6,9.60259051152742
Geobiastes squamiger,356,6,22.8289213949697
Geobiastes squamiger,358,6,62.7366505937967
Geobiastes squamiger,1,1,299.203935935221
Geobiastes squamiger,2,1,61.7317588752379
Geobiastes squamiger,3,1,24.4945574344214
Geobiastes squamiger,4,1,131.67745530427
Geobiastes squamiger,6,1,88.6406669123473
Geobiastes squamiger,7,1,30.0004792287764
Geobiastes squamiger,8,1,169.63195735675
Geobiastes squamiger,9,1,23.2776854783
Geobiastes squamiger,10,1,29.527280857765
Geobiastes squamiger,11,1,55.5464891757995
Geobiastes squamiger,12,1,139.478312369879
Geobiastes squamiger,13,1,31.4720297234889
Geobiastes squamiger,14,1,4.22112663122815
Geobiastes squamiger,15,1,513.920534950629
Geobiastes squamiger,16,1,79.3607835382276
Geobiastes squamiger,17,1,49.0768985771524
Geobiastes squamiger,18,1,28.9742458016426
Geobiastes squamiger,19,1,29.2493351070089
Geobiastes squamiger,20,1,69.6754423861931
Geobiastes squamiger,21,1,7.42540034926223
Geobiastes squamiger,22,1,119.797805640143
Geobiastes squamiger,24,1,28.7773817194793
Geobiastes squamiger,25,1,5.77360824797451
Geobiastes squamiger,26,1,12.4641177112891
Geobiastes squamiger,29,1,29.8701708757276
Geobiastes squamiger,30,1,72.7386250797894
Geobiastes squamiger,32,1,4.57841928809607
Geobiastes squamiger,34,1,24.8088509288972
Geobiastes squamiger,35,1,5.85717070470893
Geobiastes squamiger,36,1,603.409668283804
Geobiastes squamiger,37,1,7.50287581859375
Geobiastes squamiger,38,1,5.67174452978641
Geobiastes squamiger,40,1,198.222712412714
Geobiastes squamiger,42,1,296.709197349999
Geobiastes squamiger,46,1,2.55931186735427
Geobiastes squamiger,47,1,62.2549358162045
Geobiastes squamiger,53,1,27.5628913215346
Geobiastes squamiger,54,1,107.786015007129
Geobiastes squamiger,55,1,112.392974510427
Geobiastes squamiger,58,1,20.1680348096937
Geobiastes squamiger,66,1,1.73349393697345
Geobiastes squamiger,67,1,13.1357041293061
Geobiastes squamiger,69,1,29.8986495271731
Geobiastes squamiger,77,1,2.55151549227786
Geobiastes squamiger,79,1,237.385658661181
Geobiastes squamiger,80,1,5.10222163080048
Geobiastes squamiger,81,1,98.8512694505335
Geobiastes squamiger,83,1,27.8755226799484
Geobiastes squamiger,87,1,59.5610991119493
Geobiastes squamiger,88,1,27.9623496702811
Geobiastes squamiger,89,1,3.73408961568439
Geobiastes squamiger,91,1,41.3435845824158
Geobiastes squamiger,92,1,2.36738453541815
Geobiastes squamiger,93,1,177.408186206303
Geobiastes squamiger,94,1,29.8602134693222
Geobiastes squamiger,96,1,154.410246914232
Geobiastes squamiger,97,1,137.570339078318
Geobiastes squamiger,98,1,38.5995990338773
Geobiastes squamiger,99,1,21.8825853054524
Geobiastes squamiger,117,1,67.998017547062
Geobiastes squamiger,123,1,285.820648658364
Geobiastes squamiger,125,1,8.33336931920743
Geobiastes squamiger,126,1,9.77873483742381
Geobiastes squamiger,129,1,343.555107219139
Geobiastes squamiger,136,1,152.042974758758
Geobiastes squamiger,137,1,6.42071714823079
Geobiastes squamiger,138,1,9.94739158739949
Geobiastes squamiger,142,1,3.7066306409353
Geobiastes squamiger,143,1,4.33887032489634
Geobiastes squamiger,146,1,22.5985308943715
Geobiastes squamiger,149,1,47.4469397172683
Geobiastes squamiger,156,1,146.952409813225
Geobiastes squamiger,159,1,26.2545725008802
Geobiastes squamiger,164,1,22.7155726543109
Geobiastes squamiger,166,1,21.7234767852006
Geobiastes squamiger,167,1,58.1239475435841
Geobiastes squamiger,171,1,40.375016636091
Geobiastes squamiger,178,1,28.2883672279128
Geobiastes squamiger,181,1,29.3746225917395
Geobiastes squamiger,182,1,2.88232122495401
Geobiastes squamiger,192,1,21.6149377230965
Geobiastes squamiger,197,1,2.07075352780664
Geobiastes squamiger,203,1,101.873646684419
Geobiastes squamiger,219,1,20.5176208028445
Geobiastes squamiger,220,1,127.912109570208
Geobiastes squamiger,243,1,19.3175378302095
Geobiastes squamiger,245,1,83.6615695237245
Geobiastes squamiger,247,1,76.0625774580025
Geobiastes squamiger,250,1,5.11950667225432
Geobiastes squamiger,258,1,1.88541664422989
Geobiastes squamiger,261,1,379.151486446763
Geobiastes squamiger,262,1,3.76994957205438
Geobiastes squamiger,267,1,17.4115476298631
Geobiastes squamiger,272,1,13.4572570814
Geobiastes squamiger,275,1,58.2283088885245
Geobiastes squamiger,277,1,6.18802632131362
Geobiastes squamiger,280,1,29.6765929456283
Geobiastes squamiger,281,1,2.15195071733892
Geobiastes squamiger,282,1,2.95893975964975
Geobiastes squamiger,284,1,29.0402218681883
Geobiastes squamiger,293,1,59.2898077395419
Geobiastes squamiger,303,1,25.6033442801902
Geobiastes squamiger,310,1,1.96673406490374
Geobiastes squamiger,319,1,421.395799014765
Geobiastes squamiger,323,1,4.10396597140169
Geobiastes squamiger,325,1,16.6813518042213
Geobiastes squamiger,326,1,39.0600213368519
Geobiastes squamiger,334,1,2.1378189978503
Geobiastes squamiger,385,4,149.246500794415
Geobiastes squamiger,386,4,5.07557121115613
Geobiastes squamiger,388,4,70.2417347199395
Geobiastes squamiger,392,4,17.8375371920804
Geobiastes squamiger,396,4,27.7691207699683
Geobiastes squamiger,402,4,2.53184536937308
Geobiastes squamiger,403,4,7.15726590577268
Geobiastes squamiger,406,4,110.23337453487
Geobiastes squamiger,407,4,64.8997215783425
Geobiastes squamiger,412,4,54.4176229853292
Geogale aurita,67,20,0.370271373195231
Geogale aurita,69,20,0.0925668250995874
Geogale aurita,71,20,18.9744048029395
Geogale aurita,72,20,0.18513059458977
Geogale aurita,79,20,1.48074673073471
Geogale aurita,138,45,9.78885034124469
Geogale aurita,139,45,0.277054396753728
Geogale aurita,178,55,12.2730334952754
Geogale aurita,185,56,53.880920567325
Geogale aurita,186,58,20.6591479170249
Geogale aurita,187,59,11.0677904937422
Geogale aurita,188,60,9.03868144110817
Geogale aurita,189,61,7.19359772695065
Geogale aurita,205,66,17.4273821547585
Geogale aurita,210,68,2.12015320006764
Geogale aurita,211,69,5.16206443335718
Geogale aurita,213,68,6.45206140753323
Geogale aurita,225,75,10.964685349086
Geogale aurita,227,77,3.86955399840492
Geogale aurita,229,78,4.69871910138738
Geogale aurita,239,83,0.368458156106472
Geogale aurita,240,83,4.97389831733626
Geogale aurita,248,81,94.48711746656
Geogale aurita,264,85,83.4488106803567
Geogale aurita,265,86,0.18419521236676
Geogale aurita,275,86,22.4685178929525
Geogale aurita,364,100,17.5776986931493
Geogale aurita,369,100,1.56435933145326
Geogale aurita,512,111,60.5940103110751
Geogale aurita,530,114,24.2647568529819
Geogale aurita,551,116,0.367665618721604
Geogale aurita,552,113,24.9106166461264
Geogale aurita,560,116,24.5386548079552
Geogale aurita,565,118,3.49236219991303
Geogale aurita,592,120,3.21620605602419
Geogale aurita,594,116,2.205442623164
Geogale aurita,595,118,0.0918957427405715
Geogale aurita,604,121,20.1226042596899
Geogale aurita,630,126,21.8615458809064
Geogale aurita,645,126,0.275586928882718
Geogale aurita,681,130,72.0928998964313
Geogale aurita,693,132,58.6780858784187
Geogale aurita,771,141,29.9898391575263
Geogale aurita,779,143,14.9454254745881
Geogale aurita,780,144,8.71055469847292
Geogale aurita,781,145,18.3380068435739
Geogale aurita,791,146,59.8821159808206
Geogale aurita,796,148,23.5585709192489
Geogale aurita,798,149,5.59148101063222
Geogale aurita,809,154,21.6244003418521
Geogale aurita,978,828,7.40589368397254
Geogale aurita,1000,184,11.6088612132019
Geogale aurita,1016,184,3.38189172445643
Geogale aurita,1055,190,2.64969806134474
Geogale aurita,1063,190,0.274089461484194
Geogale aurita,1064,190,0.0913643975844383
Geogale aurita,1068,190,0.0913631538983583
Geogale aurita,1076,190,7.03479595916306
Geogale aurita,1079,190,4.56775692645169
Geogale aurita,1081,190,0.456749789226651
Geogale aurita,1091,196,26.0260622816964
Geogale aurita,1121,202,15.6103734113478
Geogale aurita,1153,207,29.3666510683392
Geogale aurita,1163,811,5.28939200112998
Geogale aurita,1184,209,8.20544973544359
Geogale aurita,1189,210,31.631062537335
Geogale aurita,1190,211,11.0292940904775
Geogale aurita,1285,241,9.71559057942391
Geogale aurita,1489,281,7.69327844079459
Geogale aurita,1494,281,0.0905061372197867
Geogale aurita,1554,812,3.42828776114714
Geogale aurita,1703,824,44.4516109920411
Geogale aurita,1731,319,3.59435797385836
Geogale aurita,1732,319,4.58233058484316
Geogale aurita,1785,330,30.2949823155764
Geogale aurita,1801,330,1.79238486695898
Geogale aurita,1809,336,27.5884562622036
Geogale aurita,1822,805,3.3134309653126
Geogale aurita,1864,339,89.7882265230072
Geogale aurita,2232,416,4.44699694051457
Geogale aurita,2664,497,39.5573507652715
Geogale aurita,2771,522,2.38087210702729
Geogale aurita,2780,522,25.6547716717133
Geogale aurita,2836,538,31.5298824725821
Geogale aurita,2846,538,0.176121529439092
Geogale aurita,2911,830,8.61728991935312
Geogale aurita,3140,610,4.11772579951465
Geogale aurita,3339,654,6.28831631620741
Geogale aurita,3405,662,15.7158278321928
Geogale aurita,3430,671,1.04748061940908
Geogale aurita,3439,671,14.8353915718026
Geogale aurita,3481,671,0.872459086096883
Geogale aurita,3511,683,4.18626192768765
Geogale aurita,3653,700,4.52704712275159
Geogale aurita,1176,204,0.820644420907855
Geogale aurita,1196,204,459.170609068523
Geogale aurita,1199,204,3.09900984286463
Geogale aurita,1200,204,0.0911461065164804
Geogale aurita,370,96,57.2481712057873
Geogale aurita,3632,692,47.5723427762887
Geogale aurita,3032,574,68.4073900828574
Geogale aurita,243,82,32.5124332313215
Geogale aurita,252,82,1.93420808195144
Geogale aurita,278,82,76.0696678478606
Geogale aurita,608,82,927.940508765194
Geogale aurita,686,82,5.14271251550138
Geogale aurita,763,82,262.6796335795
Geogale aurita,4195,349,3.75955498127008
Geogale aurita,3887,716,8.82829803843008
Geogale aurita,4179,716,15.5764797698595
Geogale aurita,4193,716,1.64404437949145
Geogale aurita,4216,868,44.4928427752445
Geogale aurita,2108,394,16.7503128028274
Geogale aurita,4284,882,20.1971499749747
Geogale aurita,4265,881,98.5473947674056
Geogale aurita,11,4,20.2118844377252
Geogale aurita,19,5,0.0927073077802658
Geogale aurita,31,5,43.1111113539241
Geogale aurita,38,10,21.0334598369182
Geogale aurita,42,10,0.0926675960290432
Geogale aurita,45,10,0.0926606114119887
Geogale aurita,1142,889,0.456175956650972
Geogale aurita,4306,889,239.12460022913
Geogale aurita,2881,550,203.899338646949
Geogale aurita,2900,550,113.095076275975
Geogale aurita,4322,890,14.1007399868137
Geogale aurita,872,169,19.7722950257891
Geogale aurita,1093,179,257.152359194547
Geogale aurita,1543,291,29.7723925005927
Geogale aurita,1557,291,0.0902044145539999
Geogale aurita,1559,291,0.721609646918535
Geogale aurita,1582,291,26.9434789843044
Geogale aurita,1586,291,0.180190902119398
Geogale aurita,1597,291,1.08089574676692
Geogale aurita,1625,291,0.0900477630903721
Geogale aurita,1660,291,1022.22934247484
Geogale aurita,1857,346,23.1786345468159
Geogale aurita,937,167,103.881939000037
Geogale aurita,1104,198,0.547944469634652
Geogale aurita,1129,198,2.28180747323132
Geogale aurita,1136,198,0.091256670578599
Geogale aurita,1137,198,158.659215668564
Geogale aurita,4335,198,59.2635538920963
Geogale aurita,1144,205,22.7152047918453
Geogale aurita,3142,611,4.90631056789207
Geogale aurita,3726,704,0.0869155042579174
Geogale aurita,3794,704,50.2299276165449
Geogale aurita,4339,704,25.3907382257994
Geogale aurita,3303,866,7.96843553450477
Geogale aurita,4236,871,27.5427550449557
Geogale aurita,4344,892,16.4798331569069
Geogale aurita,4295,886,14.876475508235
Geogale aurita,124,41,95.0539761794231
Geogale aurita,127,41,0.0923716127385497
Geogale aurita,157,46,197.731583171071
Geogale aurita,165,53,87.1143879109108
Geogale aurita,271,80,55.3667412396783
Geogale aurita,320,84,48.9931911167293
Geogale aurita,4347,84,15.385181741811
Geogale aurita,4348,893,25.0424369201269
Geogale aurita,4349,893,0.0920568780282736
Geogale aurita,4351,893,1.10463885079104
Geogale aurita,266,87,24.5866544846195
Geogale aurita,274,87,0.0920892604658604
Geogale aurita,283,87,23.7530982886361
Geogale aurita,300,87,29.2707062016745
Geogale aurita,535,87,0.459616383672059
Geogale aurita,547,87,0.275752651619673
Geogale aurita,590,87,0.183794934333146
Geogale aurita,591,87,54.8720161250855
Geogale aurita,593,87,0.551364106284499
Geogale aurita,601,87,1065.02475245969
Geogale aurita,611,87,0.551319225258708
Geogale aurita,617,87,0.643170052255213
Geogale aurita,748,87,0.0917785340768695
Geogale aurita,757,87,0.0917656384553313
Geogale aurita,758,87,156.919091189992
Geogale aurita,4355,894,0.0920209387692809
Geogale aurita,4356,894,1.74834825798291
Geogale aurita,4357,894,0.0920198121696711
Geogale aurita,4358,894,1.74828060862398
Geogale aurita,304,89,21.2643285958345
Geogale aurita,541,103,0.183841973942041
Geogale aurita,545,103,0.643432019172192
Geogale aurita,571,103,0.275717098941624
Geogale aurita,577,103,0.275709061498523
Geogale aurita,582,103,0.459508593737543
Geogale aurita,587,103,0.45949710468936
Geogale aurita,600,103,1.10266377710527
Geogale aurita,615,103,0.826945434479237
Geogale aurita,641,103,0.367459639964223
Geogale aurita,654,103,1.46972063059181
Geogale aurita,716,103,432.986545571974
Geogale aurita,4360,895,9.5658888511582
Geogale aurita,4366,895,0.0919723036499619
Geogale aurita,1706,309,0.0899370735929012
Geogale aurita,1708,309,0.0899238860028982
Geogale aurita,1709,309,0.449603298739433
Geogale aurita,1710,309,0.359686745625973
Geogale aurita,1712,309,167.74218789238
Geogale aurita,4369,309,0.449634089967847
Geogale aurita,4370,309,0.0898974602614641
Geogale aurita,1781,320,110.634216100066
Geogale aurita,4373,320,0.0897598538669348
Geogale aurita,1810,337,43.4380517256742
Geogale aurita,1837,342,2.32767118465054
Geogale aurita,1855,342,51.2002113748953
Geogale aurita,2020,361,405.939570009251
Geogale aurita,2259,404,509.004872819902
Geogale aurita,4221,404,25.9190793253232
Geogale aurita,2217,413,9.60953621274687
Geogale aurita,2491,437,260.732262440753
Geogale aurita,4381,437,0.0887317956695557
Geogale aurita,4382,437,0.0886649643682241
Geogale aurita,3029,837,57.7613271075732
Geogale aurita,4386,896,29.8714330564705
Geogale aurita,4006,852,29.4123165165292
Geogale aurita,4312,897,0.604549703200817
Geogale aurita,4390,897,19.9515621485635
Geogale aurita,4387,898,27.2715936270507
Geogale aurita,4388,899,29.3885406549345
Geogale aurita,4389,900,20.6592519148769
Geogale aurita,4258,876,17.1091583224724
Geogale aurita,2350,883,79.2501346083427
Geogale aurita,4377,883,19.8014696613791
Gymnuromys roberti,4,1,0.184729457799852
Gymnuromys roberti,5,2,110.223524784537
Gymnuromys roberti,10,3,0.0923248392761946
Gymnuromys roberti,11,1,147.115996139571
Gymnuromys roberti,17,3,39.50920249758
Gymnuromys roberti,19,4,9.96612228876298
Gymnuromys roberti,20,4,0.184548844604969
Gymnuromys roberti,21,5,30.0784773466911
Gymnuromys roberti,22,6,28.0485209092963
Gymnuromys roberti,24,4,0.369083674412966
Gymnuromys roberti,25,7,0.922566111845553
Gymnuromys roberti,28,7,151.938908845318
Gymnuromys roberti,29,8,29.7890733494464
Gymnuromys roberti,37,10,4.69871910138738
Gymnuromys roberti,56,12,238.60983883988
Gymnuromys roberti,402,208,3.30822947109908
Gymnuromys roberti,418,208,0.64325064792037
Gymnuromys roberti,476,31,29.8438585847248
Gymnuromys roberti,1532,184,11.9385234664409
Gymnuromys roberti,3203,185,68.3647685779992
Gymnuromys roberti,3213,185,3.14337245573401
Gymnuromys roberti,3502,207,6.60311605216253
Gymnuromys roberti,3518,207,16.0684737306561
Gymnuromys roberti,1504,226,20.6528971344351
Gymnuromys roberti,35,229,3.86955399840492
Gymnuromys roberti,3610,231,86.8299662434819
Gymnuromys roberti,3619,231,30.0199160086901
Gymnuromys roberti,3620,237,57.9742847944451
Gymnuromys roberti,30,9,0.092156793073833
Gymnuromys roberti,41,9,40.2587459644453
Gymnuromys roberti,54,9,0.460479690076709
Gymnuromys roberti,55,9,0.276287814046025
Gymnuromys roberti,153,9,0.18402045498687
Gymnuromys roberti,370,9,1.3788789025259
Gymnuromys roberti,407,9,2165.5024070281
Gymnuromys roberti,414,9,1.10272016136467
Gymnuromys roberti,415,9,1.01083246940535
Gymnuromys roberti,420,9,0.0918922924055457
Gymnuromys roberti,421,9,0.183784584811091
Gymnuromys roberti,494,9,0.0918286986584663
Gymnuromys roberti,498,9,0.275475634280682
Gymnuromys roberti,513,9,0.0917785340768695
Gymnuromys roberti,514,9,0.0917656384553313
Gymnuromys roberti,519,9,635.034236149077
Gymnuromys roberti,3627,238,55.3667412396783
Gymnuromys roberti,3629,239,0.0920209387692809
Gymnuromys roberti,3630,239,1.74834825798291
Gymnuromys roberti,3631,239,0.0920198121696711
Gymnuromys roberti,3632,239,1.74828060862398
Gymnuromys roberti,96,11,48.9931911167293
Gymnuromys roberti,3621,11,15.385181741811
Gymnuromys roberti,3626,11,0.0920557582122684
Gymnuromys roberti,3622,240,25.7787901551477
Gymnuromys roberti,423,20,1.10266377710551
Gymnuromys roberti,424,20,0.183781132994473
Gymnuromys roberti,428,20,2.02137478975803
Gymnuromys roberti,429,20,0.826945434479237
Gymnuromys roberti,439,20,0.367459639964223
Gymnuromys roberti,444,20,0.183724619395971
Gymnuromys roberti,445,20,0.275586929093957
Gymnuromys roberti,451,20,1.46972063059181
Gymnuromys roberti,452,20,0.275577679304183
Gymnuromys roberti,469,20,371.630733565285
Gymnuromys roberti,3634,20,9.5658888511582
Gymnuromys roberti,3636,20,0.827843772775352
Gymnuromys roberti,3640,20,0.0919723036499619
Gymnuromys roberti,540,33,0.0911178955328464
Gymnuromys roberti,566,33,852.849666930919
Gymnuromys roberti,661,38,0.181274117312074
Gymnuromys roberti,761,38,0.0904382222450972
Gymnuromys roberti,763,38,1.26605439507914
Gymnuromys roberti,926,38,0.812480411258936
Gymnuromys roberti,1048,38,0.270571865982413
Gymnuromys roberti,1417,38,4416.39501510987
Gymnuromys roberti,1418,38,0.0898517912720442
Gymnuromys roberti,1451,38,280.61110980638
Gymnuromys roberti,1059,51,0.180364578959107
Gymnuromys roberti,1193,51,0.179958904524803
Gymnuromys roberti,1205,51,2.87876883525968
Gymnuromys roberti,1210,51,0.899620833965421
Gymnuromys roberti,1221,51,0.269868277515173
Gymnuromys roberti,1628,51,0.0896851289968491
Gymnuromys roberti,1820,51,0.0895386827195883
Gymnuromys roberti,2034,51,0.0894072119276524
Gymnuromys roberti,2506,51,4163.77464862839
Gymnuromys roberti,2655,51,0.354345133471251
Gymnuromys roberti,2969,51,29.56943051951
Gymnuromys roberti,2977,51,3016.55049167054
Gymnuromys roberti,3612,51,32.4251009744176
Gymnuromys roberti,3549,169,29.4123165165292
Gymnuromys roberti,3642,241,27.2715936270507
Gymnuromys roberti,3643,242,29.3885406549345
Gymnuromys roberti,3276,204,0.17448316194582
Gymnuromys roberti,3413,204,1189.96091726454
Gymnuromys roberti,604,232,0.0909294146479368
Gymnuromys roberti,616,232,388.994108370561
Gymnuromys roberti,643,232,1.81585824965096
Gymnuromys roberti,3617,235,69.0854575938005
Gymnuromys roberti,3644,235,0.0871928123806715
Gymnuromys roberti,3645,243,0.0871747123888731
Gymnuromys roberti,3646,243,11.5044686548641
Gymnuromys roberti,3618,236,9.05780211758673
Hapalemur griseus,4355,43,25.8267574798982
Hapalemur griseus,10554,480,70.171205546759
Hapalemur griseus,17935,444,37.7648065144268
Hapalemur griseus,1798,445,38.9884159684163
Hapalemur griseus,11736,514,50.5128889844387
Hapalemur griseus,12013,514,35.5206766781266
Hapalemur griseus,12043,514,137.38275887876
Hapalemur griseus,4897,534,19.2038282113973
Hapalemur griseus,4962,534,1.91988596975887
Hapalemur griseus,4963,534,4.2053427026192
Hapalemur griseus,19046,534,2.19383277368414
Hapalemur griseus,4031,35,0.824719871121347
Hapalemur griseus,4132,35,0.274908219362199
Hapalemur griseus,4181,35,0.366509968225718
Hapalemur griseus,4251,35,3.48152099565202
Hapalemur griseus,4276,35,23.1812928224177
Hapalemur griseus,4784,540,16.3740665150672
Hapalemur griseus,5114,408,0.456848093526959
Hapalemur griseus,5154,408,0.274103139080644
Hapalemur griseus,5166,408,0.274093192542315
Hapalemur griseus,5186,408,0.274081997471213
Hapalemur griseus,5233,408,0.822180016362309
Hapalemur griseus,5246,408,0.274053362136722
Hapalemur griseus,5254,408,5.57282749176896
Hapalemur griseus,5407,408,64.7813755391271
Hapalemur griseus,19191,408,4.01953690115464
Hapalemur griseus,19192,408,0.822156348397851
Hapalemur griseus,5006,542,22.2892814174211
Hapalemur griseus,18951,542,30.6135540736676
Hapalemur griseus,203,7,0.463597745714188
Hapalemur griseus,263,7,43.2038186617044
Hapalemur griseus,429,13,0.370271373195231
Hapalemur griseus,431,13,0.462834125284791
Hapalemur griseus,434,13,43.0377824654073
Hapalemur griseus,435,13,0.18513059458977
Hapalemur griseus,449,13,1.48074673073471
Hapalemur griseus,450,13,1.66577102635694
Hapalemur griseus,452,13,0.277623898765862
Hapalemur griseus,454,13,0.277610584835947
Hapalemur griseus,474,13,1.38815019469857
Hapalemur griseus,19201,13,0.185083622752249
Hapalemur griseus,3056,26,0.275667671454787
Hapalemur griseus,3068,26,1.92954817861235
Hapalemur griseus,3161,26,0.275591552190423
Hapalemur griseus,3179,26,0.367434207116008
Hapalemur griseus,3196,26,33.8991079803611
Hapalemur griseus,19110,26,0.367500048400104
Hapalemur griseus,277,376,43.2675847418705
Hapalemur griseus,4942,531,4.20557955169034
Hapalemur griseus,4977,531,0.6399434845016
Hapalemur griseus,4991,531,0.45708591381228
Hapalemur griseus,5014,531,24.6792146248873
Hapalemur griseus,5033,531,2.83342021114933
Hapalemur griseus,5052,531,1.00536820483017
Hapalemur griseus,5063,531,0.548346514569998
Hapalemur griseus,5064,531,1.18809712456667
Hapalemur griseus,5082,531,5.0262264291631
Hapalemur griseus,5087,531,1.27936982512558
Hapalemur griseus,5135,531,8.49783825707888
Hapalemur griseus,5176,531,0.274089461484194
Hapalemur griseus,5220,531,10.9639024804161
Hapalemur griseus,5221,531,4.567756926453
Hapalemur griseus,18997,531,0.274301122583509
Hapalemur griseus,18998,531,2.46812535342705
Hapalemur griseus,19199,531,14.9865047176591
Hapalemur griseus,19251,531,0.456749789226413
Hapalemur griseus,120,3,0.55664420881176
Hapalemur griseus,127,3,0.371099061261296
Hapalemur griseus,130,3,0.556625695955813
Hapalemur griseus,139,3,0.185535398295105
Hapalemur griseus,145,3,0.463806772104442
Hapalemur griseus,152,3,0.27827526928854
Hapalemur griseus,154,3,0.463781360735595
Hapalemur griseus,162,3,0.278243954662919
Hapalemur griseus,172,3,0.185478644791543
Hapalemur griseus,178,3,0.27820176096195
Hapalemur griseus,181,3,0.64914825101471
Hapalemur griseus,186,3,0.18546587502265
Hapalemur griseus,189,3,130.021860527528
Hapalemur griseus,193,3,0.18545505566138
Hapalemur griseus,194,3,6.4908973798604
Hapalemur griseus,202,3,8.4370977335708
Hapalemur griseus,204,3,0.185438309593201
Hapalemur griseus,210,3,0.185425482894003
Hapalemur griseus,18930,3,0.185474717534363
Hapalemur griseus,19200,3,56.8711675529887
Hapalemur griseus,12562,544,7.79134288626695
Hapalemur griseus,12839,544,44.6638451275753
Hapalemur griseus,4436,530,0.732451485653877
Hapalemur griseus,4753,530,104.61434809919
Hapalemur griseus,19242,530,64.9869920614074
Hapalemur griseus,19274,530,3.11329257240254
Hapalemur griseus,19275,530,14.1007399868137
Hapalemur griseus,19288,530,2.56288165690053
Hapalemur griseus,19312,530,0.274669912564755
Hapalemur griseus,19313,530,0.366225743037939
Hapalemur griseus,19314,530,0.549305915590942
Hapalemur griseus,19330,530,0.366233005417585
Hapalemur griseus,5370,543,0.54794446963501
Hapalemur griseus,5445,543,0.365240409358501
Hapalemur griseus,5452,543,1.46089898014283
Hapalemur griseus,5456,543,0.456539862202287
Hapalemur griseus,5590,543,0.73026370028019
Hapalemur griseus,5621,543,2.28180747323132
Hapalemur griseus,5635,543,1.64285957804191
Hapalemur griseus,5645,543,0.638874861070156
Hapalemur griseus,5662,543,0.82137056838429
Hapalemur griseus,5664,543,0.456318663737774
Hapalemur griseus,5680,543,1.27762744745624
Hapalemur griseus,5684,543,0.365034251434088
Hapalemur griseus,5724,543,517.483241306474
Hapalemur griseus,5752,543,0.547426328327894
Hapalemur griseus,5758,543,0.364942030489683
Hapalemur griseus,5764,543,0.456175956650972
Hapalemur griseus,19289,543,173.722750508177
Hapalemur griseus,8475,95,38.0240908844043
Hapalemur griseus,8532,95,3.07696966736627
Hapalemur griseus,8539,95,0.723997986286044
Hapalemur griseus,8570,95,0.361958205401897
Hapalemur griseus,19355,95,0.452763459861636
Hapalemur griseus,10589,124,10.8906056647633
Hapalemur griseus,11421,134,96.6300998643258
Hapalemur griseus,12349,137,123.95817230051
Hapalemur griseus,12400,137,73.2763330412288
Hapalemur griseus,12495,137,3.3134309653126
Hapalemur griseus,19404,137,56.7113502404492
Hapalemur griseus,12467,138,40.9179544183666
Hapalemur griseus,12594,138,1.34292058028018
Hapalemur griseus,12650,138,0.268565856355548
Hapalemur griseus,12936,138,235.238439877348
Hapalemur griseus,10770,358,111.966032339638
Hapalemur griseus,10940,358,0.449603298739433
Hapalemur griseus,10941,358,0.359686745625973
Hapalemur griseus,19357,358,0.449634089967847
Hapalemur griseus,1216,371,197.731583171071
Hapalemur griseus,2849,371,0.643524707942724
Hapalemur griseus,2913,371,0.459616383672059
Hapalemur griseus,2932,371,0.643432019172192
Hapalemur griseus,2938,371,0.275752651619673
Hapalemur griseus,2957,371,0.367655302864194
Hapalemur griseus,2977,371,1.56243208603442
Hapalemur griseus,2978,371,0.275729722221732
Hapalemur griseus,3000,371,0.275717098941624
Hapalemur griseus,3012,371,0.275709061498523
Hapalemur griseus,3016,371,0.459508593737543
Hapalemur griseus,3021,371,0.45949710468936
Hapalemur griseus,3022,371,1.1946710927344
Hapalemur griseus,3036,371,54.8720161250855
Hapalemur griseus,3038,371,3.21620605602419
Hapalemur griseus,3039,371,0.551364106284499
Hapalemur griseus,3046,371,1.10266377710527
Hapalemur griseus,3055,371,0.367564567481756
Hapalemur griseus,3063,371,0.551319225258708
Hapalemur griseus,3073,371,1.10259928914046
Hapalemur griseus,3078,371,2.02137478975803
Hapalemur griseus,3079,371,0.826945434479237
Hapalemur griseus,3085,371,0.643170052255213
Hapalemur griseus,3093,371,1.65382056523675
Hapalemur griseus,3112,371,0.826825480994821
Hapalemur griseus,3137,371,0.459349671094894
Hapalemur griseus,3159,371,0.367459639964223
Hapalemur griseus,3173,371,0.275586929093957
Hapalemur griseus,3177,371,1.46972063059181
Hapalemur griseus,3178,371,0.275577679304183
Hapalemur griseus,3256,371,0.367363554798603
Hapalemur griseus,3280,371,58.8617537300254
Hapalemur griseus,3345,371,439.973113778875
Hapalemur griseus,3380,371,0.275443051051259
Hapalemur griseus,4128,371,30.8790083227627
Hapalemur griseus,7236,371,21661.1316358311
Hapalemur griseus,18948,371,458.083821753779
Hapalemur griseus,19336,371,0.369282266752303
Hapalemur griseus,19337,371,0.184641133481979
Hapalemur griseus,19339,371,9.5658888511582
Hapalemur griseus,19341,371,0.827843772775352
Hapalemur griseus,19342,371,0.275940742864907
Hapalemur griseus,19343,371,0.275922588019133
Hapalemur griseus,19344,371,1.65548669658464
Hapalemur griseus,19346,371,0.459814922548056
Hapalemur griseus,19347,371,10.9920872748523
Hapalemur griseus,19348,371,0.923443426764727
Hapalemur griseus,19350,371,0.184049760341406
Hapalemur griseus,19352,371,1.74834825798291
Hapalemur griseus,19354,371,1.74828060862398
Hapalemur griseus,11118,404,1028.50033157199
Hapalemur griseus,11204,404,16.4418481049557
Hapalemur griseus,19369,404,7.49786063311923
Hapalemur griseus,19370,404,10.465825454369
Hapalemur griseus,19382,404,3.33495901543343
Hapalemur griseus,19387,404,0.270356910651445
Hapalemur griseus,19390,404,0.360449504251242
Hapalemur griseus,19392,404,2.16237442039514
Hapalemur griseus,19395,404,0.27020117475152
Hapalemur griseus,9335,510,68.0501291261465
Hapalemur griseus,9614,510,0.812480411258936
Hapalemur griseus,10348,510,170.780797274529
Hapalemur griseus,10776,510,2.87876883525968
Hapalemur griseus,10779,510,0.899620833965421
Hapalemur griseus,10805,510,0.269868277515173
Hapalemur griseus,11070,510,36.126370737397
Hapalemur griseus,11335,510,280.61110980638
Hapalemur griseus,13952,510,79.7835008618025
Hapalemur griseus,14187,510,180.783642575444
Hapalemur griseus,14303,510,224.834746882417
Hapalemur griseus,15091,510,11417.6723796532
Hapalemur griseus,15928,510,0.620648212959528
Hapalemur griseus,15940,510,0.265972006814122
Hapalemur griseus,15960,510,0.709200345668078
Hapalemur griseus,17260,510,28.8370827305443
Hapalemur griseus,18011,510,4897.46337713661
Hapalemur griseus,18532,510,1329.88182992828
Hapalemur griseus,18592,510,72.7284184850583
Hapalemur griseus,19301,510,54.7933720210891
Hapalemur griseus,19309,510,58.1494763075515
Hapalemur griseus,19310,510,38.3946948622806
Hapalemur griseus,19311,510,1.35457540027201
Hapalemur griseus,19325,510,355.553761067319
Hapalemur griseus,19335,510,47.4469397172759
Hapalemur griseus,19415,548,19.4337860709381
Hapalemur griseus,19416,549,187.042904927285
Hapalemur griseus,18821,547,2.33597082442749
Hapalemur griseus,18912,547,57.1920356452289
Hapalemur griseus,18887,550,0.777178853789091
Hapalemur griseus,19248,550,0.604549703200817
Hapalemur griseus,19412,550,19.9515621485635
Hapalemur griseus,19408,551,27.2715936270507
Hapalemur griseus,19409,552,29.4123165165292
Hapalemur griseus,19410,553,29.3885406549345
Hapalemur griseus,19411,554,20.6592519148769
Hartertula flavoviridis,3,2,115.532366832524
Hartertula flavoviridis,14,4,27.3332108829928
Hartertula flavoviridis,51,8,30.1057062332529
Hartertula flavoviridis,54,9,30.0587182645782
Hartertula flavoviridis,55,10,113.159909775709
Hartertula flavoviridis,59,12,136.803497863832
Hartertula flavoviridis,60,12,0.367143398642659
Hartertula flavoviridis,61,12,4.95616607062143
Hartertula flavoviridis,62,12,6.14897300429553
Hartertula flavoviridis,63,12,0.367093046224177
Hartertula flavoviridis,64,12,2.38581502810431
Hartertula flavoviridis,73,12,1.55979265927613
Hartertula flavoviridis,75,13,22.8472887600286
Hartertula flavoviridis,78,12,14.8623002270929
Hartertula flavoviridis,82,12,57.8703943592523
Hartertula flavoviridis,102,14,0.366630708439112
Hartertula flavoviridis,104,14,13.0139317565306
Hartertula flavoviridis,110,16,90.0615537520635
Hartertula flavoviridis,115,14,9.80316484078359
Hartertula flavoviridis,127,18,23.4112399584996
Hartertula flavoviridis,133,18,0.182879727682233
Hartertula flavoviridis,135,19,29.9286669204925
Hartertula flavoviridis,136,20,28.18098531547
Hartertula flavoviridis,138,21,220.359378455672
Hartertula flavoviridis,139,21,0.364478004548073
Hartertula flavoviridis,140,21,26.6029137583022
Hartertula flavoviridis,141,22,29.8980611397107
Hartertula flavoviridis,142,23,29.8980611397107
Hartertula flavoviridis,143,24,61.3678572635148
Hartertula flavoviridis,144,24,714.360038949945
Hartertula flavoviridis,145,24,1.26605439507914
Hartertula flavoviridis,146,24,183.80973883313
Hartertula flavoviridis,283,30,9.61649380968237
Hartertula flavoviridis,663,34,0.536506285074949
Hartertula flavoviridis,667,34,0.178825184745312
Hartertula flavoviridis,670,34,1.6093036660248
Hartertula flavoviridis,674,34,16.983027478803
Hartertula flavoviridis,686,34,1.07240441580927
Hartertula flavoviridis,694,34,0.357380616459966
Hartertula flavoviridis,695,34,11.3466963691012
Hartertula flavoviridis,697,36,3.39461233407497
Hartertula flavoviridis,698,34,0.535978878306985
Hartertula flavoviridis,702,34,6.07358204977607
Hartertula flavoviridis,704,34,2.768956542961
Hartertula flavoviridis,710,36,18.661799738426
Hartertula flavoviridis,714,36,10.0843859371828
Hartertula flavoviridis,715,36,0.535325665193677
Hartertula flavoviridis,716,36,0.981434813385964
Hartertula flavoviridis,717,36,0.446079455514789
Hartertula flavoviridis,718,36,3.03338654372942
Hartertula flavoviridis,720,36,0.267630786853433
Hartertula flavoviridis,722,36,0.713630473426461
Hartertula flavoviridis,724,36,0.267583838225245
Hartertula flavoviridis,729,36,0.356678121975541
Hartertula flavoviridis,731,36,0.267499174625158
Hartertula flavoviridis,732,36,0.178332783083439
Hartertula flavoviridis,733,36,0.178332783083439
Hartertula flavoviridis,734,37,75.8044846075019
Hartertula flavoviridis,735,37,19.3337675290714
Hartertula flavoviridis,740,38,16.5659779531787
Hartertula flavoviridis,742,38,2.22619413036621
Hartertula flavoviridis,743,38,2.22612119091761
Hartertula flavoviridis,744,38,15.9348882808119
Hartertula flavoviridis,747,38,0.801105702370286
Hartertula flavoviridis,749,38,3.82677188178992
Hartertula flavoviridis,752,38,6.49600297978592
Hartertula flavoviridis,758,38,85.652611855554
Hartertula flavoviridis,770,47,50.7123376305995
Hartertula flavoviridis,772,47,155.175395749015
Hartertula flavoviridis,773,47,513.248174699928
Hartertula flavoviridis,774,47,0.354345133471251
Hartertula flavoviridis,794,47,0.618742599579573
Hartertula flavoviridis,798,47,1.32446653053212
Hartertula flavoviridis,799,47,15.5382180053514
Hartertula flavoviridis,803,47,45.3629845909927
Hartertula flavoviridis,805,41,133.499525147663
Hartertula flavoviridis,806,41,147.421932025056
Hartertula flavoviridis,813,41,1.05747752482116
Hartertula flavoviridis,817,41,0.264345137038827
Hartertula flavoviridis,818,41,26.5959112442518
Hartertula flavoviridis,820,42,27.6305431376619
Hartertula flavoviridis,89,15,8.71055469847292
Hartertula flavoviridis,99,15,11.4591862702202
Hartertula flavoviridis,46,7,0.737273050806344
Hartertula flavoviridis,47,7,24.7006556991955
Hartertula flavoviridis,48,7,1.19805921826696
Hartertula flavoviridis,149,26,0.180364578959107
Hartertula flavoviridis,169,26,369.262264145107
Hartertula flavoviridis,170,26,12.6019601731911
Hartertula flavoviridis,211,26,5.39755232436275
Hartertula flavoviridis,251,26,0.359777570784211
Hartertula flavoviridis,910,26,23.6652236248022
Hartertula flavoviridis,593,48,2.68654776834023
Hartertula flavoviridis,614,48,2.59653515384889
Hartertula flavoviridis,616,48,0.537209295018554
Hartertula flavoviridis,636,48,17.0976937360139
Hartertula flavoviridis,642,48,14.5870416720767
Hartertula flavoviridis,652,48,0.984290105745554
Hartertula flavoviridis,30,6,60.1378843138808
Hartertula flavoviridis,31,6,29.7954089278805
Hartertula flavoviridis,32,6,29.6046676179308
Hartertula flavoviridis,33,6,29.2294362465358
Hartertula flavoviridis,37,6,59.6386258950888
Hartertula flavoviridis,40,6,148.191121763522
Hartertula flavoviridis,49,6,31.6985197321722
Hartertula flavoviridis,50,6,238.035742893746
Hartertula flavoviridis,53,6,238.765775899283
Hartertula flavoviridis,911,6,30.0136415207517
Hartertula flavoviridis,147,25,116.398452213626
Hartertula flavoviridis,150,25,31.4683672100676
Hartertula flavoviridis,152,25,270.110279619021
Hartertula flavoviridis,280,25,7.19021782050229
Hartertula flavoviridis,297,25,447.388828174077
Hartertula flavoviridis,309,25,0.539008790556192
Hartertula flavoviridis,312,25,0.718641409653544
Hartertula flavoviridis,315,25,0.179657763615966
Hartertula flavoviridis,319,25,0.628748145434141
Hartertula flavoviridis,361,25,12.1196369118657
Hartertula flavoviridis,409,25,48.5704705036447
Hartertula flavoviridis,413,25,0.26925721424675
Hartertula flavoviridis,420,25,0.717998370072842
Hartertula flavoviridis,427,25,50.5128889844387
Hartertula flavoviridis,429,25,1.70500038022685
Hartertula flavoviridis,450,25,0.807561274087429
Hartertula flavoviridis,462,25,12.5601002948028
Hartertula flavoviridis,478,25,1.16614342543793
Hartertula flavoviridis,822,43,0.17513996987009
Hartertula flavoviridis,823,43,0.175113467076778
Hartertula flavoviridis,825,43,193.667893543539
Hartertula flavoviridis,828,43,0.349881281940579
Hartertula flavoviridis,829,43,0.174941529764175
Hartertula flavoviridis,831,43,2.79871950479984
Hartertula flavoviridis,834,43,8.22008521715962
Hartertula flavoviridis,835,43,0.174897060775995
Hartertula flavoviridis,839,43,67.2995615172141
Hartertula flavoviridis,845,43,188.750755984027
Hartertula flavoviridis,858,43,100.511174087027
Hartertula flavoviridis,884,43,7.15726590577268
Hartertula flavoviridis,888,43,2.18196004940057
Hartertula flavoviridis,889,43,3.57661436760771
Hartertula flavoviridis,891,43,31.6621317638084
Hartertula flavoviridis,908,43,0.958145032031774
Hartertula flavoviridis,909,43,262.436666690885
Hartlaubius auratus,23824,6,6.951854141886
Hartlaubius auratus,23947,6,13.3643251682791
Hartlaubius auratus,24232,6,61.7353125418372
Hartlaubius auratus,24368,6,3.29419845495892
Hartlaubius auratus,5411,71,0.274908219362199
Hartlaubius auratus,5616,71,19.8824612120205
Hartlaubius auratus,31406,71,0.824719871121347
Hartlaubius auratus,7026,64,0.456848093526959
Hartlaubius auratus,7036,64,0.182749920761347
Hartlaubius auratus,7081,64,0.456835664464593
Hartlaubius auratus,7082,64,0.182735011702538
Hartlaubius auratus,7083,64,0.274101896026969
Hartlaubius auratus,7091,64,0.182733768648863
Hartlaubius auratus,7098,64,0.274093192542315
Hartlaubius auratus,7117,64,0.182726307796717
Hartlaubius auratus,7126,64,0.274081997471213
Hartlaubius auratus,7157,64,0.182715109353781
Hartlaubius auratus,7188,64,0.822180016362309
Hartlaubius auratus,7201,64,0.274053362136722
Hartlaubius auratus,7207,64,6.02962584375572
Hartlaubius auratus,7433,64,64.7813755391271
Hartlaubius auratus,31464,64,0.182741225706577
Hartlaubius auratus,31465,64,4.01953690115464
Hartlaubius auratus,31466,64,0.822156348397851
Hartlaubius auratus,3649,55,0.275667671454787
Hartlaubius auratus,3678,55,1.92954817861235
Hartlaubius auratus,3828,55,0.275591552190423
Hartlaubius auratus,3860,55,0.367434207116008
Hartlaubius auratus,3861,55,0.183716525221109
Hartlaubius auratus,3887,55,33.8991079803611
Hartlaubius auratus,31374,55,0.183782283741117
Hartlaubius auratus,31379,55,0.367500048400104
Hartlaubius auratus,582,74,0.370271373195231
Hartlaubius auratus,584,74,0.462834125284791
Hartlaubius auratus,588,74,43.0377824654073
Hartlaubius auratus,589,74,0.18513059458977
Hartlaubius auratus,614,74,1.48074673073471
Hartlaubius auratus,620,74,1.66577102635694
Hartlaubius auratus,627,74,0.277623898765862
Hartlaubius auratus,636,74,0.277610584835947
Hartlaubius auratus,683,74,1.38815019469857
Hartlaubius auratus,31478,74,0.185083622752249
Hartlaubius auratus,284,77,0.463597745714188
Hartlaubius auratus,363,77,43.2038186617044
Hartlaubius auratus,188,19,0.55664420881176
Hartlaubius auratus,195,19,0.371099061261296
Hartlaubius auratus,198,19,0.556625695955813
Hartlaubius auratus,208,19,0.185535398295105
Hartlaubius auratus,215,19,0.463806772104442
Hartlaubius auratus,223,19,0.27827526928854
Hartlaubius auratus,225,19,0.463781360735595
Hartlaubius auratus,240,19,0.278243954662919
Hartlaubius auratus,253,19,0.185478644791543
Hartlaubius auratus,256,19,0.27820176096195
Hartlaubius auratus,259,19,0.64914825101471
Hartlaubius auratus,264,19,0.18546587502265
Hartlaubius auratus,269,19,130.021860527528
Hartlaubius auratus,273,19,0.18545505566138
Hartlaubius auratus,274,19,6.4908973798604
Hartlaubius auratus,283,19,8.4370977335708
Hartlaubius auratus,285,19,0.185438309593201
Hartlaubius auratus,292,19,0.185425482894003
Hartlaubius auratus,515,19,43.4528749465152
Hartlaubius auratus,31217,19,0.185474717534363
Hartlaubius auratus,31477,19,56.8711675529887
Hartlaubius auratus,20906,80,7.79134288626695
Hartlaubius auratus,21344,80,44.6638451275753
Hartlaubius auratus,5854,76,0.732451485653877
Hartlaubius auratus,6440,76,104.61434809919
Hartlaubius auratus,31518,76,64.9869920614074
Hartlaubius auratus,31543,76,3.11329257240254
Hartlaubius auratus,31544,76,14.1007399868137
Hartlaubius auratus,31557,76,2.56288165690053
Hartlaubius auratus,31588,76,0.274669912564755
Hartlaubius auratus,31589,76,0.366225743037939
Hartlaubius auratus,31590,76,0.549305915590942
Hartlaubius auratus,31608,76,0.366233005417585
Hartlaubius auratus,27298,3,55.9335319100498
Hartlaubius auratus,27765,3,0.970314285975814
Hartlaubius auratus,27881,3,17.1091583224724
Hartlaubius auratus,31699,3,2.74076471963298
Hartlaubius auratus,31700,3,2.38669797589755
Hartlaubius auratus,31701,3,31.4226263784424
Hartlaubius auratus,13294,14,38.2051651932399
Hartlaubius auratus,13401,14,3.07696966736627
Hartlaubius auratus,13412,14,0.723997986286044
Hartlaubius auratus,13491,14,0.361958205401897
Hartlaubius auratus,31633,14,0.452763459861636
Hartlaubius auratus,18147,25,933.126169155551
Hartlaubius auratus,18393,25,2.51681560592651
Hartlaubius auratus,18525,25,43.4984394920093
Hartlaubius auratus,18664,25,16.4418481049557
Hartlaubius auratus,31636,25,2.71500175354493
Hartlaubius auratus,31639,25,1.62801036448324
Hartlaubius auratus,31640,25,0.180872270540357
Hartlaubius auratus,31641,25,4.52090276207972
Hartlaubius auratus,31646,25,0.542388144284248
Hartlaubius auratus,31647,25,7.49786063311923
Hartlaubius auratus,31648,25,10.465825454369
Hartlaubius auratus,31654,25,1.35249907425892
Hartlaubius auratus,31658,25,0.180300166686296
Hartlaubius auratus,31660,25,3.33495901543343
Hartlaubius auratus,31662,25,0.180258544605851
Hartlaubius auratus,31664,25,0.18024417185688
Hartlaubius auratus,31665,25,0.270356910651445
Hartlaubius auratus,31666,25,0.180231227523327
Hartlaubius auratus,31668,25,0.360449504251242
Hartlaubius auratus,31670,25,2.16237442039514
Hartlaubius auratus,31673,25,0.27020117475152
Hartlaubius auratus,31674,25,0.180086833140135
Hartlaubius auratus,31675,25,1.89003464057791
Hartlaubius auratus,31676,25,4.23005688389182
Hartlaubius auratus,31677,25,0.179935558159113
Hartlaubius auratus,31678,25,0.449812608878851
Hartlaubius auratus,24264,34,15.5805460021601
Hartlaubius auratus,24292,34,0.178100919800639
Hartlaubius auratus,24514,34,1.33516078987277
Hartlaubius auratus,24714,34,87.267082325688
Hartlaubius auratus,25482,34,48.3392930566057
Hartlaubius auratus,25831,34,3.55237904373407
Hartlaubius auratus,25962,34,0.177573908584356
Hartlaubius auratus,26241,34,18.1853961666774
Hartlaubius auratus,26389,34,5.58622115149748
Hartlaubius auratus,26534,34,1.32960804460943
Hartlaubius auratus,31696,34,0.97677300263679
Hartlaubius auratus,31698,34,1.33025208764148
Hartlaubius auratus,12315,54,0.181274117312074
Hartlaubius auratus,14971,54,68.0501291261465
Hartlaubius auratus,15515,54,0.812480411258936
Hartlaubius auratus,16982,54,170.780797274529
Hartlaubius auratus,17371,54,70.171205546759
Hartlaubius auratus,17711,54,0.179958904524803
Hartlaubius auratus,17812,54,2.87876883525968
Hartlaubius auratus,17820,54,0.899620833965421
Hartlaubius auratus,17878,54,0.269868277515173
Hartlaubius auratus,18429,54,36.126370737397
Hartlaubius auratus,18928,54,280.61110980638
Hartlaubius auratus,19591,54,50.5128889844387
Hartlaubius auratus,20025,54,35.5206766781266
Hartlaubius auratus,20065,54,137.38275887876
Hartlaubius auratus,23205,54,79.7835008618025
Hartlaubius auratus,23647,54,180.783642575444
Hartlaubius auratus,23890,54,224.834746882417
Hartlaubius auratus,25151,54,11417.2475008499
Hartlaubius auratus,26481,54,0.62064821295929
Hartlaubius auratus,26499,54,0.265972006814122
Hartlaubius auratus,26524,54,0.709200345668078
Hartlaubius auratus,26543,54,0.177290677110672
Hartlaubius auratus,26671,54,0.531537427095413
Hartlaubius auratus,26913,54,4.51364348582339
Hartlaubius auratus,28325,54,1.6731160765605
Hartlaubius auratus,28582,54,28.8370827305443
Hartlaubius auratus,29754,54,37.7648065144268
Hartlaubius auratus,29861,54,4815.77318296285
Hartlaubius auratus,31181,54,1329.88182992828
Hartlaubius auratus,31577,54,54.7933720210891
Hartlaubius auratus,31585,54,58.1494763075515
Hartlaubius auratus,31586,54,38.3946948622806
Hartlaubius auratus,31587,54,1.35457540027201
Hartlaubius auratus,31600,54,355.553761067319
Hartlaubius auratus,31602,54,72.7284184850583
Hartlaubius auratus,31613,54,47.4469397172759
Hartlaubius auratus,31704,54,19.4337860709381
Hartlaubius auratus,31705,54,187.042904927285
Hartlaubius auratus,31706,54,9.05780211758673
Hartlaubius auratus,31046,82,2.33597082442749
Hartlaubius auratus,31048,82,0.173038084078312
Hartlaubius auratus,31144,82,0.777178853789091
Hartlaubius auratus,31525,82,0.604549703200817
Hartlaubius auratus,31606,82,57.1920356452289
Hartlaubius auratus,31707,82,27.2715936270507
Hartlaubius auratus,31708,82,29.4123165165292
Hartlaubius auratus,31709,82,29.3885406549345
Hartlaubius auratus,31710,82,20.6592519148769
Hartlaubius auratus,31711,82,19.9515621485635
Hartlaubius auratus,6493,73,16.3740665150672
Hartlaubius auratus,6707,73,19.2038282113973
Hartlaubius auratus,6820,73,1.91988596975887
Hartlaubius auratus,6821,73,4.2053427026192
Hartlaubius auratus,6871,73,22.2892814174211
Hartlaubius auratus,6876,73,5.85033975470436
Hartlaubius auratus,6882,73,24.6792146248902
Hartlaubius auratus,6917,73,2.65062070312488
Hartlaubius auratus,6923,73,0.182805694629431
Hartlaubius auratus,6941,73,0.274192454328179
Hartlaubius auratus,6954,73,0.548346514569998
Hartlaubius auratus,6955,73,0.182784649551272
Hartlaubius auratus,6956,73,1.18809712456667
Hartlaubius auratus,6975,73,0.182778454094648
Hartlaubius auratus,6983,73,5.0262264291631
Hartlaubius auratus,6988,73,1.27936982512558
Hartlaubius auratus,6997,73,8.86332816260099
Hartlaubius auratus,7109,73,0.274089461484194
Hartlaubius auratus,7171,73,10.9639024804163
Hartlaubius auratus,7172,73,4.567756926453
Hartlaubius auratus,7386,73,0.54794446963501
Hartlaubius auratus,7485,73,0.365240409358501
Hartlaubius auratus,7495,73,1.46089898014283
Hartlaubius auratus,7504,73,0.456539862202287
Hartlaubius auratus,7697,73,0.73026370028019
Hartlaubius auratus,7726,73,0.547674823724389
Hartlaubius auratus,7781,73,1.64285957804191
Hartlaubius auratus,7792,73,0.912692769446373
Hartlaubius auratus,7802,73,0.638874861070156
Hartlaubius auratus,7829,73,0.82137056838429
Hartlaubius auratus,7838,73,0.456318663737774
Hartlaubius auratus,7861,73,1.46014583455336
Hartlaubius auratus,7869,73,0.365034251434088
Hartlaubius auratus,7946,73,563.938346413011
Hartlaubius auratus,7990,73,0.547426328327894
Hartlaubius auratus,7999,73,0.364942030489683
Hartlaubius auratus,8005,73,0.456175956650972
Hartlaubius auratus,31225,73,37.7410851750167
Hartlaubius auratus,31316,73,2.19383277368414
Hartlaubius auratus,31473,73,16.5402429724604
Hartlaubius auratus,31528,73,0.456749789226413
Hartlaubius auratus,31558,73,180.203304764409
Hartlaubius auratus,1538,75,197.731583171071
Hartlaubius auratus,2143,75,38.9884159684163
Hartlaubius auratus,3359,75,0.643524707942724
Hartlaubius auratus,3436,75,0.459616383672059
Hartlaubius auratus,3456,75,0.183841973942041
Hartlaubius auratus,3468,75,0.643432019172192
Hartlaubius auratus,3477,75,0.275752651619673
Hartlaubius auratus,3501,75,0.367655302864194
Hartlaubius auratus,3523,75,1.56243208603442
Hartlaubius auratus,3524,75,0.275729722221732
Hartlaubius auratus,3554,75,0.275717098941624
Hartlaubius auratus,3572,75,0.275709061498523
Hartlaubius auratus,3581,75,0.459508593737543
Hartlaubius auratus,3593,75,0.45949710468936
Hartlaubius auratus,3594,75,1.1946710927344
Hartlaubius auratus,3610,75,0.183794934333146
Hartlaubius auratus,3617,75,54.8720161250916
Hartlaubius auratus,3622,75,3.21620605602419
Hartlaubius auratus,3623,75,0.551364106284499
Hartlaubius auratus,3634,75,1.10266377710527
Hartlaubius auratus,3647,75,0.183781132994473
Hartlaubius auratus,3648,75,0.367564567481756
Hartlaubius auratus,3659,75,0.183777680330753
Hartlaubius auratus,3667,75,0.551319225258708
Hartlaubius auratus,3674,75,0.183773075227499
Hartlaubius auratus,3685,75,1.10259928914046
Hartlaubius auratus,3692,75,2.02137478975803
Hartlaubius auratus,3693,75,0.826945434479237
Hartlaubius auratus,3700,75,0.643170052255213
Hartlaubius auratus,3706,75,0.183763859938979
Hartlaubius auratus,3715,75,0.183761555059075
Hartlaubius auratus,3716,75,1.65382056523675
Hartlaubius auratus,3750,75,0.826825480994821
Hartlaubius auratus,3794,75,0.459349671094894
Hartlaubius auratus,3825,75,0.367459639964223
Hartlaubius auratus,3847,75,0.183724619395971
Hartlaubius auratus,3848,75,0.275586929093957
Hartlaubius auratus,3858,75,1.46972063059181
Hartlaubius auratus,3859,75,0.275577679304183
Hartlaubius auratus,3987,75,0.367363554798603
Hartlaubius auratus,4021,75,58.8617537300254
Hartlaubius auratus,4125,75,439.973113778875
Hartlaubius auratus,4185,75,0.275443051051259
Hartlaubius auratus,10819,75,21920.1348506219
Hartlaubius auratus,31229,75,458.083821753779
Hartlaubius auratus,31520,75,0.363716343389511
Hartlaubius auratus,31614,75,0.369282266752303
Hartlaubius auratus,31615,75,0.184641133481979
Hartlaubius auratus,31617,75,9.5658888511582
Hartlaubius auratus,31619,75,0.827843772775352
Hartlaubius auratus,31620,75,0.275940742864907
Hartlaubius auratus,31621,75,0.275922588019133
Hartlaubius auratus,31622,75,1.65548669658464
Hartlaubius auratus,31624,75,0.459814922548056
Hartlaubius auratus,31625,75,10.9920872748523
Hartlaubius auratus,31626,75,0.923443426764727
Hartlaubius auratus,31628,75,0.184049760341406
Hartlaubius auratus,31630,75,1.74834825798291
Hartlaubius auratus,31632,75,1.74828060862398
Hartlaubius auratus,17439,81,10.8906056647633
Hartlaubius auratus,17799,81,112.145809613042
Hartlaubius auratus,18145,81,0.449603298739433
Hartlaubius auratus,18146,81,0.359686745625973
Hartlaubius auratus,18952,81,39.6105974035848
Hartlaubius auratus,31635,81,0.449634089967847
Hartlaubius auratus,31685,81,1.43666624170721
Hartlaubius auratus,31686,81,0.628002577298522
Hartlaubius auratus,20526,83,127.714784476492
Hartlaubius auratus,20613,83,87.7832991056336
Hartlaubius auratus,20659,83,2.32886922907722
Hartlaubius auratus,20787,83,3.3134309653126
Hartlaubius auratus,20798,83,1.79096353913164
Hartlaubius auratus,20908,83,47.9918611904899
Hartlaubius auratus,20974,83,2.32767118465054
Hartlaubius auratus,21052,83,1.9695149083488
Hartlaubius auratus,21061,83,1.52182598961449
Hartlaubius auratus,21168,83,0.358042122387886
Hartlaubius auratus,21193,83,0.268520162322521
Hartlaubius auratus,21296,83,0.178989041683435
Hartlaubius auratus,21318,83,0.268474406305432
Hartlaubius auratus,21336,83,2.50550766269672
Hartlaubius auratus,21479,83,0.357865030018806
Hartlaubius auratus,21480,83,0.357865030018806
Hartlaubius auratus,21524,83,1.16299019851911
Hartlaubius auratus,21569,83,0.178908027130246
Hartlaubius auratus,21612,83,0.89446200739193
Hartlaubius auratus,21663,83,192.222173464558
Hartlaubius auratus,21792,83,2.86157776304519
Hartlaubius auratus,21835,83,0.536503212695122
Hartlaubius auratus,21836,83,1.87770515916026
Hartlaubius auratus,21880,83,0.178825184745312
Hartlaubius auratus,23045,83,276.1335368517
Hartlaubius auratus,31311,83,4.73613397636772
Hartlaubius auratus,31372,83,3.30518937351549
Hartlaubius auratus,31687,83,59.9353472358141
Hartlaubius auratus,31688,83,1.79238486696017
Hartlaubius auratus,31691,83,0.447673652347684
Hartlaubius auratus,31692,83,27.383507147518
Hartlaubius auratus,31693,83,22.6292422166447
Hemicentetes nigriceps,11,2,19.9337849990127
Hemicentetes nigriceps,22,2,115.589426177144
Hemicentetes nigriceps,25,2,0.6456592656492
Hemicentetes nigriceps,28,2,23.1488844918891
Hemicentetes nigriceps,53,4,38.8041023822686
Hemicentetes nigriceps,63,38,20.2762758478829
Hemicentetes nigriceps,66,5,97.9202387652237
Hemicentetes nigriceps,90,7,0.367564567481756
Hemicentetes nigriceps,91,7,1.74590292306334
Hemicentetes nigriceps,92,7,0.183777680330753
Hemicentetes nigriceps,93,7,0.183773075227499
Hemicentetes nigriceps,94,7,1.10259928914046
Hemicentetes nigriceps,95,7,0.183761555059075
Hemicentetes nigriceps,96,7,1.65382056523675
Hemicentetes nigriceps,98,7,7.53280963491958
Hemicentetes nigriceps,100,7,18.1847541860198
Hemicentetes nigriceps,444,26,0.35584552956605
Hemicentetes nigriceps,445,26,5.3372996624496
Hemicentetes nigriceps,450,26,12.2738633200339
Hemicentetes nigriceps,460,29,2.38087210702729
Hemicentetes nigriceps,462,29,25.6547716717133
Hemicentetes nigriceps,67,6,131.993646268709
Hemicentetes nigriceps,85,6,1.37902412587541
Hemicentetes nigriceps,259,17,23.0642557117353
Hemicentetes nigriceps,464,30,1.6731160765605
Hemicentetes nigriceps,468,30,39.0058094284829
Hemicentetes nigriceps,87,39,0.183794934333146
Hemicentetes nigriceps,88,39,43.383568055702
Hemicentetes nigriceps,89,39,0.551364106284499
Hemicentetes nigriceps,354,41,19.8869286027707
Hemicentetes nigriceps,405,41,203.536652740058
Hemicentetes nigriceps,438,41,38.8119348857594
Hemicentetes nigriceps,442,41,0.622952094381929
Hemicentetes nigriceps,7,1,33.5094683105765
Hemicentetes nigriceps,12,1,1.1997945148766
Hemicentetes nigriceps,308,19,95.082571992776
Hemicentetes nigriceps,471,19,96.0048449014712
Hemicentetes semispinosus,12924,190,37.7648065144268
Hemicentetes semispinosus,739,271,38.9884159684163
Hemicentetes semispinosus,4905,292,70.171205546759
Hemicentetes semispinosus,6052,263,50.5128889844387
Hemicentetes semispinosus,6401,263,35.5206766781266
Hemicentetes semispinosus,6435,309,137.38275887876
Hemicentetes semispinosus,9008,307,224.834746882417
Hemicentetes semispinosus,20,3,43.4528749465152
Hemicentetes semispinosus,6,2,0.463781360735595
Hemicentetes semispinosus,7,2,0.64914825101471
Hemicentetes semispinosus,8,2,94.4064369549154
Hemicentetes semispinosus,14109,2,56.8711675529887
Hemicentetes semispinosus,2134,29,16.1104772354463
Hemicentetes semispinosus,7040,320,7.79134288626695
Hemicentetes semispinosus,7344,320,44.6638451275753
Hemicentetes semispinosus,408,12,458.083821753779
Hemicentetes semispinosus,14138,325,58.1494763075515
Hemicentetes semispinosus,3305,296,0.181274117312074
Hemicentetes semispinosus,4120,296,0.812480411258936
Hemicentetes semispinosus,4698,296,170.780797274529
Hemicentetes semispinosus,5063,296,0.179958904524803
Hemicentetes semispinosus,5102,296,2.87876883525968
Hemicentetes semispinosus,5108,296,0.899620833965421
Hemicentetes semispinosus,5134,296,0.269868277515173
Hemicentetes semispinosus,5412,296,36.126370737397
Hemicentetes semispinosus,5638,296,280.61110980638
Hemicentetes semispinosus,8649,296,79.7835008618025
Hemicentetes semispinosus,8909,296,180.783642575444
Hemicentetes semispinosus,9754,296,11419.5619256074
Hemicentetes semispinosus,10586,296,0.620648212959528
Hemicentetes semispinosus,10596,296,0.265972006814122
Hemicentetes semispinosus,12200,296,28.8370827305443
Hemicentetes semispinosus,13018,296,4790.02203996215
Hemicentetes semispinosus,14052,296,1329.88182992828
Hemicentetes semispinosus,14130,296,54.7933720210891
Hemicentetes semispinosus,14139,296,38.3946948622806
Hemicentetes semispinosus,14140,296,1.35457540027201
Hemicentetes semispinosus,14149,296,355.553761067319
Hemicentetes semispinosus,14151,296,72.7284184850583
Hemicentetes semispinosus,14183,326,19.4337860709381
Hemicentetes semispinosus,14184,327,187.042904927285
Hemicentetes semispinosus,14185,328,9.05780211758673
Hemicentetes semispinosus,280,297,197.731583171071
Hemicentetes semispinosus,1413,297,0.643524707942724
Hemicentetes semispinosus,1446,297,0.459616383672059
Hemicentetes semispinosus,1455,297,0.183841973942041
Hemicentetes semispinosus,1461,297,0.643432019172192
Hemicentetes semispinosus,1464,297,0.275752651619673
Hemicentetes semispinosus,1478,297,0.367655302864194
Hemicentetes semispinosus,1484,297,1.56243208603442
Hemicentetes semispinosus,1485,297,0.275729722221732
Hemicentetes semispinosus,1491,297,0.275717098941624
Hemicentetes semispinosus,1498,297,0.275709061498523
Hemicentetes semispinosus,1502,297,0.459508593737543
Hemicentetes semispinosus,1504,297,0.45949710468936
Hemicentetes semispinosus,1505,297,1.1946710927344
Hemicentetes semispinosus,1514,297,0.183794934333146
Hemicentetes semispinosus,1517,297,54.8720161250916
Hemicentetes semispinosus,1518,297,3.21620605602419
Hemicentetes semispinosus,1519,297,0.551364106284499
Hemicentetes semispinosus,1527,297,1.10266377710551
Hemicentetes semispinosus,1528,297,0.183781132994473
Hemicentetes semispinosus,1529,297,0.367564567481756
Hemicentetes semispinosus,1532,297,0.183777680330753
Hemicentetes semispinosus,1537,297,0.551319225258708
Hemicentetes semispinosus,1539,297,0.183773075227499
Hemicentetes semispinosus,1544,297,1.10259928914046
Hemicentetes semispinosus,1546,297,2.02137478975803
Hemicentetes semispinosus,1547,297,0.826945434479237
Hemicentetes semispinosus,1550,297,0.643170052255213
Hemicentetes semispinosus,1551,297,0.183763859938979
Hemicentetes semispinosus,1554,297,0.183761555059075
Hemicentetes semispinosus,1555,297,1.65382056523675
Hemicentetes semispinosus,1580,297,0.826825480995119
Hemicentetes semispinosus,1582,297,0.459349671094894
Hemicentetes semispinosus,1591,297,0.367459639964223
Hemicentetes semispinosus,1599,297,0.183724619395971
Hemicentetes semispinosus,1600,297,0.275586929093957
Hemicentetes semispinosus,1607,297,1.46972063059181
Hemicentetes semispinosus,1608,297,0.275577679304183
Hemicentetes semispinosus,1655,297,0.367363554798603
Hemicentetes semispinosus,1672,297,58.8617537300254
Hemicentetes semispinosus,1704,297,0.275475634280682
Hemicentetes semispinosus,1715,297,419.655897179106
Hemicentetes semispinosus,1736,297,0.275443051051259
Hemicentetes semispinosus,2162,297,0.18305585810101
Hemicentetes semispinosus,3070,297,21939.6806636895
Hemicentetes semispinosus,14162,297,0.369282266752303
Hemicentetes semispinosus,14163,297,0.184641133481979
Hemicentetes semispinosus,14165,297,9.5658888511582
Hemicentetes semispinosus,14167,297,0.827843772775352
Hemicentetes semispinosus,14168,297,0.275940742864907
Hemicentetes semispinosus,14169,297,0.275922588019133
Hemicentetes semispinosus,14170,297,1.65548669658464
Hemicentetes semispinosus,14172,297,0.459814922548056
Hemicentetes semispinosus,14173,297,0.923443426764727
Hemicentetes semispinosus,14177,297,1.74834825798291
Hemicentetes semispinosus,14179,297,0.644125162184477
Hemicentetes semispinosus,3881,319,68.0501291261465
Hemicentetes semispinosus,14161,319,47.4469397172759
Hemicentetes semispinosus,13950,321,2.33597082442749
Hemicentetes semispinosus,13952,321,0.173038084078312
Hemicentetes semispinosus,14155,321,57.1920356452289
Hemicentetes semispinosus,14014,329,0.604549703200459
Hemicentetes semispinosus,14025,329,0.777178853789091
Hemicentetes semispinosus,14190,329,19.9515621485635
Hemicentetes semispinosus,14186,330,27.2715936270507
Hemicentetes semispinosus,14187,331,29.4123165165292
Hemicentetes semispinosus,14188,332,29.3885406549345
Hemicentetes semispinosus,14189,333,20.6592519148769
Hypositta corallirostris,2,1,56.8711675529887
Hypositta corallirostris,3859,38,7.79134288626695
Hypositta corallirostris,4019,38,21.4852105807593
Hypositta corallirostris,17,2,185.823216807128
Hypositta corallirostris,30,2,1.75354863390112
Hypositta corallirostris,93,2,99.4892648970416
Hypositta corallirostris,146,2,38.9884159684163
Hypositta corallirostris,268,2,4.14191372488886
Hypositta corallirostris,274,2,2.85300247396994
Hypositta corallirostris,294,2,0.368058959297538
Hypositta corallirostris,296,2,0.460074262951553
Hypositta corallirostris,317,2,3.31197962940294
Hypositta corallirostris,327,2,0.36798441852951
Hypositta corallirostris,339,2,0.919795669861615
Hypositta corallirostris,347,2,1.28762133317965
Hypositta corallirostris,412,2,0.643524707942724
Hypositta corallirostris,430,2,0.459616383672059
Hypositta corallirostris,435,2,0.643432019172192
Hypositta corallirostris,436,2,0.275752651619673
Hypositta corallirostris,445,2,0.367655302864194
Hypositta corallirostris,450,2,0.3676449825598
Hypositta corallirostris,452,2,1.56243208603442
Hypositta corallirostris,453,2,0.275729722221732
Hypositta corallirostris,455,2,0.551443380143642
Hypositta corallirostris,456,2,0.275717098941624
Hypositta corallirostris,460,2,0.275709061498523
Hypositta corallirostris,462,2,0.459508593737543
Hypositta corallirostris,463,2,1.01090373969656
Hypositta corallirostris,465,2,0.45949710468936
Hypositta corallirostris,466,2,1.1946710927344
Hypositta corallirostris,470,2,54.8720161250855
Hypositta corallirostris,471,2,3.21620605602419
Hypositta corallirostris,472,2,0.551364106284499
Hypositta corallirostris,476,2,1.10266377710527
Hypositta corallirostris,479,2,0.367564567481756
Hypositta corallirostris,484,2,0.551319225258708
Hypositta corallirostris,487,2,1.10259928914046
Hypositta corallirostris,489,2,2.02137478975803
Hypositta corallirostris,490,2,0.826945434479237
Hypositta corallirostris,493,2,0.643170052255213
Hypositta corallirostris,495,2,1.65382056523675
Hypositta corallirostris,514,2,0.826825480995119
Hypositta corallirostris,517,2,0.459349671094894
Hypositta corallirostris,522,2,0.367459639964223
Hypositta corallirostris,527,2,0.275586929093957
Hypositta corallirostris,529,2,1.46972063059181
Hypositta corallirostris,530,2,0.275577679304183
Hypositta corallirostris,560,2,0.367363554798603
Hypositta corallirostris,573,2,58.8617537300254
Hypositta corallirostris,603,2,439.973113778875
Hypositta corallirostris,616,2,0.275443051051259
Hypositta corallirostris,806,2,0.733449546446562
Hypositta corallirostris,817,2,0.366640248780668
Hypositta corallirostris,874,2,0.457640860679746
Hypositta corallirostris,903,2,20.5812773004017
Hypositta corallirostris,919,2,1.37162994920188
Hypositta corallirostris,1028,2,0.365083405034542
Hypositta corallirostris,1054,2,93.4554530089105
Hypositta corallirostris,1098,2,3.82909888804102
Hypositta corallirostris,1114,2,27.2482378002616
Hypositta corallirostris,1126,2,0.36446515803051
Hypositta corallirostris,1222,2,0.363716343389511
Hypositta corallirostris,1284,2,20305.4004638892
Hypositta corallirostris,8610,2,179.54498446876
Hypositta corallirostris,8611,2,29.7954121801821
Hypositta corallirostris,8669,2,27.1260712869191
Hypositta corallirostris,8675,2,0.369282266752303
Hypositta corallirostris,8678,2,9.5658888511582
Hypositta corallirostris,8680,2,0.827843772775352
Hypositta corallirostris,8681,2,0.275940742864907
Hypositta corallirostris,8682,2,0.275922588019133
Hypositta corallirostris,8683,2,1.65548669658464
Hypositta corallirostris,8685,2,0.459814922548056
Hypositta corallirostris,8686,2,0.923443426764727
Hypositta corallirostris,1562,25,15.8199398246365
Hypositta corallirostris,1565,25,0.271161219533443
Hypositta corallirostris,1570,25,0.27115982076323
Hypositta corallirostris,1581,25,0.361511439416051
Hypositta corallirostris,1593,25,0.451851829465628
Hypositta corallirostris,1720,25,0.812480411258936
Hypositta corallirostris,1932,25,94.1002985774664
Hypositta corallirostris,1934,25,0.991438515083671
Hypositta corallirostris,1964,25,0.270346841076851
Hypositta corallirostris,1971,25,1.71203832214892
Hypositta corallirostris,2032,25,0.720594756514073
Hypositta corallirostris,2090,25,56.7554572199371
Hypositta corallirostris,2141,25,12.7853951573522
Hypositta corallirostris,2303,25,2.87876883525968
Hypositta corallirostris,2306,25,0.899620833965421
Hypositta corallirostris,2337,25,0.269868277515173
Hypositta corallirostris,2571,25,36.126370737397
Hypositta corallirostris,2752,25,280.61110980638
Hypositta corallirostris,3071,25,50.5128889844387
Hypositta corallirostris,3350,25,35.5206766781266
Hypositta corallirostris,3380,25,137.38275887876
Hypositta corallirostris,4483,25,2.68197177587867
Hypositta corallirostris,4620,25,6.16675071412468
Hypositta corallirostris,4741,25,0.357380616459966
Hypositta corallirostris,4990,25,2.41024649195707
Hypositta corallirostris,5099,25,56.9082967918101
Hypositta corallirostris,5277,25,170.785426053185
Hypositta corallirostris,5380,25,224.834746882417
Hypositta corallirostris,5592,25,0.267144246867418
Hypositta corallirostris,6042,25,11389.8228123288
Hypositta corallirostris,6532,25,0.62064821295929
Hypositta corallirostris,6537,25,0.265972006814122
Hypositta corallirostris,6548,25,0.709200345668078
Hypositta corallirostris,6600,25,0.354345133471251
Hypositta corallirostris,6705,25,4.51364348582339
Hypositta corallirostris,7355,25,27.5182355705525
Hypositta corallirostris,7360,25,14.7691060763477
Hypositta corallirostris,7867,25,37.7648065144268
Hypositta corallirostris,7922,25,4650.94614933827
Hypositta corallirostris,8484,25,6.60311605216253
Hypositta corallirostris,8609,25,1329.88182992828
Hypositta corallirostris,8642,25,54.7933720210891
Hypositta corallirostris,8650,25,58.1494763075515
Hypositta corallirostris,8651,25,38.3946948622806
Hypositta corallirostris,8652,25,1.35457540027201
Hypositta corallirostris,8660,25,355.553761067319
Hypositta corallirostris,8662,25,23.1220312933113
Hypositta corallirostris,8664,25,16.0684737306582
Hypositta corallirostris,8674,25,15.7287553906272
Hypositta corallirostris,8691,25,19.4337860709381
Hypositta corallirostris,8692,25,187.042904927285
Hypositta corallirostris,8693,25,9.05780211758673
Hypositta corallirostris,8579,39,29.0782282981092
Hypositta corallirostris,8695,39,21.6261414673434
Hypositta corallirostris,8667,40,29.4123165165292
Hypositta corallirostris,8694,40,27.2715936270507
Hypositta corallirostris,8696,40,29.3885406549345
Hypositta corallirostris,8697,40,20.6592519148769
Indri indri,850,12,91.441168373933
Indri indri,1714,35,224.834746882417
Indri indri,1,1,103.775520140199
Indri indri,2530,1,56.8711675529887
Indri indri,22,4,197.731583171071
Indri indri,43,4,447.370473094252
Indri indri,79,4,38.9884159684163
Indri indri,127,4,3.03707585177648
Indri indri,471,4,21522.1084423751
Indri indri,2581,4,14.4316014176174
Indri indri,2628,4,6.00386255988252
Indri indri,646,10,7.49786063311994
Indri indri,718,10,236.100591747121
Indri indri,742,10,10.4658254543704
Indri indri,643,26,68.0501291261465
Indri indri,843,26,170.780797274529
Indri indri,890,26,70.171205546759
Indri indri,936,26,2.87876883525968
Indri indri,992,26,36.126370737397
Indri indri,1026,26,280.61110980638
Indri indri,1123,26,50.5128889844387
Indri indri,1201,26,35.5206766781266
Indri indri,1210,26,137.38275887876
Indri indri,1541,26,2.68197177587867
Indri indri,1673,26,54.5847243216324
Indri indri,1698,26,12.7478930967271
Indri indri,1751,26,2.04824535180938
Indri indri,1831,26,8720.10345196947
Indri indri,2181,26,27.6940185577035
Indri indri,2338,26,4532.29223995953
Indri indri,2449,26,1328.13918797958
Indri indri,2465,26,23.1220312933333
Indri indri,2470,26,6.60311605216253
Indri indri,2474,26,16.0684737306582
Indri indri,2586,26,54.7933720210891
Indri indri,2594,26,58.1494763075515
Indri indri,2595,26,38.3946948622806
Indri indri,2596,26,20.4974337062933
Indri indri,2597,26,1.35457540027201
Indri indri,2606,26,2333.22574291476
Indri indri,2607,26,355.553761067319
Indri indri,2616,26,47.4469397172759
Indri indri,2638,26,19.4337860709381
Indri indri,2639,26,187.042904927285
Indri indri,2640,26,9.05780211758673
Indri indri,173,30,2.11438066261417
Indri indri,208,30,1.65325307838088
Indri indri,212,30,44.3538334620843
Indri indri,221,30,366.096077417693
Indri indri,2620,30,9.5658888511582
Indri indri,2625,30,1.65548669658464
Indri indri,2517,36,2.33597082442749
Indri indri,2522,36,57.1920356452289
Lemur catta,40,6,14.5068055517881
Lemur catta,166,442,0.184524029507697
Lemur catta,167,442,13.1011248301817
Lemur catta,168,442,0.0922603943370581
Lemur catta,224,294,2.12015320006764
Lemur catta,228,294,5.16206443335718
Lemur catta,233,294,0.092177666580081
Lemur catta,527,15,1.10392723276371
Lemur catta,528,15,0.643954629278898
Lemur catta,530,15,20.2361801819575
Lemur catta,1066,18,29.9397529743933
Lemur catta,1269,20,146.390687938526
Lemur catta,1450,21,0.0917656384553313
Lemur catta,1608,24,28.9742458016426
Lemur catta,1655,21,211.946650097724
Lemur catta,1767,26,28.7706278312885
Lemur catta,2055,28,23.4285460085746
Lemur catta,2061,28,0.0915072345054746
Lemur catta,2063,28,0.0915060152800679
Lemur catta,6894,72,17.1655757204354
Lemur catta,10176,249,34.222800657123
Lemur catta,7320,79,47.0482101164895
Lemur catta,7344,79,26.9434789843044
Lemur catta,12024,312,4.11772579951465
Lemur catta,12162,312,0.262810511393309
Lemur catta,738,405,1.37885258547056
Lemur catta,774,405,0.367665618721604
Lemur catta,785,405,3.67632245539057
Lemur catta,829,405,9.18974892458309
Lemur catta,878,405,1.19461015375865
Lemur catta,13286,441,6.28831631620741
Lemur catta,13330,441,1.57208896059883
Lemur catta,13331,441,0.349360073422432
Lemur catta,13390,441,9.77941292706989
Lemur catta,105,358,1.20003366851193
Lemur catta,118,358,0.369215914128184
Lemur catta,122,358,2.03047939233834
Lemur catta,154,358,0.184562845596015
Lemur catta,158,358,3.78335150816208
Lemur catta,4189,388,2.08852931597102
Lemur catta,4245,388,4.26784881421316
Lemur catta,4287,435,0.0907968556401729
Lemur catta,4304,435,9.71559057942391
Lemur catta,713,394,0.0919324277412295
Lemur catta,714,394,6.25106651415205
Lemur catta,860,412,0.275690677073717
Lemur catta,879,412,1.10266377710527
Lemur catta,880,412,1.28645181352198
Lemur catta,887,412,0.183781132994473
Lemur catta,907,412,9.73881683760441
Lemur catta,913,412,2.02137478975803
Lemur catta,914,412,0.826945434479237
Lemur catta,951,412,0.826825480994821
Lemur catta,981,412,0.459349671094894
Lemur catta,999,412,0.367459639964223
Lemur catta,1008,412,0.183724619395971
Lemur catta,1009,412,0.275586929093957
Lemur catta,1018,412,1.46972063059181
Lemur catta,1019,412,0.275577679304183
Lemur catta,1042,412,0.18370726844722
Lemur catta,1084,412,0.0918437876845598
Lemur catta,1091,412,0.367363554798603
Lemur catta,1109,412,58.8617537300254
Lemur catta,1149,412,0.642796241695881
Lemur catta,1185,412,40.037818363524
Lemur catta,1231,412,0.275443051051259
Lemur catta,602,16,0.183948013583839
Lemur catta,603,16,0.367894891669035
Lemur catta,604,16,12.874966528949
Lemur catta,630,421,0.183935519072413
Lemur catta,678,421,33.4703800661467
Lemur catta,273,366,64.4668550776845
Lemur catta,294,366,0.828846753884017
Lemur catta,295,366,5.15725681965875
Lemur catta,316,366,69.8985667489775
Lemur catta,331,366,22.6476567508601
Lemur catta,351,366,1.9332504060809
Lemur catta,12323,436,17.4231342306408
Lemur catta,13632,371,4.18626192768765
Lemur catta,8042,98,23.2564340616227
Lemur catta,8044,98,15.3297558221322
Lemur catta,8058,98,67.6118527123638
Lemur catta,8062,98,3.29419845495892
Lemur catta,11523,149,68.4073900828574
Lemur catta,418,14,13.5284510739095
Lemur catta,429,14,0.0920276939135194
Lemur catta,439,14,35.513363623534
Lemur catta,489,14,35.7915191700204
Lemur catta,609,14,15.4480438041293
Lemur catta,649,14,0.0919586611405611
Lemur catta,6383,350,23.0642557117353
Lemur catta,8341,445,23.0622813791416
Lemur catta,15934,459,44.4928427752445
Lemur catta,6889,425,15.1787121582256
Lemur catta,6974,425,0.0903361120613813
Lemur catta,15915,425,6.68554829567325
Lemur catta,15949,464,112.468627701651
Lemur catta,3255,280,19.9168496817793
Lemur catta,3511,280,0.090939928707242
Lemur catta,3543,280,0.63651773704493
Lemur catta,10914,287,21.3301605593113
Lemur catta,10315,332,0.791573694260597
Lemur catta,10316,332,36.1357630827211
Lemur catta,12799,411,7.60914032988978
Lemur catta,10397,413,0.263815993202567
Lemur catta,10436,413,27.430218073172
Lemur catta,10459,413,0.0879242992441654
Lemur catta,10461,413,5.09932988678861
Lemur catta,10558,413,16.698656125278
Lemur catta,696,415,0.643524707942724
Lemur catta,737,415,0.459616383672059
Lemur catta,755,415,15.3519037113669
Lemur catta,756,415,0.183841973942041
Lemur catta,763,415,0.643432019172192
Lemur catta,767,415,0.275752651619673
Lemur catta,784,415,0.367655302864194
Lemur catta,797,415,7.62849285122781
Lemur catta,798,415,0.27573316345185
Lemur catta,802,415,1.56243208603442
Lemur catta,803,415,0.275729722221732
Lemur catta,815,415,0.275717098941624
Lemur catta,823,415,0.183808720429003
Lemur catta,826,415,0.275709061498523
Lemur catta,833,415,0.459508593737543
Lemur catta,839,415,0.183801829286516
Lemur catta,846,415,0.643297785346329
Lemur catta,847,415,0.45949710468936
Lemur catta,848,415,1.1946710927344
Lemur catta,861,415,0.183794934333146
Lemur catta,868,415,54.8720161250916
Lemur catta,870,415,14.9760293356881
Lemur catta,872,415,3.21620605602419
Lemur catta,873,415,0.551364106284499
Lemur catta,881,415,49.7190577929267
Lemur catta,888,415,0.367564567481756
Lemur catta,897,415,0.183777680330753
Lemur catta,900,415,0.551319225258708
Lemur catta,903,415,0.183773075227499
Lemur catta,908,415,1.10259928914046
Lemur catta,920,415,0.643170052255213
Lemur catta,926,415,0.183763859938979
Lemur catta,934,415,0.183761555059075
Lemur catta,935,415,1.65382056523675
Lemur catta,960,415,7.90020332777613
Lemur catta,965,415,18.468422871011
Lemur catta,976,415,0.18374310077405
Lemur catta,1011,415,20.1144893410161
Lemur catta,1053,415,0.0918518977317214
Lemur catta,1072,415,3.12249965708375
Lemur catta,1157,415,59.307528143233
Lemur catta,1220,415,1.92806640471405
Lemur catta,1256,415,0.0918089129010439
Lemur catta,1257,415,0.183617825802088
Lemur catta,15879,199,15.5764797698595
Lemur catta,15918,199,54.0963039379551
Lemur catta,16005,199,0.259797577435732
Lemur catta,7401,296,0.0900593446447849
Lemur catta,7417,296,0.0900463144586086
Lemur catta,7418,296,0.0900434165700674
Lemur catta,7423,296,0.630264777312636
Lemur catta,7429,296,0.0900332673994303
Lemur catta,7599,296,173.750404706998
Lemur catta,7601,296,54.7933720210891
Lemur catta,11507,299,88.8579889962915
Lemur catta,12044,299,16.1215402504437
Lemur catta,15986,299,54.2897934620137
Lemur catta,15987,299,31.4692072683324
Lemur catta,2155,392,2.01200523817307
Lemur catta,2182,392,0.457216544454694
Lemur catta,2232,392,13.3456154483392
Lemur catta,2250,392,3.38189172445643
Lemur catta,2332,392,2.55808245034969
Lemur catta,2360,392,4.56767725341726
Lemur catta,2373,392,0.182698918887377
Lemur catta,2454,392,2.92236508436668
Lemur catta,2478,392,468.05082258852
Lemur catta,2491,392,6.93958528381192
Lemur catta,2532,392,57.7179355760601
Lemur catta,2551,392,15.610373411348
Lemur catta,7638,431,13.2114576946272
Lemur catta,13551,444,54.5408324229195
Lemur catta,15989,470,36.3826787541578
Lemur catta,2799,448,0.820644420907855
Lemur catta,2821,448,0.0911780408780575
Lemur catta,2960,448,0.638009943682313
Lemur catta,2961,448,0.638007383253575
Lemur catta,2964,448,0.0911435460877419
Lemur catta,2966,448,0.0911435460877419
Lemur catta,2982,448,1.54930704509258
Lemur catta,3011,448,989.776698415402
Lemur catta,3019,448,6.28745453033043
Lemur catta,3032,448,17.0406099613543
Lemur catta,3041,448,0.364478004548073
Lemur catta,3044,448,0.455601037551641
Lemur catta,2875,471,0.546990420511961
Lemur catta,3039,471,0.637843249983668
Lemur catta,15975,471,35.3614705228834
Lemur catta,13942,451,155.727060960763
Lemur catta,2025,452,91.9227041605345
Lemur catta,2040,452,0.0915181980375051
Lemur catta,2044,452,0.3660581814937
Lemur catta,2052,452,0.366043563450038
Lemur catta,14580,461,157.845280077024
Lemur catta,15950,472,14.876475508235
Lemur catta,16001,461,9.98819568180025
Lemur catta,50,7,17.5491645997773
Lemur catta,16006,7,5.91201170583636
Lemur catta,61,319,0.0923514655845761
Lemur catta,69,319,0.184684855032146
Lemur catta,75,319,8.86426284260774
Lemur catta,77,319,1.93904348444539
Lemur catta,79,319,0.0923333741458654
Lemur catta,81,319,0.277001188339591
Lemur catta,83,319,1.20030294124889
Lemur catta,101,319,11.6300040493613
Lemur catta,102,319,0.0923130816246867
Lemur catta,103,319,14.4910549187605
Lemur catta,109,319,0.0923098705308437
Lemur catta,130,319,18.7342282877168
Lemur catta,131,319,1.1997945148766
Lemur catta,16007,319,0.369282266752303
Lemur catta,16008,319,0.184641133481979
Lemur catta,7174,462,410.771329617947
Lemur catta,7224,462,3.42828776114714
Lemur catta,7228,462,0.0902115409758091
Lemur catta,7232,462,0.360836189207196
Lemur catta,7246,462,0.0902044145539999
Lemur catta,7249,462,0.721609646918535
Lemur catta,7269,462,0.180384575283885
Lemur catta,7277,462,0.27056901019907
Lemur catta,7297,462,0.270546153919101
Lemur catta,7298,462,166.855785057804
Lemur catta,7305,462,0.18036029142499
Lemur catta,7306,462,1.71338273918021
Lemur catta,16009,462,0.0902726128827334
Lemur catta,15160,466,0.777178853789091
Lemur catta,15463,466,19.9515621485635
Lemur catta,15974,466,0.604549703200817
Lemur catta,15316,467,20.6592519148769
Lepidopygia nana,42093,169,5.44781685348678
Lepidopygia nana,44004,169,2.33645448066533
Lepidopygia nana,40403,277,172.350847448841
Lepidopygia nana,40972,277,1.82724169255567
Lepidopygia nana,41746,277,230.665512315013
Lepidopygia nana,43542,277,10.2080852577503
Lepidopygia nana,43544,277,0.34735036917901
Lepidopygia nana,44000,277,0.260165493234396
Lepidopygia nana,44001,277,12.0483039035159
Lepidopygia nana,44002,277,3.72627124732995
Lepidopygia nana,31262,67,5.17179658846164
Lepidopygia nana,31687,67,23.2564340616227
Lepidopygia nana,31707,67,20.5002108981814
Lepidopygia nana,32200,67,70.5519519286623
Lepidopygia nana,32343,67,3.29419845495892
Lepidopygia nana,33872,67,23.0622813791416
Lepidopygia nana,42233,122,19.4161335749025
Lepidopygia nana,42316,122,42.9544435797046
Lepidopygia nana,43794,122,14.8361413504198
Lepidopygia nana,43795,122,90.7621720601221
Lepidopygia nana,44008,122,0.776678249714136
Lepidopygia nana,44170,122,2.41072523375285
Lepidopygia nana,44407,122,25.8332475273336
Lepidopygia nana,44504,122,1.20737845729303
Lepidopygia nana,43168,311,5.44071159735107
Lepidopygia nana,44320,311,7.40106157134962
Lepidopygia nana,44389,311,5.26192441255724
Lepidopygia nana,44390,311,5.35111748366654
Lepidopygia nana,44396,311,1.51602477211297
Lepidopygia nana,44130,299,42.3362076362427
Lepidopygia nana,44289,301,19.3775430370849
Lepidopygia nana,44290,308,76.4803060961314
Lepidopygia nana,44296,309,7.51090096298969
Lepidopygia nana,44792,309,0.9048041632061
Lepidopygia nana,44793,309,0.452403466472983
Lepidopygia nana,44795,309,1.35703303170836
Lepidopygia nana,39797,121,112.468627701651
Lepidopygia nana,6097,199,0.274908219362199
Lepidopygia nana,6156,199,0.366509968225718
Lepidopygia nana,6269,199,3.48152099565202
Lepidopygia nana,42881,199,24.2808454823966
Lepidopygia nana,43711,199,0.183232200932503
Lepidopygia nana,44887,199,0.824719871121347
Lepidopygia nana,8460,273,0.182735011702538
Lepidopygia nana,8477,273,0.182733768648863
Lepidopygia nana,8488,273,0.274093192542315
Lepidopygia nana,8620,273,0.822180016362309
Lepidopygia nana,43383,273,0.182726307796717
Lepidopygia nana,43515,273,64.7813755391271
Lepidopygia nana,43521,273,0.456848093526959
Lepidopygia nana,43524,273,0.456835664464593
Lepidopygia nana,43671,273,6.48646275148523
Lepidopygia nana,43672,273,0.274081997471452
Lepidopygia nana,43673,273,0.182715109353781
Lepidopygia nana,43678,273,0.274053362136602
Lepidopygia nana,44223,273,0.182749920761228
Lepidopygia nana,44934,273,0.182741225706577
Lepidopygia nana,44935,273,4.01953690115464
Lepidopygia nana,44936,273,0.822156348397851
Lepidopygia nana,44703,323,44.4928427752445
Lepidopygia nana,42646,327,45.9543252508428
Lepidopygia nana,4041,166,0.275667671454787
Lepidopygia nana,4247,166,0.275591552190423
Lepidopygia nana,4282,166,0.367434207116008
Lepidopygia nana,4283,166,0.183716525221109
Lepidopygia nana,43506,166,34.4503061052001
Lepidopygia nana,43509,166,1.92954817861176
Lepidopygia nana,44928,166,0.183782283741117
Lepidopygia nana,44933,166,0.367500048400104
Lepidopygia nana,656,297,0.370271373195231
Lepidopygia nana,658,297,0.462834125284791
Lepidopygia nana,662,297,43.0377824654073
Lepidopygia nana,663,297,0.18513059458977
Lepidopygia nana,695,297,1.48074673073471
Lepidopygia nana,701,297,1.66577102635694
Lepidopygia nana,708,297,0.277623898765862
Lepidopygia nana,715,297,0.277610584835947
Lepidopygia nana,770,297,1.38815019469857
Lepidopygia nana,44970,297,0.185083622752249
Lepidopygia nana,305,325,0.463597745714188
Lepidopygia nana,411,325,43.2038186617044
Lepidopygia nana,192,97,0.55664420881176
Lepidopygia nana,200,97,0.371099061261296
Lepidopygia nana,202,97,0.556625695955813
Lepidopygia nana,212,97,0.185535398295105
Lepidopygia nana,219,97,0.463806772104442
Lepidopygia nana,227,97,0.27827526928854
Lepidopygia nana,229,97,0.463781360735595
Lepidopygia nana,247,97,0.278243954662919
Lepidopygia nana,261,97,0.185478644791543
Lepidopygia nana,264,97,0.27820176096195
Lepidopygia nana,277,97,0.18546587502265
Lepidopygia nana,289,97,0.18545505566138
Lepidopygia nana,290,97,6.49089737985945
Lepidopygia nana,306,97,0.185438309593201
Lepidopygia nana,315,97,130.021860527528
Lepidopygia nana,318,97,0.185425482894003
Lepidopygia nana,324,97,8.4370977335708
Lepidopygia nana,42518,97,0.185474717534363
Lepidopygia nana,44050,97,0.64914825101459
Lepidopygia nana,44969,97,56.8711675529887
Lepidopygia nana,28215,329,7.79134288626695
Lepidopygia nana,28701,329,44.6638451275753
Lepidopygia nana,44555,283,54.0963039379551
Lepidopygia nana,44713,283,15.5764797698595
Lepidopygia nana,45110,283,0.259797577435732
Lepidopygia nana,6539,302,0.732451485653877
Lepidopygia nana,8646,302,104.61434809919
Lepidopygia nana,45011,302,64.9869920614074
Lepidopygia nana,45032,302,3.11329257240254
Lepidopygia nana,45033,302,14.1007399868137
Lepidopygia nana,45046,302,2.56288165690053
Lepidopygia nana,45084,302,0.274669912564755
Lepidopygia nana,45085,302,0.366225743037939
Lepidopygia nana,45086,302,0.549305915590942
Lepidopygia nana,45124,302,0.366233005417585
Lepidopygia nana,44753,312,89.4725565639065
Lepidopygia nana,45117,312,54.2897934620137
Lepidopygia nana,45118,312,14.9893741114255
Lepidopygia nana,44671,318,15.479861985826
Lepidopygia nana,44754,318,54.5408324229195
Lepidopygia nana,27174,162,1032.09468954584
Lepidopygia nana,44711,162,21.0241786897857
Lepidopygia nana,45164,162,7.49786063311923
Lepidopygia nana,45165,162,10.465825454369
Lepidopygia nana,45171,162,1.35249907425892
Lepidopygia nana,45175,162,0.180300166686296
Lepidopygia nana,45177,162,3.33495901543343
Lepidopygia nana,45179,162,0.180258544605851
Lepidopygia nana,45181,162,0.18024417185688
Lepidopygia nana,45182,162,0.270356910651445
Lepidopygia nana,45183,162,0.180231227523327
Lepidopygia nana,45185,162,0.360449504251242
Lepidopygia nana,45187,162,2.16237442039514
Lepidopygia nana,45190,162,0.27020117475152
Lepidopygia nana,45191,162,0.180086833140135
Lepidopygia nana,45192,162,1.89003464057791
Lepidopygia nana,45193,162,4.23005688389182
Lepidopygia nana,45194,162,0.179935558159113
Lepidopygia nana,45195,162,0.449812608878851
Lepidopygia nana,45156,332,1.62801036448324
Lepidopygia nana,45157,332,0.180872270540357
Lepidopygia nana,45158,332,4.52090276207972
Lepidopygia nana,45163,332,0.542388144284248
Lepidopygia nana,38955,202,183.219152249939
Lepidopygia nana,44552,202,0.176223850353479
Lepidopygia nana,44748,202,19.4493472260612
Lepidopygia nana,44750,202,0.176716549232245
Lepidopygia nana,44751,202,7.50890607225883
Lepidopygia nana,44826,202,26.8667837100745
Lepidopygia nana,44827,202,0.795282153396249
Lepidopygia nana,44829,202,17.5501413919472
Lepidopygia nana,44830,202,18.6823267181581
Lepidopygia nana,44861,202,2.12150208466887
Lepidopygia nana,44862,202,0.265184216719389
Lepidopygia nana,45119,202,9.52154744787466
Lepidopygia nana,45122,202,4.31856011909986
Lepidopygia nana,45200,202,2.74076471963298
Lepidopygia nana,1700,203,197.731583171071
Lepidopygia nana,2370,203,38.9884159684202
Lepidopygia nana,3806,203,0.459616383672059
Lepidopygia nana,3828,203,0.183841973942041
Lepidopygia nana,3840,203,0.643432019172192
Lepidopygia nana,3848,203,0.275752651619673
Lepidopygia nana,3877,203,0.367655302864194
Lepidopygia nana,3905,203,1.56243208603442
Lepidopygia nana,3906,203,0.275729722221732
Lepidopygia nana,3934,203,0.275717098941624
Lepidopygia nana,3953,203,0.275709061498523
Lepidopygia nana,3961,203,0.459508593737841
Lepidopygia nana,3973,203,0.45949710468936
Lepidopygia nana,3974,203,1.1946710927344
Lepidopygia nana,3991,203,0.183794934333146
Lepidopygia nana,4007,203,3.21620605602294
Lepidopygia nana,4008,203,0.551364106284499
Lepidopygia nana,4022,203,1.10266377710527
Lepidopygia nana,4037,203,0.183781132994473
Lepidopygia nana,4038,203,0.367564567481756
Lepidopygia nana,4054,203,0.183777680330634
Lepidopygia nana,4062,203,0.551319225258708
Lepidopygia nana,4070,203,0.183773075227499
Lepidopygia nana,4078,203,1.10259928914046
Lepidopygia nana,4085,203,2.02137478975803
Lepidopygia nana,4086,203,0.826945434479237
Lepidopygia nana,4095,203,0.643170052255213
Lepidopygia nana,4105,203,0.183763859938979
Lepidopygia nana,4114,203,0.183761555059075
Lepidopygia nana,4115,203,1.65382056523675
Lepidopygia nana,4160,203,0.826825480994821
Lepidopygia nana,4206,203,0.459349671094894
Lepidopygia nana,4242,203,0.367459639964223
Lepidopygia nana,4269,203,0.183724619395971
Lepidopygia nana,4270,203,0.275586929093957
Lepidopygia nana,4280,203,1.46972063059181
Lepidopygia nana,4281,203,0.275577679304183
Lepidopygia nana,4444,203,0.367363554798603
Lepidopygia nana,4481,203,58.8617537300292
Lepidopygia nana,4625,203,440.064966834339
Lepidopygia nana,4675,203,0.275443051051259
Lepidopygia nana,14804,203,22006.8972152893
Lepidopygia nana,44268,203,54.8720161250916
Lepidopygia nana,44269,203,0.643524707942724
Lepidopygia nana,44272,203,68.1178643036762
Lepidopygia nana,44518,203,458.083821753779
Lepidopygia nana,45057,203,86.9343049463478
Lepidopygia nana,45060,203,0.36825436967963
Lepidopygia nana,45062,203,5.24674449373478
Lepidopygia nana,45064,203,9.7552919905203
Lepidopygia nana,45130,203,0.369282266752303
Lepidopygia nana,45131,203,0.184641133481979
Lepidopygia nana,45133,203,9.5658888511582
Lepidopygia nana,45135,203,0.827843772775352
Lepidopygia nana,45136,203,0.275940742864907
Lepidopygia nana,45137,203,0.275922588019133
Lepidopygia nana,45138,203,1.65548669658464
Lepidopygia nana,45140,203,0.459814922548056
Lepidopygia nana,45141,203,10.9920872748523
Lepidopygia nana,45142,203,0.923443426764727
Lepidopygia nana,45144,203,0.184049760341406
Lepidopygia nana,45146,203,1.74834825798291
Lepidopygia nana,45148,203,2.48435904262823
Lepidopygia nana,7646,217,19.2038282113973
Lepidopygia nana,7870,217,1.91988596975887
Lepidopygia nana,7871,217,4.2053427026192
Lepidopygia nana,7914,217,0.6399434845016
Lepidopygia nana,7952,217,0.45708591381228
Lepidopygia nana,8006,217,5.85033975470352
Lepidopygia nana,8025,217,24.6792146248873
Lepidopygia nana,8087,217,1.0054375043211
Lepidopygia nana,8096,217,2.83342021114933
Lepidopygia nana,8108,217,0.182805694629431
Lepidopygia nana,8132,217,2.37624750380063
Lepidopygia nana,8147,217,1.00536820483017
Lepidopygia nana,8159,217,0.274192454328179
Lepidopygia nana,8202,217,1.5536069370805
Lepidopygia nana,8204,217,0.182784649551272
Lepidopygia nana,8241,217,0.548322966099382
Lepidopygia nana,8242,217,0.182778454094648
Lepidopygia nana,8260,217,8.3165148231597
Lepidopygia nana,8294,217,8.86332816260099
Lepidopygia nana,8312,217,2.10170416140425
Lepidopygia nana,8512,217,0.274089461484194
Lepidopygia nana,8915,217,0.54794446963501
Lepidopygia nana,9112,217,0.456539862202287
Lepidopygia nana,9483,217,1.64285957804096
Lepidopygia nana,9557,217,1.64265917570972
Lepidopygia nana,9588,217,2.09870394610953
Lepidopygia nana,9753,217,0.273718223156691
Lepidopygia nana,9823,217,2.0072273404777
Lepidopygia nana,9838,217,0.273718223156929
Lepidopygia nana,9875,217,0.364942030489326
Lepidopygia nana,9891,217,0.273705573990226
Lepidopygia nana,9973,217,0.547380770865917
Lepidopygia nana,10037,217,0.273672653065681
Lepidopygia nana,13675,217,756.643927307429
Lepidopygia nana,42549,217,0.456318663737297
Lepidopygia nana,42550,217,0.821370568384051
Lepidopygia nana,43385,217,0.548346514569998
Lepidopygia nana,43391,217,0.912692769446492
Lepidopygia nana,43966,217,16.3740665150672
Lepidopygia nana,44086,217,22.3806283842244
Lepidopygia nana,44087,217,1.27936982512581
Lepidopygia nana,44088,217,4.567756926453
Lepidopygia nana,44090,217,0.365240409358382
Lepidopygia nana,44091,217,1.46089898014224
Lepidopygia nana,44092,217,0.730263700280547
Lepidopygia nana,44093,217,0.547674823723793
Lepidopygia nana,44094,217,0.638874861070275
Lepidopygia nana,44507,217,37.9238499896624
Lepidopygia nana,44565,217,0.274301122583509
Lepidopygia nana,44566,217,4.20557955169034
Lepidopygia nana,44629,217,2.19383277368414
Lepidopygia nana,44857,217,9.48887854600907
Lepidopygia nana,44891,217,16.5402429724604
Lepidopygia nana,45020,217,11.5120029750904
Lepidopygia nana,45088,217,0.456175956650376
Lepidopygia nana,22315,218,38.2051651932399
Lepidopygia nana,43622,218,3.34846321159315
Lepidopygia nana,43623,218,0.723997986286044
Lepidopygia nana,43625,218,0.361958205401659
Lepidopygia nana,45149,218,0.452763459861636
Lepidopygia nana,31742,232,16.7503128028274
Lepidopygia nana,44321,232,509.984436593641
Lepidopygia nana,44325,232,5.78723057711851
Lepidopygia nana,44796,232,26.0081400826775
Lepidopygia nana,28022,257,2.32886922907841
Lepidopygia nana,28099,257,3.3134309653126
Lepidopygia nana,28281,257,2.32767118465054
Lepidopygia nana,28399,257,1.6112200088762
Lepidopygia nana,28520,257,1.34257184521151
Lepidopygia nana,28643,257,14.4154369912694
Lepidopygia nana,29202,257,1.78860352420616
Lepidopygia nana,30321,257,0.714404974959851
Lepidopygia nana,30399,257,0.535747839347601
Lepidopygia nana,30434,257,0.178579506715775
Lepidopygia nana,30461,257,0.178571738508582
Lepidopygia nana,30487,257,0.4464130281533
Lepidopygia nana,30628,257,1.87495118889725
Lepidopygia nana,31282,257,861.508977131095
Lepidopygia nana,43131,257,90.290205828658
Lepidopygia nana,43309,257,2.59498997027063
Lepidopygia nana,43984,257,8.41262219545888
Lepidopygia nana,44137,257,1.79096353913176
Lepidopygia nana,44184,257,2.05895008530629
Lepidopygia nana,44705,257,170.754673511907
Lepidopygia nana,44706,257,90.1463766941008
Lepidopygia nana,44743,257,13.3402551715665
Lepidopygia nana,44744,257,4.73613397636772
Lepidopygia nana,44770,257,12.3551679966743
Lepidopygia nana,44771,257,3.76076446233773
Lepidopygia nana,44773,257,3.75955498127008
Lepidopygia nana,44774,257,2.95405236926329
Lepidopygia nana,44835,257,18.5453158743801
Lepidopygia nana,44836,257,6.26817250349927
Lepidopygia nana,44858,257,3.30518937351549
Lepidopygia nana,45206,257,1.79238486696017
Lepidopygia nana,45209,257,1.96975829056716
Lepidopygia nana,45217,257,59.9353472358141
Lepidopygia nana,43117,333,110.634216100066
Lepidopygia nana,43130,334,11.7406399878482
Lepidopygia nana,21056,291,0.812480411258936
Lepidopygia nana,23093,291,170.780797274529
Lepidopygia nana,23575,291,70.1712055467508
Lepidopygia nana,24123,291,0.899620833965421
Lepidopygia nana,24197,291,0.269868277515173
Lepidopygia nana,24863,291,36.2162431781246
Lepidopygia nana,25508,291,280.700961597652
Lepidopygia nana,26394,291,50.5128889844387
Lepidopygia nana,27079,291,35.5206766781266
Lepidopygia nana,27142,291,137.38275887876
Lepidopygia nana,30894,291,79.8728324807925
Lepidopygia nana,31475,291,180.783642575449
Lepidopygia nana,31807,291,225.191492433977
Lepidopygia nana,33197,291,11429.7409286794
Lepidopygia nana,34862,291,0.620648212959528
Lepidopygia nana,34889,291,0.265972006814122
Lepidopygia nana,34921,291,0.709200345668078
Lepidopygia nana,34952,291,0.177290677110672
Lepidopygia nana,37894,291,28.8370827305443
Lepidopygia nana,39946,291,37.7648065144268
Lepidopygia nana,40082,291,4899.67344718228
Lepidopygia nana,42328,291,1329.96889561471
Lepidopygia nana,42824,291,0.181274117312193
Lepidopygia nana,43340,291,68.0501291261465
Lepidopygia nana,43933,291,0.179958904524803
Lepidopygia nana,43934,291,2.87876883525717
Lepidopygia nana,45073,291,54.9733265501487
Lepidopygia nana,45081,291,58.1494763075515
Lepidopygia nana,45082,291,38.5754106344105
Lepidopygia nana,45083,291,1.35457540027201
Lepidopygia nana,45100,291,355.641092569589
Lepidopygia nana,45102,291,72.7284184850583
Lepidopygia nana,45129,291,47.4469397172759
Lepidopygia nana,45222,291,19.4337860709381
Lepidopygia nana,45223,291,187.042904927285
Lepidopygia nana,45224,291,9.05780211758673
Lepidopygia nana,24732,295,168.012077784775
Lepidopygia nana,43088,295,0.449603298739195
Lepidopygia nana,43089,295,0.359686745625734
Lepidopygia nana,45151,295,0.449634089967847
Lepidopygia nana,44832,313,13.3829553466861
Lepidopygia nana,44834,313,6.06907414019537
Lepidopygia nana,45123,313,2.02272765648687
Lepidopygia nana,42004,330,2.33597082442749
Lepidopygia nana,42006,330,0.173038084078312
Lepidopygia nana,45106,330,57.1920356452289
Lepidopygia nana,42167,335,0.777178853789091
Lepidopygia nana,45015,335,0.604549703200817
Lepidopygia nana,45225,335,27.2715936270507
Lepidopygia nana,45226,335,29.4123165165292
Lepidopygia nana,45227,335,29.3885406549345
Lepidopygia nana,45228,335,20.6592519148769
Lepidopygia nana,45229,335,19.9515621485635
Lepidopygia nana,43192,331,260.732262440753
Lepidopygia nana,44775,331,79.2501346083427
Lepidopygia nana,45214,331,2.65747338466716
Lepidopygia nana,45215,331,0.177169278389692
Lepidopygia nana,45218,331,19.8014696613791
Lepilemur edwardsi,3284,140,46.022804527178
Lepilemur edwardsi,1152,152,19.2038282113973
Lepilemur edwardsi,1213,152,1.91988596975887
Lepilemur edwardsi,1214,152,4.2053427026192
Lepilemur edwardsi,3310,152,2.19383277368414
Lepilemur edwardsi,3336,150,9.30640563301087
Lepilemur edwardsi,484,12,0.824719871121347
Lepilemur edwardsi,554,12,0.274908219362199
Lepilemur edwardsi,601,12,0.366509968225718
Lepilemur edwardsi,659,12,3.48152099565202
Lepilemur edwardsi,678,12,23.1812928224177
Lepilemur edwardsi,3302,12,0.183232200932503
Lepilemur edwardsi,1252,155,22.2892814174211
Lepilemur edwardsi,3306,155,37.6497033879563
Lepilemur edwardsi,1046,149,16.3740665150672
Lepilemur edwardsi,21,2,0.275667671454787
Lepilemur edwardsi,24,2,1.92954817861235
Lepilemur edwardsi,36,2,0.275591552190423
Lepilemur edwardsi,40,2,0.367434207116008
Lepilemur edwardsi,41,2,0.183716525221109
Lepilemur edwardsi,48,2,33.8991079803611
Lepilemur edwardsi,3337,2,0.183782283741117
Lepilemur edwardsi,3342,2,0.367500048400104
Lepilemur edwardsi,1230,148,0.6399434845016
Lepilemur edwardsi,1241,148,0.45708591381228
Lepilemur edwardsi,1255,148,5.85033975470352
Lepilemur edwardsi,1260,148,24.6792146248873
Lepilemur edwardsi,1272,148,1.0054375043211
Lepilemur edwardsi,1273,148,2.83342021114933
Lepilemur edwardsi,1275,148,0.182805694629431
Lepilemur edwardsi,1283,148,1.00536820483017
Lepilemur edwardsi,1284,148,2.37624750380063
Lepilemur edwardsi,1287,148,0.274192454328179
Lepilemur edwardsi,1289,148,1.5536069370805
Lepilemur edwardsi,1291,148,0.548346514569998
Lepilemur edwardsi,1292,148,0.182784649551272
Lepilemur edwardsi,1298,148,0.548322966099382
Lepilemur edwardsi,1299,148,0.182778454094648
Lepilemur edwardsi,1301,148,8.31651482316256
Lepilemur edwardsi,1302,148,1.27936982512558
Lepilemur edwardsi,1310,148,2.10170416140425
Lepilemur edwardsi,1332,148,8.49783825707888
Lepilemur edwardsi,1359,148,0.274089461484194
Lepilemur edwardsi,1369,148,10.9639024804161
Lepilemur edwardsi,1370,148,4.567756926453
Lepilemur edwardsi,3307,148,0.274301122583509
Lepilemur edwardsi,3308,148,4.20557955169034
Lepilemur edwardsi,3428,148,16.5402429724604
Lepilemur edwardsi,3434,148,0.456749789226413
Lepilemur edwardsi,1028,157,104.61434809919
Lepilemur edwardsi,3433,157,64.9869920614074
Lepilemur edwardsi,3449,157,3.11329257240254
Lepilemur edwardsi,3450,157,14.1007399868137
Lepilemur edwardsi,3463,157,2.56288165690053
Lepilemur edwardsi,3465,157,0.366233005417585
Lepilemur edwardsi,3272,56,0.180086833140135
Lepilemur edwardsi,3280,56,239.262546595908
Lepilemur edwardsi,3466,56,5.48599591226756
Lepilemur edwardsi,1423,156,0.54794446963501
Lepilemur edwardsi,1440,156,0.365240409358501
Lepilemur edwardsi,1446,156,1.46089898014283
Lepilemur edwardsi,1449,156,0.456539862202287
Lepilemur edwardsi,1519,156,0.73026370028019
Lepilemur edwardsi,1542,156,0.547674823724389
Lepilemur edwardsi,1590,156,1.64285957804191
Lepilemur edwardsi,1603,156,0.912692769446373
Lepilemur edwardsi,1612,156,0.638874861070156
Lepilemur edwardsi,1643,156,0.82137056838429
Lepilemur edwardsi,1648,156,0.456318663737774
Lepilemur edwardsi,1664,156,1.64265917571056
Lepilemur edwardsi,1696,156,2.09870394610953
Lepilemur edwardsi,1771,156,753.814320473975
Lepilemur edwardsi,1772,156,0.273718223156929
Lepilemur edwardsi,1778,156,2.0072273404777
Lepilemur edwardsi,1785,156,0.364942030489683
Lepilemur edwardsi,1793,156,0.273705573990226
Lepilemur edwardsi,1820,156,0.547380770865917
Lepilemur edwardsi,1846,156,0.273672653065681
Lepilemur edwardsi,3464,156,0.456175956650376
Lepilemur leucopus,503,8,19.8151122153917
Lepilemur leucopus,1339,37,68.4073900828574
Lepilemur leucopus,3283,149,31.0182859874093
Lepilemur leucopus,216,109,16.7503128028274
Lepilemur leucopus,3341,167,112.468627701651
Lepilemur leucopus,1334,36,54.2897934620137
Lepilemur leucopus,3351,36,17.9884967283137
Lepilemur leucopus,3353,36,29.6282884787502
Lepilemur leucopus,1407,42,16.1215402504437
Lepilemur leucopus,2604,155,157.845280077024
Lepilemur leucopus,3279,155,63.798109872398
Lepilemur leucopus,3349,169,14.876475508235
Lepilemur leucopus,3360,155,9.98819568180025
Lepilemur leucopus,2923,160,15.5764797698595
Lepilemur leucopus,3307,160,54.0963039379551
Lepilemur leucopus,3364,160,0.259797577435732
Lepilemur leucopus,1752,163,54.5408324229195
Lepilemur leucopus,3355,168,36.3826787541578
Lepilemur leucopus,3320,166,155.727060960763
Lepilemur leucopus,619,10,46.1547925604536
Lepilemur leucopus,621,10,18.1853961666804
Lepilemur leucopus,316,110,25.9190793253232
Lepilemur leucopus,322,110,0.890515692824602
Lepilemur leucopus,492,110,427.877183026688
Lepilemur leucopus,393,123,49.288619264533
Lepilemur leucopus,444,123,37.6226567107038
Lepilemur leucopus,3365,123,0.177962643784523
Lepilemur leucopus,3,124,2.59390059166253
Lepilemur leucopus,42,124,0.714404974959851
Lepilemur leucopus,45,124,0.535747839347601
Lepilemur leucopus,48,124,0.178579506715775
Lepilemur leucopus,52,124,0.446428569326758
Lepilemur leucopus,54,124,0.4464130281533
Lepilemur leucopus,69,124,1.87495118889725
Lepilemur leucopus,73,124,384.911458562651
Lepilemur leucopus,3267,143,60.8897061899425
Lepilemur leucopus,3372,143,1.33025208764148
Lepilemur leucopus,3374,143,2.65747338466716
Lepilemur leucopus,3375,143,0.177169278389692
Lepilemur leucopus,1062,165,17.1091583224724
Lepilemur mustelinus,1519,29,30.1027819500016
Lepilemur mustelinus,9003,122,24.3644592668391
Lepilemur mustelinus,9004,122,1.16463373756731
Lepilemur mustelinus,9005,122,0.627115013766289
Lepilemur mustelinus,9157,122,3.3134309653126
Lepilemur mustelinus,9170,122,0.179107741042137
Lepilemur mustelinus,15673,400,37.7648065144268
Lepilemur mustelinus,10529,134,0.26792513678956
Lepilemur mustelinus,10530,134,9.37666455186044
Lepilemur mustelinus,772,506,38.9884159684163
Lepilemur mustelinus,6685,526,70.171205546759
Lepilemur mustelinus,11338,552,224.834746882417
Lepilemur mustelinus,8261,497,50.5128889844387
Lepilemur mustelinus,8599,497,35.5206766781266
Lepilemur mustelinus,8634,554,137.38275887876
Lepilemur mustelinus,15066,190,68.4073900828574
Lepilemur mustelinus,7421,107,118.572642365892
Lepilemur mustelinus,7866,107,21.0241786897857
Lepilemur mustelinus,8618,591,26.1882757536098
Lepilemur mustelinus,8736,592,30.2949823155764
Lepilemur mustelinus,8852,592,1.79238486695898
Lepilemur mustelinus,9264,124,42.7215934479485
Lepilemur mustelinus,9340,124,0.268576509485722
Lepilemur mustelinus,18049,124,3.75955498127008
Lepilemur mustelinus,18055,596,44.4928427752445
Lepilemur mustelinus,11317,433,16.7503128028274
Lepilemur mustelinus,59,3,25.2178087537469
Lepilemur mustelinus,133,7,0.370271373195231
Lepilemur mustelinus,135,7,0.462834125284791
Lepilemur mustelinus,138,7,18.9744048029395
Lepilemur mustelinus,139,7,0.18513059458977
Lepilemur mustelinus,147,7,1.48074673073471
Lepilemur mustelinus,148,7,1.48068535666716
Lepilemur mustelinus,150,7,0.277623898765862
Lepilemur mustelinus,159,7,1.38815019469857
Lepilemur mustelinus,18144,7,0.185083622752249
Lepilemur mustelinus,2436,46,196.160604141571
Lepilemur mustelinus,2493,46,0.364940765320778
Lepilemur mustelinus,67,391,21.0334598369182
Lepilemur mustelinus,8,1,0.55664420881176
Lepilemur mustelinus,9,1,0.371099061261296
Lepilemur mustelinus,11,1,0.556625695955515
Lepilemur mustelinus,12,1,0.185535398295105
Lepilemur mustelinus,14,1,0.463806772104681
Lepilemur mustelinus,17,1,0.27827526928854
Lepilemur mustelinus,18,1,0.463781360735595
Lepilemur mustelinus,28,1,0.64914825101471
Lepilemur mustelinus,32,1,103.775520140199
Lepilemur mustelinus,18143,1,56.8711675529887
Lepilemur mustelinus,9096,610,7.79134288626695
Lepilemur mustelinus,9457,610,44.6638451275753
Lepilemur mustelinus,1965,608,53.6385749434331
Lepilemur mustelinus,18172,609,14.1007399868137
Lepilemur mustelinus,2445,605,0.365034251434088
Lepilemur mustelinus,18175,605,48.7387760582851
Lepilemur mustelinus,18228,605,29.1295754598171
Lepilemur mustelinus,18229,605,27.8442933033056
Lepilemur mustelinus,17159,217,133.000078257468
Lepilemur mustelinus,18123,618,14.876475508235
Lepilemur mustelinus,15225,431,16.1215402504437
Lepilemur mustelinus,533,568,458.083821753779
Lepilemur mustelinus,1927,589,0.366065487772346
Lepilemur mustelinus,18173,589,69.0088660780865
Lepilemur mustelinus,18227,589,2.56288165690053
Lepilemur mustelinus,17945,590,15.5764797698595
Lepilemur mustelinus,18040,590,54.0963039379551
Lepilemur mustelinus,18253,590,0.259797577435732
Lepilemur mustelinus,18052,597,29.0143926775727
Lepilemur mustelinus,18254,616,25.5247919275181
Lepilemur mustelinus,18103,601,78.2278056439609
Lepilemur mustelinus,18142,601,7.0601007889588
Lepilemur mustelinus,18213,617,58.1494763075515
Lepilemur mustelinus,6430,88,0.180154828209162
Lepilemur mustelinus,6590,88,0.180086833140135
Lepilemur mustelinus,6792,88,773.328172784885
Lepilemur mustelinus,18290,88,7.49786063311923
Lepilemur mustelinus,18291,88,10.465825454369
Lepilemur mustelinus,18301,88,0.180300166686296
Lepilemur mustelinus,18303,88,3.33495901543343
Lepilemur mustelinus,18305,88,0.180258544605851
Lepilemur mustelinus,18307,88,0.18024417185688
Lepilemur mustelinus,18308,88,0.270356910651445
Lepilemur mustelinus,18309,88,0.180231227523327
Lepilemur mustelinus,18311,88,0.360449504251242
Lepilemur mustelinus,18313,88,2.16237442039514
Lepilemur mustelinus,18316,88,0.27020117475152
Lepilemur mustelinus,7167,102,0.449603298739433
Lepilemur mustelinus,7168,102,0.359686745625973
Lepilemur mustelinus,7245,102,167.74218789238
Lepilemur mustelinus,18318,102,0.449634089967847
Lepilemur mustelinus,8425,113,110.634216100066
Lepilemur mustelinus,8702,119,56.2188748015674
Lepilemur mustelinus,9284,123,2.32767118465054
Lepilemur mustelinus,9523,123,88.5345907866701
Lepilemur mustelinus,9751,123,82.79071857814
Lepilemur mustelinus,11606,139,22.4448807409886
Lepilemur mustelinus,11991,139,0.444901827133298
Lepilemur mustelinus,11992,139,337.378777927569
Lepilemur mustelinus,12052,139,0.177943509934664
Lepilemur mustelinus,12064,139,1.51242250808871
Lepilemur mustelinus,18324,139,29.6986789244956
Lepilemur mustelinus,13426,149,54.7590855050513
Lepilemur mustelinus,18326,149,2.65747338466716
Lepilemur mustelinus,15060,168,17.1091583224724
Lepilemur mustelinus,412,291,197.731583171071
Lepilemur mustelinus,838,291,3.04084036644864
Lepilemur mustelinus,1021,291,4.14191372488886
Lepilemur mustelinus,1093,291,7.4522462010079
Lepilemur mustelinus,1101,291,0.183992209264755
Lepilemur mustelinus,1212,291,0.643524707942724
Lepilemur mustelinus,1238,291,0.459616383672059
Lepilemur mustelinus,1243,291,0.183841973942041
Lepilemur mustelinus,1248,291,0.643432019172192
Lepilemur mustelinus,1251,291,0.275752651619673
Lepilemur mustelinus,1258,291,0.367655302864194
Lepilemur mustelinus,1263,291,1.56243208603442
Lepilemur mustelinus,1264,291,0.275729722221732
Lepilemur mustelinus,1273,291,0.275717098941624
Lepilemur mustelinus,1278,291,0.275709061498523
Lepilemur mustelinus,1280,291,0.459508593737543
Lepilemur mustelinus,1281,291,0.45949710468936
Lepilemur mustelinus,1282,291,1.1946710927344
Lepilemur mustelinus,1290,291,0.183794934333146
Lepilemur mustelinus,1293,291,54.8720161250855
Lepilemur mustelinus,1294,291,3.21620605602419
Lepilemur mustelinus,1295,291,0.551364106284499
Lepilemur mustelinus,1301,291,1.10266377710551
Lepilemur mustelinus,1302,291,0.183781132994473
Lepilemur mustelinus,1303,291,0.367564567481756
Lepilemur mustelinus,1307,291,0.183777680330753
Lepilemur mustelinus,1309,291,0.551319225258708
Lepilemur mustelinus,1311,291,0.183773075227499
Lepilemur mustelinus,1315,291,1.10259928914046
Lepilemur mustelinus,1316,291,2.02137478975803
Lepilemur mustelinus,1317,291,0.826945434479237
Lepilemur mustelinus,1319,291,0.643170052255213
Lepilemur mustelinus,1321,291,0.183763859938979
Lepilemur mustelinus,1323,291,0.183761555059075
Lepilemur mustelinus,1324,291,1.65382056523675
Lepilemur mustelinus,1340,291,0.18374310077405
Lepilemur mustelinus,1342,291,0.275607724242747
Lepilemur mustelinus,1366,291,1.65325307838088
Lepilemur mustelinus,1375,291,0.367363554798603
Lepilemur mustelinus,1394,291,58.6780858784187
Lepilemur mustelinus,1434,291,412.582997023229
Lepilemur mustelinus,1456,291,0.275443051051259
Lepilemur mustelinus,2545,291,1.18578380805576
Lepilemur mustelinus,2577,291,24.9873789455271
Lepilemur mustelinus,2653,291,0.638247560154796
Lepilemur mustelinus,2803,291,27.9623496702811
Lepilemur mustelinus,2804,291,0.273246820754766
Lepilemur mustelinus,2812,291,0.273218414016366
Lepilemur mustelinus,3072,291,0.181763870256424
Lepilemur mustelinus,3268,291,15554.3484157754
Lepilemur mustelinus,18261,291,0.369282266752303
Lepilemur mustelinus,18262,291,0.184641133481979
Lepilemur mustelinus,18264,291,9.5658888511582
Lepilemur mustelinus,18266,291,0.827843772775352
Lepilemur mustelinus,18267,291,0.275940742864907
Lepilemur mustelinus,18268,291,0.275922588019133
Lepilemur mustelinus,18269,291,1.65548669658464
Lepilemur mustelinus,18271,291,0.459814922548056
Lepilemur mustelinus,18272,291,10.9920872748523
Lepilemur mustelinus,18273,291,0.923443426764727
Lepilemur mustelinus,18277,291,1.74834825798291
Lepilemur mustelinus,18279,291,1.74828060862398
Lepilemur mustelinus,10644,453,224.405925687717
Lepilemur mustelinus,18233,619,16.5405274979586
Lepilemur mustelinus,3927,530,0.181274117312193
Lepilemur mustelinus,5640,530,0.812480411258936
Lepilemur mustelinus,6427,530,169.969671906323
Lepilemur mustelinus,6901,530,0.179958904524803
Lepilemur mustelinus,6960,530,2.87876883525968
Lepilemur mustelinus,6966,530,0.899620833965421
Lepilemur mustelinus,7000,530,0.269868277515173
Lepilemur mustelinus,7350,530,36.126370737397
Lepilemur mustelinus,7725,530,280.61110980638
Lepilemur mustelinus,10592,530,0.178590377736568
Lepilemur mustelinus,10614,530,5.17860213789487
Lepilemur mustelinus,10622,530,3.83926049733389
Lepilemur mustelinus,10881,530,79.7835008618025
Lepilemur mustelinus,11184,530,127.840606665036
Lepilemur mustelinus,12237,530,11388.1999375908
Lepilemur mustelinus,13378,530,0.354345133471251
Lepilemur mustelinus,14733,530,28.8370827305443
Lepilemur mustelinus,15754,530,4769.939504672
Lepilemur mustelinus,16464,530,1329.88182992828
Lepilemur mustelinus,18205,530,54.7933720210891
Lepilemur mustelinus,18214,530,38.3946948622806
Lepilemur mustelinus,18215,530,1.35457540027201
Lepilemur mustelinus,18241,530,355.553761067319
Lepilemur mustelinus,18243,530,72.7284184850583
Lepilemur mustelinus,18336,620,19.4337860709381
Lepilemur mustelinus,18337,621,187.042904927285
Lepilemur mustelinus,18338,622,9.05780211758673
Lepilemur mustelinus,5346,606,68.0501291261465
Lepilemur mustelinus,18260,606,47.4469397172759
Lepilemur mustelinus,17036,613,2.33597082442749
Lepilemur mustelinus,17510,613,57.1920356452289
Lepilemur mustelinus,17313,623,0.777178853789091
Lepilemur mustelinus,18180,623,0.604549703200817
Lepilemur mustelinus,18333,623,19.9515621485635
Lepilemur mustelinus,18329,624,27.2715936270507
Lepilemur mustelinus,18330,625,29.4123165165292
Lepilemur mustelinus,18331,626,29.3885406549345
Lepilemur mustelinus,18332,627,20.6592519148769
Lepilemur ruficaudatus,559,36,5.85033975470436
Lepilemur ruficaudatus,562,36,16.0871950112846
Lepilemur ruficaudatus,572,36,0.182805694629431
Lepilemur ruficaudatus,575,36,0.274201118186474
Lepilemur ruficaudatus,578,36,0.274192454328179
Lepilemur ruficaudatus,579,36,0.548346514569998
Lepilemur ruficaudatus,580,36,0.182784649551272
Lepilemur ruficaudatus,581,36,1.18809712456632
Lepilemur ruficaudatus,586,36,0.182778454094648
Lepilemur ruficaudatus,587,36,5.0262264291631
Lepilemur ruficaudatus,588,36,1.27936982512558
Lepilemur ruficaudatus,590,36,5.7567683404597
Lepilemur ruficaudatus,593,36,16.5402429724617
Lepilemur ruficaudatus,600,36,3.92910652125299
Lepilemur ruficaudatus,4637,130,19.8151122153917
Lepilemur ruficaudatus,4292,270,16.7503128028274
Lepilemur ruficaudatus,598,37,0.456848093526959
Lepilemur ruficaudatus,602,37,0.182749920761347
Lepilemur ruficaudatus,609,37,0.274103139080644
Lepilemur ruficaudatus,610,37,0.182735011702538
Lepilemur ruficaudatus,611,37,0.182733768648863
Lepilemur ruficaudatus,612,37,0.274093192542315
Lepilemur ruficaudatus,614,37,0.182726307796717
Lepilemur ruficaudatus,616,37,0.274081997471213
Lepilemur ruficaudatus,623,37,0.822180016362309
Lepilemur ruficaudatus,626,37,0.274053362136722
Lepilemur ruficaudatus,627,37,5.57282749176896
Lepilemur ruficaudatus,669,37,64.7813755391271
Lepilemur ruficaudatus,6124,37,0.182741225706577
Lepilemur ruficaudatus,6125,37,4.01953690115464
Lepilemur ruficaudatus,6126,37,0.822156348397851
Lepilemur ruficaudatus,705,41,59.2421305244342
Lepilemur ruficaudatus,458,23,0.366065487772346
Lepilemur ruficaudatus,490,23,70.4728431779546
Lepilemur ruficaudatus,400,341,14.1007399868137
Lepilemur ruficaudatus,2945,88,0.452763459861875
Lepilemur ruficaudatus,2972,88,38.0240908844043
Lepilemur ruficaudatus,2976,88,3.07696966736638
Lepilemur ruficaudatus,2979,88,0.723997986286044
Lepilemur ruficaudatus,2987,88,0.361958205401897
Lepilemur ruficaudatus,3349,97,0.449603298739433
Lepilemur ruficaudatus,3350,97,0.359686745625973
Lepilemur ruficaudatus,3361,97,167.74218789238
Lepilemur ruficaudatus,6128,97,0.449634089967847
Lepilemur ruficaudatus,3553,103,110.634216100066
Lepilemur ruficaudatus,4818,131,46.1547925604536
Lepilemur ruficaudatus,4838,131,18.1853961666804
Lepilemur ruficaudatus,5661,169,17.1091583224724
Lepilemur ruficaudatus,3731,260,127.714784476492
Lepilemur ruficaudatus,3749,260,90.2006443720138
Lepilemur ruficaudatus,3774,260,3.3134309653126
Lepilemur ruficaudatus,3816,260,0.268576509485722
Lepilemur ruficaudatus,6135,260,59.9353472358141
Lepilemur ruficaudatus,6136,260,1.79238486696017
Lepilemur ruficaudatus,4391,280,25.9190793253232
Lepilemur ruficaudatus,4396,280,0.890515692824602
Lepilemur ruficaudatus,4560,280,25.9642859961359
Lepilemur ruficaudatus,4617,280,427.877183026688
Lepilemur ruficaudatus,4479,298,49.288619264533
Lepilemur ruficaudatus,4549,298,37.6226567107038
Lepilemur ruficaudatus,6139,298,0.177962643784523
Lepilemur ruficaudatus,6059,338,60.8897061899425
Lepilemur ruficaudatus,6146,338,1.33025208764148
Lepilemur ruficaudatus,6148,338,2.65747338466716
Lepilemur ruficaudatus,6149,338,0.177169278389692
Lepilemur ruficaudatus,3803,348,2.32767118465054
Lepilemur ruficaudatus,3977,348,89.7882265229853
Lepilemur ruficaudatus,4075,348,0.714404974959851
Lepilemur ruficaudatus,4083,348,0.535747839347601
Lepilemur ruficaudatus,4090,348,0.178579506715775
Lepilemur ruficaudatus,4096,348,0.446428569326758
Lepilemur ruficaudatus,4101,348,0.4464130281533
Lepilemur ruficaudatus,4119,348,1.87495118889725
Lepilemur ruficaudatus,4125,348,661.667429876293
Leptopterus chabert,16596,14,3.0318895408175
Leptopterus chabert,16815,14,9.89210889334797
Leptopterus chabert,16827,14,15.3297558221322
Leptopterus chabert,16873,14,3.56446244931293
Leptopterus chabert,17061,14,22.1772566781623
Leptopterus chabert,17139,14,3.29419845495892
Leptopterus chabert,23783,97,24.0897988637466
Leptopterus chabert,23376,72,24.5074496821449
Leptopterus chabert,23393,72,152.434539488664
Leptopterus chabert,23729,72,32.897685323071
Leptopterus chabert,23765,72,47.5161649497197
Leptopterus chabert,23993,72,27.038656370522
Leptopterus chabert,16514,52,5.44071159735251
Leptopterus chabert,16557,52,5.35111748366654
Leptopterus chabert,16589,52,5.17274390201235
Leptopterus chabert,16595,52,1.5160247721132
Leptopterus chabert,16613,52,5.61776200146008
Leptopterus chabert,4814,117,16.3740665150672
Leptopterus chabert,5016,117,2.19464777098459
Leptopterus chabert,5051,117,12.894550309714
Leptopterus chabert,5383,109,0.456848093526959
Leptopterus chabert,5425,109,0.456835664464593
Leptopterus chabert,5426,109,0.274101896026969
Leptopterus chabert,5437,109,0.274093192542315
Leptopterus chabert,5457,109,0.274081997471213
Leptopterus chabert,5508,109,0.822180016362309
Leptopterus chabert,5524,109,0.274053362136722
Leptopterus chabert,5533,109,6.02962584375572
Leptopterus chabert,5735,109,64.7813755391271
Leptopterus chabert,24460,109,4.01953690115464
Leptopterus chabert,24461,109,0.822156348397851
Leptopterus chabert,3957,111,0.274908219362199
Leptopterus chabert,4010,111,0.366509968225718
Leptopterus chabert,4094,111,3.48152099565202
Leptopterus chabert,4127,111,23.272929294417
Leptopterus chabert,24401,111,0.824719871121347
Leptopterus chabert,2627,48,0.275667671454787
Leptopterus chabert,2643,48,1.92954817861235
Leptopterus chabert,2746,48,0.275591552190423
Leptopterus chabert,2765,48,0.367434207116008
Leptopterus chabert,2784,48,33.8991079803611
Leptopterus chabert,24376,48,0.367500048400104
Leptopterus chabert,418,93,0.370271373195231
Leptopterus chabert,419,93,0.462834125284791
Leptopterus chabert,423,93,43.0377824654073
Leptopterus chabert,440,93,1.48074673073471
Leptopterus chabert,443,93,1.66577102635694
Leptopterus chabert,450,93,0.277623898765862
Leptopterus chabert,457,93,0.277610584835947
Leptopterus chabert,491,93,1.38815019469857
Leptopterus chabert,369,124,43.4528749465152
Leptopterus chabert,212,119,0.463597745714188
Leptopterus chabert,264,119,43.2038186617044
Leptopterus chabert,135,102,0.55664420881176
Leptopterus chabert,139,102,0.371099061261296
Leptopterus chabert,142,102,0.556625695955813
Leptopterus chabert,155,102,0.463806772104442
Leptopterus chabert,162,102,0.27827526928854
Leptopterus chabert,164,102,0.463781360735595
Leptopterus chabert,178,102,0.278243954662919
Leptopterus chabert,192,102,0.27820176096195
Leptopterus chabert,195,102,0.64914825101471
Leptopterus chabert,202,102,130.021860527528
Leptopterus chabert,206,102,6.4908973798604
Leptopterus chabert,211,102,8.4370977335708
Leptopterus chabert,24494,102,56.8711675529887
Leptopterus chabert,15096,125,7.79134288626695
Leptopterus chabert,15414,125,44.6638451275753
Leptopterus chabert,21972,91,12.0366525504937
Leptopterus chabert,22547,91,0.260165493234158
Leptopterus chabert,22596,91,12.7407955704254
Leptopterus chabert,22629,91,12.0483039035151
Leptopterus chabert,23127,91,157.845280077024
Leptopterus chabert,24065,91,17.8876522784661
Leptopterus chabert,24104,91,63.798109872398
Leptopterus chabert,24178,91,466.866095203728
Leptopterus chabert,24475,91,25.6145510814701
Leptopterus chabert,24477,91,14.876475508235
Leptopterus chabert,24648,91,6.71342851237977
Leptopterus chabert,24652,91,7.0601007889588
Leptopterus chabert,24658,91,9.98819568180025
Leptopterus chabert,5299,103,0.548346514569998
Leptopterus chabert,5310,103,0.639730784998775
Leptopterus chabert,5334,103,1.27936982512558
Leptopterus chabert,5370,103,1.46201426250422
Leptopterus chabert,5418,103,2.64969806134474
Leptopterus chabert,5448,103,0.274089461484194
Leptopterus chabert,5493,103,7.03479595916414
Leptopterus chabert,5503,103,4.567756926453
Leptopterus chabert,5562,103,9.04258868397665
Leptopterus chabert,5687,103,0.54794446963501
Leptopterus chabert,5699,103,0.913241199252367
Leptopterus chabert,5787,103,0.365240409358501
Leptopterus chabert,5796,103,1.46089898014283
Leptopterus chabert,5802,103,0.456539862202287
Leptopterus chabert,5960,103,0.73026370028019
Leptopterus chabert,6010,103,2.28180747323132
Leptopterus chabert,6029,103,1.64285957804191
Leptopterus chabert,6046,103,0.638874861070156
Leptopterus chabert,6072,103,0.82137056838429
Leptopterus chabert,6075,103,0.456318663737774
Leptopterus chabert,6093,103,1.27762744745624
Leptopterus chabert,6101,103,0.365034251434088
Leptopterus chabert,6170,103,378.84881299544
Leptopterus chabert,6210,103,0.547426328327894
Leptopterus chabert,6219,103,0.364942030489683
Leptopterus chabert,6229,103,0.456175956650972
Leptopterus chabert,24468,103,14.9865047176591
Leptopterus chabert,24538,103,173.722750508177
Leptopterus chabert,24546,103,0.456749789226413
Leptopterus chabert,24631,103,81.3668221959746
Leptopterus chabert,20900,106,16.1215402504437
Leptopterus chabert,21479,106,54.5408324229195
Leptopterus chabert,24281,106,88.8579889962915
Leptopterus chabert,24346,106,90.8511787162259
Leptopterus chabert,24647,106,36.3826787541578
Leptopterus chabert,24669,106,54.2897934620137
Leptopterus chabert,24670,106,31.4692072683324
Leptopterus chabert,4307,118,0.732451485653877
Leptopterus chabert,4766,118,104.61434809919
Leptopterus chabert,24536,118,64.9869920614074
Leptopterus chabert,24561,118,3.11329257240254
Leptopterus chabert,24562,118,14.1007399868137
Leptopterus chabert,24575,118,2.56288165690053
Leptopterus chabert,24632,118,0.274669912564755
Leptopterus chabert,24633,118,0.366225743037939
Leptopterus chabert,24634,118,0.549305915590942
Leptopterus chabert,24677,118,0.366233005417585
Leptopterus chabert,13306,31,1032.09468954584
Leptopterus chabert,13740,31,21.0241786897857
Leptopterus chabert,24717,31,7.49786063311923
Leptopterus chabert,24718,31,10.465825454369
Leptopterus chabert,24724,31,1.35249907425892
Leptopterus chabert,24730,31,3.33495901543343
Leptopterus chabert,24735,31,0.270356910651445
Leptopterus chabert,24738,31,0.360449504251242
Leptopterus chabert,24740,31,2.16237442039514
Leptopterus chabert,24743,31,0.27020117475152
Leptopterus chabert,24745,31,1.89003464057791
Leptopterus chabert,24746,31,4.23005688389182
Leptopterus chabert,24748,31,0.449812608878851
Leptopterus chabert,10166,49,38.2051651932399
Leptopterus chabert,10230,49,3.07696966736627
Leptopterus chabert,10237,49,0.723997986286044
Leptopterus chabert,10277,49,0.361958205401897
Leptopterus chabert,24702,49,0.452763459861636
Leptopterus chabert,19803,55,1.67497890953279
Leptopterus chabert,20695,55,553.339049171931
Leptopterus chabert,24278,55,0.705425266772747
Leptopterus chabert,24341,55,17.1091583224724
Leptopterus chabert,24343,55,13.0307413413469
Leptopterus chabert,24344,55,3.87195306908155
Leptopterus chabert,24345,55,6.06907414019537
Leptopterus chabert,24671,55,9.25706128804803
Leptopterus chabert,24674,55,4.31856011909986
Leptopterus chabert,24676,55,2.02272765648687
Leptopterus chabert,24771,55,2.74076471963298
Leptopterus chabert,11059,59,68.0501291261465
Leptopterus chabert,11401,59,0.812480411258936
Leptopterus chabert,12339,59,170.780797274529
Leptopterus chabert,12554,59,70.171205546759
Leptopterus chabert,12847,59,2.87876883525968
Leptopterus chabert,12853,59,0.899620833965421
Leptopterus chabert,12889,59,0.269868277515173
Leptopterus chabert,13235,59,36.126370737397
Leptopterus chabert,13610,59,280.61110980638
Leptopterus chabert,14088,59,50.5128889844387
Leptopterus chabert,14415,59,35.5206766781266
Leptopterus chabert,14448,59,137.38275887876
Leptopterus chabert,16397,59,79.7835008618025
Leptopterus chabert,16698,59,180.783642575444
Leptopterus chabert,16870,59,224.834746882417
Leptopterus chabert,17604,59,11419.5619256074
Leptopterus chabert,18550,59,0.620648212959528
Leptopterus chabert,18565,59,0.265972006814122
Leptopterus chabert,18589,59,0.709200345668078
Leptopterus chabert,20241,59,28.8370827305443
Leptopterus chabert,21446,59,37.7648065144268
Leptopterus chabert,21535,59,4897.99546009716
Leptopterus chabert,23506,59,1329.88182992828
Leptopterus chabert,24594,59,54.7933720210891
Leptopterus chabert,24602,59,58.1494763075515
Leptopterus chabert,24603,59,38.3946948622806
Leptopterus chabert,24604,59,1.35457540027201
Leptopterus chabert,24660,59,355.553761067319
Leptopterus chabert,24662,59,72.7284184850583
Leptopterus chabert,24682,59,47.4469397172759
Leptopterus chabert,24777,59,19.4337860709381
Leptopterus chabert,24778,59,187.042904927285
Leptopterus chabert,24779,59,9.05780211758673
Leptopterus chabert,1135,60,197.731583171071
Leptopterus chabert,1583,60,38.9884159684163
Leptopterus chabert,2404,60,0.643524707942724
Leptopterus chabert,2460,60,0.459616383672059
Leptopterus chabert,2485,60,0.643432019172192
Leptopterus chabert,2493,60,0.275752651619673
Leptopterus chabert,2513,60,0.367655302864194
Leptopterus chabert,2534,60,1.56243208603442
Leptopterus chabert,2535,60,0.275729722221732
Leptopterus chabert,2559,60,0.275717098941624
Leptopterus chabert,2575,60,0.275709061498523
Leptopterus chabert,2579,60,0.459508593737543
Leptopterus chabert,2586,60,0.45949710468936
Leptopterus chabert,2587,60,1.1946710927344
Leptopterus chabert,2605,60,54.8720161250916
Leptopterus chabert,2609,60,3.21620605602419
Leptopterus chabert,2610,60,0.551364106284499
Leptopterus chabert,2617,60,1.10266377710527
Leptopterus chabert,2626,60,0.367564567481756
Leptopterus chabert,2636,60,0.551319225258708
Leptopterus chabert,2648,60,1.10259928914046
Leptopterus chabert,2654,60,2.02137478975803
Leptopterus chabert,2655,60,0.826945434479237
Leptopterus chabert,2663,60,0.643170052255213
Leptopterus chabert,2672,60,1.65382056523675
Leptopterus chabert,2694,60,0.826825480994821
Leptopterus chabert,2720,60,0.459349671094894
Leptopterus chabert,2744,60,0.367459639964223
Leptopterus chabert,2759,60,0.275586929093957
Leptopterus chabert,2763,60,1.46972063059181
Leptopterus chabert,2764,60,0.275577679304183
Leptopterus chabert,2853,60,0.367363554798603
Leptopterus chabert,2877,60,58.8617537300254
Leptopterus chabert,2959,60,439.973113778875
Leptopterus chabert,3001,60,0.275443051051259
Leptopterus chabert,8506,60,21965.679908141
Leptopterus chabert,24073,60,458.083821753779
Leptopterus chabert,24683,60,0.369282266752303
Leptopterus chabert,24686,60,9.5658888511582
Leptopterus chabert,24688,60,0.827843772775352
Leptopterus chabert,24689,60,0.275940742864907
Leptopterus chabert,24690,60,0.275922588019133
Leptopterus chabert,24691,60,1.65548669658464
Leptopterus chabert,24693,60,0.459814922548056
Leptopterus chabert,24694,60,10.9920872748523
Leptopterus chabert,24695,60,0.923443426764727
Leptopterus chabert,24699,60,1.74834825798291
Leptopterus chabert,24701,60,1.74828060862398
Leptopterus chabert,13069,61,0.449603298739433
Leptopterus chabert,13070,61,0.359686745625973
Leptopterus chabert,13132,61,167.74218789238
Leptopterus chabert,24704,61,0.449634089967847
Leptopterus chabert,14432,95,42.3362076362427
Leptopterus chabert,14814,127,110.634216100066
Leptopterus chabert,24756,127,0.628002577298522
Leptopterus chabert,14880,128,87.7832991056336
Leptopterus chabert,14911,128,2.32886922907722
Leptopterus chabert,15003,128,3.3134309653126
Leptopterus chabert,15014,128,1.79096353913164
Leptopterus chabert,15139,128,2.32767118465054
Leptopterus chabert,15198,128,1.9695149083488
Leptopterus chabert,15203,128,1.52182598961449
Leptopterus chabert,15260,128,69.5634544487439
Leptopterus chabert,15284,128,0.358042122387886
Leptopterus chabert,15305,128,0.268520162322521
Leptopterus chabert,15395,128,0.268474406305432
Leptopterus chabert,15408,128,2.50550766269672
Leptopterus chabert,15511,128,0.357865030018806
Leptopterus chabert,15512,128,0.357865030018806
Leptopterus chabert,15538,128,1.16299019851911
Leptopterus chabert,15586,128,0.89446200739193
Leptopterus chabert,15701,128,2.86157776304519
Leptopterus chabert,15728,128,0.536503212695122
Leptopterus chabert,15729,128,1.87770515916026
Leptopterus chabert,16260,128,626.548182592202
Leptopterus chabert,24132,128,4.73613397636772
Leptopterus chabert,24191,128,170.754673511907
Leptopterus chabert,24369,128,3.30518937351549
Leptopterus chabert,24757,128,1.79238486696017
Leptopterus chabert,24760,128,0.447673652347684
Leptopterus chabert,24761,128,27.383507147518
Leptopterus chabert,24762,128,22.6292422166447
Leptopterus chabert,24772,128,59.9353472358141
Leptopterus chabert,16841,105,16.7503128028274
Leptopterus chabert,17078,105,14.4205190584608
Leptopterus chabert,17799,105,509.004872819902
Leptopterus chabert,18729,105,260.732262440753
Leptopterus chabert,24266,105,25.9190793253232
Leptopterus chabert,24269,105,79.2501346083427
Leptopterus chabert,24768,105,2.65747338466716
Leptopterus chabert,24773,105,19.8014696613791
Leptopterus chabert,22887,126,2.33597082442749
Leptopterus chabert,24666,126,57.1920356452289
Leptopterus chabert,23222,129,0.777178853789091
Leptopterus chabert,24543,129,0.604549703200817
Leptopterus chabert,24780,129,27.2715936270507
Leptopterus chabert,24781,129,29.4123165165292
Leptopterus chabert,24782,129,29.3885406549345
Leptopterus chabert,24783,129,20.6592519148769
Leptopterus chabert,24784,129,19.9515621485635
Leptopterus chabert,24204,130,44.4928427752445
Lophotibis cristata,298,4,104.61434809919
Lophotibis cristata,301,4,16.3740665150672
Lophotibis cristata,313,4,19.2038282113973
Lophotibis cristata,321,4,22.2892814174211
Lophotibis cristata,322,4,5.85033975470352
Lophotibis cristata,323,4,24.6792146248902
Lophotibis cristata,328,4,5.0262264291631
Lophotibis cristata,333,4,8.49783825707888
Lophotibis cristata,343,4,10.9639024804161
Lophotibis cristata,393,4,543.948840861179
Lophotibis cristata,1307,4,37.6497033879563
Lophotibis cristata,1509,4,16.5402429724604
Lophotibis cristata,1553,4,64.9869920614074
Lophotibis cristata,1569,4,14.1007399868137
Lophotibis cristata,1583,4,180.203304764409
Lophotibis cristata,12,1,130.021860527528
Lophotibis cristata,13,1,6.4908973798604
Lophotibis cristata,14,1,8.4370977335708
Lophotibis cristata,18,1,43.2038186617044
Lophotibis cristata,20,1,43.2675847418705
Lophotibis cristata,35,1,43.0377824654073
Lophotibis cristata,70,1,197.731583171071
Lophotibis cristata,96,1,38.9884159684163
Lophotibis cristata,145,1,54.8720161250855
Lophotibis cristata,161,1,58.8617537300254
Lophotibis cristata,167,1,439.973113778875
Lophotibis cristata,520,1,21965.587808867
Lophotibis cristata,647,1,68.0501291261465
Lophotibis cristata,720,1,170.780797274529
Lophotibis cristata,739,1,70.171205546759
Lophotibis cristata,775,1,36.126370737397
Lophotibis cristata,790,1,280.61110980638
Lophotibis cristata,818,1,50.5128889844387
Lophotibis cristata,841,1,35.5206766781266
Lophotibis cristata,844,1,137.38275887876
Lophotibis cristata,889,1,7.79134288626695
Lophotibis cristata,905,1,44.6638451275753
Lophotibis cristata,996,1,79.7835008618025
Lophotibis cristata,1015,1,180.783642575444
Lophotibis cristata,1022,1,224.834746882417
Lophotibis cristata,1075,1,11415.3579548957
Lophotibis cristata,1156,1,14.9604603632168
Lophotibis cristata,1212,1,28.8370827305443
Lophotibis cristata,1253,1,37.7648065144268
Lophotibis cristata,1259,1,4843.51012732321
Lophotibis cristata,1302,1,1329.88182992828
Lophotibis cristata,1312,1,458.083821753779
Lophotibis cristata,1361,1,44.4928427752445
Lophotibis cristata,1514,1,56.8711675529887
Lophotibis cristata,1602,1,54.7933720210891
Lophotibis cristata,1610,1,58.1494763075515
Lophotibis cristata,1611,1,38.3946948622806
Lophotibis cristata,1621,1,355.553761067319
Lophotibis cristata,1623,1,72.7284184850583
Lophotibis cristata,1627,1,57.1920356452289
Lophotibis cristata,1633,1,47.4469397172759
Lophotibis cristata,1637,1,9.5658888511582
Lophotibis cristata,1645,1,10.9920872748523
Lophotibis cristata,1711,1,19.4337860709381
Lophotibis cristata,1712,1,187.042904927285
Lophotibis cristata,1713,1,9.05780211758673
Lophotibis cristata,1714,1,27.2715936270507
Lophotibis cristata,1715,1,29.4123165165292
Lophotibis cristata,1716,1,29.3885406549345
Lophotibis cristata,1717,1,20.6592519148769
Lophotibis cristata,1718,1,19.9515621485635
Lophotibis cristata,741,3,145.981952821241
Lophotibis cristata,777,3,1028.50033157199
Lophotibis cristata,780,3,16.4418481049557
Lophotibis cristata,796,3,96.6300998643258
Lophotibis cristata,869,3,140.270315610134
Lophotibis cristata,875,3,73.2763330412288
Lophotibis cristata,879,3,42.1715901547037
Lophotibis cristata,910,3,247.770101481909
Lophotibis cristata,950,3,14.5683017967566
Lophotibis cristata,961,3,76.7213865956591
Lophotibis cristata,1667,3,7.49786063311923
Lophotibis cristata,1668,3,10.465825454369
Lophotibis cristata,1702,3,59.9353472358141
Macrotarsomys bastardi,55,13,16.3740665150728
Macrotarsomys bastardi,320,74,34.0159204815973
Macrotarsomys bastardi,384,92,27.5884562622036
Macrotarsomys bastardi,387,94,2.32886922907722
Macrotarsomys bastardi,392,281,3.3134309653126
Macrotarsomys bastardi,437,95,89.7882265230072
Macrotarsomys bastardi,450,107,2.59390059166253
Macrotarsomys bastardi,509,120,5.44071159735251
Macrotarsomys bastardi,517,123,5.17274390201235
Macrotarsomys bastardi,593,143,57.7223087732524
Macrotarsomys bastardi,825,186,16.9299596293051
Macrotarsomys bastardi,1077,106,3.75955498127008
Macrotarsomys bastardi,515,124,5.35111748366654
Macrotarsomys bastardi,518,124,1.5160247721132
Macrotarsomys bastardi,523,124,7.13355141072726
Macrotarsomys bastardi,1095,291,3.61899541021466
Macrotarsomys bastardi,1096,292,35.7097522353754
Macrotarsomys bastardi,772,171,19.8638108735069
Macrotarsomys bastardi,552,133,16.7503128028274
Macrotarsomys bastardi,599,144,16.2892287921549
Macrotarsomys bastardi,773,166,1.94256300443733
Macrotarsomys bastardi,1111,166,6.26889056322253
Macrotarsomys bastardi,857,201,21.4423868237228
Macrotarsomys bastardi,864,201,28.083902237051
Macrotarsomys bastardi,1115,201,0.0875363925478458
Macrotarsomys bastardi,795,293,81.0207155698969
Macrotarsomys bastardi,21,9,21.8748629656472
Macrotarsomys bastardi,129,29,0.639108668503046
Macrotarsomys bastardi,132,29,95.4819595045631
Macrotarsomys bastardi,1119,29,29.1295754598171
Macrotarsomys bastardi,1120,295,29.061505086066
Macrotarsomys bastardi,368,81,108.389237280321
Macrotarsomys bastardi,1123,81,0.0897598538669348
Macrotarsomys bastardi,389,96,17.0138560979564
Macrotarsomys bastardi,407,99,2.32767118465054
Macrotarsomys bastardi,446,99,64.8879679010838
Macrotarsomys bastardi,433,102,0.0895036720864773
Macrotarsomys bastardi,440,102,0.0894853621346951
Macrotarsomys bastardi,441,102,0.0894838349579573
Macrotarsomys bastardi,443,102,0.0894761959661245
Macrotarsomys bastardi,452,102,27.383507147518
Macrotarsomys bastardi,453,296,0.0894363896951676
Macrotarsomys bastardi,1126,296,20.8405573799191
Macrotarsomys bastardi,664,138,334.854137458789
Macrotarsomys bastardi,1080,138,113.300691503912
Macrotarsomys bastardi,1086,138,22.444880740993
Macrotarsomys bastardi,494,286,257.815579333069
Macrotarsomys bastardi,720,288,238.052229746386
Macrotarsomys bastardi,1129,288,0.0887317956695557
Macrotarsomys bastardi,1130,288,0.0886649643682241
Macrotarsomys bastardi,1131,297,2.65747338466716
Macrotarsomys bastardi,1089,294,79.2501346083427
Macrotarsomys bastardi,1134,294,19.8014696613791
Margaroperdix madagarensis,10371,8,68.4073900828574
Margaroperdix madagarensis,7825,7,2.76209766017258
Margaroperdix madagarensis,7870,7,3.11798707431972
Margaroperdix madagarensis,7938,7,58.8799766343074
Margaroperdix madagarensis,7986,7,3.29419845495892
Margaroperdix madagarensis,8458,7,23.0622813791416
Margaroperdix madagarensis,1959,14,0.822180016362309
Margaroperdix madagarensis,1974,14,6.48646275148523
Margaroperdix madagarensis,2051,14,64.7813755391271
Margaroperdix madagarensis,12952,14,4.01953690115464
Margaroperdix madagarensis,12953,14,0.822156348397851
Margaroperdix madagarensis,41,1,0.55664420881176
Margaroperdix madagarensis,45,1,0.556625695955813
Margaroperdix madagarensis,69,1,26.7219759851387
Margaroperdix madagarensis,91,1,43.2038186617044
Margaroperdix madagarensis,97,1,21.1261124531245
Margaroperdix madagarensis,12963,1,9.36908318528281
Margaroperdix madagarensis,12965,1,20.2118844377252
Margaroperdix madagarensis,755,16,1.92954817861235
Margaroperdix madagarensis,828,16,33.8991079803611
Margaroperdix madagarensis,11871,10,36.0882628525606
Margaroperdix madagarensis,12636,10,15.5764797698595
Margaroperdix madagarensis,11259,13,112.468627701651
Margaroperdix madagarensis,12826,13,7.09270036853588
Margaroperdix madagarensis,1489,18,0.732451485653877
Margaroperdix madagarensis,1662,18,104.61434809919
Margaroperdix madagarensis,13007,18,64.9869920614074
Margaroperdix madagarensis,13031,18,3.11329257240254
Margaroperdix madagarensis,13032,18,14.1007399868137
Margaroperdix madagarensis,13045,18,2.56288165690053
Margaroperdix madagarensis,1679,17,16.3740665150672
Margaroperdix madagarensis,1761,17,19.2038282113973
Margaroperdix madagarensis,1802,17,1.91988596975875
Margaroperdix madagarensis,1803,17,4.2053427026192
Margaroperdix madagarensis,1833,17,2.19383277368402
Margaroperdix madagarensis,1872,17,1.18809712456632
Margaroperdix madagarensis,1873,17,9.23022386336541
Margaroperdix madagarensis,1883,17,5.0262264291631
Margaroperdix madagarensis,1917,17,8.86332816260099
Margaroperdix madagarensis,2162,17,1.64285957804096
Margaroperdix madagarensis,2172,17,1.46014583455253
Margaroperdix madagarensis,2233,17,2.0072273404777
Margaroperdix madagarensis,2627,17,755.366250888089
Margaroperdix madagarensis,11987,17,0.821370568384051
Margaroperdix madagarensis,12040,17,0.912692769446492
Margaroperdix madagarensis,12242,17,1.27936982512581
Margaroperdix madagarensis,12243,17,22.3806283842244
Margaroperdix madagarensis,12244,17,4.567756926453
Margaroperdix madagarensis,12247,17,1.46089898014224
Margaroperdix madagarensis,12248,17,0.730263700280547
Margaroperdix madagarensis,12250,17,0.638874861070275
Margaroperdix madagarensis,12957,17,14.9865047176591
Margaroperdix madagarensis,13016,17,11.5120029750904
Margaroperdix madagarensis,310,19,197.731583171071
Margaroperdix madagarensis,315,19,51.0517464612443
Margaroperdix madagarensis,338,19,655.055551128144
Margaroperdix madagarensis,339,19,15.8715926119485
Margaroperdix madagarensis,342,19,59.6051305914144
Margaroperdix madagarensis,350,19,12.3628073802312
Margaroperdix madagarensis,353,19,163.466028908448
Margaroperdix madagarensis,372,19,110.023389156912
Margaroperdix madagarensis,388,19,38.9884159684202
Margaroperdix madagarensis,396,19,1.29021050430787
Margaroperdix madagarensis,683,19,12.4088804568207
Margaroperdix madagarensis,696,19,0.643432019172192
Margaroperdix madagarensis,713,19,1.56243208603442
Margaroperdix madagarensis,718,19,0.551443380143642
Margaroperdix madagarensis,733,19,1.01090373969656
Margaroperdix madagarensis,735,19,1.1946710927344
Margaroperdix madagarensis,742,19,3.21620605602294
Margaroperdix madagarensis,743,19,0.551364106284499
Margaroperdix madagarensis,746,19,1.10266377710527
Margaroperdix madagarensis,754,19,0.551319225258708
Margaroperdix madagarensis,759,19,1.10259928914046
Margaroperdix madagarensis,762,19,2.02137478975803
Margaroperdix madagarensis,763,19,0.826945434479237
Margaroperdix madagarensis,765,19,0.643170052255213
Margaroperdix madagarensis,769,19,1.65382056523675
Margaroperdix madagarensis,779,19,0.826825480994821
Margaroperdix madagarensis,816,19,1.46972063059181
Margaroperdix madagarensis,879,19,58.8617537300292
Margaroperdix madagarensis,921,19,440.064966834339
Margaroperdix madagarensis,1137,19,3.30296723872137
Margaroperdix madagarensis,1159,19,2.9359810715453
Margaroperdix madagarensis,1210,19,2.65988935294008
Margaroperdix madagarensis,2533,19,248.075028803625
Margaroperdix madagarensis,2958,19,6.63932227155221
Margaroperdix madagarensis,3305,19,17420.4064573152
Margaroperdix madagarensis,4419,19,20.1534512833137
Margaroperdix madagarensis,4529,19,47.4469397172759
Margaroperdix madagarensis,4534,19,190.82030969089
Margaroperdix madagarensis,4568,19,68.0501291261465
Margaroperdix madagarensis,4645,19,1.44491861311007
Margaroperdix madagarensis,4646,19,1.53522514337456
Margaroperdix madagarensis,4771,19,10.3787010220089
Margaroperdix madagarensis,4785,19,47.4610845773911
Margaroperdix madagarensis,4892,19,0.631399526012182
Margaroperdix madagarensis,4955,19,4.05792210968566
Margaroperdix madagarensis,5010,19,5.7704534141227
Margaroperdix madagarensis,5031,19,3.24513473330378
Margaroperdix madagarensis,5130,19,3.51433334820497
Margaroperdix madagarensis,5219,19,166.814407413556
Margaroperdix madagarensis,5353,19,70.1712055467508
Margaroperdix madagarensis,5500,19,0.899620833965421
Margaroperdix madagarensis,5571,19,54.7933720210891
Margaroperdix madagarensis,5691,19,36.2162431781246
Margaroperdix madagarensis,5856,19,280.700961597652
Margaroperdix madagarensis,6128,19,50.5128889844387
Margaroperdix madagarensis,6329,19,35.5206766781266
Margaroperdix madagarensis,6352,19,137.38275887876
Margaroperdix madagarensis,6696,19,7.79134288626695
Margaroperdix madagarensis,6862,19,44.6638451275753
Margaroperdix madagarensis,7382,19,16.5183256766745
Margaroperdix madagarensis,7428,19,3.03536821130764
Margaroperdix madagarensis,7454,19,1.96377893533659
Margaroperdix madagarensis,7475,19,11.6935781685414
Margaroperdix madagarensis,7507,19,4.46235097046137
Margaroperdix madagarensis,7546,19,79.8728324807925
Margaroperdix madagarensis,7696,19,12.7478930967271
Margaroperdix madagarensis,7751,19,120.560032082091
Margaroperdix madagarensis,7828,19,2.67311575396276
Margaroperdix madagarensis,7829,19,26.9061903742777
Margaroperdix madagarensis,7830,19,4.54409223083007
Margaroperdix madagarensis,7834,19,2.13844304757369
Margaroperdix madagarensis,7852,19,3.74176964368308
Margaroperdix madagarensis,7895,19,0.623562958402991
Margaroperdix madagarensis,8238,19,7606.01384843829
Margaroperdix madagarensis,8274,19,122.353017466569
Margaroperdix madagarensis,8332,19,18.1303367392289
Margaroperdix madagarensis,8402,19,4.97572495322263
Margaroperdix madagarensis,8430,19,1.24385876189268
Margaroperdix madagarensis,8785,19,263.311383314561
Margaroperdix madagarensis,8801,19,3.99018480435884
Margaroperdix madagarensis,8813,19,0.975345654786587
Margaroperdix madagarensis,8828,19,2.92580324633825
Margaroperdix madagarensis,8884,19,26.6753100796467
Margaroperdix madagarensis,8933,19,70.0644261897868
Margaroperdix madagarensis,9131,19,25.6650481773978
Margaroperdix madagarensis,9152,19,22.0452068697664
Margaroperdix madagarensis,9259,19,73.4749396959674
Margaroperdix madagarensis,10133,19,28.8370827305443
Margaroperdix madagarensis,10389,19,2330.14780630339
Margaroperdix madagarensis,10471,19,3.15760504969609
Margaroperdix madagarensis,10504,19,58.2049216262252
Margaroperdix madagarensis,10682,19,0.876075560681462
Margaroperdix madagarensis,10703,19,0.700833316723585
Margaroperdix madagarensis,10723,19,40.9920150841961
Margaroperdix madagarensis,10754,19,5.51709965046513
Margaroperdix madagarensis,10765,19,15.0601537007796
Margaroperdix madagarensis,10768,19,9.10585069831289
Margaroperdix madagarensis,10805,19,26.1744953179952
Margaroperdix madagarensis,10873,19,5.07557121115613
Margaroperdix madagarensis,10957,19,18.3647943950766
Margaroperdix madagarensis,11042,19,32.6091491686241
Margaroperdix madagarensis,11070,19,48.3461235771763
Margaroperdix madagarensis,11099,19,37.7648065144268
Margaroperdix madagarensis,11473,19,187.042904927285
Margaroperdix madagarensis,11493,19,1254.69687948365
Margaroperdix madagarensis,11538,19,8.43718636894178
Margaroperdix madagarensis,11552,19,6.26132417113221
Margaroperdix madagarensis,11570,19,5.30358653567576
Margaroperdix madagarensis,11603,19,6.60311605216253
Margaroperdix madagarensis,11621,19,16.0684737306561
Margaroperdix madagarensis,12184,19,2.87876883525717
Margaroperdix madagarensis,12299,19,4.94941971173108
Margaroperdix madagarensis,12309,19,1.71658150953972
Margaroperdix madagarensis,12310,19,11.0187681155825
Margaroperdix madagarensis,12409,19,4.69871910138929
Margaroperdix madagarensis,12410,19,3.86955399840665
Margaroperdix madagarensis,12415,19,54.8720161250916
Margaroperdix madagarensis,12416,19,0.643524707942724
Margaroperdix madagarensis,12419,19,68.1178643036762
Margaroperdix madagarensis,12438,19,19.3775430370849
Margaroperdix madagarensis,12439,19,76.4803060961314
Margaroperdix madagarensis,12445,19,7.51090096298969
Margaroperdix madagarensis,12530,19,140.342226834853
Margaroperdix madagarensis,12843,19,0.9048041632061
Margaroperdix madagarensis,12846,19,1.35703303170836
Margaroperdix madagarensis,13046,19,5.24674449373478
Margaroperdix madagarensis,13048,19,9.7552919905203
Margaroperdix madagarensis,13057,19,2.98549041516411
Margaroperdix madagarensis,13058,19,48.7424147590646
Margaroperdix madagarensis,13060,19,2046.88429501313
Margaroperdix madagarensis,13062,19,86.9343049463478
Margaroperdix madagarensis,13068,19,28.5759586110733
Margaroperdix madagarensis,13084,19,351.185969321688
Margaroperdix madagarensis,13085,19,1.56791980842769
Margaroperdix madagarensis,13090,19,4.69837395759118
Margaroperdix madagarensis,13093,19,6.00386255988252
Margaroperdix madagarensis,13094,19,0.923443426764727
Margaroperdix madagarensis,13096,19,9.5658888511582
Margaroperdix madagarensis,13098,19,0.827843772775352
Margaroperdix madagarensis,13101,19,1.65548669658464
Margaroperdix madagarensis,13104,19,55.3667412396783
Margaroperdix madagarensis,13107,19,1.74834825798291
Margaroperdix madagarensis,13109,19,2.48435904262823
Margaroperdix madagarensis,13183,19,112.28731629426
Margaroperdix madagarensis,13185,19,1.10463885079104
Margaroperdix madagarensis,11865,21,2.33597082442749
Margaroperdix madagarensis,11909,21,0.777178853789091
Margaroperdix madagarensis,11958,21,57.1920356452289
Margaroperdix madagarensis,12767,21,44.4928427752445
Margaroperdix madagarensis,13013,21,0.604549703200817
Margaroperdix madagarensis,13176,21,27.2715936270507
Margaroperdix madagarensis,13177,21,29.4123165165292
Margaroperdix madagarensis,13178,21,29.3885406549345
Margaroperdix madagarensis,13179,21,20.6592519148769
Margaroperdix madagarensis,13180,21,19.9515621485635
Margaroperdix madagarensis,4125,20,38.2051651932399
Margaroperdix madagarensis,4146,20,3.07696966736627
Margaroperdix madagarensis,4152,20,0.723997986286044
Margaroperdix madagarensis,5660,22,148.587370764378
Margaroperdix madagarensis,6360,22,1032.09468954584
Margaroperdix madagarensis,6549,22,110.634216100066
Margaroperdix madagarensis,6591,22,90.2006443720138
Margaroperdix madagarensis,6595,22,2.32886922907841
Margaroperdix madagarensis,6650,22,3.3134309653126
Margaroperdix madagarensis,6675,22,1.79096353913176
Margaroperdix madagarensis,6722,22,2.32767118465054
Margaroperdix madagarensis,6747,22,1.9695149083488
Margaroperdix madagarensis,6749,22,1.52182598961449
Margaroperdix madagarensis,6857,22,2.50550766269672
Margaroperdix madagarensis,6926,22,1.16299019851911
Margaroperdix madagarensis,6965,22,3.75660892574322
Margaroperdix madagarensis,6998,22,1.78860352420616
Margaroperdix madagarensis,7021,22,3.75577742678356
Margaroperdix madagarensis,7125,22,89.7882265229853
Margaroperdix madagarensis,7267,22,3.30518937351549
Margaroperdix madagarensis,7350,22,0.714404974959851
Margaroperdix madagarensis,7445,22,1.87495118889725
Margaroperdix madagarensis,7477,22,674.808253743933
Margaroperdix madagarensis,7797,22,16.7503128028274
Margaroperdix madagarensis,8277,22,1.95592157479632
Margaroperdix madagarensis,9293,22,256.391347164878
Margaroperdix madagarensis,10377,22,359.514923655409
Margaroperdix madagarensis,12193,22,94.7401919222058
Margaroperdix madagarensis,12317,22,3.32670107507086
Margaroperdix madagarensis,12319,22,42.3362076362427
Margaroperdix madagarensis,12336,22,2.05895008530629
Margaroperdix madagarensis,12347,22,1.87770515916026
Margaroperdix madagarensis,12376,22,5.44071159735107
Margaroperdix madagarensis,12429,22,5.35111748366654
Margaroperdix madagarensis,12430,22,1.51602477211297
Margaroperdix madagarensis,12431,22,7.13355141072726
Margaroperdix madagarensis,12463,22,509.984436593641
Margaroperdix madagarensis,12467,22,16.3782069258974
Margaroperdix madagarensis,12512,22,5.17274390200996
Margaroperdix madagarensis,12673,22,4.73613397636772
Margaroperdix madagarensis,12740,22,170.754673511907
Margaroperdix madagarensis,12768,22,21.0241786897857
Margaroperdix madagarensis,12810,22,79.2501346083427
Margaroperdix madagarensis,12819,22,8.56428053804255
Margaroperdix madagarensis,12820,22,64.7037403821602
Margaroperdix madagarensis,12821,22,43.5541700668897
Margaroperdix madagarensis,12822,22,2.02803748513663
Margaroperdix madagarensis,12823,22,2.11576712074435
Margaroperdix madagarensis,12847,22,26.0081400826775
Margaroperdix madagarensis,12855,22,3.75955498127008
Margaroperdix madagarensis,12879,22,48.5188241885672
Margaroperdix madagarensis,13112,22,2.71500175354493
Margaroperdix madagarensis,13115,22,1.62801036448324
Margaroperdix madagarensis,13117,22,4.52090276207972
Margaroperdix madagarensis,13123,22,7.49786063311923
Margaroperdix madagarensis,13124,22,10.465825454369
Margaroperdix madagarensis,13130,22,1.35249907425892
Margaroperdix madagarensis,13136,22,3.33495901543343
Margaroperdix madagarensis,13146,22,2.16237442039514
Margaroperdix madagarensis,13151,22,1.89003464057791
Margaroperdix madagarensis,13152,22,4.23005688389182
Margaroperdix madagarensis,13162,22,0.628002577298522
Margaroperdix madagarensis,13163,22,1.79238486696017
Margaroperdix madagarensis,13166,22,27.383507147518
Margaroperdix madagarensis,13167,22,22.6292422166447
Margaroperdix madagarensis,13173,22,2.65747338466716
Margaroperdix madagarensis,13188,22,59.9353472358141
Margaroperdix madagarensis,13189,22,19.8014696613791
Margaroperdix madagarensis,13191,22,2.74076471963298
Mentocrex kioloides,10,1,57.7213654392147
Mentocrex kioloides,16,1,29.9533284785289
Mentocrex kioloides,23,1,6.42931777208394
Mentocrex kioloides,27,1,3.48845173661
Mentocrex kioloides,33,1,5.32260880427534
Mentocrex kioloides,41,1,2.84166779078096
Mentocrex kioloides,42,1,5.59148101063222
Mentocrex kioloides,44,1,1.64962747188139
Mentocrex kioloides,45,1,5.77274455880851
Mentocrex kioloides,53,1,2.74624103237558
Mentocrex kioloides,56,1,5.85717070470893
Mentocrex kioloides,62,1,8701.91299995947
Mentocrex kioloides,68,1,2.37459808751702
Mentocrex kioloides,69,1,882.47364196401
Mentocrex kioloides,73,1,17.3451783349451
Mentocrex kioloides,74,1,89.3043626509863
Mentocrex kioloides,76,1,3.46533733650792
Mentocrex kioloides,81,1,638.986599052047
Mentocrex kioloides,85,1,21.4906123382443
Mentocrex kioloides,86,1,24.6650563823328
Mentocrex kioloides,89,1,1641.07166864183
Mentocrex kioloides,93,1,30.2596079474232
Mentocrex kioloides,94,1,29.8881516290691
Mentocrex kioloides,97,1,3.34656587903523
Mentocrex kioloides,103,1,28.1496251498843
Mentocrex kioloides,110,1,11.5351376852355
Mentocrex kioloides,114,1,3.3326251944623
Mentocrex kioloides,121,1,2.79097468797433
Mentocrex kioloides,131,1,12.2414772897281
Mentocrex kioloides,139,1,2.06986402977848
Mentocrex kioloides,142,1,57.9605846075952
Mentocrex kioloides,153,1,8.09601869122922
Mentocrex kioloides,159,1,2.87876883525968
Mentocrex kioloides,163,1,4.58734981390798
Mentocrex kioloides,171,1,26.2682493419862
Mentocrex kioloides,178,1,5.93422973769367
Mentocrex kioloides,182,1,36.126370737397
Mentocrex kioloides,185,1,37.4651022300131
Mentocrex kioloides,186,1,5161.94072660843
Mentocrex kioloides,193,1,33.404609637262
Mentocrex kioloides,194,1,280.61110980638
Mentocrex kioloides,205,1,8.61674749869728
Mentocrex kioloides,209,1,50.5128889844387
Mentocrex kioloides,223,1,126.172691518985
Mentocrex kioloides,226,1,35.5206766781266
Mentocrex kioloides,261,1,287.295205496028
Mentocrex kioloides,269,1,3.4040187478323
Mentocrex kioloides,291,1,22.2979204287458
Mentocrex kioloides,343,1,10.3650947225828
Mentocrex kioloides,353,1,29.3927939003161
Mentocrex kioloides,370,1,36.6909016499116
Mentocrex kioloides,373,1,3.92612188796341
Mentocrex kioloides,379,1,113.726010349958
Mentocrex kioloides,392,1,12.7478930967271
Mentocrex kioloides,393,1,98.7189867376794
Mentocrex kioloides,421,1,1767.27726792485
Mentocrex kioloides,494,1,4.31124233271003
Mentocrex kioloides,496,1,3389.51420265844
Mentocrex kioloides,502,1,45.412514955047
Mentocrex kioloides,549,1,2.88561901259518
Mentocrex kioloides,552,1,34.356147374039
Mentocrex kioloides,562,1,828.104359364697
Mentocrex kioloides,582,1,19.6101492149344
Mentocrex kioloides,609,1,1108.24179356163
Mentocrex kioloides,625,1,54.9733265501487
Mentocrex kioloides,626,1,25.2623069502085
Mentocrex kioloides,627,1,46.100096176839
Mentocrex kioloides,628,1,75.1047678047994
Mentocrex kioloides,629,1,238.895675967137
Mentocrex kioloides,634,1,355.466497858925
Mentocrex kioloides,635,1,24.9170745355883
Mentocrex kioloides,636,1,72.6415490388816
Mentocrex kioloides,642,1,32.6940457276507
Mentocrex kioloides,648,1,19.4337860709381
Mentocrex kioloides,649,1,9.05780211758673
Mentocrex kioloides,650,1,51.9788103030328
Mentocrex kioloides,615,2,29.4123165165292
Mentocrex kioloides,643,2,27.2715936270507
Mentocrex kioloides,644,2,29.3885406549345
Mentocrex kioloides,645,2,20.6592519148769
Mesitornis variegatus,86,5,16.7503128028272
Mesitornis variegatus,90,5,25.9190793253184
Mesitornis variegatus,91,5,392.372173996481
Mesitornis variegatus,8,2,16.3740665150672
Mesitornis variegatus,10,2,19.2038282113973
Mesitornis variegatus,11,2,1.91988596975887
Mesitornis variegatus,12,2,4.2053427026192
Mesitornis variegatus,13,2,37.6497033879563
Mesitornis variegatus,15,2,22.2892814174185
Mesitornis variegatus,19,2,1.36983741289043
Mesitornis variegatus,20,2,10.8662332925556
Mesitornis variegatus,21,2,1.73396250702786
Mesitornis variegatus,22,2,344.888368376024
Mesitornis variegatus,23,2,9.30640563301085
Mesitornis variegatus,92,2,2.19383277368414
Mesitornis variegatus,93,2,29.1295754598171
Mesitornis variegatus,94,2,19.4460137230934
Mesitornis variegatus,95,2,21.8141374870516
Mesitornis variegatus,47,4,167.74218789238
Mesitornis variegatus,57,4,108.389237280321
Mesitornis variegatus,59,6,69.1831696278909
Mesitornis variegatus,60,6,59.9353472358273
Mesitornis variegatus,62,6,3.3134309653126
Mesitornis variegatus,63,6,88.2299016055623
Mesitornis variegatus,64,6,2.32767118465054
Mesitornis variegatus,65,6,3.75955498126924
Mesitornis variegatus,66,6,2.50550766269684
Mesitornis variegatus,68,6,89.7882265229853
Mesitornis variegatus,69,6,1.78860352420616
Mesitornis variegatus,81,6,520.815716482199
Mesitornis variegatus,82,6,27.0562900442
Microcebus murinus,200,1768,0.18546587502265
Microcebus murinus,207,1768,6.4908973798604
Microcebus murinus,835,79,14.5068055517881
Microcebus murinus,878,79,0.0923906287277341
Microcebus murinus,882,79,0.184778093333185
Microcebus murinus,1259,1901,35.7168504140324
Microcebus murinus,1300,105,21.7783583285349
Microcebus murinus,1328,105,1.29187423454964
Microcebus murinus,1339,105,0.276826499670088
Microcebus murinus,1727,120,84.364671192583
Microcebus murinus,1775,122,38.9884159684163
Microcebus murinus,1808,2353,0.184330083481014
Microcebus murinus,1813,127,4.23939400596285
Microcebus murinus,1826,2353,0.46079386894691
Microcebus murinus,1827,2353,37.05020652045
Microcebus murinus,1909,136,12.3467417666571
Microcebus murinus,1921,136,0.0921358429681063
Microcebus murinus,1932,139,3.22456991307449
Microcebus murinus,2510,168,15.1777130100187
Microcebus murinus,2538,171,0.183935519072413
Microcebus murinus,2610,171,33.4703800661467
Microcebus murinus,2765,185,52.4829626448563
Microcebus murinus,2800,190,5.60608257632893
Microcebus murinus,2848,191,9.18974892458309
Microcebus murinus,2866,192,1.1946710927344
Microcebus murinus,2887,192,3.21620605602419
Microcebus murinus,2889,185,1.10272016136467
Microcebus murinus,2890,185,2.205442623164
Microcebus murinus,2901,185,0.183784584811091
Microcebus murinus,2908,196,0.367564567481756
Microcebus murinus,2910,197,15.4367907040714
Microcebus murinus,2911,197,0.643234540641606
Microcebus murinus,2912,198,13.5057262035739
Microcebus murinus,2928,196,0.183777680330753
Microcebus murinus,2940,199,0.183773075227499
Microcebus murinus,2947,199,1.10259928914046
Microcebus murinus,2964,199,0.183763859938979
Microcebus murinus,2974,199,0.183761555059075
Microcebus murinus,2975,199,1.65382056523675
Microcebus murinus,3013,196,18.468422871011
Microcebus murinus,3027,196,0.18374310077405
Microcebus murinus,3083,199,46.1994468548119
Microcebus murinus,3165,216,47.015099064771
Microcebus murinus,3257,199,0.642796241695881
Microcebus murinus,3267,220,0.275480284675241
Microcebus murinus,3282,220,30.4785046525613
Microcebus murinus,3298,1902,23.2302133941711
Microcebus murinus,3547,237,1.46844013959706
Microcebus murinus,3608,237,5.32260880427534
Microcebus murinus,3741,1895,21.8321808290181
Microcebus murinus,3965,273,3.02622751861173
Microcebus murinus,4087,278,7.88482025802827
Microcebus murinus,4849,311,25.8267574798982
Microcebus murinus,12637,642,0.0907968556401729
Microcebus murinus,12666,642,9.71559057942391
Microcebus murinus,13634,704,0.181384007577896
Microcebus murinus,13635,704,10.5183998374808
Microcebus murinus,15197,2334,1.17541973281169
Microcebus murinus,15227,2334,11.3903169459728
Microcebus murinus,15450,2334,0.0903866069210768
Microcebus murinus,15951,846,7.9466981693747
Microcebus murinus,17671,1888,70.171205546759
Microcebus murinus,18308,921,12.4069277315991
Microcebus murinus,18870,2362,0.448894499401689
Microcebus murinus,19127,1905,0.0897524047489166
Microcebus murinus,19187,1905,38.3948607084999
Microcebus murinus,19470,985,13.0948502482874
Microcebus murinus,19597,1905,35.5206766781266
Microcebus murinus,19654,2362,130.199303370873
Microcebus murinus,19869,998,3.31648883063078
Microcebus murinus,19950,998,0.268873417920232
Microcebus murinus,20153,1011,3.4040187478323
Microcebus murinus,21039,1046,0.268263126891017
Microcebus murinus,21040,1046,0.715356050514937
Microcebus murinus,21041,1046,7.15316099739838
Microcebus murinus,21136,1046,0.0894041362342835
Microcebus murinus,21162,2345,5.8999358685404
Microcebus murinus,21646,1092,3.03536821130764
Microcebus murinus,21978,1120,3.1215435653218
Microcebus murinus,22029,1121,5.17179658846164
Microcebus murinus,22578,1145,9.8836837253896
Microcebus murinus,22620,1152,3.29419845495892
Microcebus murinus,22634,1145,28.1386312852467
Microcebus murinus,22752,1157,15.9373727249292
Microcebus murinus,22970,1165,6.67137291090632
Microcebus murinus,23194,1179,7.37843342656613
Microcebus murinus,23988,1221,15.7077941935726
Microcebus murinus,24143,1230,20.2261415002116
Microcebus murinus,24385,1243,0.265972006814122
Microcebus murinus,24461,1243,36.0721542543251
Microcebus murinus,24540,1243,0.0886059980756044
Microcebus murinus,24688,1264,22.7587232571038
Microcebus murinus,25128,1301,8.04853361831559
Microcebus murinus,25310,1309,16.0018589118548
Microcebus murinus,25689,1326,12.2808891269343
Microcebus murinus,25840,1334,10.3338196872387
Microcebus murinus,25850,1334,0.0883289769326448
Microcebus murinus,25865,1334,0.264975197407126
Microcebus murinus,25976,1343,9.18260382897031
Microcebus murinus,26551,1886,44.3565125940173
Microcebus murinus,26592,2019,21.6007779950642
Microcebus murinus,26843,1375,1.05747752482116
Microcebus murinus,26895,1375,29.7779726029776
Microcebus murinus,26907,1378,28.1912179772684
Microcebus murinus,27088,1378,43.3304279378944
Microcebus murinus,28602,1498,17.4231342306408
Microcebus murinus,29279,1511,37.7648065144268
Microcebus murinus,29430,1536,1.4848936476295
Microcebus murinus,29467,1536,2.09601880158818
Microcebus murinus,29721,1907,3.66518979306173
Microcebus murinus,29858,1554,3.57661436760771
Microcebus murinus,29899,1559,2.79109174564862
Microcebus murinus,29925,1559,0.697743139523149
Microcebus murinus,29947,1559,0.610472630220413
Microcebus murinus,29966,1562,10.3767457573529
Microcebus murinus,31008,1619,12.7407955704254
Microcebus murinus,21569,2136,0.178590377736568
Microcebus murinus,21594,2136,13.3014223450974
Microcebus murinus,21652,2136,2.41024649195707
Microcebus murinus,21739,2136,0.178521961077452
Microcebus murinus,21916,2136,13.5555435172209
Microcebus murinus,22107,2136,142.66473522332
Microcebus murinus,22123,2136,0.445747132903218
Microcebus murinus,22138,2136,2.76331422410965
Microcebus murinus,1538,2094,285.411347596735
Microcebus murinus,1561,2094,0.368899581958056
Microcebus murinus,1604,2094,5.80984119605243
Microcebus murinus,1991,142,1.19747486800301
Microcebus murinus,1996,142,59.2231361404085
Microcebus murinus,2025,142,83.9973458819341
Microcebus murinus,2042,142,0.184211880049229
Microcebus murinus,2135,142,93.3878753877078
Microcebus murinus,2428,142,199.542495378038
Microcebus murinus,20669,1715,4.47503565163767
Microcebus murinus,465,41,0.370271373195231
Microcebus murinus,467,41,0.462834125284791
Microcebus murinus,470,41,0.0925668250995874
Microcebus murinus,472,41,43.0377824654073
Microcebus murinus,473,41,0.18513059458977
Microcebus murinus,487,41,1.48074673073471
Microcebus murinus,489,41,1.66577102635694
Microcebus murinus,492,41,0.277623898765862
Microcebus murinus,494,41,0.277610584835947
Microcebus murinus,496,41,0.0925361785190701
Microcebus murinus,28756,2343,2.45062763333797
Microcebus murinus,29235,2343,93.0157541869904
Microcebus murinus,29624,2343,7.15726590577268
Microcebus murinus,29791,2343,183.063338258436
Microcebus murinus,22294,2365,224.834746882417
Microcebus murinus,214,16,8.4370977335708
Microcebus murinus,221,16,0.185438309593201
Microcebus murinus,6260,2267,1.91988596975887
Microcebus murinus,6261,2267,4.2053427026192
Microcebus murinus,2649,176,0.643524707942724
Microcebus murinus,2742,176,15.3519037113669
Microcebus murinus,2743,176,0.183841973942041
Microcebus murinus,2751,176,0.643432019172192
Microcebus murinus,2784,176,0.367655302864194
Microcebus murinus,2805,176,1.56243208603442
Microcebus murinus,2806,176,0.275729722221732
Microcebus murinus,2833,176,0.275717098941624
Microcebus murinus,2845,176,0.275709061498523
Microcebus murinus,2855,176,0.459508593737543
Microcebus murinus,2864,176,0.643297785346329
Microcebus murinus,2865,176,0.45949710468936
Microcebus murinus,15906,2419,81.4902140848947
Microcebus murinus,32158,2407,24.5074496821449
Microcebus murinus,32976,2451,17.8876522784661
Microcebus murinus,31375,2423,11.331098059531
Microcebus murinus,32175,2424,152.434539488664
Microcebus murinus,32956,2424,27.038656370522
Microcebus murinus,32648,2460,47.5161649497197
Microcebus murinus,22228,1135,23.2564340616227
Microcebus murinus,22238,1135,20.5002108981814
Microcebus murinus,21950,1117,5.44071159735251
Microcebus murinus,22022,1117,5.17274390201235
Microcebus murinus,22536,1138,70.5519519286623
Microcebus murinus,28115,1446,68.4073900828574
Microcebus murinus,21365,1064,3.12715110022605
Microcebus murinus,26339,1355,0.264660510413408
Microcebus murinus,26347,1355,11.0284926678838
Microcebus murinus,25656,2258,13.1672804516124
Microcebus murinus,30942,2504,0.260165493234158
Microcebus murinus,31071,2504,12.0483039035151
Microcebus murinus,33156,2504,466.866095203728
Microcebus murinus,32965,2456,37.7410851750167
Microcebus murinus,32596,2459,32.897685323071
Microcebus murinus,23577,1156,23.0622813791416
Microcebus murinus,32664,1704,24.0897988637466
Microcebus murinus,33195,2523,44.4928427752445
Microcebus murinus,21994,2505,5.35111748366654
Microcebus murinus,22027,2505,1.5160247721132
Microcebus murinus,22052,2505,7.13355141072726
Microcebus murinus,33249,2536,43.5541700668897
Microcebus murinus,19687,2516,42.3362076362427
Microcebus murinus,22261,2037,16.7503128028274
Microcebus murinus,33344,2551,3.87195306908155
Microcebus murinus,6057,2552,19.2038282113973
Microcebus murinus,33365,2553,3.30518937351549
Microcebus murinus,33366,2554,9.48887854600907
Microcebus murinus,33273,2539,3.75955498127008
Microcebus murinus,6747,390,0.456848093526959
Microcebus murinus,6765,390,0.182749920761347
Microcebus murinus,6852,390,0.456835664464593
Microcebus murinus,6853,390,0.182735011702538
Microcebus murinus,6854,390,0.274101896026969
Microcebus murinus,6877,390,0.182733768648863
Microcebus murinus,6896,390,0.274093192542315
Microcebus murinus,6933,390,0.182726307796717
Microcebus murinus,6947,390,0.274081997471213
Microcebus murinus,7007,390,0.182715109353781
Microcebus murinus,7023,390,0.0913569323071241
Microcebus murinus,7024,390,0.0913569323071241
Microcebus murinus,7025,390,0.0913569323071241
Microcebus murinus,7050,390,0.091355687356472
Microcebus murinus,7051,390,0.091355687356472
Microcebus murinus,7065,390,0.822180016362309
Microcebus murinus,7103,390,0.274053362136722
Microcebus murinus,7117,390,6.02962584375572
Microcebus murinus,7134,390,0.0913494594436884
Microcebus murinus,7542,390,64.7813755391271
Microcebus murinus,33454,390,0.182741225706577
Microcebus murinus,33455,390,4.01953690115464
Microcebus murinus,33456,390,0.822156348397851
Microcebus murinus,4478,2565,0.274908219362199
Microcebus murinus,4519,2565,0.0916316841893196
Microcebus murinus,4541,2565,0.0916292890166044
Microcebus murinus,4554,2565,0.366509968225718
Microcebus murinus,4677,2565,3.48152099565202
Microcebus murinus,4728,2565,23.272929294417
Microcebus murinus,32853,2565,0.183232200932503
Microcebus murinus,33396,2565,0.824719871121347
Microcebus murinus,6354,2381,22.2892814174211
Microcebus murinus,5713,2506,16.3740665150672
Microcebus murinus,33346,2541,112.468627701651
Microcebus murinus,220,17,0.463597745714188
Microcebus murinus,237,17,0.0927073077802658
Microcebus murinus,286,17,43.2038186617044
Microcebus murinus,309,24,0.0926675960290432
Microcebus murinus,321,24,0.0926606114119887
Microcebus murinus,330,24,0.0926476122773886
Microcebus murinus,337,24,0.0926436052986383
Microcebus murinus,402,24,43.4528749465152
Microcebus murinus,2915,184,0.275667671454787
Microcebus murinus,2943,184,1.92954817861235
Microcebus murinus,3023,184,0.0918715503870249
Microcebus murinus,3028,184,0.0918703960417509
Microcebus murinus,3063,184,0.275591552190423
Microcebus murinus,3071,184,0.0918623096979857
Microcebus murinus,3072,184,0.0918623096979857
Microcebus murinus,3088,184,0.367434207116008
Microcebus murinus,3089,184,0.183716525221109
Microcebus murinus,3104,184,33.8991079803611
Microcebus murinus,33281,184,0.0918911418705583
Microcebus murinus,33282,184,0.0918911418705583
Microcebus murinus,33367,184,0.183782283741117
Microcebus murinus,33368,184,0.0918911418705583
Microcebus murinus,33372,184,0.367500048400104
Microcebus murinus,27483,1406,38.261956913655
Microcebus murinus,27529,1406,28.8370827305443
Microcebus murinus,29427,1406,1333.31062522642
Microcebus murinus,6285,2179,0.6399434845016
Microcebus murinus,6312,2179,0.45708591381228
Microcebus murinus,6363,2179,5.85033975470352
Microcebus murinus,6378,2179,24.6792146248873
Microcebus murinus,6379,2179,0.0914115014762879
Microcebus murinus,6453,2179,1.0054375043211
Microcebus murinus,6466,2179,2.83342021114933
Microcebus murinus,6482,2179,0.0914028473147154
Microcebus murinus,6483,2179,0.182805694629431
Microcebus murinus,6514,2179,1.00536820483017
Microcebus murinus,6515,2179,2.37624750380063
Microcebus murinus,6526,2179,0.274192454328179
Microcebus murinus,6546,2179,0.0913954212394953
Microcebus murinus,6559,2179,0.0913941828228235
Microcebus murinus,6568,2179,1.5536069370805
Microcebus murinus,6569,2179,0.548346514569998
Microcebus murinus,6571,2179,0.182784649551272
Microcebus murinus,6599,2179,0.0913904663075209
Microcebus murinus,6609,2179,0.548322966099382
Microcebus murinus,6611,2179,0.0913892270473242
Microcebus murinus,6612,2179,0.182778454094648
Microcebus murinus,6634,2179,8.3165148231597
Microcebus murinus,6645,2179,1.27936982512558
Microcebus murinus,6667,2179,8.86332816260099
Microcebus murinus,6917,2179,0.274089461484194
Microcebus murinus,6939,2179,0.0913631538983583
Microcebus murinus,7028,2179,10.9639024804163
Microcebus murinus,7029,2179,4.567756926453
Microcebus murinus,7142,2179,0.0913494594436884
Microcebus murinus,32855,2179,0.0913643975844383
Microcebus murinus,33070,2179,0.274301122583509
Microcebus murinus,33071,2179,4.20557955169034
Microcebus murinus,33463,2179,16.5402429724604
Microcebus murinus,33525,2179,0.456749789226413
Microcebus murinus,11467,2180,19.9168496817793
Microcebus murinus,11739,2180,0.090939928707242
Microcebus murinus,2723,2399,0.459616383672059
Microcebus murinus,2757,2399,0.275752651619673
Microcebus murinus,2877,2399,0.183794934333146
Microcebus murinus,2885,2399,53.2173880085769
Microcebus murinus,2888,2399,0.551364106284499
Microcebus murinus,2935,2399,0.551319225258708
Microcebus murinus,2958,2399,0.643170052255213
Microcebus murinus,31956,2471,0.777178853789091
Microcebus murinus,33522,2471,19.9515621485635
Microcebus murinus,33523,2471,0.604549703200817
Microcebus murinus,20420,2581,7.79134288626695
Microcebus murinus,20712,2581,44.6638451275753
Microcebus murinus,144,2295,0.463806772104442
Microcebus murinus,151,2295,0.27827526928854
Microcebus murinus,153,2295,0.463781360735595
Microcebus murinus,167,2295,0.278243954662919
Microcebus murinus,184,2295,0.185478644791543
Microcebus murinus,188,2295,0.27820176096195
Microcebus murinus,192,2295,0.64914825101471
Microcebus murinus,203,2295,130.021860527528
Microcebus murinus,32826,2295,0.185474717534363
Microcebus murinus,33493,2295,56.8711675529887
Microcebus murinus,14508,2363,9.05441145991457
Microcebus murinus,15609,2363,267.507011790503
Microcebus murinus,14955,2574,51.1932061820406
Microcebus murinus,33574,2574,40.0687100624893
Microcebus murinus,33518,2578,64.9869920614074
Microcebus murinus,33555,2580,14.1007399868137
Microcebus murinus,1073,88,110.659586910251
Microcebus murinus,33581,88,3.69349691053623
Microcebus murinus,18352,924,32.8915217640661
Microcebus murinus,18435,932,43.4763170783669
Microcebus murinus,29735,1438,54.5408324229195
Microcebus murinus,33602,2585,36.3826787541578
Microcebus murinus,28422,1494,16.1215402504437
Microcebus murinus,33063,1591,15.5764797698595
Microcebus murinus,33158,1591,54.0963039379551
Microcebus murinus,33614,1591,0.259797577435732
Microcebus murinus,30451,2073,186.694551086279
Microcebus murinus,18133,2187,54.7933720210891
Microcebus murinus,2694,2201,0.0919289977337718
Microcebus murinus,2817,2201,0.551443380143642
Microcebus murinus,2920,2201,869.454182207201
Microcebus murinus,982,2283,11.5425439636662
Microcebus murinus,1002,2283,4.2483627925086
Microcebus murinus,1035,2283,10.1575986438801
Microcebus murinus,33580,2283,6.46498586701829
Microcebus murinus,2891,2326,0.183790335580766
Microcebus murinus,4474,2326,30.8790083227627
Microcebus murinus,5655,2326,4.66586542736775
Microcebus murinus,5692,2326,0.0914840331465006
Microcebus murinus,5693,2326,0.182968066293001
Microcebus murinus,5706,2326,9.14785747598332
Microcebus murinus,9771,2326,0.638009943682313
Microcebus murinus,9785,2326,0.0911435460877419
Microcebus murinus,10095,2326,0.637843249983668
Microcebus murinus,11486,2326,0.0909740065914392
Microcebus murinus,11860,2326,10198.3315494182
Microcebus murinus,11792,2331,0.545590951331377
Microcebus murinus,12574,2331,453.995484637406
Microcebus murinus,33583,2331,31.5410547114345
Microcebus murinus,17339,2446,170.780797274529
Microcebus murinus,17495,2446,636.527068354623
Microcebus murinus,17639,2446,0.180059280392408
Microcebus murinus,31811,2449,157.845280077024
Microcebus murinus,33060,2449,63.798109872398
Microcebus murinus,33610,2449,9.98819568180025
Microcebus murinus,21218,2591,89.7882265229853
Microcebus murinus,33263,2533,155.727060960763
Microcebus murinus,33255,2538,88.8579889962915
Microcebus murinus,33616,2592,54.2897934620137
Microcebus murinus,33617,2592,31.4692072683324
Microcebus murinus,2533,2545,376.080504021299
Microcebus murinus,33626,2593,9.25706128804803
Microcebus murinus,33629,2594,4.31856011909986
Microcebus murinus,33343,2550,13.0307413413469
Microcebus murinus,33345,2595,6.06907414019537
Microcebus murinus,33470,2567,14.876475508235
Microcebus murinus,33573,2596,58.1494763075515
Microcebus murinus,5634,2577,104.61434809919
Microcebus murinus,33568,2577,2.56288165690053
Microcebus murinus,33554,2597,3.11329257240254
Microcebus murinus,33632,2597,0.366233005417585
Microcebus murinus,920,82,10.9920872748523
Microcebus murinus,902,85,55.9744515825567
Microcebus murinus,1021,85,0.0923535899510384
Microcebus murinus,1030,85,9.78885034124469
Microcebus murinus,1031,85,0.277054396753728
Microcebus murinus,1029,93,3.60154982779735
Microcebus murinus,33635,93,0.646360259143829
Microcebus murinus,1070,94,8.86426284260774
Microcebus murinus,1155,94,33.5094683105765
Microcebus murinus,1171,94,0.0923130816246867
Microcebus murinus,1185,94,0.0923098705308437
Microcebus murinus,33638,94,0.0923333741458654
Microcebus murinus,1080,96,7.29454427567315
Microcebus murinus,1230,98,73.7468491668593
Microcebus murinus,1427,98,0.461282516491771
Microcebus murinus,33639,98,19.0066352914984
Microcebus murinus,14451,738,0.0905584602525234
Microcebus murinus,14530,738,0.0905447203236818
Microcebus murinus,14689,738,38.2051651932399
Microcebus murinus,14737,738,0.0905061372197867
Microcebus murinus,14756,738,3.07696966736627
Microcebus murinus,14762,738,0.723997986286044
Microcebus murinus,14805,738,0.361958205401897
Microcebus murinus,33640,738,0.452763459861636
Microcebus murinus,18118,903,0.0899370735929012
Microcebus murinus,18172,903,0.0899238860028982
Microcebus murinus,18179,903,0.449603298739433
Microcebus murinus,18180,903,0.359686745625973
Microcebus murinus,18197,903,0.0899194863940477
Microcebus murinus,18256,903,167.74218789238
Microcebus murinus,33642,903,0.0899312145228386
Microcebus murinus,33643,903,0.449634089967847
Microcebus murinus,33644,903,0.0898974602614641
Microcebus murinus,20123,942,110.634216100066
Microcebus murinus,33693,942,0.0897598538669348
Microcebus murinus,23291,1142,509.004872819902
Microcebus murinus,33237,1142,25.9190793253232
Microcebus murinus,31495,2111,2.33597082442749
Microcebus murinus,31499,2111,0.173038084078312
Microcebus murinus,32151,2111,57.1920356452289
Microcebus murinus,33710,2598,20.6592519148769
Microcebus murinus,18508,2311,1032.09468954584
Microcebus murinus,33166,2311,21.0241786897857
Microcebus murinus,33656,2311,7.49786063311923
Microcebus murinus,33657,2311,10.465825454369
Microcebus murinus,33659,2311,0.0901901460651159
Microcebus murinus,33660,2311,0.0901887180690765
Microcebus murinus,33661,2311,0.0901758567188978
Microcebus murinus,33662,2311,0.0901744266370535
Microcebus murinus,33664,2311,0.0901629784760475
Microcebus murinus,33665,2311,0.0901615465179682
Microcebus murinus,33666,2311,0.0901615465179682
Microcebus murinus,33670,2311,0.0901386068252325
Microcebus murinus,33672,2311,0.0901242424138784
Microcebus murinus,33673,2311,0.18024417185688
Microcebus murinus,33674,2311,0.270356910651445
Microcebus murinus,33675,2311,0.180231227523327
Microcebus murinus,33677,2311,0.360449504251242
Microcebus murinus,33678,2311,0.0901127358765602
Microcebus murinus,33679,2311,2.16237442039514
Microcebus murinus,33680,2311,0.0900968926072121
Microcebus murinus,33681,2311,0.0900940093032122
Microcebus murinus,33682,2311,0.27020117475152
Microcebus murinus,33683,2311,0.180086833140135
Microcebus murinus,33650,2599,4.52090276207972
Microcebus murinus,33651,2599,0.0904089621702433
Microcebus murinus,33652,2599,0.0904075665347576
Microcebus murinus,33669,2600,3.33495901543343
Microcebus murinus,33671,2600,0.180258544605851
Microcebus murinus,33684,2601,1.89003464057791
Microcebus murinus,33685,2601,4.23005688389182
Microcebus murinus,22557,2392,16.3782069258974
Microcebus murinus,22895,2392,0.177959455841064
Microcebus murinus,22982,2392,0.0889573906543255
Microcebus murinus,23017,2392,94.0284960762084
Microcebus murinus,33701,2392,0.177962643784523
Microcebus murinus,16561,2402,0.0902115409758091
Microcebus murinus,16566,2402,0.360836189207196
Microcebus murinus,16663,2402,0.180384575283885
Microcebus murinus,16684,2402,0.27056901019907
Microcebus murinus,17097,2402,0.0901242424138784
Microcebus murinus,18128,2402,1139.80068411423
Microcebus murinus,33641,2402,0.0902726128827334
Microcebus murinus,28107,2502,590.589880067642
Microcebus murinus,33251,2502,2.11576712074435
Microcebus murinus,20200,2507,90.2006443720138
Microcebus murinus,20334,2507,3.3134309653126
Microcebus murinus,33168,2507,170.754673511907
Microcebus murinus,33696,2507,1.79238486696017
Microcebus murinus,33697,2507,0.0895977978543043
Microcebus murinus,33698,2507,0.08959628602314
Microcebus murinus,33711,2507,59.9353472358141
Microcebus murinus,20463,2508,2.32767118465054
Microcebus murinus,21047,2508,1.87770515916026
Microcebus murinus,21547,2508,0.714404974959851
Microcebus murinus,21599,2508,0.178579506715775
Microcebus murinus,21755,2508,674.271924355668
Microcebus murinus,33089,2508,4.73613397636772
Microcebus murinus,20644,2602,0.0895036720864773
Microcebus murinus,20722,2602,0.0894853621346951
Microcebus murinus,20734,2602,0.0894838349579573
Microcebus murinus,20760,2602,0.0894761959661245
Microcebus murinus,33699,2602,27.383507147518
Microcebus murinus,20873,2603,0.0894517163760662
Microcebus murinus,21009,2603,2.86157776304519
Microcebus murinus,21046,2603,0.536503212695122
Microcebus murinus,33700,2603,22.6292422166447
Microcebus murinus,25214,2526,260.732262440753
Microcebus murinus,33702,2526,0.0887447955824137
Microcebus murinus,33703,2526,0.0887431713141203
Microcebus murinus,33704,2526,0.0887317956695557
Microcebus murinus,33705,2526,0.0886649643682241
Microcebus murinus,33706,2526,2.65747338466716
Microcebus murinus,33707,2526,0.177169278389692
Microcebus murinus,33708,2526,0.0885829947649241
Microcebus murinus,33341,2549,17.1091583224724
Microcebus murinus,33240,2559,79.2501346083427
Microcebus murinus,33712,2559,19.8014696613791
Microcebus murinus,7454,2564,0.54794446963501
Microcebus murinus,7645,2564,1.46089898014283
Microcebus murinus,7662,2564,0.456539862202287
Microcebus murinus,7958,2564,0.73026370028019
Microcebus murinus,8001,2564,0.0912806047910452
Microcebus murinus,8093,2564,1.64285957804191
Microcebus murinus,8114,2564,0.912692769446373
Microcebus murinus,8133,2564,0.638874861070156
Microcebus murinus,8189,2564,0.82137056838429
Microcebus murinus,8200,2564,0.456318663737774
Microcebus murinus,8236,2564,1.64265917571056
Microcebus murinus,8453,2564,0.0912427791885138
Microcebus murinus,8472,2564,753.814320473975
Microcebus murinus,8473,2564,0.0912402507441044
Microcebus murinus,8485,2564,2.0072273404777
Microcebus murinus,8509,2564,0.364942030489683
Microcebus murinus,8527,2564,0.273705573990226
Microcebus murinus,33582,2564,0.456175956650376
Microcebus murinus,15715,2575,68.0501291261465
Microcebus murinus,33633,2575,47.4469397172759
Microcebus murinus,33592,2582,3.32466239897835
Microcebus myoxinus,370,101,25.7972821171587
Microcebus myoxinus,371,102,57.873969535258
Microcebus myoxinus,317,79,23.1253148168406
Microcebus myoxinus,343,93,1.43666624170721
Microcebus myoxinus,356,105,79.9243630830692
Microcebus myoxinus,373,105,0.0898074052045345
Microcebus myoxinus,376,105,0.0897598538669348
Microcebus myoxinus,359,100,13.1789857661522
Microcebus myoxinus,367,106,1.61308511319971
Microcebus myoxinus,368,106,55.656165998045
Microcebus myoxinus,372,104,21.6703361410128
Microcebus myoxinus,377,104,0.089898930126667
Microcebus myoxinus,378,104,0.0898974602614641
Microcebus rufus,402,76,6.17668561983395
Microcebus rufus,443,82,38.9884159684163
Microcebus rufus,962,144,3.21620605602419
Microcebus rufus,1077,154,58.8617537300254
Microcebus rufus,1435,207,12.0800389464626
Microcebus rufus,1484,215,73.1553953594651
Microcebus rufus,2086,249,3.64204923034823
Microcebus rufus,2120,255,7.63979273292554
Microcebus rufus,2123,255,14.2775380444441
Microcebus rufus,3577,408,70.171205546759
Microcebus rufus,4185,527,50.5128889844387
Microcebus rufus,4362,527,35.5206766781266
Microcebus rufus,5100,721,2.68197177587867
Microcebus rufus,5139,721,0.178789808364868
Microcebus rufus,8228,1247,37.7648065144268
Microcebus rufus,8578,1312,23.1220312933333
Microcebus rufus,8595,1319,6.60311605216253
Microcebus rufus,4381,1452,137.38275887876
Microcebus rufus,5952,1432,224.834746882417
Microcebus rufus,5202,1464,3.21751555836296
Microcebus rufus,8855,1466,3.46535895298588
Microcebus rufus,7704,1454,28.8370827305443
Microcebus rufus,5,1,72.6104762396658
Microcebus rufus,8819,1,56.8711675529887
Microcebus rufus,8891,1473,38.3946948622806
Microcebus rufus,4694,1475,7.79134288626695
Microcebus rufus,4840,638,44.6638451275753
Microcebus rufus,5707,1467,56.9082967918101
Microcebus rufus,270,15,458.083821753779
Microcebus rufus,8890,1477,58.1494763075515
Microcebus rufus,3871,487,36.126370737397
Microcebus rufus,8614,1322,16.0684737306582
Microcebus rufus,6926,1405,0.620648212959528
Microcebus rufus,6933,1405,0.265972006814122
Microcebus rufus,7667,1405,0.0880188471091986
Microcebus rufus,8270,1405,4776.2044277054
Microcebus rufus,3986,1431,280.61110980638
Microcebus rufus,3457,1450,170.780797274529
Microcebus rufus,8882,1474,54.7933720210891
Microcebus rufus,902,18,0.459616383672059
Microcebus rufus,920,18,0.275752651619673
Microcebus rufus,960,18,0.183794934333146
Microcebus rufus,961,18,54.8720161250855
Microcebus rufus,963,18,0.551364106284499
Microcebus rufus,976,18,0.551319225258708
Microcebus rufus,984,18,0.643170052255213
Microcebus rufus,1433,18,0.18305585810101
Microcebus rufus,1519,18,0.0914152072403431
Microcebus rufus,1980,18,155.734627895714
Microcebus rufus,2083,18,0.0910663420979977
Microcebus rufus,2112,18,1.09175737492621
Microcebus rufus,2202,18,19979.6730095987
Microcebus rufus,8922,18,0.0920568780282736
Microcebus rufus,8920,1478,10.9920872748523
Microcebus rufus,8924,1479,0.0920209387692809
Microcebus rufus,8925,1479,1.74834825798291
Microcebus rufus,8926,1479,0.0920198121696711
Microcebus rufus,8927,1479,1.74828060862398
Microcebus rufus,207,36,197.731583171071
Microcebus rufus,913,126,0.183841973942041
Microcebus rufus,918,126,0.643432019172192
Microcebus rufus,942,126,0.275717098941624
Microcebus rufus,949,126,0.275709061498523
Microcebus rufus,953,126,0.459508593737543
Microcebus rufus,956,126,0.45949710468936
Microcebus rufus,966,126,1.10266377710527
Microcebus rufus,981,126,0.826945434479237
Microcebus rufus,1012,126,0.367459639964223
Microcebus rufus,1026,126,1.46972063059181
Microcebus rufus,1112,126,439.329544513872
Microcebus rufus,8912,1480,9.5658888511582
Microcebus rufus,8918,1480,0.0919723036499619
Microcebus rufus,2811,280,68.0501291261465
Microcebus rufus,8908,280,47.4469397172759
Microcebus rufus,8550,1206,1329.88182992828
Microcebus rufus,8901,1206,355.553761067319
Microcebus rufus,8934,1206,0.0871928123806715
Microcebus rufus,8935,1481,0.0871747123888731
Microcebus rufus,8936,1481,19.4337860709381
Microcebus rufus,8937,1482,187.042904927285
Microcebus rufus,8938,1483,9.05780211758673
Microcebus rufus,8743,1326,2.33597082442749
Microcebus rufus,8805,1326,57.1920356452289
Microcebus rufus,8862,1484,0.604549703200817
Microcebus rufus,8933,1484,19.9515621485635
Microcebus rufus,8929,1485,27.2715936270507
Microcebus rufus,8930,1486,29.4123165165292
Microcebus rufus,8931,1487,29.3885406549345
Microcebus rufus,8932,1488,20.6592519148769
Microcebus rufus,2990,1472,0.812480411258936
Microcebus rufus,3709,1472,2.87876883525968
Microcebus rufus,3713,1472,0.899620833965421
Microcebus rufus,3728,1472,0.269868277515173
Microcebus rufus,5880,1472,180.783642575444
Microcebus rufus,6461,1472,11377.2794905642
Microcebus rufus,8928,1472,0.0902726128827334
Microgale brevicaudata,191,53,11.5425439636641
Microgale brevicaudata,244,66,10.335222133148
Microgale brevicaudata,256,68,83.2253581690404
Microgale brevicaudata,260,68,7.10251980220318
Microgale brevicaudata,298,75,38.9884159684163
Microgale brevicaudata,310,77,4.23939400596285
Microgale brevicaudata,327,85,3.86955399840492
Microgale brevicaudata,331,88,4.69871910138738
Microgale brevicaudata,376,79,322.156769535889
Microgale brevicaudata,400,94,7.91582309376431
Microgale brevicaudata,443,79,29.9084594166067
Microgale brevicaudata,452,101,23.001548176319
Microgale brevicaudata,460,79,681.740018740293
Microgale brevicaudata,480,104,0.183841973942041
Microgale brevicaudata,482,104,0.643432019172192
Microgale brevicaudata,497,104,0.275717098941624
Microgale brevicaudata,501,104,0.275709061498523
Microgale brevicaudata,502,104,0.459508593737543
Microgale brevicaudata,504,104,0.45949710468936
Microgale brevicaudata,509,110,14.9760293356881
Microgale brevicaudata,572,123,3.12249965708375
Microgale brevicaudata,602,124,58.8617537300254
Microgale brevicaudata,628,123,54.718215689034
Microgale brevicaudata,643,104,345.573581988552
Microgale brevicaudata,756,150,5.32260880427534
Microgale brevicaudata,778,159,22.2907864756399
Microgale brevicaudata,831,170,0.366857565845847
Microgale brevicaudata,835,170,50.7988278731791
Microgale brevicaudata,1512,273,2.46812535342741
Microgale brevicaudata,1520,273,16.0871950112846
Microgale brevicaudata,1531,273,0.0914028473147154
Microgale brevicaudata,1532,273,0.182805694629431
Microgale brevicaudata,1535,273,0.274201118186474
Microgale brevicaudata,1547,278,9.23022386336541
Microgale brevicaudata,1566,278,0.548279554689765
Microgale brevicaudata,1964,915,5.28939200112998
Microgale brevicaudata,2289,374,22.5943641322826
Microgale brevicaudata,2871,469,9.71559057942391
Microgale brevicaudata,3617,586,85.6999425859454
Microgale brevicaudata,3791,607,11.6120186177022
Microgale brevicaudata,3853,925,37.7950854945325
Microgale brevicaudata,4133,646,20.0080633917112
Microgale brevicaudata,4153,646,0.0897434589512348
Microgale brevicaudata,4180,651,13.0948502482874
Microgale brevicaudata,4317,672,5.46268283923757
Microgale brevicaudata,4327,674,5.10381579457283
Microgale brevicaudata,4490,702,2.76209766017258
Microgale brevicaudata,4491,703,4.54423428205359
Microgale brevicaudata,4492,704,37.5078305771894
Microgale brevicaudata,4497,702,3.11798707431972
Microgale brevicaudata,4524,714,13.8900112845451
Microgale brevicaudata,4538,716,7.47719265585076
Microgale brevicaudata,4560,721,18.9394190178167
Microgale brevicaudata,4870,784,5.99526719184125
Microgale brevicaudata,4940,798,43.3304279378944
Microgale brevicaudata,5012,795,8.61728991935312
Microgale brevicaudata,5100,815,122.758108953007
Microgale brevicaudata,5140,826,4.11772579951465
Microgale brevicaudata,5174,827,5.51709965046513
Microgale brevicaudata,5267,852,6.28831631620741
Microgale brevicaudata,5281,855,15.7158278321928
Microgale brevicaudata,5312,860,4.18626192768765
Microgale brevicaudata,5333,867,13.3199779431528
Microgale brevicaudata,1494,935,1.91988596975875
Microgale brevicaudata,1495,935,4.2053427026192
Microgale brevicaudata,114,29,0.370271373195231
Microgale brevicaudata,116,29,0.0925668250995874
Microgale brevicaudata,118,29,43.0377824654073
Microgale brevicaudata,119,29,0.18513059458977
Microgale brevicaudata,122,29,1.48074673073471
Microgale brevicaudata,123,29,1.66577102635694
Microgale brevicaudata,124,29,0.277623898765862
Microgale brevicaudata,5327,864,22.1321745832863
Microgale brevicaudata,4516,707,61.820075850606
Microgale brevicaudata,3180,518,90.6087475250168
Microgale brevicaudata,5416,894,8.82829803843008
Microgale brevicaudata,5516,894,15.5764797698595
Microgale brevicaudata,5528,894,1.64404437949145
Microgale brevicaudata,5556,970,44.4928427752445
Microgale brevicaudata,4216,963,42.3362076362427
Microgale brevicaudata,5578,966,3.75955498127008
Microgale brevicaudata,1442,266,19.2038282113973
Microgale brevicaudata,5598,979,3.87195306908155
Microgale brevicaudata,955,183,0.824719871121347
Microgale brevicaudata,1007,183,0.274908219362199
Microgale brevicaudata,1058,183,19.8824612120213
Microgale brevicaudata,1575,275,0.456848093526959
Microgale brevicaudata,1579,275,0.182749920761347
Microgale brevicaudata,1595,275,0.456835664464593
Microgale brevicaudata,1596,275,0.274101896026969
Microgale brevicaudata,1605,275,0.274093192542315
Microgale brevicaudata,1613,275,0.182726307796717
Microgale brevicaudata,1616,275,0.274081997471213
Microgale brevicaudata,1629,275,0.0913569323071241
Microgale brevicaudata,1633,275,0.091355687356472
Microgale brevicaudata,1635,275,0.822180016362309
Microgale brevicaudata,1642,275,6.02962584375572
Microgale brevicaudata,1709,275,64.7813755391271
Microgale brevicaudata,5669,275,4.01953690115464
Microgale brevicaudata,5670,275,0.822156348397851
Microgale brevicaudata,5206,832,21.4423868237228
Microgale brevicaudata,5676,832,0.0875363925478458
Microgale brevicaudata,1373,934,16.3740665150672
Microgale brevicaudata,1588,940,22.2892814174211
Microgale brevicaudata,5678,986,20.2118844377252
Microgale brevicaudata,52,12,0.0927073077802658
Microgale brevicaudata,68,12,43.2038186617044
Microgale brevicaudata,78,18,21.1261124531245
Microgale brevicaudata,81,18,0.0926675960290432
Microgale brevicaudata,85,18,0.0926606114119887
Microgale brevicaudata,461,103,0.4598808172791
Microgale brevicaudata,476,103,0.459616383672059
Microgale brevicaudata,483,103,0.275752651619673
Microgale brevicaudata,507,103,0.183794934333146
Microgale brevicaudata,508,103,52.6655818657016
Microgale brevicaudata,510,103,0.551364106284499
Microgale brevicaudata,511,103,366.442181057099
Microgale brevicaudata,518,103,0.551319225258708
Microgale brevicaudata,521,103,0.643170052255213
Microgale brevicaudata,520,109,1.92954817861235
Microgale brevicaudata,525,109,0.0918715503870249
Microgale brevicaudata,526,109,0.0918703960417509
Microgale brevicaudata,539,109,0.275591552190423
Microgale brevicaudata,542,109,0.0918623096979857
Microgale brevicaudata,543,109,0.0918623096979857
Microgale brevicaudata,550,109,0.367434207116008
Microgale brevicaudata,551,109,0.183716525221109
Microgale brevicaudata,556,109,33.8991079803611
Microgale brevicaudata,5604,109,0.367500048400104
Microgale brevicaudata,1556,277,5.0262264291631
Microgale brevicaudata,1558,277,1.27936982512558
Microgale brevicaudata,1587,277,8.86332816260099
Microgale brevicaudata,1610,277,0.274089461484194
Microgale brevicaudata,1614,277,0.0913631538983583
Microgale brevicaudata,1630,277,10.9639024804163
Microgale brevicaudata,1631,277,4.567756926453
Microgale brevicaudata,5495,277,0.0913643975844383
Microgale brevicaudata,5674,277,14.9865047176591
Microgale brevicaudata,5703,277,0.456749789226413
Microgale brevicaudata,4934,797,7.66210525788986
Microgale brevicaudata,5074,942,915.104324416927
Microgale brevicaudata,43,3,60.0101104185277
Microgale brevicaudata,5677,3,56.8711675529887
Microgale brevicaudata,5697,987,64.9869920614074
Microgale brevicaudata,5719,988,14.1007399868137
Microgale brevicaudata,1515,253,85.4949598885817
Microgale brevicaudata,1541,990,27.8715571080171
Microgale brevicaudata,2662,424,15.9106349743109
Microgale brevicaudata,3766,562,0.0900477630903721
Microgale brevicaudata,3824,562,1318.21505894476
Microgale brevicaudata,1353,196,104.61434809919
Microgale brevicaudata,2087,321,1.73197684171045
Microgale brevicaudata,2108,321,3.00788420463169
Microgale brevicaudata,2195,321,595.112400952329
Microgale brevicaudata,4454,671,89.7882265229853
Microgale brevicaudata,5008,787,6.06907414019537
Microgale brevicaudata,4909,788,4.31856011909986
Microgale brevicaudata,287,47,824.858593417908
Microgale brevicaudata,5722,991,57.1771001968794
Microgale brevicaudata,5723,992,10.9920872748523
Microgale brevicaudata,211,54,197.731583171071
Microgale brevicaudata,328,86,18.8856645390537
Microgale brevicaudata,370,993,6.35573264146125
Microgale brevicaudata,426,89,50.8212270752749
Microgale brevicaudata,5728,89,0.0920568780282736
Microgale brevicaudata,5729,89,1.10463885079104
Microgale brevicaudata,5726,994,15.385181741811
Microgale brevicaudata,5727,994,49.0852903906564
Microgale brevicaudata,405,92,21.2643285958345
Microgale brevicaudata,4013,524,1032.09468954584
Microgale brevicaudata,5539,524,21.0241786897857
Microgale brevicaudata,5748,524,10.465825454369
Microgale brevicaudata,5750,524,0.0901901460651159
Microgale brevicaudata,5751,524,0.0901887180690765
Microgale brevicaudata,5752,524,0.0901758567188978
Microgale brevicaudata,5755,524,0.0901629784760475
Microgale brevicaudata,5756,524,0.0901615465179682
Microgale brevicaudata,5757,524,0.0901615465179682
Microgale brevicaudata,5761,524,0.0901386068252325
Microgale brevicaudata,5768,524,0.360449504251242
Microgale brevicaudata,5770,524,2.16237442039514
Microgale brevicaudata,5771,524,0.0900968926072121
Microgale brevicaudata,5772,524,0.0900940093032122
Microgale brevicaudata,5741,995,4.52090276207972
Microgale brevicaudata,5742,995,0.0904089621702433
Microgale brevicaudata,5743,995,0.0904075665347576
Microgale brevicaudata,5747,996,7.49786063311923
Microgale brevicaudata,5775,997,1.89003464057791
Microgale brevicaudata,5776,997,4.23005688389182
Microgale brevicaudata,3263,532,0.0905584602525234
Microgale brevicaudata,3269,532,0.0905447203236818
Microgale brevicaudata,3274,532,38.2051651932399
Microgale brevicaudata,3279,532,0.0905061372197867
Microgale brevicaudata,3929,611,0.0899370735929012
Microgale brevicaudata,3944,611,0.0899238860028982
Microgale brevicaudata,3946,611,0.449603298739433
Microgale brevicaudata,3947,611,0.359686745625973
Microgale brevicaudata,3964,611,167.74218789238
Microgale brevicaudata,5734,611,0.449634089967847
Microgale brevicaudata,5735,611,0.0898974602614641
Microgale brevicaudata,4282,627,110.634216100066
Microgale brevicaudata,5784,627,0.0897598538669348
Microgale brevicaudata,4344,675,2.32767118465054
Microgale brevicaudata,4440,675,274.340971091264
Microgale brevicaudata,4375,998,0.0895036720864773
Microgale brevicaudata,4387,998,0.0894853621346951
Microgale brevicaudata,4388,998,0.0894838349579573
Microgale brevicaudata,5790,998,19.0626719297173
Microgale brevicaudata,4295,965,90.2006443720138
Microgale brevicaudata,5788,965,0.0895977978543043
Microgale brevicaudata,5789,965,0.08959628602314
Microgale brevicaudata,5541,999,170.754673511907
Microgale brevicaudata,5787,999,1.79238486696017
Microgale brevicaudata,5794,1000,59.9353472358141
Microgale brevicaudata,1692,984,0.54794446963501
Microgale brevicaudata,1793,984,0.0912806047910452
Microgale brevicaudata,1877,984,0.0912427791885138
Microgale brevicaudata,1880,984,753.814320473975
Microgale brevicaudata,1886,984,0.456175956650972
Microgale brevicaudata,5487,985,29.4123165165292
Microgale brevicaudata,5702,1001,0.604549703200817
Microgale brevicaudata,5793,1001,19.9515621485635
Microgale brevicaudata,5791,1002,29.3885406549345
Microgale brevicaudata,5792,1003,20.6592519148769
Microgale cowani,374,29,38.9884159684163
Microgale cowani,1106,55,1.1946710927344
Microgale cowani,1133,55,3.21620605602419
Microgale cowani,1289,59,58.8617537300254
Microgale cowani,1518,73,3.9452362359733
Microgale cowani,2164,101,1.54930704509258
Microgale cowani,2181,101,6.28745453033043
Microgale cowani,2213,760,15.4881893579649
Microgale cowani,4004,190,4.05792210968471
Microgale cowani,4091,190,94.5483809044089
Microgale cowani,4092,190,0.54080579772687
Microgale cowani,4142,190,17.6619390068325
Microgale cowani,4396,654,70.171205546759
Microgale cowani,7521,369,0.356880130990148
Microgale cowani,7536,369,8.47422071402585
Microgale cowani,7558,369,0.981214316613197
Microgale cowani,7818,820,224.834746882417
Microgale cowani,10766,556,37.7648065144268
Microgale cowani,11270,725,6.60311605216253
Microgale cowani,11285,593,16.0684737306561
Microgale cowani,3366,749,0.90409241088438
Microgale cowani,3396,749,0.723194902283907
Microgale cowani,3436,749,0.180783003353119
Microgale cowani,3536,749,32.4479156543882
Microgale cowani,3540,749,0.542172567371368
Microgale cowani,5335,804,50.5128889844387
Microgale cowani,5618,804,35.5206766781266
Microgale cowani,5653,822,137.38275887876
Microgale cowani,10050,813,28.8370827305443
Microgale cowani,6,1,72.6104762396658
Microgale cowani,11484,1,56.8711675529887
Microgale cowani,6059,848,7.79134288626695
Microgale cowani,6296,848,44.6638451275753
Microgale cowani,11504,846,58.0590380853066
Microgale cowani,11505,847,38.3946948622806
Microgale cowani,11127,631,8.88625495937192
Microgale cowani,11147,631,0.871097480306864
Microgale cowani,4839,779,36.126370737397
Microgale cowani,11449,841,458.083821753779
Microgale cowani,11496,844,54.7933720210891
Microgale cowani,122,12,197.731583171071
Microgale cowani,11515,12,0.369282266752303
Microgale cowani,11516,12,0.184641133481979
Microgale cowani,11385,595,2.33597082442749
Microgale cowani,11386,595,0.173038084078312
Microgale cowani,11434,595,57.1920356452289
Microgale cowani,11423,849,0.604549703200459
Microgale cowani,11430,849,0.777178853789091
Microgale cowani,11539,849,19.9515621485635
Microgale cowani,11535,850,27.2715936270507
Microgale cowani,11536,851,29.4123165165292
Microgale cowani,11537,852,29.3885406549345
Microgale cowani,11538,853,20.6592519148769
Microgale cowani,724,632,1.10392723276371
Microgale cowani,725,632,0.0919949733710289
Microgale cowani,773,632,0.919795669861615
Microgale cowani,1010,632,0.459616383672059
Microgale cowani,1040,632,0.275752651619673
Microgale cowani,1121,632,0.183794934333146
Microgale cowani,1129,632,54.8720161250855
Microgale cowani,1134,632,0.551364106284499
Microgale cowani,1155,632,0.551319225258708
Microgale cowani,1169,632,0.643170052255213
Microgale cowani,1181,632,1.10250129361898
Microgale cowani,1388,632,179.957300764763
Microgale cowani,1657,632,0.0915072345054746
Microgale cowani,1736,632,13.3456154483392
Microgale cowani,1752,632,3.38189172445643
Microgale cowani,1801,632,0.0913569323071241
Microgale cowani,2161,632,0.0911435460877419
Microgale cowani,2412,632,0.363670280874491
Microgale cowani,2546,632,13404.9109162813
Microgale cowani,11526,632,10.9920872748523
Microgale cowani,11528,632,0.0920568780282736
Microgale cowani,11187,747,1329.88182992828
Microgale cowani,11252,747,5.30358653567576
Microgale cowani,11514,747,355.553761067319
Microgale cowani,11540,747,0.0871928123806715
Microgale cowani,11541,854,0.0871747123888731
Microgale cowani,11542,854,13.4214710171583
Microgale cowani,11543,855,9.05780211758673
Microgale cowani,2832,823,0.181274117312074
Microgale cowani,3792,823,0.812480411258936
Microgale cowani,4575,823,2.87876883525968
Microgale cowani,4583,823,0.899620833965421
Microgale cowani,4609,823,0.269868277515173
Microgale cowani,5019,823,280.61110980638
Microgale cowani,7493,823,79.7835008618025
Microgale cowani,8042,823,2.04824535180938
Microgale cowani,8493,823,11199.0054579216
Microgale cowani,9245,823,0.354345133471251
Microgale cowani,10833,823,4722.96837035779
Microgale cowani,11534,823,0.0902726128827334
Microgale cowani,957,832,0.643524707942724
Microgale cowani,1027,832,0.183841973942041
Microgale cowani,1035,832,0.643432019172192
Microgale cowani,1063,832,1.56243208603442
Microgale cowani,1064,832,0.275729722221732
Microgale cowani,1082,832,0.275717098941624
Microgale cowani,1091,832,0.275709061498523
Microgale cowani,1097,832,0.459508593737543
Microgale cowani,1105,832,0.45949710468936
Microgale cowani,1139,832,1.10266377710527
Microgale cowani,1145,832,0.183781132994473
Microgale cowani,1146,832,0.367564567481756
Microgale cowani,1162,832,2.02137478975803
Microgale cowani,1163,832,0.826945434479237
Microgale cowani,1214,832,0.367459639964223
Microgale cowani,1229,832,1.46972063059181
Microgale cowani,1230,832,0.275577679304183
Microgale cowani,1355,832,439.973113778875
Microgale cowani,11518,856,9.5658888511582
Microgale cowani,11520,856,0.827843772775352
Microgale cowani,11524,856,0.0919723036499619
Microgale drouhardi,34,7,89.9711691714103
Microgale drouhardi,46,10,0.369017794389248
Microgale drouhardi,83,16,22.8623178367958
Microgale drouhardi,86,10,156.275803577261
Microgale drouhardi,106,18,26.2567140975431
Microgale drouhardi,116,18,0.644736027104974
Microgale drouhardi,119,18,90.7375465159783
Microgale drouhardi,120,19,3.68393426545006
Microgale drouhardi,137,23,4.14191372488886
Microgale drouhardi,139,23,0.0920423038829565
Microgale drouhardi,185,28,15.3223271836708
Microgale drouhardi,190,27,14.8623002270929
Microgale drouhardi,192,27,1.92623914275402
Microgale drouhardi,193,27,1.19240941025871
Microgale drouhardi,205,31,36.1549895676546
Microgale drouhardi,206,31,0.0915181980375051
Microgale drouhardi,207,31,0.3660581814937
Microgale drouhardi,208,31,0.366043563450038
Microgale drouhardi,221,33,9.14785747598332
Microgale drouhardi,229,33,2.65253485462314
Microgale drouhardi,278,40,0.091165282910943
Microgale drouhardi,284,40,15.861074865428
Microgale drouhardi,472,60,35.5460331975519
Microgale drouhardi,482,62,4.33887032489634
Microgale drouhardi,520,66,21.1162692412402
Microgale drouhardi,568,71,26.9434789843044
Microgale drouhardi,580,73,41.5347361383358
Microgale drouhardi,940,108,50.5128889844387
Microgale drouhardi,1001,108,35.5206766781266
Microgale drouhardi,1010,352,137.38275887876
Microgale drouhardi,1508,193,0.0890655070713759
Microgale drouhardi,1524,193,57.4418533478155
Microgale drouhardi,1539,193,0.089043325827837
Microgale drouhardi,1554,199,15.9348882808119
Microgale drouhardi,1583,203,37.0244919187729
Microgale drouhardi,1673,203,138.674918391753
Microgale drouhardi,2198,281,7.47422574651217
Microgale drouhardi,2276,282,569.717800222715
Microgale drouhardi,2324,348,77.4632112034997
Microgale drouhardi,2407,304,8.43718636894178
Microgale drouhardi,2419,307,6.60311605216253
Microgale drouhardi,2428,311,16.0684737306561
Microgale drouhardi,605,344,68.520954498411
Microgale drouhardi,1467,343,224.834746882417
Microgale drouhardi,186,26,0.733967621563852
Microgale drouhardi,187,26,430.793386570447
Microgale drouhardi,238,34,1.73741523864472
Microgale drouhardi,244,34,58.1625089647896
Microgale drouhardi,1873,336,0.177450581545353
Microgale drouhardi,1909,336,0.620648212959528
Microgale drouhardi,1910,336,0.265972006814122
Microgale drouhardi,2178,336,0.263951895236254
Microgale drouhardi,2196,336,3632.77884380045
Microgale drouhardi,3,1,56.8711675529887
Microgale drouhardi,2468,361,9.36908318528281
Microgale drouhardi,2471,363,38.3946948622806
Microgale drouhardi,2473,364,4.33088854262591
Microgale drouhardi,691,72,2.87876883525968
Microgale drouhardi,693,72,0.899620833965421
Microgale drouhardi,700,72,0.269868277515173
Microgale drouhardi,979,72,26.9070583393222
Microgale drouhardi,2475,72,973.07308535403
Microgale drouhardi,148,22,0.18402045498687
Microgale drouhardi,153,22,0.919496630984008
Microgale drouhardi,172,22,1801.70891492278
Microgale drouhardi,194,29,452.328050652777
Microgale drouhardi,850,89,280.61110980638
Microgale drouhardi,740,96,26.2682493419862
Microgale drouhardi,788,98,36.126370737397
Microgale drouhardi,1444,365,180.783642575444
Microgale drouhardi,1479,365,1475.73055171232
Microgale drouhardi,2476,365,109.152817889294
Microgale drouhardi,2474,366,44.7129381454111
Microgale drouhardi,280,38,1.73197684171045
Microgale drouhardi,304,38,903.829320138147
Microgale drouhardi,2470,38,3.00788420463145
Microgale drouhardi,337,43,0.0909294146479368
Microgale drouhardi,345,43,0.0909057088907957
Microgale drouhardi,346,43,0.181811417781591
Microgale drouhardi,389,43,522.430072055312
Microgale drouhardi,451,53,0.815092015255809
Microgale drouhardi,509,53,0.812480411258936
Microgale drouhardi,585,53,0.0900853543907404
Microgale drouhardi,828,53,4351.29608386111
Microgale drouhardi,2370,284,144.209292658774
Microgale drouhardi,2396,284,1237.78896683565
Microgale drouhardi,2453,317,2.33597082442749
Microgale drouhardi,2455,317,57.1920356452289
Microgale drouhardi,2486,369,29.0402218681963
Microgale fotsifotsy,31,5,0.184729457799852
Microgale fotsifotsy,61,5,166.147805253028
Microgale fotsifotsy,82,14,29.9925143498632
Microgale fotsifotsy,89,14,30.1707355752335
Microgale fotsifotsy,90,15,3.50637091730225
Microgale fotsifotsy,154,24,22.8623178367958
Microgale fotsifotsy,159,25,31.6140206684115
Microgale fotsifotsy,303,39,208.661862267112
Microgale fotsifotsy,429,423,8.0231013040502
Microgale fotsifotsy,678,80,31.0031779444977
Microgale fotsifotsy,765,95,6.42071714823079
Microgale fotsifotsy,1350,154,3.77177605624116
Microgale fotsifotsy,1418,160,50.5128889844387
Microgale fotsifotsy,1457,171,26.9070583393222
Microgale fotsifotsy,1483,160,35.5206766781266
Microgale fotsifotsy,1774,221,15.3683351889891
Microgale fotsifotsy,1808,427,0.535978878306985
Microgale fotsifotsy,1817,427,2.768956542961
Microgale fotsifotsy,2844,349,427.173434422896
Microgale fotsifotsy,2895,445,24.3942696526354
Microgale fotsifotsy,2979,384,31.6621317638164
Microgale fotsifotsy,3035,393,8.43718636894178
Microgale fotsifotsy,3050,397,6.60311605216253
Microgale fotsifotsy,1492,449,134.959004644145
Microgale fotsifotsy,2009,439,224.834746882417
Microgale fotsifotsy,311,41,0.733967621563852
Microgale fotsifotsy,312,41,12.844982738089
Microgale fotsifotsy,989,453,0.720855819595337
Microgale fotsifotsy,993,453,3.69390626361037
Microgale fotsifotsy,343,45,20.5812773003963
Microgale fotsifotsy,13,1,56.8711675529887
Microgale fotsifotsy,3106,1,9.36908318528281
Microgale fotsifotsy,3107,1,28.8450665179954
Microgale fotsifotsy,315,43,303.684182378469
Microgale fotsifotsy,3113,463,38.3946948622806
Microgale fotsifotsy,1982,179,0.089155398519516
Microgale fotsifotsy,1984,179,180.783642575444
Microgale fotsifotsy,1985,179,0.356612166113615
Microgale fotsifotsy,2240,179,2193.26315479645
Microgale fotsifotsy,3117,179,109.152817889294
Microgale fotsifotsy,2499,428,0.620648212959528
Microgale fotsifotsy,2501,428,0.265972006814122
Microgale fotsifotsy,2744,428,0.263951895236254
Microgale fotsifotsy,2752,428,3511.67089956878
Microgale fotsifotsy,103,16,0.369019957634926
Microgale fotsifotsy,127,16,0.6456592656492
Microgale fotsifotsy,230,16,1.74986507844758
Microgale fotsifotsy,267,16,0.18402045498687
Microgale fotsifotsy,268,16,7.4522462010079
Microgale fotsifotsy,296,16,3930.47326906345
Microgale fotsifotsy,1263,146,36.126370737397
Microgale fotsifotsy,1334,438,280.61110980638
Microgale fotsifotsy,3112,465,54.7933720210891
Microgale fotsifotsy,64,9,161.645058855618
Microgale fotsifotsy,550,64,0.0909294146479368
Microgale fotsifotsy,629,64,326.726154573833
Microgale fotsifotsy,630,64,1.81585824965096
Microgale fotsifotsy,847,75,0.812480411258936
Microgale fotsifotsy,868,75,10.3787010220101
Microgale fotsifotsy,869,75,0.54153223163712
Microgale fotsifotsy,890,75,12.6316942158593
Microgale fotsifotsy,1016,75,3.15254696748781
Microgale fotsifotsy,1061,75,0.180059280392408
Microgale fotsifotsy,1151,75,2.87876883525968
Microgale fotsifotsy,1153,75,0.899620833965421
Microgale fotsifotsy,1164,75,0.269868277515173
Microgale fotsifotsy,1509,75,5622.90261041228
Microgale fotsifotsy,3115,75,27.1826950971943
Microgale fotsifotsy,3120,75,68.8270808059785
Microgale fotsifotsy,2925,356,96.0560508391292
Microgale fotsifotsy,2933,356,0.174679140495062
Microgale fotsifotsy,2955,356,0.261868806515336
Microgale fotsifotsy,3021,356,1201.32299352936
Microgale fotsifotsy,3083,405,2.33597082442749
Microgale fotsifotsy,3087,405,57.1920356452289
Microgale fotsifotsy,488,452,559.793342293145
Microgale fotsifotsy,3097,452,31.5791662362505
Microgale fotsifotsy,3119,452,107.185176768976
Microgale gracilis,11,4,16.7667195900946
Microgale gracilis,12,4,0.552705523771942
Microgale gracilis,14,6,83.1354725753875
Microgale gracilis,31,7,228.74099132844
Microgale gracilis,32,7,0.3660581814937
Microgale gracilis,33,7,0.366043563450038
Microgale gracilis,44,147,10.6968829958979
Microgale gracilis,45,147,15.904019489553
Microgale gracilis,103,13,0.181274117312074
Microgale gracilis,104,13,30.8125924480566
Microgale gracilis,115,15,25.7426805189337
Microgale gracilis,118,15,30.5040509968351
Microgale gracilis,125,15,2.24909224567234
Microgale gracilis,126,15,0.179934098074555
Microgale gracilis,128,15,2.87876883525968
Microgale gracilis,129,15,0.899620833965421
Microgale gracilis,135,15,0.269868277515173
Microgale gracilis,161,15,0.179825766887188
Microgale gracilis,167,15,84.4365331837619
Microgale gracilis,173,16,31.3665061389834
Microgale gracilis,177,17,8.17787618780792
Microgale gracilis,180,18,10.0635702597717
Microgale gracilis,181,16,123.041611646614
Microgale gracilis,182,16,0.718874840912938
Microgale gracilis,190,19,9.61380017291666
Microgale gracilis,203,21,6.73624592335748
Microgale gracilis,227,24,44.9477111025642
Microgale gracilis,249,26,52.4866115058377
Microgale gracilis,258,26,14.1701420546139
Microgale gracilis,279,24,35.0723275713927
Microgale gracilis,354,34,26.5957620119
Microgale gracilis,408,39,0.268263126891017
Microgale gracilis,409,39,0.715356050514937
Microgale gracilis,410,39,7.15316099739838
Microgale gracilis,429,154,5.8999358685404
Microgale gracilis,435,42,14.1222658945595
Microgale gracilis,461,42,1.07240441580927
Microgale gracilis,465,45,9.55999280484569
Microgale gracilis,479,45,0.178677163803101
Microgale gracilis,495,49,14.8226996180064
Microgale gracilis,509,140,12.9394505571291
Microgale gracilis,511,52,10.0843859371828
Microgale gracilis,513,53,10.0840239179741
Microgale gracilis,526,140,0.71381649881804
Microgale gracilis,534,53,0.356898879014611
Microgale gracilis,538,158,0.356880130990148
Microgale gracilis,539,56,0.267649548938036
Microgale gracilis,543,56,5.53049959317171
Microgale gracilis,546,158,13.5555435172209
Microgale gracilis,566,158,25.2399759623062
Microgale gracilis,569,158,0.624171019007087
Microgale gracilis,572,158,10.1637985173886
Microgale gracilis,591,58,22.0952426519198
Microgale gracilis,598,57,49.7371663735008
Microgale gracilis,643,61,19.5876810634159
Microgale gracilis,644,62,5.9659693880297
Microgale gracilis,1206,96,62.0560811053446
Microgale gracilis,1213,97,54.8552774273227
Microgale gracilis,1215,98,23.1366765089923
Microgale gracilis,1287,133,15.7158278321928
Microgale gracilis,1296,105,1.04748061940908
Microgale gracilis,1299,105,14.8353915718026
Microgale gracilis,1310,105,5.14701331874955
Microgale gracilis,1330,107,96.3011523890186
Microgale gracilis,1333,109,4.87634729720127
Microgale gracilis,1194,93,72.6248937085199
Microgale gracilis,1199,93,24.6405374154401
Microgale gracilis,1263,155,20.0105243340718
Microgale gracilis,1270,155,0.961153299595356
Microgale gracilis,1274,159,1.13545652928388
Microgale gracilis,1275,159,17.1194640179899
Microgale gracilis,98,12,23.8536335607852
Microgale gracilis,99,12,10.5183998374808
Microgale gracilis,1244,120,7.60914032988978
Microgale gracilis,401,36,167.709752539768
Microgale gracilis,490,48,35.2650236768938
Microgale gracilis,508,51,11.7796203036175
Microgale gracilis,522,51,5.7992891340084
Microgale gracilis,630,51,2.67168173740828
Microgale gracilis,637,51,2.04824535180938
Microgale gracilis,659,51,6.58850635284412
Microgale gracilis,663,51,15.9348882808119
Microgale gracilis,684,51,424.270309556425
Microgale gracilis,696,51,37.0244919187729
Microgale gracilis,791,51,129.777591602239
Microgale gracilis,1106,51,0.620648212959528
Microgale gracilis,1110,51,0.265972006814122
Microgale gracilis,1165,51,1195.60619470306
Microgale gracilis,1195,51,3.62305954706037
Microgale gracilis,186,135,139.680246565976
Microgale gracilis,1231,139,20.2095212724821
Microgale gracilis,26,5,1085.33429433203
Microgale gracilis,27,5,0.919496630984008
Microgale gracilis,1371,5,29.3755253240241
Microgale gracilis,48,9,23.8209025923499
Microgale gracilis,105,14,74.2807983634311
Microgale gracilis,116,14,27.8130682208779
Microgale gracilis,117,14,1463.96656649707
Microgale gracilis,119,14,0.359941135222435
Microgale gracilis,123,14,3.05917884805703
Microgale gracilis,127,14,2.87885793996942
Microgale gracilis,142,14,32.2943221546886
Microgale gracilis,62,129,3.19109242600811
Microgale gracilis,65,129,0.455658786108732
Microgale gracilis,66,129,316.890665791553
Microgale gracilis,67,129,0.273383214495182
Microgale gracilis,1372,129,31.5815648439639
Microgale gracilis,1373,161,45.7591547049542
Microgale gracilis,71,160,0.272785613539338
Microgale gracilis,75,160,89.5233949169084
Microgale gracilis,77,160,40.0503639072365
Microgale gracilis,80,160,1.81585824965096
Microgale gymnorhyncha,1,1,144.53390712204
Microgale gymnorhyncha,6,2,0.0923248392761946
Microgale gymnorhyncha,7,2,69.2310730278537
Microgale gymnorhyncha,8,3,15.1334090931505
Microgale gymnorhyncha,9,4,289.837946067149
Microgale gymnorhyncha,11,4,23.8936396878917
Microgale gymnorhyncha,13,4,0.369019957634926
Microgale gymnorhyncha,37,7,148.851761871327
Microgale gymnorhyncha,120,14,59.7944338357967
Microgale gymnorhyncha,124,15,29.6400785012717
Microgale gymnorhyncha,125,16,29.9741923759224
Microgale gymnorhyncha,126,16,149.453128559197
Microgale gymnorhyncha,127,17,93.0985333967583
Microgale gymnorhyncha,271,25,180.099305215873
Microgale gymnorhyncha,303,28,2.87885793996942
Microgale gymnorhyncha,390,28,198.69946367877
Microgale gymnorhyncha,406,28,0.17972129205966
Microgale gymnorhyncha,413,28,19.317920465132
Microgale gymnorhyncha,3242,172,6.60311605216253
Microgale gymnorhyncha,3254,172,16.0684737306561
Microgale gymnorhyncha,408,32,0.0898576952761412
Microgale gymnorhyncha,438,32,129.617121013858
Microgale gymnorhyncha,141,20,0.271612151348233
Microgale gymnorhyncha,160,20,89.3624804716101
Microgale gymnorhyncha,196,20,0.812480411258936
Microgale gymnorhyncha,204,20,1479.54049515679
Microgale gymnorhyncha,3301,173,4.69837395759118
Microgale gymnorhyncha,287,26,27.8130129308542
Microgale gymnorhyncha,3131,123,0.261868806515336
Microgale gymnorhyncha,3179,123,0.087107566010356
Microgale gymnorhyncha,3184,123,737.638996291068
Microgale gymnorhyncha,17,5,17.7836259858013
Microgale gymnorhyncha,20,5,15.3851817418075
Microgale gymnorhyncha,29,5,38.4975571849362
Microgale gymnorhyncha,48,5,169.067073198926
Microgale gymnorhyncha,3303,5,0.0920568780282736
Microgale gymnorhyncha,92,6,1590.85705533415
Microgale gymnorhyncha,3305,6,55.0903823840123
Microgale gymnorhyncha,85,11,208.550763806701
Microgale gymnorhyncha,123,11,0.0918507397885323
Microgale gymnorhyncha,3304,11,1.10365287807643
Microgale gymnorhyncha,128,18,205.719350289301
Microgale gymnorhyncha,138,19,0.181274117312074
Microgale gymnorhyncha,139,19,240.535422497956
Microgale gymnorhyncha,140,19,0.0906254833799601
Microgale gymnorhyncha,302,23,0.179958904524803
Microgale gymnorhyncha,304,23,2.87876883525968
Microgale gymnorhyncha,305,23,0.899620833965421
Microgale gymnorhyncha,310,23,0.269868277515173
Microgale gymnorhyncha,881,23,0.0895386827195883
Microgale gymnorhyncha,1190,23,0.0894072119276524
Microgale gymnorhyncha,1820,23,79.7835008618025
Microgale gymnorhyncha,2287,23,0.0890099780989885
Microgale gymnorhyncha,2355,23,0.177973798285246
Microgale gymnorhyncha,2516,23,3831.05867062576
Microgale gymnorhyncha,2533,23,0.0889318128432035
Microgale gymnorhyncha,2566,23,0.0889157999010086
Microgale gymnorhyncha,3089,23,2595.96265111332
Microgale gymnorhyncha,3302,174,9.05780211758673
Microgale gymnorhyncha,3284,175,29.4123165165292
Microgale gymnorhyncha,3306,176,27.2715936270507
Microgale longicaudata,36,6,0.18546587502265
Microgale longicaudata,40,6,6.4908973798604
Microgale longicaudata,113,23,9.25542923517722
Microgale longicaudata,114,23,1.48074673073471
Microgale longicaudata,552,99,38.9884159684163
Microgale longicaudata,785,123,4.14191372488886
Microgale longicaudata,796,123,0.0920423038829565
Microgale longicaudata,952,141,80.555017532409
Microgale longicaudata,1076,155,3.21620605602419
Microgale longicaudata,1201,168,58.8617537300254
Microgale longicaudata,1345,197,0.275273431350648
Microgale longicaudata,1354,197,58.1799164910831
Microgale longicaudata,1360,201,47.8847180594309
Microgale longicaudata,1373,201,0.275169767138779
Microgale longicaudata,1407,209,12.4691499481661
Microgale longicaudata,2052,279,3.82909888804102
Microgale longicaudata,2124,281,27.9623496702811
Microgale longicaudata,2125,281,0.273246820754766
Microgale longicaudata,2875,392,3.34225043742311
Microgale longicaudata,3381,439,81.5216335022339
Microgale longicaudata,3508,427,70.171205546759
Microgale longicaudata,3738,490,3.32670107507074
Microgale longicaudata,3754,493,3.77570653231108
Microgale longicaudata,4070,530,50.5128889844387
Microgale longicaudata,4216,530,35.5206766781266
Microgale longicaudata,5351,745,0.356880130990148
Microgale longicaudata,5365,745,8.47422071402585
Microgale longicaudata,5373,745,0.981214316613197
Microgale longicaudata,5498,762,3.29785010889542
Microgale longicaudata,5533,716,224.834746882417
Microgale longicaudata,7261,1053,37.7648065144268
Microgale longicaudata,7472,1092,6.61366758670878
Microgale longicaudata,7518,1098,23.1220312933333
Microgale longicaudata,7526,1101,6.60311605216253
Microgale longicaudata,7539,1105,16.0684737306561
Microgale longicaudata,4233,1209,137.38275887876
Microgale longicaudata,44,8,17.8933026001772
Microgale longicaudata,51,8,0.0927073077802658
Microgale longicaudata,60,11,0.0926675960290432
Microgale longicaudata,62,11,43.2675847418705
Microgale longicaudata,68,11,0.0926606114119887
Microgale longicaudata,73,11,0.0926476122773886
Microgale longicaudata,78,11,0.0926436052986383
Microgale longicaudata,6901,1211,28.8370827305443
Microgale longicaudata,23,1,0.278243954662919
Microgale longicaudata,37,1,120.652777342245
Microgale longicaudata,7698,1,56.8711675529887
Microgale longicaudata,1590,237,64.9869920614074
Microgale longicaudata,1921,268,48.7387760582851
Microgale longicaudata,7748,268,29.1295754598171
Microgale longicaudata,7749,268,27.8442933033056
Microgale longicaudata,7768,1238,38.3946948622806
Microgale longicaudata,4453,1240,7.79134288626695
Microgale longicaudata,4577,620,44.6638451275753
Microgale longicaudata,7732,1235,14.1007399868137
Microgale longicaudata,5331,1236,79.7835008618025
Microgale longicaudata,7767,1241,58.1494763075515
Microgale longicaudata,3780,496,36.126370737397
Microgale longicaudata,7498,1084,61.3030198316968
Microgale longicaudata,3289,1175,165.014805044552
Microgale longicaudata,3396,1175,0.630549841309428
Microgale longicaudata,3406,1175,2.43191607726073
Microgale longicaudata,3882,1190,280.61110980638
Microgale longicaudata,6338,1221,0.354345133471251
Microgale longicaudata,7290,1221,4722.96837035779
Microgale longicaudata,7661,1222,458.083821753779
Microgale longicaudata,7761,1239,54.7933720210891
Microgale longicaudata,326,58,197.731583171071
Microgale longicaudata,1020,133,0.183841973942041
Microgale longicaudata,1025,133,0.643432019172192
Microgale longicaudata,1051,133,0.275717098941624
Microgale longicaudata,1058,133,0.275709061498523
Microgale longicaudata,1062,133,0.459508593737543
Microgale longicaudata,1065,133,0.45949710468936
Microgale longicaudata,1080,133,1.10266377710527
Microgale longicaudata,1097,133,0.826945434479237
Microgale longicaudata,1137,133,0.367459639964223
Microgale longicaudata,1151,133,1.46972063059181
Microgale longicaudata,1236,133,439.973113778875
Microgale longicaudata,7788,1244,9.5658888511582
Microgale longicaudata,7794,1244,0.0919723036499619
Microgale longicaudata,2832,316,68.0501291261465
Microgale longicaudata,7784,316,47.4469397172759
Microgale longicaudata,3107,414,178.146992340646
Microgale longicaudata,3151,414,8.39039794460845
Microgale longicaudata,7469,1029,1329.88182992828
Microgale longicaudata,7778,1029,355.553761067319
Microgale longicaudata,7810,1029,0.0871928123806715
Microgale longicaudata,7811,1245,0.0871747123888731
Microgale longicaudata,7812,1245,15.1644922140565
Microgale longicaudata,7813,1246,9.05780211758673
Microgale longicaudata,7612,1109,2.33597082442749
Microgale longicaudata,7659,1109,57.1920356452289
Microgale longicaudata,7648,1247,0.604549703200459
Microgale longicaudata,7809,1247,19.9515621485635
Microgale longicaudata,7805,1248,27.2715936270507
Microgale longicaudata,7806,1249,29.4123165165292
Microgale longicaudata,7807,1250,29.3885406549345
Microgale longicaudata,7808,1251,20.6592519148769
Microgale longicaudata,875,1224,7.4522462010079
Microgale longicaudata,919,1224,2.66713659750223
Microgale longicaudata,1013,1224,0.459616383672059
Microgale longicaudata,1026,1224,0.275752651619673
Microgale longicaudata,1071,1224,0.183794934333146
Microgale longicaudata,1074,1224,54.8720161250855
Microgale longicaudata,1077,1224,0.551364106284499
Microgale longicaudata,1091,1224,0.551319225258708
Microgale longicaudata,1100,1224,0.643170052255213
Microgale longicaudata,1106,1224,1.10250129361898
Microgale longicaudata,2136,1224,0.0910196564612388
Microgale longicaudata,2161,1224,0.0909307296398878
Microgale longicaudata,2171,1224,14.9064569138006
Microgale longicaudata,2194,1224,0.0908647229017019
Microgale longicaudata,2218,1224,16215.6846770984
Microgale longicaudata,7798,1224,0.0920568780282736
Microgale longicaudata,7796,1252,10.9920872748523
Microgale longicaudata,7800,1253,0.0920209387692809
Microgale longicaudata,7801,1253,1.74834825798291
Microgale longicaudata,7802,1253,0.0920198121696711
Microgale longicaudata,7803,1253,1.74828060862398
Microgale longicaudata,2995,1237,0.812480411258936
Microgale longicaudata,3630,1237,2.87876883525968
Microgale longicaudata,3634,1237,0.899620833965421
Microgale longicaudata,3649,1237,0.269868277515173
Microgale longicaudata,5659,1237,2.04824535180938
Microgale longicaudata,5926,1237,11289.5872627731
Microgale longicaudata,7804,1237,0.0902726128827334
Microgale longicaudata,7779,1243,11.7534553749286
Microgale parvula,168,49,11.1806174851229
Microgale parvula,362,94,34.8530751047845
Microgale parvula,379,94,0.0921973708101511
Microgale parvula,381,99,3.3190113432076
Microgale parvula,415,104,38.9884159684163
Microgale parvula,953,177,3.21620605602419
Microgale parvula,1101,202,58.8617537300254
Microgale parvula,1466,269,25.8267574798982
Microgale parvula,2060,319,7.63979273292554
Microgale parvula,2062,319,14.2775380444441
Microgale parvula,2930,461,29.4590815627283
Microgale parvula,2981,466,5.04485609870172
Microgale parvula,3066,444,70.171205546759
Microgale parvula,3323,525,3.32670107507074
Microgale parvula,3341,530,3.77570653231108
Microgale parvula,3717,581,50.5128889844387
Microgale parvula,3914,581,35.5206766781266
Microgale parvula,6360,1086,4.51364348582339
Microgale parvula,6846,1407,27.5182355705525
Microgale parvula,7216,1227,37.7648065144268
Microgale parvula,7540,1290,23.1220312933333
Microgale parvula,7556,1296,6.60311605216253
Microgale parvula,7574,1300,16.0684737306561
Microgale parvula,2862,1372,98.5147707653809
Microgale parvula,2896,1372,0.0901199290257692
Microgale parvula,2905,1372,0.270346841076851
Microgale parvula,2915,1372,1.71203832214892
Microgale parvula,3934,1405,137.38275887876
Microgale parvula,5518,1391,224.834746882417
Microgale parvula,452,112,19.6280861705105
Microgale parvula,42,12,0.0926675960290432
Microgale parvula,44,12,43.2675847418705
Microgale parvula,47,12,0.0926606114119887
Microgale parvula,51,12,0.0926476122773886
Microgale parvula,56,12,0.0926436052986383
Microgale parvula,24,6,0.278243954662919
Microgale parvula,31,6,114.253922684143
Microgale parvula,7676,6,56.8711675529887
Microgale parvula,1545,276,41.9188143008253
Microgale parvula,7720,1422,38.3946948622806
Microgale parvula,4288,1424,7.79134288626695
Microgale parvula,4445,707,44.6638451275753
Microgale parvula,7701,1418,14.1007399868137
Microgale parvula,5269,1419,79.7835008618025
Microgale parvula,288,60,403.520567752577
Microgale parvula,7719,1426,58.1494763075515
Microgale parvula,2873,447,11.1771037265234
Microgale parvula,3372,535,36.126370737397
Microgale parvula,6238,1370,0.62064821295929
Microgale parvula,6242,1370,0.265972006814122
Microgale parvula,6294,1370,0.354345133471251
Microgale parvula,7246,1370,4759.3258542686
Microgale parvula,3477,1390,280.61110980638
Microgale parvula,7711,1423,54.7933720210891
Microgale parvula,436,51,2.21176632067752
Microgale parvula,881,51,0.459616383672059
Microgale parvula,898,51,0.275752651619673
Microgale parvula,949,51,0.183794934333146
Microgale parvula,952,51,54.8720161250855
Microgale parvula,954,51,0.551364106284499
Microgale parvula,978,51,0.551319225258708
Microgale parvula,987,51,0.643170052255213
Microgale parvula,1438,51,30.8790083227627
Microgale parvula,1839,51,0.0912654972895384
Microgale parvula,2047,51,1.09175737492621
Microgale parvula,2071,51,0.0909307296398878
Microgale parvula,2072,51,0.363716343389511
Microgale parvula,2119,51,21105.5252565028
Microgale parvula,7751,51,0.0920568780282736
Microgale parvula,7749,1427,10.9920872748523
Microgale parvula,233,56,197.731583171071
Microgale parvula,890,146,0.183841973942041
Microgale parvula,895,146,0.643432019172192
Microgale parvula,924,146,0.275717098941624
Microgale parvula,932,146,0.275709061498523
Microgale parvula,939,146,0.459508593737543
Microgale parvula,945,146,0.45949710468936
Microgale parvula,961,146,1.10266377710527
Microgale parvula,985,146,0.826945434479237
Microgale parvula,1028,146,0.367459639964223
Microgale parvula,1045,146,1.46972063059181
Microgale parvula,1140,146,439.973113778875
Microgale parvula,7741,1428,9.5658888511582
Microgale parvula,7747,1428,0.0919723036499619
Microgale parvula,2390,333,22.598530894377
Microgale parvula,2394,333,0.27115982076323
Microgale parvula,7737,333,15.7287553906272
Microgale parvula,2453,392,11.836225350208
Microgale parvula,2522,397,2.6188738919611
Microgale parvula,2533,397,45.3221837196172
Microgale parvula,7511,1201,1329.88182992828
Microgale parvula,7730,1201,355.553761067319
Microgale parvula,7758,1201,0.0871928123806715
Microgale parvula,7759,1429,0.0871747123888731
Microgale parvula,7760,1429,19.4337860709381
Microgale parvula,7761,1430,187.042904927285
Microgale parvula,7762,1431,9.05780211758673
Microgale parvula,7656,1309,29.0782282981092
Microgale parvula,7754,1309,21.6261414673434
Microgale parvula,7674,1432,0.604549703200459
Microgale parvula,7757,1432,19.9515621485635
Microgale parvula,7675,1433,29.4123165165292
Microgale parvula,7753,1434,27.2715936270507
Microgale parvula,7755,1435,29.3885406549345
Microgale parvula,7756,1436,20.6592519148769
Microgale parvula,2573,1421,0.812480411258936
Microgale parvula,3200,1421,2.87876883525968
Microgale parvula,3204,1421,0.899620833965421
Microgale parvula,3220,1421,0.269868277515173
Microgale parvula,4614,1421,0.0894164340382814
Microgale parvula,5146,1421,2.41024649195707
Microgale parvula,5197,1421,0.178521961077452
Microgale parvula,5444,1421,164.716838880767
Microgale parvula,5679,1421,0.267144246867418
Microgale parvula,5969,1421,11350.0403756731
Microgale parvula,7752,1421,0.0902726128827334
Microgale principula,9,4,11.5425439636641
Microgale principula,12,6,3.97051299494481
Microgale principula,15,6,166.158583105263
Microgale principula,16,7,29.7218705302734
Microgale principula,34,12,12.0843806251168
Microgale principula,35,12,0.369017794389248
Microgale principula,53,2,1013.94399482992
Microgale principula,59,16,38.9884159684163
Microgale principula,76,21,15.3851817418075
Microgale principula,88,21,38.4975571849362
Microgale principula,118,21,29.6454028261662
Microgale principula,131,23,4.14191372488886
Microgale principula,133,23,0.0920423038829565
Microgale principula,231,28,0.183841973942041
Microgale principula,234,28,0.643432019172192
Microgale principula,241,30,0.0919072300943136
Microgale principula,252,30,22.6077495924836
Microgale principula,261,28,301.522255901456
Microgale principula,283,34,26.2648020061304
Microgale principula,378,42,7.4203096835655
Microgale principula,394,46,65.611862821471
Microgale principula,406,46,30.002952453004
Microgale principula,643,56,110.676358135316
Microgale principula,750,58,13.8228173918955
Microgale principula,989,90,0.180724189193606
Microgale principula,994,90,12.6494245827441
Microgale principula,1488,115,70.171205546759
Microgale principula,1935,174,50.5128889844387
Microgale principula,2079,174,35.5206766781266
Microgale principula,4586,565,37.7648065144268
Microgale principula,4813,594,23.1220312933333
Microgale principula,4825,598,6.60311605216253
Microgale principula,4839,602,16.0684737306561
Microgale principula,2097,672,137.38275887876
Microgale principula,3170,660,224.834746882417
Microgale principula,1,1,56.8711675529887
Microgale principula,4328,674,27.6940185577035
Microgale principula,4921,677,4.33088854262591
Microgale principula,2358,679,7.79134288626695
Microgale principula,2464,256,44.6638451275753
Microgale principula,2997,675,79.7835008618025
Microgale principula,4919,680,58.1494763075515
Microgale principula,1724,155,36.126370737397
Microgale principula,3745,642,0.620901186653256
Microgale principula,3788,642,0.620648212959528
Microgale principula,3791,642,0.265972006814122
Microgale principula,4604,642,4639.47495370817
Microgale principula,1797,659,280.61110980638
Microgale principula,1394,670,170.780797274529
Microgale principula,4911,678,54.7933720210891
Microgale principula,75,17,48.7346497425367
Microgale principula,100,17,0.644736027104974
Microgale principula,108,17,0.184197436095715
Microgale principula,115,17,149.682332491091
Microgale principula,145,17,0.368058959297538
Microgale principula,177,17,1.10392723276371
Microgale principula,186,17,0.919795669861615
Microgale principula,190,17,0.4598808172791
Microgale principula,224,17,1.3788789025259
Microgale principula,239,17,0.3676461294958
Microgale principula,262,17,0.275586928882718
Microgale principula,313,17,0.0917656384553313
Microgale principula,324,17,3.30296723872137
Microgale principula,339,17,6.32913842055947
Microgale principula,346,17,2.65988935294008
Microgale principula,352,17,0.091704330992043
Microgale principula,353,17,0.0917019615974426
Microgale principula,398,17,0.0915047958440185
Microgale principula,399,17,29.9186708281439
Microgale principula,428,17,0.0914152072403431
Microgale principula,563,17,0.0912654972895384
Microgale principula,724,17,0.0910663420979977
Microgale principula,740,17,1.09175737492621
Microgale principula,746,17,3.18348399192572
Microgale principula,747,17,3.72937003481018
Microgale principula,749,17,1.00047046137333
Microgale principula,759,17,0.0909307296398878
Microgale principula,760,17,0.363716343389511
Microgale principula,794,17,16108.4193856703
Microgale principula,181,26,5.79482813861358
Microgale principula,967,69,0.27115982076323
Microgale principula,1010,69,68.0501291261465
Microgale principula,4937,69,15.7287553906272
Microgale principula,4793,560,1328.13918797958
Microgale principula,4930,560,355.553761067319
Microgale principula,4945,560,0.0871928123806715
Microgale principula,4946,681,0.0871747123888731
Microgale principula,4947,681,19.4337860709381
Microgale principula,4948,682,187.042904927285
Microgale principula,4949,683,9.05780211758673
Microgale principula,4910,607,29.4123165165292
Microgale principula,4942,684,27.2715936270507
Microgale principula,4943,685,29.3885406549345
Microgale principula,4944,686,20.6592519148769
Microgale principula,1117,676,0.180565036598682
Microgale principula,1125,676,0.812480411258936
Microgale principula,1186,676,0.81207040675807
Microgale principula,1212,676,3.42828776114714
Microgale principula,1578,676,2.87876883525968
Microgale principula,1581,676,0.899620833965421
Microgale principula,1594,676,0.269868277515173
Microgale principula,2579,676,0.0894164340382814
Microgale principula,3131,676,180.783642575444
Microgale principula,3471,676,11231.7539343065
Microgale principula,4941,676,0.0902726128827334
Microgale pusilla,42,7,4.33443217345184
Microgale pusilla,73,12,59.75767895186
Microgale pusilla,178,23,9.72594043660879
Microgale pusilla,190,27,3.7607125278073
Microgale pusilla,204,30,4.12545809786367
Microgale pusilla,271,40,4.57841928809607
Microgale pusilla,278,41,27.5550919612728
Microgale pusilla,291,45,5.85717070470893
Microgale pusilla,302,46,7.50287581859375
Microgale pusilla,323,418,19.4696494546306
Microgale pusilla,327,52,5.30132175810611
Microgale pusilla,376,60,0.0913494594436884
Microgale pusilla,378,60,2.7402156819526
Microgale pusilla,413,61,6.93958528381192
Microgale pusilla,439,420,8.0231013040502
Microgale pusilla,445,67,3.19109242600811
Microgale pusilla,453,68,22.5162443939922
Microgale pusilla,497,72,4.26784881421316
Microgale pusilla,558,89,0.181384007577896
Microgale pusilla,559,89,10.5183998374808
Microgale pusilla,562,91,4.98674787651968
Microgale pusilla,660,101,26.0507239251926
Microgale pusilla,768,110,29.8917661640199
Microgale pusilla,973,143,3.23484897333539
Microgale pusilla,1544,249,17.0724100619858
Microgale pusilla,1587,249,1.07240441580927
Microgale pusilla,1605,260,0.535978878306985
Microgale pusilla,1606,421,6.60943077236235
Microgale pusilla,1607,260,2.768956542961
Microgale pusilla,1619,261,13.2152388889359
Microgale pusilla,1652,268,24.353773584276
Microgale pusilla,1667,268,19.8869286027728
Microgale pusilla,1872,314,3.80005346285582
Microgale pusilla,1873,314,4.94852647058618
Microgale pusilla,1896,322,16.938167452783
Microgale pusilla,1925,331,0.176393566362143
Microgale pusilla,1926,331,9.96522001104965
Microgale pusilla,1938,335,2.6453633861891
Microgale pusilla,1959,342,8.01669191698182
Microgale pusilla,2032,357,4.11772579951465
Microgale pusilla,2059,361,5.51709965046513
Microgale pusilla,2180,387,33.2194883026763
Microgale pusilla,2198,396,5.93641490512288
Microgale pusilla,2202,398,1.04748061940908
Microgale pusilla,2206,398,14.8353915718026
Microgale pusilla,2215,398,5.14701331874955
Microgale pusilla,2219,402,13.3199779431528
Microgale pusilla,311,47,20.5812773004017
Microgale pusilla,71,437,4.05232580194205
Microgale pusilla,1884,319,15.5382180053514
Microgale pusilla,2065,368,15.0601537007667
Microgale pusilla,288,43,12.080038946459
Microgale pusilla,989,144,10.6914664385592
Microgale pusilla,135,14,87.8910586471556
Microgale pusilla,944,477,0.359560431262016
Microgale pusilla,2405,477,5.84320845867121
Microgale pusilla,847,120,5.39755232436287
Microgale pusilla,1883,318,40.6190622909514
Microgale pusilla,2218,401,63.1863603618867
Microgale pusilla,228,31,17.8720619448484
Microgale pusilla,55,11,15.385181741811
Microgale pusilla,482,487,8.00135692594839
Microgale pusilla,486,487,0.181833823450685
Microgale pusilla,712,488,6.30495659599328
Microgale pusilla,2420,490,69.9336743039481
Microgale pusilla,649,100,70.0730630899075
Microgale pusilla,661,100,27.3127806266477
Microgale pusilla,676,102,0.0901199290257692
Microgale pusilla,679,102,0.270346841076851
Microgale pusilla,690,102,0.180215395091891
Microgale pusilla,694,102,57.4860690147629
Microgale pusilla,797,106,28.1859302276433
Microgale pusilla,767,109,38.8928855410898
Microgale pusilla,887,118,10.9753437275523
Microgale pusilla,1581,494,6.16675071412468
Microgale pusilla,1988,337,21.1137042166104
Microgale pusilla,1989,337,0.263951895236254
Microgale pusilla,1997,337,652.649813085274
Microgale pusilla,1971,345,43.3304279379037
Microgale pusilla,2094,374,11.6439589039685
Microgale pusilla,818,428,4.23039283201528
Microgale pusilla,2419,428,2.87982480819464
Microgale pusilla,2289,483,33.4648236503616
Microgale pusilla,2425,496,29.8980939372299
Microgale pusilla,2426,497,16.9385593552308
Microgale pusilla,572,430,63.1890249641901
Microgale pusilla,577,430,61.902290748089
Microgale pusilla,480,70,0.0909294146479368
Microgale pusilla,487,70,53.8222729150477
Microgale pusilla,488,70,17.1786877375725
Microgale pusilla,2429,70,0.363716343389511
Microgale pusilla,456,63,0.0911461065164804
Microgale pusilla,2431,63,210.591375573687
Microgale pusilla,615,94,0.180557963597178
Microgale pusilla,617,94,0.812480411258936
Microgale pusilla,632,94,57.5035521091811
Microgale pusilla,2432,501,38.5754106344105
Microgale pusilla,2434,502,2.70679893900049
Microgale pusilla,656,99,12.6205519055381
Microgale pusilla,967,99,872.093909850863
Microgale pusilla,1364,505,7.79134288626695
Microgale pusilla,1438,215,44.6638451275753
Microgale pusilla,2062,366,48.6333278023664
Microgale pusilla,2441,366,40.5280439730214
Microgale pusilla,2258,411,2.33597082442749
Microgale pusilla,2262,411,57.1920356452289
Microgale pusilla,2435,504,22.9727876359511
Microgale pusilla,1400,474,41.9630684064701
Microgale pusilla,1407,474,0.0895067208433151
Microgale pusilla,1512,474,46.2296760753015
Microgale pusilla,1532,474,0.0894164340382814
Microgale pusilla,2440,474,17.0976937360083
Microgale pusilla,301,29,0.0915047958440185
Microgale pusilla,303,29,803.220171996065
Microgale pusilla,369,29,0.0913569323071241
Microgale pusilla,419,29,450.717055503289
Microgale pusilla,424,506,298.957148624335
Microgale pusilla,258,37,33.1627970305115
Microgale pusilla,450,65,50.0485405561316
Microgale pusilla,475,498,382.341797046575
Microgale pusilla,12,3,0.184729457799852
Microgale pusilla,41,3,0.6456592656492
Microgale pusilla,152,3,1.10250129361898
Microgale pusilla,168,3,61.2520231146745
Microgale pusilla,181,3,0.275273431350648
Microgale pusilla,200,3,0.183358820367455
Microgale pusilla,263,3,5799.85228688519
Microgale pusilla,2444,3,36.4810767006248
Microgale pusilla,25,4,156.846478427527
Microgale pusilla,506,76,54.4965612773933
Microgale pusilla,478,500,15.7405483510177
Microgale pusilla,2269,503,29.4123165165292
Microgale pusilla,2445,507,27.2715936270507
Microgale soricoides,4,1,177.038750695831
Microgale soricoides,5,2,87.9778748499533
Microgale soricoides,58,6,208.504129252905
Microgale soricoides,309,171,1.8373651948179
Microgale soricoides,312,171,0.367459639964223
Microgale soricoides,318,171,0.183724619395971
Microgale soricoides,319,171,0.275586929093957
Microgale soricoides,326,171,1.46972063059181
Microgale soricoides,327,171,0.275577679304183
Microgale soricoides,339,171,2.75561017110461
Microgale soricoides,340,171,0.275553377308786
Microgale soricoides,374,14,60.0144241112571
Microgale soricoides,375,14,0.0917785340768695
Microgale soricoides,376,15,29.9898296926292
Microgale soricoides,377,16,29.8841802741211
Microgale soricoides,379,16,261.985300477258
Microgale soricoides,1326,54,6.55285039406431
Microgale soricoides,3435,119,20.7455502793206
Microgale soricoides,3832,183,6.60311605216253
Microgale soricoides,3848,183,16.0684737306561
Microgale soricoides,3911,207,63.3450654606954
Microgale soricoides,394,211,29.8986495271731
Microgale soricoides,3931,212,38.3946948622806
Microgale soricoides,3932,212,1.35457540027201
Microgale soricoides,11,3,259.703828429311
Microgale soricoides,381,17,86.8299662434819
Microgale soricoides,735,24,0.812480411258936
Microgale soricoides,833,24,0.270571865982413
Microgale soricoides,855,24,0.631173773327112
Microgale soricoides,1190,24,0.0898576952761412
Microgale soricoides,1197,24,3569.04288052528
Microgale soricoides,1239,24,233.17322553147
Microgale soricoides,3493,181,0.174932641012549
Microgale soricoides,3605,181,0.261868806515336
Microgale soricoides,3758,181,1013.00289383716
Microgale soricoides,3938,181,24.243358395948
Microgale soricoides,12,4,0.461357019340336
Microgale soricoides,15,4,0.369019957634926
Microgale soricoides,29,4,0.092156793073833
Microgale soricoides,56,4,0.460479690076709
Microgale soricoides,57,4,0.276287814046025
Microgale soricoides,131,4,0.18402045498687
Microgale soricoides,179,4,0.4598808172791
Microgale soricoides,260,4,3543.08087909201
Microgale soricoides,3954,4,0.0920568780282736
Microgale soricoides,241,9,283.260716426659
Microgale soricoides,341,9,0.551107912560761
Microgale soricoides,3946,9,9.5658888511582
Microgale soricoides,3948,9,0.827843772775352
Microgale soricoides,3952,9,0.0919723036499619
Microgale soricoides,409,20,0.272785613539338
Microgale soricoides,450,20,323.212579966524
Microgale soricoides,456,21,0.181274117312074
Microgale soricoides,458,21,342.925391472599
Microgale soricoides,843,33,0.180364578959107
Microgale soricoides,971,33,0.179958904524803
Microgale soricoides,981,33,2.87876883525968
Microgale soricoides,983,33,0.899620833965421
Microgale soricoides,995,33,0.269868277515173
Microgale soricoides,1739,33,0.0895386827195883
Microgale soricoides,2053,33,0.0894072119276524
Microgale soricoides,2518,33,79.7835008618025
Microgale soricoides,2777,33,0.177973798285246
Microgale soricoides,2894,33,4188.93750394118
Microgale soricoides,3096,33,0.354345133471251
Microgale soricoides,3431,33,2887.44634706277
Microgale soricoides,3611,129,37.3368973299264
Microgale soricoides,3879,142,29.4123165165292
Microgale soricoides,3960,217,27.2715936270507
Microgale soricoides,3961,218,29.3885406549345
Microgale soricoides,3943,214,11.5044686548641
Microgale soricoides,3944,215,9.05780211758673
Microgale soricoides,401,216,703.684513189947
Microgale taiva,3,1,0.184729457799852
Microgale taiva,6,2,3.97051299494481
Microgale taiva,8,1,304.422217821965
Microgale taiva,10,2,152.498155501201
Microgale taiva,11,3,23.9987377843319
Microgale taiva,17,5,9.96612228876298
Microgale taiva,21,6,66.5158365371127
Microgale taiva,22,7,151.938908845318
Microgale taiva,26,4,155.065885933313
Microgale taiva,32,10,3.86955399840492
Microgale taiva,34,11,4.69871910138738
Microgale taiva,328,38,44.3538334620843
Microgale taiva,345,40,119.153241912564
Microgale taiva,382,43,29.3753021912422
Microgale taiva,416,46,28.8042997545974
Microgale taiva,541,50,0.821044563117385
Microgale taiva,543,50,17.8794211473037
Microgale taiva,618,53,27.7801576174308
Microgale taiva,619,53,0.273246820754766
Microgale taiva,1221,101,50.5128889844387
Microgale taiva,1330,101,35.5206766781266
Microgale taiva,1340,357,137.38275887876
Microgale taiva,2874,270,11.4781437368618
Microgale taiva,2883,270,0.700833316723585
Microgale taiva,2891,271,0.0875841071029902
Microgale taiva,2982,271,0.0874956297413111
Microgale taiva,3147,271,452.02326469417
Microgale taiva,3376,290,11.7534553749293
Microgale taiva,3422,294,8.43718636894178
Microgale taiva,3460,340,6.60311605216253
Microgale taiva,3475,303,16.0684737306561
Microgale taiva,2154,344,215.656904731571
Microgale taiva,3524,368,29.0782282981092
Microgale taiva,2026,369,79.7835008618025
Microgale taiva,587,52,51.5983472958667
Microgale taiva,1069,92,36.126370737397
Microgale taiva,1126,342,280.61110980638
Microgale taiva,3531,370,42.7776266312502
Microgale taiva,3527,371,54.7933720210891
Microgale taiva,45,8,0.644736027104974
Microgale taiva,50,8,100.136196696791
Microgale taiva,111,8,0.18402045498687
Microgale taiva,151,8,2.66713659750223
Microgale taiva,225,8,0.459616383672059
Microgale taiva,235,8,0.275752651619673
Microgale taiva,262,8,0.183794934333146
Microgale taiva,263,8,54.8720161250855
Microgale taiva,265,8,0.551364106284499
Microgale taiva,270,8,0.551319225258708
Microgale taiva,276,8,0.643170052255213
Microgale taiva,407,8,0.275287525101185
Microgale taiva,435,8,0.18305585810101
Microgale taiva,529,8,0.091247833550334
Microgale taiva,663,8,7866.04336683832
Microgale taiva,3555,373,55.3667412396783
Microgale taiva,79,12,48.9931911167293
Microgale taiva,3540,12,15.385181741811
Microgale taiva,3541,374,25.7787901551477
Microgale taiva,231,23,0.183841973942041
Microgale taiva,234,23,0.643432019172192
Microgale taiva,249,23,0.275717098941624
Microgale taiva,254,23,0.275709061498523
Microgale taiva,256,23,0.459508593737543
Microgale taiva,258,23,0.45949710468936
Microgale taiva,266,23,1.10266377710527
Microgale taiva,274,23,0.826945434479237
Microgale taiva,288,23,0.367459639964223
Microgale taiva,295,23,1.46972063059181
Microgale taiva,355,23,439.973113778875
Microgale taiva,3547,375,9.5658888511582
Microgale taiva,3553,375,0.0919723036499619
Microgale taiva,724,56,0.0904312639211416
Microgale taiva,746,56,1.80650412150276
Microgale taiva,750,56,7.9466981693747
Microgale taiva,761,56,0.812480411258936
Microgale taiva,968,56,2.87876883525968
Microgale taiva,970,56,0.899620833965421
Microgale taiva,977,56,0.269868277515173
Microgale taiva,1913,56,13.3014223450974
Microgale taiva,1944,56,2.41024649195707
Microgale taiva,1969,56,0.178521961077452
Microgale taiva,2129,56,136.500753555115
Microgale taiva,2331,56,10969.5998554082
Microgale taiva,2523,56,0.62064821295929
Microgale taiva,2528,56,0.265972006814122
Microgale taiva,2546,56,0.0886059980756044
Microgale taiva,2550,56,0.354345133471251
Microgale taiva,2782,56,0.793622905395865
Microgale taiva,2822,56,0.176121529439092
Microgale taiva,2829,56,0.263970784573913
Microgale taiva,2830,56,0.263951895236254
Microgale taiva,2831,56,0.263943306310892
Microgale taiva,2834,56,0.0879776659069061
Microgale taiva,2835,56,0.351836727607369
Microgale taiva,2836,56,3573.13831097141
Microgale taiva,2867,56,250.101745726456
Microgale taiva,2872,56,0.175331868039727
Microgale taiva,3526,307,29.4123165165292
Microgale taiva,3556,376,29.3885406549345
Microgale taiva,3392,347,1283.68573384903
Microgale taiva,3539,347,355.466497858925
Microgale taiva,3557,347,0.0871928123806715
Microgale taiva,3558,377,0.0871747123888731
Microgale taiva,3559,377,15.1644922140565
Microgale taiva,3560,378,9.05780211758673
Microgale taiva,627,372,0.0910196564612388
Microgale taiva,631,372,0.272939017240644
Microgale taiva,638,372,0.0909307296398878
Microgale taiva,640,372,0.0909294146479368
Microgale taiva,645,372,13.8159133813126
Microgale taiva,3532,372,3370.27051434089
Microgale thomasi,1,1,30.1491915678553
Microgale thomasi,5,2,242.346644732634
Microgale thomasi,8,4,27.3332108829928
Microgale thomasi,11,4,0.276996924092352
Microgale thomasi,12,5,110.223524784537
Microgale thomasi,13,4,46.8072183969216
Microgale thomasi,16,4,39.50920249758
Microgale thomasi,18,6,57.1185856367866
Microgale thomasi,20,8,15.1334090931505
Microgale thomasi,22,7,11.4402412683857
Microgale thomasi,23,7,0.369019957634926
Microgale thomasi,29,12,3.3190113432076
Microgale thomasi,30,12,0.55317110865891
Microgale thomasi,31,13,6.17668561983395
Microgale thomasi,33,12,1.8437680477432
Microgale thomasi,40,130,2.21176632067752
Microgale thomasi,42,15,27.0050019677216
Microgale thomasi,45,15,0.552934153653026
Microgale thomasi,46,130,1.47449437760079
Microgale thomasi,51,130,0.460734393374979
Microgale thomasi,52,130,63.779800230799
Microgale thomasi,59,7,40.2587459644453
Microgale thomasi,64,7,0.460479690076709
Microgale thomasi,65,7,0.276287814046025
Microgale thomasi,66,17,238.60983883988
Microgale thomasi,68,7,1208.07904348297
Microgale thomasi,70,19,25.9627060283422
Microgale thomasi,74,19,7.91582309376431
Microgale thomasi,90,145,0.919496630984008
Microgale thomasi,97,145,6.25186649493766
Microgale thomasi,143,25,29.3753021912422
Microgale thomasi,145,26,60.0783564814395
Microgale thomasi,147,27,117.212787698418
Microgale thomasi,149,27,29.700864302778
Microgale thomasi,150,27,56.5530603893463
Microgale thomasi,153,28,29.3135406909105
Microgale thomasi,154,29,31.6875166683323
Microgale thomasi,156,31,143.86607624312
Microgale thomasi,461,59,42.9185459331003
Microgale thomasi,509,62,7.9466981693747
Microgale thomasi,530,64,10.1104430428412
Microgale thomasi,949,84,11.9385234664409
Microgale thomasi,963,90,12.7361471208223
Microgale thomasi,971,92,26.5957620119
Microgale thomasi,976,95,9.03832219414033
Microgale thomasi,977,95,0.805319379196763
Microgale thomasi,985,98,24.677084764406
Microgale thomasi,1031,98,298.156972346744
Microgale thomasi,1145,141,70.6771363124745
Microgale thomasi,1183,116,24.9170745355917
Microgale thomasi,1188,117,11.7534553749293
Microgale thomasi,1204,120,8.43718636894178
Microgale thomasi,929,142,20.6528971344351
Microgale thomasi,1038,104,640.550587634902
Microgale thomasi,1042,104,94.7805900149232
Microgale thomasi,1055,104,1.68964842398798
Microgale thomasi,1056,104,209.733945357685
Microgale thomasi,1064,104,0.177627273242593
Microgale thomasi,1065,104,0.354345133471251
Microgale thomasi,1066,104,7.08298393171608
Microgale thomasi,1070,104,0.441649912203312
Microgale thomasi,1072,104,0.441623093728662
Microgale thomasi,1073,104,1.32446653053212
Microgale thomasi,1096,104,2326.94171329976
Microgale thomasi,84,21,0.18402045498687
Microgale thomasi,86,21,18.8525092663892
Microgale thomasi,98,21,0.183868284008205
Microgale thomasi,140,21,1108.96311146066
Microgale thomasi,144,21,1109.74483476396
Microgale thomasi,510,147,1.35457540027249
Microgale thomasi,1263,147,38.3946948622806
Microgale thomasi,1262,149,15.8286098016378
Microgale thomasi,595,60,0.180364578959107
Microgale thomasi,717,60,0.179958904524803
Microgale thomasi,728,60,2.87876883525968
Microgale thomasi,730,60,0.899620833965421
Microgale thomasi,738,60,0.269868277515173
Microgale thomasi,897,60,5.11950667225432
Microgale thomasi,940,60,1261.1503883807
Microgale thomasi,63,14,247.285729021983
Microgale thomasi,69,18,25.0423452094776
Microgale thomasi,1259,146,86.8299662434819
Microgale thomasi,1271,146,30.0199160086901
Microgale thomasi,1272,154,57.9742847944451
Microgale thomasi,753,148,10.9753437275492
Microgale thomasi,223,34,6.55139839463806
Microgale thomasi,227,34,242.26788296454
Microgale thomasi,229,34,1.09175737492621
Microgale thomasi,231,34,0.272939017240644
Microgale thomasi,237,34,17.0086058992249
Microgale thomasi,244,34,14.2775380444441
Microgale thomasi,254,34,0.545590951331377
Microgale thomasi,276,34,0.181811417781591
Microgale thomasi,277,34,13.3615076739479
Microgale thomasi,301,34,2003.67483435272
Microgale thomasi,321,39,0.181274117312193
Microgale thomasi,342,39,7.87865465374315
Microgale thomasi,432,39,1.26605439507914
Microgale thomasi,523,39,0.812480411258936
Microgale thomasi,567,39,1.08250429114509
Microgale thomasi,866,39,4498.03052653919
Microgale thomasi,887,39,280.341852592133
Microgale thomasi,1261,39,3.43737091275311
Microgale thomasi,1240,125,29.4123165165292
Microgale thomasi,1148,134,0.262028568104982
Microgale thomasi,1159,134,0.261868806515336
Microgale thomasi,1166,134,0.17448316194582
Microgale thomasi,1192,134,1078.99547627909
Microgale thomasi,1160,152,217.333250335192
Microgale thomasi,1161,152,25.2179298297899
Microgale thomasi,1269,155,10.3767457573495
Microgale thomasi,1275,156,11.5044686548641
Mirza coquereli,64,9,47.6098880191004
Mirza coquereli,65,9,0.551364106284499
Mirza coquereli,67,9,0.551319225258708
Mirza coquereli,71,9,0.643170052255213
Mirza coquereli,85,10,32.3214563358051
Mirza coquereli,279,34,17.901495204276
Mirza coquereli,366,43,49.5243209626233
Mirza coquereli,368,43,28.7425388310261
Mirza coquereli,369,43,40.9684677576383
Mirza coquereli,370,43,14.3603695600176
Mirza coquereli,371,43,27.6495217951264
Mirza coquereli,410,50,112.46862770165
Mirza coquereli,362,56,75.6977555646087
Mirza coquereli,364,56,18.5583196180523
Mirza coquereli,290,35,15.580546002167
Mirza coquereli,302,35,1.33516078987336
Mirza coquereli,303,35,197.838177223595
Mirza coquereli,353,35,30.2423917894926
Mirza coquereli,312,39,11.6599410494064
Mirza coquereli,177,55,2.59390059166253
Mirza coquereli,209,55,377.767398048377
Monticola sharpei,24902,88,68.4073900828574
Monticola sharpei,29667,74,19.3291786125748
Monticola sharpei,29686,74,152.434539488664
Monticola sharpei,30146,74,33.3282081727574
Monticola sharpei,30195,74,47.5161649497197
Monticola sharpei,30526,74,27.7275849730357
Monticola sharpei,30219,91,24.0897988637466
Monticola sharpei,26400,83,112.468627701651
Monticola sharpei,100,95,21.1261124531245
Monticola sharpei,133,2,9.25542923517722
Monticola sharpei,140,2,1.48074673073471
Monticola sharpei,142,2,1.48068535666716
Monticola sharpei,143,2,0.277623898765862
Monticola sharpei,150,2,1.38815019469857
Monticola sharpei,30725,2,0.185083622752249
Monticola sharpei,20,1,0.55664420881176
Monticola sharpei,23,1,0.371099061261296
Monticola sharpei,25,1,0.556625695955813
Monticola sharpei,27,1,0.185535398295105
Monticola sharpei,30,1,0.463806772104442
Monticola sharpei,32,1,0.27827526928854
Monticola sharpei,33,1,0.463781360735595
Monticola sharpei,39,1,0.278243954662919
Monticola sharpei,45,1,0.64914825101471
Monticola sharpei,47,1,120.469913094516
Monticola sharpei,30724,1,56.8711675529887
Monticola sharpei,15328,98,7.79134288626695
Monticola sharpei,15720,98,44.6638451275753
Monticola sharpei,12392,6,17.631460675297
Monticola sharpei,13079,6,317.537186754267
Monticola sharpei,30836,6,7.49786063311923
Monticola sharpei,30837,6,10.465825454369
Monticola sharpei,30838,6,4.87132773033011
Monticola sharpei,30844,6,1.35249907425892
Monticola sharpei,30845,6,0.721300963266969
Monticola sharpei,30849,6,0.180300166686296
Monticola sharpei,30851,6,0.360588861650467
Monticola sharpei,30852,6,120.62822354376
Monticola sharpei,30853,6,3.33495901543343
Monticola sharpei,30855,6,0.180258544605851
Monticola sharpei,30857,6,0.18024417185688
Monticola sharpei,30858,6,0.270356910651445
Monticola sharpei,30859,6,0.180231227523327
Monticola sharpei,30861,6,0.360449504251242
Monticola sharpei,30863,6,2.16237442039514
Monticola sharpei,30866,6,0.27020117475152
Monticola sharpei,30867,6,83.4271619682106
Monticola sharpei,30868,6,1.89003464057791
Monticola sharpei,30869,6,4.23005688389182
Monticola sharpei,30870,6,0.179935558159113
Monticola sharpei,30871,6,0.449812608878851
Monticola sharpei,7214,73,0.181274117312193
Monticola sharpei,9644,73,68.0501291261465
Monticola sharpei,10132,73,0.812480411258936
Monticola sharpei,11471,73,170.780797274529
Monticola sharpei,11853,73,70.171205546759
Monticola sharpei,12176,73,0.179958904524803
Monticola sharpei,12261,73,2.87876883525968
Monticola sharpei,12269,73,0.899620833965421
Monticola sharpei,12322,73,0.269868277515173
Monticola sharpei,12869,73,36.126370737397
Monticola sharpei,13332,73,280.61110980638
Monticola sharpei,14062,73,50.5128889844387
Monticola sharpei,14561,73,35.5206766781266
Monticola sharpei,14602,73,137.38275887876
Monticola sharpei,17498,73,79.7835008618025
Monticola sharpei,17914,73,180.783642575444
Monticola sharpei,18117,73,224.834746882417
Monticola sharpei,19338,73,11419.5619256074
Monticola sharpei,20868,73,0.620648212959528
Monticola sharpei,20892,73,0.265972006814122
Monticola sharpei,20927,73,0.709200345668078
Monticola sharpei,20957,73,0.177290677110672
Monticola sharpei,23869,73,28.8370827305443
Monticola sharpei,26516,73,37.7648065144268
Monticola sharpei,26727,73,4897.99546009716
Monticola sharpei,29834,73,1329.88182992828
Monticola sharpei,30784,73,54.7933720210891
Monticola sharpei,30792,73,58.1494763075515
Monticola sharpei,30793,73,38.3946948622806
Monticola sharpei,30794,73,1.35457540027201
Monticola sharpei,30804,73,355.553761067319
Monticola sharpei,30806,73,72.7284184850583
Monticola sharpei,30816,73,47.4469397172759
Monticola sharpei,30878,73,19.4337860709381
Monticola sharpei,30879,73,187.042904927285
Monticola sharpei,30880,73,9.05780211758673
Monticola sharpei,476,90,197.731583171071
Monticola sharpei,857,90,38.9884159684163
Monticola sharpei,1701,90,0.643524707942724
Monticola sharpei,1753,90,0.459616383672059
Monticola sharpei,1765,90,0.183841973942041
Monticola sharpei,1774,90,0.643432019172192
Monticola sharpei,1780,90,0.275752651619673
Monticola sharpei,1799,90,0.367655302864194
Monticola sharpei,1813,90,1.56243208603442
Monticola sharpei,1814,90,0.275729722221732
Monticola sharpei,1831,90,0.275717098941624
Monticola sharpei,1842,90,0.275709061498523
Monticola sharpei,1847,90,0.459508593737543
Monticola sharpei,1854,90,0.45949710468936
Monticola sharpei,1855,90,1.1946710927344
Monticola sharpei,1867,90,0.183794934333146
Monticola sharpei,1873,90,54.8720161250916
Monticola sharpei,1875,90,3.21620605602419
Monticola sharpei,1876,90,0.551364106284499
Monticola sharpei,1888,90,1.10266377710527
Monticola sharpei,1895,90,0.183781132994473
Monticola sharpei,1896,90,0.367564567481756
Monticola sharpei,1905,90,0.183777680330753
Monticola sharpei,1910,90,0.551319225258708
Monticola sharpei,1915,90,0.183773075227499
Monticola sharpei,1922,90,1.10259928914046
Monticola sharpei,1926,90,2.02137478975803
Monticola sharpei,1927,90,0.826945434479237
Monticola sharpei,1933,90,0.643170052255213
Monticola sharpei,1936,90,0.183763859938979
Monticola sharpei,1942,90,0.183761555059075
Monticola sharpei,1943,90,1.65382056523675
Monticola sharpei,1966,90,0.826825480994821
Monticola sharpei,1998,90,0.459349671094894
Monticola sharpei,2017,90,0.367459639964223
Monticola sharpei,2029,90,0.183724619395971
Monticola sharpei,2030,90,0.275586929093957
Monticola sharpei,2037,90,1.46972063059181
Monticola sharpei,2038,90,0.275577679304183
Monticola sharpei,2096,90,0.367363554798603
Monticola sharpei,2120,90,58.8617537300254
Monticola sharpei,2183,90,439.973113778875
Monticola sharpei,2214,90,0.275443051051259
Monticola sharpei,3206,90,17.7414483356861
Monticola sharpei,5948,90,21520.1840420445
Monticola sharpei,30433,90,179.72953546854
Monticola sharpei,30434,90,87.0922190423294
Monticola sharpei,30616,90,99.489264897044
Monticola sharpei,30817,90,0.369282266752303
Monticola sharpei,30818,90,0.184641133481979
Monticola sharpei,30820,90,9.5658888511582
Monticola sharpei,30822,90,0.827843772775352
Monticola sharpei,30823,90,0.275940742864907
Monticola sharpei,30824,90,0.275922588019133
Monticola sharpei,30825,90,1.65548669658464
Monticola sharpei,30827,90,0.459814922548056
Monticola sharpei,30828,90,10.9920872748523
Monticola sharpei,30829,90,0.923443426764727
Monticola sharpei,30831,90,0.184049760341406
Monticola sharpei,30833,90,1.74834825798291
Monticola sharpei,30835,90,1.74828060862398
Monticola sharpei,29035,99,2.33597082442749
Monticola sharpei,29038,99,0.173038084078312
Monticola sharpei,29478,99,0.777178853789091
Monticola sharpei,30766,99,0.604549703200817
Monticola sharpei,30810,99,57.1920356452289
Monticola sharpei,30881,99,27.2715936270507
Monticola sharpei,30882,99,29.4123165165292
Monticola sharpei,30883,99,29.3885406549345
Monticola sharpei,30884,99,20.6592519148769
Monticola sharpei,30885,99,19.9515621485635
Monticola sharpei,30705,100,44.4928427752445
Mystacornis crossleyi,37,2,13.1803252548393
Mystacornis crossleyi,47,2,0.552934153653026
Mystacornis crossleyi,48,2,1.47449437760079
Mystacornis crossleyi,49,2,1.29016978290457
Mystacornis crossleyi,50,2,3.87045538569027
Mystacornis crossleyi,53,2,3.04084036644864
Mystacornis crossleyi,55,2,0.460734393374979
Mystacornis crossleyi,56,2,12.7171275236348
Mystacornis crossleyi,60,2,29.1119459662804
Mystacornis crossleyi,2,1,112.341414136247
Mystacornis crossleyi,4,1,3.97051299494481
Mystacornis crossleyi,6,1,129.326680743726
Mystacornis crossleyi,7,1,0.369180514121115
Mystacornis crossleyi,9,1,3.50637091730225
Mystacornis crossleyi,10,1,1.66091588708526
Mystacornis crossleyi,18,1,23.8936396878917
Mystacornis crossleyi,28,1,0.6456592656492
Mystacornis crossleyi,29,1,23.148487543929
Mystacornis crossleyi,33,1,30.0593642453539
Mystacornis crossleyi,39,1,23.318771661808
Mystacornis crossleyi,61,1,0.552771948882282
Mystacornis crossleyi,72,1,1.74986507844758
Mystacornis crossleyi,73,1,93.4084023599993
Mystacornis crossleyi,77,1,0.828812250984609
Mystacornis crossleyi,91,1,0.828408787800312
Mystacornis crossleyi,101,1,1.10392723276371
Mystacornis crossleyi,106,1,0.919795669861615
Mystacornis crossleyi,108,1,0.4598808172791
Mystacornis crossleyi,130,1,0.643524707940877
Mystacornis crossleyi,131,1,2.11438066261417
Mystacornis crossleyi,136,1,0.459616383672059
Mystacornis crossleyi,141,1,0.643432019172192
Mystacornis crossleyi,142,1,0.275752651619673
Mystacornis crossleyi,147,1,0.367655302864194
Mystacornis crossleyi,149,1,1.56243208603442
Mystacornis crossleyi,150,1,0.275729722221732
Mystacornis crossleyi,151,1,0.275717098941624
Mystacornis crossleyi,153,1,0.275709061498523
Mystacornis crossleyi,154,1,0.459508593737543
Mystacornis crossleyi,155,1,0.275701020456195
Mystacornis crossleyi,156,1,0.45949710468936
Mystacornis crossleyi,157,1,1.1946710927344
Mystacornis crossleyi,158,1,3.30822947109908
Mystacornis crossleyi,162,1,1.47030313296086
Mystacornis crossleyi,164,1,0.64325064792037
Mystacornis crossleyi,177,1,0.275607724242747
Mystacornis crossleyi,185,1,304.647102822697
Mystacornis crossleyi,186,1,0.826744599567831
Mystacornis crossleyi,197,1,6.42931777208394
Mystacornis crossleyi,198,1,0.551094014702082
Mystacornis crossleyi,203,1,14.4181473408762
Mystacornis crossleyi,221,1,3.48845173661
Mystacornis crossleyi,266,1,0.275296915365994
Mystacornis crossleyi,321,1,0.641920839155018
Mystacornis crossleyi,334,1,0.275038230340004
Mystacornis crossleyi,345,1,0.366640248780668
Mystacornis crossleyi,348,1,1.64962747188139
Mystacornis crossleyi,364,1,5.77274455880851
Mystacornis crossleyi,376,1,0.36636460990417
Mystacornis crossleyi,389,1,19.2237148631679
Mystacornis crossleyi,396,1,0.366123868361652
Mystacornis crossleyi,398,1,10744.9985390024
Mystacornis crossleyi,399,1,0.457640860679746
Mystacornis crossleyi,403,1,5.85717070470893
Mystacornis crossleyi,456,1,820.321689037365
Mystacornis crossleyi,477,1,1.09562847792959
Mystacornis crossleyi,481,1,0.730251124382853
Mystacornis crossleyi,482,1,0.273849359069586
Mystacornis crossleyi,483,1,0.365114871520877
Mystacornis crossleyi,486,1,0.273786407778382
Mystacornis crossleyi,488,1,1.18614475155497
Mystacornis crossleyi,518,1,3.46533733650792
Mystacornis crossleyi,535,1,0.547095007017732
Mystacornis crossleyi,547,1,936.024115139179
Mystacornis crossleyi,579,1,0.273246820754766
Mystacornis crossleyi,622,1,3253.01438947974
Mystacornis crossleyi,5269,1,7.7561275905453
Mystacornis crossleyi,5270,1,7.45297826596833
Mystacornis crossleyi,647,4,0.453150576037049
Mystacornis crossleyi,657,4,0.271612151348233
Mystacornis crossleyi,695,4,2.07897167132807
Mystacornis crossleyi,716,4,1.80650412150276
Mystacornis crossleyi,718,4,1.35457540027249
Mystacornis crossleyi,731,4,0.812480411258936
Mystacornis crossleyi,740,4,0.451279459852338
Mystacornis crossleyi,750,4,7.21903752467107
Mystacornis crossleyi,765,4,2.1653033994143
Mystacornis crossleyi,778,4,8.83967015013444
Mystacornis crossleyi,790,4,0.631399526012182
Mystacornis crossleyi,816,4,4.05792210968471
Mystacornis crossleyi,835,4,15.8681394199489
Mystacornis crossleyi,840,4,0.360620400392294
Mystacornis crossleyi,848,4,21.181140582427
Mystacornis crossleyi,855,4,0.991438515083671
Mystacornis crossleyi,893,4,41.9852753191171
Mystacornis crossleyi,913,4,0.720594756514073
Mystacornis crossleyi,1131,4,2.87876883525968
Mystacornis crossleyi,1133,4,0.899620833965421
Mystacornis crossleyi,1151,4,0.269868277515173
Mystacornis crossleyi,1338,4,36.126370737397
Mystacornis crossleyi,1483,4,280.61110980638
Mystacornis crossleyi,1722,4,50.5128889844387
Mystacornis crossleyi,1922,4,35.5206766781266
Mystacornis crossleyi,1940,4,137.38275887876
Mystacornis crossleyi,3058,4,79.7835008618025
Mystacornis crossleyi,3178,4,180.783642575444
Mystacornis crossleyi,3216,4,224.299706164162
Mystacornis crossleyi,3551,4,10831.3093422511
Mystacornis crossleyi,3887,4,0.62064821295929
Mystacornis crossleyi,3892,4,0.265972006814122
Mystacornis crossleyi,3902,4,0.709200345668078
Mystacornis crossleyi,3938,4,0.531537427095413
Mystacornis crossleyi,4004,4,4.51364348582339
Mystacornis crossleyi,4360,4,0.263970784573913
Mystacornis crossleyi,4371,4,1.31894035812867
Mystacornis crossleyi,4494,4,0.614342893218875
Mystacornis crossleyi,4790,4,0.874369558251738
Mystacornis crossleyi,4830,4,37.7648065144268
Mystacornis crossleyi,4876,4,4565.43726668118
Mystacornis crossleyi,4922,4,0.261868806515336
Mystacornis crossleyi,5232,4,1245.7485509388
Mystacornis crossleyi,5264,4,54.7933720210891
Mystacornis crossleyi,5267,4,48.1116464979065
Mystacornis crossleyi,5268,4,4.33088854262591
Mystacornis crossleyi,5276,4,355.466497858925
Mystacornis crossleyi,5277,4,72.7284184850583
Mystacornis crossleyi,5283,4,19.4337860709381
Mystacornis crossleyi,5284,4,116.776281644539
Mystacornis crossleyi,5285,4,9.05780211758673
Mystacornis crossleyi,5245,8,29.4123165165292
Mystacornis crossleyi,5278,8,27.2715936270507
Mystacornis crossleyi,5279,8,29.3885406549345
Mystacornis crossleyi,5280,8,20.6592519148769
Neodrepanis coruscans,95,2,57.7213654392147
Neodrepanis coruscans,326,4,0.182903092303932
Neodrepanis coruscans,356,4,0.0913730974861383
Neodrepanis coruscans,362,4,0.0913569323071241
Neodrepanis coruscans,371,4,562.109520607539
Neodrepanis coruscans,373,4,1.64430895920491
Neodrepanis coruscans,376,4,0.0913494594436884
Neodrepanis coruscans,377,4,7.67238536788142
Neodrepanis coruscans,378,4,0.0913482132290602
Neodrepanis coruscans,379,4,0.182695180032492
Neodrepanis coruscans,401,4,1.73528662736785
Neodrepanis coruscans,430,4,64.5596956529403
Neodrepanis coruscans,443,4,0.273849359069586
Neodrepanis coruscans,444,4,0.182563724761963
Neodrepanis coruscans,615,6,29.8881516290691
Neodrepanis coruscans,2748,21,16.5183256766745
Neodrepanis coruscans,2787,21,1.96377893533659
Neodrepanis coruscans,2825,21,4.4623509704634
Neodrepanis coruscans,2847,21,3.9261218879621
Neodrepanis coruscans,2850,21,0.178472077741504
Neodrepanis coruscans,3022,21,98.3622411861316
Neodrepanis coruscans,460,5,0.364840644135833
Neodrepanis coruscans,483,5,0.364791096059203
Neodrepanis coruscans,497,5,0.638336716751814
Neodrepanis coruscans,514,5,404.107209337217
Neodrepanis coruscans,519,5,0.0911754909676313
Neodrepanis coruscans,534,5,20.236343804207
Neodrepanis coruscans,583,5,0.455462092835426
Neodrepanis coruscans,593,5,27.7801576174308
Neodrepanis coruscans,594,5,0.273246820754766
Neodrepanis coruscans,595,5,0.728630221539021
Neodrepanis coruscans,600,5,0.273218414016366
Neodrepanis coruscans,602,5,24.6650563823328
Neodrepanis coruscans,603,5,27.478885974767
Neodrepanis coruscans,604,5,0.272939017240644
Neodrepanis coruscans,606,5,0.272857845731258
Neodrepanis coruscans,607,5,16.8247897975324
Neodrepanis coruscans,608,5,1087.42585255817
Neodrepanis coruscans,610,5,2.54619976073432
Neodrepanis coruscans,611,5,0.0909307296398878
Neodrepanis coruscans,613,5,25.2748099579326
Neodrepanis coruscans,3,1,0.460479690076709
Neodrepanis coruscans,4,1,0.276287814046025
Neodrepanis coruscans,7,1,0.0920914871640205
Neodrepanis coruscans,31,1,0.184032862201214
Neodrepanis coruscans,32,1,0.0920164311006069
Neodrepanis coruscans,34,1,0.18402045498687
Neodrepanis coruscans,49,1,0.4598808172791
Neodrepanis coruscans,103,1,3.40058241138262
Neodrepanis coruscans,111,1,1.28645872392881
Neodrepanis coruscans,197,1,0.275296915365994
Neodrepanis coruscans,201,1,0.367061380223393
Neodrepanis coruscans,221,1,719.536536208099
Neodrepanis coruscans,222,1,2.65988935294008
Neodrepanis coruscans,233,1,0.091711434103787
Neodrepanis coruscans,234,1,0.0917090672451854
Neodrepanis coruscans,235,1,0.366826797954977
Neodrepanis coruscans,248,1,0.183394440543294
Neodrepanis coruscans,268,1,0.733449546446562
Neodrepanis coruscans,274,1,0.0916782211540937
Neodrepanis coruscans,276,1,0.0916758424602151
Neodrepanis coruscans,279,1,5976.93257970443
Neodrepanis coruscans,282,1,0.366640248780668
Neodrepanis coruscans,283,1,0.183314757803202
Neodrepanis coruscans,292,1,91.4907269726863
Neodrepanis coruscans,306,1,41.8330794417093
Neodrepanis coruscans,313,1,0.183021781830788
Neodrepanis coruscans,317,1,0.27451926506561
Neodrepanis coruscans,633,7,0.271612151348233
Neodrepanis coruscans,645,7,0.0904312639211416
Neodrepanis coruscans,661,7,1.17371233116937
Neodrepanis coruscans,665,7,2.34620429706633
Neodrepanis coruscans,674,7,1.71422432486391
Neodrepanis coruscans,682,7,0.0902158143260479
Neodrepanis coruscans,688,7,0.180411680510998
Neodrepanis coruscans,690,7,0.0902044145539999
Neodrepanis coruscans,692,7,0.721609646918535
Neodrepanis coruscans,756,7,0.0900853543907404
Neodrepanis coruscans,839,7,0.180043311700821
Neodrepanis coruscans,866,7,12.2414772897281
Neodrepanis coruscans,902,7,1.97987146111107
Neodrepanis coruscans,1093,7,0.719492194127441
Neodrepanis coruscans,1111,7,25.908471771202
Neodrepanis coruscans,1131,7,0.179855101774454
Neodrepanis coruscans,1146,7,0.0899253521227837
Neodrepanis coruscans,1161,7,0.0899194863940477
Neodrepanis coruscans,1167,7,5.93422973769367
Neodrepanis coruscans,1176,7,0.179830169825315
Neodrepanis coruscans,1224,7,1.34833984458005
Neodrepanis coruscans,1238,7,36.126370737397
Neodrepanis coruscans,1291,7,4918.51109552638
Neodrepanis coruscans,1343,7,280.61110980638
Neodrepanis coruscans,1505,7,50.5128889844387
Neodrepanis coruscans,1611,7,126.172691518985
Neodrepanis coruscans,1650,7,35.5206766781266
Neodrepanis coruscans,2622,7,1.34011816687596
Neodrepanis coruscans,2679,7,29.3927939003161
Neodrepanis coruscans,2684,7,0.0893223285545111
Neodrepanis coruscans,2710,7,0.178619859431267
Neodrepanis coruscans,2895,7,113.726010349952
Neodrepanis coruscans,2907,7,1.33797868502498
Neodrepanis coruscans,2929,7,0.0891961786953211
Neodrepanis coruscans,2988,7,0.0891648217301369
Neodrepanis coruscans,2990,7,0.178329643460274
Neodrepanis coruscans,2992,7,12.7478930967271
Neodrepanis coruscans,3116,7,0.267144246867418
Neodrepanis coruscans,3254,7,3357.61649295716
Neodrepanis coruscans,3462,7,0.62064821295929
Neodrepanis coruscans,3463,7,0.265972006814122
Neodrepanis coruscans,3464,7,0.709200345668078
Neodrepanis coruscans,3466,7,0.177290677110672
Neodrepanis coruscans,3476,7,0.531537427095413
Neodrepanis coruscans,3698,7,0.0883306527793407
Neodrepanis coruscans,3709,7,0.0882920564128161
Neodrepanis coruscans,3797,7,0.088071865139842
Neodrepanis coruscans,3798,7,0.0880684505543709
Neodrepanis coruscans,3802,7,0.968657305971384
Neodrepanis coruscans,3805,7,57.3888585499607
Neodrepanis coruscans,3806,7,4.31124233271003
Neodrepanis coruscans,3810,7,0.0879725099756718
Neodrepanis coruscans,3813,7,3173.76128490252
Neodrepanis coruscans,4642,7,54.7933720210891
Neodrepanis coruscans,3814,11,12.2981810749322
Neodrepanis coruscans,3819,11,10.5378962551237
Neodrepanis coruscans,3830,11,0.614342893218875
Neodrepanis coruscans,3855,11,169.39913621377
Neodrepanis coruscans,3896,11,0.788521377318382
Neodrepanis coruscans,3997,11,2.45062763333797
Neodrepanis coruscans,4120,11,2.79817493289018
Neodrepanis coruscans,4128,11,0.874369558251738
Neodrepanis coruscans,4129,11,0.262314430279732
Neodrepanis coruscans,4136,11,0.0874351744740009
Neodrepanis coruscans,4146,11,18.7084052815183
Neodrepanis coruscans,4240,11,582.950264740073
Neodrepanis coruscans,4313,11,0.261868806515336
Neodrepanis coruscans,4372,11,0.261605564093828
Neodrepanis coruscans,4380,11,0.348776675967693
Neodrepanis coruscans,4389,11,0.52311163881433
Neodrepanis coruscans,4400,11,0.0871801445174217
Neodrepanis coruscans,4406,11,0.610212119015932
Neodrepanis coruscans,4488,11,1.04501600193715
Neodrepanis coruscans,4489,11,0.0870802654073238
Neodrepanis coruscans,4491,11,3.3089298474443
Neodrepanis coruscans,4492,11,0.0870747998120785
Neodrepanis coruscans,4493,11,0.0870729775416851
Neodrepanis coruscans,4596,11,6.60311605216253
Neodrepanis coruscans,4629,11,1073.36260113324
Neodrepanis coruscans,4644,11,355.466497858925
Neodrepanis coruscans,4645,11,24.9170745355883
Neodrepanis coruscans,4646,11,23.1220312933113
Neodrepanis coruscans,4647,11,15.9816042844814
Neodrepanis coruscans,4651,11,0.0871928123806715
Neodrepanis coruscans,4652,11,0.0871747123888731
Neodrepanis coruscans,4653,11,19.4337860709381
Neodrepanis coruscans,4654,11,9.05780211758673
Neodrepanis coruscans,4655,11,51.9788103030328
Neodrepanis coruscans,4639,22,29.4123165165292
Neodrepanis coruscans,4648,22,27.2715936270507
Neodrepanis coruscans,4649,22,29.3885406549345
Neodrepanis coruscans,4650,22,20.6592519148769
Neomixis striatigula,1468,10,29.6933136023097
Neomixis striatigula,1,1,56.8711675529887
Neomixis striatigula,50,3,3.97051299494481
Neomixis striatigula,66,3,152.498155501201
Neomixis striatigula,83,3,0.369180514121115
Neomixis striatigula,89,3,0.922919603211403
Neomixis striatigula,100,3,0.184580053010166
Neomixis striatigula,113,3,2.21454840610319
Neomixis striatigula,182,3,2.49029952967984
Neomixis striatigula,304,3,38.9884159684163
Neomixis striatigula,388,3,0.276354423903167
Neomixis striatigula,406,3,0.644736027104974
Neomixis striatigula,415,3,3.68393426545006
Neomixis striatigula,426,3,143.789201630759
Neomixis striatigula,449,3,1.19697195979726
Neomixis striatigula,475,3,0.828408787800312
Neomixis striatigula,498,3,0.184032862201214
Neomixis striatigula,502,3,0.368058959297538
Neomixis striatigula,530,3,1.10392723276371
Neomixis striatigula,550,3,0.919795669861615
Neomixis striatigula,627,3,0.643524707942724
Neomixis striatigula,645,3,0.459616383672059
Neomixis striatigula,649,3,0.183841973942041
Neomixis striatigula,652,3,0.643432019172192
Neomixis striatigula,654,3,0.275752651619673
Neomixis striatigula,660,3,0.367655302864194
Neomixis striatigula,663,3,0.3676461294958
Neomixis striatigula,664,3,1.56243208603442
Neomixis striatigula,665,3,0.275729722221732
Neomixis striatigula,666,3,0.275717098941624
Neomixis striatigula,670,3,0.275709061498523
Neomixis striatigula,672,3,0.459508593737543
Neomixis striatigula,673,3,0.45949710468936
Neomixis striatigula,674,3,1.1946710927344
Neomixis striatigula,679,3,0.183794934333146
Neomixis striatigula,681,3,49.4505976011623
Neomixis striatigula,682,3,3.21620605602419
Neomixis striatigula,683,3,0.551364106284499
Neomixis striatigula,691,3,1.10266377710551
Neomixis striatigula,692,3,0.183781132994473
Neomixis striatigula,693,3,0.367564567481756
Neomixis striatigula,694,3,3.21607484909624
Neomixis striatigula,695,3,0.183782283740878
Neomixis striatigula,697,3,22.6077495924836
Neomixis striatigula,698,3,0.183777680330753
Neomixis striatigula,700,3,0.183773075227499
Neomixis striatigula,704,3,1.10259928914046
Neomixis striatigula,706,3,2.02137478975803
Neomixis striatigula,707,3,0.826945434479237
Neomixis striatigula,710,3,0.183761555059075
Neomixis striatigula,711,3,1.65382056523675
Neomixis striatigula,721,3,0.826825480995119
Neomixis striatigula,725,3,0.459349671094894
Neomixis striatigula,731,3,0.367459639964223
Neomixis striatigula,735,3,0.183724619395971
Neomixis striatigula,736,3,0.275586929093957
Neomixis striatigula,742,3,1.46972063059181
Neomixis striatigula,743,3,0.275577679304183
Neomixis striatigula,750,3,2.11261448298192
Neomixis striatigula,770,3,0.367363554798603
Neomixis striatigula,776,3,44.2620059256014
Neomixis striatigula,796,3,385.768500125757
Neomixis striatigula,958,3,0.18345595687592
Neomixis striatigula,986,3,0.641920839155018
Neomixis striatigula,994,3,0.183394440543294
Neomixis striatigula,1006,3,0.18336000918591
Neomixis striatigula,1007,3,0.183357631337821
Neomixis striatigula,1024,3,0.366640248780668
Neomixis striatigula,1030,3,1.64962747188139
Neomixis striatigula,1037,3,35.377564380859
Neomixis striatigula,1046,3,0.733120482577145
Neomixis striatigula,1059,3,5.77274455880851
Neomixis striatigula,1083,3,0.36636460990417
Neomixis striatigula,1084,3,53.3201268250607
Neomixis striatigula,1097,3,2.56392490558284
Neomixis striatigula,1098,3,0.274711030231118
Neomixis striatigula,1105,3,2.74624103237558
Neomixis striatigula,1117,3,5.85717070470893
Neomixis striatigula,1156,3,0.182903092303932
Neomixis striatigula,1188,3,1.09691577132261
Neomixis striatigula,1197,3,0.182808168510437
Neomixis striatigula,1198,3,0.274199880823612
Neomixis striatigula,1303,3,0.365083405034542
Neomixis striatigula,1342,3,18.7867803754567
Neomixis striatigula,1424,3,0.820222737159848
Neomixis striatigula,1430,3,2.55151549227786
Neomixis striatigula,1439,3,0.455598468921423
Neomixis striatigula,1467,3,18.3080449645846
Neomixis striatigula,1531,3,0.181936237257004
Neomixis striatigula,1536,3,3.72937003481018
Neomixis striatigula,1540,3,0.181908727194786
Neomixis striatigula,1547,3,0.363716343389511
Neomixis striatigula,1593,3,18498.2104418644
Neomixis striatigula,10912,3,3.50637091730267
Neomixis striatigula,10914,3,440.18179376999
Neomixis striatigula,11001,3,8.00216342112345
Neomixis striatigula,11003,3,0.275940742864907
Neomixis striatigula,11004,3,0.275922588019133
Neomixis striatigula,11005,3,1.65548669658464
Neomixis striatigula,11007,3,0.459814922548056
Neomixis striatigula,1714,71,0.181274117312074
Neomixis striatigula,1841,71,2.07897167132807
Neomixis striatigula,1961,71,1.35457540027249
Neomixis striatigula,2003,71,0.180565036598682
Neomixis striatigula,2011,71,0.812480411258936
Neomixis striatigula,2033,71,0.270769661503077
Neomixis striatigula,2183,71,0.360621833185196
Neomixis striatigula,2207,71,21.181140582427
Neomixis striatigula,2214,71,35.338921021012
Neomixis striatigula,2217,71,0.991438515083671
Neomixis striatigula,2278,71,41.9852753191171
Neomixis striatigula,2613,71,0.179958904524803
Neomixis striatigula,2670,71,2.87876883525968
Neomixis striatigula,2675,71,0.899620833965421
Neomixis striatigula,2707,71,0.269868277515173
Neomixis striatigula,3027,71,36.126370737397
Neomixis striatigula,3270,71,280.61110980638
Neomixis striatigula,3689,71,50.5128889844387
Neomixis striatigula,4047,71,35.5206766781266
Neomixis striatigula,4079,71,137.38275887876
Neomixis striatigula,5509,71,2.68197177587867
Neomixis striatigula,5562,71,0.178789808364868
Neomixis striatigula,5716,71,2.05544938188779
Neomixis striatigula,5835,71,0.357380616459966
Neomixis striatigula,6512,71,180.783642575444
Neomixis striatigula,6625,71,224.834746882417
Neomixis striatigula,7393,71,11339.8114604229
Neomixis striatigula,8079,71,0.620648212959528
Neomixis striatigula,8092,71,0.265972006814122
Neomixis striatigula,8109,71,0.709200345668078
Neomixis striatigula,8124,71,0.177290677110672
Neomixis striatigula,9100,71,16.7328206902607
Neomixis striatigula,9131,71,1.6731160765605
Neomixis striatigula,9164,71,0.528311610993385
Neomixis striatigula,9222,71,0.263970784573913
Neomixis striatigula,9230,71,0.263951895236254
Neomixis striatigula,9233,71,0.263943306310892
Neomixis striatigula,9282,71,2.81359134580875
Neomixis striatigula,9288,71,7.47422574651217
Neomixis striatigula,10066,71,37.7648065144268
Neomixis striatigula,10144,71,4680.52643323627
Neomixis striatigula,10482,71,8.88625495937192
Neomixis striatigula,10503,71,0.871097480306864
Neomixis striatigula,10531,71,5.22491059429133
Neomixis striatigula,10804,71,6.60311605216253
Neomixis striatigula,10894,71,1328.13918797958
Neomixis striatigula,10982,71,54.7933720210891
Neomixis striatigula,10985,71,32.4251009744176
Neomixis striatigula,10987,71,58.1494763075515
Neomixis striatigula,10988,71,38.3946948622806
Neomixis striatigula,10996,71,355.466497858925
Neomixis striatigula,10997,71,23.1220312933113
Neomixis striatigula,10998,71,16.0684737306582
Neomixis striatigula,11012,71,19.4337860709381
Neomixis striatigula,11013,71,93.2696453507316
Neomixis striatigula,11014,71,9.05780211758673
Neomixis striatigula,10999,73,29.4123165165292
Neomixis striatigula,11015,73,27.2715936270507
Neomixis striatigula,11016,73,29.3885406549345
Neomixis striatigula,11017,73,20.6592519148769
Neomixis tenella,39378,233,0.0860825933560133
Neomixis tenella,39397,233,4.47563877666032
Neomixis tenella,26252,30,0.0891270842545032
Neomixis tenella,26290,30,0.267368651495695
Neomixis tenella,26412,30,3.83141463701451
Neomixis tenella,26551,30,3.11798707431972
Neomixis tenella,27482,30,14.2456006550693
Neomixis tenella,39430,259,22.6273491043482
Neomixis tenella,25620,203,5.44071159735251
Neomixis tenella,25713,203,5.35111748366654
Neomixis tenella,25772,203,5.17274390201235
Neomixis tenella,25782,203,1.5160247721132
Neomixis tenella,25843,203,7.13355141072726
Neomixis tenella,39780,254,44.4928427752445
Neomixis tenella,39819,263,35.7097522353754
Neomixis tenella,22100,255,42.3362076362427
Neomixis tenella,6984,14,0.456848093526959
Neomixis tenella,6997,14,0.182749920761347
Neomixis tenella,7072,14,0.456835664464593
Neomixis tenella,7073,14,0.182735011702538
Neomixis tenella,7074,14,0.274101896026969
Neomixis tenella,7087,14,0.182733768648863
Neomixis tenella,7092,14,0.274093192542315
Neomixis tenella,7114,14,0.182726307796717
Neomixis tenella,7122,14,0.274081997471213
Neomixis tenella,7152,14,0.182715109353781
Neomixis tenella,7160,14,0.0913569323071241
Neomixis tenella,7161,14,0.0913569323071241
Neomixis tenella,7162,14,0.0913569323071241
Neomixis tenella,7176,14,0.091355687356472
Neomixis tenella,7177,14,0.091355687356472
Neomixis tenella,7185,14,0.822180016362309
Neomixis tenella,7202,14,0.274053362136722
Neomixis tenella,7207,14,6.02962584375464
Neomixis tenella,7217,14,0.0913494594436884
Neomixis tenella,7485,14,64.7813755391271
Neomixis tenella,39893,14,0.182741225706577
Neomixis tenella,39894,14,4.01953690115464
Neomixis tenella,39895,14,0.822156348397851
Neomixis tenella,6306,271,16.3740665150672
Neomixis tenella,6552,271,2.19464777098459
Neomixis tenella,6593,271,12.894550309714
Neomixis tenella,39866,272,112.468627701651
Neomixis tenella,302,276,21.1261124531245
Neomixis tenella,309,276,0.0926675960290432
Neomixis tenella,336,276,0.0926606114119887
Neomixis tenella,485,251,0.370271373195231
Neomixis tenella,487,251,0.462834125284791
Neomixis tenella,491,251,0.0925668250995874
Neomixis tenella,493,251,43.0377824654073
Neomixis tenella,494,251,0.18513059458977
Neomixis tenella,516,251,1.48074673073471
Neomixis tenella,519,251,1.66577102635694
Neomixis tenella,524,251,0.277623898765862
Neomixis tenella,527,251,0.277610584835947
Neomixis tenella,530,251,0.0925361785190701
Neomixis tenella,551,251,1.38815019469857
Neomixis tenella,39910,251,0.185083622752249
Neomixis tenella,213,274,0.463597745714188
Neomixis tenella,223,274,0.0927073077802658
Neomixis tenella,279,274,43.1111113539241
Neomixis tenella,96,84,0.55664420881176
Neomixis tenella,108,84,0.371099061261296
Neomixis tenella,112,84,0.556625695955813
Neomixis tenella,129,84,0.185535398295105
Neomixis tenella,141,84,0.463806772104442
Neomixis tenella,152,84,0.27827526928854
Neomixis tenella,155,84,0.463781360735595
Neomixis tenella,170,84,0.278243954662919
Neomixis tenella,183,84,0.64914825101471
Neomixis tenella,194,84,120.469913094516
Neomixis tenella,39909,84,56.8711675529887
Neomixis tenella,23178,278,7.79134288626695
Neomixis tenella,23692,278,44.6638451275753
Neomixis tenella,7052,16,2.64969806134474
Neomixis tenella,7103,16,0.274089461484194
Neomixis tenella,7104,16,0.0913643975844383
Neomixis tenella,7116,16,0.0913631538983583
Neomixis tenella,7163,16,7.03479595916414
Neomixis tenella,7178,16,4.567756926453
Neomixis tenella,7219,16,0.0913494594436884
Neomixis tenella,7238,16,0.0913482132290602
Neomixis tenella,7239,16,9.04258868397665
Neomixis tenella,7429,16,0.54794446963501
Neomixis tenella,7560,16,1.46089898014283
Neomixis tenella,7568,16,0.456539862202287
Neomixis tenella,7777,16,0.73026370028019
Neomixis tenella,7802,16,0.0912806047910452
Neomixis tenella,7838,16,2.28180747323132
Neomixis tenella,7866,16,1.64285957804191
Neomixis tenella,7886,16,0.638874861070156
Neomixis tenella,7916,16,0.82137056838429
Neomixis tenella,7923,16,0.456318663737774
Neomixis tenella,7948,16,1.27762744745624
Neomixis tenella,8043,16,0.0912427791885138
Neomixis tenella,8056,16,540.421085593257
Neomixis tenella,8057,16,0.0912402507441044
Neomixis tenella,8063,16,2.00722734047782
Neomixis tenella,8073,16,0.364942030489683
Neomixis tenella,8083,16,0.456175956650972
Neomixis tenella,8084,16,0.273705573990583
Neomixis tenella,39899,16,0.456749789226413
Neomixis tenella,39988,16,81.3668221959746
Neomixis tenella,37975,92,0.956590469680309
Neomixis tenella,38048,92,32.4233658450371
Neomixis tenella,37141,244,42.7285134450907
Neomixis tenella,37242,244,0.174401901460171
Neomixis tenella,37267,244,0.261578436938167
Neomixis tenella,37499,244,32.1480221259206
Neomixis tenella,37582,244,38.07813925748
Neomixis tenella,37699,244,0.0870729775416851
Neomixis tenella,37714,244,0.174136841906786
Neomixis tenella,37725,244,0.0870656864323616
Neomixis tenella,37734,244,0.261180647714615
Neomixis tenella,39730,244,17.5386823479733
Neomixis tenella,40023,244,31.4801643873831
Neomixis tenella,40025,244,1.13330385544908
Neomixis tenella,40028,244,0.610128774234653
Neomixis tenella,5776,245,0.732451485653877
Neomixis tenella,6296,245,104.61434809919
Neomixis tenella,39951,245,64.9869920614074
Neomixis tenella,39973,245,3.11329257240254
Neomixis tenella,39974,245,14.1007399868137
Neomixis tenella,39987,245,2.56288165690053
Neomixis tenella,39998,245,0.274669912564755
Neomixis tenella,39999,245,0.366225743037939
Neomixis tenella,40000,245,0.549305915590942
Neomixis tenella,40049,245,0.366233005417585
Neomixis tenella,35300,264,16.1215402504437
Neomixis tenella,36868,282,54.5408324229195
Neomixis tenella,39825,264,88.8579889962915
Neomixis tenella,40022,282,36.3826787541578
Neomixis tenella,40041,264,54.2897934620137
Neomixis tenella,40042,264,31.4692072683324
Neomixis tenella,39863,267,13.0307413413469
Neomixis tenella,39865,267,6.06907414019537
Neomixis tenella,40048,267,2.02272765648687
Neomixis tenella,974,150,0.0923248392761946
Neomixis tenella,1014,150,197.731583171071
Neomixis tenella,1182,150,114.172305527661
Neomixis tenella,1452,150,1.29059362713593
Neomixis tenella,1511,150,38.9884159684163
Neomixis tenella,1554,150,4.23939400596285
Neomixis tenella,1567,150,1.47452739178962
Neomixis tenella,1651,150,3.86955399840492
Neomixis tenella,1680,150,4.69871910138738
Neomixis tenella,2040,150,311.391976612938
Neomixis tenella,2088,150,0.0920355652714968
Neomixis tenella,2768,150,0.643524707942724
Neomixis tenella,2825,150,24.2647568529819
Neomixis tenella,2844,150,0.459616383672059
Neomixis tenella,2871,150,0.183841973942041
Neomixis tenella,2882,150,0.643432019172192
Neomixis tenella,2889,150,0.275752651619673
Neomixis tenella,2913,150,0.367655302864194
Neomixis tenella,2934,150,1.56243208603442
Neomixis tenella,2935,150,0.275729722221732
Neomixis tenella,2958,150,0.275717098941624
Neomixis tenella,2977,150,0.275709061498523
Neomixis tenella,2986,150,0.459508593737543
Neomixis tenella,3004,150,0.45949710468936
Neomixis tenella,3005,150,1.1946710927344
Neomixis tenella,3026,150,0.183794934333146
Neomixis tenella,3038,150,54.8720161250916
Neomixis tenella,3043,150,3.21620605602419
Neomixis tenella,3044,150,0.551364106284499
Neomixis tenella,3059,150,1.10266377710527
Neomixis tenella,3074,150,0.183781132994473
Neomixis tenella,3075,150,0.367564567481756
Neomixis tenella,3094,150,0.183777680330753
Neomixis tenella,3104,150,0.551319225258708
Neomixis tenella,3110,150,0.183773075227499
Neomixis tenella,3118,150,1.10259928914046
Neomixis tenella,3125,150,2.02137478975803
Neomixis tenella,3126,150,0.826945434479237
Neomixis tenella,3136,150,0.643170052255213
Neomixis tenella,3146,150,0.183763859938979
Neomixis tenella,3160,150,0.183761555059075
Neomixis tenella,3161,150,1.65382056523675
Neomixis tenella,3203,150,0.826825480994821
Neomixis tenella,3249,150,0.459349671094894
Neomixis tenella,3290,150,0.367459639964223
Neomixis tenella,3313,150,0.183724619395971
Neomixis tenella,3314,150,0.275586929093957
Neomixis tenella,3331,150,1.46972063059181
Neomixis tenella,3332,150,0.275577679304183
Neomixis tenella,3511,150,0.367363554798603
Neomixis tenella,3559,150,58.8617537300254
Neomixis tenella,3714,150,439.973113778875
Neomixis tenella,3799,150,0.275443051051259
Neomixis tenella,5317,150,0.641469659821689
Neomixis tenella,6412,150,0.0914730164474845
Neomixis tenella,6457,150,0.0914632094820142
Neomixis tenella,6583,150,1.37162994920188
Neomixis tenella,8402,150,2.5531635234251
Neomixis tenella,8693,150,28.8970815343718
Neomixis tenella,9168,150,0.364478004548073
Neomixis tenella,9497,150,3.73408961568439
Neomixis tenella,9560,150,0.273218414016366
Neomixis tenella,9599,150,0.0910663420979977
Neomixis tenella,9613,150,1.36592140452969
Neomixis tenella,9648,150,2.36738453541815
Neomixis tenella,9681,150,0.182100325294733
Neomixis tenella,10361,150,2.45595913956344
Neomixis tenella,10471,150,7.63979273292554
Neomixis tenella,10492,150,0.272848664301157
Neomixis tenella,10516,150,12.1862035990483
Neomixis tenella,11842,150,16949.3360624391
Neomixis tenella,39953,150,590.730062177768
Neomixis tenella,39997,150,4.69837395759118
Neomixis tenella,40003,150,104.483341928055
Neomixis tenella,40050,150,0.369282266752303
Neomixis tenella,40051,150,0.184641133481979
Neomixis tenella,40052,150,0.0920568780282736
Neomixis tenella,40053,150,0.0919881813535094
Neomixis tenella,40054,150,9.5658888511582
Neomixis tenella,40055,150,0.0919859156525135
Neomixis tenella,40056,150,0.827843772775352
Neomixis tenella,40057,150,0.275940742864907
Neomixis tenella,40058,150,0.275922588019133
Neomixis tenella,40059,150,1.65548669658464
Neomixis tenella,40060,150,0.0919723036499619
Neomixis tenella,40061,150,0.459814922548056
Neomixis tenella,40062,150,6.00386255988252
Neomixis tenella,40063,150,0.923443426764727
Neomixis tenella,40064,150,0.184049760341406
Neomixis tenella,40065,150,0.0920209387692809
Neomixis tenella,40066,150,1.74834825798291
Neomixis tenella,40067,150,0.0920198121696711
Neomixis tenella,40068,150,1.74828060862398
Neomixis tenella,14416,192,0.0905584602525234
Neomixis tenella,14498,192,0.0905447203236818
Neomixis tenella,14662,192,38.2051651932399
Neomixis tenella,14707,192,0.0905061372197867
Neomixis tenella,14728,192,3.07696966736627
Neomixis tenella,14733,192,0.723997986286044
Neomixis tenella,14783,192,0.361958205401897
Neomixis tenella,40069,192,0.452763459861636
Neomixis tenella,22708,199,110.634216100066
Neomixis tenella,40119,199,0.0897658094214201
Neomixis tenella,40120,199,0.0897613430674076
Neomixis tenella,40121,199,0.0897598538669348
Neomixis tenella,40122,199,0.0897583644587994
Neomixis tenella,22820,284,90.2006443720138
Neomixis tenella,22886,284,2.32886922907722
Neomixis tenella,23037,284,3.3134309653126
Neomixis tenella,23047,284,1.79096353913164
Neomixis tenella,23253,284,2.32767118465054
Neomixis tenella,23319,284,2.05895008530676
Neomixis tenella,23335,284,1.9695149083488
Neomixis tenella,23353,284,1.52182598961449
Neomixis tenella,23382,284,0.0895204299858809
Neomixis tenella,23405,284,0.0895189075775146
Neomixis tenella,23479,284,0.358042122387886
Neomixis tenella,23508,284,0.268520162322521
Neomixis tenella,23550,284,0.0895036720864773
Neomixis tenella,23551,284,0.0895036720864773
Neomixis tenella,23617,284,0.0894960465670824
Neomixis tenella,23634,284,0.178989041683435
Neomixis tenella,23635,284,0.0894945208417177
Neomixis tenella,23660,284,0.268474406305432
Neomixis tenella,23681,284,2.50550766269672
Neomixis tenella,23706,284,0.0894853621346951
Neomixis tenella,23723,284,0.0894838349579573
Neomixis tenella,23776,284,0.0894761959661245
Neomixis tenella,23797,284,0.089473138918519
Neomixis tenella,23840,284,0.357865030018806
Neomixis tenella,23841,284,0.357865030018806
Neomixis tenella,23886,284,1.16299019851911
Neomixis tenella,23939,284,0.178908027130246
Neomixis tenella,23974,284,0.0894517163760662
Neomixis tenella,23990,284,0.89446200739193
Neomixis tenella,24051,284,0.0894394566888809
Neomixis tenella,24104,284,1.78860352420616
Neomixis tenella,24154,284,2.86157776304519
Neomixis tenella,24221,284,0.536503212695122
Neomixis tenella,24222,284,1.87770515916026
Neomixis tenella,24278,284,0.178825184745312
Neomixis tenella,24337,284,0.0894072119276524
Neomixis tenella,24505,284,89.7882265229853
Neomixis tenella,24941,284,0.714404974959851
Neomixis tenella,24989,284,0.535747839347601
Neomixis tenella,25008,284,0.178579506715775
Neomixis tenella,25026,284,0.178571738508582
Neomixis tenella,25043,284,0.4464130281533
Neomixis tenella,25122,284,1.87495118889725
Neomixis tenella,25188,284,674.271924355668
Neomixis tenella,39741,284,4.73613397636772
Neomixis tenella,39754,284,170.754673511907
Neomixis tenella,39834,284,3.75955498127008
Neomixis tenella,39869,284,3.30518937351549
Neomixis tenella,40124,284,1.79238486696017
Neomixis tenella,40125,284,0.0895977978543043
Neomixis tenella,40126,284,0.08959628602314
Neomixis tenella,40127,284,27.383507147518
Neomixis tenella,40128,284,22.6292422166447
Neomixis tenella,40144,284,59.9353472358141
Neomixis tenella,34838,204,590.589880067642
Neomixis tenella,39820,204,2.02803748513663
Neomixis tenella,39821,204,2.11576712074435
Neomixis tenella,39861,204,17.1091583224724
Neomixis tenella,40043,204,9.25706128804803
Neomixis tenella,40046,204,4.31856011909986
Neomixis tenella,40138,204,2.74076471963298
Neomixis tenella,13800,222,0.181274117312074
Neomixis tenella,14253,222,8.33336931920743
Neomixis tenella,14331,222,0.090569437129736
Neomixis tenella,14879,222,2.98549041516316
Neomixis tenella,14960,222,2.7137358713454
Neomixis tenella,15037,222,0.723568351452589
Neomixis tenella,15127,222,0.0904382222450972
Neomixis tenella,15132,222,1.26605439507914
Neomixis tenella,15133,222,0.0904368309983015
Neomixis tenella,15134,222,6.42071714823079
Neomixis tenella,15809,222,47.4469397172759
Neomixis tenella,15917,222,68.0501291261465
Neomixis tenella,16262,222,7.9466981693747
Neomixis tenella,16479,222,1.17371233116937
Neomixis tenella,16563,222,14.2635312602674
Neomixis tenella,16848,222,10.3787010220101
Neomixis tenella,16849,222,0.54153223163712
Neomixis tenella,16918,222,47.3708417421204
Neomixis tenella,17331,222,4.51010092683113
Neomixis tenella,17540,222,32.6498721003235
Neomixis tenella,17830,222,3.24513473330378
Neomixis tenella,18408,222,165.64260122687
Neomixis tenella,18863,222,70.171205546759
Neomixis tenella,19264,222,0.179958904524803
Neomixis tenella,19401,222,2.87876883525968
Neomixis tenella,19418,222,0.899620833965421
Neomixis tenella,19494,222,0.269868277515173
Neomixis tenella,19708,222,0.0899341444739103
Neomixis tenella,19710,222,54.7933720210891
Neomixis tenella,19875,222,0.179825766887188
Neomixis tenella,20130,222,36.126370737397
Neomixis tenella,20676,222,280.611109806457
Neomixis tenella,21412,222,50.5128889844387
Neomixis tenella,22009,222,35.5206766781266
Neomixis tenella,22071,222,137.38275887876
Neomixis tenella,24906,222,0.982382860410214
Neomixis tenella,24993,222,1.25003945505071
Neomixis tenella,25186,222,21.7776020865156
Neomixis tenella,25248,222,36.6909016499116
Neomixis tenella,25331,222,0.178472077741504
Neomixis tenella,25356,222,79.7835008618025
Neomixis tenella,25397,222,0.356898879014611
Neomixis tenella,25398,222,0.178450220485568
Neomixis tenella,25451,222,0.356880130990148
Neomixis tenella,25481,222,8.47422071402585
Neomixis tenella,25820,222,0.535034442315459
Neomixis tenella,25913,222,0.178329643460274
Neomixis tenella,26000,222,22.9116916141157
Neomixis tenella,26369,222,167.442644166123
Neomixis tenella,26623,222,0.623562958402991
Neomixis tenella,27581,222,9573.23549041586
Neomixis tenella,28061,222,4.9757249532212
Neomixis tenella,29522,222,465.404330678221
Neomixis tenella,29722,222,0.62064821295929
Neomixis tenella,29770,222,0.265972006814122
Neomixis tenella,29811,222,0.709200345668078
Neomixis tenella,29863,222,0.177290677110672
Neomixis tenella,29936,222,156.550971833509
Neomixis tenella,33766,222,28.8370827305443
Neomixis tenella,35944,222,3341.94615545146
Neomixis tenella,36284,222,0.0874387371765375
Neomixis tenella,36495,222,37.7648065144268
Neomixis tenella,36682,222,262.66930461528
Neomixis tenella,38065,222,1329.88182992828
Neomixis tenella,38102,222,23.1220312933333
Neomixis tenella,38144,222,6.60311605216253
Neomixis tenella,38185,222,16.0684737306561
Neomixis tenella,40004,222,36.1699326142172
Neomixis tenella,40034,222,355.553761067319
Neomixis tenella,40130,222,0.0902726128827334
Neomixis tenella,40147,222,0.0871928123806715
Neomixis tenella,40148,222,0.0871747123888731
Neomixis tenella,40149,222,19.4337860709381
Neomixis tenella,40150,222,187.042904927285
Neomixis tenella,40151,222,9.05780211758673
Neomixis tenella,20404,234,1032.09468954584
Neomixis tenella,39752,234,21.0241786897857
Neomixis tenella,40084,234,7.49786063311923
Neomixis tenella,40085,234,10.465825454369
Neomixis tenella,40086,234,0.0901944288020134
Neomixis tenella,40087,234,0.0901901460651159
Neomixis tenella,40088,234,0.0901887180690765
Neomixis tenella,40089,234,0.0901758567188978
Neomixis tenella,40090,234,0.0901744266370535
Neomixis tenella,40091,234,1.35249907425892
Neomixis tenella,40092,234,0.0901629784760475
Neomixis tenella,40093,234,0.0901615465179682
Neomixis tenella,40094,234,0.0901615465179682
Neomixis tenella,40095,234,0.180300166686296
Neomixis tenella,40096,234,0.0901500833431482
Neomixis tenella,40097,234,3.33495901543343
Neomixis tenella,40098,234,0.0901386068252325
Neomixis tenella,40099,234,0.180258544605851
Neomixis tenella,40100,234,0.0901242424138784
Neomixis tenella,40101,234,0.18024417185688
Neomixis tenella,40102,234,0.270356910651445
Neomixis tenella,40103,234,0.180231227523327
Neomixis tenella,40104,234,0.09011417492342
Neomixis tenella,40105,234,0.360449504251242
Neomixis tenella,40106,234,0.0901127358765602
Neomixis tenella,40107,234,2.16237442039514
Neomixis tenella,40108,234,0.0900968926072121
Neomixis tenella,40109,234,0.0900940093032122
Neomixis tenella,40110,234,0.27020117475152
Neomixis tenella,40111,234,0.180086833140135
Neomixis tenella,40112,234,1.89003464057791
Neomixis tenella,40113,234,4.23005688389182
Neomixis tenella,40114,234,0.179935558159113
Neomixis tenella,40115,234,0.449812608878851
Neomixis tenella,40116,234,0.0899604765747786
Neomixis tenella,40117,234,0.089953168866396
Neomixis tenella,40118,234,0.0899473189533949
Neomixis tenella,40073,285,2.71500175354493
Neomixis tenella,40074,285,0.090466003279686
Neomixis tenella,40075,285,0.0904646162139177
Neomixis tenella,40076,285,1.62801036448324
Neomixis tenella,40077,285,0.180872270540357
Neomixis tenella,40078,285,4.52090276207972
Neomixis tenella,40079,285,0.0904089621702433
Neomixis tenella,40080,285,0.0904075665347576
Neomixis tenella,40081,285,0.0904005852206945
Neomixis tenella,40082,285,0.0903991883308887
Neomixis tenella,40083,285,0.542388144284248
Neomixis tenella,26298,240,16.7503128028274
Neomixis tenella,26759,240,16.3782069258974
Neomixis tenella,27276,240,0.177959455841064
Neomixis tenella,27490,240,62.6303284271519
Neomixis tenella,27853,240,509.004872819902
Neomixis tenella,39807,240,25.9190793253232
Neomixis tenella,40129,240,0.177962643784523
Neomixis tenella,19685,249,0.0899370735929012
Neomixis tenella,19798,249,0.0899238860028982
Neomixis tenella,19809,249,0.449603298739433
Neomixis tenella,19810,249,0.359686745625973
Neomixis tenella,19838,249,0.0899194863940477
Neomixis tenella,19945,249,167.74218789238
Neomixis tenella,40070,249,0.0899312145228386
Neomixis tenella,40071,249,0.449634089967847
Neomixis tenella,40072,249,0.0898974602614641
Neomixis tenella,38536,279,2.33597082442749
Neomixis tenella,38538,279,0.173038084078312
Neomixis tenella,38966,279,57.1920356452289
Neomixis tenella,38709,286,0.777178853789091
Neomixis tenella,39958,286,0.604549703200817
Neomixis tenella,40139,286,27.2715936270507
Neomixis tenella,40140,286,29.4123165165292
Neomixis tenella,40141,286,29.3885406549345
Neomixis tenella,40142,286,20.6592519148769
Neomixis tenella,40143,286,19.9515621485635
Neomixis tenella,30391,283,260.732262440753
Neomixis tenella,39810,283,79.2501346083427
Neomixis tenella,40131,283,0.0887447955824137
Neomixis tenella,40132,283,0.0887431713141203
Neomixis tenella,40133,283,0.0887317956695557
Neomixis tenella,40134,283,0.0886649643682241
Neomixis tenella,40135,283,2.65747338466716
Neomixis tenella,40136,283,0.177169278389692
Neomixis tenella,40137,283,0.0885829947649241
Neomixis tenella,40145,283,19.8014696613791
Neomixis tenella,40146,283,0.0887918098006248
Neomixis viridis,4,1,3.97051299494481
Neomixis viridis,7,1,133.479742109384
Neomixis viridis,13,1,0.369180514121115
Neomixis viridis,17,1,0.184580053010166
Neomixis viridis,24,1,2.21454840610319
Neomixis viridis,53,1,0.6456592656492
Neomixis viridis,97,1,23.318771661808
Neomixis viridis,122,1,3.04084036644864
Neomixis viridis,132,1,3.86955399840492
Neomixis viridis,138,1,4.69871910138738
Neomixis viridis,141,1,704.381814385819
Neomixis viridis,163,1,1.74986507844758
Neomixis viridis,164,1,93.4084023599993
Neomixis viridis,194,1,0.828408787800312
Neomixis viridis,203,1,0.184032862201214
Neomixis viridis,223,1,3.31197962940294
Neomixis viridis,233,1,0.36798441852951
Neomixis viridis,236,1,1.10392723276371
Neomixis viridis,247,1,0.919795669861615
Neomixis viridis,252,1,6.89851054304702
Neomixis viridis,317,1,0.643524707942724
Neomixis viridis,333,1,0.459616383672059
Neomixis viridis,337,1,0.183841973942041
Neomixis viridis,340,1,0.643432019172192
Neomixis viridis,341,1,0.275752651619673
Neomixis viridis,348,1,0.367655302864194
Neomixis viridis,351,1,1.56243208603442
Neomixis viridis,352,1,0.275729722221732
Neomixis viridis,353,1,0.275717098941624
Neomixis viridis,359,1,0.275709061498523
Neomixis viridis,361,1,0.459508593737543
Neomixis viridis,362,1,0.45949710468936
Neomixis viridis,363,1,1.1946710927344
Neomixis viridis,368,1,0.183794934333146
Neomixis viridis,370,1,54.8720161250855
Neomixis viridis,371,1,3.21620605602419
Neomixis viridis,372,1,0.551364106284499
Neomixis viridis,379,1,1.10266377710551
Neomixis viridis,380,1,0.183781132994473
Neomixis viridis,381,1,0.367564567481756
Neomixis viridis,387,1,0.183777680330753
Neomixis viridis,391,1,0.551319225258708
Neomixis viridis,393,1,0.183773075227499
Neomixis viridis,397,1,1.10259928914046
Neomixis viridis,399,1,2.02137478975803
Neomixis viridis,400,1,0.826945434479237
Neomixis viridis,402,1,0.643170052255213
Neomixis viridis,403,1,0.183763859938979
Neomixis viridis,405,1,0.183761555059075
Neomixis viridis,406,1,1.65382056523675
Neomixis viridis,429,1,0.826825480995119
Neomixis viridis,432,1,0.459349671094894
Neomixis viridis,439,1,0.367459639964223
Neomixis viridis,446,1,0.183724619395971
Neomixis viridis,447,1,0.275586929093957
Neomixis viridis,452,1,1.46972063059181
Neomixis viridis,453,1,0.275577679304183
Neomixis viridis,486,1,0.367363554798603
Neomixis viridis,496,1,44.2620059256014
Neomixis viridis,517,1,0.275475634280682
Neomixis viridis,523,1,411.305566497608
Neomixis viridis,637,1,0.275296915365994
Neomixis viridis,763,1,0.733449546446562
Neomixis viridis,765,1,0.275038230340004
Neomixis viridis,778,1,4.39984031193549
Neomixis viridis,783,1,0.366640248780668
Neomixis viridis,788,1,1.64962747188139
Neomixis viridis,811,1,5.77274455880851
Neomixis viridis,820,1,20.1573297945476
Neomixis viridis,829,1,0.36636460990417
Neomixis viridis,852,1,0.457640860679746
Neomixis viridis,853,1,0.18305585810101
Neomixis viridis,890,1,0.182903092303932
Neomixis viridis,908,1,1.09691577132261
Neomixis viridis,913,1,0.182808168510437
Neomixis viridis,914,1,0.274199880823612
Neomixis viridis,1030,1,0.730251124382853
Neomixis viridis,1031,1,0.273849359069586
Neomixis viridis,1033,1,0.182563724761963
Neomixis viridis,1036,1,0.273786407778382
Neomixis viridis,1038,1,1.18614475155497
Neomixis viridis,1082,1,3.46533733650792
Neomixis viridis,1103,1,0.547095007017732
Neomixis viridis,1128,1,0.18229733220768
Neomixis viridis,1166,1,0.273246820754766
Neomixis viridis,1210,1,0.181908727194786
Neomixis viridis,1218,1,2.09133444539583
Neomixis viridis,1239,1,0.181767837690949
Neomixis viridis,1251,1,17553.225039542
Neomixis viridis,1254,1,1.81585824965096
Neomixis viridis,8234,1,161.827507484752
Neomixis viridis,8235,1,3.50637091730267
Neomixis viridis,8236,1,29.7954121801821
Neomixis viridis,8237,1,99.489264897044
Neomixis viridis,8264,1,7.45297826596833
Neomixis viridis,8275,1,0.275940742864907
Neomixis viridis,8276,1,0.275922588019133
Neomixis viridis,8277,1,1.65548669658464
Neomixis viridis,8279,1,0.459814922548056
Neomixis viridis,1317,63,0.181274117312074
Neomixis viridis,1383,63,2.07897167132807
Neomixis viridis,1451,63,1.80650412150276
Neomixis viridis,1463,63,1.35457540027249
Neomixis viridis,1488,63,0.812480411258936
Neomixis viridis,1505,63,6.49805329123199
Neomixis viridis,1506,63,0.270769661503077
Neomixis viridis,1523,63,3.6094917691412
Neomixis viridis,1583,63,6.40402979402589
Neomixis viridis,1591,63,0.631399526012182
Neomixis viridis,1667,63,10.1832641626657
Neomixis viridis,1682,63,31.2647129831609
Neomixis viridis,1993,63,0.179958904524803
Neomixis viridis,2040,63,2.87876883525968
Neomixis viridis,2045,63,0.899620833965421
Neomixis viridis,2074,63,0.269868277515173
Neomixis viridis,2354,63,36.126370737397
Neomixis viridis,2564,63,280.61110980638
Neomixis viridis,2890,63,50.5128889844387
Neomixis viridis,3192,63,35.5206766781266
Neomixis viridis,3215,63,137.38275887876
Neomixis viridis,5170,63,79.7835008618025
Neomixis viridis,5347,63,180.783642575444
Neomixis viridis,5404,63,224.299706164162
Neomixis viridis,5928,63,11073.0616977732
Neomixis viridis,6358,63,0.620648212959528
Neomixis viridis,6364,63,0.265972006814122
Neomixis viridis,6377,63,0.709200345668078
Neomixis viridis,6387,63,0.177290677110672
Neomixis viridis,7028,63,0.263970784573913
Neomixis viridis,7043,63,1.31894035812867
Neomixis viridis,7481,63,0.174932641012549
Neomixis viridis,7536,63,34.356147374039
Neomixis viridis,7642,63,4741.59966669772
Neomixis viridis,7895,63,5.22491059429133
Neomixis viridis,8213,63,1315.19917534307
Neomixis viridis,8260,63,54.7933720210891
Neomixis viridis,8263,63,48.1116464979065
Neomixis viridis,8270,63,355.466497858925
Neomixis viridis,8271,63,72.7284184850583
Neomixis viridis,8282,63,19.4337860709381
Neomixis viridis,8283,63,93.0083208342829
Neomixis viridis,8284,63,9.05780211758673
Neomixis viridis,8272,64,29.4123165165292
Neomixis viridis,8285,64,27.2715936270507
Neomixis viridis,8286,64,29.3885406549345
Neomixis viridis,8287,64,20.6592519148769
Nesogale dobsoni,209,14,38.9884159684163
Nesogale dobsoni,888,28,58.8617537300254
Nesogale dobsoni,1112,38,0.183394440543294
Nesogale dobsoni,1122,38,285.319447013355
Nesogale dobsoni,1167,44,30.0534282457162
Nesogale dobsoni,1187,48,31.6875214916216
Nesogale dobsoni,1224,51,12.0800389464626
Nesogale dobsoni,5558,232,5.80579014358365
Nesogale dobsoni,5620,232,1.33965979937696
Nesogale dobsoni,5648,235,0.625091935809255
Nesogale dobsoni,5778,235,14.2828846739303
Nesogale dobsoni,5864,240,0.356880130990148
Nesogale dobsoni,5872,240,8.47422071402585
Nesogale dobsoni,5893,240,2.4083891803335
Nesogale dobsoni,8319,359,37.7648065144268
Nesogale dobsoni,3690,492,56.7554572199371
Nesogale dobsoni,3698,492,0.630325649633765
Nesogale dobsoni,4330,565,50.5128889844387
Nesogale dobsoni,4490,565,35.5206766781266
Nesogale dobsoni,4513,592,137.38275887876
Nesogale dobsoni,6092,594,224.834746882417
Nesogale dobsoni,2,1,0.64914825101471
Nesogale dobsoni,3,1,72.6104762396658
Nesogale dobsoni,9028,1,56.8711675529887
Nesogale dobsoni,9050,622,38.3946948622806
Nesogale dobsoni,9051,622,1.35457540027201
Nesogale dobsoni,4005,530,36.126370737397
Nesogale dobsoni,8982,612,458.083821753779
Nesogale dobsoni,9049,629,58.1494763075515
Nesogale dobsoni,9045,620,54.7933720210891
Nesogale dobsoni,70,479,197.731583171071
Nesogale dobsoni,9069,479,0.369282266752303
Nesogale dobsoni,9070,479,0.184641133481979
Nesogale dobsoni,8784,567,1329.88182992828
Nesogale dobsoni,8821,567,72.7284184850759
Nesogale dobsoni,9061,567,355.553761067319
Nesogale dobsoni,9096,630,19.4337860709381
Nesogale dobsoni,9097,631,187.042904927285
Nesogale dobsoni,9098,632,9.05780211758673
Nesogale dobsoni,625,603,0.643524707942724
Nesogale dobsoni,666,603,0.183841973942041
Nesogale dobsoni,672,603,0.643432019172192
Nesogale dobsoni,689,603,0.367655302864194
Nesogale dobsoni,701,603,1.56243208603442
Nesogale dobsoni,702,603,0.275729722221732
Nesogale dobsoni,713,603,0.275717098941624
Nesogale dobsoni,721,603,0.275709061498523
Nesogale dobsoni,725,603,0.459508593737543
Nesogale dobsoni,730,603,0.45949710468936
Nesogale dobsoni,731,603,1.1946710927344
Nesogale dobsoni,744,603,3.21620605602419
Nesogale dobsoni,751,603,1.10266377710527
Nesogale dobsoni,756,603,0.183781132994473
Nesogale dobsoni,757,603,0.367564567481756
Nesogale dobsoni,763,603,0.183777680330753
Nesogale dobsoni,769,603,0.183773075227499
Nesogale dobsoni,775,603,1.10259928914046
Nesogale dobsoni,778,603,2.02137478975803
Nesogale dobsoni,779,603,0.826945434479237
Nesogale dobsoni,785,603,0.183763859938979
Nesogale dobsoni,789,603,0.183761555059075
Nesogale dobsoni,790,603,1.65382056523675
Nesogale dobsoni,823,603,0.367459639964223
Nesogale dobsoni,830,603,0.183724619395971
Nesogale dobsoni,831,603,0.275586929093957
Nesogale dobsoni,834,603,1.46972063059181
Nesogale dobsoni,835,603,0.275577679304183
Nesogale dobsoni,941,603,439.973113778875
Nesogale dobsoni,9072,603,9.5658888511582
Nesogale dobsoni,9074,603,0.827843772775352
Nesogale dobsoni,2458,606,0.181274117312193
Nesogale dobsoni,3268,606,0.812480411258936
Nesogale dobsoni,3529,606,41.6486462268454
Nesogale dobsoni,3579,606,35.9605444481765
Nesogale dobsoni,3820,606,0.179958904524803
Nesogale dobsoni,3839,606,2.87876883525968
Nesogale dobsoni,3841,606,0.899620833965421
Nesogale dobsoni,3855,606,0.269868277515173
Nesogale dobsoni,4128,606,280.61110980638
Nesogale dobsoni,5840,606,79.7835008618025
Nesogale dobsoni,5980,606,12.7478930967271
Nesogale dobsoni,6248,606,2.04824535180938
Nesogale dobsoni,6611,606,11320.1311916889
Nesogale dobsoni,7125,606,0.354345133471251
Nesogale dobsoni,7717,606,28.8370827305443
Nesogale dobsoni,8384,606,4749.6436804375
Nesogale dobsoni,481,611,0.919795669861615
Nesogale dobsoni,658,611,0.459616383672059
Nesogale dobsoni,676,611,0.275752651619673
Nesogale dobsoni,739,611,0.183794934333146
Nesogale dobsoni,743,611,54.8720161250855
Nesogale dobsoni,745,611,0.551364106284499
Nesogale dobsoni,766,611,0.551319225258708
Nesogale dobsoni,783,611,0.643170052255213
Nesogale dobsoni,1103,611,10.3633479270702
Nesogale dobsoni,1110,611,29.3409883887578
Nesogale dobsoni,1735,611,111.58783199505
Nesogale dobsoni,1981,611,1.09175737492621
Nesogale dobsoni,2212,611,18720.2165840726
Nesogale dobsoni,9080,611,10.9920872748523
Nesogale dobsoni,3035,619,15.8199398246365
Nesogale dobsoni,3042,619,0.271161219533443
Nesogale dobsoni,3049,619,0.27115982076323
Nesogale dobsoni,3067,619,0.361511439416051
Nesogale dobsoni,9068,619,15.7287553906272
Nesogale dobsoni,8949,623,2.33597082442749
Nesogale dobsoni,8950,623,0.173038084078312
Nesogale dobsoni,8976,623,57.1920356452289
Nesogale dobsoni,8971,633,0.604549703200459
Nesogale dobsoni,8973,633,0.777178853789091
Nesogale dobsoni,9093,633,19.9515621485635
Nesogale dobsoni,9089,634,27.2715936270507
Nesogale dobsoni,9090,635,29.4123165165292
Nesogale dobsoni,9091,636,29.3885406549345
Nesogale dobsoni,9092,637,20.6592519148769
Nesogale talazaci,27,7,11.1806174851229
Nesogale talazaci,970,32,58.8617537300254
Nesogale talazaci,1369,42,65.611862821471
Nesogale talazaci,3331,72,21.8915644038385
Nesogale talazaci,8996,191,37.7648065144268
Nesogale talazaci,4361,393,50.5128889844387
Nesogale talazaci,4635,393,35.5206766781266
Nesogale talazaci,300,404,38.9884159684163
Nesogale talazaci,3493,425,70.171205546759
Nesogale talazaci,4663,424,137.38275887876
Nesogale talazaci,6632,440,224.834746882417
Nesogale talazaci,11,2,21.0334598369182
Nesogale talazaci,4,1,0.463781360735595
Nesogale talazaci,5,1,0.64914825101471
Nesogale talazaci,6,1,94.4064369549154
Nesogale talazaci,9738,1,56.8711675529887
Nesogale talazaci,5123,454,7.79134288626695
Nesogale talazaci,5351,454,44.6638451275753
Nesogale talazaci,9791,452,38.3946948622806
Nesogale talazaci,9792,452,1.35457540027201
Nesogale talazaci,135,442,458.083821753779
Nesogale talazaci,9790,460,58.1494763075515
Nesogale talazaci,9782,450,54.7933720210891
Nesogale talazaci,77,9,191.732699801732
Nesogale talazaci,105,9,1.75354863390112
Nesogale talazaci,125,9,0.1845757537058
Nesogale talazaci,197,9,27.8524868086866
Nesogale talazaci,227,9,99.4892648970416
Nesogale talazaci,522,9,0.368058959297538
Nesogale talazaci,704,9,0.643524707942724
Nesogale talazaci,747,9,0.459616383672059
Nesogale talazaci,758,9,0.183841973942041
Nesogale talazaci,766,9,0.643432019172192
Nesogale talazaci,771,9,0.275752651619673
Nesogale talazaci,785,9,0.367655302864194
Nesogale talazaci,795,9,1.56243208603442
Nesogale talazaci,796,9,0.275729722221732
Nesogale talazaci,804,9,0.551443380143642
Nesogale talazaci,807,9,0.275717098941624
Nesogale talazaci,814,9,0.275709061498523
Nesogale talazaci,818,9,0.459508593737543
Nesogale talazaci,819,9,1.01090373969656
Nesogale talazaci,820,9,0.45949710468936
Nesogale talazaci,821,9,1.1946710927344
Nesogale talazaci,831,9,0.183794934333146
Nesogale talazaci,834,9,54.8720161250855
Nesogale talazaci,835,9,3.21620605602419
Nesogale talazaci,836,9,0.551364106284499
Nesogale talazaci,842,9,1.10266377710527
Nesogale talazaci,845,9,0.183781132994473
Nesogale talazaci,846,9,0.367564567481756
Nesogale talazaci,850,9,0.183777680330753
Nesogale talazaci,853,9,0.551319225258708
Nesogale talazaci,855,9,0.183773075227499
Nesogale talazaci,861,9,1.10259928914046
Nesogale talazaci,864,9,2.02137478975803
Nesogale talazaci,865,9,0.826945434479237
Nesogale talazaci,868,9,0.643170052255213
Nesogale talazaci,870,9,0.183763859938979
Nesogale talazaci,874,9,0.183761555059075
Nesogale talazaci,875,9,1.65382056523675
Nesogale talazaci,896,9,0.826825480995119
Nesogale talazaci,898,9,0.459349671094894
Nesogale talazaci,906,9,0.367459639964223
Nesogale talazaci,912,9,0.183724619395971
Nesogale talazaci,913,9,0.275586929093957
Nesogale talazaci,919,9,1.46972063059181
Nesogale talazaci,920,9,0.275577679304183
Nesogale talazaci,953,9,0.367363554798603
Nesogale talazaci,1016,9,439.973113778875
Nesogale talazaci,1761,9,141.486481522224
Nesogale talazaci,1935,9,1.36592140452969
Nesogale talazaci,1938,9,3.64204923034823
Nesogale talazaci,1975,9,0.363716343389511
Nesogale talazaci,2028,9,20078.4431187583
Nesogale talazaci,9813,9,0.369282266752303
Nesogale talazaci,9814,9,0.184641133481979
Nesogale talazaci,9816,9,9.5658888511582
Nesogale talazaci,9818,9,0.827843772775352
Nesogale talazaci,9824,9,6.00386255988252
Nesogale talazaci,2658,60,3.34225043742311
Nesogale talazaci,3016,60,140.172395425043
Nesogale talazaci,2169,423,0.181274117312074
Nesogale talazaci,2819,423,0.812480411258936
Nesogale talazaci,3349,423,170.780797274529
Nesogale talazaci,3615,423,0.179958904524803
Nesogale talazaci,3642,423,2.87876883525968
Nesogale talazaci,3646,423,0.899620833965421
Nesogale talazaci,3667,423,0.269868277515173
Nesogale talazaci,3884,423,36.126370737397
Nesogale talazaci,4040,423,280.61110980638
Nesogale talazaci,6257,423,2.41024649195707
Nesogale talazaci,6308,423,0.178521961077452
Nesogale talazaci,6400,423,79.7835008618025
Nesogale talazaci,6559,423,170.785426053185
Nesogale talazaci,6792,423,0.267144246867418
Nesogale talazaci,7156,423,11407.8782442234
Nesogale talazaci,7675,423,0.62064821295929
Nesogale talazaci,7684,423,0.265972006814122
Nesogale talazaci,7744,423,0.354345133471251
Nesogale talazaci,8530,423,0.263970784573913
Nesogale talazaci,8533,423,0.263951895236254
Nesogale talazaci,8535,423,0.263943306310892
Nesogale talazaci,8553,423,2.81359134580875
Nesogale talazaci,9050,423,4691.23051014356
Nesogale talazaci,2621,449,68.0501291261465
Nesogale talazaci,9812,449,47.4469397172759
Nesogale talazaci,9671,453,2.33597082442749
Nesogale talazaci,9672,453,0.173038084078312
Nesogale talazaci,9688,453,57.1920356452289
Nesogale talazaci,9828,461,27.2715936270507
Nesogale talazaci,9829,462,29.4123165165292
Nesogale talazaci,9830,463,29.3885406549345
Nesogale talazaci,9831,464,20.6592519148769
Nesogale talazaci,9496,456,1329.88182992828
Nesogale talazaci,9804,456,355.553761067319
Nesogale talazaci,9806,456,72.7284184850583
Nesogale talazaci,9834,465,19.4337860709381
Nesogale talazaci,9835,466,187.042904927285
Nesogale talazaci,9836,467,9.05780211758673
Nesomys audeberti,1,1,11.1806174851229
Nesomys audeberti,4,2,5.91201170583612
Nesomys audeberti,5,2,39.808832249399
Nesomys audeberti,10,2,0.0923535899510384
Nesomys audeberti,13,2,9.78885034124469
Nesomys audeberti,14,2,0.184702931169152
Nesomys audeberti,16,4,16.7109386026331
Nesomys audeberti,22,5,47.5331545653718
Nesomys audeberti,34,6,26.8482161109069
Nesomys audeberti,43,8,10.964685349086
Nesomys audeberti,44,8,0.0921358429681063
Nesomys audeberti,45,9,19.254136380346
Nesomys audeberti,49,9,0.276354423903167
Nesomys audeberti,50,9,0.552705523771942
Nesomys audeberti,51,9,25.2373154232593
Nesomys audeberti,53,11,0.920947142538845
Nesomys audeberti,54,12,0.460479690076709
Nesomys audeberti,55,12,0.276287814046025
Nesomys audeberti,61,11,0.0920914871640205
Nesomys audeberti,64,11,19.7063202487138
Nesomys audeberti,65,12,19.1535753317625
Nesomys audeberti,105,15,281.014195517025
Nesomys audeberti,122,15,41.019546612291
Nesomys audeberti,132,15,27.1236302449286
Nesomys audeberti,148,18,28.3589301142147
Nesomys audeberti,152,18,0.0917785340768695
Nesomys audeberti,154,20,19.0896275904197
Nesomys audeberti,160,21,21.1952284617382
Nesomys audeberti,172,22,0.0916924755638242
Nesomys audeberti,173,22,205.374224164484
Nesomys audeberti,180,22,0.091668701308012
Nesomys audeberti,181,22,49.4026256800068
Nesomys audeberti,182,24,27.3898332410564
Nesomys audeberti,237,30,26.7580247753003
Nesomys audeberti,244,30,0.990865273712635
Nesomys audeberti,246,30,0.180153383952379
Nesomys audeberti,255,32,0.0900477630903721
Nesomys audeberti,256,32,8.37362159315539
Nesomys audeberti,274,35,5.39304888002252
Nesomys audeberti,285,37,13.0083573426524
Nesomys audeberti,502,49,0.268263126891017
Nesomys audeberti,503,49,0.715356050514937
Nesomys audeberti,504,49,7.15316099739838
Nesomys audeberti,533,49,0.0894041362342835
Nesomys audeberti,545,49,1.96673406490374
Nesomys audeberti,693,62,9.72704076610935
Nesomys audeberti,700,62,0.356898879014611
Nesomys audeberti,708,62,0.356880130990148
Nesomys audeberti,710,62,8.47422071402585
Nesomys audeberti,712,62,0.981214316613197
Nesomys audeberti,724,62,11.1471543368874
Nesomys audeberti,736,62,0.535034442315459
Nesomys audeberti,739,63,0.178273059561968
Nesomys audeberti,741,63,2.22686077615953
Nesomys audeberti,748,63,2.67168173740828
Nesomys audeberti,749,63,95.9470650118183
Nesomys audeberti,750,63,2.04824535180938
Nesomys audeberti,785,67,7.47719265585076
Nesomys audeberti,790,64,32.5033506781079
Nesomys audeberti,796,67,29.4606174763533
Nesomys audeberti,811,70,14.6775891612542
Nesomys audeberti,1018,75,29.9258769405396
Nesomys audeberti,1112,77,27.8556197308008
Nesomys audeberti,1124,77,26.6050361725919
Nesomys audeberti,1150,79,29.6094616040561
Nesomys audeberti,1155,81,56.2269940387501
Nesomys audeberti,1204,81,0.265536269318342
Nesomys audeberti,1220,81,17.1679916088279
Nesomys audeberti,1307,88,30.3134123069997
Nesomys audeberti,1308,89,24.0306143004422
Nesomys audeberti,1310,90,21.4604261837732
Nesomys audeberti,1326,92,0.0883004561549425
Nesomys audeberti,1327,92,1.32446653053212
Nesomys audeberti,1328,92,38.9251549886243
Nesomys audeberti,1334,92,0.0882398636196852
Nesomys audeberti,1335,92,16.7616877255436
Nesomys audeberti,1362,92,0.352837870779514
Nesomys audeberti,1369,92,18.5195332796564
Nesomys audeberti,1401,94,59.5651701901496
Nesomys audeberti,1407,94,54.8552774273227
Nesomys audeberti,1419,96,19.968964950618
Nesomys audeberti,1421,96,0.0879553102525473
Nesomys audeberti,1430,135,0.263815993202567
Nesomys audeberti,1432,135,7.47422574651217
Nesomys audeberti,1433,97,44.7072269239938
Nesomys audeberti,1441,97,25.3661091543095
Nesomys audeberti,1471,99,17.081330381768
Nesomys audeberti,1507,102,11.5564136641994
Nesomys audeberti,1520,136,2.45062763333797
Nesomys audeberti,1530,136,15.3109534877646
Nesomys audeberti,1546,106,4.87634729720127
Nesomys audeberti,1227,131,22.0452068697664
Nesomys audeberti,835,71,2.40106290664852
Nesomys audeberti,836,71,0.0889318128432035
Nesomys audeberti,841,71,0.177858824382067
Nesomys audeberti,842,71,34.5884724114306
Nesomys audeberti,863,71,12.002940350133
Nesomys audeberti,95,13,0.184032862201214
Nesomys audeberti,104,13,320.678141106087
Nesomys audeberti,113,13,0.0919757095105648
Nesomys audeberti,116,13,2.66713659750223
Nesomys audeberti,128,13,120.971133854076
Nesomys audeberti,137,13,206.017035075513
Nesomys audeberti,416,126,16.3813947861906
Nesomys audeberti,21,3,27.8797654553578
Nesomys audeberti,23,3,0.0923130816246867
Nesomys audeberti,25,3,0.0923098705308437
Nesomys audeberti,72,10,19.2392229574898
Nesomys audeberti,131,16,124.847012793095
Nesomys audeberti,1554,16,1.10365287807643
Nesomys audeberti,1553,110,29.4123165165292
Nesomys audeberti,1555,137,27.2715936270507
Nesomys audeberti,1556,138,29.3885406549345
Nesomys rufus,5,2,29.0015402895183
Nesomys rufus,13,2,27.6105856505435
Nesomys rufus,249,15,23.318771661808
Nesomys rufus,625,26,0.643524707940877
Nesomys rufus,647,26,0.183841973942041
Nesomys rufus,651,26,0.643432019172192
Nesomys rufus,660,26,0.367655302864194
Nesomys rufus,665,26,1.56243208603442
Nesomys rufus,666,26,0.275729722221732
Nesomys rufus,669,26,0.275717098941624
Nesomys rufus,674,26,0.275709061498523
Nesomys rufus,676,26,0.459508593737543
Nesomys rufus,680,26,0.45949710468936
Nesomys rufus,681,26,1.1946710927344
Nesomys rufus,691,26,1.47030313296086
Nesomys rufus,706,26,258.144639061159
Nesomys rufus,713,26,0.0918507397885323
Nesomys rufus,830,29,22.8466199514275
Nesomys rufus,843,30,0.0917433039324284
Nesomys rufus,844,30,18.8051942819602
Nesomys rufus,845,31,7.33885625368941
Nesomys rufus,846,31,0.183485430249155
Nesomys rufus,847,30,0.183480718940854
Nesomys rufus,850,31,0.0917350561828613
Nesomys rufus,851,31,0.0917338770872354
Nesomys rufus,855,31,1.92623914275402
Nesomys rufus,857,31,1.19240941025871
Nesomys rufus,858,30,0.275169767138779
Nesomys rufus,871,32,17.3222478996039
Nesomys rufus,876,33,0.0916364719992876
Nesomys rufus,882,33,19.5158601347259
Nesomys rufus,9897,198,37.7648065144268
Nesomys rufus,3286,342,70.171205546759
Nesomys rufus,4344,407,50.5128889844387
Nesomys rufus,4676,407,35.5206766781266
Nesomys rufus,4719,421,137.38275887876
Nesomys rufus,6708,426,224.834746882417
Nesomys rufus,162,436,27.8524868086866
Nesomys rufus,274,436,66.0002682437304
Nesomys rufus,10690,436,99.489264897044
Nesomys rufus,5365,441,7.79134288626695
Nesomys rufus,5603,441,44.6638451275753
Nesomys rufus,1397,381,26.4478876853095
Nesomys rufus,1501,381,8.11429082131445
Nesomys rufus,10701,381,2.5531635234251
Nesomys rufus,26,6,282.963967976366
Nesomys rufus,63,6,0.184580053010166
Nesomys rufus,74,9,0.461357019340336
Nesomys rufus,157,9,0.6456592656492
Nesomys rufus,341,9,1.38205641757107
Nesomys rufus,356,9,11.423145542632
Nesomys rufus,430,9,0.368388200792551
Nesomys rufus,537,9,0.459940905707538
Nesomys rufus,547,9,0.4598808172791
Nesomys rufus,632,9,27.9446135478371
Nesomys rufus,640,9,0.459616383672059
Nesomys rufus,653,9,0.275752651619673
Nesomys rufus,663,9,0.183823638215899
Nesomys rufus,667,9,0.183819050049782
Nesomys rufus,701,9,1.10250129361898
Nesomys rufus,765,9,56.6331511740975
Nesomys rufus,822,9,0.0917656384553313
Nesomys rufus,870,9,0.0916520090399981
Nesomys rufus,890,9,0.0915035761964917
Nesomys rufus,964,9,5.30132175810611
Nesomys rufus,1548,9,0.182313957849741
Nesomys rufus,1580,9,0.0911397038677931
Nesomys rufus,1661,9,0.181903481924057
Nesomys rufus,1663,9,0.0909425551223755
Nesomys rufus,1664,9,0.545590951331377
Nesomys rufus,1666,9,0.0909294146479368
Nesomys rufus,1672,9,13.8159133813126
Nesomys rufus,1707,9,12982.2615231991
Nesomys rufus,273,274,0.737273050806344
Nesomys rufus,275,274,1.19805921826696
Nesomys rufus,316,274,204.60803648363
Nesomys rufus,3838,378,36.126370737397
Nesomys rufus,10702,446,58.1494763075515
Nesomys rufus,10704,440,54.7933720210891
Nesomys rufus,10619,218,2.33597082442749
Nesomys rufus,10621,218,0.173038084078312
Nesomys rufus,10687,218,57.1920356452289
Nesomys rufus,10657,447,0.604549703200459
Nesomys rufus,10667,447,0.777178853789091
Nesomys rufus,10718,447,19.9515621485635
Nesomys rufus,10714,448,27.2715936270507
Nesomys rufus,10715,449,29.4123165165292
Nesomys rufus,10716,450,29.3885406549345
Nesomys rufus,10717,451,20.6592519148769
Nesomys rufus,1848,423,0.181384007577896
Nesomys rufus,1881,423,0.181274117312074
Nesomys rufus,2517,423,0.812480411258936
Nesomys rufus,2783,423,4.41784557399475
Nesomys rufus,3061,423,170.780797274529
Nesomys rufus,3450,423,0.179958904524803
Nesomys rufus,3503,423,2.87876883525968
Nesomys rufus,3512,423,0.899620833965421
Nesomys rufus,3544,423,0.269868277515173
Nesomys rufus,3925,423,6517.22492630081
Nesomys rufus,4014,423,280.61110980638
Nesomys rufus,6368,423,77.7280514799157
Nesomys rufus,6628,423,180.783642575444
Nesomys rufus,7351,423,4189.49605246133
Nesomys rufus,7982,423,0.62064821295929
Nesomys rufus,7986,423,0.0886633300149441
Nesomys rufus,7996,423,0.265972006814122
Nesomys rufus,8003,423,1.32984204425585
Nesomys rufus,8554,423,0.0882920564128161
Nesomys rufus,9114,423,0.263970784573913
Nesomys rufus,9118,423,0.263951895236254
Nesomys rufus,9119,423,0.263943306310892
Nesomys rufus,9125,423,0.0879776659069061
Nesomys rufus,9156,423,2.81359134580875
Nesomys rufus,9959,423,4680.61282426808
Nesomys rufus,10703,423,4.33088854262591
Nesomys rufus,9776,430,0.174932641012549
Nesomys rufus,10451,430,1316.33762399662
Nesomys rufus,10472,430,72.7284184850759
Nesomys rufus,10711,430,355.553761067319
Nesomys rufus,10719,430,0.0871928123806715
Nesomys rufus,10720,452,0.0871747123888731
Nesomys rufus,10721,452,19.4337860709381
Nesomys rufus,10722,453,187.042904927285
Nesomys rufus,10723,454,9.05780211758673
Nesomys rufus,2326,438,68.0501291261465
Nesomys rufus,10713,438,47.4469397172759
Newtonia amphichroa,328,6,451.250691239871
Newtonia amphichroa,334,6,0.731525063597381
Newtonia amphichroa,351,6,51.0717913723374
Newtonia amphichroa,1,1,56.8711675529887
Newtonia amphichroa,3759,1,28.8450665179954
Newtonia amphichroa,293,4,20.1695337628785
Newtonia amphichroa,298,4,4.12545809786367
Newtonia amphichroa,304,4,1180.25384589659
Newtonia amphichroa,3772,4,56.4074041554691
Newtonia amphichroa,3775,4,60.8178864976071
Newtonia amphichroa,6,2,3.97051299494481
Newtonia amphichroa,8,2,110.223524784537
Newtonia amphichroa,10,2,308.541810097905
Newtonia amphichroa,11,2,0.369180514121115
Newtonia amphichroa,15,2,3.50637091730225
Newtonia amphichroa,16,2,2.21454840610319
Newtonia amphichroa,18,2,1.1995567112959
Newtonia amphichroa,31,2,30.809979733636
Newtonia amphichroa,33,2,0.6456592656492
Newtonia amphichroa,37,2,4.33443217345184
Newtonia amphichroa,44,2,0.737634662368238
Newtonia amphichroa,82,2,40.2587459644453
Newtonia amphichroa,89,2,0.276286701651156
Newtonia amphichroa,90,2,1.65764340949857
Newtonia amphichroa,103,2,0.828408787800312
Newtonia amphichroa,110,2,5.79482813861358
Newtonia amphichroa,114,2,0.4598808172791
Newtonia amphichroa,115,2,0.551845176038504
Newtonia amphichroa,116,2,79.7267020532009
Newtonia amphichroa,133,2,0.643524707940877
Newtonia amphichroa,135,2,27.9446135478371
Newtonia amphichroa,137,2,0.459616383672059
Newtonia amphichroa,138,2,0.643432019172192
Newtonia amphichroa,139,2,0.275752651619673
Newtonia amphichroa,141,2,0.367655302864194
Newtonia amphichroa,142,2,3.40058241138262
Newtonia amphichroa,144,2,0.3676461294958
Newtonia amphichroa,145,2,1.56243208603442
Newtonia amphichroa,146,2,0.275729722221732
Newtonia amphichroa,147,2,21.3212908685548
Newtonia amphichroa,148,2,0.275717098941624
Newtonia amphichroa,150,2,0.275709061498523
Newtonia amphichroa,151,2,0.459508593737543
Newtonia amphichroa,152,2,0.275701020456195
Newtonia amphichroa,153,2,0.45949710468936
Newtonia amphichroa,154,2,1.1946710927344
Newtonia amphichroa,155,2,3.30822947109908
Newtonia amphichroa,158,2,1.47030313296086
Newtonia amphichroa,160,2,0.64325064792037
Newtonia amphichroa,162,2,1.10266377710551
Newtonia amphichroa,164,2,2.02137478975803
Newtonia amphichroa,165,2,0.826945434479237
Newtonia amphichroa,170,2,0.826825480995119
Newtonia amphichroa,171,2,0.459349671094894
Newtonia amphichroa,172,2,0.367459639964223
Newtonia amphichroa,174,2,0.275586929093957
Newtonia amphichroa,175,2,1.46972063059181
Newtonia amphichroa,176,2,0.275577679304183
Newtonia amphichroa,177,2,2.75561017110461
Newtonia amphichroa,178,2,0.275553377308786
Newtonia amphichroa,179,2,0.551107912560761
Newtonia amphichroa,188,2,26.2648020061304
Newtonia amphichroa,193,2,344.140845962804
Newtonia amphichroa,204,2,3.48845173661
Newtonia amphichroa,239,2,1.46844013959706
Newtonia amphichroa,249,2,5.32260880427534
Newtonia amphichroa,255,2,0.275296915365994
Newtonia amphichroa,261,2,0.275287525101185
Newtonia amphichroa,282,2,7497.09637195165
Newtonia amphichroa,319,2,93.1465331019857
Newtonia amphichroa,3787,2,0.275940742864907
Newtonia amphichroa,459,7,0.453150576037049
Newtonia amphichroa,460,7,0.724522578126073
Newtonia amphichroa,467,7,3.34656587903523
Newtonia amphichroa,470,7,0.723568351452589
Newtonia amphichroa,471,7,1.62797005261195
Newtonia amphichroa,472,7,1.35659697943354
Newtonia amphichroa,505,7,1.35457540027249
Newtonia amphichroa,520,7,0.812480411258936
Newtonia amphichroa,530,7,6.49805329123199
Newtonia amphichroa,531,7,0.270769661503077
Newtonia amphichroa,542,7,1.8950526490041
Newtonia amphichroa,779,7,2.87876883525968
Newtonia amphichroa,781,7,0.899620833965421
Newtonia amphichroa,800,7,0.269868277515173
Newtonia amphichroa,933,7,36.126370737397
Newtonia amphichroa,1038,7,280.61110980638
Newtonia amphichroa,1240,7,50.5128889844387
Newtonia amphichroa,1365,7,126.172691518985
Newtonia amphichroa,1420,7,35.5206766781266
Newtonia amphichroa,2588,7,79.7835008618025
Newtonia amphichroa,2687,7,180.783642575444
Newtonia amphichroa,2709,7,215.032351611546
Newtonia amphichroa,2991,7,10623.6463804764
Newtonia amphichroa,3195,7,0.620648212959528
Newtonia amphichroa,3198,7,0.265972006814122
Newtonia amphichroa,3203,7,0.709200345668078
Newtonia amphichroa,3215,7,0.531537427095413
Newtonia amphichroa,3396,7,0.616458661458969
Newtonia amphichroa,3398,7,0.264157514937997
Newtonia amphichroa,3401,7,0.351836727607369
Newtonia amphichroa,3402,7,3484.39964898643
Newtonia amphichroa,3774,7,54.7933720210891
Newtonia amphichroa,3403,12,45.412514955047
Newtonia amphichroa,3410,12,0.614342893218875
Newtonia amphichroa,3416,12,217.371554152488
Newtonia amphichroa,3420,12,0.788521377318382
Newtonia amphichroa,3535,12,559.492543822654
Newtonia amphichroa,3630,12,1.04501600193715
Newtonia amphichroa,3754,12,1297.42904310045
Newtonia amphichroa,3781,12,352.064523666791
Newtonia amphichroa,3782,12,24.9170745355883
Newtonia amphichroa,3783,12,72.7284184850583
Newtonia amphichroa,3791,12,19.4337860709381
Newtonia amphichroa,3792,12,9.05780211758673
Newtonia amphichroa,3793,12,46.9308930337322
Newtonia amphichroa,362,16,0.365114871520877
Newtonia amphichroa,377,16,0.456063180403352
Newtonia amphichroa,391,16,0.364791096059203
Newtonia amphichroa,410,16,482.769855592404
Newtonia amphichroa,418,16,39.2921585397567
Newtonia amphichroa,442,16,0.272939017240644
Newtonia amphichroa,446,16,0.454536456868768
Newtonia amphichroa,447,16,0.363629429207206
Newtonia amphichroa,448,16,2796.01416442039
Newtonia amphichroa,3776,16,7.7561275905453
Newtonia amphichroa,3784,17,29.4123165165292
Newtonia amphichroa,3794,17,27.2715936270507
Newtonia amphichroa,3795,17,29.3885406549345
Newtonia brunneicauda,39244,197,11.331098059531
Newtonia brunneicauda,39512,184,24.5074496821449
Newtonia brunneicauda,39525,184,152.434539488664
Newtonia brunneicauda,39970,184,32.897685323071
Newtonia brunneicauda,40020,184,47.5161649497197
Newtonia brunneicauda,40400,184,27.038656370522
Newtonia brunneicauda,29671,13,20.4796160463027
Newtonia brunneicauda,40044,230,24.0897988637466
Newtonia brunneicauda,40684,227,13.4745567878347
Newtonia brunneicauda,28674,143,4.90556114873231
Newtonia brunneicauda,28797,143,5.17274390201235
Newtonia brunneicauda,24989,223,42.3362076362427
Newtonia brunneicauda,34178,239,10.3398139962552
Newtonia brunneicauda,40737,241,14.5508957098997
Newtonia brunneicauda,5233,102,0.274908219362199
Newtonia brunneicauda,5301,102,0.366509968225718
Newtonia brunneicauda,5417,102,3.48152099565202
Newtonia brunneicauda,5462,102,23.272929294417
Newtonia brunneicauda,40288,102,0.183232200932503
Newtonia brunneicauda,40868,102,0.824719871121347
Newtonia brunneicauda,7524,193,0.456848093526959
Newtonia brunneicauda,7541,193,0.182749920761347
Newtonia brunneicauda,7624,193,0.456835664464593
Newtonia brunneicauda,7625,193,0.182735011702538
Newtonia brunneicauda,7626,193,0.274101896026969
Newtonia brunneicauda,7643,193,0.182733768648863
Newtonia brunneicauda,7656,193,0.274093192542315
Newtonia brunneicauda,7689,193,0.182726307796717
Newtonia brunneicauda,7700,193,0.274081997471213
Newtonia brunneicauda,7744,193,0.182715109353781
Newtonia brunneicauda,7794,193,0.822180016362309
Newtonia brunneicauda,7822,193,0.274053362136722
Newtonia brunneicauda,7833,193,6.02962584375572
Newtonia brunneicauda,8169,193,64.7813755391271
Newtonia brunneicauda,40926,193,0.182741225706577
Newtonia brunneicauda,40927,193,4.01953690115464
Newtonia brunneicauda,40928,193,0.822156348397851
Newtonia brunneicauda,582,90,0.370271373195231
Newtonia brunneicauda,584,90,0.462834125284791
Newtonia brunneicauda,588,90,43.0377824654073
Newtonia brunneicauda,589,90,0.18513059458977
Newtonia brunneicauda,611,90,1.48074673073471
Newtonia brunneicauda,615,90,1.66577102635694
Newtonia brunneicauda,621,90,0.277623898765862
Newtonia brunneicauda,625,90,0.277610584835947
Newtonia brunneicauda,660,90,1.38815019469857
Newtonia brunneicauda,40951,90,0.185083622752249
Newtonia brunneicauda,3345,139,0.275667671454787
Newtonia brunneicauda,3377,139,1.92954817861235
Newtonia brunneicauda,3534,139,0.275591552190423
Newtonia brunneicauda,3566,139,0.367434207116008
Newtonia brunneicauda,3567,139,0.183716525221109
Newtonia brunneicauda,3593,139,33.8991079803611
Newtonia brunneicauda,40839,139,0.183782283741117
Newtonia brunneicauda,40844,139,0.367500048400104
Newtonia brunneicauda,515,254,43.4528749465152
Newtonia brunneicauda,284,249,0.463597745714188
Newtonia brunneicauda,363,249,43.2038186617044
Newtonia brunneicauda,188,149,0.55664420881176
Newtonia brunneicauda,195,149,0.371099061261296
Newtonia brunneicauda,198,149,0.556625695955813
Newtonia brunneicauda,208,149,0.185535398295105
Newtonia brunneicauda,215,149,0.463806772104442
Newtonia brunneicauda,223,149,0.27827526928854
Newtonia brunneicauda,225,149,0.463781360735595
Newtonia brunneicauda,240,149,0.278243954662919
Newtonia brunneicauda,253,149,0.185478644791543
Newtonia brunneicauda,256,149,0.27820176096195
Newtonia brunneicauda,259,149,0.64914825101471
Newtonia brunneicauda,264,149,0.18546587502265
Newtonia brunneicauda,269,149,130.021860527528
Newtonia brunneicauda,273,149,0.18545505566138
Newtonia brunneicauda,274,149,6.4908973798604
Newtonia brunneicauda,283,149,8.4370977335708
Newtonia brunneicauda,285,149,0.185438309593201
Newtonia brunneicauda,292,149,0.185425482894003
Newtonia brunneicauda,40232,149,0.185474717534363
Newtonia brunneicauda,40950,149,56.8711675529887
Newtonia brunneicauda,26008,255,7.79134288626695
Newtonia brunneicauda,26512,255,44.6638451275753
Newtonia brunneicauda,38410,217,52.5726336753295
Newtonia brunneicauda,38965,217,9.98819568180025
Newtonia brunneicauda,39075,217,0.260165493234158
Newtonia brunneicauda,39116,217,12.7407955704254
Newtonia brunneicauda,39148,217,12.0483039035151
Newtonia brunneicauda,39368,217,466.866095203728
Newtonia brunneicauda,40501,217,17.8876522784661
Newtonia brunneicauda,40547,217,63.798109872398
Newtonia brunneicauda,40653,217,81.7029833634163
Newtonia brunneicauda,41088,217,38.07813925748
Newtonia brunneicauda,5721,228,0.732451485653877
Newtonia brunneicauda,6410,228,104.61434809919
Newtonia brunneicauda,40992,228,64.9869920614074
Newtonia brunneicauda,41016,228,3.11329257240254
Newtonia brunneicauda,41017,228,14.1007399868137
Newtonia brunneicauda,41030,228,2.56288165690053
Newtonia brunneicauda,41060,228,0.274669912564755
Newtonia brunneicauda,41061,228,0.366225743037939
Newtonia brunneicauda,41062,228,0.549305915590942
Newtonia brunneicauda,41108,228,0.366233005417585
Newtonia brunneicauda,40741,258,13.0307413413469
Newtonia brunneicauda,40837,258,6.06907414019537
Newtonia brunneicauda,41107,258,2.02272765648687
Newtonia brunneicauda,36492,237,88.8579889962915
Newtonia brunneicauda,36801,237,16.1215402504437
Newtonia brunneicauda,37848,260,54.5408324229195
Newtonia brunneicauda,41081,237,54.2897934620137
Newtonia brunneicauda,41082,237,31.4692072683324
Newtonia brunneicauda,41084,260,36.3826787541578
Newtonia brunneicauda,40824,259,112.468627701651
Newtonia brunneicauda,1264,97,197.731583171071
Newtonia brunneicauda,1851,97,38.9884159684163
Newtonia brunneicauda,3033,97,0.643524707942724
Newtonia brunneicauda,3110,97,0.459616383672059
Newtonia brunneicauda,3133,97,0.183841973942041
Newtonia brunneicauda,3145,97,0.643432019172192
Newtonia brunneicauda,3155,97,0.275752651619673
Newtonia brunneicauda,3180,97,0.367655302864194
Newtonia brunneicauda,3206,97,1.56243208603442
Newtonia brunneicauda,3207,97,0.275729722221732
Newtonia brunneicauda,3239,97,0.275717098941624
Newtonia brunneicauda,3259,97,0.275709061498523
Newtonia brunneicauda,3267,97,0.459508593737543
Newtonia brunneicauda,3280,97,0.45949710468936
Newtonia brunneicauda,3281,97,1.1946710927344
Newtonia brunneicauda,3302,97,0.183794934333146
Newtonia brunneicauda,3311,97,54.8720161250916
Newtonia brunneicauda,3316,97,3.21620605602419
Newtonia brunneicauda,3317,97,0.551364106284499
Newtonia brunneicauda,3329,97,1.10266377710527
Newtonia brunneicauda,3343,97,0.183781132994473
Newtonia brunneicauda,3344,97,0.367564567481756
Newtonia brunneicauda,3356,97,0.183777680330753
Newtonia brunneicauda,3364,97,0.551319225258708
Newtonia brunneicauda,3373,97,0.183773075227499
Newtonia brunneicauda,3384,97,1.10259928914046
Newtonia brunneicauda,3391,97,2.02137478975803
Newtonia brunneicauda,3392,97,0.826945434479237
Newtonia brunneicauda,3400,97,0.643170052255213
Newtonia brunneicauda,3406,97,0.183763859938979
Newtonia brunneicauda,3415,97,0.183761555059075
Newtonia brunneicauda,3416,97,1.65382056523675
Newtonia brunneicauda,3453,97,0.826825480994821
Newtonia brunneicauda,3499,97,0.459349671094894
Newtonia brunneicauda,3531,97,0.367459639964223
Newtonia brunneicauda,3554,97,0.183724619395971
Newtonia brunneicauda,3555,97,0.275586929093957
Newtonia brunneicauda,3564,97,1.46972063059181
Newtonia brunneicauda,3565,97,0.275577679304183
Newtonia brunneicauda,3693,97,0.367363554798603
Newtonia brunneicauda,3728,97,58.8617537300254
Newtonia brunneicauda,3838,97,439.973113778875
Newtonia brunneicauda,3900,97,0.275443051051259
Newtonia brunneicauda,13658,97,21995.7131263174
Newtonia brunneicauda,40515,97,446.541277790112
Newtonia brunneicauda,41114,97,0.369282266752303
Newtonia brunneicauda,41115,97,0.184641133481979
Newtonia brunneicauda,41117,97,9.5658888511582
Newtonia brunneicauda,41119,97,0.827843772775352
Newtonia brunneicauda,41120,97,0.275940742864907
Newtonia brunneicauda,41121,97,0.275922588019133
Newtonia brunneicauda,41122,97,1.65548669658464
Newtonia brunneicauda,41124,97,0.459814922548056
Newtonia brunneicauda,41125,97,10.9920872748523
Newtonia brunneicauda,41126,97,0.923443426764727
Newtonia brunneicauda,41128,97,0.184049760341406
Newtonia brunneicauda,41130,97,1.74834825798291
Newtonia brunneicauda,41132,97,1.74828060862398
Newtonia brunneicauda,23121,134,1032.09468954584
Newtonia brunneicauda,40666,134,21.0241786897857
Newtonia brunneicauda,41148,134,7.49786063311923
Newtonia brunneicauda,41149,134,10.465825454369
Newtonia brunneicauda,41155,134,1.35249907425892
Newtonia brunneicauda,41159,134,0.180300166686296
Newtonia brunneicauda,41161,134,3.33495901543343
Newtonia brunneicauda,41163,134,0.180258544605851
Newtonia brunneicauda,41165,134,0.18024417185688
Newtonia brunneicauda,41166,134,0.270356910651445
Newtonia brunneicauda,41167,134,0.180231227523327
Newtonia brunneicauda,41169,134,0.360449504251242
Newtonia brunneicauda,41171,134,2.16237442039514
Newtonia brunneicauda,41174,134,0.27020117475152
Newtonia brunneicauda,41175,134,0.180086833140135
Newtonia brunneicauda,41176,134,1.89003464057791
Newtonia brunneicauda,41177,134,4.23005688389182
Newtonia brunneicauda,41178,134,0.179935558159113
Newtonia brunneicauda,41179,134,0.449812608878851
Newtonia brunneicauda,41140,262,1.62801036448324
Newtonia brunneicauda,41141,262,0.180872270540357
Newtonia brunneicauda,41142,262,4.52090276207972
Newtonia brunneicauda,41147,262,0.542388144284248
Newtonia brunneicauda,16829,152,38.2051651932399
Newtonia brunneicauda,16948,152,3.07696966736627
Newtonia brunneicauda,16961,152,0.723997986286044
Newtonia brunneicauda,17055,152,0.361958205401897
Newtonia brunneicauda,41133,152,0.452763459861636
Newtonia brunneicauda,25560,172,110.634216100066
Newtonia brunneicauda,25656,263,90.2006443720138
Newtonia brunneicauda,25712,263,2.32886922907722
Newtonia brunneicauda,25862,263,3.3134309653126
Newtonia brunneicauda,25875,263,1.79096353913164
Newtonia brunneicauda,26078,263,2.32767118465054
Newtonia brunneicauda,26148,263,2.05895008530676
Newtonia brunneicauda,26171,263,1.9695149083488
Newtonia brunneicauda,26182,263,1.52182598961449
Newtonia brunneicauda,26307,263,0.358042122387886
Newtonia brunneicauda,26331,263,0.268520162322521
Newtonia brunneicauda,26451,263,0.178989041683435
Newtonia brunneicauda,26476,263,0.268474406305432
Newtonia brunneicauda,26500,263,2.50550766269672
Newtonia brunneicauda,26669,263,0.357865030018806
Newtonia brunneicauda,26670,263,0.357865030018806
Newtonia brunneicauda,26724,263,1.16299019851911
Newtonia brunneicauda,26780,263,0.178908027130246
Newtonia brunneicauda,26828,263,0.89446200739193
Newtonia brunneicauda,26977,263,1.78860352420616
Newtonia brunneicauda,27036,263,2.86157776304519
Newtonia brunneicauda,27083,263,0.536503212695122
Newtonia brunneicauda,27084,263,1.87770515916026
Newtonia brunneicauda,27134,263,0.178825184745312
Newtonia brunneicauda,27273,263,16.7138689349543
Newtonia brunneicauda,27382,263,89.7882265229853
Newtonia brunneicauda,27552,263,362.493222025175
Newtonia brunneicauda,28209,263,155.609431149062
Newtonia brunneicauda,40589,263,4.73613397636772
Newtonia brunneicauda,40668,263,170.754673511907
Newtonia brunneicauda,40758,263,3.75955498127008
Newtonia brunneicauda,40829,263,3.30518937351549
Newtonia brunneicauda,41188,263,1.79238486696017
Newtonia brunneicauda,41191,263,27.383507147518
Newtonia brunneicauda,41192,263,22.6292422166447
Newtonia brunneicauda,41203,263,59.9353472358141
Newtonia brunneicauda,15547,219,0.181274117312193
Newtonia brunneicauda,18707,219,68.0501291261465
Newtonia brunneicauda,19355,219,0.812480411258936
Newtonia brunneicauda,21157,219,170.780797274529
Newtonia brunneicauda,21583,219,70.171205546759
Newtonia brunneicauda,21982,219,0.179958904524803
Newtonia brunneicauda,22103,219,2.87876883525968
Newtonia brunneicauda,22115,219,0.899620833965421
Newtonia brunneicauda,22182,219,0.269868277515173
Newtonia brunneicauda,22838,219,36.126370737397
Newtonia brunneicauda,23450,219,280.61110980638
Newtonia brunneicauda,24284,219,50.5128889844387
Newtonia brunneicauda,24909,219,35.5206766781266
Newtonia brunneicauda,24961,219,137.38275887876
Newtonia brunneicauda,28469,219,79.7835008618025
Newtonia brunneicauda,28998,219,180.783642575444
Newtonia brunneicauda,29296,219,224.834746882417
Newtonia brunneicauda,30757,219,11419.5619256074
Newtonia brunneicauda,32684,219,0.620648212959528
Newtonia brunneicauda,32714,219,0.265972006814122
Newtonia brunneicauda,32754,219,0.709200345668078
Newtonia brunneicauda,32791,219,0.177290677110672
Newtonia brunneicauda,35751,219,28.8370827305443
Newtonia brunneicauda,37584,219,37.7648065144268
Newtonia brunneicauda,37716,219,4897.99546009716
Newtonia brunneicauda,39656,219,1329.88182992828
Newtonia brunneicauda,41049,219,54.7933720210891
Newtonia brunneicauda,41057,219,58.1494763075515
Newtonia brunneicauda,41058,219,38.3946948622806
Newtonia brunneicauda,41059,219,1.35457540027201
Newtonia brunneicauda,41092,219,355.553761067319
Newtonia brunneicauda,41094,219,72.7284184850583
Newtonia brunneicauda,41113,219,47.4469397172759
Newtonia brunneicauda,41208,219,19.4337860709381
Newtonia brunneicauda,41209,219,187.042904927285
Newtonia brunneicauda,41210,219,9.05780211758673
Newtonia brunneicauda,35056,234,585.127177377261
Newtonia brunneicauda,40738,234,2.02803748513663
Newtonia brunneicauda,40739,234,2.11576712074435
Newtonia brunneicauda,40823,234,17.1091583224724
Newtonia brunneicauda,41102,234,9.25706128804803
Newtonia brunneicauda,41105,234,4.31856011909986
Newtonia brunneicauda,41202,234,2.74076471963298
Newtonia brunneicauda,29241,236,16.7503128028274
Newtonia brunneicauda,29732,236,16.3782069258974
Newtonia brunneicauda,30338,236,0.177959455841064
Newtonia brunneicauda,30648,236,94.0284960762084
Newtonia brunneicauda,31112,236,509.004872819902
Newtonia brunneicauda,33350,236,260.732262440753
Newtonia brunneicauda,40725,236,25.9190793253232
Newtonia brunneicauda,40728,236,79.2501346083427
Newtonia brunneicauda,41193,236,0.177962643784523
Newtonia brunneicauda,41199,236,2.65747338466716
Newtonia brunneicauda,41200,236,0.177169278389692
Newtonia brunneicauda,41204,236,19.8014696613791
Newtonia brunneicauda,6480,246,16.3740665150672
Newtonia brunneicauda,6831,246,19.2038282113973
Newtonia brunneicauda,7048,246,1.91988596975887
Newtonia brunneicauda,7049,246,4.2053427026192
Newtonia brunneicauda,7170,246,22.2892814174211
Newtonia brunneicauda,7178,246,5.85033975470352
Newtonia brunneicauda,7192,246,24.6792146248873
Newtonia brunneicauda,7262,246,1.0054375043211
Newtonia brunneicauda,7271,246,2.65062070312488
Newtonia brunneicauda,7287,246,0.182805694629431
Newtonia brunneicauda,7326,246,2.37624750380063
Newtonia brunneicauda,7335,246,0.274192454328179
Newtonia brunneicauda,7372,246,0.548346514569998
Newtonia brunneicauda,7373,246,0.182784649551272
Newtonia brunneicauda,7409,246,0.182778454094648
Newtonia brunneicauda,7431,246,8.3165148231597
Newtonia brunneicauda,7438,246,1.27936982512558
Newtonia brunneicauda,7460,246,8.86332816260099
Newtonia brunneicauda,7676,246,0.274089461484194
Newtonia brunneicauda,7769,246,10.9639024804163
Newtonia brunneicauda,7770,246,4.567756926453
Newtonia brunneicauda,8094,246,0.54794446963501
Newtonia brunneicauda,8251,246,0.365240409358501
Newtonia brunneicauda,8265,246,1.46089898014283
Newtonia brunneicauda,8276,246,0.456539862202287
Newtonia brunneicauda,8516,246,0.73026370028019
Newtonia brunneicauda,8556,246,0.547674823724389
Newtonia brunneicauda,8626,246,1.64285957804191
Newtonia brunneicauda,8641,246,0.912692769446373
Newtonia brunneicauda,8656,246,0.638874861070156
Newtonia brunneicauda,8695,246,0.82137056838429
Newtonia brunneicauda,8703,246,0.456318663737774
Newtonia brunneicauda,8732,246,1.64265917571056
Newtonia brunneicauda,8794,246,2.09870394610953
Newtonia brunneicauda,8944,246,753.814320473975
Newtonia brunneicauda,8945,246,0.273718223156929
Newtonia brunneicauda,8946,246,0.273718223156929
Newtonia brunneicauda,8954,246,2.0072273404777
Newtonia brunneicauda,8970,246,0.364942030489683
Newtonia brunneicauda,8984,246,0.273705573990226
Newtonia brunneicauda,9046,246,0.547380770865917
Newtonia brunneicauda,9097,246,0.273672653065681
Newtonia brunneicauda,40409,246,37.7410851750167
Newtonia brunneicauda,40606,246,2.19383277368414
Newtonia brunneicauda,40830,246,9.48887854600907
Newtonia brunneicauda,40935,246,16.5402429724604
Newtonia brunneicauda,41001,246,0.456749789226413
Newtonia brunneicauda,41064,246,0.456175956650376
Newtonia brunneicauda,39276,256,2.33597082442749
Newtonia brunneicauda,39278,256,0.173038084078312
Newtonia brunneicauda,41098,256,57.1920356452289
Newtonia brunneicauda,39426,264,0.777178853789091
Newtonia brunneicauda,40998,264,0.604549703200817
Newtonia brunneicauda,41211,264,27.2715936270507
Newtonia brunneicauda,41212,264,29.4123165165292
Newtonia brunneicauda,41213,264,29.3885406549345
Newtonia brunneicauda,41214,264,20.6592519148769
Newtonia brunneicauda,41215,264,19.9515621485635
Newtonia brunneicauda,22487,261,0.449603298739433
Newtonia brunneicauda,22488,261,0.359686745625973
Newtonia brunneicauda,22634,261,167.74218789238
Newtonia brunneicauda,41135,261,0.449634089967847
Oriolia bernieri,1,1,16.7109386026331
Oriolia bernieri,2,2,0.369097689209938
Oriolia bernieri,4,2,16.2380797407139
Oriolia bernieri,162,5,30.0199160086855
Oriolia bernieri,302,8,90.6087475249957
Oriolia bernieri,532,10,21.7369523021736
Oriolia bernieri,613,10,11.5351376852355
Oriolia bernieri,747,12,0.539962693065524
Oriolia bernieri,751,12,16.6469548786582
Oriolia bernieri,802,12,25.4497781860946
Oriolia bernieri,2120,17,2.33597082442749
Oriolia bernieri,2121,17,57.1920356452289
Oriolia bernieri,393,14,12.6555674216383
Oriolia bernieri,397,14,1.62670272357106
Oriolia bernieri,398,14,1.80727975274527
Oriolia bernieri,403,14,12.6494245827441
Oriolia bernieri,407,14,53.8645118024475
Oriolia bernieri,442,14,10.6574180423908
Oriolia bernieri,190,15,13.1357041293061
Oriolia bernieri,193,15,0.912147929515123
Oriolia bernieri,194,15,1.18578380805576
Oriolia bernieri,198,15,26.4478876853095
Oriolia bernieri,214,15,0.820222737159848
Oriolia bernieri,215,15,0.911358596914411
Oriolia bernieri,216,15,93.6206503871396
Oriolia bernieri,218,15,12.758793064086
Oriolia bernieri,219,15,2.55151549227786
Oriolia bernieri,221,15,0.455598468921423
Oriolia bernieri,224,15,19.7650407055075
Oriolia bernieri,227,15,29.9512162682307
Oriolia bernieri,228,15,339.071707452491
Oriolia bernieri,229,15,0.455342053341389
Oriolia bernieri,232,15,0.910226471503973
Oriolia bernieri,239,15,15.4688207899902
Oriolia bernieri,242,15,3.09337898071671
Oriolia bernieri,243,15,1.09175737492621
Oriolia bernieri,2134,15,23.2616475737423
Oriolia bernieri,2135,15,2.5531635234251
Oriolia bernieri,2137,15,6.55625383606565
Oriolia bernieri,5,3,45.7864865830548
Oriolia bernieri,6,3,24.1268954720605
Oriolia bernieri,21,3,229.185749170682
Oriolia bernieri,23,3,662.320691669631
Oriolia bernieri,33,3,179.196061611405
Oriolia bernieri,36,3,0.7341004570086
Oriolia bernieri,37,3,302.925408889001
Oriolia bernieri,39,3,1.55956194535005
Oriolia bernieri,40,3,216.172544688612
Oriolia bernieri,41,3,365.271991335024
Oriolia bernieri,42,3,78.8713894917241
Oriolia bernieri,43,3,122.925213105395
Oriolia bernieri,44,3,30.0534282457162
Oriolia bernieri,46,3,140.784086729228
Oriolia bernieri,52,3,215.479753272433
Oriolia bernieri,56,3,13.090226422023
Oriolia bernieri,60,3,22.6046144532959
Oriolia bernieri,70,3,29.9150806649746
Oriolia bernieri,74,3,17.7414483356861
Oriolia bernieri,85,3,0.548483832757473
Oriolia bernieri,87,3,2.55931186735427
Oriolia bernieri,92,3,131.561129517024
Oriolia bernieri,116,3,0.822115219518423
Oriolia bernieri,132,3,10.7772300272098
Oriolia bernieri,136,3,0.6392639621948
Oriolia bernieri,144,3,3.56108456753302
Oriolia bernieri,1775,13,11.5617810683509
Oriolia bernieri,1776,13,1.83884248594964
Oriolia bernieri,1777,13,9.10585069831289
Oriolia bernieri,1780,13,14.3554229469444
Oriolia bernieri,1784,13,2.45062763333797
Oriolia bernieri,1787,13,15.3109534877646
Oriolia bernieri,1804,13,37.1901989400183
Oriolia bernieri,1812,13,2.79871950479984
Oriolia bernieri,1824,13,0.437195466725349
Oriolia bernieri,1827,13,19.9321749111719
Oriolia bernieri,1832,13,1.04886365815949
Oriolia bernieri,1838,13,25.4386379390516
Oriolia bernieri,1861,13,217.638435355954
Oriolia bernieri,1879,13,15.4576884909665
Oriolia bernieri,1884,13,3.14337245573401
Oriolia bernieri,1894,13,1.39672232339084
Oriolia bernieri,1932,13,105.838389554414
Oriolia bernieri,1954,13,0.348686170937419
Oriolia bernieri,1958,13,0.522999364481807
Oriolia bernieri,1963,13,0.78440932773304
Oriolia bernieri,1974,13,28.0557889890609
Oriolia bernieri,1981,13,1.9170023622942
Oriolia bernieri,1988,13,7.22861965927589
Oriolia bernieri,1992,13,3.3089298474443
Oriolia bernieri,1994,13,90.5622423782198
Oriolia bernieri,1995,13,93.9339657074212
Oriolia bernieri,2005,13,8.43718636894178
Oriolia bernieri,2051,13,0.347606800359964
Oriolia bernieri,2053,13,6.60311605216253
Oriolia bernieri,2062,13,16.0684737306561
Oriolia bernieri,2141,13,0.784296876070023
Oriolia bernieri,503,16,12.9023758178893
Oriolia bernieri,523,16,0.360820509202004
Oriolia bernieri,533,16,2.88615462252796
Oriolia bernieri,542,16,92.1044066543659
Oriolia bernieri,582,16,3.24513473330378
Oriolia bernieri,612,16,163.031346738474
Oriolia bernieri,621,16,124.46588836748
Oriolia bernieri,655,16,0.630549841309428
Oriolia bernieri,660,16,2.43191607726073
Oriolia bernieri,687,16,27.8278116599331
Oriolia bernieri,722,16,70.171205546759
Oriolia bernieri,752,16,0.449954103646755
Oriolia bernieri,769,16,76.1335173310115
Oriolia bernieri,842,16,1.97747789959753
Oriolia bernieri,851,16,121.568228045707
Oriolia bernieri,931,16,24.8651506374337
Oriolia bernieri,932,16,2.42375423461521
Oriolia bernieri,943,16,115.821685232928
Oriolia bernieri,944,16,2.96166088926137
Oriolia bernieri,947,16,34.4461709039676
Oriolia bernieri,1026,16,0.807085143688679
Oriolia bernieri,1030,16,33.636302833037
Oriolia bernieri,1043,16,84.8617489591666
Oriolia bernieri,1134,16,124.076896941068
Oriolia bernieri,1159,16,3.4040187478323
Oriolia bernieri,1219,16,105.04106308285
Oriolia bernieri,1264,16,9.03832219414033
Oriolia bernieri,1270,16,0.805319379196763
Oriolia bernieri,1275,16,107.14129444491
Oriolia bernieri,1368,16,0.982666379207492
Oriolia bernieri,1382,16,0.625284177395225
Oriolia bernieri,1399,16,8.66239302727258
Oriolia bernieri,1438,16,40.5297465869773
Oriolia bernieri,1446,16,0.446176292874932
Oriolia bernieri,1450,16,1.60604260581028
Oriolia bernieri,1461,16,0.446079455514789
Oriolia bernieri,1464,16,320.473570120475
Oriolia bernieri,1470,16,0.713630473426461
Oriolia bernieri,1494,16,3.92362562417841
Oriolia bernieri,1504,16,156.758719104324
Oriolia bernieri,1511,16,121.005936176321
Oriolia bernieri,1525,16,525.550107275784
Oriolia bernieri,1532,16,16.5659779531787
Oriolia bernieri,1533,16,2.22619413036621
Oriolia bernieri,1534,16,2.22612119091761
Oriolia bernieri,1539,16,15.9348882808119
Oriolia bernieri,1545,16,37.0244919187729
Oriolia bernieri,1551,16,63.9684873414999
Oriolia bernieri,1557,16,2.40106290664852
Oriolia bernieri,1558,16,26.7654039302657
Oriolia bernieri,1560,16,12.2696476701559
Oriolia bernieri,1562,16,20.6215166086694
Oriolia bernieri,1603,16,0.62064821295929
Oriolia bernieri,1604,16,0.709200345668078
Oriolia bernieri,1605,16,465.963394972034
Oriolia bernieri,1617,16,0.354345133471251
Oriolia bernieri,1638,16,2.83321769485366
Oriolia bernieri,1709,16,0.441649912203312
Oriolia bernieri,1715,16,0.441623093728662
Oriolia bernieri,1727,16,1.32446653053212
Oriolia bernieri,1762,16,9.96522001104965
Oriolia bernieri,1767,16,1149.89374845529
Oriolia bernieri,2138,16,38.2175073972709
Oryzorictes hova,1,1,56.8711675529895
Oryzorictes hova,947,42,26.2648020061304
Oryzorictes hova,7680,233,37.7648065144268
Oryzorictes hova,59,357,3.97051299494481
Oryzorictes hova,85,357,163.574554071599
Oryzorictes hova,119,357,1.75354863390112
Oryzorictes hova,142,357,0.1845757537058
Oryzorictes hova,1230,49,65.6118628214607
Oryzorictes hova,3643,477,50.5128889844387
Oryzorictes hova,3900,477,35.5206766781266
Oryzorictes hova,3932,499,137.38275887876
Oryzorictes hova,774,511,0.183841973942041
Oryzorictes hova,780,511,0.643432019172192
Oryzorictes hova,795,511,0.367655302864194
Oryzorictes hova,799,511,1.56243208603442
Oryzorictes hova,800,511,0.275729722221732
Oryzorictes hova,802,511,0.275717098941624
Oryzorictes hova,806,511,0.275709061498523
Oryzorictes hova,810,511,0.459508593737841
Oryzorictes hova,813,511,0.45949710468936
Oryzorictes hova,814,511,1.1946710927344
Oryzorictes hova,823,511,3.21620605602294
Oryzorictes hova,829,511,0.367564567481756
Oryzorictes hova,836,511,0.183777680330634
Oryzorictes hova,842,511,0.183773075227499
Oryzorictes hova,845,511,1.10259928914046
Oryzorictes hova,854,511,0.183763859938979
Oryzorictes hova,856,511,0.183761555059075
Oryzorictes hova,857,511,1.65382056523675
Oryzorictes hova,982,511,371.152703804006
Oryzorictes hova,8645,511,0.643524707942724
Oryzorictes hova,319,24,38.9884159684202
Oryzorictes hova,2945,376,70.1712055467508
Oryzorictes hova,5470,501,225.191492433977
Oryzorictes hova,4393,532,7.79134288626695
Oryzorictes hova,4577,532,44.6638451275753
Oryzorictes hova,8721,530,38.5754106344105
Oryzorictes hova,8722,530,1.35457540027201
Oryzorictes hova,3232,448,36.2162431781246
Oryzorictes hova,8711,537,73.1553953594672
Oryzorictes hova,8648,522,457.899270753999
Oryzorictes hova,8720,538,58.1494763075515
Oryzorictes hova,8712,528,54.9733265501487
Oryzorictes hova,2437,497,0.812480411258936
Oryzorictes hova,2494,497,6.49805329123163
Oryzorictes hova,2802,497,170.780797274529
Oryzorictes hova,3070,497,0.899620833965421
Oryzorictes hova,3085,497,0.269868277515173
Oryzorictes hova,3375,497,280.700961597652
Oryzorictes hova,5137,497,0.178590377736568
Oryzorictes hova,5143,497,5.17860213789487
Oryzorictes hova,5149,497,3.83926049733389
Oryzorictes hova,5272,497,79.8728324807925
Oryzorictes hova,5387,497,0.535034442315459
Oryzorictes hova,5402,497,0.178329643460274
Oryzorictes hova,5421,497,110.183179654552
Oryzorictes hova,5778,497,11182.902132722
Oryzorictes hova,6321,497,0.354345133471251
Oryzorictes hova,7200,497,28.8370827305443
Oryzorictes hova,7719,497,4753.71245472324
Oryzorictes hova,8403,497,0.181274117312193
Oryzorictes hova,8598,497,0.179958904524803
Oryzorictes hova,8599,497,2.87876883525717
Oryzorictes hova,672,510,6.89851054304702
Oryzorictes hova,767,521,0.459616383672059
Oryzorictes hova,782,521,0.275752651619673
Oryzorictes hova,801,521,0.551443380143642
Oryzorictes hova,818,521,0.183794934333146
Oryzorictes hova,824,521,0.551364106284499
Oryzorictes hova,840,521,0.551319225258708
Oryzorictes hova,850,521,0.643170052255213
Oryzorictes hova,1753,521,248.075028803625
Oryzorictes hova,1894,521,20118.1280941416
Oryzorictes hova,8644,521,54.8720161250916
Oryzorictes hova,8696,521,0.363716343389511
Oryzorictes hova,8487,527,68.0501291261465
Oryzorictes hova,8740,527,47.4469397172759
Oryzorictes hova,8296,531,2.33597082442749
Oryzorictes hova,8298,531,0.173038084078312
Oryzorictes hova,8353,531,57.1920356452289
Oryzorictes hova,8324,539,0.604549703200459
Oryzorictes hova,8332,539,0.777178853789091
Oryzorictes hova,8752,539,19.9515621485635
Oryzorictes hova,8748,540,27.2715936270507
Oryzorictes hova,8749,541,29.4123165165292
Oryzorictes hova,8750,542,29.3885406549345
Oryzorictes hova,8751,543,20.6592519148769
Oryzorictes hova,8144,533,1329.96889561471
Oryzorictes hova,8732,533,355.641092569589
Oryzorictes hova,8734,533,72.7284184850583
Oryzorictes hova,8755,544,19.4337860709381
Oryzorictes hova,8756,545,187.042904927285
Oryzorictes hova,8757,546,9.05780211758673
Oryzorictes tetradactylus,98,12,35.7168504140324
Oryzorictes tetradactylus,99,13,5.62970285521859
Oryzorictes tetradactylus,112,179,12.2730334952754
Oryzorictes tetradactylus,121,14,53.880920567325
Oryzorictes tetradactylus,128,17,11.0677904937422
Oryzorictes tetradactylus,129,17,23.1488844918891
Oryzorictes tetradactylus,130,16,21.7668094177582
Oryzorictes tetradactylus,141,19,32.2733753701534
Oryzorictes tetradactylus,145,19,27.8410318124057
Oryzorictes tetradactylus,151,20,35.3936003238294
Oryzorictes tetradactylus,152,208,0.184330083481014
Oryzorictes tetradactylus,154,208,0.46079386894691
Oryzorictes tetradactylus,155,208,37.05020652045
Oryzorictes tetradactylus,160,22,10.964685349086
Oryzorictes tetradactylus,162,24,1.19747486800301
Oryzorictes tetradactylus,165,24,0.368458156106472
Oryzorictes tetradactylus,166,24,4.97389831733626
Oryzorictes tetradactylus,167,24,4.23704192003936
Oryzorictes tetradactylus,169,24,6.63162645038044
Oryzorictes tetradactylus,174,25,14.9212984618512
Oryzorictes tetradactylus,176,24,0.184211880049229
Oryzorictes tetradactylus,179,24,1.74986507844758
Oryzorictes tetradactylus,181,24,68.3474855748302
Oryzorictes tetradactylus,185,25,29.7439079649721
Oryzorictes tetradactylus,189,26,19.6108810678481
Oryzorictes tetradactylus,197,29,27.3374724883207
Oryzorictes tetradactylus,200,31,29.8164373522979
Oryzorictes tetradactylus,243,34,0.367897162454665
Oryzorictes tetradactylus,244,210,32.5536096187773
Oryzorictes tetradactylus,277,34,47.6303711655117
Oryzorictes tetradactylus,278,210,0.183868284008205
Oryzorictes tetradactylus,361,36,58.8617537300254
Oryzorictes tetradactylus,409,40,26.8593180791351
Oryzorictes tetradactylus,628,60,9.71559057942391
Oryzorictes tetradactylus,1538,109,13.8900112845451
Oryzorictes tetradactylus,1723,121,7.37843342656613
Oryzorictes tetradactylus,1840,134,25.0456240645473
Oryzorictes tetradactylus,452,46,0.914601419896007
Oryzorictes tetradactylus,454,46,0.548667480043531
Oryzorictes tetradactylus,455,46,0.182880958298028
Oryzorictes tetradactylus,459,46,36.4837271521931
Oryzorictes tetradactylus,482,50,197.08836402096
Oryzorictes tetradactylus,1980,144,98.5473947674056
Oryzorictes tetradactylus,820,69,106.684793057139
Oryzorictes tetradactylus,1981,69,39.2045804132324
Oryzorictes tetradactylus,1187,89,5.45107276520562
Oryzorictes tetradactylus,1984,212,29.1201655531525
Oryzorictes tetradactylus,1411,98,19.8869286027707
Oryzorictes tetradactylus,1446,98,0.356612166113615
Oryzorictes tetradactylus,1460,98,0.178273059561968
Oryzorictes tetradactylus,1462,98,102.230502712722
Oryzorictes tetradactylus,1486,98,26.4604981426481
Oryzorictes tetradactylus,1537,98,53.9638965356694
Oryzorictes tetradactylus,1593,98,26.7917403390377
Oryzorictes tetradactylus,1624,98,2.04693196893156
Oryzorictes tetradactylus,1688,114,12.3661574701015
Oryzorictes tetradactylus,1704,114,33.1693287385351
Oryzorictes tetradactylus,1793,124,56.0361134066928
Oryzorictes tetradactylus,1795,124,1.59748263599014
Oryzorictes tetradactylus,1797,124,105.713420984943
Oryzorictes tetradactylus,1800,124,0.177450581545353
Oryzorictes tetradactylus,574,193,15.9106349743109
Oryzorictes tetradactylus,496,211,0.820644420907855
Oryzorictes tetradactylus,501,211,1.73194615611374
Oryzorictes tetradactylus,509,211,134.090535751075
Oryzorictes tetradactylus,420,42,55.7677145928813
Oryzorictes tetradactylus,1015,76,13.2114576946272
Oryzorictes tetradactylus,990,185,0.629987293240905
Oryzorictes tetradactylus,1003,185,30.5964176648406
Oryzorictes tetradactylus,1983,213,10.2517932499608
Oryzorictes tetradactylus,71,200,6.46498586701876
Oryzorictes tetradactylus,75,200,4.2483627925086
Oryzorictes tetradactylus,207,32,58.2406508704021
Oryzorictes tetradactylus,225,32,29.1594029263307
Oryzorictes tetradactylus,934,67,0.360836189207196
Oryzorictes tetradactylus,939,67,0.99196587819469
Oryzorictes tetradactylus,969,67,1307.41729461185
Oryzorictes tetradactylus,972,67,0.540243106049657
Oryzorictes tetradactylus,987,67,19.0835935360076
Oryzorictes tetradactylus,305,178,1.10266377710527
Oryzorictes tetradactylus,307,178,0.183781132994473
Oryzorictes tetradactylus,310,178,2.02137478975803
Oryzorictes tetradactylus,311,178,0.826945434479237
Oryzorictes tetradactylus,331,178,0.367459639964223
Oryzorictes tetradactylus,335,178,0.183724619395971
Oryzorictes tetradactylus,336,178,0.275586929093957
Oryzorictes tetradactylus,338,178,1.46972063059181
Oryzorictes tetradactylus,339,178,0.275577679304183
Oryzorictes tetradactylus,369,178,395.963219613361
Oryzorictes tetradactylus,1991,178,9.5658888511582
Oryzorictes tetradactylus,1993,178,0.827843772775352
Otus rutilus,4740,12,10.0335984890005
Otus rutilus,4774,12,148.313738299141
Otus rutilus,4817,12,46.4243142196318
Otus rutilus,4837,12,39.125721504027
Otus rutilus,3689,2,2.13990704764414
Otus rutilus,3724,2,21.8306213490318
Otus rutilus,3726,2,18.5389933315884
Otus rutilus,3802,2,1.69214013231945
Otus rutilus,3804,2,70.5519519286623
Otus rutilus,3824,2,3.29419845495892
Otus rutilus,3957,2,14.2456006550693
Otus rutilus,1213,16,6.02962584375572
Otus rutilus,1257,16,64.7813755391271
Otus rutilus,5298,16,4.01953690115464
Otus rutilus,44,1,130.021860527528
Otus rutilus,45,1,6.4908973798604
Otus rutilus,48,1,8.4370977335708
Otus rutilus,90,1,43.4528749465152
Otus rutilus,5312,1,56.8711675529887
Otus rutilus,991,20,104.61434809919
Otus rutilus,5353,20,64.9869920614074
Otus rutilus,5368,20,3.11329257240254
Otus rutilus,5369,20,14.1007399868137
Otus rutilus,5382,20,2.56288165690053
Otus rutilus,4279,3,17.1507284432224
Otus rutilus,4422,3,100.015465504152
Otus rutilus,4482,3,88.8579889962915
Otus rutilus,4549,3,14.989374111433
Otus rutilus,4670,3,46.5723968884147
Otus rutilus,5065,3,15.479861985826
Otus rutilus,5090,3,13.0307413413469
Otus rutilus,5143,3,7.50890607225883
Otus rutilus,5197,3,17.1091583224724
Otus rutilus,5198,3,13.3958478781311
Otus rutilus,5204,3,3.87195306908155
Otus rutilus,5205,3,6.06907414019537
Otus rutilus,5427,3,44.2032737219142
Otus rutilus,5436,3,9.25706128804803
Otus rutilus,5439,3,4.31856011909986
Otus rutilus,5441,3,2.02272765648687
Otus rutilus,5531,3,2.74076471963298
Otus rutilus,5532,3,57.7936935314931
Otus rutilus,3739,8,16.7503128028274
Otus rutilus,3776,8,3.38511883925855
Otus rutilus,3850,8,396.395671298776
Otus rutilus,4180,8,204.768930750353
Otus rutilus,5133,8,79.2501346083427
Otus rutilus,5528,8,2.65747338466716
Otus rutilus,5534,8,19.8014696613791
Otus rutilus,2840,15,167.74218789238
Otus rutilus,2887,15,21.0241786897857
Otus rutilus,2888,15,1032.09468954584
Otus rutilus,3108,15,42.3362076362427
Otus rutilus,3198,15,110.634216100066
Otus rutilus,3212,15,90.2006443720138
Otus rutilus,3219,15,2.32886922907722
Otus rutilus,3233,15,3.3134309653126
Otus rutilus,3237,15,1.79096353913164
Otus rutilus,3262,15,2.32767118465054
Otus rutilus,3273,15,2.05895008530676
Otus rutilus,3275,15,1.9695149083488
Otus rutilus,3276,15,1.52182598961449
Otus rutilus,3308,15,89.7882265230072
Otus rutilus,3317,15,2.50550766269672
Otus rutilus,3399,15,2.86157776304519
Otus rutilus,3407,15,1.87770515916026
Otus rutilus,3620,15,647.805641040932
Otus rutilus,5008,15,4.73613397636772
Otus rutilus,5079,15,170.754673511907
Otus rutilus,5129,15,3.75955498127008
Otus rutilus,5201,15,3.30518937351549
Otus rutilus,5470,15,2.71500175354493
Otus rutilus,5473,15,1.62801036448324
Otus rutilus,5475,15,4.52090276207972
Otus rutilus,5481,15,7.49786063311923
Otus rutilus,5482,15,10.465825454369
Otus rutilus,5494,15,3.33495901543343
Otus rutilus,5504,15,2.16237442039514
Otus rutilus,5509,15,1.89003464057791
Otus rutilus,5510,15,4.23005688389182
Otus rutilus,5518,15,1.79238486696017
Otus rutilus,5521,15,27.383507147518
Otus rutilus,5522,15,22.6292422166447
Otus rutilus,5533,15,59.9353472358141
Otus rutilus,1005,18,16.3740665150672
Otus rutilus,1057,18,19.2038282113973
Otus rutilus,1087,18,1.91988596975887
Otus rutilus,1088,18,4.2053427026192
Otus rutilus,1106,18,22.2892814174211
Otus rutilus,1107,18,5.85033975470352
Otus rutilus,1109,18,24.6792146248873
Otus rutilus,1122,18,2.65062070312488
Otus rutilus,1129,18,2.37624750380063
Otus rutilus,1141,18,8.3165148231597
Otus rutilus,1147,18,8.86332816260099
Otus rutilus,1198,18,10.9639024804163
Otus rutilus,1199,18,4.567756926453
Otus rutilus,1325,18,1.64285957804191
Otus rutilus,1371,18,753.266782974107
Otus rutilus,1372,18,2.00722734047782
Otus rutilus,4932,18,37.7410851750167
Otus rutilus,5033,18,2.19383277368414
Otus rutilus,5202,18,9.48887854600907
Otus rutilus,5306,18,16.5402429724604
Otus rutilus,269,19,197.731583171071
Otus rutilus,361,19,38.9884159684163
Otus rutilus,546,19,1.56243208603442
Otus rutilus,561,19,54.8720161250916
Otus rutilus,562,19,3.21620605602419
Otus rutilus,572,19,2.02137478975803
Otus rutilus,574,19,1.65382056523675
Otus rutilus,613,19,58.8617537300254
Otus rutilus,630,19,439.973113778875
Otus rutilus,1922,19,21965.679908141
Otus rutilus,2433,19,68.0501291261465
Otus rutilus,2660,19,170.780797274529
Otus rutilus,2719,19,70.171205546759
Otus rutilus,2782,19,2.87876883525968
Otus rutilus,2856,19,36.126370737397
Otus rutilus,2920,19,280.61110980638
Otus rutilus,3029,19,50.5128889844387
Otus rutilus,3111,19,35.5206766781266
Otus rutilus,3118,19,137.38275887876
Otus rutilus,3643,19,79.7835008618025
Otus rutilus,3700,19,180.783642575444
Otus rutilus,3738,19,224.834746882417
Otus rutilus,3953,19,11420.3730579378
Otus rutilus,4480,19,28.8370827305443
Otus rutilus,4688,19,37.7648065144268
Otus rutilus,4710,19,4897.99546009716
Otus rutilus,4891,19,1329.88182992828
Otus rutilus,4947,19,458.083821753779
Otus rutilus,5401,19,54.7933720210891
Otus rutilus,5409,19,58.1494763075515
Otus rutilus,5410,19,38.3946948622806
Otus rutilus,5428,19,355.553761067319
Otus rutilus,5430,19,72.7284184850583
Otus rutilus,5447,19,47.4469397172759
Otus rutilus,5451,19,9.5658888511582
Otus rutilus,5456,19,1.65548669658464
Otus rutilus,5459,19,10.9920872748523
Otus rutilus,5464,19,1.74834825798291
Otus rutilus,5466,19,1.74828060862398
Otus rutilus,5538,19,19.4337860709381
Otus rutilus,5539,19,187.042904927285
Otus rutilus,5540,19,9.05780211758673
Otus rutilus,4866,21,2.33597082442749
Otus rutilus,5093,21,44.4928427752445
Otus rutilus,5434,21,57.1920356452289
Otus rutilus,5541,21,27.2715936270507
Otus rutilus,5542,21,29.4123165165292
Otus rutilus,5543,21,29.3885406549345
Otus rutilus,5544,21,20.6592519148769
Otus rutilus,5545,21,19.9515621485635
Oxylabes madagascariensis,3,2,111.100829909233
Oxylabes madagascariensis,5,2,0.463781360735595
Oxylabes madagascariensis,6,2,0.278243954662919
Oxylabes madagascariensis,7,2,0.64914825101471
Oxylabes madagascariensis,6585,2,56.8711675529887
Oxylabes madagascariensis,13,39,21.0334598369182
Oxylabes madagascariensis,898,8,16.1104772354463
Oxylabes madagascariensis,925,8,11.3484171179743
Oxylabes madagascariensis,1113,24,67.3930306226288
Oxylabes madagascariensis,1306,9,0.271612151348233
Oxylabes madagascariensis,1382,9,15.8199398246365
Oxylabes madagascariensis,1384,9,0.271161219533443
Oxylabes madagascariensis,1386,9,0.27115982076323
Oxylabes madagascariensis,1433,9,1.80650412150276
Oxylabes madagascariensis,1444,9,1.35457540027249
Oxylabes madagascariensis,1469,9,0.812480411258936
Oxylabes madagascariensis,1482,9,0.451279459852338
Oxylabes madagascariensis,1496,9,6.76788872071027
Oxylabes madagascariensis,1543,9,6.40402979402589
Oxylabes madagascariensis,1551,9,0.631399526012182
Oxylabes madagascariensis,1601,9,2.88470365272188
Oxylabes madagascariensis,1629,9,0.991438515083671
Oxylabes madagascariensis,1636,9,10.1832641626657
Oxylabes madagascariensis,1684,9,41.9852753191171
Oxylabes madagascariensis,1953,9,2.87876883525968
Oxylabes madagascariensis,1955,9,0.899620833965421
Oxylabes madagascariensis,1980,9,0.269868277515173
Oxylabes madagascariensis,2180,9,36.126370737397
Oxylabes madagascariensis,2342,9,280.61110980638
Oxylabes madagascariensis,2654,9,50.5128889844387
Oxylabes madagascariensis,2903,9,35.5206766781266
Oxylabes madagascariensis,2924,9,137.38275887876
Oxylabes madagascariensis,4273,9,79.7835008618025
Oxylabes madagascariensis,4399,9,180.783642575444
Oxylabes madagascariensis,4459,9,224.299706164162
Oxylabes madagascariensis,4825,9,10844.5531360726
Oxylabes madagascariensis,5125,9,0.620648212959528
Oxylabes madagascariensis,5128,9,0.265972006814122
Oxylabes madagascariensis,5136,9,0.709200345668078
Oxylabes madagascariensis,5169,9,0.531537427095413
Oxylabes madagascariensis,5533,9,16.7328206902658
Oxylabes madagascariensis,5562,9,0.528311610993385
Oxylabes madagascariensis,5707,9,0.614342893218875
Oxylabes madagascariensis,5971,9,0.874369558251738
Oxylabes madagascariensis,6014,9,37.7648065144268
Oxylabes madagascariensis,6062,9,4550.50789810696
Oxylabes madagascariensis,6075,9,0.262028568104982
Oxylabes madagascariensis,6103,9,0.261868806515336
Oxylabes madagascariensis,6436,9,1231.51483510544
Oxylabes madagascariensis,6604,9,54.7933720210891
Oxylabes madagascariensis,6608,9,48.1116464979065
Oxylabes madagascariensis,6609,9,4.33088854262591
Oxylabes madagascariensis,6617,9,355.466497858925
Oxylabes madagascariensis,6618,9,72.7284184850583
Oxylabes madagascariensis,6626,9,14.7345390929667
Oxylabes madagascariensis,6632,9,19.4337860709381
Oxylabes madagascariensis,6633,9,125.565777432713
Oxylabes madagascariensis,6634,9,9.05780211758673
Oxylabes madagascariensis,1462,12,21.4843459687666
Oxylabes madagascariensis,94,27,3.97051299494481
Oxylabes madagascariensis,109,27,110.223524784537
Oxylabes madagascariensis,148,27,0.369180514121115
Oxylabes madagascariensis,166,27,2.21454840610319
Oxylabes madagascariensis,168,27,1.1995567112959
Oxylabes madagascariensis,217,27,0.6456592656492
Oxylabes madagascariensis,277,27,23.318771661808
Oxylabes madagascariensis,322,27,0.552771948882282
Oxylabes madagascariensis,328,27,41.180127586423
Oxylabes madagascariensis,407,27,0.828408787800312
Oxylabes madagascariensis,413,27,2.85300247396994
Oxylabes madagascariensis,462,27,1.10392723276371
Oxylabes madagascariensis,481,27,0.4598808172791
Oxylabes madagascariensis,527,27,0.643524707940877
Oxylabes madagascariensis,528,27,2.11438066261417
Oxylabes madagascariensis,538,27,0.459616383672059
Oxylabes madagascariensis,544,27,0.643432019172192
Oxylabes madagascariensis,547,27,0.275752651619673
Oxylabes madagascariensis,553,27,0.367655302864194
Oxylabes madagascariensis,556,27,1.56243208603442
Oxylabes madagascariensis,557,27,0.275729722221732
Oxylabes madagascariensis,558,27,0.551443380143642
Oxylabes madagascariensis,559,27,0.275717098941624
Oxylabes madagascariensis,563,27,0.275709061498523
Oxylabes madagascariensis,565,27,0.459508593737543
Oxylabes madagascariensis,566,27,1.01090373969656
Oxylabes madagascariensis,567,27,0.275701020456195
Oxylabes madagascariensis,568,27,0.45949710468936
Oxylabes madagascariensis,569,27,1.1946710927344
Oxylabes madagascariensis,570,27,3.30822947109908
Oxylabes madagascariensis,574,27,1.47030313296086
Oxylabes madagascariensis,578,27,0.64325064792037
Oxylabes madagascariensis,637,27,26.2648020061304
Oxylabes madagascariensis,649,27,333.023805038575
Oxylabes madagascariensis,667,27,3.48845173661
Oxylabes madagascariensis,719,27,1.46844013959706
Oxylabes madagascariensis,736,27,5.32260880427534
Oxylabes madagascariensis,745,27,0.275296915365994
Oxylabes madagascariensis,842,27,0.366640248780668
Oxylabes madagascariensis,847,27,1.64962747188139
Oxylabes madagascariensis,864,27,5.77274455880851
Oxylabes madagascariensis,880,27,0.36636460990417
Oxylabes madagascariensis,917,27,41.2839215929323
Oxylabes madagascariensis,922,27,5.85717070470893
Oxylabes madagascariensis,930,27,7.50287581859375
Oxylabes madagascariensis,932,27,5.67174452978641
Oxylabes madagascariensis,933,27,0.823325711141765
Oxylabes madagascariensis,950,27,11420.4299617884
Oxylabes madagascariensis,988,27,2.37459808751702
Oxylabes madagascariensis,989,27,769.85663734935
Oxylabes madagascariensis,1010,27,1.09562847792959
Oxylabes madagascariensis,1020,27,89.2130131915426
Oxylabes madagascariensis,1024,27,0.365132478829622
Oxylabes madagascariensis,1025,27,0.273849359069586
Oxylabes madagascariensis,1026,27,0.365114871520639
Oxylabes madagascariensis,1027,27,0.273846844521999
Oxylabes madagascariensis,1057,27,3.46533733650792
Oxylabes madagascariensis,1086,27,767.094979057217
Oxylabes madagascariensis,1118,27,0.273246820754766
Oxylabes madagascariensis,1151,27,2.00140982373178
Oxylabes madagascariensis,1152,27,0.272929866261005
Oxylabes madagascariensis,1163,27,2.45595913956344
Oxylabes madagascariensis,1184,27,2.09133444539583
Oxylabes madagascariensis,1208,27,1.09054353248799
Oxylabes madagascariensis,1221,27,3199.21163816464
Oxylabes madagascariensis,6501,27,418.028911304486
Oxylabes madagascariensis,6502,27,699.470816405577
Oxylabes madagascariensis,6503,27,3.50637091730267
Oxylabes madagascariensis,6610,27,7.7561275905453
Oxylabes madagascariensis,6611,27,24.1729945209829
Oxylabes madagascariensis,6443,40,29.4123165165292
Oxylabes madagascariensis,6627,40,27.2715936270507
Oxylabes madagascariensis,6628,40,29.3885406549345
Oxylabes madagascariensis,6629,40,20.6592519148769
Phaner pallescens,162,26,3.32670107507074
Phaner pallescens,164,26,3.77570653231108
Phaner pallescens,188,29,23.0285571517775
Phaner pallescens,194,29,59.9353472358273
Phaner pallescens,202,29,3.3134309653126
Phaner pallescens,260,34,18.1327000751133
Phaner pallescens,428,49,0.177962643784285
Phaner pallescens,429,49,23.4011094159615
Phaner pallescens,180,28,30.2949823155835
Phaner pallescens,189,28,1.79238486696017
Phaner pallescens,208,30,2.32767118465054
Phaner pallescens,227,30,89.7882265229853
Phaner pallescens,276,30,0.714404974959851
Phaner pallescens,281,30,0.535747839347601
Phaner pallescens,285,30,0.178579506715775
Phaner pallescens,291,30,0.446428569326758
Phaner pallescens,305,30,1.87495118889725
Phaner pallescens,308,30,661.667429876293
Phaner pallescens,418,50,85.6141971206889
Phaner pallescens,430,50,0.177943509934664
Phaner pallescens,431,50,1.51242250808871
Phaner pallescens,432,50,55.6629649206297
Phaner pallescens,436,50,31.3985773238593
Philepitta castanea,3,1,0.184729457799852
Philepitta castanea,4,1,3.97051299494481
Philepitta castanea,7,1,273.487005936876
Philepitta castanea,10,1,152.498155501201
Philepitta castanea,12,1,37.6633471787505
Philepitta castanea,14,1,0.369180514121115
Philepitta castanea,15,1,0.922919603211403
Philepitta castanea,38,1,0.369019957634926
Philepitta castanea,40,1,141.420756638344
Philepitta castanea,43,1,140.315846688552
Philepitta castanea,45,1,0.6456592656492
Philepitta castanea,48,1,155.065885933313
Philepitta castanea,52,1,27.8355770827927
Philepitta castanea,57,1,0.184330083481014
Philepitta castanea,63,1,0.184313586147666
Philepitta castanea,80,1,3.86955399840492
Philepitta castanea,81,1,15.3851817418075
Philepitta castanea,82,1,4.69871910138738
Philepitta castanea,89,1,48.9931911167393
Philepitta castanea,98,1,1.74986507844758
Philepitta castanea,99,1,104.373087709085
Philepitta castanea,110,1,1.19697195979726
Philepitta castanea,126,1,1.10463885079104
Philepitta castanea,137,1,0.184032862201214
Philepitta castanea,142,1,0.368058959297538
Philepitta castanea,218,1,3.21760750335884
Philepitta castanea,219,1,0.643524707942724
Philepitta castanea,236,1,0.459616383672059
Philepitta castanea,238,1,0.183841973942041
Philepitta castanea,239,1,0.183840828700006
Philepitta castanea,242,1,0.643432019172192
Philepitta castanea,243,1,0.275752651619673
Philepitta castanea,248,1,0.367655302864194
Philepitta castanea,262,1,0.643082380221069
Philepitta castanea,263,1,0.459349671094894
Philepitta castanea,264,1,1.8373651948179
Philepitta castanea,266,1,0.275607724242747
Philepitta castanea,268,1,0.367459639964223
Philepitta castanea,271,1,0.183724619395971
Philepitta castanea,272,1,0.275586929093957
Philepitta castanea,274,1,1.46972063059181
Philepitta castanea,275,1,0.275577679304183
Philepitta castanea,292,1,0.367363554798603
Philepitta castanea,302,1,44.3538334620843
Philepitta castanea,318,1,0.275475634280682
Philepitta castanea,320,1,377.950422259616
Philepitta castanea,330,1,0.275443051051259
Philepitta castanea,363,1,0.275296915365994
Philepitta castanea,366,1,0.275287525101185
Philepitta castanea,369,1,53.1253162317931
Philepitta castanea,375,1,0.275273431350648
Philepitta castanea,383,1,382.070158125227
Philepitta castanea,384,1,28.8042997545974
Philepitta castanea,398,1,0.36601674408102
Philepitta castanea,399,1,0.457520320277512
Philepitta castanea,401,1,0.183009591688037
Philepitta castanea,428,1,0.182903092303932
Philepitta castanea,511,1,1.09562847792959
Philepitta castanea,516,1,0.730251124382853
Philepitta castanea,517,1,0.273849359069586
Philepitta castanea,518,1,0.182563724761963
Philepitta castanea,519,1,1.36918265574622
Philepitta castanea,525,1,0.273786407778382
Philepitta castanea,527,1,1.18614475155497
Philepitta castanea,538,1,126.549384736484
Philepitta castanea,589,1,8120.41172511136
Philepitta castanea,615,1,27.7801576174308
Philepitta castanea,616,1,0.273246820754766
Philepitta castanea,619,1,0.273218414016366
Philepitta castanea,620,1,0.272939017240644
Philepitta castanea,631,1,2388.92721727841
Philepitta castanea,638,1,1.81585824965096
Philepitta castanea,4381,1,0.184111516424537
Philepitta castanea,4385,1,9.5658888511582
Philepitta castanea,4387,1,0.827843772775352
Philepitta castanea,4388,1,0.275940742864907
Philepitta castanea,4389,1,0.275922588019133
Philepitta castanea,4390,1,1.65548669658464
Philepitta castanea,4392,1,0.459814922548056
Philepitta castanea,4393,1,55.3667412396783
Philepitta castanea,692,10,0.453150576037049
Philepitta castanea,705,10,0.18107981275785
Philepitta castanea,712,10,0.723568351452589
Philepitta castanea,714,10,1.08530595218813
Philepitta castanea,715,10,1.62797005261195
Philepitta castanea,716,10,1.35659697943354
Philepitta castanea,748,10,0.270846140464306
Philepitta castanea,756,10,0.812480411258936
Philepitta castanea,802,10,3.42828776114714
Philepitta castanea,804,10,0.721609646918535
Philepitta castanea,850,10,0.180190902119398
Philepitta castanea,871,10,1.08089574676692
Philepitta castanea,885,10,1.44097988766825
Philepitta castanea,1018,10,0.179958904524803
Philepitta castanea,1048,10,2.87876883525968
Philepitta castanea,1052,10,0.899620833965421
Philepitta castanea,1069,10,0.269868277515173
Philepitta castanea,1241,10,36.126370737397
Philepitta castanea,1325,10,280.61110980638
Philepitta castanea,1489,10,50.5128889844387
Philepitta castanea,1690,10,35.5206766781266
Philepitta castanea,1706,10,137.38275887876
Philepitta castanea,2666,10,2.68197177587867
Philepitta castanea,2703,10,0.178789808364868
Philepitta castanea,2891,10,32.4251009744176
Philepitta castanea,2947,10,2.41024649195707
Philepitta castanea,2970,10,0.178521961077452
Philepitta castanea,3111,10,164.716838880767
Philepitta castanea,3134,10,0.178258892614841
Philepitta castanea,3142,10,0.356448453989983
Philepitta castanea,3154,10,222.963134085218
Philepitta castanea,3202,10,0.267144246867418
Philepitta castanea,3350,10,10611.2495832467
Philepitta castanea,3509,10,0.62064821295929
Philepitta castanea,3510,10,0.265972006814122
Philepitta castanea,3511,10,0.709200345668078
Philepitta castanea,3512,10,0.177290677110672
Philepitta castanea,3516,10,0.354345133471251
Philepitta castanea,3737,10,0.176121529439092
Philepitta castanea,3742,10,0.264157514937997
Philepitta castanea,3744,10,0.263970784573913
Philepitta castanea,3745,10,4.31124233271003
Philepitta castanea,3746,10,0.263951895236254
Philepitta castanea,3747,10,0.263943306310892
Philepitta castanea,3754,10,1.31894035812867
Philepitta castanea,3766,10,0.175722425133109
Philepitta castanea,3930,10,0.174932641012549
Philepitta castanea,4014,10,4426.61045634615
Philepitta castanea,4173,10,1.04501600193715
Philepitta castanea,4205,10,1304.3176254197
Philepitta castanea,4304,10,23.1220312933333
Philepitta castanea,4315,10,6.60311605216253
Philepitta castanea,4330,10,16.0684737306561
Philepitta castanea,4371,10,54.7933720210891
Philepitta castanea,4372,10,3.43737091275311
Philepitta castanea,4373,10,15.8286098016378
Philepitta castanea,4379,10,355.466497858925
Philepitta castanea,4380,10,24.9170745355883
Philepitta castanea,4399,10,19.4337860709381
Philepitta castanea,4400,10,9.05780211758673
Philepitta castanea,4401,10,46.9308930337322
Philepitta castanea,4370,11,29.4123165165292
Philepitta castanea,4394,11,27.2715936270507
Philepitta castanea,4395,11,29.3885406549345
Philepitta castanea,4396,11,20.6592519148769
Philepitta schlegeli,1077,11,33.9182954840018
Philepitta schlegeli,1637,14,28.9175338659757
Philepitta schlegeli,114,5,53.6385749434331
Philepitta schlegeli,119,6,16.3740665150728
Philepitta schlegeli,138,6,2.56021646885425
Philepitta schlegeli,139,6,1.28010022488046
Philepitta schlegeli,140,6,0.274313436967611
Philepitta schlegeli,154,6,1.91988596975887
Philepitta schlegeli,155,6,4.2053427026192
Philepitta schlegeli,163,6,9.23022386336661
Philepitta schlegeli,169,6,2.83342021114933
Philepitta schlegeli,172,6,8.31781849541915
Philepitta schlegeli,175,6,1.00536820483017
Philepitta schlegeli,177,6,1.5536069370805
Philepitta schlegeli,182,6,0.548322966099382
Philepitta schlegeli,183,6,7.03614931428945
Philepitta schlegeli,185,6,2.10170416140425
Philepitta schlegeli,186,6,0.548279554689765
Philepitta schlegeli,197,6,22.2892814174211
Philepitta schlegeli,250,6,0.547944469634652
Philepitta schlegeli,251,6,1.18698935258853
Philepitta schlegeli,252,6,0.456539862202287
Philepitta schlegeli,256,6,0.638874861070156
Philepitta schlegeli,257,6,14.8774610751529
Philepitta schlegeli,263,6,637.60502008611
Philepitta schlegeli,264,6,2.00722734047782
Philepitta schlegeli,265,6,0.364942030489683
Philepitta schlegeli,267,6,0.456175956650972
Philepitta schlegeli,268,6,0.273705573990583
Philepitta schlegeli,1638,6,2.19383277368414
Philepitta schlegeli,1213,17,3.32670107507074
Philepitta schlegeli,1224,17,3.77570653231108
Philepitta schlegeli,1240,17,0.449443183510304
Philepitta schlegeli,1351,17,39.6105974035848
Philepitta schlegeli,1642,17,1.43666624170721
Philepitta schlegeli,1178,19,30.5940435804912
Philepitta schlegeli,1192,19,5.48599591226756
Philepitta schlegeli,1214,19,49.6171625010363
Philepitta schlegeli,1311,19,4.58233058484316
Philepitta schlegeli,748,21,0.452763459861875
Philepitta schlegeli,784,21,38.0240908844043
Philepitta schlegeli,792,21,3.07696966736638
Philepitta schlegeli,795,21,0.723997986286044
Philepitta schlegeli,807,21,0.361958205401897
Philepitta schlegeli,1445,24,43.0398890354153
Philepitta schlegeli,1455,24,26.1882757536098
Philepitta schlegeli,1485,24,52.0699273460594
Philepitta schlegeli,1516,24,87.0668408278966
Philepitta schlegeli,1523,24,23.9166595676655
Philepitta schlegeli,1524,24,1.16463373756731
Philepitta schlegeli,1525,24,0.627115013766289
Philepitta schlegeli,1535,24,0.985282145026565
Philepitta schlegeli,1547,24,0.447673652347684
Philepitta schlegeli,1549,24,2.32767118465054
Philepitta schlegeli,1574,24,1.78860352420616
Philepitta schlegeli,1584,24,88.5345907866488
Philepitta schlegeli,1589,24,332.523076960977
Philepitta schlegeli,1596,24,10.8090685387863
Philepitta schlegeli,1599,24,0.803800221290112
Philepitta schlegeli,1643,24,1.79238486696017
Philepitta schlegeli,1646,24,68.536408814274
Ploceus nelicourvi,2,1,0.64914825101471
Ploceus nelicourvi,3,1,56.8711675529887
Ploceus nelicourvi,8821,1,52.3985918019408
Ploceus nelicourvi,4429,32,7.79134288626695
Ploceus nelicourvi,4672,32,44.6638451275753
Ploceus nelicourvi,20,3,3.97051299494481
Ploceus nelicourvi,36,3,152.498155501201
Ploceus nelicourvi,60,3,0.369180514121115
Ploceus nelicourvi,80,3,457.899270753999
Ploceus nelicourvi,126,3,0.6456592656492
Ploceus nelicourvi,128,3,27.8524868086866
Ploceus nelicourvi,165,3,27.8355770827927
Ploceus nelicourvi,220,3,0.276354423903167
Ploceus nelicourvi,230,3,0.644736027104974
Ploceus nelicourvi,233,3,1.74986507844758
Ploceus nelicourvi,234,3,112.203011880524
Ploceus nelicourvi,236,3,3.68393426545006
Ploceus nelicourvi,277,3,0.828408787800312
Ploceus nelicourvi,303,3,1.10392723276371
Ploceus nelicourvi,315,3,0.919795669861615
Ploceus nelicourvi,318,3,0.4598808172791
Ploceus nelicourvi,397,3,0.643250648132622
Ploceus nelicourvi,398,3,0.64325064792037
Ploceus nelicourvi,401,3,3.21607484909624
Ploceus nelicourvi,426,3,294.53612488467
Ploceus nelicourvi,442,3,14.4181473408762
Ploceus nelicourvi,461,3,3.48845173661
Ploceus nelicourvi,891,3,1.36918265574622
Ploceus nelicourvi,1187,3,0.363716343389511
Ploceus nelicourvi,1257,3,20492.804141605
Ploceus nelicourvi,1263,3,1.81585824965096
Ploceus nelicourvi,8780,3,99.489264897044
Ploceus nelicourvi,1859,24,68.0501291261465
Ploceus nelicourvi,1947,24,1.35457540027249
Ploceus nelicourvi,2013,24,0.812480411258936
Ploceus nelicourvi,2440,24,170.780797274529
Ploceus nelicourvi,2590,24,70.171205546759
Ploceus nelicourvi,2753,24,2.87876883525968
Ploceus nelicourvi,2755,24,0.899620833965421
Ploceus nelicourvi,2780,24,0.269868277515173
Ploceus nelicourvi,3001,24,36.126370737397
Ploceus nelicourvi,3210,24,280.61110980638
Ploceus nelicourvi,3614,24,50.5128889844387
Ploceus nelicourvi,3893,24,35.5206766781266
Ploceus nelicourvi,3924,24,137.38275887876
Ploceus nelicourvi,5414,24,79.7835008618025
Ploceus nelicourvi,5555,24,180.783642575444
Ploceus nelicourvi,5629,24,224.834746882417
Ploceus nelicourvi,6075,24,11187.1994820892
Ploceus nelicourvi,6588,24,0.620648212959528
Ploceus nelicourvi,6594,24,0.265972006814122
Ploceus nelicourvi,6610,24,0.709200345668078
Ploceus nelicourvi,7533,24,0.263970784573913
Ploceus nelicourvi,7575,24,2.81359134580875
Ploceus nelicourvi,8127,24,37.7648065144268
Ploceus nelicourvi,8177,24,4634.43111753038
Ploceus nelicourvi,8778,24,1300.12574516533
Ploceus nelicourvi,8843,24,54.7933720210891
Ploceus nelicourvi,8851,24,58.1494763075515
Ploceus nelicourvi,8852,24,38.3946948622806
Ploceus nelicourvi,8853,24,4.33088854262591
Ploceus nelicourvi,8860,24,355.553761067319
Ploceus nelicourvi,8862,24,72.7284184850583
Ploceus nelicourvi,8872,24,47.4469397172759
Ploceus nelicourvi,8875,24,19.4337860709381
Ploceus nelicourvi,8876,24,187.042904927285
Ploceus nelicourvi,8877,24,9.05780211758673
Ploceus nelicourvi,8762,33,2.33597082442749
Ploceus nelicourvi,8866,33,57.1920356452289
Ploceus nelicourvi,8878,33,27.2715936270507
Ploceus nelicourvi,8879,33,29.4123165165292
Ploceus nelicourvi,8880,33,29.3885406549345
Ploceus nelicourvi,8881,33,20.6592519148769
Ploceus sakalava,13971,86,31.0182859874093
Ploceus sakalava,12533,30,25.2530937962923
Ploceus sakalava,9568,34,3.1215435653218
Ploceus sakalava,9589,34,5.17179658846164
Ploceus sakalava,9756,34,23.2564340616227
Ploceus sakalava,9766,34,20.5002108981814
Ploceus sakalava,9934,34,70.5519519286623
Ploceus sakalava,9966,34,3.29419845495892
Ploceus sakalava,10385,34,23.0622813791416
Ploceus sakalava,14434,102,5.44071159735107
Ploceus sakalava,14465,102,5.35111748366654
Ploceus sakalava,14466,102,1.51602477211297
Ploceus sakalava,14467,102,7.13355141072726
Ploceus sakalava,14503,102,5.17274390200996
Ploceus sakalava,208,47,0.185499234954476
Ploceus sakalava,212,47,0.278243954662919
Ploceus sakalava,216,47,26.0608411523744
Ploceus sakalava,225,47,0.185478644791543
Ploceus sakalava,231,47,0.27820176096195
Ploceus sakalava,237,47,0.18546587502265
Ploceus sakalava,252,47,0.18545505566138
Ploceus sakalava,253,47,6.49089737985945
Ploceus sakalava,269,47,0.185438309593201
Ploceus sakalava,277,47,0.185425482894003
Ploceus sakalava,283,47,8.4370977335708
Ploceus sakalava,14096,47,0.185474717534363
Ploceus sakalava,1874,8,0.82471987112087
Ploceus sakalava,1875,8,0.27490821936208
Ploceus sakalava,1945,8,19.8824612120213
Ploceus sakalava,3021,79,0.456848093526959
Ploceus sakalava,3064,79,0.456835664464593
Ploceus sakalava,3065,79,0.182735011702538
Ploceus sakalava,3070,79,0.182733768648863
Ploceus sakalava,3074,79,0.274093192542315
Ploceus sakalava,3090,79,0.274081997471213
Ploceus sakalava,3116,79,0.822180016362309
Ploceus sakalava,3124,79,0.274053362136722
Ploceus sakalava,3126,79,6.48646275148523
Ploceus sakalava,3247,79,64.7813755391271
Ploceus sakalava,14155,79,0.182726307796717
Ploceus sakalava,14156,79,0.182715109353781
Ploceus sakalava,14357,79,0.182749920761228
Ploceus sakalava,14846,79,0.182741225706577
Ploceus sakalava,14847,79,4.01953690115464
Ploceus sakalava,14848,79,0.822156348397851
Ploceus sakalava,656,104,0.370271373195231
Ploceus sakalava,659,104,0.462834125284791
Ploceus sakalava,664,104,43.0377824654073
Ploceus sakalava,665,104,0.18513059458977
Ploceus sakalava,700,104,1.48074673073471
Ploceus sakalava,707,104,1.66577102635694
Ploceus sakalava,711,104,1.38815019469857
Ploceus sakalava,715,104,0.277623898765862
Ploceus sakalava,722,104,0.277610584835947
Ploceus sakalava,14876,104,0.185083622752249
Ploceus sakalava,268,116,0.463597745714188
Ploceus sakalava,368,116,43.2038186617044
Ploceus sakalava,560,117,43.4528749465152
Ploceus sakalava,13827,14,8.82829803843319
Ploceus sakalava,13958,14,15.5764797698595
Ploceus sakalava,14635,14,1.64404437949145
Ploceus sakalava,14924,14,0.259797577435732
Ploceus sakalava,13136,101,9.85520655908297
Ploceus sakalava,13252,101,0.261418984541655
Ploceus sakalava,13261,101,0.522798031426311
Ploceus sakalava,13271,101,6.62081308984315
Ploceus sakalava,13338,101,0.174136841906786
Ploceus sakalava,13346,101,0.261180647714615
Ploceus sakalava,14555,101,16.8407713442635
Ploceus sakalava,14711,101,155.727060960763
Ploceus sakalava,12603,103,16.1215402504437
Ploceus sakalava,12654,103,0.175072785095453
Ploceus sakalava,14526,103,54.5408324229195
Ploceus sakalava,14725,103,89.3847778577724
Ploceus sakalava,14801,103,73.5944098629717
Ploceus sakalava,14933,103,36.3826787541578
Ploceus sakalava,14943,103,54.2897934620137
Ploceus sakalava,14944,103,31.4692072683324
Ploceus sakalava,2499,113,16.3740665150672
Ploceus sakalava,2676,113,19.2038282113973
Ploceus sakalava,2787,113,1.91988596975875
Ploceus sakalava,2788,113,4.2053427026192
Ploceus sakalava,2864,113,5.85033975470436
Ploceus sakalava,2872,113,16.0871950112846
Ploceus sakalava,2908,113,1.0054375043211
Ploceus sakalava,2915,113,0.182805694629431
Ploceus sakalava,2919,113,0.274201118186474
Ploceus sakalava,2931,113,2.37624750380063
Ploceus sakalava,2935,113,0.274192454328179
Ploceus sakalava,2952,113,0.548346514569998
Ploceus sakalava,2953,113,0.182784649551272
Ploceus sakalava,2973,113,0.182778454094648
Ploceus sakalava,2983,113,8.3165148231597
Ploceus sakalava,2987,113,16.5402429724604
Ploceus sakalava,2996,113,6.21363010125625
Ploceus sakalava,3023,113,3.92910652125299
Ploceus sakalava,3057,113,0.182741225706577
Ploceus sakalava,3223,113,0.547944469634652
Ploceus sakalava,3284,113,0.456539862202287
Ploceus sakalava,3349,113,22.3806283842244
Ploceus sakalava,3358,113,4.19920448163545
Ploceus sakalava,3386,113,0.821559390251875
Ploceus sakalava,3409,113,14.9687278325598
Ploceus sakalava,3484,113,0.182513341157198
Ploceus sakalava,3485,113,2.09870394610953
Ploceus sakalava,3529,113,0.273718223156691
Ploceus sakalava,3550,113,9.48887854600907
Ploceus sakalava,3557,113,2.0072273404777
Ploceus sakalava,3566,113,0.273718223156929
Ploceus sakalava,3576,113,613.783657762578
Ploceus sakalava,3577,113,0.364942030489326
Ploceus sakalava,3586,113,0.456175956650972
Ploceus sakalava,3587,113,0.273705573990583
Ploceus sakalava,14356,113,1.27936982512581
Ploceus sakalava,14361,113,0.365240409358382
Ploceus sakalava,14362,113,1.1869893525883
Ploceus sakalava,14363,113,0.638874861070275
Ploceus sakalava,14549,113,30.704935860728
Ploceus sakalava,14631,113,2.19383277368414
Ploceus sakalava,13444,114,0.956590469680309
Ploceus sakalava,13468,114,0.347746593876839
Ploceus sakalava,13793,114,107.585410785397
Ploceus sakalava,14601,114,29.4315232371
Ploceus sakalava,14634,114,0.347687768672109
Ploceus sakalava,14856,114,14.876475508235
Ploceus sakalava,14926,114,25.3907382257994
Ploceus sakalava,14930,114,9.98819568180025
Ploceus sakalava,2166,115,0.732451485653877
Ploceus sakalava,2477,115,104.61434809919
Ploceus sakalava,14881,115,64.9869920614074
Ploceus sakalava,14896,115,3.11329257240254
Ploceus sakalava,14897,115,14.1007399868137
Ploceus sakalava,14910,115,2.56288165690053
Ploceus sakalava,14911,115,0.274669912564755
Ploceus sakalava,14912,115,0.366225743037939
Ploceus sakalava,14913,115,0.549305915590942
Ploceus sakalava,14951,115,0.366233005417585
Ploceus sakalava,6943,35,38.2051651932399
Ploceus sakalava,6959,35,3.07696966736627
Ploceus sakalava,6962,35,0.723997986286044
Ploceus sakalava,6990,35,0.361958205401897
Ploceus sakalava,14954,35,0.452763459861636
Ploceus sakalava,9780,91,16.7503128028274
Ploceus sakalava,10225,91,1.95592157479632
Ploceus sakalava,11696,91,238.052229746386
Ploceus sakalava,14290,91,94.7401919222058
Ploceus sakalava,14474,91,509.984436593641
Ploceus sakalava,14478,91,16.3782069258974
Ploceus sakalava,14704,91,79.2501346083427
Ploceus sakalava,14726,91,26.0081400826775
Ploceus sakalava,14978,91,2.65747338466716
Ploceus sakalava,14979,91,0.177169278389692
Ploceus sakalava,14981,91,0.177962643784523
Ploceus sakalava,14982,91,0.177959455840826
Ploceus sakalava,14985,91,19.8014696613791
Ploceus sakalava,7590,96,57.2918905729155
Ploceus sakalava,7629,119,7.3858024862945
Ploceus sakalava,8016,119,2.51681560592651
Ploceus sakalava,14381,119,99.6955250554757
Ploceus sakalava,14644,119,21.0241786897857
Ploceus sakalava,14686,119,30.5940435805064
Ploceus sakalava,14314,105,593.681726710519
Ploceus sakalava,14316,105,13.1672804516135
Ploceus sakalava,14720,105,43.5541700668897
Ploceus sakalava,14721,105,2.02803748513663
Ploceus sakalava,14722,105,2.11576712074435
Ploceus sakalava,14791,105,17.1973576435087
Ploceus sakalava,14793,105,13.3829553466861
Ploceus sakalava,14794,105,3.87195306908155
Ploceus sakalava,14795,105,6.06907414019537
Ploceus sakalava,14945,105,9.25706128804803
Ploceus sakalava,14948,105,4.31856011909986
Ploceus sakalava,14950,105,2.02272765648687
Ploceus sakalava,14983,105,2.74076471963298
Ploceus sakalava,7950,118,0.449603298739433
Ploceus sakalava,7951,118,0.359686745625973
Ploceus sakalava,7996,118,167.74218789238
Ploceus sakalava,8722,118,110.634216100066
Ploceus sakalava,14962,118,0.449634089967847
Ploceus sakalava,14968,118,0.628002577298522
Ploceus sakalava,8529,120,42.3362076362427
Ploceus sakalava,8757,121,90.2006443720138
Ploceus sakalava,8759,121,2.32886922907841
Ploceus sakalava,8820,121,3.3134309653126
Ploceus sakalava,8842,121,1.79096353913176
Ploceus sakalava,8879,121,2.32767118465054
Ploceus sakalava,8898,121,1.9695149083488
Ploceus sakalava,8901,121,1.52182598961449
Ploceus sakalava,8935,121,0.358042122387886
Ploceus sakalava,8942,121,0.268520162322521
Ploceus sakalava,8961,121,0.178989041683435
Ploceus sakalava,8966,121,0.268474406305432
Ploceus sakalava,8999,121,0.357865030018806
Ploceus sakalava,9000,121,0.357865030018806
Ploceus sakalava,9013,121,1.16299019851911
Ploceus sakalava,9022,121,0.178908027130246
Ploceus sakalava,9028,121,0.178901901016116
Ploceus sakalava,9037,121,3.75660892574322
Ploceus sakalava,9075,121,1.78860352420616
Ploceus sakalava,9084,121,3.75577742678356
Ploceus sakalava,9112,121,0.178825184745312
Ploceus sakalava,9153,121,89.7882265229853
Ploceus sakalava,9307,121,0.714404974959851
Ploceus sakalava,9320,121,0.535747839347601
Ploceus sakalava,9332,121,0.178579506715775
Ploceus sakalava,9339,121,0.446428569326758
Ploceus sakalava,9348,121,0.4464130281533
Ploceus sakalava,9383,121,1.87495118889725
Ploceus sakalava,9413,121,674.808253743933
Ploceus sakalava,14394,121,2.05895008530629
Ploceus sakalava,14405,121,1.87770515916026
Ploceus sakalava,14613,121,4.73613397636772
Ploceus sakalava,14646,121,170.754673511907
Ploceus sakalava,14738,121,3.75955498127008
Ploceus sakalava,14802,121,3.30518937351549
Ploceus sakalava,14969,121,1.79238486696017
Ploceus sakalava,14972,121,27.383507147518
Ploceus sakalava,14973,121,22.6292422166447
Ploceus sakalava,14984,121,59.9353472358141
Polyboroides radiatus,851,4,130.279418856682
Polyboroides radiatus,905,4,157.845280077024
Polyboroides radiatus,2046,4,16.1215402504437
Polyboroides radiatus,2378,4,54.5408324229195
Polyboroides radiatus,2397,4,11.0948326900711
Polyboroides radiatus,3002,4,262.206229025944
Polyboroides radiatus,3074,4,63.798109872398
Polyboroides radiatus,3229,4,155.727060960763
Polyboroides radiatus,3258,4,84.9940360764746
Polyboroides radiatus,3348,4,112.468627701651
Polyboroides radiatus,3400,4,14.876475508235
Polyboroides radiatus,3591,4,9.98819568180025
Polyboroides radiatus,3597,4,36.3826787541578
Polyboroides radiatus,3613,4,54.2897934620137
Polyboroides radiatus,3614,4,31.4692072683324
Polyboroides radiatus,15,1,130.021860527528
Polyboroides radiatus,18,1,43.2038186617044
Polyboroides radiatus,28,1,45.7690350461981
Polyboroides radiatus,34,1,43.0377824654073
Polyboroides radiatus,71,1,197.731583171071
Polyboroides radiatus,91,1,38.9884159684202
Polyboroides radiatus,120,1,19.5821926010261
Polyboroides radiatus,142,1,58.8617537300292
Polyboroides radiatus,144,1,361.553780986417
Polyboroides radiatus,305,1,13.8476284396458
Polyboroides radiatus,347,1,18379.3132724486
Polyboroides radiatus,370,1,560.315200700021
Polyboroides radiatus,395,1,23.8536335607852
Polyboroides radiatus,397,1,16.138888542667
Polyboroides radiatus,409,1,29.8980939372278
Polyboroides radiatus,426,1,52.459260577115
Polyboroides radiatus,433,1,204.277356942612
Polyboroides radiatus,435,1,11.3903169459728
Polyboroides radiatus,443,1,543.230169396274
Polyboroides radiatus,472,1,13.0668093583632
Polyboroides radiatus,476,1,170.780797274529
Polyboroides radiatus,485,1,70.1712055467508
Polyboroides radiatus,494,1,54.9733265501487
Polyboroides radiatus,503,1,36.2162431781246
Polyboroides radiatus,506,1,2819.84166854354
Polyboroides radiatus,508,1,11.5902824411016
Polyboroides radiatus,511,1,10.6914664385592
Polyboroides radiatus,514,1,22.2706313779993
Polyboroides radiatus,515,1,65.2686377723527
Polyboroides radiatus,531,1,50.5128889844387
Polyboroides radiatus,534,1,47.3615024567493
Polyboroides radiatus,545,1,35.5206766781266
Polyboroides radiatus,547,1,137.38275887876
Polyboroides radiatus,556,1,16.9459699933987
Polyboroides radiatus,578,1,22.2979204287458
Polyboroides radiatus,583,1,44.6638451275753
Polyboroides radiatus,584,1,75.837509750912
Polyboroides radiatus,593,1,28.3302766178341
Polyboroides radiatus,606,1,18.661799738426
Polyboroides radiatus,615,1,10.0843859371828
Polyboroides radiatus,621,1,180.783642575449
Polyboroides radiatus,625,1,104.823247378915
Polyboroides radiatus,630,1,225.191492433977
Polyboroides radiatus,634,1,81.3983043046998
Polyboroides radiatus,644,1,135.040863749134
Polyboroides radiatus,650,1,32.5033506781079
Polyboroides radiatus,657,1,41.9908363216972
Polyboroides radiatus,665,1,34.5884724114306
Polyboroides radiatus,669,1,12.002940350133
Polyboroides radiatus,693,1,247.32759131821
Polyboroides radiatus,715,1,225.098060215025
Polyboroides radiatus,774,1,28.8370827305443
Polyboroides radiatus,825,1,37.7648065144268
Polyboroides radiatus,826,1,2659.04356865296
Polyboroides radiatus,834,1,15.7158278321928
Polyboroides radiatus,840,1,14.8353915718026
Polyboroides radiatus,847,1,16.6416828841072
Polyboroides radiatus,856,1,42.2228213314056
Polyboroides radiatus,857,1,20.7111608292688
Polyboroides radiatus,860,1,286.986229598299
Polyboroides radiatus,1694,1,68.0501291261465
Polyboroides radiatus,2829,1,32.5536096187775
Polyboroides radiatus,2833,1,54.8720161250916
Polyboroides radiatus,2839,1,62.7535738153391
Polyboroides radiatus,2845,1,19.3775430370849
Polyboroides radiatus,2846,1,76.4803060961314
Polyboroides radiatus,2865,1,12.6019601731877
Polyboroides radiatus,2880,1,308.297421828276
Polyboroides radiatus,2881,1,170.052672361441
Polyboroides radiatus,3026,1,458.083821753779
Polyboroides radiatus,3495,1,56.8711675529887
Polyboroides radiatus,3555,1,86.9343049463478
Polyboroides radiatus,3562,1,9.7552919905203
Polyboroides radiatus,3571,1,58.1494763075515
Polyboroides radiatus,3572,1,40.0687100624893
Polyboroides radiatus,3573,1,79.8191472308383
Polyboroides radiatus,3574,1,31.5410547114345
Polyboroides radiatus,3584,1,10.3767457573495
Polyboroides radiatus,3618,1,47.4469397172759
Polyboroides radiatus,3622,1,9.5658888511582
Polyboroides radiatus,3631,1,10.9920872748523
Polyboroides radiatus,3700,1,187.042904927285
Polyboroides radiatus,498,2,168.012077784775
Polyboroides radiatus,549,2,1032.09468954584
Polyboroides radiatus,588,2,22.2893111980528
Polyboroides radiatus,610,2,662.203759264558
Polyboroides radiatus,627,2,16.7503128028274
Polyboroides radiatus,652,2,50.178241068002
Polyboroides radiatus,662,2,37.6226567107038
Polyboroides radiatus,1480,2,110.634216100066
Polyboroides radiatus,1495,2,11.292444281881
Polyboroides radiatus,1496,2,90.290205828658
Polyboroides radiatus,2023,2,260.732262440753
Polyboroides radiatus,2371,2,58.3794653646905
Polyboroides radiatus,2650,2,42.3362076362427
Polyboroides radiatus,2658,2,109.670234615641
Polyboroides radiatus,2894,2,509.984436593641
Polyboroides radiatus,2900,2,79.2501346083427
Polyboroides radiatus,3149,2,170.754673511907
Polyboroides radiatus,3150,2,90.1463766941008
Polyboroides radiatus,3161,2,21.0241786897857
Polyboroides radiatus,3227,2,13.161151984273
Polyboroides radiatus,3247,2,14.7717384013501
Polyboroides radiatus,3281,2,26.0081400826775
Polyboroides radiatus,3323,2,18.5453158743801
Polyboroides radiatus,3339,2,17.5501413919472
Polyboroides radiatus,3655,2,10.465825454369
Polyboroides radiatus,3720,2,29.8714330564705
Polyboroides radiatus,3721,2,19.8014696613791
Polyboroides radiatus,3723,2,59.9353472358141
Polyboroides radiatus,219,3,19.2038282113973
Polyboroides radiatus,227,3,24.6792146248873
Polyboroides radiatus,241,3,104.61434809919
Polyboroides radiatus,350,3,756.643927307429
Polyboroides radiatus,2325,3,16.3740665150672
Polyboroides radiatus,2610,3,22.3806283842244
Polyboroides radiatus,3022,3,37.9238499896624
Polyboroides radiatus,3367,3,9.48887854600907
Polyboroides radiatus,3395,3,16.5402429724604
Polyboroides radiatus,3520,3,64.9869920614074
Polyboroides radiatus,3525,3,11.5120029750904
Polyboroides radiatus,3531,3,14.1007399868137
Pseudobias wardi,6,2,29.7218705302734
Pseudobias wardi,25,3,99.8180777905286
Pseudobias wardi,598,9,3.34656587903523
Pseudobias wardi,605,9,1.62797005261195
Pseudobias wardi,606,9,1.44703520167863
Pseudobias wardi,613,9,3.7066306409353
Pseudobias wardi,614,9,1.62738922571898
Pseudobias wardi,620,9,2.07897167132807
Pseudobias wardi,2,1,3.97051299494481
Pseudobias wardi,3,1,133.479742109384
Pseudobias wardi,4,1,279.894559463362
Pseudobias wardi,7,1,0.369180514121115
Pseudobias wardi,18,1,27.5886953283657
Pseudobias wardi,28,1,126.477577932473
Pseudobias wardi,29,1,0.6456592656492
Pseudobias wardi,33,1,129.314654422146
Pseudobias wardi,431,6,760.400062100228
Pseudobias wardi,446,6,1.09562847792959
Pseudobias wardi,450,6,17.3451783349451
Pseudobias wardi,451,6,89.3043626509863
Pseudobias wardi,452,6,0.365132478829622
Pseudobias wardi,453,6,0.273849359069586
Pseudobias wardi,454,6,0.273846844521999
Pseudobias wardi,455,6,0.365114871520877
Pseudobias wardi,492,6,0.820644420907855
Pseudobias wardi,500,6,8.20544973544359
Pseudobias wardi,508,6,667.00246649014
Pseudobias wardi,532,6,27.7801576174308
Pseudobias wardi,533,6,0.273246820754766
Pseudobias wardi,536,6,0.273218414016366
Pseudobias wardi,538,6,24.6650563823328
Pseudobias wardi,539,6,0.272939017240644
Pseudobias wardi,541,6,2.54619976073432
Pseudobias wardi,545,6,1548.7586453062
Pseudobias wardi,550,6,0.454536456868768
Pseudobias wardi,551,6,0.363629429207206
Pseudobias wardi,560,6,326.441488505242
Pseudobias wardi,4324,6,253.3817244044
Pseudobias wardi,574,7,0.453150576037049
Pseudobias wardi,575,7,0.724522578126073
Pseudobias wardi,584,7,0.271612151348233
Pseudobias wardi,604,7,0.723568351452589
Pseudobias wardi,639,7,1.80650412150276
Pseudobias wardi,649,7,6.49805329123199
Pseudobias wardi,650,7,0.270769661503077
Pseudobias wardi,654,7,47.3708417421204
Pseudobias wardi,660,7,4.33088854262793
Pseudobias wardi,683,7,0.631399526012182
Pseudobias wardi,720,7,21.181140582427
Pseudobias wardi,765,7,41.9852753191171
Pseudobias wardi,817,7,0.900457347767711
Pseudobias wardi,818,7,0.630325649633765
Pseudobias wardi,828,7,2.07075352780664
Pseudobias wardi,968,7,2.87876883525968
Pseudobias wardi,970,7,0.899620833965421
Pseudobias wardi,988,7,0.269868277515173
Pseudobias wardi,1165,7,36.126370737397
Pseudobias wardi,1274,7,280.61110980638
Pseudobias wardi,1445,7,50.5128889844387
Pseudobias wardi,1603,7,35.5206766781266
Pseudobias wardi,1621,7,137.38275887876
Pseudobias wardi,2582,7,77.7280514799157
Pseudobias wardi,2702,7,180.783642575444
Pseudobias wardi,2781,7,222.963134085218
Pseudobias wardi,3009,7,10502.6326247246
Pseudobias wardi,3222,7,0.620648212959528
Pseudobias wardi,3225,7,0.265972006814122
Pseudobias wardi,3231,7,0.709200345668078
Pseudobias wardi,3247,7,0.531537427095413
Pseudobias wardi,3524,7,0.263970784573913
Pseudobias wardi,3526,7,4.31124233271003
Pseudobias wardi,3533,7,1.31894035812867
Pseudobias wardi,3632,7,0.614342893218875
Pseudobias wardi,3898,7,2.88561901259518
Pseudobias wardi,3906,7,0.874369558251738
Pseudobias wardi,3942,7,37.7648065144268
Pseudobias wardi,3985,7,4534.36012268964
Pseudobias wardi,4150,7,5.22491059429133
Pseudobias wardi,4308,7,1255.70541871069
Pseudobias wardi,4323,7,54.7933720210891
Pseudobias wardi,4330,7,355.466497858925
Pseudobias wardi,4331,7,72.7284184850583
Pseudobias wardi,4340,7,19.4337860709381
Pseudobias wardi,4341,7,93.0083208342829
Pseudobias wardi,4342,7,9.05780211758673
Pseudobias wardi,41,24,24.4251745800447
Pseudobias wardi,57,24,93.4084023599993
Pseudobias wardi,58,24,13.353265317276
Pseudobias wardi,77,24,0.828408787800312
Pseudobias wardi,92,24,1.10392723276371
Pseudobias wardi,99,24,5.79482813861358
Pseudobias wardi,103,24,0.919795669861615
Pseudobias wardi,108,24,0.4598808172791
Pseudobias wardi,123,24,0.36781642743516
Pseudobias wardi,141,24,0.643524707942724
Pseudobias wardi,155,24,0.459616383672059
Pseudobias wardi,162,24,0.643432019172192
Pseudobias wardi,163,24,0.275752651619673
Pseudobias wardi,170,24,0.367655302864194
Pseudobias wardi,172,24,0.3676461294958
Pseudobias wardi,173,24,1.56243208603442
Pseudobias wardi,174,24,0.275729722221732
Pseudobias wardi,175,24,0.275717098941624
Pseudobias wardi,177,24,0.275709061498523
Pseudobias wardi,178,24,0.459508593737543
Pseudobias wardi,179,24,0.45949710468936
Pseudobias wardi,180,24,1.1946710927344
Pseudobias wardi,184,24,54.780124983215
Pseudobias wardi,185,24,3.21620605602419
Pseudobias wardi,186,24,0.551364106284499
Pseudobias wardi,190,24,1.10266377710551
Pseudobias wardi,191,24,0.367564567481756
Pseudobias wardi,193,24,22.6077495924836
Pseudobias wardi,195,24,0.551319225258708
Pseudobias wardi,198,24,1.10259928914046
Pseudobias wardi,200,24,2.02137478975803
Pseudobias wardi,201,24,0.826945434479237
Pseudobias wardi,202,24,0.643170052255213
Pseudobias wardi,203,24,1.65382056523675
Pseudobias wardi,210,24,0.826825480995119
Pseudobias wardi,211,24,0.459349671094894
Pseudobias wardi,213,24,0.275607724242747
Pseudobias wardi,218,24,0.367459639964223
Pseudobias wardi,223,24,0.275586929093957
Pseudobias wardi,225,24,1.46972063059181
Pseudobias wardi,226,24,0.275577679304183
Pseudobias wardi,243,24,0.367363554798603
Pseudobias wardi,246,24,26.2648020061304
Pseudobias wardi,252,24,388.784896894952
Pseudobias wardi,328,24,0.275296915365994
Pseudobias wardi,331,24,0.275287525101185
Pseudobias wardi,335,24,0.275273431350648
Pseudobias wardi,337,24,1.55979265927613
Pseudobias wardi,338,24,3.30296723872137
Pseudobias wardi,344,24,2.65988935294008
Pseudobias wardi,356,24,0.733449546446562
Pseudobias wardi,364,24,123.178229161861
Pseudobias wardi,365,24,8371.56462614435
Pseudobias wardi,370,24,41.8330794417093
Pseudobias wardi,375,24,0.27451926506561
Pseudobias wardi,4334,24,0.275940742864907
Pseudobias wardi,4316,25,29.4123165165292
Pseudobias wardi,4335,25,27.2715936270507
Pseudobias wardi,4336,25,29.3885406549345
Pseudobias wardi,4337,25,20.6592519148769
Pterocles personatus,316,6,467.213976723097
Pterocles personatus,319,6,12.7407955704254
Pterocles personatus,320,6,12.0483039035159
Pterocles personatus,333,6,11.331098059531
Pterocles personatus,357,6,33.3282081727574
Pterocles personatus,359,6,152.779606908385
Pterocles personatus,361,6,24.0897988637466
Pterocles personatus,506,6,18.0621390472158
Pterocles personatus,627,6,24.5074496821591
Pterocles personatus,632,6,28.6749251172398
Pterocles personatus,633,6,47.5161649497197
Pterocles personatus,186,4,18.5453158743801
Pterocles personatus,187,4,11.7406399878482
Pterocles personatus,192,4,1.79096353913176
Pterocles personatus,194,4,3.76076446234095
Pterocles personatus,198,4,1.96975829056764
Pterocles personatus,199,4,2.95405236926329
Pterocles personatus,200,4,15.2194226933502
Pterocles personatus,203,4,4.47503565163707
Pterocles personatus,204,4,24.9760466560141
Pterocles personatus,207,4,2.41590616923284
Pterocles personatus,211,4,192.685462994324
Pterocles personatus,215,4,4.73613397636772
Pterocles personatus,216,4,3.21650282293272
Pterocles personatus,217,4,3.30518937351549
Pterocles personatus,225,4,5.44071159735107
Pterocles personatus,226,4,3.1215435653218
Pterocles personatus,228,4,5.17179658846164
Pterocles personatus,229,4,7.40106157134962
Pterocles personatus,231,4,23.2564340616285
Pterocles personatus,232,4,20.5002108981814
Pterocles personatus,236,4,70.5519519286618
Pterocles personatus,237,4,23.0622813791421
Pterocles personatus,240,4,3.29419845495892
Pterocles personatus,242,4,20.8268327252995
Pterocles personatus,245,4,2.04482775703395
Pterocles personatus,645,4,5.26192441255724
Pterocles personatus,646,4,5.35111748366654
Pterocles personatus,647,4,1.51602477211297
Pterocles personatus,649,4,3.55836746485853
Pterocles personatus,667,4,6.17862015082514
Pterocles personatus,673,4,13.3402551715665
Pterocles personatus,262,5,2.74076471963298
Pterocles personatus,266,5,17.5870851484947
Pterocles personatus,270,5,2.20898278369844
Pterocles personatus,271,5,13.1672804516135
Pterocles personatus,278,5,484.401343081142
Pterocles personatus,279,5,43.730528077876
Pterocles personatus,282,5,9.52154744787466
Pterocles personatus,287,5,4.31856011909986
Pterocles personatus,293,5,13.0307413413469
Pterocles personatus,294,5,3.87195306908143
Pterocles personatus,295,5,2.02272765648687
Pterocles personatus,452,5,2.02803748513663
Pterocles personatus,453,5,2.20392408445001
Pterocles personatus,466,5,6.06907414019537
Rallus madagascariensis,212,7,2.68654776834023
Rallus madagascariensis,227,7,2.59653515384889
Rallus madagascariensis,279,7,21.5350859031137
Rallus madagascariensis,283,7,20.0147849152439
Rallus madagascariensis,284,7,4.64537103983664
Rallus madagascariensis,291,7,2.768956542961
Rallus madagascariensis,300,7,18.661799738426
Rallus madagascariensis,328,7,180.783642575449
Rallus madagascariensis,329,7,146.123231742988
Rallus madagascariensis,331,7,2.67311575396276
Rallus madagascariensis,332,7,26.7280340464827
Rallus madagascariensis,335,7,5.70158569381869
Rallus madagascariensis,339,7,5.9659693880297
Rallus madagascariensis,362,7,1560.25804452833
Rallus madagascariensis,397,7,1142.00943007067
Rallus madagascariensis,405,7,55.4595321367148
Rallus madagascariensis,406,7,43.6736468051456
Rallus madagascariensis,407,7,29.5651549471158
Rallus madagascariensis,408,7,26.6145864597148
Rallus madagascariensis,4,2,28.8049090227611
Rallus madagascariensis,8,2,50.3100383420988
Rallus madagascariensis,17,2,345.765137457496
Rallus madagascariensis,18,2,29.7890733494464
Rallus madagascariensis,19,2,4.33443217345184
Rallus madagascariensis,20,2,24.2502640100239
Rallus madagascariensis,26,2,118.189647975998
Rallus madagascariensis,27,2,4.05232580194205
Rallus madagascariensis,28,2,1.65764340949857
Rallus madagascariensis,29,2,341.623998021809
Rallus madagascariensis,31,2,24.3872932737169
Rallus madagascariensis,32,2,1266.74084971847
Rallus madagascariensis,33,2,18.8525092663892
Rallus madagascariensis,34,2,6.25186649493766
Rallus madagascariensis,36,3,261.406803662735
Rallus madagascariensis,40,3,57.9796058724853
Rallus madagascariensis,41,4,17.7844506995794
Rallus madagascariensis,43,4,1.91443390526438
Rallus madagascariensis,44,4,29.9512331377608
Rallus madagascariensis,46,4,451.318523939129
Rallus madagascariensis,47,4,29.9276454340639
Rallus madagascariensis,48,4,11.7314829464997
Rallus madagascariensis,53,4,284.038893397046
Rallus madagascariensis,62,4,23.8536335607852
Rallus madagascariensis,64,4,16.138888542667
Rallus madagascariensis,67,4,1.72204762516832
Rallus madagascariensis,68,4,24.8308760705491
Rallus madagascariensis,78,4,1.80736244962287
Rallus madagascariensis,83,4,6.50326257585895
Rallus madagascariensis,84,4,28.2465859618521
Rallus madagascariensis,86,4,27.9680107744948
Rallus madagascariensis,87,4,1.71338273918021
Rallus madagascariensis,88,4,2.70526567534971
Rallus madagascariensis,90,4,15.2341434265064
Rallus madagascariensis,92,4,51.4492322463986
Rallus madagascariensis,93,4,75.2703965806123
Rallus madagascariensis,94,4,5.76682925610114
Rallus madagascariensis,97,4,6.30495659599412
Rallus madagascariensis,104,4,2.79097468797433
Rallus madagascariensis,105,4,12.6019601731911
Rallus madagascariensis,112,4,5.39755232436275
Rallus madagascariensis,121,4,12.4106743581018
Rallus madagascariensis,124,4,63.8978052704699
Rallus madagascariensis,129,4,5.93422973769367
Rallus madagascariensis,131,4,36.126370737397
Rallus madagascariensis,135,4,8.17787618780792
Rallus madagascariensis,137,4,2597.20786040527
Rallus madagascariensis,142,4,21.462615630047
Rallus madagascariensis,143,4,268.221157359954
Rallus madagascariensis,159,4,44.9477111025642
Rallus madagascariensis,170,4,13.0948502482874
Rallus madagascariensis,177,4,35.5206766781266
Rallus madagascariensis,179,4,111.881944347615
Rallus madagascariensis,446,4,201.840260205998
Rallus madagascariensis,448,4,38.5754106344105
Rallus madagascariensis,449,4,44.8928926744707
Rallus madagascariensis,451,4,107.185176768976
Rallus madagascariensis,424,6,18.6008508719882
Rallus madagascariensis,425,6,5.93641490512288
Rallus madagascariensis,426,6,46.6130530952522
Rallus madagascariensis,427,6,19.3486232668558
Rallus madagascariensis,428,6,59.6278033725231
Rallus madagascariensis,429,6,26.4879455156572
Randia pseudozosterops,565,5,99.6139781935874
Randia pseudozosterops,19,3,8.86135206354195
Randia pseudozosterops,42,3,24.0868463646711
Randia pseudozosterops,43,3,1.1997945148766
Randia pseudozosterops,44,3,1.38436811978
Randia pseudozosterops,56,3,0.1845757537058
Randia pseudozosterops,103,3,238.372096775052
Randia pseudozosterops,4609,41,5.10381579457283
Randia pseudozosterops,4636,41,7.79134288626695
Randia pseudozosterops,4804,41,23.1786345468159
Randia pseudozosterops,140,21,1.93609669306916
Randia pseudozosterops,145,21,1.29059362713593
Randia pseudozosterops,156,21,0.368699697241247
Randia pseudozosterops,157,21,38.9884159684163
Randia pseudozosterops,213,21,0.276354423903167
Randia pseudozosterops,235,21,0.644736027104974
Randia pseudozosterops,244,21,0.184197436095715
Randia pseudozosterops,264,21,156.956082637068
Randia pseudozosterops,327,21,3.03707585177648
Randia pseudozosterops,368,21,0.460074262951553
Randia pseudozosterops,427,21,0.4598808172791
Randia pseudozosterops,530,21,3.21607484909624
Randia pseudozosterops,531,21,0.183782283740878
Randia pseudozosterops,697,21,0.183357631337821
Randia pseudozosterops,777,21,2.74624103237558
Randia pseudozosterops,1607,21,15860.663211223
Randia pseudozosterops,1831,38,0.181384007577896
Randia pseudozosterops,1832,38,16.138888542667
Randia pseudozosterops,2130,38,0.271612151348233
Randia pseudozosterops,2435,38,68.0501291261465
Randia pseudozosterops,2647,38,0.81207040675807
Randia pseudozosterops,2649,38,4.33088854262793
Randia pseudozosterops,2694,38,3.42828776114714
Randia pseudozosterops,2967,38,170.780797274529
Randia pseudozosterops,3009,38,1.44097988766825
Randia pseudozosterops,3064,38,0.81042117581451
Randia pseudozosterops,3065,38,195.261522227965
Randia pseudozosterops,3070,38,3.60175258067632
Randia pseudozosterops,3076,38,0.540243106049657
Randia pseudozosterops,3130,38,70.171205546759
Randia pseudozosterops,3163,38,19.1735890171416
Randia pseudozosterops,3205,38,1.97987146111107
Randia pseudozosterops,3304,38,4.13794503218365
Randia pseudozosterops,3399,38,0.719492194127441
Randia pseudozosterops,3415,38,26.2682493419862
Randia pseudozosterops,3440,38,0.179855101774454
Randia pseudozosterops,3479,38,5.93422973769367
Randia pseudozosterops,3483,38,0.179830169825315
Randia pseudozosterops,3567,38,36.126370737397
Randia pseudozosterops,3639,38,5570.53172202225
Randia pseudozosterops,3724,38,280.61110980638
Randia pseudozosterops,3986,38,50.5128889844387
Randia pseudozosterops,4206,38,35.5206766781266
Randia pseudozosterops,4233,38,137.38275887876
Randia pseudozosterops,4722,38,17.5452319122204
Randia pseudozosterops,4873,38,2.95197401895749
Randia pseudozosterops,5215,38,3.03774835122001
Randia pseudozosterops,5311,38,0.535848722586274
Randia pseudozosterops,5319,38,29.1201655531525
Randia pseudozosterops,5347,38,0.178590377736568
Randia pseudozosterops,5359,38,5.17860213789487
Randia pseudozosterops,5364,38,3.83926049733389
Randia pseudozosterops,5680,38,127.840606665036
Randia pseudozosterops,5758,38,224.834746882417
Randia pseudozosterops,5899,38,0.801343932428241
Randia pseudozosterops,6023,38,1.42368042658007
Randia pseudozosterops,6045,38,0.533811385018826
Randia pseudozosterops,6108,38,1.77858023683119
Randia pseudozosterops,6115,38,3052.25065595477
Randia pseudozosterops,6669,38,0.177450581545353
Randia pseudozosterops,6920,38,0.354345133471251
Randia pseudozosterops,7529,38,2.65011391026461
Randia pseudozosterops,7550,38,0.529997321402311
Randia pseudozosterops,7582,38,0.441623093728662
Randia pseudozosterops,7627,38,1.32446653053212
Randia pseudozosterops,8360,38,0.263970784573913
Randia pseudozosterops,8422,38,2.81359134580875
Randia pseudozosterops,9207,38,0.874369558251738
Randia pseudozosterops,9262,38,37.7648065144268
Randia pseudozosterops,9326,38,4252.91989576383
Randia pseudozosterops,9406,38,0.261868806515336
Randia pseudozosterops,9516,38,0.261605564093828
Randia pseudozosterops,9525,38,0.348776675967693
Randia pseudozosterops,9535,38,0.52311163881433
Randia pseudozosterops,9558,38,0.610212119015932
Randia pseudozosterops,9733,38,5.30358653567576
Randia pseudozosterops,9767,38,0.347606800359964
Randia pseudozosterops,9770,38,6.60311605216253
Randia pseudozosterops,9778,38,15.9816042844795
Randia pseudozosterops,9792,38,1128.26884578082
Randia pseudozosterops,9815,38,58.1494763075515
Randia pseudozosterops,9816,38,54.7933720210891
Randia pseudozosterops,9820,38,13.2152388889426
Randia pseudozosterops,9827,38,355.553761067319
Randia pseudozosterops,9828,38,47.4469397172759
Randia pseudozosterops,9832,38,19.4337860709381
Randia pseudozosterops,9833,38,130.111108528934
Randia pseudozosterops,9834,38,9.05780211758673
Randia pseudozosterops,9802,43,29.3885406549345
Randia pseudozosterops,9829,43,20.6592519148769
Sarothrura insularis,1,1,72.6104762396658
Sarothrura insularis,4865,1,56.8711675529887
Sarothrura insularis,2461,24,7.79134288626695
Sarothrura insularis,2561,24,44.6638451275753
Sarothrura insularis,8,2,191.732699801732
Sarothrura insularis,18,2,1.75354863390112
Sarothrura insularis,68,2,36.2230037559807
Sarothrura insularis,99,2,1.74986507844758
Sarothrura insularis,136,2,1.84023388044375
Sarothrura insularis,148,2,1.10392723276371
Sarothrura insularis,162,2,0.919795669861615
Sarothrura insularis,247,2,1.56243208603442
Sarothrura insularis,248,2,21.3212908685548
Sarothrura insularis,256,2,1.1946710927344
Sarothrura insularis,260,2,3.21620605602294
Sarothrura insularis,261,2,1.10266377710527
Sarothrura insularis,263,2,3.21607484909624
Sarothrura insularis,266,2,1.10259928914046
Sarothrura insularis,267,2,2.02137478975803
Sarothrura insularis,268,2,0.826945434479237
Sarothrura insularis,270,2,1.65382056523675
Sarothrura insularis,281,2,0.826825480995119
Sarothrura insularis,290,2,1.46972063059181
Sarothrura insularis,311,2,58.8617537300292
Sarothrura insularis,331,2,440.064966834339
Sarothrura insularis,824,2,21666.6509194677
Sarothrura insularis,4825,2,54.8720161250916
Sarothrura insularis,4833,2,447.370473094252
Sarothrura insularis,4876,2,5.52601863535739
Sarothrura insularis,4878,2,7.08624937383603
Sarothrura insularis,4920,2,9.5658888511582
Sarothrura insularis,4922,2,0.827843772775352
Sarothrura insularis,4925,2,1.65548669658464
Sarothrura insularis,4928,2,6.00386255988252
Sarothrura insularis,4929,2,0.923443426764727
Sarothrura insularis,1300,19,0.812480411258936
Sarothrura insularis,1586,19,170.780797274529
Sarothrura insularis,1672,19,70.1712055467508
Sarothrura insularis,1742,19,0.899620833965421
Sarothrura insularis,1852,19,36.2162431781246
Sarothrura insularis,1936,19,280.700961597652
Sarothrura insularis,2108,19,50.5128889844387
Sarothrura insularis,2232,19,35.5206766781266
Sarothrura insularis,2245,19,137.38275887876
Sarothrura insularis,3026,19,79.8728324807925
Sarothrura insularis,3091,19,180.783642575449
Sarothrura insularis,3130,19,225.191492433977
Sarothrura insularis,3422,19,11429.7409286794
Sarothrura insularis,4021,19,27.5182355705476
Sarothrura insularis,4224,19,37.7648065144268
Sarothrura insularis,4251,19,4845.15015840967
Sarothrura insularis,4555,19,1329.96889561471
Sarothrura insularis,4682,19,68.0501291261465
Sarothrura insularis,4799,19,2.87876883525717
Sarothrura insularis,4884,19,54.9733265501487
Sarothrura insularis,4892,19,58.1494763075515
Sarothrura insularis,4893,19,38.5754106344105
Sarothrura insularis,4894,19,1.35457540027201
Sarothrura insularis,4904,19,355.641092569589
Sarothrura insularis,4906,19,72.7284184850583
Sarothrura insularis,4916,19,47.4469397172759
Sarothrura insularis,4934,19,19.4337860709381
Sarothrura insularis,4935,19,187.042904927285
Sarothrura insularis,4936,19,9.05780211758673
Sarothrura insularis,4540,25,2.33597082442749
Sarothrura insularis,4910,25,57.1920356452289
Sarothrura insularis,4937,25,27.2715936270507
Sarothrura insularis,4938,25,29.4123165165292
Sarothrura insularis,4939,25,29.3885406549345
Sarothrura insularis,4940,25,20.6592519148769
Schetba rufa,1761,13,159.514437372706
Schetba rufa,8,1,0.55664420881176
Schetba rufa,9,1,0.371099061261296
Schetba rufa,10,1,0.556625695955515
Schetba rufa,11,1,9.3690831852839
Schetba rufa,13,1,0.463806772104681
Schetba rufa,16,1,0.27827526928854
Schetba rufa,1308,34,23.6722495532003
Schetba rufa,1324,34,24.7474065042328
Schetba rufa,1369,34,323.651454752106
Schetba rufa,1418,34,9.77879118232751
Schetba rufa,1427,34,29.8736329552349
Schetba rufa,1476,34,208.939539848705
Schetba rufa,5562,18,30.4260267755292
Schetba rufa,471,38,6.61398661988985
Schetba rufa,482,38,14.7867147839115
Schetba rufa,2236,36,49.6171625010363
Schetba rufa,2352,36,4.58233058484316
Schetba rufa,3703,14,16.7503128028274
Schetba rufa,3828,14,249.442126750155
Schetba rufa,3862,14,0.444901827133298
Schetba rufa,3875,14,1.51242250808871
Schetba rufa,6316,14,25.9190793253232
Schetba rufa,69,42,21.0334598369182
Schetba rufa,700,3,64.9869920614074
Schetba rufa,2946,43,7.79134288626695
Schetba rufa,3115,43,44.6638451275753
Schetba rufa,922,5,0.547944469634652
Schetba rufa,944,5,1.46089898014283
Schetba rufa,945,5,0.456539862202287
Schetba rufa,973,5,0.73026370028019
Schetba rufa,977,5,2.28180747323132
Schetba rufa,981,5,1.64285957804191
Schetba rufa,983,5,0.638874861070156
Schetba rufa,986,5,0.82137056838429
Schetba rufa,987,5,0.456318663737774
Schetba rufa,991,5,1.27762744745624
Schetba rufa,994,5,0.365034251434088
Schetba rufa,995,5,173.722750508177
Schetba rufa,1012,5,94.7218113163201
Schetba rufa,1020,5,50.5501472631775
Schetba rufa,1021,5,0.547426328327894
Schetba rufa,1024,5,0.364942030489683
Schetba rufa,1027,5,0.456175956650972
Schetba rufa,6335,5,59.2635538920963
Schetba rufa,2106,39,75.9526621724755
Schetba rufa,2140,39,2.87876883525968
Schetba rufa,2145,39,0.899620833965421
Schetba rufa,2163,39,0.269868277515173
Schetba rufa,2170,39,38.5800115935377
Schetba rufa,2277,39,0.62924105062902
Schetba rufa,2557,39,220.002362971732
Schetba rufa,2705,39,0.807085143688679
Schetba rufa,2771,39,16.9459699933987
Schetba rufa,2803,39,3.31648883063078
Schetba rufa,2835,39,0.268873417920232
Schetba rufa,2871,39,18.4579588651587
Schetba rufa,2901,39,3.4040187478323
Schetba rufa,3051,39,127.053143163151
Schetba rufa,3114,39,9.03832219414033
Schetba rufa,3127,39,0.805319379196763
Schetba rufa,3241,39,237.671926210976
Schetba rufa,3367,39,4.64537103983664
Schetba rufa,3485,39,11.6935781685414
Schetba rufa,3502,39,36.6909016499116
Schetba rufa,3507,39,0.356983151864767
Schetba rufa,3524,39,0.446176292874932
Schetba rufa,3531,39,1.60604260581028
Schetba rufa,3550,39,0.356880130990148
Schetba rufa,3555,39,0.446079455514789
Schetba rufa,3556,39,8.47422071402585
Schetba rufa,3558,39,112.032355234839
Schetba rufa,3563,39,0.267630786853433
Schetba rufa,3571,39,0.713630473426461
Schetba rufa,3572,39,2.4083891803335
Schetba rufa,3642,39,22.9116916141157
Schetba rufa,3672,39,120.560032082088
Schetba rufa,3715,39,4.54409223083007
Schetba rufa,3723,39,2.13844304757369
Schetba rufa,3802,39,15.9348882808119
Schetba rufa,3834,39,775.426656914098
Schetba rufa,3925,39,189.142971935081
Schetba rufa,3950,39,64.1921890918351
Schetba rufa,4373,39,236.706347141984
Schetba rufa,4407,39,0.62064821295929
Schetba rufa,4412,39,0.265972006814122
Schetba rufa,4421,39,0.709200345668078
Schetba rufa,4480,39,0.354345133471251
Schetba rufa,4522,39,108.098706040476
Schetba rufa,4597,39,80.432090711293
Schetba rufa,4604,39,22.0452068697664
Schetba rufa,4769,39,0.795515950573802
Schetba rufa,4818,39,12.2808891269343
Schetba rufa,4864,39,10.3338196872387
Schetba rufa,4877,39,0.264975197407126
Schetba rufa,4899,39,9.18260382897031
Schetba rufa,5050,39,163.532797568596
Schetba rufa,5105,39,57.8026237031135
Schetba rufa,5171,39,29.2386139433417
Schetba rufa,5217,39,19.8877197110529
Schetba rufa,5283,39,10.3792907872638
Schetba rufa,5293,39,0.879522119309068
Schetba rufa,5294,39,11.2571398901439
Schetba rufa,5306,39,2.63821850551534
Schetba rufa,5317,39,27.5182355705476
Schetba rufa,5318,39,0.263793588699341
Schetba rufa,5326,39,14.7691060763467
Schetba rufa,5503,39,236.268142269653
Schetba rufa,5563,39,46.2008279320747
Schetba rufa,5588,39,0.438328792405128
Schetba rufa,5691,39,0.876075560681462
Schetba rufa,5738,39,5.51709965046513
Schetba rufa,5749,39,15.0601537007796
Schetba rufa,5846,39,2.88561901259518
Schetba rufa,5884,39,37.7648065144268
Schetba rufa,5893,39,74.3904688865805
Schetba rufa,5962,39,18.4261448309841
Schetba rufa,5987,39,1.39672232339084
Schetba rufa,6043,39,131.230822369966
Schetba rufa,6117,39,111.105193541322
Schetba rufa,1154,8,0.272785613539338
Schetba rufa,1165,8,179.1205697204
Schetba rufa,1183,8,38.5995990338773
Schetba rufa,1589,11,7.49786063311994
Schetba rufa,1743,11,112.286446944652
Schetba rufa,1762,11,10.465825454369
Schetba rufa,1825,11,8.92682731793153
Schetba rufa,6344,11,80.8484170980795
Schetba rufa,6346,11,0.270580431664944
Schetba rufa,6349,11,1.98406180393803
Schetba rufa,6351,11,0.631245293885708
Schetba rufa,6352,11,0.721300963266969
Schetba rufa,6229,20,2.33597082442749
Schetba rufa,6285,20,0.777178853789091
Schetba rufa,6314,20,57.1920356452289
Schetba rufa,6319,20,0.604549703200817
Schetba rufa,6361,20,29.4123165165292
Schetba rufa,6362,20,29.3885406549345
Schetba rufa,6363,20,20.6592519148769
Schetba rufa,6364,20,19.9515621485635
Schetba rufa,189,26,10.8080899493445
Schetba rufa,196,26,4.15680086977166
Schetba rufa,198,26,0.646613986480057
Schetba rufa,208,26,0.277054396753728
Schetba rufa,214,26,157.758828399614
Schetba rufa,221,26,55.3104082629333
Schetba rufa,223,26,0.369215914128184
Schetba rufa,224,26,2.03047939233834
Schetba rufa,226,26,21.3177359530687
Schetba rufa,227,26,5.99888336933971
Schetba rufa,245,26,31.5566096821238
Schetba rufa,253,26,93.5449729917966
Schetba rufa,254,26,33.4793083827833
Schetba rufa,255,26,0.368939779944181
Schetba rufa,257,26,1.84464026403064
Schetba rufa,259,26,7.19359772695065
Schetba rufa,260,26,0.368899581958056
Schetba rufa,267,26,15.9522613844388
Schetba rufa,268,26,5.80984119605243
Schetba rufa,269,26,0.276647751640141
Schetba rufa,304,26,38.9884159684163
Schetba rufa,355,26,1.6577702530387
Schetba rufa,358,26,1.10513790659881
Schetba rufa,394,26,0.460074262951553
Schetba rufa,422,26,0.919795669861615
Schetba rufa,468,26,0.826993804157555
Schetba rufa,469,26,0.643234540641606
Schetba rufa,473,26,0.275607724242747
Schetba rufa,553,26,5.32337853834373
Schetba rufa,571,26,5.32275535896063
Schetba rufa,595,26,0.733967621563852
Schetba rufa,608,26,55.7476823689058
Schetba rufa,621,26,78.8713894917241
Schetba rufa,623,26,19.5158601347259
Schetba rufa,648,26,932.238846517177
Schetba rufa,661,26,0.549238015672863
Schetba rufa,668,26,0.732264744469524
Schetba rufa,953,26,1.09562847792959
Schetba rufa,967,26,7015.00310151304
Schetba rufa,976,26,119.156266504872
Schetba rufa,1004,26,67.4336606450312
Schetba rufa,1042,26,0.821044563117385
Schetba rufa,1076,26,2.46143837563407
Schetba rufa,1079,26,9.66243642262817
Schetba rufa,1085,26,218.176379276453
Schetba rufa,1091,26,95.3359421543333
Schetba rufa,1097,26,11.8440676069835
Schetba rufa,1104,26,15.0325883204132
Schetba rufa,1118,26,0.455462092835426
Schetba rufa,1122,26,0.728630221539021
Schetba rufa,1126,26,0.273218414016366
Schetba rufa,1143,26,612.920688318391
Schetba rufa,6340,26,29.9512162682307
Schetba rufa,6341,26,17.9300819832509
Schetba rufa,6342,26,0.369282266752303
Schetba rufa,1533,30,3.7066306409353
Schetba rufa,1534,30,1.62738922571898
Schetba rufa,1567,30,1.80727975274527
Schetba rufa,1573,30,47.4469397172683
Schetba rufa,1583,30,53.8645118024475
Schetba rufa,1624,30,10.6574180423908
Schetba rufa,2082,31,23.1253148168406
Schetba rufa,2133,31,12.679780730103
Schetba rufa,2661,37,110.095313872253
Schetba rufa,2722,37,26.1882757536098
Schetba rufa,2768,37,56.2188748015674
Schetba rufa,2785,37,13.9828390059565
Schetba rufa,2845,37,1.79238486695898
Schetba rufa,2907,37,23.9166595676655
Schetba rufa,2908,37,1.16463373756731
Schetba rufa,2909,37,0.627115013766289
Schetba rufa,2911,37,40.3042481815683
Schetba rufa,2937,37,0.985282145026565
Schetba rufa,3015,37,0.447673652347684
Schetba rufa,3023,37,2.32767118465054
Schetba rufa,3137,37,88.5345907866488
Schetba rufa,3146,37,180.908896227536
Schetba rufa,3181,37,2.59390059166253
Schetba rufa,3278,37,0.98336395385921
Schetba rufa,3344,37,45.6401254658063
Schetba rufa,3420,37,0.714404974959851
Schetba rufa,3435,37,0.535747839347601
Schetba rufa,3446,37,27.2353167096998
Schetba rufa,3449,37,0.446428569326758
Schetba rufa,3455,37,0.4464130281533
Schetba rufa,3473,37,1.87495118889725
Schetba rufa,6360,37,22.9626920597587
Schetba rufa,1712,44,95.4310499058415
Schetba rufa,1713,44,12.9023758178893
Schetba rufa,1779,44,111.325623246602
Schetba rufa,1792,44,113.306512595171
Schetba rufa,1803,44,0.631173773327112
Schetba rufa,1829,44,3.24513473330378
Schetba rufa,1941,44,166.814407413558
Schetba rufa,2039,44,70.171205546759
Schetba rufa,2088,44,0.449954103646755
Schetba rufa,2291,44,5.39304888002252
Schetba rufa,2293,44,2.1572478155632
Schetba rufa,2322,44,639.057245534534
Schetba rufa,2341,44,11.5902824411016
Schetba rufa,2394,44,1.34747982703471
Schetba rufa,2575,44,5.56517788187444
Schetba rufa,2612,44,38.3948607084999
Schetba rufa,2710,44,35.5206766781266
Schetba rufa,2733,44,137.38275887876
Setifer setosus,18392,447,37.7648065144268
Setifer setosus,1347,449,38.9884159684163
Setifer setosus,19812,498,12.7407955704254
Setifer setosus,10936,518,50.5128889844387
Setifer setosus,11221,518,35.5206766781266
Setifer setosus,11252,518,137.38275887876
Setifer setosus,20086,522,11.331098059531
Setifer setosus,13560,134,5.17179658846164
Setifer setosus,13804,134,23.2564340616227
Setifer setosus,13818,134,20.5002108981814
Setifer setosus,14094,134,70.5519519286623
Setifer setosus,17702,164,63.2344571036203
Setifer setosus,21420,551,15.479861985826
Setifer setosus,13488,133,3.92438438957548
Setifer setosus,13521,133,5.35111748366654
Setifer setosus,13554,133,5.17274390201235
Setifer setosus,13559,133,1.5160247721132
Setifer setosus,13591,133,7.13355141072726
Setifer setosus,20992,497,24.0897988637466
Setifer setosus,21454,556,44.4928427752445
Setifer setosus,20635,523,24.5074496821591
Setifer setosus,20651,523,152.434539488664
Setifer setosus,20947,523,33.3282081727574
Setifer setosus,20975,523,47.5161649497197
Setifer setosus,21174,523,27.7275849730357
Setifer setosus,14696,540,23.0622813791416
Setifer setosus,11237,129,42.3362076362427
Setifer setosus,21524,558,14.5508957098997
Setifer setosus,3962,562,2.19464777098459
Setifer setosus,3987,562,12.8945503097101
Setifer setosus,13837,355,16.7503128028274
Setifer setosus,3230,34,0.274908219362199
Setifer setosus,3347,34,19.8824612120205
Setifer setosus,21632,34,0.824719871121347
Setifer setosus,4223,52,0.456848093526959
Setifer setosus,4264,52,0.456835664464593
Setifer setosus,4265,52,0.274101896026969
Setifer setosus,4278,52,0.274093192542315
Setifer setosus,4297,52,0.274081997471213
Setifer setosus,4336,52,0.822180016362309
Setifer setosus,4345,52,0.274053362136722
Setifer setosus,4351,52,6.02962584375572
Setifer setosus,4513,52,64.7813755391271
Setifer setosus,21661,52,4.01953690115464
Setifer setosus,21662,52,0.822156348397851
Setifer setosus,4256,569,22.2892814174211
Setifer setosus,3812,571,16.3740665150672
Setifer setosus,169,6,0.463597745714188
Setifer setosus,212,6,43.2038186617044
Setifer setosus,341,13,0.370271373195231
Setifer setosus,342,13,0.462834125284791
Setifer setosus,345,13,43.0377824654073
Setifer setosus,356,13,1.48074673073471
Setifer setosus,357,13,1.66577102635694
Setifer setosus,360,13,0.277623898765862
Setifer setosus,361,13,0.277610584835947
Setifer setosus,378,13,1.38815019469857
Setifer setosus,2271,27,0.275667671454787
Setifer setosus,2284,27,1.92954817861235
Setifer setosus,2368,27,0.275591552190423
Setifer setosus,2387,27,0.367434207116008
Setifer setosus,2404,27,33.8991079803611
Setifer setosus,21609,27,0.367500048400104
Setifer setosus,4255,56,2.64969806134474
Setifer setosus,4289,56,0.274089461484194
Setifer setosus,4325,56,7.03479595916414
Setifer setosus,4326,56,4.567756926453
Setifer setosus,21669,56,0.456749789226413
Setifer setosus,294,396,43.4528749465152
Setifer setosus,97,4,0.55664420881176
Setifer setosus,101,4,0.371099061261296
Setifer setosus,104,4,0.556625695955813
Setifer setosus,117,4,0.463806772104442
Setifer setosus,124,4,0.27827526928854
Setifer setosus,126,4,0.463781360735595
Setifer setosus,136,4,0.278243954662919
Setifer setosus,149,4,0.27820176096195
Setifer setosus,152,4,0.64914825101471
Setifer setosus,159,4,130.021860527528
Setifer setosus,163,4,6.4908973798604
Setifer setosus,168,4,8.4370977335708
Setifer setosus,21693,4,56.8711675529887
Setifer setosus,11846,573,7.79134288626695
Setifer setosus,12158,573,44.6638451275753
Setifer setosus,18306,351,54.5408324229195
Setifer setosus,19744,488,0.260165493234158
Setifer setosus,19859,488,12.0483039035151
Setifer setosus,20396,488,157.845280077024
Setifer setosus,21329,488,63.798109872398
Setifer setosus,21421,488,466.866095203728
Setifer setosus,21676,579,14.876475508235
Setifer setosus,21821,488,9.98819568180025
Setifer setosus,17895,499,16.1215402504437
Setifer setosus,3472,550,0.732451485653877
Setifer setosus,3781,550,104.61434809919
Setifer setosus,21735,550,64.9869920614074
Setifer setosus,21756,550,3.11329257240254
Setifer setosus,21757,550,14.1007399868137
Setifer setosus,21770,550,2.56288165690053
Setifer setosus,21801,550,0.274669912564755
Setifer setosus,21802,550,0.366225743037939
Setifer setosus,21803,550,0.549305915590942
Setifer setosus,21843,550,0.366233005417585
Setifer setosus,21332,552,15.5764797698595
Setifer setosus,21425,552,54.0963039379551
Setifer setosus,21833,552,0.259797577435732
Setifer setosus,21530,560,88.8579889962915
Setifer setosus,21835,560,54.2897934620137
Setifer setosus,21836,560,29.6282884787502
Setifer setosus,21578,563,13.0307413413469
Setifer setosus,4475,570,0.54794446963501
Setifer setosus,4550,570,0.365240409358501
Setifer setosus,4558,570,1.46089898014283
Setifer setosus,4561,570,0.456539862202287
Setifer setosus,4687,570,0.73026370028019
Setifer setosus,4708,570,2.28180747323132
Setifer setosus,4714,570,1.64285957804191
Setifer setosus,4721,570,0.638874861070156
Setifer setosus,4727,570,0.82137056838429
Setifer setosus,4729,570,0.456318663737774
Setifer setosus,4743,570,1.27762744745624
Setifer setosus,4748,570,0.365034251434088
Setifer setosus,4775,570,537.744483648694
Setifer setosus,4791,570,0.547426328327894
Setifer setosus,4795,570,0.364942030489683
Setifer setosus,4799,570,0.456175956650972
Setifer setosus,21771,570,173.722750508177
Setifer setosus,7444,99,38.2051651932399
Setifer setosus,7507,99,3.07696966736627
Setifer setosus,7515,99,0.723997986286044
Setifer setosus,7549,99,0.361958205401897
Setifer setosus,21868,99,0.452763459861636
Setifer setosus,10175,108,1032.09468954584
Setifer setosus,10584,108,21.0241786897857
Setifer setosus,21883,108,7.49786063311923
Setifer setosus,21884,108,10.465825454369
Setifer setosus,21896,108,3.33495901543343
Setifer setosus,21901,108,0.270356910651445
Setifer setosus,21904,108,0.360449504251242
Setifer setosus,21906,108,2.16237442039514
Setifer setosus,21909,108,0.27020117475152
Setifer setosus,11639,340,90.2006443720138
Setifer setosus,11757,340,3.3134309653126
Setifer setosus,11937,340,2.05895008530676
Setifer setosus,21436,340,170.754673511907
Setifer setosus,21505,340,3.75955498127008
Setifer setosus,21920,340,1.79238486696017
Setifer setosus,21934,340,59.9353472358141
Setifer setosus,921,392,197.731583171071
Setifer setosus,2101,392,0.643524707942724
Setifer setosus,2151,392,0.459616383672059
Setifer setosus,2169,392,0.643432019172192
Setifer setosus,2174,392,0.275752651619673
Setifer setosus,2193,392,0.367655302864194
Setifer setosus,2206,392,1.56243208603442
Setifer setosus,2207,392,0.275729722221732
Setifer setosus,2224,392,0.275717098941624
Setifer setosus,2232,392,0.275709061498523
Setifer setosus,2236,392,0.459508593737543
Setifer setosus,2241,392,0.45949710468936
Setifer setosus,2242,392,1.1946710927344
Setifer setosus,2252,392,54.8720161250916
Setifer setosus,2254,392,3.21620605602419
Setifer setosus,2255,392,0.551364106284499
Setifer setosus,2262,392,1.10266377710527
Setifer setosus,2270,392,0.367564567481756
Setifer setosus,2278,392,0.551319225258708
Setifer setosus,2288,392,1.10259928914046
Setifer setosus,2292,392,2.02137478975803
Setifer setosus,2293,392,0.826945434479237
Setifer setosus,2299,392,0.643170052255213
Setifer setosus,2308,392,1.65382056523675
Setifer setosus,2325,392,0.826825480994821
Setifer setosus,2345,392,0.459349671094894
Setifer setosus,2366,392,0.367459639964223
Setifer setosus,2381,392,0.275586929093957
Setifer setosus,2385,392,1.46972063059181
Setifer setosus,2386,392,0.275577679304183
Setifer setosus,2465,392,0.367363554798603
Setifer setosus,2486,392,58.8617537300254
Setifer setosus,2545,392,439.973113778875
Setifer setosus,2576,392,0.275443051051259
Setifer setosus,6073,392,21965.679908141
Setifer setosus,21275,392,458.083821753779
Setifer setosus,21849,392,0.369282266752303
Setifer setosus,21852,392,9.5658888511582
Setifer setosus,21854,392,0.827843772775352
Setifer setosus,21855,392,0.275940742864907
Setifer setosus,21856,392,0.275922588019133
Setifer setosus,21857,392,1.65548669658464
Setifer setosus,21859,392,0.459814922548056
Setifer setosus,21860,392,10.9920872748523
Setifer setosus,21861,392,0.923443426764727
Setifer setosus,21865,392,1.74834825798291
Setifer setosus,21867,392,1.74828060862398
Setifer setosus,14458,505,508.20422915987
Setifer setosus,21506,505,25.9190793253232
Setifer setosus,8297,514,68.0501291261465
Setifer setosus,8540,514,0.812480411258936
Setifer setosus,9273,514,170.780797274529
Setifer setosus,9502,514,70.171205546759
Setifer setosus,9763,514,2.87876883525968
Setifer setosus,9767,514,0.899620833965421
Setifer setosus,9798,514,0.269868277515173
Setifer setosus,10110,514,36.126370737397
Setifer setosus,10454,514,280.61110980638
Setifer setosus,13193,514,2.41024649195707
Setifer setosus,13377,514,79.7835008618025
Setifer setosus,13675,514,164.716838880767
Setifer setosus,13874,514,224.834746882417
Setifer setosus,14145,514,0.267144246867418
Setifer setosus,14688,514,11409.7677901776
Setifer setosus,15554,514,0.62064821295929
Setifer setosus,15568,514,0.265972006814122
Setifer setosus,15586,514,0.709200345668078
Setifer setosus,15705,514,0.354345133471251
Setifer setosus,17291,514,28.8370827305443
Setifer setosus,18480,514,4806.81789608637
Setifer setosus,20754,514,1329.88182992828
Setifer setosus,21790,514,54.7933720210891
Setifer setosus,21798,514,58.1494763075515
Setifer setosus,21799,514,38.3946948622806
Setifer setosus,21800,514,1.35457540027201
Setifer setosus,21823,514,355.553761067319
Setifer setosus,21825,514,72.7284184850583
Setifer setosus,21848,514,47.4469397172759
Setifer setosus,21939,580,19.4337860709381
Setifer setosus,21940,581,187.042904927285
Setifer setosus,17698,530,268.794760590293
Setifer setosus,21519,530,19.2725371855396
Setifer setosus,21522,530,6.26889056322253
Setifer setosus,21523,530,87.1291073158932
Setifer setosus,21525,530,2.02803748513663
Setifer setosus,21526,530,2.11576712074435
Setifer setosus,21574,530,26.8667837100745
Setifer setosus,21601,530,9.10472416365838
Setifer setosus,21602,530,0.265184216719389
Setifer setosus,9943,553,0.449603298739433
Setifer setosus,9944,553,0.359686745625973
Setifer setosus,10005,553,167.74218789238
Setifer setosus,21870,553,0.449634089967847
Setifer setosus,11584,554,110.634216100066
Setifer setosus,11889,555,2.32767118465054
Setifer setosus,11950,555,1.9695149083488
Setifer setosus,11955,555,1.52182598961449
Setifer setosus,12031,555,0.358042122387886
Setifer setosus,12050,555,0.268520162322521
Setifer setosus,12113,555,89.7882265230072
Setifer setosus,12142,555,0.268474406305432
Setifer setosus,12250,555,0.357865030018806
Setifer setosus,12251,555,0.357865030018806
Setifer setosus,12278,555,1.16299019851911
Setifer setosus,12325,555,0.89446200739193
Setifer setosus,12428,555,2.86157776304519
Setifer setosus,12456,555,0.536503212695122
Setifer setosus,12457,555,1.87770515916026
Setifer setosus,13269,555,647.805641040932
Setifer setosus,21373,555,4.73613397636772
Setifer setosus,21598,555,3.30518937351549
Setifer setosus,21923,555,27.383507147518
Setifer setosus,21924,555,22.6292422166447
Setifer setosus,15899,572,260.732262440753
Setifer setosus,21512,572,79.2501346083427
Setifer setosus,21930,572,2.65747338466716
Setifer setosus,21935,572,19.8014696613791
Setifer setosus,20163,575,2.33597082442749
Setifer setosus,21829,575,57.1920356452289
Setifer setosus,20480,582,0.777178853789091
Setifer setosus,21741,582,0.604549703200817
Setifer setosus,21946,582,19.9515621485635
Setifer setosus,21942,583,27.2715936270507
Setifer setosus,21943,584,29.4123165165292
Setifer setosus,21944,585,29.3885406549345
Setifer setosus,21945,586,20.6592519148769
Setifer setosus,21576,578,17.1091583224724
Setifer setosus,21837,578,9.25706128804803
Tenrec ecaudatus,20783,258,37.7648065144268
Tenrec ecaudatus,16308,304,7.13355141072726
Tenrec ecaudatus,22657,304,5.44071159735107
Tenrec ecaudatus,22751,304,5.35111748366654
Tenrec ecaudatus,22752,304,1.51602477211297
Tenrec ecaudatus,22808,304,5.17274390200996
Tenrec ecaudatus,16336,28,5.17179658846164
Tenrec ecaudatus,16571,28,23.2564340616227
Tenrec ecaudatus,16586,28,20.5002108981814
Tenrec ecaudatus,16836,28,70.5519519286623
Tenrec ecaudatus,16927,28,3.29419845495892
Tenrec ecaudatus,23062,370,15.479861985826
Tenrec ecaudatus,21042,340,172.263727158163
Tenrec ecaudatus,21318,340,1.82724169255567
Tenrec ecaudatus,21528,340,0.34735036917913
Tenrec ecaudatus,21708,340,230.404751086321
Tenrec ecaudatus,22457,340,12.0483039035159
Tenrec ecaudatus,21974,51,19.4161335749025
Tenrec ecaudatus,21995,51,14.4048529760983
Tenrec ecaudatus,22462,51,0.776678249714136
Tenrec ecaudatus,22058,53,90.7621720601221
Tenrec ecaudatus,22069,53,42.9544435797046
Tenrec ecaudatus,22705,53,2.41072523375285
Tenrec ecaudatus,22848,53,24.8859073831294
Tenrec ecaudatus,22912,53,1.20737845729303
Tenrec ecaudatus,22741,376,68.1178643036762
Tenrec ecaudatus,23095,380,44.4928427752445
Tenrec ecaudatus,17694,356,23.0622813791416
Tenrec ecaudatus,22762,312,19.3775430370849
Tenrec ecaudatus,22763,313,76.4803060961314
Tenrec ecaudatus,22618,383,42.3362076362427
Tenrec ecaudatus,16604,375,16.7503128028274
Tenrec ecaudatus,20678,45,112.468627701651
Tenrec ecaudatus,3452,117,0.366509968225718
Tenrec ecaudatus,3529,117,3.48152099565202
Tenrec ecaudatus,3556,117,23.272929294417
Tenrec ecaudatus,23257,117,0.824719871121347
Tenrec ecaudatus,4791,253,0.456848093526959
Tenrec ecaudatus,4845,253,0.456835664464593
Tenrec ecaudatus,4950,253,0.822180016362309
Tenrec ecaudatus,4976,253,6.48646275148523
Tenrec ecaudatus,5178,253,64.7813755391271
Tenrec ecaudatus,23315,253,4.01953690115464
Tenrec ecaudatus,23316,253,0.822156348397851
Tenrec ecaudatus,4366,392,19.2038282113973
Tenrec ecaudatus,4488,392,1.91988596975887
Tenrec ecaudatus,4489,392,4.2053427026192
Tenrec ecaudatus,22248,392,16.3740665150672
Tenrec ecaudatus,22553,392,22.3806283842244
Tenrec ecaudatus,22923,392,37.7410851750167
Tenrec ecaudatus,23038,392,2.19383277368414
Tenrec ecaudatus,201,155,0.463597745714188
Tenrec ecaudatus,248,155,43.2038186617044
Tenrec ecaudatus,2274,179,1.92954817861235
Tenrec ecaudatus,2380,179,0.367434207116008
Tenrec ecaudatus,2399,179,33.8991079803611
Tenrec ecaudatus,23233,179,0.367500048400104
Tenrec ecaudatus,389,206,0.370271373195231
Tenrec ecaudatus,390,206,0.462834125284791
Tenrec ecaudatus,393,206,43.0377824654073
Tenrec ecaudatus,418,206,1.48074673073471
Tenrec ecaudatus,421,206,1.66577102635694
Tenrec ecaudatus,469,206,1.38815019469857
Tenrec ecaudatus,337,325,43.4528749465152
Tenrec ecaudatus,4520,393,0.6399434845016
Tenrec ecaudatus,4543,393,0.45708591381228
Tenrec ecaudatus,4584,393,5.85033975470352
Tenrec ecaudatus,4597,393,24.6792146248873
Tenrec ecaudatus,4632,393,1.0054375043211
Tenrec ecaudatus,4636,393,2.83342021114933
Tenrec ecaudatus,4664,393,1.00536820483017
Tenrec ecaudatus,4665,393,2.37624750380063
Tenrec ecaudatus,4692,393,1.5536069370805
Tenrec ecaudatus,4694,393,0.548346514569998
Tenrec ecaudatus,4713,393,0.548322966099382
Tenrec ecaudatus,4725,393,8.3165148231597
Tenrec ecaudatus,4748,393,8.86332816260099
Tenrec ecaudatus,4760,393,2.10170416140425
Tenrec ecaudatus,22554,393,1.27936982512581
Tenrec ecaudatus,22555,393,4.567756926453
Tenrec ecaudatus,22974,393,4.20557955169034
Tenrec ecaudatus,23317,393,16.5402429724604
Tenrec ecaudatus,23377,393,11.5120029750904
Tenrec ecaudatus,130,122,0.55664420881176
Tenrec ecaudatus,135,122,0.371099061261296
Tenrec ecaudatus,138,122,0.556625695955813
Tenrec ecaudatus,148,122,0.463806772104442
Tenrec ecaudatus,157,122,0.463781360735595
Tenrec ecaudatus,187,122,130.021860527528
Tenrec ecaudatus,193,122,6.49089737985945
Tenrec ecaudatus,209,122,8.4370977335708
Tenrec ecaudatus,22502,122,0.64914825101459
Tenrec ecaudatus,23330,122,56.8711675529887
Tenrec ecaudatus,14634,398,7.79134288626695
Tenrec ecaudatus,14935,398,44.6638451275753
Tenrec ecaudatus,21863,361,54.0963039379551
Tenrec ecaudatus,22971,361,15.5764797698595
Tenrec ecaudatus,3694,367,0.732451485653877
Tenrec ecaudatus,4099,367,104.61434809919
Tenrec ecaudatus,23368,367,64.9869920614074
Tenrec ecaudatus,23392,367,3.11329257240254
Tenrec ecaudatus,23393,367,14.1007399868137
Tenrec ecaudatus,23406,367,2.56288165690053
Tenrec ecaudatus,23445,367,0.366225743037939
Tenrec ecaudatus,23446,367,0.549305915590942
Tenrec ecaudatus,23485,367,0.366233005417585
Tenrec ecaudatus,23138,386,89.3847778577724
Tenrec ecaudatus,23477,386,54.2897934620137
Tenrec ecaudatus,23478,386,14.9893741114255
Tenrec ecaudatus,23197,387,13.3829553466861
Tenrec ecaudatus,23199,387,6.06907414019537
Tenrec ecaudatus,23484,387,2.02272765648687
Tenrec ecaudatus,23139,390,54.5408324229195
Tenrec ecaudatus,20213,35,183.130845077681
Tenrec ecaudatus,23133,35,19.4493472260612
Tenrec ecaudatus,23136,35,7.50890607225883
Tenrec ecaudatus,23191,35,26.8667837100745
Tenrec ecaudatus,23192,35,0.795282153396249
Tenrec ecaudatus,23194,35,17.1973576435087
Tenrec ecaudatus,23195,35,18.6823267181581
Tenrec ecaudatus,23226,35,2.12150208466887
Tenrec ecaudatus,23479,35,9.25706128804803
Tenrec ecaudatus,23482,35,4.31856011909986
Tenrec ecaudatus,23578,35,2.74076471963298
Tenrec ecaudatus,9784,125,38.2051651932399
Tenrec ecaudatus,9818,125,3.07696966736627
Tenrec ecaudatus,9828,125,0.723997986286044
Tenrec ecaudatus,9866,125,0.361958205401897
Tenrec ecaudatus,23510,125,0.452763459861636
Tenrec ecaudatus,1024,211,197.731583171071
Tenrec ecaudatus,1393,211,38.9884159684202
Tenrec ecaudatus,2129,211,0.459616383672059
Tenrec ecaudatus,2154,211,0.643432019172192
Tenrec ecaudatus,2176,211,0.367655302864194
Tenrec ecaudatus,2195,211,1.56243208603442
Tenrec ecaudatus,2227,211,0.459508593737841
Tenrec ecaudatus,2233,211,0.45949710468936
Tenrec ecaudatus,2234,211,1.1946710927344
Tenrec ecaudatus,2248,211,3.21620605602294
Tenrec ecaudatus,2249,211,0.551364106284499
Tenrec ecaudatus,2256,211,1.10266377710527
Tenrec ecaudatus,2263,211,0.367564567481756
Tenrec ecaudatus,2268,211,0.551319225258708
Tenrec ecaudatus,2279,211,1.10259928914046
Tenrec ecaudatus,2284,211,2.02137478975803
Tenrec ecaudatus,2285,211,0.826945434479237
Tenrec ecaudatus,2291,211,0.643170052255213
Tenrec ecaudatus,2300,211,1.65382056523675
Tenrec ecaudatus,2320,211,0.826825480994821
Tenrec ecaudatus,2339,211,0.459349671094894
Tenrec ecaudatus,2361,211,0.367459639964223
Tenrec ecaudatus,2379,211,1.46972063059181
Tenrec ecaudatus,2469,211,0.367363554798603
Tenrec ecaudatus,2488,211,58.8617537300292
Tenrec ecaudatus,2566,211,440.064966834339
Tenrec ecaudatus,8194,211,21918.7027245434
Tenrec ecaudatus,22737,211,54.8720161250916
Tenrec ecaudatus,22738,211,0.643524707942724
Tenrec ecaudatus,22829,211,458.083821753779
Tenrec ecaudatus,23417,211,86.9343049463478
Tenrec ecaudatus,23420,211,0.36825436967963
Tenrec ecaudatus,23422,211,5.24674449373478
Tenrec ecaudatus,23424,211,9.7552919905203
Tenrec ecaudatus,23491,211,0.369282266752303
Tenrec ecaudatus,23494,211,9.5658888511582
Tenrec ecaudatus,23496,211,0.827843772775352
Tenrec ecaudatus,23499,211,1.65548669658464
Tenrec ecaudatus,23501,211,0.459814922548056
Tenrec ecaudatus,23502,211,10.9920872748523
Tenrec ecaudatus,23503,211,0.923443426764727
Tenrec ecaudatus,23507,211,1.74834825798291
Tenrec ecaudatus,23509,211,2.48435904262823
Tenrec ecaudatus,14350,310,110.634216100066
Tenrec ecaudatus,18519,318,260.732262440753
Tenrec ecaudatus,23126,318,79.2501346083427
Tenrec ecaudatus,23575,318,2.65747338466716
Tenrec ecaudatus,23580,318,19.8014696613791
Tenrec ecaudatus,10647,334,68.0501291261465
Tenrec ecaudatus,10950,334,0.812480411258936
Tenrec ecaudatus,11852,334,170.780797274529
Tenrec ecaudatus,12084,334,70.1712055467508
Tenrec ecaudatus,12371,334,0.899620833965421
Tenrec ecaudatus,12751,334,36.2162431781246
Tenrec ecaudatus,13115,334,280.700961597652
Tenrec ecaudatus,13592,334,50.5128889844387
Tenrec ecaudatus,13941,334,35.5206766781266
Tenrec ecaudatus,13977,334,137.38275887876
Tenrec ecaudatus,15645,334,3.03774835122001
Tenrec ecaudatus,15897,334,5.17860213789487
Tenrec ecaudatus,15904,334,3.83926049733389
Tenrec ecaudatus,16136,334,79.8728324807925
Tenrec ecaudatus,16357,334,0.535034442315459
Tenrec ecaudatus,16453,334,110.183179654552
Tenrec ecaudatus,16638,334,224.834746882435
Tenrec ecaudatus,16922,334,0.801343932428241
Tenrec ecaudatus,17380,334,11395.8575095849
Tenrec ecaudatus,18344,334,0.354345133471251
Tenrec ecaudatus,19702,334,28.8370827305443
Tenrec ecaudatus,20854,334,4798.38971569298
Tenrec ecaudatus,22061,334,1329.96889561471
Tenrec ecaudatus,22407,334,2.87876883525717
Tenrec ecaudatus,23433,334,54.7933720210891
Tenrec ecaudatus,23441,334,58.1494763075515
Tenrec ecaudatus,23442,334,38.3946948622806
Tenrec ecaudatus,23443,334,1.35457540027201
Tenrec ecaudatus,23465,334,355.641092569589
Tenrec ecaudatus,23467,334,72.7284184850583
Tenrec ecaudatus,23490,334,47.4469397172759
Tenrec ecaudatus,23586,334,9.05780211758673
Tenrec ecaudatus,23584,402,19.4337860709381
Tenrec ecaudatus,23585,402,187.042904927285
Tenrec ecaudatus,13996,345,1032.09468954584
Tenrec ecaudatus,23096,345,21.0241786897857
Tenrec ecaudatus,23525,345,7.49786063311923
Tenrec ecaudatus,23526,345,10.465825454369
Tenrec ecaudatus,23538,345,3.33495901543343
Tenrec ecaudatus,23546,345,0.360449504251242
Tenrec ecaudatus,23548,345,2.16237442039514
Tenrec ecaudatus,12576,373,0.449603298739433
Tenrec ecaudatus,12577,373,0.359686745625973
Tenrec ecaudatus,12683,373,167.74218789238
Tenrec ecaudatus,23512,373,0.449634089967847
Tenrec ecaudatus,14410,379,90.2006443720138
Tenrec ecaudatus,14545,379,3.3134309653126
Tenrec ecaudatus,14675,379,2.32767118465054
Tenrec ecaudatus,14728,379,1.9695149083488
Tenrec ecaudatus,14732,379,1.52182598961449
Tenrec ecaudatus,14802,379,0.358042122387886
Tenrec ecaudatus,15028,379,0.357865030018806
Tenrec ecaudatus,15029,379,0.357865030018806
Tenrec ecaudatus,15064,379,1.16299019851911
Tenrec ecaudatus,15136,379,3.75660892574322
Tenrec ecaudatus,15203,379,1.78860352420616
Tenrec ecaudatus,15247,379,3.75577742678356
Tenrec ecaudatus,15271,379,89.7882265229853
Tenrec ecaudatus,15849,379,0.714404974959851
Tenrec ecaudatus,15888,379,0.535747839347601
Tenrec ecaudatus,15939,379,0.4464130281533
Tenrec ecaudatus,15996,379,1.87495118889725
Tenrec ecaudatus,16027,379,674.808253743933
Tenrec ecaudatus,22634,379,2.05895008530629
Tenrec ecaudatus,22645,379,1.87770515916026
Tenrec ecaudatus,23010,379,4.73613397636772
Tenrec ecaudatus,23077,379,170.754673511907
Tenrec ecaudatus,23160,379,3.75955498127008
Tenrec ecaudatus,23218,379,3.30518937351549
Tenrec ecaudatus,23565,379,1.79238486696017
Tenrec ecaudatus,23568,379,27.383507147518
Tenrec ecaudatus,23569,379,22.6292422166447
Tenrec ecaudatus,23579,379,59.9353472358141
Tenrec ecaudatus,5123,396,0.54794446963501
Tenrec ecaudatus,5247,396,0.456539862202287
Tenrec ecaudatus,5467,396,1.64285957804096
Tenrec ecaudatus,5508,396,1.64265917570972
Tenrec ecaudatus,5527,396,2.09870394610953
Tenrec ecaudatus,5644,396,2.0072273404777
Tenrec ecaudatus,5664,396,0.364942030489326
Tenrec ecaudatus,5716,396,0.547380770865917
Tenrec ecaudatus,7103,396,755.913788387957
Tenrec ecaudatus,22110,396,0.456318663737297
Tenrec ecaudatus,22111,396,0.821370568384051
Tenrec ecaudatus,22170,396,0.912692769446492
Tenrec ecaudatus,22557,396,0.365240409358382
Tenrec ecaudatus,22558,396,1.46089898014224
Tenrec ecaudatus,22559,396,0.730263700280547
Tenrec ecaudatus,22560,396,0.547674823723793
Tenrec ecaudatus,22561,396,0.638874861070275
Tenrec ecaudatus,23219,396,9.48887854600907
Tenrec ecaudatus,23448,396,0.456175956650376
Tenrec ecaudatus,21849,400,2.33597082442749
Tenrec ecaudatus,23471,400,57.1920356452289
Tenrec ecaudatus,21943,403,0.777178853789091
Tenrec ecaudatus,23374,403,0.604549703200817
Tenrec ecaudatus,23591,403,19.9515621485635
Tenrec ecaudatus,23587,404,27.2715936270507
Tenrec ecaudatus,23588,405,29.4123165165292
Tenrec ecaudatus,23589,406,29.3885406549345
Tenrec ecaudatus,23590,407,20.6592519148769
Tenrec ecaudatus,22785,401,509.984436593641
Tenrec ecaudatus,23153,401,26.0081400826775
Treron australis,5580,5,68.4073900828574
Treron australis,6895,7,15.5764797698595
Treron australis,6966,7,54.0963039379551
Treron australis,3808,10,4.47503565163767
Treron australis,3948,10,3.12715110022605
Treron australis,4099,10,3.1215435653218
Treron australis,4117,10,5.17179658846164
Treron australis,4178,10,23.2564340616227
Treron australis,4180,10,20.5002108981814
Treron australis,4253,10,70.5519519286623
Treron australis,4276,10,3.29419845495892
Treron australis,4518,10,23.0622813791416
Treron australis,1645,11,6.02962584375572
Treron australis,1695,11,64.7813755391271
Treron australis,7266,11,4.01953690115464
Treron australis,65,1,130.021860527528
Treron australis,66,1,6.4908973798604
Treron australis,68,1,8.4370977335708
Treron australis,86,1,43.2038186617044
Treron australis,123,1,43.4528749465152
Treron australis,142,1,43.0377824654073
Treron australis,148,1,1.48074673073471
Treron australis,149,1,1.66577102635694
Treron australis,160,1,1.38815019469857
Treron australis,7306,1,56.8711675529887
Treron australis,1392,12,16.3740665150672
Treron australis,1472,12,19.2038282113973
Treron australis,1511,12,1.91988596975875
Treron australis,1512,12,4.2053427026192
Treron australis,1535,12,2.19383277368402
Treron australis,1566,12,1.18809712456632
Treron australis,1567,12,9.23022386336541
Treron australis,1579,12,5.0262264291631
Treron australis,1582,12,1.27936982512558
Treron australis,1585,12,8.86332816260146
Treron australis,1632,12,10.9639024804163
Treron australis,1635,12,4.567756926453
Treron australis,1651,12,9.04258868397665
Treron australis,1711,12,1.46089898014283
Treron australis,1782,12,2.28180747323132
Treron australis,1793,12,1.64285957804191
Treron australis,1815,12,1.27762744745624
Treron australis,1818,12,452.612972657286
Treron australis,1851,12,2.00722734047782
Treron australis,7274,12,14.9865047176591
Treron australis,7380,12,59.2635538920963
Treron australis,1375,13,104.61434809919
Treron australis,7344,13,64.9869920614074
Treron australis,7365,13,3.11329257240254
Treron australis,7366,13,14.1007399868137
Treron australis,7379,13,2.56288165690053
Treron australis,3363,9,167.74218789238
Treron australis,3412,9,1032.09468954584
Treron australis,3611,9,42.3362076362427
Treron australis,3693,9,110.634216100066
Treron australis,3708,9,90.2006443720138
Treron australis,3714,9,2.32886922907722
Treron australis,3729,9,3.3134309653126
Treron australis,3734,9,1.79096353913164
Treron australis,3759,9,2.32767118465054
Treron australis,3767,9,2.05895008530676
Treron australis,3772,9,1.9695149083488
Treron australis,3773,9,1.52182598961449
Treron australis,3817,9,2.50550766269672
Treron australis,3843,9,1.16299019851911
Treron australis,3866,9,1.78860352420616
Treron australis,3876,9,2.86157776304519
Treron australis,3882,9,1.87770515916026
Treron australis,3910,9,89.7882265229853
Treron australis,4012,9,1.87495118889725
Treron australis,4022,9,674.271924355668
Treron australis,4086,9,5.44071159735251
Treron australis,4106,9,5.35111748366654
Treron australis,4114,9,5.17274390201235
Treron australis,4116,9,1.5160247721132
Treron australis,4127,9,7.13355141072726
Treron australis,4184,9,16.7503128028274
Treron australis,4261,9,16.3782069258974
Treron australis,4382,9,94.0284960762084
Treron australis,4422,9,1.95592157479775
Treron australis,4455,9,509.004872819902
Treron australis,4946,9,260.732262440753
Treron australis,5044,9,13.1672804516124
Treron australis,5575,9,590.589880067642
Treron australis,5648,9,16.1215402504437
Treron australis,5959,9,54.5408324229195
Treron australis,6292,9,12.7407955704254
Treron australis,6307,9,12.0483039035151
Treron australis,6383,9,11.331098059531
Treron australis,6474,9,157.845280077024
Treron australis,6539,9,24.5074496821449
Treron australis,6545,9,152.434539488664
Treron australis,6637,9,32.897685323071
Treron australis,6655,9,47.5161649497197
Treron australis,6663,9,24.0897988637466
Treron australis,6823,9,27.038656370522
Treron australis,6842,9,17.8876522784661
Treron australis,6892,9,63.798109872398
Treron australis,6901,9,4.73613397636772
Treron australis,6964,9,466.866095203728
Treron australis,6979,9,21.0241786897857
Treron australis,6981,9,170.754673511907
Treron australis,7048,9,25.9190793253232
Treron australis,7051,9,79.2501346083427
Treron australis,7060,9,43.5541700668897
Treron australis,7061,9,2.02803748513663
Treron australis,7062,9,2.11576712074435
Treron australis,7066,9,88.8579889962915
Treron australis,7074,9,155.727060960763
Treron australis,7081,9,3.75955498127008
Treron australis,7149,9,17.1091583224724
Treron australis,7151,9,13.0307413413469
Treron australis,7152,9,3.87195306908155
Treron australis,7153,9,6.06907414019537
Treron australis,7154,9,112.468627701651
Treron australis,7173,9,3.30518937351549
Treron australis,7281,9,14.876475508235
Treron australis,7396,9,36.3826787541578
Treron australis,7401,9,9.98819568180025
Treron australis,7408,9,54.2897934620137
Treron australis,7409,9,31.4692072683324
Treron australis,7418,9,9.25706128804803
Treron australis,7421,9,4.31856011909986
Treron australis,7423,9,2.02272765648687
Treron australis,7449,9,2.71500175354493
Treron australis,7452,9,1.62801036448324
Treron australis,7454,9,4.52090276207972
Treron australis,7460,9,7.49786063311923
Treron australis,7461,9,10.465825454369
Treron australis,7467,9,1.35249907425892
Treron australis,7473,9,3.33495901543343
Treron australis,7483,9,2.16237442039514
Treron australis,7488,9,1.89003464057791
Treron australis,7489,9,4.23005688389182
Treron australis,7500,9,1.79238486696017
Treron australis,7503,9,27.383507147518
Treron australis,7504,9,22.6292422166447
Treron australis,7510,9,2.65747338466716
Treron australis,7513,9,2.74076471963298
Treron australis,7514,9,59.9353472358141
Treron australis,7515,9,19.8014696613791
Treron australis,364,14,197.731583171071
Treron australis,428,14,24.8162057997349
Treron australis,499,14,27.563875972
Treron australis,513,14,38.9884159684163
Treron australis,789,14,1.56243208603442
Treron australis,806,14,1.1946710927344
Treron australis,814,14,54.8720161250916
Treron australis,816,14,3.21620605602419
Treron australis,819,14,1.10266377710527
Treron australis,830,14,1.10259928914046
Treron australis,832,14,2.02137478975803
Treron australis,835,14,1.65382056523675
Treron australis,866,14,1.46972063059181
Treron australis,889,14,58.6780858784187
Treron australis,910,14,439.973113778875
Treron australis,1142,14,54.2551765402825
Treron australis,1915,14,3.00950935336828
Treron australis,1967,14,8.20544973544359
Treron australis,1982,14,29.8986495271734
Treron australis,1989,14,1.73194615611374
Treron australis,1996,14,522.734634006108
Treron australis,2000,14,3.09900984286463
Treron australis,2053,14,86.1142209474365
Treron australis,2065,14,122.158256750971
Treron australis,2135,14,33.6930202433537
Treron australis,2145,14,29.4125688188833
Treron australis,2180,14,61.4417627379647
Treron australis,2270,14,15874.071381429
Treron australis,2306,14,57.6670162300373
Treron australis,2350,14,3.72704040367758
Treron australis,2351,14,14.9064569138006
Treron australis,2364,14,3.45366294002402
Treron australis,2372,14,31.8042477839252
Treron australis,2462,14,441.277129388884
Treron australis,2648,14,26.0164300679781
Treron australis,2698,14,490.774628541909
Treron australis,2749,14,595.975524092179
Treron australis,2796,14,2.98549041516316
Treron australis,2872,14,29.913559169592
Treron australis,2894,14,47.4469397172759
Treron australis,2907,14,68.0501291261465
Treron australis,2940,14,63.7766185238958
Treron australis,2948,14,90.1804596379815
Treron australis,2949,14,7.9466981693747
Treron australis,2983,14,14.2635312602674
Treron australis,3009,14,10.1104430428412
Treron australis,3014,14,10.3787010220101
Treron australis,3081,14,193.525743791103
Treron australis,3191,14,170.780797274529
Treron australis,3239,14,2.79097468797433
Treron australis,3254,14,70.171205546759
Treron australis,3311,14,182.360479340825
Treron australis,3322,14,2.87876883525968
Treron australis,3332,14,44.4516109920411
Treron australis,3370,14,1.34833984458005
Treron australis,3397,14,19.6800640694541
Treron australis,3398,14,2907.55075405138
Treron australis,3415,14,63.1738238802975
Treron australis,3427,14,86.2869199991335
Treron australis,3523,14,50.5128889844387
Treron australis,3595,14,35.5206766781266
Treron australis,3604,14,137.38275887876
Treron australis,3750,14,7.79134288626695
Treron australis,3820,14,44.6638451275753
Treron australis,4069,14,1296.21490263582
Treron australis,4148,14,180.783642575444
Treron australis,4194,14,224.834746882417
Treron australis,4318,14,908.443114216644
Treron australis,4396,14,1.68964842398798
Treron australis,4400,14,224.228386749756
Treron australis,5071,14,2.65011391026461
Treron australis,5111,14,40.9701177519585
Treron australis,5352,14,7.66210525788986
Treron australis,5436,14,28.8370827305443
Treron australis,5777,14,7.60914032988918
Treron australis,5848,14,37.7648065144268
Treron australis,5888,14,4313.6265402045
Treron australis,6133,14,5.30358653567576
Treron australis,6571,14,1283.16051960948
Treron australis,6848,14,428.361951223504
Treron australis,7385,14,26.2225410268169
Treron australis,7403,14,355.553761067319
Treron australis,7404,14,9.05780211758673
Treron australis,7427,14,9.5658888511582
Treron australis,7432,14,1.65548669658464
Treron australis,7435,14,10.9920872748523
Treron australis,7437,14,1058.63689139659
Treron australis,7442,14,1.74834825798291
Treron australis,7444,14,1.74828060862398
Treron australis,7527,14,6.97059309524584
Treron australis,7528,14,187.042904927285
Treron australis,6406,15,2.33597082442749
Treron australis,7005,15,44.4928427752445
Treron australis,7296,15,57.1920356452289
Treron australis,7517,15,27.2715936270507
Treron australis,7518,15,29.4123165165292
Treron australis,7519,15,29.3885406549345
Treron australis,7520,15,20.6592519148769
Treron australis,7521,15,19.9515621485635
Turnix nigricollis,7081,16,68.4073900828574
Turnix nigricollis,5325,9,3.1215435653218
Turnix nigricollis,5340,9,5.17179658846164
Turnix nigricollis,5410,9,23.2564340616227
Turnix nigricollis,5413,9,20.5002108981814
Turnix nigricollis,5524,9,70.5519519286623
Turnix nigricollis,5563,9,3.29419845495892
Turnix nigricollis,5918,9,23.0622813791416
Turnix nigricollis,8722,20,24.5074496821591
Turnix nigricollis,8734,20,155.10679217918
Turnix nigricollis,9023,20,33.5865311296824
Turnix nigricollis,9024,20,47.5161649497197
Turnix nigricollis,9037,20,24.8640921597188
Turnix nigricollis,9292,20,27.8998503276566
Turnix nigricollis,9472,17,15.5764797698595
Turnix nigricollis,9555,17,54.0963039379551
Turnix nigricollis,1808,25,6.48646275148523
Turnix nigricollis,1865,25,64.7813755391271
Turnix nigricollis,9897,25,4.01953690115464
Turnix nigricollis,77,1,130.021860527528
Turnix nigricollis,81,1,6.49089737985945
Turnix nigricollis,89,1,8.4370977335708
Turnix nigricollis,150,1,43.4528749465152
Turnix nigricollis,9931,1,56.8711675529887
Turnix nigricollis,1502,29,104.61434809919
Turnix nigricollis,9970,29,64.9869920614074
Turnix nigricollis,10016,29,3.11329257240254
Turnix nigricollis,10017,29,14.1007399868137
Turnix nigricollis,10030,29,2.56288165690053
Turnix nigricollis,8138,32,157.845280077024
Turnix nigricollis,8714,32,12.0483039035159
Turnix nigricollis,8715,32,12.740795570425
Turnix nigricollis,9377,32,17.8876522784661
Turnix nigricollis,9469,32,63.798109872398
Turnix nigricollis,9551,32,470.340423367448
Turnix nigricollis,9667,32,155.727060960763
Turnix nigricollis,9904,32,14.876475508235
Turnix nigricollis,10067,32,9.98819568180025
Turnix nigricollis,4069,13,167.74218789238
Turnix nigricollis,4592,13,110.634216100066
Turnix nigricollis,4615,13,90.2006443720138
Turnix nigricollis,4622,13,2.32886922907841
Turnix nigricollis,4656,13,3.3134309653126
Turnix nigricollis,4677,13,1.79096353913176
Turnix nigricollis,4707,13,2.32767118465054
Turnix nigricollis,4727,13,1.9695149083488
Turnix nigricollis,4728,13,1.52182598961449
Turnix nigricollis,4798,13,2.50550766269672
Turnix nigricollis,4853,13,1.16299019851911
Turnix nigricollis,4879,13,3.75660892574322
Turnix nigricollis,4905,13,1.78860352420616
Turnix nigricollis,4925,13,3.75577742678356
Turnix nigricollis,4997,13,89.7882265229853
Turnix nigricollis,5206,13,1.87495118889725
Turnix nigricollis,5223,13,674.808253743933
Turnix nigricollis,8925,13,42.3362076362427
Turnix nigricollis,8941,13,2.05895008530629
Turnix nigricollis,8952,13,1.87770515916026
Turnix nigricollis,8981,13,5.44071159735107
Turnix nigricollis,9078,13,5.35111748366654
Turnix nigricollis,9079,13,1.51602477211297
Turnix nigricollis,9080,13,7.13355141072726
Turnix nigricollis,9140,13,5.17274390200996
Turnix nigricollis,9491,13,4.73613397636772
Turnix nigricollis,9569,13,170.754673511907
Turnix nigricollis,9712,13,3.75955498127008
Turnix nigricollis,9804,13,3.30518937351549
Turnix nigricollis,10161,13,1.79238486696017
Turnix nigricollis,10164,13,27.383507147518
Turnix nigricollis,10165,13,22.6292422166447
Turnix nigricollis,10181,13,59.9353472358141
Turnix nigricollis,7241,23,16.1215402504437
Turnix nigricollis,8691,23,593.681726710519
Turnix nigricollis,8693,23,13.1672804516135
Turnix nigricollis,9210,23,54.5408324229195
Turnix nigricollis,9675,23,43.5541700668897
Turnix nigricollis,9676,23,2.02803748513663
Turnix nigricollis,9677,23,2.11576712074435
Turnix nigricollis,9680,23,89.3847778577724
Turnix nigricollis,9792,23,17.1973576435087
Turnix nigricollis,9794,23,13.3829553466861
Turnix nigricollis,9795,23,3.87195306908155
Turnix nigricollis,9796,23,6.06907414019537
Turnix nigricollis,9802,23,112.468627701651
Turnix nigricollis,10070,23,36.3826787541578
Turnix nigricollis,10080,23,54.2897934620137
Turnix nigricollis,10081,23,31.4692072683324
Turnix nigricollis,10082,23,9.25706128804803
Turnix nigricollis,10085,23,4.31856011909986
Turnix nigricollis,10087,23,2.02272765648687
Turnix nigricollis,10180,23,2.74076471963298
Turnix nigricollis,5417,24,16.7503128028274
Turnix nigricollis,5792,24,1.95592157479632
Turnix nigricollis,6579,24,260.732262440753
Turnix nigricollis,8633,24,94.7401919222058
Turnix nigricollis,9110,24,509.984436593641
Turnix nigricollis,9114,24,16.3782069258974
Turnix nigricollis,9660,24,79.2501346083427
Turnix nigricollis,9694,24,26.0081400826775
Turnix nigricollis,10171,24,2.65747338466716
Turnix nigricollis,10182,24,19.8014696613791
Turnix nigricollis,1599,27,19.2038282113973
Turnix nigricollis,1640,27,1.91988596975887
Turnix nigricollis,1641,27,4.2053427026192
Turnix nigricollis,1672,27,5.85033975470352
Turnix nigricollis,1676,27,24.6792146248873
Turnix nigricollis,1692,27,2.83342021114933
Turnix nigricollis,1700,27,2.37624750380063
Turnix nigricollis,1708,27,1.5536069370805
Turnix nigricollis,1721,27,8.3165148231597
Turnix nigricollis,1731,27,8.86332816260099
Turnix nigricollis,1736,27,2.10170416140425
Turnix nigricollis,1952,27,1.64285957804096
Turnix nigricollis,1970,27,1.46014583455253
Turnix nigricollis,2009,27,2.0072273404777
Turnix nigricollis,2217,27,755.366250888089
Turnix nigricollis,8492,27,16.3740665150672
Turnix nigricollis,8868,27,22.3806283842244
Turnix nigricollis,8869,27,1.27936982512581
Turnix nigricollis,8870,27,4.567756926453
Turnix nigricollis,8873,27,1.46089898014224
Turnix nigricollis,9389,27,37.7410851750167
Turnix nigricollis,9487,27,4.20557955169034
Turnix nigricollis,9527,27,2.19383277368414
Turnix nigricollis,9805,27,9.48887854600907
Turnix nigricollis,9899,27,16.5402429724604
Turnix nigricollis,9979,27,11.5120029750904
Turnix nigricollis,407,28,197.731583171071
Turnix nigricollis,545,28,38.9884159684202
Turnix nigricollis,818,28,1.56243208603442
Turnix nigricollis,832,28,1.1946710927344
Turnix nigricollis,840,28,3.21620605602294
Turnix nigricollis,841,28,1.10266377710527
Turnix nigricollis,852,28,1.10259928914046
Turnix nigricollis,854,28,2.02137478975803
Turnix nigricollis,856,28,1.65382056523675
Turnix nigricollis,892,28,1.46972063059181
Turnix nigricollis,922,28,58.8617537300292
Turnix nigricollis,953,28,440.064966834339
Turnix nigricollis,983,28,276.351624705747
Turnix nigricollis,1081,28,22.8472887600286
Turnix nigricollis,1116,28,1.19240941025871
Turnix nigricollis,1121,28,29.0693941458231
Turnix nigricollis,1156,28,43.8330294218944
Turnix nigricollis,1231,28,1.64962747188139
Turnix nigricollis,1233,28,308.773773092784
Turnix nigricollis,1250,28,33.4648236503616
Turnix nigricollis,1258,28,5.77274455881023
Turnix nigricollis,1367,28,111.481737909823
Turnix nigricollis,1409,28,27.5550919612728
Turnix nigricollis,1440,28,40.7236302934001
Turnix nigricollis,1475,28,8972.48323293726
Turnix nigricollis,1524,28,5.67174452978641
Turnix nigricollis,1592,28,55.4139470237806
Turnix nigricollis,2791,28,3382.74321234181
Turnix nigricollis,3621,28,47.4610845773911
Turnix nigricollis,3830,28,120.841209245142
Turnix nigricollis,3915,28,70.1712055467508
Turnix nigricollis,4088,28,36.2162431781246
Turnix nigricollis,4176,28,280.700961597652
Turnix nigricollis,4336,28,50.5128889844387
Turnix nigricollis,4458,28,35.5206766781266
Turnix nigricollis,4470,28,137.38275887876
Turnix nigricollis,5267,28,79.8728324807925
Turnix nigricollis,5376,28,180.783642575444
Turnix nigricollis,5430,28,224.834746882435
Turnix nigricollis,5761,28,10835.1289310728
Turnix nigricollis,6964,28,28.8370827305443
Turnix nigricollis,7472,28,37.7648065144268
Turnix nigricollis,7513,28,4899.14112324598
Turnix nigricollis,7771,28,1329.96889561471
Turnix nigricollis,7792,28,72.6415490388992
Turnix nigricollis,8620,28,2.87876883525717
Turnix nigricollis,9044,28,10.453268307377
Turnix nigricollis,9058,28,54.8720161250916
Turnix nigricollis,9068,28,68.1178643036762
Turnix nigricollis,9087,28,19.3775430370849
Turnix nigricollis,9088,28,76.4803060961314
Turnix nigricollis,9094,28,7.51090096298969
Turnix nigricollis,9392,28,458.083821753779
Turnix nigricollis,9400,28,683.074606938401
Turnix nigricollis,9693,28,1.35703303170836
Turnix nigricollis,10000,28,86.9343049463478
Turnix nigricollis,10005,28,5.24674449373478
Turnix nigricollis,10007,28,9.7552919905203
Turnix nigricollis,10031,28,54.7933720210891
Turnix nigricollis,10039,28,38.3946948622806
Turnix nigricollis,10040,28,1.35457540027201
Turnix nigricollis,10062,28,355.641092569589
Turnix nigricollis,10091,28,9.5658888511582
Turnix nigricollis,10096,28,1.65548669658464
Turnix nigricollis,10099,28,10.9920872748523
Turnix nigricollis,10104,28,1.74834825798291
Turnix nigricollis,10106,28,2.48435904262823
Turnix nigricollis,10186,28,19.4337860709381
Turnix nigricollis,10187,28,155.165027826925
Turnix nigricollis,10188,28,9.05780211758673
Turnix nigricollis,8212,33,29.4123165165292
Turnix nigricollis,9590,33,44.4928427752445
Turnix nigricollis,10174,33,27.2715936270507
Turnix nigricollis,10175,33,29.3885406549345
Turnix nigricollis,10176,33,20.6592519148769
Turnix nigricollis,10177,33,19.9515621485635
Turnix nigricollis,4478,34,1032.09468954584
Turnix nigricollis,9599,34,21.0241786897857
Turnix nigricollis,10110,34,2.71500175354493
Turnix nigricollis,10113,34,1.62801036448324
Turnix nigricollis,10115,34,4.52090276207972
Turnix nigricollis,10121,34,7.49786063311923
Turnix nigricollis,10122,34,10.465825454369
Turnix nigricollis,10128,34,1.35249907425892
Turnix nigricollis,10134,34,3.33495901543343
Turnix nigricollis,10144,34,2.16237442039514
Turnix nigricollis,10149,34,1.89003464057791
Turnix nigricollis,10150,34,4.23005688389182
Tylas eduardi,1,1,56.8711675529887
Tylas eduardi,3140,23,7.79134288626695
Tylas eduardi,3334,23,44.6638451275753
Tylas eduardi,5,2,3.97051299494481
Tylas eduardi,7,2,161.544130516898
Tylas eduardi,9,2,0.369180514121115
Tylas eduardi,10,2,0.922919603211403
Tylas eduardi,22,2,2.21454840610319
Tylas eduardi,38,2,0.6456592656492
Tylas eduardi,43,2,99.4892648970416
Tylas eduardi,61,2,27.8355770827927
Tylas eduardi,74,2,286.086068147213
Tylas eduardi,82,2,3.04084036644864
Tylas eduardi,92,2,29.1119459662804
Tylas eduardi,98,2,17.5033957201407
Tylas eduardi,109,2,0.644736027104974
Tylas eduardi,112,2,3.68393426545006
Tylas eduardi,117,2,143.789201630759
Tylas eduardi,118,2,0.828812250984609
Tylas eduardi,128,2,1.19697195979726
Tylas eduardi,139,2,0.828408787800312
Tylas eduardi,158,2,3.31197962940294
Tylas eduardi,162,2,0.36798441852951
Tylas eduardi,164,2,1.10392723276371
Tylas eduardi,171,2,5.79482813861358
Tylas eduardi,176,2,0.919795669861615
Tylas eduardi,179,2,0.4598808172791
Tylas eduardi,216,2,0.643524707940877
Tylas eduardi,217,2,2.11438066261417
Tylas eduardi,223,2,0.459616383672059
Tylas eduardi,228,2,0.643432019172192
Tylas eduardi,235,2,0.367655302864194
Tylas eduardi,237,2,1.56243208603442
Tylas eduardi,238,2,0.459508593737543
Tylas eduardi,239,2,0.45949710468936
Tylas eduardi,240,2,1.1946710927344
Tylas eduardi,242,2,1.47030313296086
Tylas eduardi,243,2,5.42170846381861
Tylas eduardi,251,2,1.10250129361898
Tylas eduardi,260,2,0.826744599567831
Tylas eduardi,272,2,6.42931777208394
Tylas eduardi,273,2,0.551094014702082
Tylas eduardi,282,2,26.2648020061304
Tylas eduardi,292,2,333.023805038575
Tylas eduardi,304,2,3.48845173661
Tylas eduardi,645,2,1.36918265574622
Tylas eduardi,901,2,0.363716343389511
Tylas eduardi,954,2,19682.7254211099
Tylas eduardi,959,2,1.81585824965096
Tylas eduardi,6497,2,161.827507484752
Tylas eduardi,6498,2,3.50637091730267
Tylas eduardi,6499,2,29.7954121801821
Tylas eduardi,1419,16,68.0501291261465
Tylas eduardi,1477,16,1.35457540027249
Tylas eduardi,1516,16,0.812480411258936
Tylas eduardi,1535,16,6.49805329123199
Tylas eduardi,1786,16,170.780797274529
Tylas eduardi,1880,16,70.171205546759
Tylas eduardi,1993,16,2.87876883525968
Tylas eduardi,1995,16,0.899620833965421
Tylas eduardi,2162,16,36.126370737397
Tylas eduardi,2274,16,280.61110980638
Tylas eduardi,2514,16,50.5128889844387
Tylas eduardi,2737,16,35.5206766781266
Tylas eduardi,2763,16,137.38275887876
Tylas eduardi,3860,16,79.7835008618025
Tylas eduardi,3990,16,180.783642575444
Tylas eduardi,4032,16,224.834746882417
Tylas eduardi,4389,16,11174.1010426996
Tylas eduardi,4808,16,0.620648212959528
Tylas eduardi,4826,16,0.709200345668078
Tylas eduardi,5567,16,2.81359134580875
Tylas eduardi,6009,16,37.7648065144268
Tylas eduardi,6042,16,4604.46697536176
Tylas eduardi,6495,16,1300.30013440765
Tylas eduardi,6573,16,54.7933720210891
Tylas eduardi,6580,16,58.1494763075515
Tylas eduardi,6581,16,4.33088854262591
Tylas eduardi,6588,16,355.553761067319
Tylas eduardi,6590,16,72.7284184850583
Tylas eduardi,6600,16,47.4469397172759
Tylas eduardi,6606,16,19.4337860709381
Tylas eduardi,6607,16,187.042904927285
Tylas eduardi,6608,16,9.05780211758673
Tylas eduardi,6556,24,29.0782282981118
Tylas eduardi,6594,24,29.4123165165292
Tylas eduardi,6609,24,27.2715936270507
Tylas eduardi,6610,24,21.6261414673434
Tylas eduardi,6611,24,29.3885406549345
Tylas eduardi,6612,24,20.6592519148769
Upupa marginata,1067,3,55.3194814575466
Upupa marginata,1109,3,1.10250129361898
Upupa marginata,9797,27,68.4073900828574
Upupa marginata,4240,17,122.237031946748
Upupa marginata,7205,18,3.1215435653218
Upupa marginata,7341,18,2.49561976526737
Upupa marginata,7357,18,16.6628148429691
Upupa marginata,7424,18,0.801882011444092
Upupa marginata,7430,18,0.980068366470218
Upupa marginata,7483,18,0.890829066967964
Upupa marginata,7521,18,0.890678811243176
Upupa marginata,7538,18,1.69219713924563
Upupa marginata,7555,18,2.67164689107799
Upupa marginata,7571,18,9.79421027239156
Upupa marginata,7572,18,4.71983996833682
Upupa marginata,7611,18,2.67099991113234
Upupa marginata,11221,30,1.12134289465988
Upupa marginata,11289,30,1.11957663125432
Upupa marginata,11290,30,3.18616224499857
Upupa marginata,11299,30,0.946817847223878
Upupa marginata,11300,30,4.47574298477996
Upupa marginata,11676,30,14.3252430556941
Upupa marginata,11679,30,1.20814413348556
Upupa marginata,11696,30,56.3651329394284
Upupa marginata,11702,30,1.20530864535403
Upupa marginata,11705,30,1.89390576896656
Upupa marginata,11707,30,1.80772674300706
Upupa marginata,12000,30,0.861215164482832
Upupa marginata,12005,30,0.775032425914645
Upupa marginata,12008,30,3.35815796479404
Upupa marginata,12009,30,4.04679182370305
Upupa marginata,12010,30,2.92668084810293
Upupa marginata,12025,30,24.8640921597188
Upupa marginata,12343,30,39.3341420771018
Upupa marginata,4596,16,112.609684843509
Upupa marginata,12059,16,19.3775430370849
Upupa marginata,12060,16,76.4803060961314
Upupa marginata,12066,16,7.51090096298969
Upupa marginata,12652,16,0.9048041632061
Upupa marginata,12655,16,1.35703303170836
Upupa marginata,3507,48,15.9106349743109
Upupa marginata,3513,48,68.1178643036762
Upupa marginata,2321,40,0.822180016362309
Upupa marginata,2337,40,5.75556250347149
Upupa marginata,2405,40,64.7813755391271
Upupa marginata,12845,40,4.01953690115464
Upupa marginata,12846,40,0.822156348397851
Upupa marginata,10520,50,22.1321745832863
Upupa marginata,10552,50,3.3098273938992
Upupa marginata,10571,50,13.3199779431528
Upupa marginata,1099,31,1.92954817861235
Upupa marginata,1146,31,33.8991079803611
Upupa marginata,242,45,43.0377824654073
Upupa marginata,259,45,1.48074673073471
Upupa marginata,260,45,1.66577102635694
Upupa marginata,279,45,1.38815019469857
Upupa marginata,146,49,43.2038186617044
Upupa marginata,110,1,130.021860527528
Upupa marginata,114,1,6.49089737985945
Upupa marginata,125,1,8.4370977335708
Upupa marginata,155,1,43.2675847418705
Upupa marginata,12878,1,56.8711675529887
Upupa marginata,6686,24,0.715356050514937
Upupa marginata,6687,24,7.15316099739838
Upupa marginata,6731,24,1.96673406490374
Upupa marginata,6825,24,21.1777052866546
Upupa marginata,6850,24,75.6054376674136
Upupa marginata,12976,24,44.0453456783663
Upupa marginata,12420,35,15.5764797698595
Upupa marginata,12513,35,54.0963039379551
Upupa marginata,2882,28,1.45832874055445
Upupa marginata,3138,28,661.726164717039
Upupa marginata,1758,47,0.732451485653877
Upupa marginata,1947,47,104.61434809919
Upupa marginata,12916,47,64.9869920614074
Upupa marginata,12957,47,3.11329257240254
Upupa marginata,12958,47,14.1007399868137
Upupa marginata,12971,47,2.56288165690053
Upupa marginata,7222,52,0.891787854492903
Upupa marginata,7327,52,0.802236635477543
Upupa marginata,7334,52,1.06962261895978
Upupa marginata,7335,52,3.29785010889542
Upupa marginata,7397,52,184.055328468695
Upupa marginata,7413,52,19.6901923251381
Upupa marginata,7502,52,43.7307843616194
Upupa marginata,7568,52,2.04824535180938
Upupa marginata,7587,52,2.22619413036621
Upupa marginata,7630,52,15.9348882808119
Upupa marginata,7680,52,412.966606878235
Upupa marginata,7753,52,134.277342248644
Upupa marginata,7864,52,2.40106290664852
Upupa marginata,7867,52,34.1438373568318
Upupa marginata,7907,52,91.234525332536
Upupa marginata,8104,52,84.0241757116541
Upupa marginata,8166,52,12.1608735246027
Upupa marginata,8192,52,1.15387874647725
Upupa marginata,8218,52,13.8438613020605
Upupa marginata,8258,52,3.63780846031773
Upupa marginata,8271,52,27.8556197308008
Upupa marginata,8332,52,447.086096572264
Upupa marginata,8751,52,8.04853361831559
Upupa marginata,8871,52,0.795515950573802
Upupa marginata,9011,52,273.475677275409
Upupa marginata,9029,52,5.38531445855916
Upupa marginata,9192,52,133.967642621479
Upupa marginata,9301,52,1.05747752482116
Upupa marginata,9328,52,8.28103705402064
Upupa marginata,9602,52,1.31894035812867
Upupa marginata,9606,52,8.6172899193499
Upupa marginata,10108,52,9.89086872484767
Upupa marginata,10139,52,1525.74188187292
Upupa marginata,10232,52,9.61734877962125
Upupa marginata,10265,52,10.7526742760164
Upupa marginata,10418,53,1.30912096210873
Upupa marginata,10445,53,1.04702337229478
Upupa marginata,10452,53,0.697930843771815
Upupa marginata,10487,53,2.6158241501931
Upupa marginata,10538,53,1.56809616759455
Upupa marginata,10543,53,130.192298566004
Upupa marginata,11175,53,157.845280077024
Upupa marginata,11656,53,1.47393099119222
Upupa marginata,11657,53,11.0948326900711
Upupa marginata,11661,53,0.953501062022328
Upupa marginata,11663,53,1.38655685541666
Upupa marginata,11664,53,1.29977947566557
Upupa marginata,12327,53,1.13414415884197
Upupa marginata,12328,53,262.206229025944
Upupa marginata,12417,53,63.798109872398
Upupa marginata,12506,53,1.04307801828969
Upupa marginata,12624,53,155.727060960763
Upupa marginata,12857,53,14.876475508235
Upupa marginata,13000,53,9.98819568180025
Upupa marginata,10005,54,16.1215402504437
Upupa marginata,11636,54,54.5408324229195
Upupa marginata,12635,54,84.9062573703405
Upupa marginata,12748,54,112.468627701651
Upupa marginata,13003,54,36.3826787541578
Upupa marginata,13016,54,54.2897934620137
Upupa marginata,13017,54,31.4692072683324
Upupa marginata,4487,20,38.0240908844043
Upupa marginata,4501,20,3.07696966736627
Upupa marginata,4505,20,0.723997986286044
Upupa marginata,5614,22,167.74218789238
Upupa marginata,6283,22,110.634216100066
Upupa marginata,6308,22,90.2006443720138
Upupa marginata,6319,22,0.98528214502728
Upupa marginata,6357,22,3.3134309653126
Upupa marginata,6415,22,2.32767118465054
Upupa marginata,6522,22,2.50550766269672
Upupa marginata,6590,22,1.16299019851911
Upupa marginata,6625,22,2.59381475292504
Upupa marginata,6656,22,1.78860352420616
Upupa marginata,6759,22,89.7882265229853
Upupa marginata,6941,22,0.714404974959851
Upupa marginata,7021,22,1.87495118889725
Upupa marginata,7052,22,662.203759264558
Upupa marginata,11891,22,42.3362076362427
Upupa marginata,12529,22,170.754673511907
Upupa marginata,12663,22,3.75955498127008
Upupa marginata,13093,22,1.79238486696017
Upupa marginata,13107,22,59.9353472358141
Upupa marginata,6175,55,1032.09468954584
Upupa marginata,12551,55,21.0241786897857
Upupa marginata,13042,55,2.71500175354493
Upupa marginata,13045,55,1.62801036448324
Upupa marginata,13047,55,4.52090276207972
Upupa marginata,13053,55,7.49786063311923
Upupa marginata,13054,55,10.465825454369
Upupa marginata,13060,55,1.35249907425892
Upupa marginata,13066,55,3.33495901543343
Upupa marginata,13076,55,2.16237442039514
Upupa marginata,13081,55,1.89003464057791
Upupa marginata,13082,55,4.23005688389182
Upupa marginata,12540,23,44.4928427752445
Upupa marginata,5506,29,0.899620833965421
Upupa marginata,5555,29,54.7933720210891
Upupa marginata,5623,29,2452.48431474281
Upupa marginata,5668,29,113.63252036178
Upupa marginata,5669,29,9.61649380968237
Upupa marginata,5730,29,43.4763170783683
Upupa marginata,5810,29,26.6683637139046
Upupa marginata,5858,29,1.88541664422989
Upupa marginata,5898,29,8.61674749869728
Upupa marginata,5921,29,3.76994957205438
Upupa marginata,5965,29,29.6043208677299
Upupa marginata,6036,29,63.4236706329681
Upupa marginata,6045,29,10.6757264497132
Upupa marginata,6092,29,1.16614342543793
Upupa marginata,6114,29,12.6468255125605
Upupa marginata,6163,29,3.04861138303256
Upupa marginata,11564,29,1.16909113466859
Upupa marginata,11566,29,1.88807437351215
Upupa marginata,11571,29,5.84320845867121
Upupa marginata,11579,29,2.87876883525717
Upupa marginata,7372,33,16.7503128028274
Upupa marginata,7735,33,49.9113577198761
Upupa marginata,7838,33,37.6226567107038
Upupa marginata,9003,33,260.732262440753
Upupa marginata,12101,33,509.984436593641
Upupa marginata,12105,33,79.2501346083427
Upupa marginata,12656,33,26.0081400826775
Upupa marginata,13101,33,2.65747338466716
Upupa marginata,13105,33,19.8014696613791
Upupa marginata,8874,39,0.707068363513827
Upupa marginata,9288,39,0.881335275759459
Upupa marginata,9319,39,0.793064338802218
Upupa marginata,11629,39,58.2911581924326
Upupa marginata,12739,39,17.1973576435087
Upupa marginata,13104,39,29.8714330564705
Upupa marginata,2061,44,19.2038282113973
Upupa marginata,2106,44,1.91988596975887
Upupa marginata,2107,44,4.2053427026192
Upupa marginata,2142,44,5.85033975470352
Upupa marginata,2147,44,24.6792146248873
Upupa marginata,2169,44,1.0054375043211
Upupa marginata,2171,44,2.83342021114933
Upupa marginata,2182,44,1.00536820483017
Upupa marginata,2183,44,2.37624750380063
Upupa marginata,2197,44,1.5536069370805
Upupa marginata,2213,44,8.3165148231597
Upupa marginata,2224,44,8.86332816260099
Upupa marginata,2231,44,2.10170416140425
Upupa marginata,2521,44,1.64285957804096
Upupa marginata,2546,44,1.64265917570972
Upupa marginata,2551,44,2.09870394610953
Upupa marginata,2610,44,2.0072273404777
Upupa marginata,3017,44,755.913788387957
Upupa marginata,11312,44,0.821370568384051
Upupa marginata,11361,44,0.912692769446492
Upupa marginata,11461,44,16.3740665150672
Upupa marginata,11852,44,22.3806283842244
Upupa marginata,11853,44,1.27936982512581
Upupa marginata,11854,44,4.567756926453
Upupa marginata,11857,44,1.46089898014224
Upupa marginata,11858,44,0.730263700280547
Upupa marginata,12350,44,37.7410851750167
Upupa marginata,12438,44,4.20557955169034
Upupa marginata,12493,44,2.19383277368414
Upupa marginata,12755,44,9.48887854600907
Upupa marginata,12853,44,16.5402429724604
Upupa marginata,12923,44,11.5120029750904
Upupa marginata,586,46,197.731583171071
Upupa marginata,781,46,38.9884159684202
Upupa marginata,909,46,4.14191372488886
Upupa marginata,1069,46,1.56243208603442
Upupa marginata,1078,46,10.3827521052792
Upupa marginata,1083,46,1.1946710927344
Upupa marginata,1090,46,3.21620605602294
Upupa marginata,1092,46,1.10266377710527
Upupa marginata,1093,46,5774.40457238549
Upupa marginata,1103,46,1.10259928914046
Upupa marginata,1104,46,2.02137478975803
Upupa marginata,1105,46,0.826945434479237
Upupa marginata,1107,46,1.65382056523675
Upupa marginata,1113,46,0.826825480994821
Upupa marginata,1141,46,1.46972063059181
Upupa marginata,1173,46,58.8617537300292
Upupa marginata,1211,46,439.421397569336
Upupa marginata,1263,46,30.5703030658947
Upupa marginata,1299,46,1.46844013959682
Upupa marginata,1331,46,5.32260880427396
Upupa marginata,1461,46,35.7588890292917
Upupa marginata,1567,46,79.8191472308383
Upupa marginata,1841,46,0.732264744469524
Upupa marginata,2017,46,38.5969468829269
Upupa marginata,2188,46,27.8715571080171
Upupa marginata,12036,46,54.8720161250916
Upupa marginata,12258,46,458.083821753779
Upupa marginata,12934,46,86.9343049463478
Upupa marginata,12939,46,5.24674449373478
Upupa marginata,12941,46,9.7552919905203
Upupa marginata,12977,46,1.19070154210621
Upupa marginata,13020,46,10.9920872748523
Upupa marginata,13021,46,0.923443426764727
Upupa marginata,13025,46,1.74834825798291
Upupa marginata,13027,46,2.48435904262823
Upupa marginata,13029,46,9.5658888511582
Upupa marginata,13031,46,0.827843772775352
Upupa marginata,13034,46,1.65548669658464
Vanga curvirostris,17363,23,14.3252430556879
Vanga curvirostris,17364,23,1.20814413348436
Vanga curvirostris,17374,23,0.517742279209852
Vanga curvirostris,17428,23,0.431315118657589
Vanga curvirostris,17441,23,0.603799138265729
Vanga curvirostris,17583,23,53.6071667803801
Vanga curvirostris,17627,23,0.344503772500277
Vanga curvirostris,17628,23,0.861215164482832
Vanga curvirostris,17631,23,3.18616224499941
Vanga curvirostris,17638,23,0.775032425914764
Vanga curvirostris,17639,23,0.516692135148764
Vanga curvirostris,17645,23,0.516659397087812
Vanga curvirostris,17649,23,3.18593688175929
Vanga curvirostris,17655,23,1.20530864535463
Vanga curvirostris,17659,23,1.89390576896656
Vanga curvirostris,17672,23,1.80772674300349
Vanga curvirostris,17673,23,1.2911887420702
Vanga curvirostris,17675,23,2.92668084810615
Vanga curvirostris,17678,23,0.946817847223878
Vanga curvirostris,17680,23,3.01240642037094
Vanga curvirostris,17694,23,24.0897988637466
Vanga curvirostris,17901,23,38.2991099852385
Vanga curvirostris,17908,23,2.84128662000453
Vanga curvirostris,3614,44,16.3740665150672
Vanga curvirostris,3757,44,19.2038282114016
Vanga curvirostris,3844,44,1.91988596975875
Vanga curvirostris,3845,44,4.2053427026192
Vanga curvirostris,2955,43,0.824719871121347
Vanga curvirostris,3078,43,0.366509968225718
Vanga curvirostris,3139,43,3.48152099565202
Vanga curvirostris,3162,43,23.272929294417
Vanga curvirostris,4001,37,0.456848093526959
Vanga curvirostris,4034,37,0.456835664464593
Vanga curvirostris,4088,37,0.822180016362309
Vanga curvirostris,4107,37,5.57282749176896
Vanga curvirostris,4238,37,64.7813755391271
Vanga curvirostris,18319,37,4.01953690115464
Vanga curvirostris,18320,37,0.822156348397851
Vanga curvirostris,2036,24,1.92954817861235
Vanga curvirostris,2133,24,0.367434207116008
Vanga curvirostris,2148,24,33.8991079803611
Vanga curvirostris,18235,24,0.367500048400104
Vanga curvirostris,331,45,0.370271373195231
Vanga curvirostris,332,45,0.462834125284791
Vanga curvirostris,335,45,43.0377824654073
Vanga curvirostris,351,45,1.48074673073471
Vanga curvirostris,352,45,1.66577102635694
Vanga curvirostris,386,45,1.38815019469857
Vanga curvirostris,179,48,0.463597745714188
Vanga curvirostris,215,48,43.2038186617044
Vanga curvirostris,119,1,0.55664420881176
Vanga curvirostris,122,1,0.371099061261296
Vanga curvirostris,125,1,0.556625695955813
Vanga curvirostris,133,1,0.463806772104442
Vanga curvirostris,141,1,0.463781360735595
Vanga curvirostris,165,1,0.64914825101471
Vanga curvirostris,171,1,130.021860527528
Vanga curvirostris,174,1,6.4908973798604
Vanga curvirostris,178,1,8.4370977335708
Vanga curvirostris,224,1,43.2675847418705
Vanga curvirostris,18358,1,56.8711675529887
Vanga curvirostris,10602,50,7.79134288626695
Vanga curvirostris,10825,50,44.6638451275753
Vanga curvirostris,3953,17,0.548346514569998
Vanga curvirostris,3957,17,0.639730784998775
Vanga curvirostris,3973,17,1.27936982512558
Vanga curvirostris,3995,17,1.46201426250422
Vanga curvirostris,4025,17,2.64969806134474
Vanga curvirostris,4079,17,7.03479595916414
Vanga curvirostris,4085,17,4.567756926453
Vanga curvirostris,4126,17,9.04258868397665
Vanga curvirostris,4205,17,0.54794446963501
Vanga curvirostris,4269,17,0.365240409358501
Vanga curvirostris,4277,17,1.46089898014283
Vanga curvirostris,4281,17,0.456539862202287
Vanga curvirostris,4408,17,0.73026370028019
Vanga curvirostris,4449,17,2.28180747323132
Vanga curvirostris,4466,17,1.64285957804191
Vanga curvirostris,4479,17,0.638874861070156
Vanga curvirostris,4502,17,0.82137056838429
Vanga curvirostris,4505,17,0.456318663737774
Vanga curvirostris,4522,17,1.27762744745624
Vanga curvirostris,4530,17,481.727789121106
Vanga curvirostris,4607,17,2.00722734047782
Vanga curvirostris,4612,17,0.364942030489683
Vanga curvirostris,4621,17,0.456175956650972
Vanga curvirostris,18327,17,14.9865047176591
Vanga curvirostris,18409,17,0.456749789226413
Vanga curvirostris,18439,17,81.3668221959746
Vanga curvirostris,17934,29,15.5764797698595
Vanga curvirostris,18023,29,54.0963039379551
Vanga curvirostris,3285,47,0.732451485653877
Vanga curvirostris,3579,47,104.61434809919
Vanga curvirostris,18400,47,64.9869920614074
Vanga curvirostris,18424,47,3.11329257240254
Vanga curvirostris,18425,47,14.1007399868137
Vanga curvirostris,18438,47,2.56288165690053
Vanga curvirostris,18470,47,0.366225743037939
Vanga curvirostris,18471,47,0.549305915590942
Vanga curvirostris,18519,47,0.366233005417585
Vanga curvirostris,15895,51,0.523638666577697
Vanga curvirostris,15917,51,0.523563038836241
Vanga curvirostris,15927,51,0.698019186100006
Vanga curvirostris,15944,51,0.436189867799282
Vanga curvirostris,15989,51,2.61582415019357
Vanga curvirostris,16099,51,1.39385740344095
Vanga curvirostris,16113,51,129.582523862221
Vanga curvirostris,16143,51,0.348321061425805
Vanga curvirostris,16224,51,0.34803445176816
Vanga curvirostris,16360,51,0.434623503267407
Vanga curvirostris,16663,51,1.47393099119139
Vanga curvirostris,16700,51,0.346756311790705
Vanga curvirostris,16703,51,0.953501062022328
Vanga curvirostris,16732,51,11.0948326900705
Vanga curvirostris,16748,51,1.38655685541713
Vanga curvirostris,16757,51,1.29977947566545
Vanga curvirostris,17174,51,157.845280077024
Vanga curvirostris,17897,51,1.13414415884197
Vanga curvirostris,17898,51,259.602511981778
Vanga curvirostris,17932,51,63.798109872398
Vanga curvirostris,18021,51,0.521531653210759
Vanga curvirostris,18148,51,155.727060960763
Vanga curvirostris,18337,51,14.876475508235
Vanga curvirostris,18495,51,9.98819568180025
Vanga curvirostris,15249,52,16.1215402504437
Vanga curvirostris,15906,52,54.5408324229195
Vanga curvirostris,18140,52,84.3794685088595
Vanga curvirostris,18228,52,112.468627701651
Vanga curvirostris,18490,52,36.3826787541578
Vanga curvirostris,18509,52,54.2897934620137
Vanga curvirostris,18510,52,31.4692072683324
Vanga curvirostris,7439,19,38.0240908844043
Vanga curvirostris,7476,19,3.07696966736627
Vanga curvirostris,7481,19,0.723997986286044
Vanga curvirostris,7505,19,0.361958205401897
Vanga curvirostris,18544,19,0.452763459861636
Vanga curvirostris,9341,21,0.449603298739433
Vanga curvirostris,9342,21,0.359686745625973
Vanga curvirostris,9394,21,167.74218789238
Vanga curvirostris,10196,21,42.3362076362427
Vanga curvirostris,10436,21,110.634216100066
Vanga curvirostris,10475,21,90.2006443720138
Vanga curvirostris,10496,21,0.985282145026565
Vanga curvirostris,10545,21,3.3134309653126
Vanga curvirostris,10630,21,2.32767118465054
Vanga curvirostris,10773,21,0.447504637193799
Vanga curvirostris,10821,21,2.50550766269672
Vanga curvirostris,10875,21,0.357865030018806
Vanga curvirostris,10876,21,0.357865030018806
Vanga curvirostris,10899,21,1.16299019851911
Vanga curvirostris,10974,21,1.78860352420616
Vanga curvirostris,11106,21,89.7882265229853
Vanga curvirostris,11288,21,0.714404974959851
Vanga curvirostris,11312,21,0.535747839347601
Vanga curvirostris,11325,21,0.446428569326758
Vanga curvirostris,11333,21,0.4464130281533
Vanga curvirostris,11371,21,1.87495118889725
Vanga curvirostris,11393,21,661.667429876293
Vanga curvirostris,18038,21,170.754673511907
Vanga curvirostris,18158,21,3.75955498127008
Vanga curvirostris,18546,21,0.449634089967847
Vanga curvirostris,18598,21,0.628002577298522
Vanga curvirostris,18599,21,1.79238486696017
Vanga curvirostris,18614,21,59.9353472358141
Vanga curvirostris,9579,53,1032.09468954584
Vanga curvirostris,18036,53,21.0241786897857
Vanga curvirostris,18548,53,2.71500175354493
Vanga curvirostris,18551,53,1.62801036448324
Vanga curvirostris,18553,53,4.52090276207972
Vanga curvirostris,18558,53,0.542388144284248
Vanga curvirostris,18559,53,7.49786063311923
Vanga curvirostris,18560,53,10.465825454369
Vanga curvirostris,18566,53,1.35249907425892
Vanga curvirostris,18572,53,3.33495901543343
Vanga curvirostris,18580,53,0.360449504251242
Vanga curvirostris,18582,53,2.16237442039514
Vanga curvirostris,18587,53,1.89003464057791
Vanga curvirostris,18588,53,4.23005688389182
Vanga curvirostris,18590,53,0.449812608878851
Vanga curvirostris,11784,26,16.7503128028274
Vanga curvirostris,12196,26,49.288619264533
Vanga curvirostris,12333,26,37.6226567107038
Vanga curvirostris,12530,26,509.004872819902
Vanga curvirostris,13027,26,79.2501346083427
Vanga curvirostris,13700,26,260.732262440753
Vanga curvirostris,18127,26,25.9190793253232
Vanga curvirostris,18604,26,19.8014696613791
Vanga curvirostris,18610,26,2.65747338466716
Vanga curvirostris,14389,35,0.881335275759459
Vanga curvirostris,14422,35,0.616823470779181
Vanga curvirostris,15104,35,57.7613271075732
Vanga curvirostris,18221,35,17.1091583224724
Vanga curvirostris,18613,35,29.8714330564705
Vanga curvirostris,875,46,197.731583171071
Vanga curvirostris,1224,46,38.9884159684163
Vanga curvirostris,1853,46,0.643524707942724
Vanga curvirostris,1899,46,0.459616383672059
Vanga curvirostris,1921,46,0.643432019172192
Vanga curvirostris,1941,46,0.367655302864194
Vanga curvirostris,1958,46,1.56243208603442
Vanga curvirostris,1990,46,0.459508593737543
Vanga curvirostris,1996,46,0.45949710468936
Vanga curvirostris,1997,46,1.1946710927344
Vanga curvirostris,2009,46,54.8720161250916
Vanga curvirostris,2012,46,3.21620605602419
Vanga curvirostris,2013,46,0.551364106284499
Vanga curvirostris,2019,46,1.10266377710527
Vanga curvirostris,2026,46,0.367564567481756
Vanga curvirostris,2031,46,0.551319225258708
Vanga curvirostris,2041,46,1.10259928914046
Vanga curvirostris,2047,46,2.02137478975803
Vanga curvirostris,2048,46,0.826945434479237
Vanga curvirostris,2054,46,0.643170052255213
Vanga curvirostris,2061,46,1.65382056523675
Vanga curvirostris,2077,46,0.826825480994821
Vanga curvirostris,2097,46,0.459349671094894
Vanga curvirostris,2118,46,0.367459639964223
Vanga curvirostris,2132,46,1.46972063059181
Vanga curvirostris,2205,46,0.367363554798603
Vanga curvirostris,2224,46,58.8617537300254
Vanga curvirostris,2284,46,439.973113778875
Vanga curvirostris,6357,46,21936.4092019396
Vanga curvirostris,7983,46,68.0501291261465
Vanga curvirostris,8214,46,0.812480411258936
Vanga curvirostris,8834,46,170.780797274529
Vanga curvirostris,8975,46,70.171205546759
Vanga curvirostris,9178,46,2.87876883525968
Vanga curvirostris,9182,46,0.899620833965421
Vanga curvirostris,9470,46,36.126370737397
Vanga curvirostris,9665,46,280.61110980638
Vanga curvirostris,9929,46,50.5128889844387
Vanga curvirostris,10162,46,35.5206766781266
Vanga curvirostris,10193,46,137.38275887876
Vanga curvirostris,11463,46,79.7835008618025
Vanga curvirostris,11675,46,180.783642575444
Vanga curvirostris,11807,46,224.834746882417
Vanga curvirostris,12375,46,11419.5619256074
Vanga curvirostris,13203,46,0.620648212959528
Vanga curvirostris,13239,46,0.709200345668078
Vanga curvirostris,14733,46,28.8370827305443
Vanga curvirostris,15702,46,37.7648065144268
Vanga curvirostris,15770,46,4897.81849463166
Vanga curvirostris,17461,46,1329.88182992828
Vanga curvirostris,17913,46,458.083821753779
Vanga curvirostris,18458,46,54.7933720210891
Vanga curvirostris,18466,46,58.1494763075515
Vanga curvirostris,18467,46,13.0070758246177
Vanga curvirostris,18468,46,1.35457540027201
Vanga curvirostris,18497,46,355.553761067319
Vanga curvirostris,18499,46,72.7284184850583
Vanga curvirostris,18524,46,47.4469397172759
Vanga curvirostris,18525,46,0.369282266752303
Vanga curvirostris,18528,46,9.5658888511582
Vanga curvirostris,18530,46,0.827843772775352
Vanga curvirostris,18533,46,1.65548669658464
Vanga curvirostris,18535,46,0.459814922548056
Vanga curvirostris,18536,46,10.9920872748523
Vanga curvirostris,18537,46,0.923443426764727
Vanga curvirostris,18541,46,1.74834825798291
Vanga curvirostris,18543,46,1.74828060862398
Vanga curvirostris,18617,46,19.4337860709381
Vanga curvirostris,18618,46,187.042904927285
Vanga curvirostris,18619,46,9.05780211758673
Vanga curvirostris,16985,54,2.33597082442749
Vanga curvirostris,17247,54,0.777178853789091
Vanga curvirostris,18054,54,44.4928427752445
Vanga curvirostris,18406,54,0.604549703200817
Vanga curvirostris,18503,54,57.1920356452289
Vanga curvirostris,18620,54,27.2715936270507
Vanga curvirostris,18621,54,29.4123165165292
Vanga curvirostris,18622,54,29.3885406549345
Vanga curvirostris,18623,54,20.6592519148769
Vanga curvirostris,18624,54,19.9515621485635
Varecia rubra,1,1,0.460479690076709
Varecia rubra,2,1,0.276287814046025
Varecia rubra,4,1,19.1535753317625
Varecia rubra,5,2,58.627025391596
Varecia rubra,6,3,31.720629655785
Varecia rubra,7,4,50.8733620368133
Varecia rubra,8,5,28.1885116145399
Varecia rubra,9,4,0.275470983039737
Varecia rubra,10,6,87.5687991782385
Varecia rubra,11,7,3.94387192411029
Varecia rubra,12,7,79.5990008421903
Varecia rubra,13,8,19.439023896375
Varecia rubra,15,8,0.733449546446562
Varecia rubra,46,12,59.3584008869071
Varecia rubra,66,12,31.2682529843551
Varecia rubra,235,14,119.023417240962
Varecia rubra,236,14,28.7904950133276
Varecia rubra,237,14,21.8825853054524
Varecia rubra,297,17,29.7341543807525
Varecia rubra,299,18,91.4244231024054
Varecia rubra,300,18,29.0748802500753
Varecia rubra,305,18,2.35459958157456
Varecia rubra,310,18,0.45276620742929
Varecia rubra,313,18,15.211670940584
Varecia rubra,316,18,0.271612151348233
Varecia rubra,317,18,25.7997535846438
Varecia rubra,323,18,61.4414495980916
Varecia rubra,355,20,29.8402452867418
Varecia rubra,356,21,6.50742985020852
Varecia rubra,359,21,30.181868305468
Varecia rubra,390,22,29.7892519351293
Varecia rubra,398,49,10.3787010220101
Varecia rubra,399,49,0.54153223163712
Varecia rubra,406,49,45.1152499548682
Varecia rubra,423,49,12.6316942158593
Varecia rubra,447,49,0.360820509202004
Varecia rubra,455,49,0.631399526012182
Varecia rubra,462,49,2.88615462252796
Varecia rubra,471,49,0.631278168037534
Varecia rubra,484,68,1.71320107459641
Varecia rubra,498,49,5.77045341412199
Varecia rubra,509,68,0.631062051789641
Varecia rubra,510,68,3.24513473330378
Varecia rubra,513,49,0.360597465286255
Varecia rubra,523,68,1.08167763275933
Varecia rubra,534,68,78.9502231569217
Varecia rubra,545,68,1.26175807826722
Varecia rubra,546,68,28.7455822159666
Varecia rubra,556,50,3.51433334820831
Varecia rubra,573,50,29.9095487109374
Varecia rubra,582,68,41.9852753191171
Varecia rubra,583,68,0.360352960571528
Varecia rubra,593,68,0.630549841309428
Varecia rubra,608,50,92.6024296910066
Varecia rubra,612,50,29.8017358145041
Varecia rubra,643,50,0.449954103646755
Varecia rubra,646,23,30.5040509968351
Varecia rubra,667,50,0.539803754308224
Varecia rubra,677,50,161.871357732549
Varecia rubra,761,26,11.1339782592628
Varecia rubra,804,58,14.5278061300486
Varecia rubra,1021,30,195.100929931278
Varecia rubra,1059,30,4.64537103983664
Varecia rubra,1102,57,8.57089291900718
Varecia rubra,1113,30,108.017533877724
Varecia rubra,1114,57,47.0596464797798
Varecia rubra,1118,57,2.41024649195707
Varecia rubra,1126,60,39.0124025997389
Varecia rubra,1131,30,0.446176292874932
Varecia rubra,1132,30,1.07071694061661
Varecia rubra,1135,31,19.626219563625
Varecia rubra,1143,60,75.8966833206762
Varecia rubra,1151,32,9.45004298783171
Varecia rubra,1158,32,408.006582833696
Varecia rubra,1161,33,6.49600297978592
Varecia rubra,1162,33,10.8544167671562
Varecia rubra,1165,33,6.67137291090632
Varecia rubra,1168,34,22.8289213949697
Varecia rubra,1169,35,29.195756822505
Varecia rubra,1170,35,27.8556197308008
Varecia rubra,1171,36,0.265536269318342
Varecia rubra,1172,36,42.2937054256052
Varecia rubra,1173,37,65.7629304431266
Varecia rubra,1183,37,0.264660510413408
Varecia rubra,1184,37,11.0284926678838
Varecia rubra,1186,37,0.793622905395865
Varecia rubra,1187,37,20.4609761780863
Varecia rubra,1188,37,17.8978717509653
Varecia rubra,1189,37,0.352587115600109
Varecia rubra,1190,39,21.4969355489569
Varecia rubra,1191,40,1.66069766811907
Varecia rubra,1196,40,45.4516362171202
Varecia rubra,210,59,11.8440676069835
Varecia rubra,726,53,11.3207847004597
Varecia rubra,791,61,3.85894634558105
Varecia rubra,805,61,118.717340773196
Varecia rubra,815,61,34.6235198915293
Varecia rubra,16,9,60.0222909123515
Varecia rubra,18,9,29.7715142444786
Varecia rubra,29,9,142.465181933607
Varecia rubra,37,64,0.27451926506561
Varecia rubra,39,64,0.36601674408102
Varecia rubra,40,64,0.457520320277512
Varecia rubra,47,64,119.300489712901
Varecia rubra,51,64,0.731667634530187
Varecia rubra,71,64,56.679369671421
Varecia rubra,1464,70,53.0446320118169
Varecia rubra,75,13,0.730765760074735
Varecia rubra,125,13,62.6106702145802
Varecia rubra,126,13,103.812629672911
Varecia rubra,138,13,39.6034941874286
Varecia rubra,162,13,0.821044563117385
Varecia rubra,168,13,32.0185058664847
Varecia rubra,169,13,1.18578380805576
Varecia rubra,173,69,26.4478876853095
Varecia rubra,190,69,0.455858322201014
Varecia rubra,192,69,288.79463135161
Varecia rubra,199,69,0.6380137842201
Varecia rubra,203,69,0.911358596914411
Varecia rubra,204,69,75.3846266534052
Varecia rubra,206,69,100.44284004385
Varecia rubra,212,69,0.273353686598539
Varecia rubra,219,69,50.5645442866
Varecia rubra,1465,69,2.5531635234251
Varecia rubra,17,10,59.8249089142623
Varecia rubra,19,10,31.6875214916216
Varecia rubra,1357,52,95.6101596475203
Varecia rubra,23,11,290.110003860427
Varecia rubra,705,25,5.39304888002252
Varecia rubra,707,25,2.1572478155632
Varecia rubra,718,25,89.6625300134666
Varecia variegata,649,102,38.9884159684163
Varecia variegata,9048,101,37.7648065144268
Varecia variegata,4078,128,50.5128889844387
Varecia variegata,4298,128,35.5206766781266
Varecia variegata,4321,128,137.38275887876
Varecia variegata,2,1,0.55664420881176
Varecia variegata,3,1,0.371099061261296
Varecia variegata,5,1,0.556625695955515
Varecia variegata,6,1,0.463806772104681
Varecia variegata,7,1,0.463781360735595
Varecia variegata,14,1,0.64914825101471
Varecia variegata,16,1,103.775520140199
Varecia variegata,9831,1,56.8711675529887
Varecia variegata,4704,140,7.79134288626695
Varecia variegata,4911,140,44.6638451275753
Varecia variegata,312,11,197.731583171071
Varecia variegata,535,11,458.083821753779
Varecia variegata,1088,11,0.643524707942724
Varecia variegata,1108,11,0.459616383672059
Varecia variegata,1116,11,0.643432019172192
Varecia variegata,1126,11,0.367655302864194
Varecia variegata,1133,11,1.56243208603442
Varecia variegata,1144,11,0.459508593737543
Varecia variegata,1146,11,0.45949710468936
Varecia variegata,1147,11,1.1946710927344
Varecia variegata,1154,11,54.8720161250855
Varecia variegata,1155,11,3.21620605602419
Varecia variegata,1156,11,0.551364106284499
Varecia variegata,1162,11,1.10266377710551
Varecia variegata,1163,11,0.367564567481756
Varecia variegata,1166,11,0.551319225258708
Varecia variegata,1171,11,1.10259928914046
Varecia variegata,1174,11,2.02137478975803
Varecia variegata,1175,11,0.826945434479237
Varecia variegata,1178,11,0.643170052255213
Varecia variegata,1182,11,1.65382056523675
Varecia variegata,1200,11,0.826825480995119
Varecia variegata,1204,11,0.459349671094894
Varecia variegata,1211,11,0.367459639964223
Varecia variegata,1217,11,1.46972063059181
Varecia variegata,1245,11,0.367363554798603
Varecia variegata,1258,11,58.6780858784187
Varecia variegata,1288,11,419.93144476564
Varecia variegata,2067,11,20917.4622099722
Varecia variegata,9905,11,0.369282266752303
Varecia variegata,9908,11,9.5658888511582
Varecia variegata,9910,11,0.827843772775352
Varecia variegata,9913,11,1.65548669658464
Varecia variegata,9915,11,0.459814922548056
Varecia variegata,9916,11,10.9920872748523
Varecia variegata,9917,11,0.923443426764727
Varecia variegata,9918,11,839.515420601888
Varecia variegata,9922,11,1.74834825798291
Varecia variegata,9924,11,1.74828060862398
Varecia variegata,2676,96,68.0501291261465
Varecia variegata,2808,96,0.812480411258936
Varecia variegata,3184,96,170.780797274529
Varecia variegata,3309,96,70.171205546759
Varecia variegata,3444,96,2.87876883525968
Varecia variegata,3447,96,0.899620833965421
Varecia variegata,3652,96,36.126370737397
Varecia variegata,3815,96,280.61110980638
Varecia variegata,5842,96,79.7835008618025
Varecia variegata,6042,96,180.783642575444
Varecia variegata,6134,96,224.834746882417
Varecia variegata,6738,96,11417.6723796532
Varecia variegata,7404,96,0.620648212959528
Varecia variegata,7431,96,0.709200345668078
Varecia variegata,8469,96,28.8370827305443
Varecia variegata,9098,96,4732.92990358857
Varecia variegata,9491,96,1329.88182992828
Varecia variegata,9543,96,23.1220312933333
Varecia variegata,9562,96,6.60311605216253
Varecia variegata,9576,96,16.0684737306561
Varecia variegata,9877,96,54.7933720210891
Varecia variegata,9885,96,58.1494763075515
Varecia variegata,9886,96,38.3946948622806
Varecia variegata,9887,96,1.35457540027201
Varecia variegata,9896,96,355.553761067319
Varecia variegata,9904,96,47.4469397172759
Varecia variegata,9933,143,19.4337860709381
Varecia variegata,9934,143,187.042904927285
Varecia variegata,9719,142,2.33597082442749
Varecia variegata,9793,142,57.1920356452289
Varecia variegata,9771,144,0.777178853789091
Varecia variegata,9864,144,0.604549703200817
Varecia variegata,9930,144,19.9515621485635
Varecia variegata,9926,145,27.2715936270507
Varecia variegata,9927,146,29.4123165165292
Varecia variegata,9928,147,29.3885406549345
Varecia variegata,9929,148,20.6592519148769
Xanthomixis cinereiceps,1,1,144.53390712204
Xanthomixis cinereiceps,21,3,148.851761871327
Xanthomixis cinereiceps,35,4,29.966803009745
Xanthomixis cinereiceps,40,4,56.6048410376553
Xanthomixis cinereiceps,50,6,179.799337502381
Xanthomixis cinereiceps,51,6,122.94293570066
Xanthomixis cinereiceps,82,12,89.3708394034518
Xanthomixis cinereiceps,173,14,118.758076956216
Xanthomixis cinereiceps,214,15,106.008608105738
Xanthomixis cinereiceps,312,16,16.6173252458377
Xanthomixis cinereiceps,56,9,0.271612151348233
Xanthomixis cinereiceps,100,9,1.35457540027249
Xanthomixis cinereiceps,105,9,0.812480411258936
Xanthomixis cinereiceps,108,9,1265.89711004439
Xanthomixis cinereiceps,1796,24,0.347606800359964
Xanthomixis cinereiceps,1798,24,6.60311605216253
Xanthomixis cinereiceps,1808,24,16.0684737306561
Xanthomixis cinereiceps,2,2,140.115597103075
Xanthomixis cinereiceps,5,2,29.7954121801811
Xanthomixis cinereiceps,6,2,0.369019957634926
Xanthomixis cinereiceps,9,2,28.6763894849505
Xanthomixis cinereiceps,11,2,842.656146045202
Xanthomixis cinereiceps,13,2,4.69837395759112
Xanthomixis cinereiceps,14,2,0.552771948882282
Xanthomixis cinereiceps,18,2,53.9621798086533
Xanthomixis cinereiceps,25,2,382.514576429877
Xanthomixis cinereiceps,46,2,1425.34150011596
Xanthomixis cinereiceps,52,7,205.719350289301
Xanthomixis cinereiceps,55,8,240.535422497956
Xanthomixis cinereiceps,174,11,0.720493562288523
Xanthomixis cinereiceps,198,11,2.87876883525968
Xanthomixis cinereiceps,199,11,0.899620833965421
Xanthomixis cinereiceps,204,11,0.269868277515173
Xanthomixis cinereiceps,974,11,2.68197177587867
Xanthomixis cinereiceps,1054,11,2.05544938188779
Xanthomixis cinereiceps,1169,11,32.4251009744176
Xanthomixis cinereiceps,1332,11,3681.79070212832
Xanthomixis cinereiceps,1531,11,2353.02116450919
Xanthomixis cinereiceps,1617,11,95.6696611384457
Xanthomixis cinereiceps,1663,20,0.261868806515336
Xanthomixis cinereiceps,1719,20,737.638996291068
Xanthomixis cinereiceps,1849,20,1.56791980842769
Xanthomixis cinereiceps,1837,25,29.4123165165292
Xanthomixis cinereiceps,1851,25,27.2715936270507
Xanthomixis zosterops,717,7,294.53612488467
Xanthomixis zosterops,741,8,14.4181473408762
Xanthomixis zosterops,2,1,0.64914825101471
Xanthomixis zosterops,3,1,56.8711675529887
Xanthomixis zosterops,12755,1,52.3985918019408
Xanthomixis zosterops,6460,64,7.79134288626695
Xanthomixis zosterops,6792,64,44.6638451275753
Xanthomixis zosterops,64,5,3.97051299494481
Xanthomixis zosterops,88,5,152.498155501201
Xanthomixis zosterops,129,5,0.369180514121115
Xanthomixis zosterops,154,5,457.899270753999
Xanthomixis zosterops,223,5,0.6456592656492
Xanthomixis zosterops,286,5,27.8355770827927
Xanthomixis zosterops,337,5,0.184313586147666
Xanthomixis zosterops,381,5,0.276354423903167
Xanthomixis zosterops,393,5,0.644736027104974
Xanthomixis zosterops,399,5,1.74986507844758
Xanthomixis zosterops,400,5,112.203011880524
Xanthomixis zosterops,402,5,3.68393426545006
Xanthomixis zosterops,432,5,1.19697195979726
Xanthomixis zosterops,458,5,0.828408787800312
Xanthomixis zosterops,461,5,756.496699545576
Xanthomixis zosterops,480,5,0.184032862201214
Xanthomixis zosterops,502,5,3.31197962940294
Xanthomixis zosterops,512,5,0.36798441852951
Xanthomixis zosterops,514,5,1.10392723276371
Xanthomixis zosterops,532,5,0.919795669861615
Xanthomixis zosterops,537,5,0.4598808172791
Xanthomixis zosterops,672,5,0.643250648132622
Xanthomixis zosterops,673,5,0.64325064792037
Xanthomixis zosterops,677,5,3.21607484909624
Xanthomixis zosterops,678,5,0.183782283740878
Xanthomixis zosterops,771,5,3.48845173661
Xanthomixis zosterops,1154,5,0.182903092303932
Xanthomixis zosterops,1405,5,1.36918265574622
Xanthomixis zosterops,1882,5,0.363716343389511
Xanthomixis zosterops,1987,5,19853.34030839
Xanthomixis zosterops,1994,5,1.81585824965096
Xanthomixis zosterops,2334,60,0.181274117312074
Xanthomixis zosterops,2902,60,68.0501291261465
Xanthomixis zosterops,3030,60,1.35457540027249
Xanthomixis zosterops,3130,60,0.812480411258936
Xanthomixis zosterops,3262,60,0.81207040675807
Xanthomixis zosterops,3322,60,3.42828776114714
Xanthomixis zosterops,3736,60,170.780797274529
Xanthomixis zosterops,3968,60,70.171205546759
Xanthomixis zosterops,4144,60,0.179958904524803
Xanthomixis zosterops,4198,60,2.87876883525968
Xanthomixis zosterops,4203,60,0.899620833965421
Xanthomixis zosterops,4235,60,0.269868277515173
Xanthomixis zosterops,4565,60,36.126370737397
Xanthomixis zosterops,4871,60,280.61110980638
Xanthomixis zosterops,5382,60,50.5128889844387
Xanthomixis zosterops,5756,60,35.5206766781266
Xanthomixis zosterops,5794,60,137.38275887876
Xanthomixis zosterops,7822,60,79.7835008618025
Xanthomixis zosterops,8023,60,180.783642575444
Xanthomixis zosterops,8128,60,224.834746882417
Xanthomixis zosterops,8736,60,11155.1716245065
Xanthomixis zosterops,9472,60,0.620648212959528
Xanthomixis zosterops,9483,60,0.265972006814122
Xanthomixis zosterops,9501,60,0.709200345668078
Xanthomixis zosterops,9515,60,0.177290677110672
Xanthomixis zosterops,10899,60,0.263970784573913
Xanthomixis zosterops,10960,60,2.81359134580875
Xanthomixis zosterops,11656,60,0.174932641012549
Xanthomixis zosterops,11774,60,37.7648065144268
Xanthomixis zosterops,11850,60,4634.43111753038
Xanthomixis zosterops,12710,60,1301.43858306121
Xanthomixis zosterops,12777,60,54.7933720210891
Xanthomixis zosterops,12785,60,58.1494763075515
Xanthomixis zosterops,12786,60,38.3946948622806
Xanthomixis zosterops,12787,60,4.33088854262591
Xanthomixis zosterops,12794,60,355.553761067319
Xanthomixis zosterops,12796,60,72.7284184850583
Xanthomixis zosterops,12806,60,47.4469397172759
Xanthomixis zosterops,12809,60,19.4337860709381
Xanthomixis zosterops,12810,60,187.042904927285
Xanthomixis zosterops,12811,60,9.05780211758673
Xanthomixis zosterops,12686,65,2.33597082442749
Xanthomixis zosterops,12688,65,0.173038084078312
Xanthomixis zosterops,12800,65,57.1920356452289
Xanthomixis zosterops,12812,66,27.2715936270507
Xanthomixis zosterops,12813,66,29.4123165165292
Xanthomixis zosterops,12814,66,29.3885406549345
Xanthomixis zosterops,12815,66,20.6592519148769
Xenopirostris polleni,51,2,30.1778725338534
Xenopirostris polleni,2120,9,27.2715936270423
Xenopirostris polleni,1078,13,0.715356050514937
Xenopirostris polleni,1079,13,39.7867257843198
Xenopirostris polleni,1153,13,2.77046844854653
Xenopirostris polleni,1173,13,10.3650947225828
Xenopirostris polleni,1187,13,0.357380616459966
Xenopirostris polleni,1194,13,11.3466963691012
Xenopirostris polleni,1201,13,0.535978878306985
Xenopirostris polleni,1205,13,7.32388229304587
Xenopirostris polleni,1212,13,2.768956542961
Xenopirostris polleni,1225,13,64.3924374897815
Xenopirostris polleni,1252,13,3.03536821130764
Xenopirostris polleni,1267,13,11.6935781685414
Xenopirostris polleni,1274,13,36.6909016499116
Xenopirostris polleni,1278,13,0.356983151864767
Xenopirostris polleni,1290,13,3.9261218879621
Xenopirostris polleni,1306,13,0.356880130990148
Xenopirostris polleni,1307,13,8.47422071402585
Xenopirostris polleni,1314,13,0.981214316613197
Xenopirostris polleni,1345,13,22.9116916141157
Xenopirostris polleni,1356,13,83.818285406729
Xenopirostris polleni,1391,13,711.805522262357
Xenopirostris polleni,1420,13,43.5518420632704
Xenopirostris polleni,1421,13,5.9659693880297
Xenopirostris polleni,1422,13,1.33564194933844
Xenopirostris polleni,1440,13,15.9348882808119
Xenopirostris polleni,1467,13,37.0244919187729
Xenopirostris polleni,1523,13,121.954523121074
Xenopirostris polleni,1532,13,40.9036153245374
Xenopirostris polleni,1555,13,2.39948410306346
Xenopirostris polleni,1625,13,262.872733024534
Xenopirostris polleni,1640,13,31.3717594256851
Xenopirostris polleni,1805,13,40.7125407374297
Xenopirostris polleni,1816,13,790.458313001988
Xenopirostris polleni,1888,13,129.762857058495
Xenopirostris polleni,923,14,7.79134288626695
Xenopirostris polleni,983,14,21.4852105807593
Xenopirostris polleni,145,3,71.103001490943
Xenopirostris polleni,147,3,31.5847041832641
Xenopirostris polleni,148,3,1.26605439507914
Xenopirostris polleni,157,3,11.2094906503242
Xenopirostris polleni,165,3,1.80736244962287
Xenopirostris polleni,168,3,38.3946948622806
Xenopirostris polleni,175,3,3.61228947772801
Xenopirostris polleni,179,3,1.35457540027249
Xenopirostris polleni,185,3,27.7212728790266
Xenopirostris polleni,189,3,0.812480411258936
Xenopirostris polleni,194,3,76.0607028684518
Xenopirostris polleni,204,3,0.631399526012182
Xenopirostris polleni,213,3,1.71320107459641
Xenopirostris polleni,217,3,3.0653751151346
Xenopirostris polleni,222,3,0.540932033381343
Xenopirostris polleni,223,3,0.360621833185196
Xenopirostris polleni,224,3,301.198696114609
Xenopirostris polleni,236,3,13.6068054344907
Xenopirostris polleni,260,3,16.656896545385
Xenopirostris polleni,264,3,0.360089527330041
Xenopirostris polleni,270,3,0.540061639256001
Xenopirostris polleni,275,3,0.989941555488825
Xenopirostris polleni,294,3,5.39755232436275
Xenopirostris polleni,344,3,0.359777570784211
Xenopirostris polleni,346,3,0.359762935178995
Xenopirostris polleni,362,3,1.16909113466775
Xenopirostris polleni,409,3,88.6513844785926
Xenopirostris polleni,413,3,8.17787618780792
Xenopirostris polleni,414,3,22.9149130427895
Xenopirostris polleni,422,3,38.0957539767863
Xenopirostris polleni,433,3,2629.39480585725
Xenopirostris polleni,448,3,1.43731092809415
Xenopirostris polleni,450,3,3.9524352368443
Xenopirostris polleni,452,3,222.590583724517
Xenopirostris polleni,463,3,15.4451213072832
Xenopirostris polleni,478,3,3.77177605624116
Xenopirostris polleni,497,3,1.97526866269314
Xenopirostris polleni,538,3,34.4461709039676
Xenopirostris polleni,638,3,26.7277226016967
Xenopirostris polleni,667,3,0.807085143688679
Xenopirostris polleni,671,3,33.636302833037
Xenopirostris polleni,682,3,79.1200515764797
Xenopirostris polleni,1,1,10.2536076273173
Xenopirostris polleni,2,1,38.975093561932
Xenopirostris polleni,3,1,3.97051299494481
Xenopirostris polleni,4,1,21.3177359530687
Xenopirostris polleni,14,1,222.231412977409
Xenopirostris polleni,16,1,0.6456592656492
Xenopirostris polleni,17,1,59.7626089911737
Xenopirostris polleni,18,1,24.2502640100239
Xenopirostris polleni,19,1,0.645089845999241
Xenopirostris polleni,37,1,0.644736027104974
Xenopirostris polleni,39,1,102.623613487042
Xenopirostris polleni,41,1,3.68393426545006
Xenopirostris polleni,42,1,186.113432307392
Xenopirostris polleni,43,1,0.460479690076709
Xenopirostris polleni,44,1,117.857380908505
Xenopirostris polleni,46,1,19.1535753317625
Xenopirostris polleni,47,1,16.1117845097304
Xenopirostris polleni,48,1,29.6453323973265
Xenopirostris polleni,49,1,29.8164373522979
Xenopirostris polleni,50,1,29.9084594166067
Xenopirostris polleni,55,1,56.9979385031933
Xenopirostris polleni,56,1,29.7762515411605
Xenopirostris polleni,57,1,650.768812799064
Xenopirostris polleni,58,1,61.5747341633676
Xenopirostris polleni,59,1,29.7357029780719
Xenopirostris polleni,60,1,59.9935587074186
Xenopirostris polleni,74,1,0.36601674408102
Xenopirostris polleni,75,1,1464.03031517086
Xenopirostris polleni,80,1,4.56767725341726
Xenopirostris polleni,82,1,2.92236508436668
Xenopirostris polleni,85,1,6.93958528381192
Xenopirostris polleni,89,1,0.365114871520877
Xenopirostris polleni,90,1,0.365118645553231
Xenopirostris polleni,91,1,24.2770122515136
Xenopirostris polleni,93,1,1.18614475155497
Xenopirostris polleni,94,1,24.0888701581837
Xenopirostris polleni,95,1,4.28615354970086
Xenopirostris polleni,96,1,0.547095007017732
Xenopirostris polleni,97,1,17.8712205372719
Xenopirostris polleni,99,1,28.0756352672701
Xenopirostris polleni,100,1,28.6147883524204
Xenopirostris polleni,101,1,20.8695101657164
Xenopirostris polleni,103,1,22.6911331794221
Xenopirostris polleni,104,1,0.911252140481591
Xenopirostris polleni,108,1,0.455601037551641
Xenopirostris polleni,109,1,958.434961062811
Xenopirostris polleni,110,1,691.773532586236
Xenopirostris polleni,111,1,25.3215401072099
Xenopirostris polleni,112,1,29.9589112229221
Xenopirostris polleni,113,1,27.135784826916
Xenopirostris polleni,114,1,29.9512331377608
Xenopirostris polleni,115,1,2.18350559908462
Xenopirostris polleni,117,1,58.650089770853
Xenopirostris polleni,119,1,93.5052250460367
Xenopirostris polleni,123,1,73.5551948974038
Xenopirostris polleni,2121,1,25.5098385051697
Xenopirostris polleni,1893,12,74.8920190792509
Xenopirostris polleni,1959,12,309.365033716733
Xenopirostris polleni,1991,12,2.79871950479984
Xenopirostris polleni,2003,12,0.437213275764465
Xenopirostris polleni,2026,12,1.74807753293908
Xenopirostris polleni,2027,12,2.01026533015573
Xenopirostris polleni,2046,12,96.0560508391292
Xenopirostris polleni,2054,12,155.071679323545
Xenopirostris polleni,2072,12,15.1874823685672
Xenopirostris polleni,2074,12,1.39672232339084
Xenopirostris polleni,2075,12,7.15726590577268
Xenopirostris polleni,2079,12,2.18196004940057
Xenopirostris polleni,2113,12,930.389798189884
Xenopirostris polleni,2118,12,3.3089298474443
Xenopirostris polleni,2119,12,50.5907855259365
