species,patch_id,pu_id,patch_area_km2
Brachyuromys ramirohitra,1,1,29.874883168016
Brachyuromys ramirohitra,2,2,31.1097970257719
Brachyuromys ramirohitra,3,2,29.6010280214969
Bradypterus seebohmi,1,1,29.6296191803173
Bradypterus seebohmi,2,1,30.9497681570648
Bradypterus seebohmi,3,1,9.04229392746949
Bradypterus seebohmi,4,1,0.62064821295929
Bradypterus seebohmi,5,1,0.265972006814122
Bradypterus seebohmi,6,1,0.709200345668078
Bradypterus seebohmi,7,1,0.177290677110672
Bradypterus seebohmi,8,1,0.177275942426443
Bradypterus seebohmi,9,1,0.177274304782391
Ceblepyris cinereus,1,1,31.6985197321722
Ceblepyris cinereus,2,2,25.2373154232593
Ceblepyris cinereus,3,3,30.0519651895546
Ceblepyris cinereus,4,3,59.8147369787795
Ceblepyris cinereus,5,3,59.9645208859875
Ceblepyris cinereus,6,3,29.9192284064497
Ceblepyris cinereus,7,3,30.088507919898
Ceblepyris cinereus,8,3,29.9898296926292
Ceblepyris cinereus,9,3,29.9758644450726
Ceblepyris cinereus,10,4,61.6276496492877
Ceblepyris cinereus,11,4,29.7570322031286
Ceblepyris cinereus,12,5,28.7010213411973
Ceblepyris cinereus,17,7,29.7238530124769
Ceblepyris cinereus,18,8,38.3946948622825
Ceblepyris cinereus,20,8,0.812480411258936
Ceblepyris cinereus,21,8,38.8224120711299
Ceblepyris cinereus,22,8,29.7639165075691
Ceblepyris cinereus,23,8,29.8365955454092
Ceblepyris cinereus,55,11,29.8432117734118
Microcebus ravelobensis,2,2,0.0914152072403431
Microcebus ravelobensis,3,2,5.85033975470436
Microcebus ravelobensis,4,2,24.6792146248902
Microcebus ravelobensis,5,2,0.0914115014762879
Microcebus ravelobensis,6,3,1.0054375043211
Microcebus ravelobensis,7,2,2.83342021114933
Microcebus ravelobensis,8,2,0.0914028473147154
Microcebus ravelobensis,9,2,0.182805694629431
Microcebus ravelobensis,10,2,1.00536820483017
Microcebus ravelobensis,11,2,1.55373825480211
Microcebus ravelobensis,12,3,2.37624750380075
Microcebus ravelobensis,13,2,0.274192454328179
Microcebus ravelobensis,14,2,0.0913954212394953
Microcebus ravelobensis,15,2,0.0913941828228235
Microcebus ravelobensis,16,3,0.182784649551272
Microcebus ravelobensis,17,3,0.0913904663075209
Microcebus ravelobensis,18,3,0.0913892270473242
Microcebus ravelobensis,19,3,0.182778454094648
Microcebus ravelobensis,20,3,7.67678403816379
Microcebus ravelobensis,21,3,8.49783825707936
Microcebus ravelobensis,23,3,0.274089461484194
Microcebus ravelobensis,24,3,0.0913643975844383
Microcebus ravelobensis,25,3,0.0913631538983583
Microcebus ravelobensis,27,3,9.50188821791184
Microcebus ravelobensis,28,3,4.56775692645169
Microcebus ravelobensis,29,3,0.456749789226651
Microcebus ravelobensis,30,3,0.0913494594436884
Microcebus ravelobensis,33,6,19.4460137230993
Microcebus ravelobensis,36,7,0.0912806047910452
Microcebus ravelobensis,44,7,34.9561422077832
Microcebus ravelobensis,45,9,24.7276188530539
Microcebus ravelobensis,46,10,47.905131750668
Microcebus ravelobensis,47,11,8.48632753355539
Microcebus ravelobensis,59,10,0.0912402507441044
Microcebus ravelobensis,60,10,0.364942030489683
Microcebus ravelobensis,61,10,0.456175956650972
Monticola erythronotus,1,1,56.8711675529895
Monticola erythronotus,2,1,0.55664420881176
Monticola erythronotus,3,1,0.371099061261296
Monticola erythronotus,4,1,0.556625695955515
Monticola erythronotus,5,1,9.3690831852839
Monticola erythronotus,6,1,0.185535398295105
Monticola erythronotus,7,1,0.463806772104681
Monticola erythronotus,8,1,0.27827526928854
Monticola erythronotus,9,1,28.8450665179956
Monticolomys koopmani,6,5,27.2715936270423
Monticolomys koopmani,7,6,29.4123165165314
Neodrepanis hypoxantha,1,1,29.874883168016
Neodrepanis hypoxantha,2,2,31.2831288292182
Neodrepanis hypoxantha,3,3,27.2715936270423
Newtonia fanovanae,2,2,29.3885406549368
Newtonia fanovanae,3,2,20.6592519148784
Newtonia fanovanae,4,2,19.9515621485482
Newtonia fanovanae,5,2,0.604549703200459
Newtonia fanovanae,6,2,0.777178853789091
Xanthomixis apperti,1,1,68.4073900828678
Phaner furcifer,1,1,26.7219759851342
Phaner furcifer,16,7,9.25542923517722
Phaner furcifer,17,7,1.48074673073471
Phaner furcifer,18,7,1.38815019469893
Phaner furcifer,20,7,1.480685356668
Phaner furcifer,21,7,0.185083622752428
Phaner furcifer,22,7,0.27762389876622
Phaner furcifer,57,16,0.643524707940877
Phaner furcifer,58,16,0.459616383672059
Phaner furcifer,59,16,9.46768015268075
Phaner furcifer,60,16,0.183841973942041
Phaner furcifer,61,16,0.643432019172192
Phaner furcifer,62,16,0.275752651619673
Phaner furcifer,63,16,0.367655302864194
Phaner furcifer,64,16,1.56243208603442
Phaner furcifer,65,16,0.275729722221732
Phaner furcifer,66,16,0.275717098941624
Phaner furcifer,67,16,0.275709061498523
Phaner furcifer,68,16,0.459508593737543
Phaner furcifer,69,16,0.643297785346329
Phaner furcifer,70,16,0.45949710468936
Phaner furcifer,71,16,1.1946710927344
Phaner furcifer,72,16,0.183794934333146
Phaner furcifer,73,16,50.5514532191364
Phaner furcifer,74,16,3.21620605602419
Phaner furcifer,75,16,0.551364106284499
Phaner furcifer,76,17,1.10266377710551
Phaner furcifer,77,17,0.183781132994473
Phaner furcifer,78,17,1.10266607838744
Phaner furcifer,79,16,0.367564567481756
Phaner furcifer,80,16,0.183777680330753
Phaner furcifer,81,16,0.551319225258708
Phaner furcifer,82,16,0.183773075227499
Phaner furcifer,83,17,9.73881683760441
Phaner furcifer,84,16,1.10259928914046
Phaner furcifer,85,17,2.02137478975803
Phaner furcifer,86,17,0.826945434479237
Phaner furcifer,87,16,0.643170052255213
Phaner furcifer,88,16,0.183763859938979
Phaner furcifer,89,16,0.183761555059075
Phaner furcifer,90,16,1.65382056523675
Phaner furcifer,91,16,1.01060090259159
Phaner furcifer,92,16,0.275615805294693
Phaner furcifer,93,17,0.826825480995119
Phaner furcifer,94,17,0.459349671094894
Phaner furcifer,95,17,0.367459639964223
Phaner furcifer,96,17,0.183724619395971
Phaner furcifer,97,17,0.275586929093957
Phaner furcifer,98,17,1.46972063059181
Phaner furcifer,99,17,0.275577679304183
Phaner furcifer,100,17,0.18370726844722
Phaner furcifer,101,18,18.1847541860198
Phaner furcifer,102,17,30.0296278397165
Phaner furcifer,103,17,0.367363554798603
Phaner furcifer,107,19,18.0890314559538
Phaner furcifer,115,17,0.275443051051259
Phaner furcifer,325,57,44.4928427752215
Lepilemur ankaranensis,10,2,0.463781360735595
Lepilemur ankaranensis,11,2,120.652777342255
Lepilemur ankaranensis,12,2,0.278243954662919
Lepilemur ankaranensis,13,2,0.185478644791543
Lepilemur ankaranensis,14,2,0.185474717534482
Lepilemur ankaranensis,15,2,0.64914825101471
Lepilemur ankaranensis,16,2,0.27820176096189
Lepilemur ankaranensis,17,2,0.18546587502265
Lepilemur ankaranensis,18,2,0.18545505566138
Lepilemur ankaranensis,19,2,6.4908973798604
Lepilemur ankaranensis,20,2,8.437097733572
Lepilemur ankaranensis,21,2,0.185438309593201
Lepilemur ankaranensis,22,2,0.185425482894003
Lepilemur ankaranensis,33,7,0.370271373195231
Lepilemur ankaranensis,34,7,0.462834125284791
Lepilemur ankaranensis,35,7,43.0377824654073
Lepilemur ankaranensis,36,7,0.18513059458977
Lepilemur ankaranensis,37,7,1.48074673073471
Lepilemur ankaranensis,38,7,1.38815019469893
Lepilemur ankaranensis,39,7,1.66577102635789
Lepilemur ankaranensis,40,7,0.185083622752428
Lepilemur ankaranensis,41,7,0.27762389876622
Lepilemur ankaranensis,42,7,0.277610584835947
Riparia cowani,520,4,76.2993173120965
Riparia cowani,2455,4,19.3775430370849
Riparia cowani,2461,4,4.52461721291769
Riparia cowani,12,1,86.9343049463478
Riparia cowani,36,1,2.20879511307001
Riparia cowani,2478,1,2.57736175300068
Riparia cowani,2481,1,2.02445275485683
Riparia cowani,2484,1,1.10433682509226
Motacilla flaviventris,1942,53,76.2993173120965
Motacilla flaviventris,6389,53,19.3775430370849
Motacilla flaviventris,6395,53,4.52461721291769
Motacilla flaviventris,137,3,86.9343049463478
Motacilla flaviventris,155,3,2.20879511307001
Motacilla flaviventris,6430,3,2.57736175300068
Motacilla flaviventris,6433,3,2.02445275485683
Motacilla flaviventris,6436,3,1.10433682509226
Eremopterix hova,1280,44,13.1672804516135
Eremopterix hova,1339,45,43.5541700668897
Eremopterix hova,1267,19,17.5870851484933
Eremopterix hova,1281,19,2.03225787389851
Eremopterix hova,1341,19,2.02803748513663
Eremopterix hova,1349,19,2.11576712074339
Eremopterix hova,1352,19,9.2570612880466
Eremopterix hova,1356,19,431.958966123478
Eremopterix hova,1361,19,4.31856011909926
Eremopterix hova,1398,19,13.0307413413458
Eremopterix hova,1409,19,3.87195306908155
Eremopterix hova,1411,19,6.06907414019739
Eremopterix hova,1418,19,2.0227276564877
Eremopterix hova,1736,19,1.94182639975023
Eremopterix hova,1541,33,17.8876522784661
Eremopterix hova,1602,33,445.611096910782
Eremopterix hova,1605,33,0.260165493234158
Eremopterix hova,1610,33,7.36721759575951
Eremopterix hova,1617,33,12.0483039035151
Eremopterix hova,1738,33,5.23129722183871
Hypogeomys antimena,1,1,16.5405274979631
Microcebus griseorufus,1,1,18.2045818278743
Microcebus griseorufus,2,2,15.4798619858229
Microcebus griseorufus,23,5,38.9439751978007
Microcebus griseorufus,25,5,0.260165493234158
Microcebus griseorufus,29,5,12.0483039035151
Microcebus griseorufus,3,3,25.3907382258116
Microcebus griseorufus,4,3,0.0869687731292248
Microcebus griseorufus,6,3,0.347746593876839
Microcebus griseorufus,9,3,0.0869155042579174
Microcebus griseorufus,10,3,58.0501686602482
Microcebus griseorufus,15,3,9.98819568179965
Microcebus griseorufus,18,3,17.0249607758761
Microcebus griseorufus,19,11,45.1360753508905
Microcebus griseorufus,20,4,0.34714118342638
Microcebus griseorufus,21,4,6.85428969301618
Nesomys lambertoni,200,20,78.5054384879891
Nesomys lambertoni,344,28,42.3362076362399
Nesomys lambertoni,345,29,43.0398890353995
Nesomys lambertoni,103,11,64.9869920614074
Nesomys lambertoni,328,25,52.2268727901955
Nesomys lambertoni,348,25,0.0899356091371775
Nesomys lambertoni,349,25,0.0899341444739103
Nesomys lambertoni,350,25,0.0899326796025038
Nesomys lambertoni,346,30,39.1360013945309
Nesomys lambertoni,347,30,0.0899400018793345
Pterocles personatus,266,5,17.5870851484947
Pterocles personatus,270,5,2.03225787389851
Pterocles personatus,271,5,13.1672804516135
Pterocles personatus,278,5,434.521298229057
Pterocles personatus,279,5,43.730528077876
Pterocles personatus,282,5,9.52154744787466
Pterocles personatus,287,5,4.31856011909986
Pterocles personatus,293,5,13.0307413413469
Pterocles personatus,294,5,3.87195306908143
Pterocles personatus,295,5,2.02272765648687
Pterocles personatus,452,5,2.02803748513663
Pterocles personatus,453,5,2.20392408445001
Pterocles personatus,466,5,6.06907414019537
Pterocles personatus,674,5,1.94182639975023
Pterocles personatus,316,6,445.958978430151
Pterocles personatus,319,6,7.36721759575951
Pterocles personatus,320,6,12.0483039035159
Pterocles personatus,506,6,18.0621390472158
Pterocles personatus,676,6,5.23129722183871
Thamnornis chloropetoides,9,3,25.2530937962928
Thamnornis chloropetoides,22,8,28.0839022370625
Thamnornis chloropetoides,250,8,21.4423868237228
Thamnornis chloropetoides,29,4,46.5723968884147
Thamnornis chloropetoides,263,4,36.3826787541578
Thamnornis chloropetoides,187,9,194.056358231054
Thamnornis chloropetoides,244,9,151.58511224908
Thamnornis chloropetoides,246,9,16.8407713442635
Thamnornis chloropetoides,248,9,0.347687768672109
Thamnornis chloropetoides,258,9,14.876475508235
Thamnornis chloropetoides,276,9,9.98819568180025
Thamnornis chloropetoides,277,9,5.23129722183871
Thamnornis chloropetoides,7,2,16.8362046284112
Thamnornis chloropetoides,12,2,1.49040422382188
Thamnornis chloropetoides,261,2,5.43494208523166
Thamnornis chloropetoides,280,2,3.06793633611071
Eliurus grandidieri,1,1,0.369097689209938
Eliurus grandidieri,2,1,16.2380797407139
Eliurus grandidieri,5,1,26.6587824925881
Eliurus grandidieri,6,2,30.0991205968232
Eliurus grandidieri,7,3,28.9945355610176
Eliurus grandidieri,8,4,30.0587182645782
Eliurus grandidieri,13,6,28.1094555150568
Eliurus grandidieri,18,7,29.1983259148607
Eliurus grandidieri,21,10,61.2124982058673
Eliurus grandidieri,33,15,52.0931107730174
Eliurus grandidieri,34,16,2.24909224567234
Eliurus grandidieri,35,16,0.179934098074555
Eliurus grandidieri,37,16,2.87876883525968
Eliurus grandidieri,38,16,0.899620833965421
Eliurus grandidieri,39,16,0.269868277515173
Eliurus grandidieri,41,16,33.0953660842019
Eliurus grandidieri,48,20,63.1928620869468
Eliurus grandidieri,57,27,48.282664278709
Hapalemur occidentalis,1,1,29.5434105097123
Hapalemur occidentalis,2,2,1.10513790659881
Hapalemur occidentalis,3,2,24.4945574344214
Hapalemur occidentalis,5,4,29.9084594166067
Hapalemur occidentalis,15,6,47.0601219852737
Hapalemur occidentalis,17,6,1.10272016136467
Hapalemur occidentalis,18,6,1.01083246940535
Hapalemur occidentalis,19,6,0.183784584811091
Hapalemur occidentalis,20,6,59.7228573598288
Hapalemur occidentalis,21,7,30.2014878964591
Hapalemur occidentalis,22,8,59.9302259674964
Hapalemur occidentalis,23,9,30.088507919898
Hapalemur occidentalis,24,10,13.2035962254266
Hapalemur occidentalis,44,15,29.9258557544395
Hapalemur occidentalis,34,13,29.8631255431946
Hapalemur occidentalis,40,13,31.5959390756302
Hapalemur occidentalis,41,13,30.0317008958326
Hapalemur occidentalis,43,30,21.6030064475268
Hapalemur occidentalis,45,30,47.8633940220644
Microcebus berthae,5,2,7.59324483305084
Mirza coquereli,64,9,47.6098880191004
Mirza coquereli,65,9,0.551364106284499
Mirza coquereli,67,9,0.551319225258708
Mirza coquereli,71,9,0.643170052255213
Mirza coquereli,85,10,32.3214563358051
Mirza coquereli,410,50,112.46862770165
Mirza coquereli,303,35,137.443018218653
Mirza coquereli,177,55,2.59390059166253
Mirza coquereli,209,55,199.022714022459
Monticola imerina,2,1,9.25706128804803
Monticola imerina,194,1,4.31856011909986
Monticola imerina,54,9,0.26172474291873
Monticola imerina,56,9,145.690832453284
Monticola imerina,77,9,19.1378909890882
Monticola imerina,79,9,16.8560353044994
Monticola imerina,80,9,28.9974828240835
Monticola imerina,10,2,16.8362046284112
Monticola imerina,17,2,2.80362919724476
Monticola imerina,32,2,46.5723968884147
Monticola imerina,164,2,1.49040422382188
Monticola imerina,196,2,32.485497708514
Monticola imerina,200,2,5.43494208523166
Monticola imerina,202,2,36.3826787541578
Monticola imerina,212,2,3.06793633611071
Accipiter henstii,6,1,130.021860527528
Accipiter henstii,7,1,43.2038186617044
Accipiter henstii,8,1,43.2675847418705
Accipiter henstii,14,1,43.0377824654073
Accipiter henstii,35,1,128.592142873589
Accipiter henstii,56,1,53.6769175645747
Accipiter henstii,61,1,58.6780858784226
Accipiter henstii,63,1,432.432672722725
Accipiter henstii,113,1,19.2038282113973
Accipiter henstii,115,1,22.2892814174211
Accipiter henstii,117,1,24.6792146248873
Accipiter henstii,129,1,64.7813755391271
Accipiter henstii,141,1,340.504619947821
Accipiter henstii,183,1,5770.98429934675
Accipiter henstii,348,1,48.282664278709
Accipiter henstii,349,1,37.6497033879563
Accipiter henstii,536,1,56.8711675529887
Accipiter henstii,564,1,64.9869920614074
Accipiter henstii,608,1,38.3946948622806
Accipiter henstii,713,1,27.2715936270507
Accipiter henstii,714,1,29.4123165165292
Accipiter henstii,715,1,29.3885406549345
Accipiter henstii,716,1,20.6592519148769
Accipiter henstii,717,1,19.9515621485635
Accipiter henstii,747,1,36.1603726523629
Accipiter henstii,753,1,113.437646918732
Accipiter henstii,754,1,506.523692399314
Accipiter henstii,769,1,38.8224120711257
Accipiter henstii,783,1,45.3586244343983
Accipiter henstii,784,1,33.0953660842072
Accipiter henstii,801,1,61.2124982058693
Accipiter henstii,803,1,138.846313450127
Accipiter henstii,843,1,88.7755361952912
Accipiter henstii,872,1,31.1097970257607
Accipiter henstii,873,1,29.6010280215059
Accipiter henstii,880,1,52.0931107730117
Accipiter henstii,885,1,29.8365955454182
Accipiter henstii,886,1,100.812835919068
Accipiter henstii,900,1,1363.63995657705
Accipiter henstii,910,1,73.9629580870592
Accipiter henstii,914,1,68.6631767822923
Accipiter henstii,915,1,65.6316608163534
Accipiter henstii,921,1,21.3177359530671
Accipiter henstii,922,1,85.7023597338527
Accipiter henstii,923,1,293.443629027022
Accipiter henstii,926,1,29.7890733494529
Accipiter henstii,931,1,56.9979385032006
Accipiter henstii,937,1,28.7773817194842
Accipiter henstii,938,1,859.949368190404
Accipiter henstii,952,1,107.010702178571
Accipiter henstii,953,1,639.159561686217
Accipiter henstii,954,1,19.437907051445
Accipiter henstii,960,1,61.5307293035261
Accipiter henstii,963,1,27.9623496702649
Accipiter henstii,966,1,41.3435845824178
Accipiter henstii,976,1,29.4125688188837
Accipiter henstii,204,2,38.0240908844043
Accipiter henstii,227,2,36.331879859746
Accipiter henstii,231,2,52.2268727901955
Accipiter henstii,256,2,21.5096479841157
Accipiter henstii,260,2,57.9536162531174
Accipiter henstii,268,2,69.5634544487439
Accipiter henstii,282,2,416.483936786092
Accipiter henstii,293,2,119.998173175863
Accipiter henstii,701,2,17.1081231937802
Accipiter henstii,736,2,78.5054384879867
Accipiter henstii,744,2,26.5383701396017
Accipiter henstii,857,2,39.1360013945309
Accipiter henstii,867,2,27.5139015001006
Accipiter madagascariensis,7,1,130.021860527528
Accipiter madagascariensis,9,1,43.2038186617044
Accipiter madagascariensis,17,1,43.4528749465152
Accipiter madagascariensis,21,1,43.0377824654073
Accipiter madagascariensis,51,1,128.592142873589
Accipiter madagascariensis,94,1,53.6769175645747
Accipiter madagascariensis,105,1,58.6780858784187
Accipiter madagascariensis,107,1,432.432672722725
Accipiter madagascariensis,300,1,5770.98429934675
Accipiter madagascariensis,1238,1,56.8711675529887
Accipiter madagascariensis,1506,1,506.523692399314
Accipiter madagascariensis,1624,1,1363.63995657705
Accipiter madagascariensis,1633,1,73.9629580870592
Accipiter madagascariensis,1634,1,21.3177359530671
Accipiter madagascariensis,1635,1,85.7023597338527
Accipiter madagascariensis,1636,1,293.443629027022
Accipiter madagascariensis,1637,1,16.2380797407103
Accipiter madagascariensis,1639,1,29.7890733494529
Accipiter madagascariensis,1642,1,14.1752324262425
Accipiter madagascariensis,1644,1,56.9979385032006
Accipiter madagascariensis,1650,1,28.7773817194842
Accipiter madagascariensis,1651,1,859.949368190404
Accipiter madagascariensis,1660,1,10.6968829958997
Accipiter madagascariensis,1665,1,107.010702178571
Accipiter madagascariensis,1666,1,639.159561686217
Accipiter madagascariensis,1667,1,19.437907051445
Accipiter madagascariensis,1669,1,12.0410908559145
Accipiter madagascariensis,1673,1,61.5307293035261
Accipiter madagascariensis,1676,1,27.9623496702649
Accipiter madagascariensis,1679,1,41.3435845824178
Accipiter madagascariensis,1689,1,29.4125688188837
Accipiter madagascariensis,396,2,36.331879859746
Accipiter madagascariensis,400,2,52.2268727901955
Accipiter madagascariensis,428,2,42.3362076362427
Accipiter madagascariensis,446,2,57.9536162531174
Accipiter madagascariensis,472,2,89.7882265229853
Accipiter madagascariensis,483,2,468.355482097602
Accipiter madagascariensis,968,2,21.5096479841157
Accipiter madagascariensis,1420,2,17.1081231937802
Accipiter madagascariensis,1450,2,78.5054384879867
Accipiter madagascariensis,1504,2,43.0398890354153
Accipiter madagascariensis,1594,2,39.1360013945309
Accipiter madagascariensis,1611,2,27.5139015001006
Accipiter madagascariensis,598,4,13.1672804516124
Accipiter madagascariensis,656,4,433.810619797173
Accipiter madagascariensis,699,4,46.5723968884147
Accipiter madagascariensis,727,4,12.0483039035151
Accipiter madagascariensis,749,4,151.58511224908
Accipiter madagascariensis,867,4,17.8876522784661
Accipiter madagascariensis,920,4,45.1360753508905
Accipiter madagascariensis,955,4,445.611096910782
Accipiter madagascariensis,1027,4,43.5541700668897
Accipiter madagascariensis,1033,4,42.4890235274736
Accipiter madagascariensis,1108,4,13.0307413413469
Accipiter madagascariensis,1111,4,112.468627701651
Accipiter madagascariensis,1214,4,14.876475508235
Accipiter madagascariensis,1313,4,36.3826787541578
Accipiter madagascariensis,1318,4,9.98819568180025
Accipiter madagascariensis,1330,4,16.8362046284112
Accipiter madagascariensis,1331,4,11.4830635166789
Accipiter madagascariensis,1492,4,17.5870851484947
Acrocephalus newtoni,307,136,45.7690350461981
Acrocephalus newtoni,363,112,0.370271373195231
Acrocephalus newtoni,364,112,0.462834125284791
Acrocephalus newtoni,368,112,43.0377824654073
Acrocephalus newtoni,389,112,1.48074673073471
Acrocephalus newtoni,391,112,1.66577102635694
Acrocephalus newtoni,395,112,0.277623898765862
Acrocephalus newtoni,401,112,0.277610584835947
Acrocephalus newtoni,442,112,1.38815019469857
Acrocephalus newtoni,169,134,0.463597745714188
Acrocephalus newtoni,213,134,43.2038186617044
Acrocephalus newtoni,104,71,0.55664420881176
Acrocephalus newtoni,106,71,0.371099061261296
Acrocephalus newtoni,108,71,0.556625695955813
Acrocephalus newtoni,118,71,0.463806772104442
Acrocephalus newtoni,124,71,0.27827526928854
Acrocephalus newtoni,126,71,0.463781360735595
Acrocephalus newtoni,141,71,0.278243954662919
Acrocephalus newtoni,153,71,0.27820176096195
Acrocephalus newtoni,156,71,0.64914825101471
Acrocephalus newtoni,164,71,6.4908973798604
Acrocephalus newtoni,168,71,8.4370977335708
Acrocephalus newtoni,174,71,130.021860527528
Acrocephalus newtoni,24338,71,56.8711675529887
Acrocephalus newtoni,12582,29,38.0240908844043
Acrocephalus newtoni,23735,29,3.34846321159315
Acrocephalus newtoni,23736,29,0.723997986286044
Acrocephalus newtoni,23738,29,0.361958205401659
Acrocephalus newtoni,24495,29,0.452763459861636
Acrocephalus newtoni,22723,141,0.777178853789091
Acrocephalus newtoni,24384,141,0.604549703200817
Acrocephalus newtoni,24545,141,27.2715936270507
Acrocephalus newtoni,24546,141,29.4123165165292
Acrocephalus newtoni,24547,141,29.3885406549345
Acrocephalus newtoni,24548,141,20.6592519148769
Acrocephalus newtoni,24549,141,19.9515621485635
Acrocephalus newtoni,13683,47,78.5054384879867
Acrocephalus newtoni,13871,66,36.331879859746
Acrocephalus newtoni,23321,66,0.449603298739195
Acrocephalus newtoni,23322,66,0.359686745625734
Acrocephalus newtoni,24528,66,0.449634089967847
Acrocephalus newtoni,24569,66,6.47518067736232
Acrocephalus newtoni,11957,85,0.812480411258936
Acrocephalus newtoni,24444,85,38.5754106344105
Acrocephalus newtoni,24619,85,39.0933882275617
Acrocephalus newtoni,24652,85,61.2124982058693
Acrocephalus newtoni,24693,85,88.7755361952912
Acrocephalus newtoni,24755,85,29.8365955454182
Acrocephalus newtoni,13578,158,2.87876883525968
Acrocephalus newtoni,13584,158,0.899620833965421
Acrocephalus newtoni,13630,158,0.269868277515173
Acrocephalus newtoni,24634,158,45.3586244343983
Acrocephalus newtoni,24635,158,33.0953660842072
Acrocephalus newtoni,24750,160,52.0931107730117
Acrocephalus newtoni,24378,133,64.9869920614074
Acrocephalus newtoni,14041,142,23.5469795521139
Acrocephalus newtoni,24567,142,39.1360013945309
Acrocephalus newtoni,24743,142,4.85579742656708
Acrocephalus newtoni,24597,149,113.437646918732
Acrocephalus newtoni,22751,155,48.282664278709
Acrocephalus newtoni,24726,156,31.1097970257607
Acrocephalus newtoni,24727,156,29.6010280215059
Acrocephalus newtoni,15683,86,3.3134309653126
Acrocephalus newtoni,15933,86,55.6258324433815
Acrocephalus newtoni,16171,86,240.346898243405
Acrocephalus newtoni,23350,86,60.7930477369982
Acrocephalus newtoni,24147,86,27.5139015001006
Acrocephalus newtoni,24535,86,0.447673652347684
Acrocephalus newtoni,24539,86,17.1081231937802
Acrocephalus newtoni,24590,86,43.0398890354153
Acrocephalus newtoni,24730,86,21.5096479841157
Acrocephalus newtoni,1047,87,128.592142873589
Acrocephalus newtoni,24761,87,0.3690976892097
Acrocephalus newtoni,24789,87,21.3177359530671
Acrocephalus newtoni,24790,87,85.7023597338527
Acrocephalus newtoni,24791,87,293.443629027022
Acrocephalus newtoni,24792,87,16.2380797407103
Acrocephalus newtoni,24793,87,0.645659265649438
Acrocephalus newtoni,24794,87,29.7890733494529
Acrocephalus newtoni,2269,161,0.643524707942724
Acrocephalus newtoni,2321,161,0.459616383672059
Acrocephalus newtoni,2343,161,0.643432019172192
Acrocephalus newtoni,2350,161,0.275752651619673
Acrocephalus newtoni,2371,161,0.367655302864194
Acrocephalus newtoni,2391,161,1.56243208603442
Acrocephalus newtoni,2392,161,0.275729722221732
Acrocephalus newtoni,2412,161,0.275717098941624
Acrocephalus newtoni,2425,161,0.275709061498523
Acrocephalus newtoni,2430,161,0.459508593737543
Acrocephalus newtoni,2436,161,0.45949710468936
Acrocephalus newtoni,2437,161,1.1946710927344
Acrocephalus newtoni,2451,161,53.6769175645747
Acrocephalus newtoni,2456,161,3.21620605602419
Acrocephalus newtoni,2457,161,0.551364106284499
Acrocephalus newtoni,2465,161,1.10266377710527
Acrocephalus newtoni,2474,161,0.367564567481756
Acrocephalus newtoni,2482,161,0.551319225258708
Acrocephalus newtoni,2491,161,1.10259928914046
Acrocephalus newtoni,2498,161,2.02137478975803
Acrocephalus newtoni,2499,161,0.826945434479237
Acrocephalus newtoni,2504,161,0.643170052255213
Acrocephalus newtoni,2513,161,1.65382056523675
Acrocephalus newtoni,2537,161,0.826825480994821
Acrocephalus newtoni,2564,161,0.459349671094894
Acrocephalus newtoni,2588,161,0.367459639964223
Acrocephalus newtoni,2601,161,0.275586929093957
Acrocephalus newtoni,2606,161,1.46972063059181
Acrocephalus newtoni,2607,161,0.275577679304183
Acrocephalus newtoni,2696,161,0.367363554798603
Acrocephalus newtoni,2719,161,58.6780858784226
Acrocephalus newtoni,2801,161,432.432672722725
Acrocephalus newtoni,2841,161,0.275443051051259
Acrocephalus newtoni,8564,161,5770.98429934675
Acrocephalus newtoni,24604,161,506.523692399314
Acrocephalus newtoni,24770,161,1363.63995657705
Acrocephalus newtoni,24778,161,73.9629580870592
Acrocephalus newtoni,24795,161,1.19820541345048
Acrocephalus newtoni,24797,161,14.1752324262425
Acrocephalus newtoni,24798,161,6.16665918636328
Acrocephalus newtoni,24799,161,56.9979385032006
Acrocephalus newtoni,24804,161,0.733449546446324
Acrocephalus newtoni,24805,161,28.7773817194842
Acrocephalus newtoni,24806,161,859.949368190404
Acrocephalus newtoni,24808,161,0.274443535747349
Acrocephalus newtoni,24809,161,0.548867488993049
Acrocephalus newtoni,24815,161,10.6968829958997
Acrocephalus newtoni,24816,161,2.55931186735427
Acrocephalus newtoni,24819,161,1.37029047696173
Acrocephalus newtoni,24820,161,107.010702178571
Acrocephalus newtoni,24821,161,639.159561686217
Acrocephalus newtoni,24822,161,19.437907051445
Acrocephalus newtoni,24824,161,12.0410908559145
Acrocephalus newtoni,24827,161,0.45585832220161
Acrocephalus newtoni,24828,161,61.5307293035261
Acrocephalus newtoni,24829,161,2.5515154922781
Acrocephalus newtoni,24830,161,5.10222163080156
Acrocephalus newtoni,24831,161,27.9623496702649
Acrocephalus newtoni,24832,161,4.18998410252416
Acrocephalus newtoni,24834,161,41.3435845824178
Acrocephalus newtoni,24835,161,1.54801138759887
Acrocephalus newtoni,24837,161,1.55032464307571
Acrocephalus newtoni,24841,161,1.00823772702169
Acrocephalus newtoni,24843,161,0.274976311198533
Acrocephalus newtoni,24845,161,29.4125688188837
Acrocephalus newtoni,5928,98,64.7813755391271
Acrocephalus newtoni,24324,98,1.73570699889708
Acrocephalus newtoni,21197,116,41.698705479528
Acrocephalus newtoni,21282,116,4.81889021306848
Acrocephalus newtoni,21641,116,46.5723968884147
Acrocephalus newtoni,24134,116,15.479861985826
Acrocephalus newtoni,24460,116,16.8362046284112
Acrocephalus newtoni,24461,116,11.4830635166789
Acrocephalus newtoni,24737,116,5.43494208523166
Acrocephalus newtoni,4564,131,16.3740665150672
Acrocephalus newtoni,4736,131,19.2038282113973
Acrocephalus newtoni,4940,131,22.2892814174211
Acrocephalus newtoni,4944,131,5.85033975470352
Acrocephalus newtoni,4955,131,24.6792146248873
Acrocephalus newtoni,4985,131,1.0054375043211
Acrocephalus newtoni,4993,131,2.83342021114933
Acrocephalus newtoni,5016,131,2.37624750380063
Acrocephalus newtoni,5024,131,1.00536820483017
Acrocephalus newtoni,5030,131,0.274192454328179
Acrocephalus newtoni,5081,131,7.67678403816092
Acrocephalus newtoni,5168,131,8.49783825707888
Acrocephalus newtoni,5220,131,0.274089461484194
Acrocephalus newtoni,5266,131,9.5018882179122
Acrocephalus newtoni,5267,131,4.567756926453
Acrocephalus newtoni,5999,131,340.960885632551
Acrocephalus newtoni,6004,131,2.00722734047782
Acrocephalus newtoni,6013,131,0.364942030489683
Acrocephalus newtoni,6021,131,0.456175956650972
Acrocephalus newtoni,23915,131,37.832468202602
Acrocephalus newtoni,24326,131,1.55373825480127
Acrocephalus newtoni,24387,131,0.456749789226413
Acrocephalus newtoni,24591,131,36.1603726523629
Acrocephalus newtoni,24756,131,100.812835919068
Acrocephalus newtoni,24783,131,65.9055340510953
Acrocephalus newtoni,24787,131,0.273783886071086
Acrocephalus newtoni,19365,150,0.62064821295929
Acrocephalus newtoni,19380,150,0.265972006814122
Acrocephalus newtoni,19400,150,0.709200345668078
Acrocephalus newtoni,24654,150,139.201165790879
Acrocephalus newtoni,24719,150,9.04229392746901
Acrocephalus newtoni,24782,150,68.6631767822923
Alectroenas madagascariensis,3,1,111.100829909233
Alectroenas madagascariensis,4,1,0.64914825101471
Alectroenas madagascariensis,16,1,21.0334598369182
Alectroenas madagascariensis,5882,1,56.8711675529887
Alectroenas madagascariensis,1089,9,61.6911093266145
Alectroenas madagascariensis,5926,10,29.4123165165292
Alectroenas madagascariensis,5948,10,27.2715936270507
Alectroenas madagascariensis,5949,10,29.3885406549345
Alectroenas madagascariensis,5950,10,20.6592519148769
Alectroenas madagascariensis,1177,2,27.8442933033056
Alectroenas madagascariensis,1199,2,1.73396250702786
Alectroenas madagascariensis,5889,2,29.1295754598171
Alectroenas madagascariensis,5890,2,21.8141374870516
Alectroenas madagascariensis,5967,2,23.924301946917
Alectroenas madagascariensis,1711,15,0.812480411258936
Alectroenas madagascariensis,2148,16,2.87876883525968
Alectroenas madagascariensis,2151,16,0.899620833965421
Alectroenas madagascariensis,5910,15,13.0070758246177
Alectroenas madagascariensis,5989,15,38.4612961439313
Alectroenas madagascariensis,6004,16,45.3586244343983
Alectroenas madagascariensis,6005,16,33.0953660842072
Alectroenas madagascariensis,6022,15,61.2124982058693
Alectroenas madagascariensis,6064,15,88.7755361952912
Alectroenas madagascariensis,6104,16,52.0931107730117
Alectroenas madagascariensis,6109,15,29.8365955454182
Alectroenas madagascariensis,5974,12,113.437646918732
Alectroenas madagascariensis,5842,13,48.282664278709
Alectroenas madagascariensis,6096,14,31.1097970257607
Alectroenas madagascariensis,6097,14,29.6010280215059
Alectroenas madagascariensis,200,8,128.592142873589
Alectroenas madagascariensis,510,8,0.644736027104974
Alectroenas madagascariensis,539,8,149.498138390679
Alectroenas madagascariensis,712,8,0.643524707942724
Alectroenas madagascariensis,732,8,0.643432019172192
Alectroenas madagascariensis,742,8,1.56243208603442
Alectroenas madagascariensis,748,8,1.1946710927344
Alectroenas madagascariensis,751,8,53.6769175645747
Alectroenas madagascariensis,752,8,3.21620605602419
Alectroenas madagascariensis,753,8,0.551364106284499
Alectroenas madagascariensis,756,8,1.10266377710527
Alectroenas madagascariensis,760,8,0.551319225258708
Alectroenas madagascariensis,762,8,1.10259928914046
Alectroenas madagascariensis,764,8,2.02137478975803
Alectroenas madagascariensis,765,8,0.826945434479237
Alectroenas madagascariensis,767,8,0.643170052255213
Alectroenas madagascariensis,769,8,1.65382056523675
Alectroenas madagascariensis,781,8,0.826825480995119
Alectroenas madagascariensis,793,8,1.46972063059181
Alectroenas madagascariensis,821,8,58.6780858784226
Alectroenas madagascariensis,839,8,432.432672722725
Alectroenas madagascariensis,1126,8,1.37162994920188
Alectroenas madagascariensis,1138,8,5.30132175810611
Alectroenas madagascariensis,1242,8,3.82909888804102
Alectroenas madagascariensis,1269,8,4.64662316187906
Alectroenas madagascariensis,1287,8,25.0430807721813
Alectroenas madagascariensis,1288,8,4.18998410252416
Alectroenas madagascariensis,1379,8,5605.36753749469
Alectroenas madagascariensis,5975,8,506.523692399314
Alectroenas madagascariensis,6122,8,1363.63995657705
Alectroenas madagascariensis,6126,8,27.9623496702649
Alectroenas madagascariensis,6131,8,73.9629580870592
Alectroenas madagascariensis,6140,8,21.3177359530671
Alectroenas madagascariensis,6141,8,85.7023597338527
Alectroenas madagascariensis,6142,8,293.443629027022
Alectroenas madagascariensis,6143,8,16.2380797407103
Alectroenas madagascariensis,6144,8,0.645659265649438
Alectroenas madagascariensis,6145,8,29.7890733494529
Alectroenas madagascariensis,6146,8,1.19820541345048
Alectroenas madagascariensis,6148,8,14.1752324262425
Alectroenas madagascariensis,6149,8,6.16665918636328
Alectroenas madagascariensis,6150,8,56.9979385032006
Alectroenas madagascariensis,6155,8,0.733449546446324
Alectroenas madagascariensis,6156,8,28.7773817194842
Alectroenas madagascariensis,6157,8,786.349330750566
Alectroenas madagascariensis,6160,8,0.548867488993049
Alectroenas madagascariensis,6166,8,10.6968829958997
Alectroenas madagascariensis,6167,8,2.55931186735427
Alectroenas madagascariensis,6170,8,1.37029047696173
Alectroenas madagascariensis,6171,8,107.010702178571
Alectroenas madagascariensis,6172,8,625.854040737535
Alectroenas madagascariensis,6173,8,19.437907051445
Alectroenas madagascariensis,6175,8,12.0410908559145
Alectroenas madagascariensis,6176,8,1.55032464307571
Alectroenas madagascariensis,6180,8,1.00823772702169
Alectroenas madagascariensis,6184,8,1.54801138759887
Alectroenas madagascariensis,6185,8,29.4125688188837
Alectroenas madagascariensis,4642,11,0.620648212959528
Alectroenas madagascariensis,4655,11,0.709200345668078
Alectroenas madagascariensis,6024,11,138.846313450127
Alectroenas madagascariensis,6090,11,9.04229392746901
Alectroenas madagascariensis,6135,11,68.6631767822923
Apus balstoni,162,40,43.0377824654073
Apus balstoni,168,40,1.48074673073471
Apus balstoni,169,40,1.66577102635694
Apus balstoni,178,40,1.38815019469857
Apus balstoni,76,12,130.021860527528
Apus balstoni,77,12,6.4908973798604
Apus balstoni,79,12,8.4370977335708
Apus balstoni,103,12,43.2675847418705
Apus balstoni,7404,12,56.8711675529887
Apus balstoni,7446,42,64.9869920614074
Apus balstoni,7616,47,27.2715936270507
Apus balstoni,7617,47,29.4123165165292
Apus balstoni,7618,47,29.3885406549345
Apus balstoni,7619,47,20.6592519148769
Apus balstoni,7620,47,19.9515621485635
Apus balstoni,7639,48,78.5054384879867
Apus balstoni,4228,15,52.2268727901955
Apus balstoni,7782,15,39.1360013945309
Apus balstoni,4091,56,2.87876883525968
Apus balstoni,4093,56,0.899620833965421
Apus balstoni,7695,56,45.3586244343983
Apus balstoni,7696,56,33.0953660842072
Apus balstoni,7503,58,38.3946948622806
Apus balstoni,7676,58,38.4612961439313
Apus balstoni,7713,58,61.2124982058693
Apus balstoni,7755,58,88.7755361952912
Apus balstoni,7805,58,29.8365955454182
Apus balstoni,7800,59,52.0931107730117
Apus balstoni,5747,5,94.3890022201454
Apus balstoni,5835,5,7.91386017940461
Apus balstoni,7792,50,31.1097970257607
Apus balstoni,7793,50,29.6010280215059
Apus balstoni,7660,51,113.437646918732
Apus balstoni,7193,53,48.282664278709
Apus balstoni,1771,33,64.7813755391271
Apus balstoni,7392,33,1.73570699889708
Apus balstoni,1495,39,16.3740665150672
Apus balstoni,1555,39,19.2038282113973
Apus balstoni,1604,39,22.2892814174211
Apus balstoni,1606,39,5.85033975470352
Apus balstoni,1608,39,24.6792146248902
Apus balstoni,1615,39,1.0054375043211
Apus balstoni,1618,39,2.65062070312488
Apus balstoni,1625,39,2.37624750380063
Apus balstoni,1634,39,7.67678403816092
Apus balstoni,1667,39,8.49783825707888
Apus balstoni,1696,39,9.5018882179122
Apus balstoni,1697,39,4.567756926453
Apus balstoni,1919,39,325.627158872671
Apus balstoni,1922,39,2.00722734047782
Apus balstoni,7206,39,37.6497033879563
Apus balstoni,7400,39,1.55373825480127
Apus balstoni,7654,39,36.1603726523629
Apus balstoni,7806,39,100.812835919068
Apus balstoni,7834,39,65.6316608163534
Apus balstoni,359,41,128.592142873589
Apus balstoni,810,41,1.56243208603442
Apus balstoni,827,41,1.1946710927344
Apus balstoni,833,41,53.6769175645747
Apus balstoni,835,41,3.21620605602419
Apus balstoni,838,41,1.10266377710527
Apus balstoni,848,41,1.10259928914046
Apus balstoni,850,41,2.02137478975803
Apus balstoni,853,41,1.65382056523675
Apus balstoni,884,41,1.46972063059181
Apus balstoni,912,41,58.6780858784226
Apus balstoni,936,41,432.432672722725
Apus balstoni,2656,41,5770.98429934675
Apus balstoni,7661,41,506.523692399314
Apus balstoni,7820,41,1363.63995657705
Apus balstoni,7829,41,73.9629580870592
Apus balstoni,7840,41,21.3177359530671
Apus balstoni,7841,41,85.7023597338527
Apus balstoni,7842,41,293.443629027022
Apus balstoni,7843,41,16.2380797407103
Apus balstoni,7845,41,29.7890733494529
Apus balstoni,7846,41,1.19820541345048
Apus balstoni,7848,41,14.1752324262425
Apus balstoni,7849,41,6.16665918636328
Apus balstoni,7850,41,56.9979385032006
Apus balstoni,7856,41,28.7773817194842
Apus balstoni,7857,41,859.949368190404
Apus balstoni,7866,41,10.6968829958997
Apus balstoni,7867,41,2.55931186735427
Apus balstoni,7870,41,1.37029047696173
Apus balstoni,7871,41,107.010702178571
Apus balstoni,7872,41,639.159561686217
Apus balstoni,7873,41,19.437907051445
Apus balstoni,7875,41,12.0410908559145
Apus balstoni,7879,41,61.5307293035261
Apus balstoni,7880,41,2.5515154922781
Apus balstoni,7881,41,5.10222163080156
Apus balstoni,7882,41,27.9623496702649
Apus balstoni,7883,41,4.18998410252416
Apus balstoni,7885,41,41.3435845824178
Apus balstoni,7886,41,1.54801138759887
Apus balstoni,7888,41,1.55032464307571
Apus balstoni,7892,41,1.00823772702169
Apus balstoni,7896,41,29.4125688188837
Apus balstoni,4719,46,21.5096479841157
Apus balstoni,4739,46,55.5362709867372
Apus balstoni,4781,46,3.3134309653126
Apus balstoni,4865,46,69.5634544487439
Apus balstoni,4953,46,247.416644683009
Apus balstoni,5187,46,29.8432117734141
Apus balstoni,5208,46,21.0801634665238
Apus balstoni,7599,46,17.1081231937802
Apus balstoni,7647,46,26.5383701396017
Apus balstoni,7649,46,6.61121590080178
Apus balstoni,7787,46,27.5139015001006
Apus balstoni,7715,55,138.846313450127
Apus balstoni,7781,55,9.04229392746901
Apus balstoni,7833,55,68.6631767822923
Artamella viridis,3531,58,16.3740665150672
Artamella viridis,3649,58,2.19464777098459
Artamella viridis,3669,58,12.894550309714
Artamella viridis,305,59,0.370271373195231
Artamella viridis,306,59,0.462834125284791
Artamella viridis,309,59,43.0377824654073
Artamella viridis,325,59,1.48074673073471
Artamella viridis,326,59,1.66577102635694
Artamella viridis,360,59,1.38815019469857
Artamella viridis,152,62,0.463597745714188
Artamella viridis,188,62,43.2038186617044
Artamella viridis,100,16,0.55664420881176
Artamella viridis,103,16,0.371099061261296
Artamella viridis,106,16,0.556625695955813
Artamella viridis,114,16,0.463806772104442
Artamella viridis,121,16,0.463781360735595
Artamella viridis,139,16,0.64914825101471
Artamella viridis,144,16,130.021860527528
Artamella viridis,147,16,6.4908973798604
Artamella viridis,151,16,8.4370977335708
Artamella viridis,197,16,43.2675847418705
Artamella viridis,15483,16,56.8711675529887
Artamella viridis,6031,20,38.0240908844043
Artamella viridis,6062,20,3.07696966736627
Artamella viridis,6066,20,0.723997986286044
Artamella viridis,6081,20,0.361958205401897
Artamella viridis,15636,20,0.452763459861636
Artamella viridis,14427,66,0.777178853789091
Artamella viridis,15266,66,44.4928427752445
Artamella viridis,15522,66,0.604549703200817
Artamella viridis,15705,66,27.2715936270507
Artamella viridis,15706,66,29.4123165165292
Artamella viridis,15707,66,29.3885406549345
Artamella viridis,15708,66,20.6592519148769
Artamella viridis,15709,66,19.9515621485635
Artamella viridis,15728,69,78.5054384879867
Artamella viridis,7610,25,0.449603298739433
Artamella viridis,7611,25,0.359686745625973
Artamella viridis,7652,25,36.331879859746
Artamella viridis,15638,25,0.449634089967847
Artamella viridis,15727,25,6.47518067736232
Artamella viridis,15516,61,64.9869920614074
Artamella viridis,7754,24,52.2268727901955
Artamella viridis,15873,24,39.1360013945309
Artamella viridis,13193,36,0.523638666577697
Artamella viridis,13213,36,0.523563038836241
Artamella viridis,13221,36,0.698019186100006
Artamella viridis,13236,36,0.436189867799282
Artamella viridis,13281,36,2.17984381179476
Artamella viridis,13371,36,1.39385740344095
Artamella viridis,13382,36,118.514144622728
Artamella viridis,13411,36,0.348321061425805
Artamella viridis,13474,36,0.34803445176816
Artamella viridis,13570,36,0.347746593876839
Artamella viridis,13590,36,0.434623503267407
Artamella viridis,13849,36,1.47393099119139
Artamella viridis,13917,36,11.0948326900705
Artamella viridis,13933,36,0.866604338243127
Artamella viridis,14354,36,102.281833427133
Artamella viridis,15141,36,1.13414415884197
Artamella viridis,15142,36,256.826351227335
Artamella viridis,15167,36,45.1360753508905
Artamella viridis,15251,36,0.521531653210759
Artamella viridis,15468,36,14.876475508235
Artamella viridis,15599,36,25.3907382257994
Artamella viridis,15603,36,9.98819568180025
Artamella viridis,6580,38,0.812480411258936
Artamella viridis,15768,38,16.6994855698657
Artamella viridis,15769,38,1.53476886176658
Artamella viridis,15804,38,61.2124982058693
Artamella viridis,15846,38,88.7755361952912
Artamella viridis,15931,38,29.8365955454182
Artamella viridis,7456,79,2.87876883525968
Artamella viridis,7459,79,0.899620833965421
Artamella viridis,15786,79,45.3586244343983
Artamella viridis,15787,79,33.0953660842072
Artamella viridis,15926,80,52.0931107730117
Artamella viridis,10623,21,137.443018218653
Artamella viridis,15751,73,113.437646918732
Artamella viridis,14642,75,48.282664278709
Artamella viridis,15888,77,31.1097970257607
Artamella viridis,15889,77,29.6010280215059
Artamella viridis,3837,30,2.64969806134474
Artamella viridis,3879,30,7.03479595916414
Artamella viridis,3884,30,4.567756926453
Artamella viridis,3922,30,9.04258868397665
Artamella viridis,4227,30,60.2376703430335
Artamella viridis,4273,30,0.365034251434088
Artamella viridis,4274,30,65.4491474751962
Artamella viridis,15525,30,0.456749789226413
Artamella viridis,15555,30,81.3668221959746
Artamella viridis,15745,30,36.1603726523629
Artamella viridis,15961,30,13.1419768964566
Artamella viridis,4013,48,64.7813755391271
Artamella viridis,15453,48,1.73570699889708
Artamella viridis,12777,50,7.62251941031325
Artamella viridis,12833,50,24.7779121193383
Artamella viridis,12970,50,46.5723968884147
Artamella viridis,15265,50,41.6109267733939
Artamella viridis,15597,50,36.3826787541578
Artamella viridis,15614,50,16.8362046284112
Artamella viridis,15615,50,11.4830635166789
Artamella viridis,15918,50,5.43494208523166
Artamella viridis,865,60,128.592142873589
Artamella viridis,1923,60,0.643524707942724
Artamella viridis,1971,60,0.459616383672059
Artamella viridis,1992,60,0.643432019172192
Artamella viridis,2012,60,0.367655302864194
Artamella viridis,2029,60,1.56243208603442
Artamella viridis,2061,60,0.459508593737543
Artamella viridis,2067,60,0.45949710468936
Artamella viridis,2068,60,1.1946710927344
Artamella viridis,2079,60,53.6769175645747
Artamella viridis,2082,60,3.21620605602419
Artamella viridis,2083,60,0.551364106284499
Artamella viridis,2089,60,1.10266377710527
Artamella viridis,2096,60,0.367564567481756
Artamella viridis,2100,60,0.551319225258708
Artamella viridis,2109,60,1.10259928914046
Artamella viridis,2114,60,2.02137478975803
Artamella viridis,2115,60,0.826945434479237
Artamella viridis,2120,60,0.643170052255213
Artamella viridis,2126,60,1.65382056523675
Artamella viridis,2142,60,0.826825480994821
Artamella viridis,2161,60,0.459349671094894
Artamella viridis,2182,60,0.367459639964223
Artamella viridis,2196,60,1.46972063059181
Artamella viridis,2272,60,0.367363554798603
Artamella viridis,2292,60,58.6780858784226
Artamella viridis,2344,60,432.432672722725
Artamella viridis,5287,60,5770.98429934675
Artamella viridis,15752,60,506.523692399314
Artamella viridis,15935,60,0.3690976892097
Artamella viridis,15944,60,1363.63995657705
Artamella viridis,15953,60,73.9629580870592
Artamella viridis,15964,60,21.3177359530671
Artamella viridis,15965,60,85.7023597338527
Artamella viridis,15966,60,293.443629027022
Artamella viridis,15967,60,16.2380797407103
Artamella viridis,15968,60,0.645659265649438
Artamella viridis,15969,60,29.7890733494529
Artamella viridis,15970,60,1.19820541345048
Artamella viridis,15972,60,14.1752324262425
Artamella viridis,15973,60,6.16665918636328
Artamella viridis,15974,60,56.9979385032006
Artamella viridis,15979,60,0.733449546446324
Artamella viridis,15980,60,28.7773817194842
Artamella viridis,15981,60,859.949368190404
Artamella viridis,15984,60,0.548867488993049
Artamella viridis,15990,60,10.6968829958997
Artamella viridis,15991,60,2.55931186735427
Artamella viridis,15994,60,1.37029047696173
Artamella viridis,15995,60,107.010702178571
Artamella viridis,15996,60,639.159561686217
Artamella viridis,15997,60,19.437907051445
Artamella viridis,15999,60,12.0410908559145
Artamella viridis,16002,60,0.45585832220161
Artamella viridis,16003,60,61.5307293035261
Artamella viridis,16004,60,2.5515154922781
Artamella viridis,16005,60,5.10222163080156
Artamella viridis,16006,60,27.9623496702649
Artamella viridis,16007,60,4.18998410252416
Artamella viridis,16009,60,41.3435845824178
Artamella viridis,16010,60,1.54801138759887
Artamella viridis,16012,60,1.55032464307571
Artamella viridis,16016,60,1.00823772702169
Artamella viridis,16020,60,29.4125688188837
Artamella viridis,8257,67,16.1479318826332
Artamella viridis,8718,81,21.5096479841157
Artamella viridis,8763,81,55.5362709867372
Artamella viridis,8845,81,3.3134309653126
Artamella viridis,8901,81,57.120418073331
Artamella viridis,9840,81,420.270539517261
Artamella viridis,15683,81,17.1081231937802
Artamella viridis,15687,81,0.447673652347684
Artamella viridis,15737,81,26.5383701396017
Artamella viridis,15739,81,21.0801634665238
Artamella viridis,15883,81,27.5139015001006
Artamella viridis,11295,72,0.620648212959528
Artamella viridis,11321,72,0.709200345668078
Artamella viridis,15806,72,138.846313450127
Artamella viridis,15872,72,9.04229392746901
Artamella viridis,15957,72,68.6631767822923
Asio madagascariensis,1226,4,13.0070758246177
Asio madagascariensis,1320,4,38.4612961439313
Asio madagascariensis,1335,4,45.3586244343983
Asio madagascariensis,1336,4,33.0953660842072
Asio madagascariensis,1353,4,61.2124982058693
Asio madagascariensis,1395,4,88.7755361952912
Asio madagascariensis,1435,4,52.0931107730117
Asio madagascariensis,1440,4,29.8365955454182
Asio madagascariensis,645,2,75.1476247150756
Asio madagascariensis,809,2,95.5294500820313
Asio madagascariensis,1297,2,21.0801634665238
Asio madagascariensis,32,1,128.592142873589
Asio madagascariensis,122,1,53.6769175645747
Asio madagascariensis,133,1,58.6780858784226
Asio madagascariensis,138,1,432.432672722725
Asio madagascariensis,234,1,5770.98429934675
Asio madagascariensis,1305,1,506.523692399314
Asio madagascariensis,1452,1,1363.63995657705
Asio madagascariensis,1461,1,73.9629580870592
Asio madagascariensis,1466,1,21.3177359530671
Asio madagascariensis,1467,1,85.7023597338527
Asio madagascariensis,1468,1,293.443629027022
Asio madagascariensis,1469,1,16.2380797407103
Asio madagascariensis,1471,1,29.7890733494529
Asio madagascariensis,1474,1,14.1752324262425
Asio madagascariensis,1475,1,6.16665918636328
Asio madagascariensis,1476,1,56.9979385032006
Asio madagascariensis,1482,1,28.7773817194842
Asio madagascariensis,1483,1,859.949368190404
Asio madagascariensis,1492,1,10.6968829958997
Asio madagascariensis,1497,1,107.010702178571
Asio madagascariensis,1498,1,639.159561686217
Asio madagascariensis,1499,1,19.437907051445
Asio madagascariensis,1501,1,12.0410908559145
Asio madagascariensis,1505,1,61.5307293035261
Asio madagascariensis,1507,1,5.10222163080156
Asio madagascariensis,1508,1,27.9623496702649
Asio madagascariensis,1509,1,4.18998410252416
Asio madagascariensis,1511,1,41.3435845824178
Asio madagascariensis,1521,1,29.4125688188837
Asio madagascariensis,1304,3,113.437646918732
Asio madagascariensis,1355,3,138.846313450127
Asio madagascariensis,1421,3,9.04229392746901
Asio madagascariensis,1427,3,31.1097970257607
Asio madagascariensis,1428,3,29.6010280215059
Asio madagascariensis,1465,3,68.6631767822923
Atelornis crossleyi,49,4,88.7755361952912
Atelornis crossleyi,205,4,61.2124982058693
Atelornis crossleyi,220,4,29.8365955454182
Atelornis crossleyi,3,1,89.7511198237331
Atelornis crossleyi,4,1,206.651077854425
Atelornis crossleyi,6,1,18.8525092663892
Atelornis crossleyi,7,1,806.864200137748
Atelornis crossleyi,238,1,5.25313743514037
Atelornis crossleyi,240,1,5.33902110164034
Atelornis crossleyi,241,1,6.16665918636328
Atelornis crossleyi,8,2,121.467199711754
Atelornis crossleyi,234,2,29.8841921798433
Atelornis crossleyi,11,3,3.19109242600811
Atelornis crossleyi,13,3,8.02199676955664
Atelornis crossleyi,16,3,73.9629580870592
Atelornis crossleyi,235,3,74.0038606078672
Atelornis crossleyi,181,10,126.079136078817
Atelornis crossleyi,228,10,62.019508134887
Atelornis crossleyi,236,10,8.51088823906339
Atelornis pittoides,1,1,72.6104762396658
Atelornis pittoides,955,1,56.8711675529887
Atelornis pittoides,953,5,29.4123165165292
Atelornis pittoides,980,5,27.2715936270507
Atelornis pittoides,981,5,29.3885406549345
Atelornis pittoides,982,5,20.6592519148769
Atelornis pittoides,223,4,2.87876883525968
Atelornis pittoides,1023,4,45.3586244343983
Atelornis pittoides,1024,4,33.0953660842072
Atelornis pittoides,1125,4,52.0931107730117
Atelornis pittoides,1012,11,34.3971482793418
Atelornis pittoides,1041,11,61.2124982058693
Atelornis pittoides,1086,11,88.7755361952912
Atelornis pittoides,1130,11,29.8365955454182
Atelornis pittoides,1002,8,113.437646918732
Atelornis pittoides,5,2,28.8049090227646
Atelornis pittoides,28,2,11.423145542632
Atelornis pittoides,53,2,2.11438066261417
Atelornis pittoides,63,2,1.8373651948179
Atelornis pittoides,66,2,1.46972063059181
Atelornis pittoides,67,2,2.11261448298192
Atelornis pittoides,69,2,2.75561017110461
Atelornis pittoides,72,2,26.2648020061304
Atelornis pittoides,74,2,336.421109052604
Atelornis pittoides,100,2,1966.54678552246
Atelornis pittoides,109,2,123.178229161861
Atelornis pittoides,119,2,1.64430895920491
Atelornis pittoides,120,2,7.67238536788142
Atelornis pittoides,124,2,446.378088026939
Atelornis pittoides,126,2,1.73528662736785
Atelornis pittoides,130,2,51.5046193559415
Atelornis pittoides,144,2,239.346135864174
Atelornis pittoides,151,2,440.173162328255
Atelornis pittoides,1000,2,27.87552267994
Atelornis pittoides,1134,2,21.3177359530671
Atelornis pittoides,1140,2,821.126429716701
Atelornis pittoides,1142,2,125.0060864591
Atelornis pittoides,1143,2,22.62315320968
Atelornis pittoides,1144,2,59.3564680753992
Atelornis pittoides,1146,2,73.9629580870592
Atelornis pittoides,1151,2,22.2456499345839
Atelornis pittoides,1152,2,85.7023597338527
Atelornis pittoides,1153,2,279.789072021359
Atelornis pittoides,1154,2,16.2380797407103
Atelornis pittoides,1155,2,29.7890733494529
Atelornis pittoides,1158,2,14.1752324262425
Atelornis pittoides,1159,2,6.16665918636328
Atelornis pittoides,1160,2,56.9979385032006
Atelornis pittoides,1161,2,833.282149066268
Atelornis pittoides,1162,2,1059.08164621932
Atelornis pittoides,1163,2,36.3277949952738
Atelornis pittoides,1164,2,528.919610425969
Atelornis pittoides,1173,2,10.6968829958997
Atelornis pittoides,1174,2,1.55032464307571
Atelornis pittoides,1178,2,29.4125688188837
Atelornis pittoides,1043,10,138.846313450127
Atelornis pittoides,1112,10,9.04229392746901
Atelornis pittoides,1150,10,68.6631767822923
Athene superciliaris,24,1,57.4113842878613
Athene superciliaris,34,1,6.4908973798604
Athene superciliaris,36,1,8.4370977335708
Athene superciliaris,47,1,43.2038186617044
Athene superciliaris,67,1,43.4528749465152
Athene superciliaris,78,1,43.0377824654073
Athene superciliaris,3042,12,44.4928427752445
Athene superciliaris,3471,12,29.4123165165292
Athene superciliaris,3472,12,29.3885406549345
Athene superciliaris,3473,12,20.6592519148769
Athene superciliaris,3474,12,19.9515621485635
Athene superciliaris,1255,15,52.0931107730117
Athene superciliaris,1364,15,45.3586244344044
Athene superciliaris,1380,15,2.87876883525968
Athene superciliaris,1381,15,33.0953660842072
Athene superciliaris,1942,14,137.443018218653
Athene superciliaris,1401,7,36.331879859746
Athene superciliaris,1424,7,52.2268727901955
Athene superciliaris,1518,7,42.3362076362427
Athene superciliaris,1570,7,57.9536162531174
Athene superciliaris,1583,7,3.3134309653126
Athene superciliaris,1676,7,89.7882265229853
Athene superciliaris,1731,7,468.355482097602
Athene superciliaris,3018,7,21.5096479841157
Athene superciliaris,3112,7,3.75955498127008
Athene superciliaris,3475,7,17.1081231937802
Athene superciliaris,3489,7,6.47518067736232
Athene superciliaris,3524,7,43.0398890354153
Athene superciliaris,3555,7,39.1360013945309
Athene superciliaris,3586,7,27.5139015001006
Athene superciliaris,534,10,16.3740665150672
Athene superciliaris,561,10,19.2038282114016
Athene superciliaris,617,10,2.64969806134474
Athene superciliaris,631,10,7.03479595916414
Athene superciliaris,632,10,4.567756926453
Athene superciliaris,641,10,9.04258868397665
Athene superciliaris,711,10,14.8774610751536
Athene superciliaris,717,10,65.4491474751962
Athene superciliaris,721,10,47.905131750668
Athene superciliaris,738,10,50.5501472631775
Athene superciliaris,3357,10,29.1295754598171
Athene superciliaris,3525,10,36.1603726523629
Athene superciliaris,3621,10,13.1419768964566
Athene superciliaris,148,11,100.527754466075
Athene superciliaris,300,11,6.61398661988985
Athene superciliaris,309,11,14.5111671973782
Athene superciliaris,488,11,57.9512539253052
Athene superciliaris,548,11,90.1621041033284
Athene superciliaris,558,11,2598.19253311345
Athene superciliaris,587,11,10.6968829958997
Athene superciliaris,598,11,27.8717233524508
Athene superciliaris,604,11,259.973612613472
Athene superciliaris,639,11,29.9588182544613
Athene superciliaris,667,11,55.7962861265416
Athene superciliaris,701,11,2.73830994216502
Athene superciliaris,728,11,30.841130119227
Athene superciliaris,799,11,61.5307293035261
Athene superciliaris,802,11,13.2143774025955
Athene superciliaris,812,11,7.74432683950007
Athene superciliaris,820,11,15.0325883204132
Athene superciliaris,888,11,41.3435845824178
Athene superciliaris,3488,11,12.0410908559145
Athene superciliaris,3596,11,21.3177359530671
Athene superciliaris,3597,11,293.443629027022
Athene superciliaris,3604,11,1363.63995657705
Athene superciliaris,3605,11,1204.33474936549
Athene superciliaris,3606,11,25.2209269263488
Athene superciliaris,3607,11,56.9979385032006
Athene superciliaris,3611,11,2.47743972503972
Athene superciliaris,3614,11,28.7773817194842
Athene superciliaris,3615,11,151.073617869334
Athene superciliaris,3616,11,2.55931186735427
Athene superciliaris,3624,11,19.437907051445
Athene superciliaris,3626,11,15.2265016948173
Athene superciliaris,3630,11,32.5465398815634
Athene superciliaris,3631,11,2.5515154922781
Athene superciliaris,3632,11,5.10222163080156
Athene superciliaris,3633,11,27.9623496702649
Athene superciliaris,3634,11,4.18998410252416
Athene superciliaris,3640,11,29.7890733494529
Athene superciliaris,2153,13,13.1672804516124
Athene superciliaris,2366,13,433.810619797173
Athene superciliaris,2390,13,7.62251941031325
Athene superciliaris,2506,13,46.5723968884147
Athene superciliaris,2611,13,7.36721759575951
Athene superciliaris,2619,13,12.0483039035151
Athene superciliaris,2710,13,151.58511224908
Athene superciliaris,2923,13,17.8876522784661
Athene superciliaris,2942,13,45.1360753508905
Athene superciliaris,3010,13,445.611096910782
Athene superciliaris,3091,13,43.5541700668897
Athene superciliaris,3092,13,2.02803748513663
Athene superciliaris,3093,13,2.11576712074435
Athene superciliaris,3097,13,42.4890235274736
Athene superciliaris,3176,13,13.0307413413469
Athene superciliaris,3177,13,3.87195306908155
Athene superciliaris,3178,13,6.06907414019537
Athene superciliaris,3179,13,112.468627701651
Athene superciliaris,3303,13,14.876475508235
Athene superciliaris,3373,13,36.3826787541578
Athene superciliaris,3379,13,9.98819568180025
Athene superciliaris,3385,13,16.8362046284112
Athene superciliaris,3386,13,11.4830635166789
Athene superciliaris,3395,13,9.25706128804803
Athene superciliaris,3398,13,4.31856011909986
Athene superciliaris,3400,13,2.02272765648687
Athene superciliaris,3518,13,17.5870851484947
Athene superciliaris,3519,13,2.03225787389851
Athene superciliaris,3523,13,5.23129722183871
Athene superciliaris,3593,13,5.43494208523166
Athene superciliaris,1997,16,63.1928620869468
Athene superciliaris,2084,16,46.697352145833
Athene superciliaris,3550,16,4.07421882343113
Athene superciliaris,3553,16,9.04229392746901
Avahi laniger,50,7,13.1011248301817
Avahi laniger,132,15,0.367894891669035
Avahi laniger,133,15,12.5071501015138
Avahi laniger,344,17,59.9439697240669
Avahi laniger,391,19,56.4159576669972
Avahi laniger,497,25,65.611862821471
Avahi laniger,1058,35,16.2094478191883
Avahi laniger,514,24,14.2768665205796
Avahi laniger,5506,108,27.2715936270507
Avahi laniger,5609,207,29.4123165165292
Avahi laniger,5610,208,29.3885406549345
Avahi laniger,24,5,28.8049090227646
Avahi laniger,265,144,69.6471751838426
Avahi laniger,275,144,1.65325307838088
Avahi laniger,276,144,0.459243274490118
Avahi laniger,285,144,47.8460816977271
Avahi laniger,287,144,0.367363554798603
Avahi laniger,300,144,58.6780858784226
Avahi laniger,340,144,0.275443051051259
Avahi laniger,177,184,83.390671797113
Avahi laniger,94,209,374.347149138293
Avahi laniger,5649,235,61.2124982058693
Avahi laniger,5698,237,52.0931107730117
Avahi laniger,2303,212,2.87876883525968
Avahi laniger,2305,212,0.899620833965421
Avahi laniger,2313,212,0.269868277515173
Avahi laniger,5647,212,45.3586244343983
Avahi laniger,5648,212,33.0953660842072
Avahi laniger,5710,239,31.1097970257607
Avahi laniger,5711,239,29.6010280215059
Avahi laniger,5674,236,88.7755361952912
Avahi laniger,5712,240,29.8365955454182
Avahi laniger,5620,241,56.9979385032006
Avahi laniger,4000,141,113.437646918732
Avahi laniger,5332,170,48.282664278709
Avahi laniger,62,8,2.02608504913765
Avahi laniger,63,8,0.460479690076709
Avahi laniger,64,8,0.276287814046025
Avahi laniger,155,8,0.367843747830391
Avahi laniger,379,8,0.275287525101185
Avahi laniger,561,8,0.731667634530187
Avahi laniger,618,8,62.2549358162017
Avahi laniger,1275,8,3091.65101813169
Avahi laniger,5722,8,0.733449546446324
Avahi laniger,5723,8,28.7773817194842
Avahi laniger,5724,8,707.081968832836
Avahi laniger,5726,8,0.274443535747349
Avahi laniger,5727,8,0.548867488993049
Avahi laniger,5733,8,10.6968829958997
Avahi laniger,5737,8,1.37029047696173
Avahi laniger,5738,8,107.010702178571
Avahi laniger,5740,8,19.437907051445
Avahi laniger,1051,242,27.9623496702811
Avahi laniger,5617,243,21.3305931885931
Avahi laniger,5739,243,639.159561686217
Avahi laniger,5742,244,12.0410908559145
Avahi laniger,5615,210,506.523692399314
Avahi laniger,5718,210,73.9629580870592
Avahi laniger,5745,210,1.55032464307571
Avahi laniger,5746,210,29.4125688188837
Avahi laniger,4206,223,0.265972006814122
Avahi laniger,4313,223,138.846313450127
Avahi laniger,5685,223,9.04229392746901
Avahi laniger,5716,245,68.6631767822923
Avahi occidentalis,26,3,1.36983741289043
Avahi occidentalis,32,3,10.866233292555
Avahi occidentalis,5,1,5.85033975470436
Avahi occidentalis,6,1,24.6792146248902
Avahi occidentalis,8,1,2.83342021114933
Avahi occidentalis,9,1,1.00536820483017
Avahi occidentalis,11,1,0.274192454328179
Avahi occidentalis,18,1,1.55373825480127
Avahi occidentalis,7,5,1.0054375043211
Avahi occidentalis,10,5,2.37624750380075
Avahi occidentalis,15,5,7.67678403816092
Avahi occidentalis,19,5,8.49783825707936
Avahi occidentalis,20,5,0.274089461484194
Avahi occidentalis,21,5,9.5018882179122
Avahi occidentalis,22,5,4.56775692645169
Avahi occidentalis,23,5,0.456749789226651
Avahi occidentalis,40,4,226.149330041264
Avahi occidentalis,46,4,2.0072273404777
Avahi occidentalis,56,4,0.364940765320301
Avahi occidentalis,57,4,34.95614220778
Avahi occidentalis,58,4,37.7873675130477
Aviceda madagascariensis,6,1,130.021860527528
Aviceda madagascariensis,8,1,43.2038186617044
Aviceda madagascariensis,14,1,43.4528749465152
Aviceda madagascariensis,18,1,43.0377824654073
Aviceda madagascariensis,46,1,128.592142873589
Aviceda madagascariensis,82,1,53.6769175645747
Aviceda madagascariensis,91,1,58.6780858784226
Aviceda madagascariensis,93,1,432.432672722725
Aviceda madagascariensis,157,1,16.3740665150672
Aviceda madagascariensis,168,1,19.2038282113973
Aviceda madagascariensis,171,1,16.0871950112846
Aviceda madagascariensis,204,1,260.626970439173
Aviceda madagascariensis,231,1,73.9629580870592
Aviceda madagascariensis,257,1,5633.80761446304
Aviceda madagascariensis,1183,1,56.8711675529887
Aviceda madagascariensis,1222,1,64.9869920614074
Aviceda madagascariensis,1245,1,81.3668221959746
Aviceda madagascariensis,1390,1,506.523692399314
Aviceda madagascariensis,1427,1,36.1603726523629
Aviceda madagascariensis,1546,1,1363.63995657705
Aviceda madagascariensis,1547,1,65.6316608163534
Aviceda madagascariensis,1553,1,29.4125688188837
Aviceda madagascariensis,1554,1,21.3177359530671
Aviceda madagascariensis,1555,1,85.7023597338527
Aviceda madagascariensis,1556,1,293.443629027022
Aviceda madagascariensis,1557,1,16.2380797407103
Aviceda madagascariensis,1559,1,29.7890733494529
Aviceda madagascariensis,1562,1,14.1752324262425
Aviceda madagascariensis,1564,1,56.9979385032006
Aviceda madagascariensis,1570,1,28.7773817194842
Aviceda madagascariensis,1571,1,859.949368190404
Aviceda madagascariensis,1585,1,107.010702178571
Aviceda madagascariensis,1586,1,609.139639361138
Aviceda madagascariensis,1587,1,19.437907051445
Aviceda madagascariensis,1589,1,12.0410908559145
Aviceda madagascariensis,1593,1,61.5307293035261
Aviceda madagascariensis,1596,1,27.9623496702649
Aviceda madagascariensis,1599,1,41.3435845824178
Aviceda madagascariensis,302,2,38.2051651932399
Aviceda madagascariensis,356,2,36.331879859746
Aviceda madagascariensis,360,2,52.2268727901955
Aviceda madagascariensis,380,2,42.3362076362427
Aviceda madagascariensis,395,2,57.9536162531174
Aviceda madagascariensis,413,2,89.7882265229853
Aviceda madagascariensis,427,2,468.355482097602
Aviceda madagascariensis,473,2,137.443018218653
Aviceda madagascariensis,876,2,21.5096479841157
Aviceda madagascariensis,1363,2,17.1081231937802
Aviceda madagascariensis,1393,2,78.5054384879867
Aviceda madagascariensis,1426,2,43.0398890354153
Aviceda madagascariensis,1512,2,39.1360013945309
Aviceda madagascariensis,1531,2,27.5139015001006
Aviceda madagascariensis,521,3,13.1672804516124
Aviceda madagascariensis,572,3,433.810619797173
Aviceda madagascariensis,573,3,68.4073900828574
Aviceda madagascariensis,608,3,46.5723968884147
Aviceda madagascariensis,632,3,12.0483039035151
Aviceda madagascariensis,643,3,151.58511224908
Aviceda madagascariensis,778,3,17.8876522784661
Aviceda madagascariensis,831,3,45.1360753508905
Aviceda madagascariensis,860,3,445.611096910782
Aviceda madagascariensis,971,3,43.5541700668897
Aviceda madagascariensis,977,3,42.4890235274736
Aviceda madagascariensis,1053,3,13.0307413413469
Aviceda madagascariensis,1056,3,112.468627701651
Aviceda madagascariensis,1159,3,14.876475508235
Aviceda madagascariensis,1257,3,36.3826787541578
Aviceda madagascariensis,1273,3,16.8362046284112
Aviceda madagascariensis,1274,3,11.4830635166789
Aviceda madagascariensis,1419,3,17.5870851484947
Bernieria madagascariensis,249,103,43.2675847418705
Bernieria madagascariensis,379,87,0.370271373195231
Bernieria madagascariensis,380,87,0.462834125284791
Bernieria madagascariensis,384,87,43.0377824654073
Bernieria madagascariensis,400,87,1.48074673073471
Bernieria madagascariensis,401,87,1.66577102635694
Bernieria madagascariensis,405,87,0.277623898765862
Bernieria madagascariensis,408,87,0.277610584835947
Bernieria madagascariensis,435,87,1.38815019469857
Bernieria madagascariensis,199,101,0.463597745714188
Bernieria madagascariensis,238,101,43.2038186617044
Bernieria madagascariensis,127,31,0.55664420881176
Bernieria madagascariensis,131,31,0.371099061261296
Bernieria madagascariensis,134,31,0.556625695955813
Bernieria madagascariensis,145,31,0.463806772104442
Bernieria madagascariensis,151,31,0.27827526928854
Bernieria madagascariensis,153,31,0.463781360735595
Bernieria madagascariensis,165,31,0.278243954662919
Bernieria madagascariensis,179,31,0.27820176096195
Bernieria madagascariensis,182,31,0.64914825101471
Bernieria madagascariensis,189,31,130.021860527528
Bernieria madagascariensis,193,31,6.4908973798604
Bernieria madagascariensis,198,31,8.4370977335708
Bernieria madagascariensis,21696,31,56.8711675529887
Bernieria madagascariensis,8883,24,38.0240908844043
Bernieria madagascariensis,8957,24,3.07696966736627
Bernieria madagascariensis,8966,24,0.723997986286044
Bernieria madagascariensis,9016,24,0.361958205401897
Bernieria madagascariensis,21851,24,0.452763459861636
Bernieria madagascariensis,21410,106,0.777178853789091
Bernieria madagascariensis,21742,106,0.604549703200817
Bernieria madagascariensis,21916,106,27.2715936270507
Bernieria madagascariensis,21917,106,29.4123165165292
Bernieria madagascariensis,21918,106,29.3885406549345
Bernieria madagascariensis,21919,106,20.6592519148769
Bernieria madagascariensis,21920,106,19.9515621485635
Bernieria madagascariensis,21939,108,78.5054384879867
Bernieria madagascariensis,11606,54,36.331879859746
Bernieria madagascariensis,12100,54,0.449603298739433
Bernieria madagascariensis,12101,54,0.359686745625973
Bernieria madagascariensis,21853,54,0.449634089967847
Bernieria madagascariensis,21938,54,6.47518067736232
Bernieria madagascariensis,16584,7,69.920279126314
Bernieria madagascariensis,12348,38,45.3046276671535
Bernieria madagascariensis,22082,38,39.1360013945309
Bernieria madagascariensis,10363,65,0.812480411258936
Bernieria madagascariensis,21803,65,38.3946948622806
Bernieria madagascariensis,21975,65,38.4612961439313
Bernieria madagascariensis,22012,65,61.2124982058693
Bernieria madagascariensis,22054,65,88.7755361952912
Bernieria madagascariensis,22109,65,29.8365955454182
Bernieria madagascariensis,11865,121,2.87876883525968
Bernieria madagascariensis,11870,121,0.899620833965421
Bernieria madagascariensis,11912,121,0.269868277515173
Bernieria madagascariensis,21994,121,45.3586244343983
Bernieria madagascariensis,21995,121,33.0953660842072
Bernieria madagascariensis,22104,122,52.0931107730117
Bernieria madagascariensis,21736,100,64.9869920614074
Bernieria madagascariensis,15164,81,21.0801634665238
Bernieria madagascariensis,21952,114,113.437646918732
Bernieria madagascariensis,21437,117,48.282664278709
Bernieria madagascariensis,22095,119,31.1097970257607
Bernieria madagascariensis,22096,119,29.6010280215059
Bernieria madagascariensis,877,76,128.592142873589
Bernieria madagascariensis,2049,76,0.643524707942724
Bernieria madagascariensis,2102,76,0.459616383672059
Bernieria madagascariensis,2124,76,0.643432019172192
Bernieria madagascariensis,2132,76,0.275752651619673
Bernieria madagascariensis,2154,76,0.367655302864194
Bernieria madagascariensis,2175,76,1.56243208603442
Bernieria madagascariensis,2176,76,0.275729722221732
Bernieria madagascariensis,2199,76,0.275717098941624
Bernieria madagascariensis,2215,76,0.275709061498523
Bernieria madagascariensis,2219,76,0.459508593737543
Bernieria madagascariensis,2226,76,0.45949710468936
Bernieria madagascariensis,2227,76,1.1946710927344
Bernieria madagascariensis,2244,76,53.6769175645747
Bernieria madagascariensis,2248,76,3.21620605602419
Bernieria madagascariensis,2249,76,0.551364106284499
Bernieria madagascariensis,2256,76,1.10266377710527
Bernieria madagascariensis,2265,76,0.367564567481756
Bernieria madagascariensis,2275,76,0.551319225258708
Bernieria madagascariensis,2287,76,1.10259928914046
Bernieria madagascariensis,2293,76,2.02137478975803
Bernieria madagascariensis,2294,76,0.826945434479237
Bernieria madagascariensis,2302,76,0.643170052255213
Bernieria madagascariensis,2311,76,1.65382056523675
Bernieria madagascariensis,2332,76,0.826825480994821
Bernieria madagascariensis,2359,76,0.459349671094894
Bernieria madagascariensis,2383,76,0.367459639964223
Bernieria madagascariensis,2398,76,0.275586929093957
Bernieria madagascariensis,2402,76,1.46972063059181
Bernieria madagascariensis,2403,76,0.275577679304183
Bernieria madagascariensis,2492,76,0.367363554798603
Bernieria madagascariensis,2517,76,58.6780858784226
Bernieria madagascariensis,2597,76,432.432672722725
Bernieria madagascariensis,2638,76,0.275443051051259
Bernieria madagascariensis,7283,76,5770.98429934675
Bernieria madagascariensis,21960,76,506.523692399314
Bernieria madagascariensis,22115,76,0.3690976892097
Bernieria madagascariensis,22124,76,1363.63995657705
Bernieria madagascariensis,22133,76,73.9629580870592
Bernieria madagascariensis,22138,76,21.3177359530671
Bernieria madagascariensis,22139,76,85.7023597338527
Bernieria madagascariensis,22140,76,293.443629027022
Bernieria madagascariensis,22141,76,16.2380797407103
Bernieria madagascariensis,22142,76,0.645659265649438
Bernieria madagascariensis,22143,76,29.7890733494529
Bernieria madagascariensis,22144,76,1.19820541345048
Bernieria madagascariensis,22146,76,14.1752324262425
Bernieria madagascariensis,22147,76,6.16665918636328
Bernieria madagascariensis,22148,76,56.9979385032006
Bernieria madagascariensis,22153,76,0.733449546446324
Bernieria madagascariensis,22154,76,28.7773817194842
Bernieria madagascariensis,22155,76,859.949368190404
Bernieria madagascariensis,22157,76,0.274443535747349
Bernieria madagascariensis,22158,76,0.548867488993049
Bernieria madagascariensis,22164,76,10.6968829958997
Bernieria madagascariensis,22165,76,2.55931186735427
Bernieria madagascariensis,22168,76,1.37029047696173
Bernieria madagascariensis,22169,76,107.010702178571
Bernieria madagascariensis,22170,76,639.159561686217
Bernieria madagascariensis,22171,76,19.437907051445
Bernieria madagascariensis,22173,76,12.0410908559145
Bernieria madagascariensis,22176,76,0.45585832220161
Bernieria madagascariensis,22177,76,61.5307293035261
Bernieria madagascariensis,22178,76,2.5515154922781
Bernieria madagascariensis,22179,76,5.10222163080156
Bernieria madagascariensis,22180,76,27.9623496702649
Bernieria madagascariensis,22181,76,4.18998410252416
Bernieria madagascariensis,22183,76,41.3435845824178
Bernieria madagascariensis,22184,76,1.54801138759887
Bernieria madagascariensis,22192,76,1.55032464307571
Bernieria madagascariensis,22196,76,1.00823772702169
Bernieria madagascariensis,22198,76,0.274976311198533
Bernieria madagascariensis,22200,76,29.4125688188837
Bernieria madagascariensis,5090,77,64.7813755391271
Bernieria madagascariensis,21683,77,1.73570699889708
Bernieria madagascariensis,4316,99,16.3740665150672
Bernieria madagascariensis,4471,99,19.2038282113973
Bernieria madagascariensis,4625,99,22.2892814174211
Bernieria madagascariensis,4629,99,5.85033975470352
Bernieria madagascariensis,4634,99,24.6792146248873
Bernieria madagascariensis,4661,99,2.65062070312488
Bernieria madagascariensis,4682,99,0.274192454328179
Bernieria madagascariensis,4694,99,1.18809712456667
Bernieria madagascariensis,4719,99,4.38649564416385
Bernieria madagascariensis,4790,99,8.49783825707888
Bernieria madagascariensis,4839,99,0.274089461484194
Bernieria madagascariensis,4883,99,9.5018882179122
Bernieria madagascariensis,4884,99,4.567756926453
Bernieria madagascariensis,5393,99,0.365034251434088
Bernieria madagascariensis,5434,99,303.633820191223
Bernieria madagascariensis,5467,99,0.547426328327894
Bernieria madagascariensis,5473,99,0.364942030489683
Bernieria madagascariensis,5481,99,0.456175956650972
Bernieria madagascariensis,21459,99,37.6497033879563
Bernieria madagascariensis,21691,99,1.55373825480127
Bernieria madagascariensis,21745,99,0.456749789226413
Bernieria madagascariensis,21775,99,65.4491474751962
Bernieria madagascariensis,21959,99,36.1603726523629
Bernieria madagascariensis,22110,99,100.812835919068
Bernieria madagascariensis,22189,99,13.1419768964566
Bernieria madagascariensis,22190,99,0.273783886071086
Bernieria madagascariensis,13800,107,27.5139015001006
Bernieria madagascariensis,13861,107,41.0293049223326
Bernieria madagascariensis,13946,107,42.1715901547037
Bernieria madagascariensis,13975,107,3.3134309653126
Bernieria madagascariensis,14484,107,240.346898243405
Bernieria madagascariensis,21900,107,17.1081231937802
Bernieria madagascariensis,21944,107,26.5383701396017
Bernieria madagascariensis,22092,107,21.5096479841157
Bernieria madagascariensis,17988,113,0.62064821295929
Bernieria madagascariensis,18002,113,0.265972006814122
Bernieria madagascariensis,18021,113,0.709200345668078
Bernieria madagascariensis,22014,113,138.846313450127
Bernieria madagascariensis,22080,113,9.04229392746901
Bernieria madagascariensis,22137,113,68.6631767822923
Brachypteracias leptosomus,760,2,29.4123165165292
Brachypteracias leptosomus,783,2,27.2715936270507
Brachypteracias leptosomus,784,2,29.3885406549345
Brachypteracias leptosomus,785,2,20.6592519148769
Brachypteracias leptosomus,838,3,61.2124982058693
Brachypteracias leptosomus,875,3,88.7755361952912
Brachypteracias leptosomus,903,3,29.8365955454182
Brachypteracias leptosomus,575,4,113.437646918732
Brachypteracias leptosomus,11,1,29.966803009745
Brachypteracias leptosomus,46,1,5.30132175810611
Brachypteracias leptosomus,55,1,10.495363118765
Brachypteracias leptosomus,63,1,3.19109242600811
Brachypteracias leptosomus,64,1,3.82909888804102
Brachypteracias leptosomus,68,1,8.02199676955664
Brachypteracias leptosomus,70,1,3.09900984286463
Brachypteracias leptosomus,73,1,4.64662316187906
Brachypteracias leptosomus,77,1,4.18998410252416
Brachypteracias leptosomus,78,1,25.0430807721813
Brachypteracias leptosomus,91,1,5086.15246458863
Brachypteracias leptosomus,810,1,106.168145950006
Brachypteracias leptosomus,904,1,1295.78930685145
Brachypteracias leptosomus,907,1,27.9623496702649
Brachypteracias leptosomus,911,1,29.9665759035923
Brachypteracias leptosomus,929,1,5.33902110164034
Brachypteracias leptosomus,930,1,6.16665918636328
Brachypteracias leptosomus,932,1,56.9979385032006
Brachypteracias leptosomus,937,1,786.349330750566
Brachypteracias leptosomus,946,1,10.6968829958997
Brachypteracias leptosomus,947,1,2.55931186735427
Brachypteracias leptosomus,951,1,107.010702178571
Brachypteracias leptosomus,952,1,625.854040737535
Brachypteracias leptosomus,954,1,12.0410908559145
Brachypteracias leptosomus,852,7,138.846313450127
Brachypteracias leptosomus,894,7,9.04229392746901
Brachypteracias leptosomus,927,7,68.6631767822923
Brachytarsomys albicauda,16,4,22.2456499345838
Brachytarsomys albicauda,18,5,21.0323881548508
Brachytarsomys albicauda,23,7,40.2587459644453
Brachytarsomys albicauda,24,8,30.1057095869771
Brachytarsomys albicauda,34,10,26.1977896327092
Brachytarsomys albicauda,57,14,31.6555057569177
Brachytarsomys albicauda,63,17,12.0800389464626
Brachytarsomys albicauda,99,22,28.6147550266778
Brachytarsomys albicauda,70,19,28.7352753755711
Brachytarsomys albicauda,277,19,28.1809853154598
Brachytarsomys albicauda,58,15,90.0402911053434
Brachytarsomys albicauda,61,15,137.127524419056
Brachytarsomys albicauda,278,15,30.152120036632
Brachyuromys betsileoensis,471,25,27.3374724883207
Brachyuromys betsileoensis,472,25,0.0920546381841302
Brachyuromys betsileoensis,474,25,0.0920535179437995
Brachyuromys betsileoensis,484,25,29.9084594166067
Brachyuromys betsileoensis,614,29,11.846654665254
Brachyuromys betsileoensis,452,160,4.05232580194205
Brachyuromys betsileoensis,3100,195,38.5754106344105
Brachyuromys betsileoensis,586,28,1.10266377710527
Brachyuromys betsileoensis,587,28,0.183781132994473
Brachyuromys betsileoensis,588,28,2.02137478975803
Brachyuromys betsileoensis,589,28,0.826945434479237
Brachyuromys betsileoensis,597,28,0.367459639964223
Brachyuromys betsileoensis,600,28,0.183724619395971
Brachyuromys betsileoensis,601,28,0.275586929093957
Brachyuromys betsileoensis,603,28,1.46972063059181
Brachyuromys betsileoensis,604,28,0.275577679304183
Brachyuromys betsileoensis,623,28,388.054756878742
Brachyuromys betsileoensis,1528,202,0.812480411258936
Brachyuromys betsileoensis,3102,202,39.454504154756
Brachyuromys betsileoensis,2685,207,26.1848926319454
Brachyuromys betsileoensis,1807,194,0.179958904524803
Brachyuromys betsileoensis,1824,194,2.87876883525968
Brachyuromys betsileoensis,1826,194,0.899620833965421
Brachyuromys betsileoensis,1846,194,0.269868277515173
Brachyuromys betsileoensis,3111,194,33.0953660842072
Brachyuromys betsileoensis,3128,194,45.3586244343983
Brachyuromys betsileoensis,3135,208,52.0931107730117
Brachyuromys betsileoensis,3109,209,29.8631255431825
Brachyuromys betsileoensis,2667,95,52.5005638445029
Brachyuromys betsileoensis,207,9,128.592142873589
Brachyuromys betsileoensis,308,121,0.6456592656492
Brachyuromys betsileoensis,3150,121,293.443629027022
Brachyuromys betsileoensis,426,215,6.63162645038044
Brachyuromys betsileoensis,448,215,1.74986507844758
Brachyuromys betsileoensis,449,215,127.76904636948
Brachyuromys betsileoensis,458,215,29.7439079649721
Brachyuromys betsileoensis,468,215,29.6453323973265
Brachyuromys betsileoensis,483,215,29.8164373522979
Brachyuromys betsileoensis,526,215,540.343115981411
Brachyuromys betsileoensis,3153,215,0.0921622935290933
Brachyuromys betsileoensis,539,216,18.8525092663892
Brachyuromys betsileoensis,3156,216,220.327227699568
Brachyuromys betsileoensis,3140,217,21.3177359530671
Brachyuromys betsileoensis,3149,217,59.0435772412643
Brachyuromys betsileoensis,3151,217,29.7890733494529
Brachyuromys betsileoensis,3154,218,14.1752324262425
Brachyuromys betsileoensis,3155,219,6.16665918636328
Brachyuromys betsileoensis,829,187,1.73194615611374
Brachyuromys betsileoensis,837,187,3.09900984286463
Brachyuromys betsileoensis,841,187,0.729165010962606
Brachyuromys betsileoensis,842,187,0.638013784430742
Brachyuromys betsileoensis,3159,187,72.0255925912302
Brachyuromys betsileoensis,3160,187,9.39121551513614
Brachyuromys betsileoensis,876,220,238.234427620074
Brachyuromys betsileoensis,3157,220,1.55032464307571
Brachyuromys betsileoensis,2802,200,57.9452893114559
Brachyuromys betsileoensis,856,212,13.8476284396513
Brachyuromys betsileoensis,864,212,0.455487860305071
Brachyuromys betsileoensis,3148,214,43.716945528376
Bradypterus brunneus,1,1,26.7219759851342
Bradypterus brunneus,2,1,28.8450665179956
Bradypterus brunneus,179,11,30.0604823682028
Bradypterus brunneus,205,13,25.8267574798982
Bradypterus brunneus,222,53,12.0800389464626
Bradypterus brunneus,287,19,0.812480411258936
Bradypterus brunneus,288,19,88.7755361952912
Bradypterus brunneus,1438,19,16.6994855698657
Bradypterus brunneus,1439,19,1.17365293457222
Bradypterus brunneus,345,20,52.0931107730117
Bradypterus brunneus,142,8,212.338169010773
Bradypterus brunneus,162,8,1.37619193792653
Bradypterus brunneus,164,8,3.30296723872322
Bradypterus brunneus,166,8,25.685174599181
Bradypterus brunneus,169,8,29.7146705407355
Bradypterus brunneus,258,15,117.341436415889
Bradypterus brunneus,1472,15,29.6326150629162
Bradypterus brunneus,1467,58,31.1097970257607
Bradypterus brunneus,1426,60,48.282664278709
Bradypterus brunneus,57,6,75.7400478697434
Bradypterus brunneus,1473,6,59.0435772412643
Bradypterus brunneus,1474,6,29.7890733494529
Bradypterus brunneus,148,9,6.42274420774991
Bradypterus brunneus,168,9,59.881004972218
Bradypterus brunneus,176,9,228.625371326039
Bradypterus brunneus,1471,9,0.458344697261453
Bradypterus brunneus,1481,9,2.75266966834301
Bradypterus brunneus,1484,9,29.8841802741202
Bradypterus brunneus,165,10,28.1621968134122
Bradypterus brunneus,170,10,12.7487466710184
Bradypterus brunneus,173,10,22.2809623244871
Bradypterus brunneus,244,14,53.8574427822496
Bradypterus brunneus,251,14,10.6968829958979
Bradypterus brunneus,253,14,19.8342738737461
Bradypterus brunneus,256,14,2.64969557523739
Bradypterus brunneus,259,16,52.5501444284396
Bradypterus brunneus,1435,16,42.587208405021
Bradypterus brunneus,1240,51,5.94571285882723
Bradypterus brunneus,1245,51,0.620648212959528
Bradypterus brunneus,1246,51,0.265972006814122
Bradypterus brunneus,1249,51,0.709200345668078
Bradypterus brunneus,1440,51,29.7182434685754
Bradypterus brunneus,1463,51,9.04229392746901
Bradypterus brunneus,263,54,74.2701533404583
Bradypterus brunneus,268,54,73.9629580870592
Bradypterus brunneus,1485,54,29.4125688188837
Bradypterus brunneus,86,62,5.25313743514037
Bradypterus brunneus,100,62,97.1177360994822
Bradypterus brunneus,105,62,125.520539628956
Bradypterus brunneus,106,62,0.460479690076709
Bradypterus brunneus,107,62,0.276287814046025
Bradypterus brunneus,109,62,19.1535753317625
Bradypterus brunneus,114,62,256.990098519082
Bradypterus brunneus,115,62,221.295974344572
Bradypterus brunneus,118,62,27.1236302449286
Bradypterus brunneus,119,62,89.9855666221485
Bradypterus brunneus,121,62,292.227017111935
Bradypterus brunneus,171,62,62.3796308705281
Bradypterus brunneus,1475,62,1.19820541345048
Bradypterus brunneus,1477,62,5.33902110164034
Bradypterus brunneus,1478,62,6.16665918636328
Bradypterus brunneus,1479,62,0.920388230831802
Bradypterus brunneus,1480,62,30.1057095869768
Bradypterus brunneus,117,63,27.2149957774931
Buteo brachypterus,7,1,130.021860527528
Buteo brachypterus,10,1,43.2038186617044
Buteo brachypterus,15,1,43.4528749465152
Buteo brachypterus,21,1,43.0377824654073
Buteo brachypterus,48,1,128.592142873589
Buteo brachypterus,85,1,58.6780858784226
Buteo brachypterus,88,1,432.524525778189
Buteo brachypterus,146,1,19.2038282113973
Buteo brachypterus,151,1,24.6792146248873
Buteo brachypterus,239,1,341.78231787148
Buteo brachypterus,262,1,5774.75159988603
Buteo brachypterus,596,1,16.3740665150672
Buteo brachypterus,1190,1,53.6769175645747
Buteo brachypterus,1206,1,19.3775430370849
Buteo brachypterus,1207,1,76.4803060961314
Buteo brachypterus,1760,1,56.8711675529887
Buteo brachypterus,1799,1,64.9869920614074
Buteo brachypterus,1829,1,86.9343049463478
Buteo brachypterus,1850,1,38.3946948622806
Buteo brachypterus,2080,1,36.7996040886711
Buteo brachypterus,2087,1,506.523692399314
Buteo brachypterus,2102,1,38.8224120711257
Buteo brachypterus,2116,1,45.3586244343983
Buteo brachypterus,2117,1,33.0953660842072
Buteo brachypterus,2134,1,61.2124982058693
Buteo brachypterus,2176,1,88.7755361952912
Buteo brachypterus,2218,1,52.0931107730117
Buteo brachypterus,2220,1,29.8365955454182
Buteo brachypterus,2221,1,100.812835919068
Buteo brachypterus,2235,1,1364.28172076837
Buteo brachypterus,2244,1,73.9629580870592
Buteo brachypterus,2245,1,65.8141993703688
Buteo brachypterus,2251,1,21.3177359530671
Buteo brachypterus,2252,1,85.7023597338527
Buteo brachypterus,2253,1,293.443629027022
Buteo brachypterus,2254,1,16.2380797407103
Buteo brachypterus,2256,1,29.7890733494529
Buteo brachypterus,2259,1,14.1752324262425
Buteo brachypterus,2261,1,56.9979385032006
Buteo brachypterus,2267,1,28.7773817194842
Buteo brachypterus,2268,1,861.047150624134
Buteo brachypterus,2282,1,107.101985298331
Buteo brachypterus,2283,1,639.159561686217
Buteo brachypterus,2284,1,19.437907051445
Buteo brachypterus,2290,1,61.5307293035261
Buteo brachypterus,2293,1,27.9623496702649
Buteo brachypterus,2296,1,41.4346548026909
Buteo brachypterus,2306,1,29.5036222200694
Buteo brachypterus,300,2,38.2051651932399
Buteo brachypterus,345,2,36.331879859746
Buteo brachypterus,365,2,52.2268727901955
Buteo brachypterus,379,2,57.9536162531174
Buteo brachypterus,404,2,89.7882265229853
Buteo brachypterus,413,2,468.355482097602
Buteo brachypterus,571,2,151.58511224908
Buteo brachypterus,813,2,435.931164999176
Buteo brachypterus,823,2,46.5723968884147
Buteo brachypterus,1075,2,42.3362076362427
Buteo brachypterus,1224,2,137.443018218653
Buteo brachypterus,1344,2,17.8876522784661
Buteo brachypterus,1391,2,45.1360753508905
Buteo brachypterus,1428,2,448.998273922438
Buteo brachypterus,1442,2,21.5096479841157
Buteo brachypterus,1531,2,35.7097522353754
Buteo brachypterus,1536,2,42.4890235274736
Buteo brachypterus,1634,2,13.3829553466861
Buteo brachypterus,1637,2,112.468627701651
Buteo brachypterus,1731,2,14.876475508235
Buteo brachypterus,1881,2,36.3826787541578
Buteo brachypterus,1891,2,16.8362046284112
Buteo brachypterus,1993,2,17.1081231937802
Buteo brachypterus,2025,2,78.5054384879867
Buteo brachypterus,2069,2,17.5870851484947
Buteo brachypterus,2079,2,43.0398890354153
Buteo brachypterus,2195,2,39.1360013945309
Buteo brachypterus,2206,2,27.5139015001006
Calicalicus madagascariensis,359,134,43.4528749465152
Calicalicus madagascariensis,407,119,0.370271373195231
Calicalicus madagascariensis,408,119,0.462834125284791
Calicalicus madagascariensis,412,119,43.0377824654073
Calicalicus madagascariensis,428,119,1.48074673073471
Calicalicus madagascariensis,430,119,1.66577102635694
Calicalicus madagascariensis,436,119,0.277623898765862
Calicalicus madagascariensis,439,119,0.277610584835947
Calicalicus madagascariensis,466,119,1.38815019469857
Calicalicus madagascariensis,212,132,0.463597745714188
Calicalicus madagascariensis,255,132,43.2038186617044
Calicalicus madagascariensis,135,83,0.55664420881176
Calicalicus madagascariensis,139,83,0.371099061261296
Calicalicus madagascariensis,142,83,0.556625695955813
Calicalicus madagascariensis,155,83,0.463806772104442
Calicalicus madagascariensis,162,83,0.27827526928854
Calicalicus madagascariensis,164,83,0.463781360735595
Calicalicus madagascariensis,178,83,0.278243954662919
Calicalicus madagascariensis,192,83,0.27820176096195
Calicalicus madagascariensis,195,83,0.64914825101471
Calicalicus madagascariensis,202,83,130.021860527528
Calicalicus madagascariensis,206,83,6.4908973798604
Calicalicus madagascariensis,211,83,8.4370977335708
Calicalicus madagascariensis,22226,83,56.8711675529887
Calicalicus madagascariensis,8678,8,38.2051651932399
Calicalicus madagascariensis,8759,8,3.07696966736627
Calicalicus madagascariensis,8769,8,0.723997986286044
Calicalicus madagascariensis,8823,8,0.361958205401897
Calicalicus madagascariensis,22383,8,0.452763459861636
Calicalicus madagascariensis,21905,138,0.777178853789091
Calicalicus madagascariensis,22274,138,0.604549703200817
Calicalicus madagascariensis,22449,138,27.2715936270507
Calicalicus madagascariensis,22450,138,29.4123165165292
Calicalicus madagascariensis,22451,138,29.3885406549345
Calicalicus madagascariensis,22452,138,20.6592519148769
Calicalicus madagascariensis,22453,138,19.9515621485635
Calicalicus madagascariensis,22472,139,78.5054384879867
Calicalicus madagascariensis,18911,13,18.4464234338474
Calicalicus madagascariensis,19263,13,0.970314285975814
Calicalicus madagascariensis,11522,77,36.331879859746
Calicalicus madagascariensis,12033,77,0.449603298739433
Calicalicus madagascariensis,12034,77,0.359686745625973
Calicalicus madagascariensis,22385,77,0.449634089967847
Calicalicus madagascariensis,22471,77,6.47518067736232
Calicalicus madagascariensis,4216,129,16.3740665150672
Calicalicus madagascariensis,4360,129,19.2038282113973
Calicalicus madagascariensis,12424,9,52.2268727901955
Calicalicus madagascariensis,22622,9,39.1360013945309
Calicalicus madagascariensis,10217,90,0.812480411258936
Calicalicus madagascariensis,22335,90,38.3946948622806
Calicalicus madagascariensis,22516,90,38.8224120711257
Calicalicus madagascariensis,22552,90,61.2124982058693
Calicalicus madagascariensis,22594,90,88.7755361952912
Calicalicus madagascariensis,22649,90,29.8365955454182
Calicalicus madagascariensis,11790,156,2.87876883525968
Calicalicus madagascariensis,11796,156,0.899620833965421
Calicalicus madagascariensis,11841,156,0.269868277515173
Calicalicus madagascariensis,22534,156,45.3586244343983
Calicalicus madagascariensis,22535,156,33.0953660842072
Calicalicus madagascariensis,22644,158,52.0931107730117
Calicalicus madagascariensis,22268,131,64.9869920614074
Calicalicus madagascariensis,16767,79,95.5294500820313
Calicalicus madagascariensis,15189,140,29.8432117734118
Calicalicus madagascariensis,15230,140,21.0801634665238
Calicalicus madagascariensis,22483,140,6.61121590080178
Calicalicus madagascariensis,22493,149,113.437646918732
Calicalicus madagascariensis,21932,153,48.282664278709
Calicalicus madagascariensis,22635,154,31.1097970257607
Calicalicus madagascariensis,22636,154,29.6010280215059
Calicalicus madagascariensis,928,88,128.592142873589
Calicalicus madagascariensis,22655,88,0.3690976892097
Calicalicus madagascariensis,22678,88,21.3177359530671
Calicalicus madagascariensis,22679,88,85.7023597338527
Calicalicus madagascariensis,22680,88,293.443629027022
Calicalicus madagascariensis,22681,88,16.2380797407103
Calicalicus madagascariensis,22682,88,0.645659265649438
Calicalicus madagascariensis,22683,88,29.7890733494529
Calicalicus madagascariensis,2120,161,0.643524707942724
Calicalicus madagascariensis,2171,161,0.459616383672059
Calicalicus madagascariensis,2192,161,0.643432019172192
Calicalicus madagascariensis,2199,161,0.275752651619673
Calicalicus madagascariensis,2218,161,0.367655302864194
Calicalicus madagascariensis,2236,161,1.56243208603442
Calicalicus madagascariensis,2237,161,0.275729722221732
Calicalicus madagascariensis,2259,161,0.275717098941624
Calicalicus madagascariensis,2273,161,0.275709061498523
Calicalicus madagascariensis,2277,161,0.459508593737543
Calicalicus madagascariensis,2284,161,0.45949710468936
Calicalicus madagascariensis,2285,161,1.1946710927344
Calicalicus madagascariensis,2300,161,53.6769175645747
Calicalicus madagascariensis,2304,161,3.21620605602419
Calicalicus madagascariensis,2305,161,0.551364106284499
Calicalicus madagascariensis,2312,161,1.10266377710527
Calicalicus madagascariensis,2320,161,0.367564567481756
Calicalicus madagascariensis,2330,161,0.551319225258708
Calicalicus madagascariensis,2341,161,1.10259928914046
Calicalicus madagascariensis,2347,161,2.02137478975803
Calicalicus madagascariensis,2348,161,0.826945434479237
Calicalicus madagascariensis,2356,161,0.643170052255213
Calicalicus madagascariensis,2365,161,1.65382056523675
Calicalicus madagascariensis,2384,161,0.826825480994821
Calicalicus madagascariensis,2406,161,0.459349671094894
Calicalicus madagascariensis,2429,161,0.367459639964223
Calicalicus madagascariensis,2444,161,0.275586929093957
Calicalicus madagascariensis,2448,161,1.46972063059181
Calicalicus madagascariensis,2449,161,0.275577679304183
Calicalicus madagascariensis,2538,161,0.367363554798603
Calicalicus madagascariensis,2561,161,58.6780858784226
Calicalicus madagascariensis,2637,161,432.432672722725
Calicalicus madagascariensis,2678,161,0.275443051051259
Calicalicus madagascariensis,6959,161,5770.98429934675
Calicalicus madagascariensis,22501,161,506.523692399314
Calicalicus madagascariensis,22664,161,1363.63995657705
Calicalicus madagascariensis,22673,161,73.9629580870592
Calicalicus madagascariensis,22684,161,1.19820541345048
Calicalicus madagascariensis,22686,161,14.1752324262425
Calicalicus madagascariensis,22687,161,6.16665918636328
Calicalicus madagascariensis,22688,161,56.9979385032006
Calicalicus madagascariensis,22693,161,0.733449546446324
Calicalicus madagascariensis,22694,161,28.7773817194842
Calicalicus madagascariensis,22695,161,859.949368190404
Calicalicus madagascariensis,22697,161,0.274443535747349
Calicalicus madagascariensis,22698,161,0.548867488993049
Calicalicus madagascariensis,22704,161,10.6968829958997
Calicalicus madagascariensis,22705,161,2.55931186735427
Calicalicus madagascariensis,22708,161,1.37029047696173
Calicalicus madagascariensis,22709,161,107.010702178571
Calicalicus madagascariensis,22710,161,639.159561686217
Calicalicus madagascariensis,22711,161,19.437907051445
Calicalicus madagascariensis,22713,161,12.0410908559145
Calicalicus madagascariensis,22716,161,0.45585832220161
Calicalicus madagascariensis,22717,161,61.5307293035261
Calicalicus madagascariensis,22718,161,2.5515154922781
Calicalicus madagascariensis,22719,161,5.10222163080156
Calicalicus madagascariensis,22720,161,27.9623496702649
Calicalicus madagascariensis,22721,161,4.18998410252416
Calicalicus madagascariensis,22723,161,41.3435845824178
Calicalicus madagascariensis,22724,161,1.54801138759887
Calicalicus madagascariensis,22732,161,1.55032464307571
Calicalicus madagascariensis,22736,161,1.00823772702169
Calicalicus madagascariensis,22738,161,0.274976311198533
Calicalicus madagascariensis,22740,161,29.4125688188837
Calicalicus madagascariensis,4924,97,64.7813755391271
Calicalicus madagascariensis,22214,97,1.73570699889708
Calicalicus madagascariensis,13875,137,27.5139015001006
Calicalicus madagascariensis,13937,137,41.0293049223326
Calicalicus madagascariensis,14054,137,3.3134309653126
Calicalicus madagascariensis,14303,137,60.4348975659029
Calicalicus madagascariensis,14707,137,240.346898243405
Calicalicus madagascariensis,22433,137,17.1081231937802
Calicalicus madagascariensis,22480,137,26.5383701396017
Calicalicus madagascariensis,22632,137,21.5096479841157
Calicalicus madagascariensis,18238,148,0.620648212959528
Calicalicus madagascariensis,18254,148,0.265972006814122
Calicalicus madagascariensis,18278,148,0.709200345668078
Calicalicus madagascariensis,22554,148,138.846313450127
Calicalicus madagascariensis,22620,148,9.04229392746901
Calicalicus madagascariensis,22677,148,68.6631767822923
Calicalicus madagascariensis,4494,160,22.2892814174211
Calicalicus madagascariensis,4650,160,2.64969806134474
Calicalicus madagascariensis,4686,160,0.274089461484194
Calicalicus madagascariensis,4732,160,7.03479595916414
Calicalicus madagascariensis,4733,160,4.567756926453
Calicalicus madagascariensis,5187,160,0.365034251434088
Calicalicus madagascariensis,5220,160,277.350781846119
Calicalicus madagascariensis,5238,160,0.547426328327894
Calicalicus madagascariensis,5242,160,0.364942030489683
Calicalicus madagascariensis,5246,160,0.456175956650972
Calicalicus madagascariensis,21970,160,30.6135540736676
Calicalicus madagascariensis,22277,160,0.456749789226413
Calicalicus madagascariensis,22307,160,65.4491474751962
Calicalicus madagascariensis,22500,160,36.1603726523629
Calicalicus madagascariensis,22650,160,100.812835919068
Calicalicus madagascariensis,22729,160,13.1419768964566
Calicalicus madagascariensis,22730,160,0.273783886071086
Cheirogaleus crossleyi,62,13,176.131236664706
Cheirogaleus crossleyi,69,16,0.7341004570086
Cheirogaleus crossleyi,73,16,0.275287525101185
Cheirogaleus crossleyi,74,16,21.9288787984108
Cheirogaleus crossleyi,77,17,15.3223271836708
Cheirogaleus crossleyi,79,17,0.183486607864857
Cheirogaleus crossleyi,83,18,28.2538127147655
Cheirogaleus crossleyi,88,16,120.985064922109
Cheirogaleus crossleyi,98,101,29.7498920158133
Cheirogaleus crossleyi,99,22,12.0800389464626
Cheirogaleus crossleyi,122,26,3.10483766981149
Cheirogaleus crossleyi,124,26,36.0637816435398
Cheirogaleus crossleyi,125,27,31.6704292118388
Cheirogaleus crossleyi,128,28,34.5447816896857
Cheirogaleus crossleyi,131,30,27.787629126687
Cheirogaleus crossleyi,219,43,59.0116196877248
Cheirogaleus crossleyi,530,75,30.9497681570648
Cheirogaleus crossleyi,64,15,0.367143398642659
Cheirogaleus crossleyi,65,15,4.95616607062143
Cheirogaleus crossleyi,66,15,19.8205211282847
Cheirogaleus crossleyi,78,15,1.37619193792653
Cheirogaleus crossleyi,90,19,0.183394440543294
Cheirogaleus crossleyi,92,19,108.758498794638
Cheirogaleus crossleyi,217,41,29.7892689283643
Cheirogaleus crossleyi,296,49,45.3586244344044
Cheirogaleus crossleyi,308,49,0.179958904524803
Cheirogaleus crossleyi,315,49,2.87876883525968
Cheirogaleus crossleyi,318,49,0.899620833965421
Cheirogaleus crossleyi,323,49,0.269868277515173
Cheirogaleus crossleyi,365,49,33.0953660842072
Cheirogaleus crossleyi,687,91,34.594435199332
Cheirogaleus crossleyi,61,12,59.0016026439666
Cheirogaleus crossleyi,63,14,139.039608911375
Cheirogaleus crossleyi,94,21,283.56107549862
Cheirogaleus crossleyi,106,24,186.155109694681
Cheirogaleus crossleyi,107,24,31.2682529843551
Cheirogaleus major,1774,39,30.5703971828511
Cheirogaleus major,7,505,0.55664420881176
Cheirogaleus major,10,505,0.371099061261296
Cheirogaleus major,12,505,0.556625695955813
Cheirogaleus major,14,505,0.185535398295105
Cheirogaleus major,17,505,0.463806772104442
Cheirogaleus major,18,505,0.27827526928854
Cheirogaleus major,19,505,0.463781360735595
Cheirogaleus major,24,505,0.64914825101471
Cheirogaleus major,28,505,103.775520140199
Cheirogaleus major,14794,505,56.8711675529887
Cheirogaleus major,14819,639,38.3946948622806
Cheirogaleus major,14736,651,0.604549703200459
Cheirogaleus major,14747,651,0.777178853789091
Cheirogaleus major,14900,651,19.9515621485635
Cheirogaleus major,14896,652,27.2715936270507
Cheirogaleus major,14897,653,29.4123165165292
Cheirogaleus major,14898,654,29.3885406549345
Cheirogaleus major,14899,655,20.6592519148769
Cheirogaleus major,6864,618,78.5054384879867
Cheirogaleus major,1755,658,65.611862821471
Cheirogaleus major,14919,658,78.1021795350939
Cheirogaleus major,5218,662,0.812480411258936
Cheirogaleus major,14941,662,38.4612961439313
Cheirogaleus major,14944,662,0.180557963597178
Cheirogaleus major,14975,682,61.2124982058693
Cheirogaleus major,14894,656,6.56280253892302
Cheirogaleus major,14918,657,39.1360013945309
Cheirogaleus major,6504,660,0.179958904524803
Cheirogaleus major,6540,660,2.87876883525968
Cheirogaleus major,6544,660,0.899620833965421
Cheirogaleus major,6571,660,0.269868277515173
Cheirogaleus major,14956,660,45.3586244343983
Cheirogaleus major,14957,660,33.0953660842072
Cheirogaleus major,15062,708,52.0931107730117
Cheirogaleus major,15049,709,31.1097970257607
Cheirogaleus major,15050,709,29.6010280215059
Cheirogaleus major,15017,705,88.7755361952912
Cheirogaleus major,15067,710,29.8365955454182
Cheirogaleus major,14925,672,113.437646918732
Cheirogaleus major,14340,693,48.282664278709
Cheirogaleus major,177,10,128.592142873589
Cheirogaleus major,15096,10,293.443629027022
Cheirogaleus major,15098,10,0.645659265649438
Cheirogaleus major,802,725,0.4598808172791
Cheirogaleus major,958,725,1.3788789025259
Cheirogaleus major,1001,725,0.275749213988304
Cheirogaleus major,3518,725,5397.01938186764
Cheirogaleus major,15107,725,0.183579301166832
Cheirogaleus major,15109,725,0.733449546446324
Cheirogaleus major,15110,725,28.7773817194842
Cheirogaleus major,15111,725,859.949368190404
Cheirogaleus major,15113,725,0.274443535747349
Cheirogaleus major,15114,725,0.548867488993049
Cheirogaleus major,15119,725,0.182936229304552
Cheirogaleus major,15120,725,10.6968829958997
Cheirogaleus major,15124,725,1.37029047696173
Cheirogaleus major,15125,725,107.010702178571
Cheirogaleus major,15127,725,19.437907051445
Cheirogaleus major,15071,726,0.3690976892097
Cheirogaleus major,15094,726,21.3177359530671
Cheirogaleus major,15095,726,85.7023597338527
Cheirogaleus major,15097,726,16.2380797407103
Cheirogaleus major,15099,726,29.7890733494529
Cheirogaleus major,15102,727,14.1752324262425
Cheirogaleus major,15103,728,6.16665918636328
Cheirogaleus major,15104,729,56.9979385032006
Cheirogaleus major,15126,730,639.159561686217
Cheirogaleus major,15132,730,0.45585832220161
Cheirogaleus major,15133,730,61.5307293035261
Cheirogaleus major,15129,731,12.0410908559145
Cheirogaleus major,15134,732,2.5515154922781
Cheirogaleus major,15135,732,5.10222163080156
Cheirogaleus major,15136,733,27.9623496702649
Cheirogaleus major,15139,734,41.3435845824178
Cheirogaleus major,925,527,3.21760750335884
Cheirogaleus major,928,527,0.643524707942724
Cheirogaleus major,972,527,0.459616383672059
Cheirogaleus major,982,527,0.183841973942041
Cheirogaleus major,983,527,0.183840828700006
Cheirogaleus major,991,527,0.643432019172192
Cheirogaleus major,996,527,0.275752651619673
Cheirogaleus major,1014,527,0.367655302864194
Cheirogaleus major,1115,527,0.643082380221069
Cheirogaleus major,1116,527,0.459349671094894
Cheirogaleus major,1117,527,1.8373651948179
Cheirogaleus major,1126,527,0.367459639964223
Cheirogaleus major,1136,527,0.183724619395971
Cheirogaleus major,1137,527,0.275586929093957
Cheirogaleus major,1143,527,1.46972063059181
Cheirogaleus major,1144,527,0.275577679304183
Cheirogaleus major,1193,527,0.367363554798603
Cheirogaleus major,1216,527,44.3538334620849
Cheirogaleus major,1275,527,411.392875208295
Cheirogaleus major,1306,527,0.275443051051259
Cheirogaleus major,11325,673,0.265972006814122
Cheirogaleus major,14977,673,138.846313450127
Cheirogaleus major,15043,673,9.04229392746901
Cheirogaleus major,14926,712,506.523692399314
Cheirogaleus major,15089,712,73.9629580870592
Cheirogaleus major,15141,712,1.55032464307571
Cheirogaleus major,15149,712,29.4125688188837
Cheirogaleus major,15077,717,1040.44793403029
Cheirogaleus major,15078,717,85.6458207477265
Cheirogaleus major,15143,717,0.183394440543056
Cheirogaleus major,15145,717,1.00823772702169
Cheirogaleus major,15147,717,0.274976311198533
Cheirogaleus major,15093,724,68.6631767822923
Cheirogaleus medius,201,1755,0.18546587502265
Cheirogaleus medius,208,1755,6.4908973798604
Cheirogaleus medius,1468,137,3.13609989150357
Cheirogaleus medius,1714,159,3.31494256118995
Cheirogaleus medius,1731,159,0.184153996927738
Cheirogaleus medius,2018,187,6.2465929270333
Cheirogaleus medius,2043,189,7.44038904008657
Cheirogaleus medius,6929,2210,13.8476284396513
Cheirogaleus medius,7106,2210,0.455487860305786
Cheirogaleus medius,216,25,8.4370977335708
Cheirogaleus medius,223,25,0.185438309593201
Cheirogaleus medius,231,25,0.185425482894003
Cheirogaleus medius,20100,1437,68.4073900828574
Cheirogaleus medius,24022,2398,37.6497033879563
Cheirogaleus medius,24125,2442,44.4928427752445
Cheirogaleus medius,14476,2446,42.3362076362427
Cheirogaleus medius,4064,2465,19.2038282113973
Cheirogaleus medius,24222,2459,3.75955498127008
Cheirogaleus medius,4265,2345,22.2892814174211
Cheirogaleus medius,3866,2430,16.3740665150672
Cheirogaleus medius,24291,2467,112.468627701651
Cheirogaleus medius,222,26,0.463597745714188
Cheirogaleus medius,241,26,0.0927073077802658
Cheirogaleus medius,291,26,43.2038186617044
Cheirogaleus medius,312,33,21.0334598369182
Cheirogaleus medius,319,33,0.0926675960290432
Cheirogaleus medius,340,33,0.0926606114119887
Cheirogaleus medius,501,52,0.370271373195231
Cheirogaleus medius,503,52,0.462834125284791
Cheirogaleus medius,506,52,0.0925668250995874
Cheirogaleus medius,508,52,43.0377824654073
Cheirogaleus medius,509,52,0.18513059458977
Cheirogaleus medius,519,52,1.48074673073471
Cheirogaleus medius,520,52,1.66577102635694
Cheirogaleus medius,522,52,0.277623898765862
Cheirogaleus medius,527,52,0.277610584835947
Cheirogaleus medius,529,52,0.0925361785190701
Cheirogaleus medius,543,52,1.38815019469857
Cheirogaleus medius,24435,52,0.185083622752249
Cheirogaleus medius,145,2225,0.463806772104442
Cheirogaleus medius,152,2225,0.27827526928854
Cheirogaleus medius,155,2225,0.463781360735595
Cheirogaleus medius,171,2225,0.278243954662919
Cheirogaleus medius,184,2225,0.185478644791543
Cheirogaleus medius,189,2225,0.27820176096195
Cheirogaleus medius,193,2225,0.64914825101471
Cheirogaleus medius,204,2225,130.021860527528
Cheirogaleus medius,23917,2225,0.185474717534363
Cheirogaleus medius,24434,2484,26.7219759851387
Cheirogaleus medius,24454,2487,64.9869920614074
Cheirogaleus medius,24505,2491,36.3826787541578
Cheirogaleus medius,15044,2492,89.7882265229853
Cheirogaleus medius,24416,2478,14.876475508235
Cheirogaleus medius,11000,775,0.0905584602525234
Cheirogaleus medius,11064,775,0.0905447203236818
Cheirogaleus medius,11222,775,38.0240908844043
Cheirogaleus medius,11251,775,0.0905061372197867
Cheirogaleus medius,11270,775,3.07696966736627
Cheirogaleus medius,11275,775,0.723997986286044
Cheirogaleus medius,11319,775,0.361958205401897
Cheirogaleus medius,24531,775,0.452763459861636
Cheirogaleus medius,23134,1571,0.777178853789091
Cheirogaleus medius,24458,1571,0.604549703200817
Cheirogaleus medius,24602,1571,19.9515621485635
Cheirogaleus medius,23443,2496,29.4123165165292
Cheirogaleus medius,24600,2497,29.3885406549345
Cheirogaleus medius,24601,2498,20.6592519148769
Cheirogaleus medius,13577,949,0.0899370735929012
Cheirogaleus medius,13608,949,0.0899238860028982
Cheirogaleus medius,13611,949,0.449603298739433
Cheirogaleus medius,13612,949,0.359686745625973
Cheirogaleus medius,13622,949,0.0899194863940477
Cheirogaleus medius,13666,949,36.331879859746
Cheirogaleus medius,24533,949,0.0899312145228386
Cheirogaleus medius,24534,949,0.449634089967847
Cheirogaleus medius,24604,949,6.47518067736232
Cheirogaleus medius,24605,2505,78.5054384879867
Cheirogaleus medius,21539,2439,46.5723968884147
Cheirogaleus medius,14697,2507,3.3134309653126
Cheirogaleus medius,24603,2507,17.1081231937802
Cheirogaleus medius,24632,2508,43.0398890354153
Cheirogaleus medius,22941,2365,151.58511224908
Cheirogaleus medius,24513,2365,9.98819568180025
Cheirogaleus medius,24076,2509,45.1360753508905
Cheirogaleus medius,13787,2298,52.2268727901955
Cheirogaleus medius,24638,2298,0.0899356091371775
Cheirogaleus medius,24639,2298,0.0899341444739103
Cheirogaleus medius,24640,2298,0.0899326796025038
Cheirogaleus medius,24636,2512,39.1360013945309
Cheirogaleus medius,24637,2512,0.0899400018793345
Cheirogaleus medius,4255,338,0.0914152072403431
Cheirogaleus medius,4271,338,5.85033975470352
Cheirogaleus medius,4282,338,24.6792146248873
Cheirogaleus medius,4283,338,0.0914115014762879
Cheirogaleus medius,4347,338,2.65062070312488
Cheirogaleus medius,4355,338,0.0914028473147154
Cheirogaleus medius,4356,338,0.182805694629431
Cheirogaleus medius,4384,338,0.274192454328179
Cheirogaleus medius,4397,338,0.0913954212394953
Cheirogaleus medius,4405,338,0.0913941828228235
Cheirogaleus medius,24407,338,1.55373825480127
Cheirogaleus medius,16160,1115,137.443018218653
Cheirogaleus medius,4339,2510,1.0054375043211
Cheirogaleus medius,4379,2510,2.37624750380063
Cheirogaleus medius,4412,2510,0.182784649551272
Cheirogaleus medius,4428,2510,0.0913904663075209
Cheirogaleus medius,4434,2510,0.0913892270473242
Cheirogaleus medius,4435,2510,0.182778454094648
Cheirogaleus medius,4447,2510,7.67678403816092
Cheirogaleus medius,4545,2510,8.49783825707888
Cheirogaleus medius,4631,2510,0.274089461484194
Cheirogaleus medius,4643,2510,0.0913631538983583
Cheirogaleus medius,4695,2510,9.5018882179122
Cheirogaleus medius,4696,2510,4.567756926453
Cheirogaleus medius,4753,2510,0.0913494594436884
Cheirogaleus medius,23938,2510,0.0913643975844383
Cheirogaleus medius,24459,2510,0.456749789226413
Cheirogaleus medius,1435,129,0.3690976892097
Cheirogaleus medius,24653,129,16.2380797407103
Cheirogaleus medius,1479,138,11.0677904937422
Cheirogaleus medius,1484,138,43.8080324089263
Cheirogaleus medius,1658,156,1.19747486800301
Cheirogaleus medius,1662,156,0.368458156106472
Cheirogaleus medius,1663,156,4.97389831733626
Cheirogaleus medius,1664,156,4.23704192003936
Cheirogaleus medius,1666,156,32.5124332313215
Cheirogaleus medius,1682,156,1.93420808195144
Cheirogaleus medius,1695,156,2.39454998459649
Cheirogaleus medius,1712,156,31.4019956498247
Cheirogaleus medius,4961,355,64.7813755391271
Cheirogaleus medius,24399,355,1.73570699889708
Cheirogaleus medius,24400,355,0.0913507054476738
Cheirogaleus medius,24664,355,0.0913581770466566
Cheirogaleus medius,6428,426,1.73194615611374
Cheirogaleus medius,6522,426,3.09900984286463
Cheirogaleus medius,6578,426,0.729165010962606
Cheirogaleus medius,6594,426,0.638013784430742
Cheirogaleus medius,6667,426,371.738282145115
Cheirogaleus medius,24663,426,1.55032464307571
Cheirogaleus medius,20390,1482,7.62251941031325
Cheirogaleus medius,14658,2443,57.9536162531174
Cheirogaleus medius,24109,2443,21.5096479841157
Cheirogaleus medius,24645,2443,27.5139015001006
Cheirogaleus medius,15310,2444,468.355482097602
Cheirogaleus medius,24207,2456,41.6109267733939
Cheirogaleus medius,5270,2474,0.0912806047910452
Cheirogaleus medius,5608,2474,340.504619947821
Cheirogaleus medius,5609,2474,0.0912402507441044
Cheirogaleus medius,5616,2474,2.0072273404777
Cheirogaleus medius,5631,2474,0.364942030489683
Cheirogaleus medius,24494,2474,0.456175956650376
Cheirogaleus medius,24633,2474,36.1603726523629
Cheirogaleus medius,24656,2474,100.812835919068
Cheirogaleus medius,24657,2474,65.6316608163534
Cheirogaleus medius,24658,2474,0.0912755723267794
Cheirogaleus medius,24659,2474,0.0912743136838675
Cheirogaleus medius,24660,2474,0.0912730548305511
Cheirogaleus medius,24662,2474,0.0912604547177553
Cheirogaleus medius,24516,2493,16.8362046284112
Cheirogaleus medius,24517,2493,11.4830635166789
Cheirogaleus medius,24651,2493,5.43494208523166
Cinnyris notatus,892,74,0.370271373195231
Cinnyris notatus,894,74,0.462834125284791
Cinnyris notatus,898,74,0.0925668250995874
Cinnyris notatus,900,74,43.0377824654073
Cinnyris notatus,901,74,0.18513059458977
Cinnyris notatus,936,74,1.48074673073471
Cinnyris notatus,939,74,1.66577102635694
Cinnyris notatus,943,74,0.277623898765862
Cinnyris notatus,947,74,0.277610584835947
Cinnyris notatus,950,74,0.0925361785190701
Cinnyris notatus,1001,74,1.38815019469857
Cinnyris notatus,55071,74,0.185083622752249
Cinnyris notatus,606,201,43.2675847418705
Cinnyris notatus,614,201,0.0926675960290432
Cinnyris notatus,648,201,0.0926606114119887
Cinnyris notatus,670,201,0.0926476122773886
Cinnyris notatus,681,201,0.0926436052986383
Cinnyris notatus,54872,202,44.4928427752445
Cinnyris notatus,483,199,0.463597745714188
Cinnyris notatus,505,199,0.0927073077802658
Cinnyris notatus,578,199,43.2038186617044
Cinnyris notatus,310,130,0.55664420881176
Cinnyris notatus,326,130,0.371099061261296
Cinnyris notatus,331,130,0.556625695955813
Cinnyris notatus,348,130,0.185535398295105
Cinnyris notatus,359,130,0.463806772104442
Cinnyris notatus,374,130,0.27827526928854
Cinnyris notatus,380,130,0.463781360735595
Cinnyris notatus,407,130,0.278243954662919
Cinnyris notatus,427,130,0.185478644791543
Cinnyris notatus,434,130,0.27820176096195
Cinnyris notatus,438,130,0.64914825101471
Cinnyris notatus,448,130,0.18546587502265
Cinnyris notatus,453,130,130.021860527528
Cinnyris notatus,459,130,0.18545505566138
Cinnyris notatus,460,130,6.4908973798604
Cinnyris notatus,477,130,8.4370977335708
Cinnyris notatus,484,130,0.185438309593201
Cinnyris notatus,494,130,0.185425482894003
Cinnyris notatus,54683,130,0.185474717534363
Cinnyris notatus,55070,130,56.8711675529887
Cinnyris notatus,22813,58,0.0905584602525234
Cinnyris notatus,23012,58,0.0905447203236818
Cinnyris notatus,23490,58,38.0240908844043
Cinnyris notatus,23610,58,0.0905061372197867
Cinnyris notatus,23671,58,3.07696966736627
Cinnyris notatus,23686,58,0.723997986286044
Cinnyris notatus,23822,58,0.361958205401897
Cinnyris notatus,55228,58,0.452763459861636
Cinnyris notatus,54401,208,0.777178853789091
Cinnyris notatus,55118,208,0.604549703200817
Cinnyris notatus,55301,208,27.2715936270507
Cinnyris notatus,55302,208,29.4123165165292
Cinnyris notatus,55303,208,29.3885406549345
Cinnyris notatus,55304,208,20.6592519148769
Cinnyris notatus,55305,208,19.9515621485635
Cinnyris notatus,55324,210,78.5054384879867
Cinnyris notatus,31978,205,0.0899370735929012
Cinnyris notatus,32151,205,0.0899238860028982
Cinnyris notatus,32173,205,0.449603298739433
Cinnyris notatus,32174,205,0.359686745625973
Cinnyris notatus,32218,205,0.0899194863940477
Cinnyris notatus,32388,205,36.331879859746
Cinnyris notatus,55229,205,0.0899312145228386
Cinnyris notatus,55230,205,0.449634089967847
Cinnyris notatus,55323,205,6.47518067736232
Cinnyris notatus,32843,83,52.2268727901955
Cinnyris notatus,55468,83,39.1360013945309
Cinnyris notatus,55469,83,0.0899400018793345
Cinnyris notatus,55470,83,0.0899356091371775
Cinnyris notatus,55471,83,0.0899341444739103
Cinnyris notatus,55472,83,0.0899326796025038
Cinnyris notatus,10297,195,16.3740665150672
Cinnyris notatus,10699,195,19.2038282113973
Cinnyris notatus,55112,197,64.9869920614074
Cinnyris notatus,27456,214,0.812480411258936
Cinnyris notatus,55178,214,38.3946948622806
Cinnyris notatus,55361,214,38.4612961439313
Cinnyris notatus,55364,214,0.180557963597178
Cinnyris notatus,55398,214,61.2124982058693
Cinnyris notatus,55440,214,88.7755361952912
Cinnyris notatus,55497,214,29.8365955454182
Cinnyris notatus,31415,227,0.179958904524803
Cinnyris notatus,31581,227,2.87876883525968
Cinnyris notatus,31599,227,0.899620833965421
Cinnyris notatus,31702,227,0.269868277515173
Cinnyris notatus,55380,227,45.3586244343983
Cinnyris notatus,55381,227,33.0953660842072
Cinnyris notatus,55492,230,52.0931107730117
Cinnyris notatus,42907,123,119.998173175863
Cinnyris notatus,54567,219,48.282664278709
Cinnyris notatus,55345,220,113.437646918732
Cinnyris notatus,55483,224,31.1097970257607
Cinnyris notatus,55484,224,29.6010280215059
Cinnyris notatus,12297,155,64.7813755391271
Cinnyris notatus,55058,155,1.73570699889708
Cinnyris notatus,55059,155,0.0913507054476738
Cinnyris notatus,55579,155,0.0913581770466566
Cinnyris notatus,49523,180,41.6109267733939
Cinnyris notatus,1897,198,128.592142873589
Cinnyris notatus,55503,198,0.3690976892097
Cinnyris notatus,55532,198,21.3177359530671
Cinnyris notatus,55533,198,85.7023597338527
Cinnyris notatus,55534,198,293.443629027022
Cinnyris notatus,55535,198,16.2380797407103
Cinnyris notatus,55536,198,0.645659265649438
Cinnyris notatus,55537,198,29.7890733494529
Cinnyris notatus,4830,232,0.643524707942724
Cinnyris notatus,4971,232,0.459616383672059
Cinnyris notatus,5014,232,0.183841973942041
Cinnyris notatus,5036,232,0.643432019172192
Cinnyris notatus,5053,232,0.275752651619673
Cinnyris notatus,5101,232,0.367655302864194
Cinnyris notatus,5141,232,1.56243208603442
Cinnyris notatus,5142,232,0.275729722221732
Cinnyris notatus,5194,232,0.275717098941624
Cinnyris notatus,5222,232,0.275709061498523
Cinnyris notatus,5233,232,0.459508593737543
Cinnyris notatus,5261,232,0.45949710468936
Cinnyris notatus,5262,232,1.1946710927344
Cinnyris notatus,5291,232,0.183794934333146
Cinnyris notatus,5306,232,53.6769175645747
Cinnyris notatus,5315,232,3.21620605602419
Cinnyris notatus,5316,232,0.551364106284499
Cinnyris notatus,5342,232,1.10266377710527
Cinnyris notatus,5367,232,0.183781132994473
Cinnyris notatus,5368,232,0.367564567481756
Cinnyris notatus,5400,232,0.183777680330753
Cinnyris notatus,5413,232,0.551319225258708
Cinnyris notatus,5427,232,0.183773075227499
Cinnyris notatus,5440,232,1.10259928914046
Cinnyris notatus,5450,232,2.02137478975803
Cinnyris notatus,5451,232,0.826945434479237
Cinnyris notatus,5465,232,0.643170052255213
Cinnyris notatus,5478,232,0.183763859938979
Cinnyris notatus,5498,232,0.183761555059075
Cinnyris notatus,5499,232,1.65382056523675
Cinnyris notatus,5564,232,0.826825480994821
Cinnyris notatus,5636,232,0.459349671094894
Cinnyris notatus,5688,232,0.367459639964223
Cinnyris notatus,5725,232,0.183724619395971
Cinnyris notatus,5726,232,0.275586929093957
Cinnyris notatus,5751,232,1.46972063059181
Cinnyris notatus,5752,232,0.275577679304183
Cinnyris notatus,5971,232,0.367363554798603
Cinnyris notatus,6032,232,58.6780858784226
Cinnyris notatus,6212,232,432.432672722725
Cinnyris notatus,6316,232,0.275443051051259
Cinnyris notatus,19058,232,5770.98429934675
Cinnyris notatus,55346,232,506.523692399314
Cinnyris notatus,55512,232,1363.63995657705
Cinnyris notatus,55521,232,73.9629580870592
Cinnyris notatus,55538,232,1.19820541345048
Cinnyris notatus,55539,232,0.0921622935290933
Cinnyris notatus,55540,232,14.1752324262425
Cinnyris notatus,55541,232,6.16665918636328
Cinnyris notatus,55542,232,56.9979385032006
Cinnyris notatus,55543,232,0.0917925728403926
Cinnyris notatus,55544,232,0.0917925728403926
Cinnyris notatus,55545,232,0.183579301166832
Cinnyris notatus,55546,232,0.0917078834992647
Cinnyris notatus,55547,232,0.733449546446324
Cinnyris notatus,55548,232,28.7773817194842
Cinnyris notatus,55549,232,859.949368190404
Cinnyris notatus,55550,232,0.091498695497334
Cinnyris notatus,55551,232,0.274443535747349
Cinnyris notatus,55552,232,0.548867488993049
Cinnyris notatus,55553,232,0.0914766905790568
Cinnyris notatus,55554,232,0.0914754660792351
Cinnyris notatus,55555,232,0.0914742413685322
Cinnyris notatus,55556,232,0.0914693404175043
Cinnyris notatus,55557,232,0.182936229304552
Cinnyris notatus,55558,232,10.6968829958997
Cinnyris notatus,55559,232,2.55931186735427
Cinnyris notatus,55560,232,0.0913606658940315
Cinnyris notatus,55561,232,0.0913569323071241
Cinnyris notatus,55562,232,1.37029047696173
Cinnyris notatus,55563,232,107.010702178571
Cinnyris notatus,55564,232,639.159561686217
Cinnyris notatus,55565,232,19.437907051445
Cinnyris notatus,55566,232,0.0912351913300753
Cinnyris notatus,55567,232,12.0410908559145
Cinnyris notatus,55568,232,0.0911780408778191
Cinnyris notatus,55569,232,0.091176766028285
Cinnyris notatus,55570,232,0.45585832220161
Cinnyris notatus,55571,232,61.5307293035261
Cinnyris notatus,55572,232,2.5515154922781
Cinnyris notatus,55573,232,5.10222163080156
Cinnyris notatus,55574,232,27.9623496702649
Cinnyris notatus,55575,232,4.18998410252416
Cinnyris notatus,55576,232,0.0910818434472084
Cinnyris notatus,55577,232,41.3435845824178
Cinnyris notatus,55578,232,1.54801138759887
Cinnyris notatus,55580,232,1.55032464307571
Cinnyris notatus,55581,232,0.091701961597383
Cinnyris notatus,55582,232,0.183394440543056
Cinnyris notatus,55583,232,0.0916889148144126
Cinnyris notatus,55584,232,1.00823772702169
Cinnyris notatus,55585,232,0.091659167940259
Cinnyris notatus,55586,232,0.274976311198533
Cinnyris notatus,55587,232,0.0916579753180146
Cinnyris notatus,55588,232,29.4125688188837
Cinnyris notatus,36304,207,21.5096479841157
Cinnyris notatus,36451,207,55.5362709867372
Cinnyris notatus,36727,207,3.3134309653126
Cinnyris notatus,37246,207,69.5634544487439
Cinnyris notatus,37807,207,283.005746054807
Cinnyris notatus,38761,207,15.7305049810951
Cinnyris notatus,39151,207,53.0748970534302
Cinnyris notatus,40026,207,21.0801634665238
Cinnyris notatus,55278,207,17.1081231937802
Cinnyris notatus,55282,207,0.447673652347684
Cinnyris notatus,55332,207,26.5383701396017
Cinnyris notatus,55334,207,6.61121590080178
Cinnyris notatus,55478,207,27.5139015001006
Cinnyris notatus,45771,218,0.620648212959528
Cinnyris notatus,45809,218,0.265972006814122
Cinnyris notatus,45847,218,0.709200345668078
Cinnyris notatus,45886,218,0.177290677110672
Cinnyris notatus,55400,218,138.846313450127
Cinnyris notatus,55401,218,0.177275942426443
Cinnyris notatus,55402,218,0.177274304782152
Cinnyris notatus,55466,218,9.04229392746901
Cinnyris notatus,55525,218,68.6631767822923
Cinnyris notatus,11050,231,0.0914152072403431
Cinnyris notatus,11064,231,22.2892814174211
Cinnyris notatus,11071,231,5.85033975470352
Cinnyris notatus,11080,231,24.6792146248873
Cinnyris notatus,11081,231,0.0914115014762879
Cinnyris notatus,11160,231,1.0054375043211
Cinnyris notatus,11171,231,2.65062070312488
Cinnyris notatus,11183,231,0.0914028473147154
Cinnyris notatus,11184,231,0.182805694629431
Cinnyris notatus,11225,231,2.37624750380063
Cinnyris notatus,11234,231,0.274192454328179
Cinnyris notatus,11259,231,0.0913954212394953
Cinnyris notatus,11273,231,0.0913941828228235
Cinnyris notatus,11284,231,0.182784649551272
Cinnyris notatus,11311,231,0.0913904663075209
Cinnyris notatus,11322,231,0.0913892270473242
Cinnyris notatus,11323,231,0.182778454094648
Cinnyris notatus,11341,231,7.67678403816092
Cinnyris notatus,11510,231,8.49783825707888
Cinnyris notatus,11638,231,0.274089461484194
Cinnyris notatus,11664,231,0.0913631538983583
Cinnyris notatus,11760,231,9.5018882179122
Cinnyris notatus,11761,231,4.567756926453
Cinnyris notatus,11863,231,0.0913494594436884
Cinnyris notatus,12874,231,0.0912806047910452
Cinnyris notatus,13362,231,340.504619947821
Cinnyris notatus,13363,231,0.0912402507441044
Cinnyris notatus,13374,231,2.00722734047782
Cinnyris notatus,13395,231,0.364942030489683
Cinnyris notatus,13413,231,0.456175956650972
Cinnyris notatus,54730,231,0.0913643975844383
Cinnyris notatus,54747,231,37.6497033879563
Cinnyris notatus,55066,231,1.55373825480127
Cinnyris notatus,55121,231,0.456749789226413
Cinnyris notatus,55339,231,36.1603726523629
Cinnyris notatus,55498,231,100.812835919068
Cinnyris notatus,55526,231,65.6316608163534
Cinnyris notatus,55527,231,0.0912755723267794
Cinnyris notatus,55528,231,0.0912743136838675
Cinnyris notatus,55529,231,0.0912730548305511
Cinnyris notatus,55530,231,0.273783886071086
Cinnyris notatus,55531,231,0.0912604547177553
Copsychus albospecularis,4,1,0.64914825101471
Copsychus albospecularis,5,1,72.6104762396658
Copsychus albospecularis,9469,1,26.7219759851387
Copsychus albospecularis,9513,25,29.3885406549345
Copsychus albospecularis,9514,25,20.6592519148769
Copsychus albospecularis,3194,29,0.812480411258936
Copsychus albospecularis,9474,29,38.3946948622806
Copsychus albospecularis,9542,29,38.4612961439313
Copsychus albospecularis,9564,29,61.2124982058693
Copsychus albospecularis,9603,29,88.7755361952912
Copsychus albospecularis,9648,29,29.8365955454182
Copsychus albospecularis,3985,40,2.87876883525968
Copsychus albospecularis,3987,40,0.899620833965421
Copsychus albospecularis,4010,40,0.269868277515173
Copsychus albospecularis,9562,40,45.3586244343983
Copsychus albospecularis,9563,40,33.0953660842072
Copsychus albospecularis,9643,41,52.0931107730117
Copsychus albospecularis,6111,31,0.356448453989983
Copsychus albospecularis,6505,31,68.542247589293
Copsychus albospecularis,9662,31,40.1722469238046
Copsychus albospecularis,9204,36,48.282664278709
Copsychus albospecularis,9638,38,31.1097970257607
Copsychus albospecularis,9639,38,29.6010280215059
Copsychus albospecularis,95,3,128.592142873589
Copsychus albospecularis,9682,3,21.3177359530671
Copsychus albospecularis,9683,3,59.0435772412643
Copsychus albospecularis,9684,3,293.443629027022
Copsychus albospecularis,9685,3,0.645659265649438
Copsychus albospecularis,9686,3,29.7890733494529
Copsychus albospecularis,293,42,1.74986507844758
Copsychus albospecularis,497,42,1.65325307838088
Copsychus albospecularis,508,42,0.367363554798603
Copsychus albospecularis,521,42,29.9356861212078
Copsychus albospecularis,551,42,365.543285326059
Copsychus albospecularis,564,42,0.275443051051259
Copsychus albospecularis,1923,42,5703.74390522947
Copsychus albospecularis,9527,42,506.523692399314
Copsychus albospecularis,9654,42,1012.80643759789
Copsychus albospecularis,9656,42,214.937875598836
Copsychus albospecularis,9665,42,73.9629580870592
Copsychus albospecularis,9687,42,1.19820541345048
Copsychus albospecularis,9689,42,14.1752324262425
Copsychus albospecularis,9690,42,6.16665918636328
Copsychus albospecularis,9691,42,56.9979385032006
Copsychus albospecularis,9696,42,0.733449546446324
Copsychus albospecularis,9697,42,28.7773817194842
Copsychus albospecularis,9698,42,859.949368190404
Copsychus albospecularis,9700,42,0.274443535747349
Copsychus albospecularis,9701,42,0.548867488993049
Copsychus albospecularis,9707,42,10.6968829958997
Copsychus albospecularis,9708,42,2.55931186735427
Copsychus albospecularis,9711,42,1.37029047696173
Copsychus albospecularis,9712,42,107.010702178571
Copsychus albospecularis,9713,42,639.159561686217
Copsychus albospecularis,9714,42,19.437907051445
Copsychus albospecularis,9716,42,12.0410908559145
Copsychus albospecularis,9719,42,0.45585832220161
Copsychus albospecularis,9720,42,61.5307293035261
Copsychus albospecularis,9721,42,2.5515154922781
Copsychus albospecularis,9722,42,5.10222163080156
Copsychus albospecularis,9723,42,27.9623496702649
Copsychus albospecularis,9724,42,4.18998410252416
Copsychus albospecularis,9726,42,41.3435845824178
Copsychus albospecularis,9727,42,1.54801138759887
Copsychus albospecularis,9728,42,1.55032464307571
Copsychus albospecularis,9732,42,1.00823772702169
Copsychus albospecularis,9734,42,0.274976311198533
Copsychus albospecularis,9736,42,29.4125688188837
Copsychus albospecularis,7065,32,0.620648212959528
Copsychus albospecularis,7072,32,0.265972006814122
Copsychus albospecularis,7087,32,0.709200345668078
Copsychus albospecularis,9579,32,138.846313450127
Copsychus albospecularis,9629,32,9.04229392746901
Copsychus albospecularis,9681,32,68.6631767822923
Coracopsis nigra,65,1,130.021860527528
Coracopsis nigra,66,1,6.4908973798604
Coracopsis nigra,68,1,8.4370977335708
Coracopsis nigra,91,1,43.2675847418705
Coracopsis nigra,7612,1,56.8711675529887
Coracopsis nigra,7654,17,64.9869920614074
Coracopsis nigra,7412,20,44.4928427752445
Coracopsis nigra,7843,20,27.2715936270507
Coracopsis nigra,7844,20,29.4123165165292
Coracopsis nigra,7845,20,29.3885406549345
Coracopsis nigra,7846,20,20.6592519148769
Coracopsis nigra,7847,20,19.9515621485635
Coracopsis nigra,7866,21,78.5054384879867
Coracopsis nigra,6374,9,2.17984381179476
Coracopsis nigra,6415,9,1.39385740344095
Coracopsis nigra,6420,9,118.514144622728
Coracopsis nigra,6627,9,1.47393099119139
Coracopsis nigra,6654,9,11.0948326900705
Coracopsis nigra,6823,9,101.586314517297
Coracopsis nigra,7256,9,1.13414415884197
Coracopsis nigra,7257,9,256.826351227335
Coracopsis nigra,7301,9,45.1360753508905
Coracopsis nigra,7595,9,14.876475508235
Coracopsis nigra,7731,9,25.3907382257994
Coracopsis nigra,7733,9,9.98819568180025
Coracopsis nigra,3674,12,36.331879859746
Coracopsis nigra,3717,12,52.2268727901955
Coracopsis nigra,7865,12,6.47518067736232
Coracopsis nigra,8015,12,39.1360013945309
Coracopsis nigra,3597,27,2.87876883525968
Coracopsis nigra,7712,29,38.3946948622806
Coracopsis nigra,7910,29,38.8224120711257
Coracopsis nigra,7928,27,45.3586244343983
Coracopsis nigra,7929,27,33.0953660842072
Coracopsis nigra,7946,29,61.2124982058693
Coracopsis nigra,7988,29,88.7755361952912
Coracopsis nigra,8072,27,52.0931107730117
Coracopsis nigra,8077,29,29.8365955454182
Coracopsis nigra,5136,13,137.443018218653
Coracopsis nigra,8030,22,31.1097970257607
Coracopsis nigra,8031,22,29.6010280215059
Coracopsis nigra,7887,23,113.437646918732
Coracopsis nigra,1693,15,64.7813755391271
Coracopsis nigra,7580,15,1.73570699889708
Coracopsis nigra,1451,16,16.3740665150672
Coracopsis nigra,1501,16,19.2038282113973
Coracopsis nigra,1545,16,2.46812535342741
Coracopsis nigra,1551,16,16.0871950112846
Coracopsis nigra,1569,16,1.18809712456632
Coracopsis nigra,1570,16,9.23022386336541
Coracopsis nigra,1577,16,4.38649564416385
Coracopsis nigra,1605,16,8.86332816260099
Coracopsis nigra,1606,16,22.2892814174211
Coracopsis nigra,1625,16,9.5018882179122
Coracopsis nigra,1626,16,4.567756926453
Coracopsis nigra,1840,16,188.020451602363
Coracopsis nigra,7684,16,65.4491474751962
Coracopsis nigra,7894,16,36.1603726523629
Coracopsis nigra,8078,16,100.812835919068
Coracopsis nigra,8080,16,50.5501472631837
Coracopsis nigra,8159,16,13.1419768964566
Coracopsis nigra,361,18,128.592142873589
Coracopsis nigra,786,18,1.56243208603442
Coracopsis nigra,803,18,1.1946710927344
Coracopsis nigra,811,18,53.6769175645747
Coracopsis nigra,813,18,3.21620605602419
Coracopsis nigra,816,18,1.10266377710527
Coracopsis nigra,827,18,1.10259928914046
Coracopsis nigra,829,18,2.02137478975803
Coracopsis nigra,832,18,1.65382056523675
Coracopsis nigra,863,18,1.46972063059181
Coracopsis nigra,889,18,58.6780858784226
Coracopsis nigra,915,18,432.432672722725
Coracopsis nigra,2388,18,5770.98429934675
Coracopsis nigra,7895,18,506.523692399314
Coracopsis nigra,8093,18,1363.63995657705
Coracopsis nigra,8103,18,73.9629580870592
Coracopsis nigra,8108,18,21.3177359530671
Coracopsis nigra,8109,18,85.7023597338527
Coracopsis nigra,8110,18,293.443629027022
Coracopsis nigra,8111,18,16.2380797407103
Coracopsis nigra,8113,18,29.7890733494529
Coracopsis nigra,8114,18,1.19820541345048
Coracopsis nigra,8116,18,14.1752324262425
Coracopsis nigra,8117,18,6.16665918636328
Coracopsis nigra,8118,18,56.9979385032006
Coracopsis nigra,8124,18,28.7773817194842
Coracopsis nigra,8125,18,859.949368190404
Coracopsis nigra,8134,18,10.6968829958997
Coracopsis nigra,8135,18,2.55931186735427
Coracopsis nigra,8138,18,1.37029047696173
Coracopsis nigra,8139,18,107.010702178571
Coracopsis nigra,8140,18,639.159561686217
Coracopsis nigra,8141,18,19.437907051445
Coracopsis nigra,8143,18,12.0410908559145
Coracopsis nigra,8147,18,61.5307293035261
Coracopsis nigra,8148,18,2.5515154922781
Coracopsis nigra,8149,18,5.10222163080156
Coracopsis nigra,8150,18,27.9623496702649
Coracopsis nigra,8151,18,4.18998410252416
Coracopsis nigra,8153,18,41.3435845824178
Coracopsis nigra,8154,18,1.54801138759887
Coracopsis nigra,8162,18,1.55032464307571
Coracopsis nigra,8166,18,1.00823772702169
Coracopsis nigra,8170,18,29.4125688188837
Coracopsis nigra,6102,19,7.62251941031325
Coracopsis nigra,6232,19,46.5723968884147
Coracopsis nigra,7408,19,41.6109267733939
Coracopsis nigra,7409,19,48.408552922966
Coracopsis nigra,7611,19,22.0549396073767
Coracopsis nigra,7729,19,36.3826787541578
Coracopsis nigra,7744,19,16.8362046284112
Coracopsis nigra,7745,19,11.4830635166789
Coracopsis nigra,8064,19,5.43494208523166
Coracopsis nigra,7948,25,138.846313450127
Coracopsis nigra,8014,25,9.04229392746901
Coracopsis nigra,8107,25,68.6631767822923
Coracopsis nigra,4044,28,42.3362076362427
Coracopsis nigra,4171,28,21.5096479841157
Coracopsis nigra,4190,28,55.5362709867372
Coracopsis nigra,4226,28,3.3134309653126
Coracopsis nigra,4302,28,69.5634544487439
Coracopsis nigra,4771,28,449.033259297131
Coracopsis nigra,7822,28,17.1081231937802
Coracopsis nigra,7875,28,26.5383701396017
Coracopsis nigra,8025,28,27.5139015001006
Corythornis madagascariensis,36,1,130.021860527528
Corythornis madagascariensis,37,1,6.4908973798604
Corythornis madagascariensis,39,1,8.4370977335708
Corythornis madagascariensis,84,1,43.4528749465152
Corythornis madagascariensis,4689,1,56.8711675529887
Corythornis madagascariensis,4898,25,27.2715936270507
Corythornis madagascariensis,4899,25,29.4123165165292
Corythornis madagascariensis,4900,25,29.3885406549345
Corythornis madagascariensis,4901,25,20.6592519148769
Corythornis madagascariensis,4902,25,19.9515621485635
Corythornis madagascariensis,2500,13,78.5054384879867
Corythornis madagascariensis,3513,9,69.920279126314
Corythornis madagascariensis,2479,31,2.87876883525968
Corythornis madagascariensis,4969,31,45.3586244343983
Corythornis madagascariensis,4970,31,33.0953660842072
Corythornis madagascariensis,5068,31,52.0931107730117
Corythornis madagascariensis,4786,33,38.3946948622806
Corythornis madagascariensis,4951,33,38.8224120711257
Corythornis madagascariensis,4987,33,61.2124982058693
Corythornis madagascariensis,5029,33,88.7755361952912
Corythornis madagascariensis,5073,33,29.8365955454182
Corythornis madagascariensis,4928,29,113.437646918732
Corythornis madagascariensis,1094,21,16.3740665150672
Corythornis madagascariensis,1141,21,19.2038282113973
Corythornis madagascariensis,1182,21,22.2892814174211
Corythornis madagascariensis,1183,21,24.6792146248873
Corythornis madagascariensis,1193,21,2.83342021114933
Corythornis madagascariensis,1206,21,4.38649564416385
Corythornis madagascariensis,1211,21,8.86332816260099
Corythornis madagascariensis,1253,21,9.5018882179122
Corythornis madagascariensis,1254,21,4.567756926453
Corythornis madagascariensis,1393,21,277.350781846119
Corythornis madagascariensis,4481,21,30.6135540736676
Corythornis madagascariensis,4510,21,2.46812535342705
Corythornis madagascariensis,4758,21,65.4491474751962
Corythornis madagascariensis,4935,21,36.1603726523629
Corythornis madagascariensis,5074,21,100.812835919068
Corythornis madagascariensis,5151,21,13.1419768964566
Corythornis madagascariensis,277,22,128.592142873589
Corythornis madagascariensis,585,22,1.56243208603442
Corythornis madagascariensis,601,22,53.6769175645747
Corythornis madagascariensis,602,22,3.21620605602419
Corythornis madagascariensis,615,22,2.02137478975803
Corythornis madagascariensis,617,22,1.65382056523675
Corythornis madagascariensis,641,22,1.46972063059181
Corythornis madagascariensis,663,22,58.6780858784226
Corythornis madagascariensis,683,22,432.432672722725
Corythornis madagascariensis,1733,22,5770.98429934675
Corythornis madagascariensis,4936,22,506.523692399314
Corythornis madagascariensis,5088,22,1363.63995657705
Corythornis madagascariensis,5096,22,73.9629580870592
Corythornis madagascariensis,5101,22,21.3177359530671
Corythornis madagascariensis,5102,22,85.7023597338527
Corythornis madagascariensis,5103,22,293.443629027022
Corythornis madagascariensis,5104,22,16.2380797407103
Corythornis madagascariensis,5106,22,29.7890733494529
Corythornis madagascariensis,5109,22,14.1752324262425
Corythornis madagascariensis,5110,22,6.16665918636328
Corythornis madagascariensis,5111,22,56.9979385032006
Corythornis madagascariensis,5117,22,28.7773817194842
Corythornis madagascariensis,5118,22,859.949368190404
Corythornis madagascariensis,5127,22,10.6968829958997
Corythornis madagascariensis,5128,22,2.55931186735427
Corythornis madagascariensis,5132,22,107.010702178571
Corythornis madagascariensis,5133,22,639.159561686217
Corythornis madagascariensis,5134,22,19.437907051445
Corythornis madagascariensis,5136,22,12.0410908559145
Corythornis madagascariensis,5140,22,61.5307293035261
Corythornis madagascariensis,5141,22,2.5515154922781
Corythornis madagascariensis,5142,22,5.10222163080156
Corythornis madagascariensis,5143,22,27.9623496702649
Corythornis madagascariensis,5144,22,4.18998410252416
Corythornis madagascariensis,5146,22,41.3435845824178
Corythornis madagascariensis,5147,22,1.54801138759887
Corythornis madagascariensis,5154,22,1.55032464307571
Corythornis madagascariensis,5162,22,29.4125688188837
Corythornis madagascariensis,2862,24,27.5139015001006
Corythornis madagascariensis,2877,24,41.0293049223326
Corythornis madagascariensis,2892,24,40.9179544183666
Corythornis madagascariensis,2900,24,3.3134309653126
Corythornis madagascariensis,3041,24,227.815236638844
Corythornis madagascariensis,4882,24,13.8841261984153
Corythornis madagascariensis,5059,24,5.19750467449212
Corythornis madagascariensis,4989,32,138.846313450127
Corythornis madagascariensis,5055,32,9.04229392746901
Corythornis madagascariensis,5100,32,68.6631767822923
Coua caerulea,311,9,2.87876883525968
Coua caerulea,903,9,45.3586244343983
Coua caerulea,904,9,33.0953660842072
Coua caerulea,962,9,52.0931107730117
Coua caerulea,921,10,61.2124982058693
Coua caerulea,940,10,88.7755361952912
Coua caerulea,971,10,29.8365955454182
Coua caerulea,6,2,108.658357874578
Coua caerulea,10,2,255.445068184015
Coua caerulea,15,2,4.05232580194205
Coua caerulea,25,2,87.891058647152
Coua caerulea,48,2,3.30296723872137
Coua caerulea,120,2,73.9629580870592
Coua caerulea,121,2,5383.89539397953
Coua caerulea,891,2,124.607512315049
Coua caerulea,977,2,124.849179846295
Coua caerulea,981,2,1349.87948453162
Coua caerulea,987,2,21.3177359530671
Coua caerulea,988,2,85.7023597338527
Coua caerulea,989,2,16.2380797407103
Coua caerulea,990,2,29.7890733494529
Coua caerulea,991,2,29.4125688188837
Coua caerulea,993,2,5.25313743514037
Coua caerulea,995,2,14.1752324262425
Coua caerulea,996,2,6.16665918636328
Coua caerulea,997,2,56.9979385032006
Coua caerulea,1003,2,28.7773817194842
Coua caerulea,1004,2,859.949368190404
Coua caerulea,1013,2,10.6968829958997
Coua caerulea,1014,2,2.55931186735427
Coua caerulea,1018,2,107.010702178571
Coua caerulea,1019,2,639.159561686217
Coua caerulea,1020,2,19.437907051445
Coua caerulea,1022,2,12.0410908559145
Coua caerulea,1026,2,61.5307293035261
Coua caerulea,1027,2,2.5515154922781
Coua caerulea,1028,2,5.10222163080156
Coua caerulea,1029,2,27.9623496702649
Coua caerulea,1030,2,4.18998410252416
Coua caerulea,1032,2,41.3435845824178
Coua caerulea,939,8,138.846313450127
Coua caerulea,960,8,9.04229392746901
Coua caerulea,986,8,57.9452893114559
Coua coquereli,2201,4,68.4073900828574
Coua coquereli,2586,11,64.9869920614074
Coua coquereli,2686,14,78.5054384879867
Coua coquereli,2018,9,2.73910567240655
Coua coquereli,2066,9,354.116732481142
Coua coquereli,2713,9,17.5870851484947
Coua coquereli,2714,9,2.03225787389851
Coua coquereli,1489,8,36.331879859746
Coua coquereli,1510,8,52.2268727901955
Coua coquereli,2685,8,6.47518067736232
Coua coquereli,2717,8,39.1360013945309
Coua coquereli,1820,15,137.443018218653
Coua coquereli,534,10,64.7813755391271
Coua coquereli,2571,10,1.73570699889708
Coua coquereli,345,13,16.3740665150672
Coua coquereli,388,13,19.2038282113973
Coua coquereli,435,13,22.2892814174211
Coua coquereli,436,13,5.85033975470352
Coua coquereli,438,13,24.6792146248873
Coua coquereli,446,13,2.83342021114933
Coua coquereli,452,13,2.37624750380063
Coua coquereli,461,13,7.67678403816092
Coua coquereli,465,13,8.86332816260099
Coua coquereli,498,13,9.5018882179122
Coua coquereli,499,13,4.567756926453
Coua coquereli,625,13,340.504619947821
Coua coquereli,626,13,2.0072273404777
Coua coquereli,2346,13,37.6497033879563
Coua coquereli,2579,13,1.55373825480127
Coua coquereli,2716,13,36.1603726523629
Coua coquereli,2725,13,100.812835919068
Coua coquereli,2726,13,65.6316608163534
Coua coquereli,1573,16,42.3362076362427
Coua coquereli,1595,16,57.9536162531174
Coua coquereli,1600,16,3.3134309653126
Coua coquereli,1640,16,89.7882265229853
Coua coquereli,1674,16,468.355482097602
Coua coquereli,2371,16,21.5096479841157
Coua coquereli,2435,16,3.75955498127008
Coua coquereli,2684,16,17.1081231937802
Coua coquereli,2715,16,43.0398890354153
Coua coquereli,2724,16,27.5139015001006
Coua cristata,51,1,130.021860527528
Coua cristata,52,1,6.4908973798604
Coua cristata,54,1,8.4370977335708
Coua cristata,105,1,43.4528749465152
Coua cristata,4547,1,56.8711675529887
Coua cristata,4572,19,64.9869920614074
Coua cristata,4337,22,44.4928427752445
Coua cristata,4728,22,27.2715936270507
Coua cristata,4729,22,29.4123165165292
Coua cristata,4730,22,29.3885406549345
Coua cristata,4731,22,20.6592519148769
Coua cristata,4732,22,19.9515621485635
Coua cristata,4749,24,78.5054384879867
Coua cristata,2442,11,36.331879859746
Coua cristata,2472,11,52.2268727901955
Coua cristata,4748,11,6.47518067736232
Coua cristata,4889,11,39.1360013945309
Coua cristata,3944,21,9.98819568180025
Coua cristata,3971,21,7.36721759575951
Coua cristata,3979,21,12.0483039035151
Coua cristata,4028,21,445.611096910782
Coua cristata,4274,21,17.8876522784661
Coua cristata,4281,21,45.1360753508905
Coua cristata,4319,21,51.2694713964937
Coua cristata,4794,21,5.23129722183871
Coua cristata,2390,29,2.87876883525968
Coua cristata,4820,29,45.3586244343983
Coua cristata,4821,29,33.0953660842072
Coua cristata,4937,29,52.0931107730117
Coua cristata,4838,31,61.2124982058693
Coua cristata,4874,31,88.7755361952912
Coua cristata,4939,31,29.8365955454182
Coua cristata,3149,23,137.443018218653
Coua cristata,3178,25,113.259438465062
Coua cristata,3418,13,19.2725371855396
Coua cristata,3633,13,76.4973862589936
Coua cristata,3704,13,4.81889021306848
Coua cristata,3768,13,46.5723968884147
Coua cristata,4334,13,42.4890235274736
Coua cristata,4376,13,7.50890607225883
Coua cristata,4429,13,2.12150208466887
Coua cristata,4434,13,18.6823267181581
Coua cristata,4436,13,13.0307413413469
Coua cristata,4437,13,3.87195306908155
Coua cristata,4438,13,6.06907414019537
Coua cristata,4641,13,36.3826787541578
Coua cristata,4646,13,16.8362046284112
Coua cristata,4647,13,11.4830635166789
Coua cristata,4648,13,9.25706128804803
Coua cristata,4651,13,4.31856011909986
Coua cristata,4653,13,2.02272765648687
Coua cristata,4791,13,16.0848499706674
Coua cristata,4792,13,2.03225787389851
Coua cristata,4933,13,5.43494208523166
Coua cristata,1361,14,64.7813755391271
Coua cristata,4532,14,1.73570699889708
Coua cristata,1179,17,16.3740665150672
Coua cristata,1224,17,2.19464777098459
Coua cristata,1231,17,12.894550309714
Coua cristata,1301,17,2.64969806134474
Coua cristata,1314,17,7.03479595916414
Coua cristata,1316,17,4.567756926453
Coua cristata,1326,17,9.04258868397665
Coua cristata,1425,17,31.0315972086302
Coua cristata,1452,17,65.4491474751962
Coua cristata,4614,17,81.3668221959746
Coua cristata,4796,17,36.1603726523629
Coua cristata,4965,17,13.1419768964566
Coua cristata,328,18,128.592142873589
Coua cristata,674,18,1.56243208603442
Coua cristata,683,18,1.1946710927344
Coua cristata,688,18,53.6769175645747
Coua cristata,689,18,3.21620605602419
Coua cristata,692,18,1.10266377710527
Coua cristata,701,18,1.10259928914046
Coua cristata,703,18,2.02137478975803
Coua cristata,706,18,1.65382056523675
Coua cristata,733,18,1.46972063059181
Coua cristata,756,18,58.6780858784226
Coua cristata,769,18,432.432672722725
Coua cristata,1692,18,5533.03870007706
Coua cristata,4797,18,31.4878831114368
Coua cristata,4799,18,443.456643051625
Coua cristata,4952,18,1363.63995657705
Coua cristata,4961,18,73.9629580870592
Coua cristata,4968,18,21.3177359530671
Coua cristata,4969,18,85.7023597338527
Coua cristata,4970,18,293.443629027022
Coua cristata,4971,18,16.2380797407103
Coua cristata,4973,18,29.7890733494529
Coua cristata,4974,18,1.19820541345048
Coua cristata,4976,18,7.91582309377038
Coua cristata,4977,18,56.9979385032006
Coua cristata,4983,18,28.7773817194842
Coua cristata,4984,18,859.949368190404
Coua cristata,4993,18,10.6968829958997
Coua cristata,4994,18,2.55931186735427
Coua cristata,4997,18,1.37029047696173
Coua cristata,4998,18,107.010702178571
Coua cristata,4999,18,639.159561686217
Coua cristata,5000,18,19.437907051445
Coua cristata,5002,18,12.0410908559145
Coua cristata,5006,18,61.5307293035261
Coua cristata,5007,18,2.5515154922781
Coua cristata,5008,18,5.10222163080156
Coua cristata,5009,18,27.9623496702649
Coua cristata,5010,18,4.18998410252416
Coua cristata,5012,18,41.3435845824178
Coua cristata,5013,18,1.54801138759887
Coua cristata,5015,18,1.55032464307571
Coua cristata,5023,18,29.4125688188837
Coua cristata,2594,32,16.1479318826332
Coua cristata,2712,32,21.5096479841157
Coua cristata,2723,32,55.5362709867372
Coua cristata,2739,32,3.3134309653126
Coua cristata,2777,32,69.5634544487439
Coua cristata,2926,32,449.033259297131
Coua cristata,4711,32,17.1081231937802
Coua cristata,4758,32,26.5383701396017
Coua cristata,4899,32,27.5139015001006
Coua cursor,211,4,9.79969941269683
Coua cursor,220,4,7.36721759575951
Coua cursor,222,4,12.0483039035151
Coua cursor,286,4,151.58511224908
Coua cursor,455,4,17.8876522784661
Coua cursor,462,4,45.1360753508905
Coua cursor,489,4,409.094188525743
Coua cursor,555,4,14.876475508235
Coua cursor,562,4,9.98819568180025
Coua cursor,88,3,13.1672804516124
Coua cursor,136,3,433.103828882698
Coua cursor,139,3,7.62251941031325
Coua cursor,172,3,46.5723968884147
Coua cursor,505,3,1.94182639975023
Coua cursor,506,3,43.5541700668897
Coua cursor,507,3,2.02803748513663
Coua cursor,508,3,2.11576712074435
Coua cursor,512,3,42.4890235274736
Coua cursor,547,3,13.0307413413469
Coua cursor,548,3,3.87195306908155
Coua cursor,549,3,6.06907414019537
Coua cursor,550,3,112.468627701651
Coua cursor,557,3,36.3826787541578
Coua cursor,565,3,16.8362046284112
Coua cursor,566,3,11.4830635166789
Coua cursor,575,3,9.25706128804803
Coua cursor,578,3,4.31856011909986
Coua cursor,580,3,2.02272765648687
Coua cursor,590,3,15.2003871725972
Coua cursor,591,3,2.03225787389851
Coua cursor,620,3,5.43494208523166
Coua gigas,138,3,16.3740665150672
Coua gigas,150,3,19.2038282113973
Coua gigas,159,3,5.85033975470436
Coua gigas,160,3,16.0871950112846
Coua gigas,168,3,4.38649564416385
Coua gigas,169,3,8.86332816260146
Coua gigas,180,3,9.5018882179122
Coua gigas,181,3,4.567756926453
Coua gigas,186,3,9.04258868397665
Coua gigas,228,3,260.626970439173
Coua gigas,1324,3,59.2635538920963
Coua gigas,1457,3,36.1603726523629
Coua gigas,1473,3,65.6316608163534
Coua gigas,540,4,36.331879859746
Coua gigas,547,4,52.2268727901955
Coua gigas,568,4,42.3362076362427
Coua gigas,578,4,57.9536162531174
Coua gigas,580,4,3.3134309653126
Coua gigas,591,4,89.7882265229853
Coua gigas,606,4,468.355482097602
Coua gigas,1059,4,21.5096479841157
Coua gigas,1127,4,3.75955498127008
Coua gigas,1423,4,17.1081231937802
Coua gigas,1424,4,6.47518067736232
Coua gigas,1425,4,78.5054384879867
Coua gigas,1456,4,43.0398890354153
Coua gigas,1458,4,39.1360013945309
Coua gigas,1465,4,27.5139015001006
Coua gigas,784,5,13.1672804516124
Coua gigas,872,5,126.208445257514
Coua gigas,884,5,7.62251941031325
Coua gigas,933,5,46.5723968884147
Coua gigas,964,5,151.58511224908
Coua gigas,1004,5,17.8876522784661
Coua gigas,1046,5,45.1360753508905
Coua gigas,1050,5,401.46151615565
Coua gigas,1107,5,29.0032743569901
Coua gigas,1112,5,42.4890235274736
Coua gigas,1158,5,201.007449783058
Coua gigas,1169,5,13.0307413413469
Coua gigas,1170,5,3.87195306908155
Coua gigas,1171,5,6.06907414019537
Coua gigas,1172,5,112.468627701651
Coua gigas,1270,5,14.876475508235
Coua gigas,1333,5,36.3826787541578
Coua gigas,1338,5,9.98819568180025
Coua gigas,1341,5,16.8362046284112
Coua gigas,1342,5,11.4830635166789
Coua gigas,1351,5,9.25706128804803
Coua gigas,1354,5,4.31856011909986
Coua gigas,1452,5,17.4103685992625
Coua gigas,1455,5,5.23129722183871
Coua gigas,1472,5,5.43494208523166
Coua reynaudii,805,4,34.7582642065362
Coua reynaudii,809,4,61.2124982058693
Coua reynaudii,835,4,88.7755361952912
Coua reynaudii,852,4,29.8365955454182
Coua reynaudii,7,2,51.7890604442961
Coua reynaudii,21,2,38.0976185701168
Coua reynaudii,24,2,27.6738798421324
Coua reynaudii,47,2,100.250169065042
Coua reynaudii,49,2,40.2587459644453
Coua reynaudii,54,2,312.316735032405
Coua reynaudii,58,2,56.9979385031933
Coua reynaudii,59,2,6.25186649493766
Coua reynaudii,64,2,767.142010216208
Coua reynaudii,86,2,65.1697736575992
Coua reynaudii,90,2,2469.63112688361
Coua reynaudii,94,2,10.6968829958979
Coua reynaudii,97,2,758.813757745972
Coua reynaudii,101,2,3.46533733650792
Coua reynaudii,103,2,371.648342064936
Coua reynaudii,104,2,124.607512315049
Coua reynaudii,107,2,3.82909888804102
Coua reynaudii,110,2,21.694845079512
Coua reynaudii,116,2,4.18998410252416
Coua reynaudii,118,2,25.0430807721813
Coua reynaudii,129,2,73.9629580870592
Coua reynaudii,796,2,72.2403849678643
Coua reynaudii,856,2,85.7023597338527
Coua reynaudii,862,2,1363.63995657705
Coua reynaudii,866,2,59.3564680753992
Coua reynaudii,867,2,108.25919432857
Coua reynaudii,870,2,27.7801576174151
Coua reynaudii,871,2,14.1752324262425
Coua reynaudii,872,2,6.16665918636328
Coua reynaudii,873,2,514.295126272134
Coua reynaudii,889,2,77.705629423223
Coua reynaudii,893,2,29.4125688188837
Coua reynaudii,894,2,16.2380797407103
Coua reynaudii,895,2,47.6915269604523
Coua reynaudii,896,2,29.7890733494529
Coua reynaudii,898,2,5.25313743514037
Coua reynaudii,671,3,95.129367921751
Coua reynaudii,814,3,57.9452893114559
Coua reynaudii,848,3,9.04229392746901
Coua ruficeps,1,1,16.3740665150728
Coua ruficeps,2,1,19.2038282114016
Coua ruficeps,7,1,37.6497033879563
Coua ruficeps,8,1,22.2892814174185
Coua ruficeps,15,1,36.160372652361
Coua ruficeps,16,1,27.8442933033095
Coua ruficeps,17,1,21.9966508282123
Coua ruficeps,18,1,294.140463350616
Coua ruficeps,19,1,2.00722734047782
Coua ruficeps,35,1,100.812835919068
Coua ruficeps,21,3,21.5096479841157
Coua ruficeps,23,3,17.1081231937802
Coua ruficeps,25,3,3.3134309653126
Coua ruficeps,26,3,57.9536162531294
Coua ruficeps,29,3,3.75955498126924
Coua ruficeps,30,3,89.7882265230072
Coua ruficeps,32,3,216.621536697718
Coua ruficeps,34,3,69.5197727681215
Coua serriana,299,3,52.0931107730117
Coua serriana,373,3,19.0759812224051
Coua serriana,383,3,2.69846636686766
Coua serriana,388,3,2.87876883525968
Coua serriana,392,3,4.58734981390798
Coua serriana,1091,5,88.7755361952912
Coua serriana,1110,5,29.8365955454182
Coua serriana,757,2,44.9170985850942
Coua serriana,1122,2,40.1722469238046
Coua serriana,1,1,70.2438233411079
Coua serriana,5,1,238.475570636642
Coua serriana,11,1,3.13243296555978
Coua serriana,12,1,150.011990179812
Coua serriana,16,1,115.416475571589
Coua serriana,28,1,18.468422871011
Coua serriana,40,1,8.71055469847292
Coua serriana,86,1,107.010702178571
Coua serriana,134,1,3953.32279329647
Coua serriana,1032,1,185.019204770686
Coua serriana,1043,1,29.8631255431825
Coua serriana,1044,1,151.103738390959
Coua serriana,1045,1,58.137439978273
Coua serriana,1114,1,510.42989515269
Coua serriana,1115,1,170.251143971996
Coua serriana,1118,1,320.686876365118
Coua serriana,1124,1,78.8713894917136
Coua serriana,1126,1,5.25313743514037
Coua serriana,1129,1,56.9979385032006
Coua serriana,1134,1,28.7773817194842
Coua serriana,1135,1,29.961795364261
Coua serriana,1136,1,827.414244336359
Coua serriana,1138,1,2.55931186735427
Coua serriana,1141,1,287.631555201851
Coua serriana,1142,1,19.437907051445
Coua serriana,1143,1,3.0109636616199
Coua serriana,1145,1,12.0410908559145
Coua serriana,1149,1,61.5307293035261
Coua serriana,1150,1,2.5515154922781
Coua serriana,1151,1,5.10222163080156
Coua serriana,1152,1,27.9623496702649
Coua serriana,1153,1,4.18998410252416
Coua serriana,1155,1,41.3435845824178
Coua serriana,1156,1,1.54801138759887
Coua serriana,796,4,94.6858912927296
Coua serriana,1072,4,68.6631767822923
Coua serriana,1099,4,30.9497681570663
Crossleyia xanthophrys,27,9,47.6733437306255
Crossleyia xanthophrys,28,9,59.7117294058333
Crossleyia xanthophrys,29,10,83.2133630683468
Crossleyia xanthophrys,53,14,21.9141509238995
Crossleyia xanthophrys,450,45,27.2715936270423
Crossleyia xanthophrys,98,17,28.6147550266778
Crossleyia xanthophrys,107,21,88.7755361952912
Crossleyia xanthophrys,109,22,52.0931107730117
Crossleyia xanthophrys,423,38,31.1097970257607
Crossleyia xanthophrys,31,12,29.290227912244
Crossleyia xanthophrys,34,12,18.9148983457112
Crossleyia xanthophrys,35,12,0.367143398642659
Crossleyia xanthophrys,36,12,4.95616607062143
Crossleyia xanthophrys,37,12,19.8205211282847
Crossleyia xanthophrys,38,12,0.367093046224177
Crossleyia xanthophrys,47,12,1.37619193792653
Crossleyia xanthophrys,48,12,3.30296723872322
Crossleyia xanthophrys,448,43,14.5552500460275
Crossleyia xanthophrys,410,47,5.94571285882723
Crossleyia xanthophrys,412,47,29.274766839554
Crossleyia xanthophrys,20,7,5.25313743514037
Crossleyia xanthophrys,22,7,31.6985197321722
Crossleyia xanthophrys,451,7,55.3562922973957
Crossleyia xanthophrys,452,7,1.19820541345048
Crossleyia xanthophrys,24,48,6.16665918636328
Crossleyia xanthophrys,454,48,5.33902110164034
Crossleyia xanthophrys,455,48,0.920388230831802
Crossleyia xanthophrys,26,8,28.9945355610379
Crossleyia xanthophrys,456,8,0.828675128270746
Crossleyia xanthophrys,74,15,60.0081350929425
Cryptosylvicola randrianasoloi,15,4,59.7444529941496
Cryptosylvicola randrianasoloi,21,6,7.91582309376431
Cryptosylvicola randrianasoloi,22,4,28.9945355610176
Cryptosylvicola randrianasoloi,35,7,29.9084357813374
Cryptosylvicola randrianasoloi,276,27,0.539962693065524
Cryptosylvicola randrianasoloi,277,27,19.0759812224051
Cryptosylvicola randrianasoloi,279,27,0.179958904524803
Cryptosylvicola randrianasoloi,280,27,2.87876883525968
Cryptosylvicola randrianasoloi,281,27,0.899620833965421
Cryptosylvicola randrianasoloi,282,27,0.269868277515173
Cryptosylvicola randrianasoloi,284,27,33.0953660842019
Cryptosylvicola randrianasoloi,134,21,61.2124982058693
Cryptosylvicola randrianasoloi,263,25,52.0931107730117
Cryptosylvicola randrianasoloi,169,39,29.8365955454182
Cryptosylvicola randrianasoloi,514,39,29.7639165075731
Cryptosylvicola randrianasoloi,447,38,13.6882290793771
Cryptosylvicola randrianasoloi,2,2,0.369097689209938
Cryptosylvicola randrianasoloi,4,2,59.0435772412643
Cryptosylvicola randrianasoloi,5,2,16.2380797407139
Cryptosylvicola randrianasoloi,42,9,21.336136544534
Cryptosylvicola randrianasoloi,43,9,25.8418336022724
Cryptosylvicola randrianasoloi,45,9,0.367843747830391
Cryptosylvicola randrianasoloi,52,9,84.4140065064233
Cryptosylvicola randrianasoloi,70,9,29.1983259148607
Cryptosylvicola randrianasoloi,517,9,60.1106834541456
Cryptosylvicola randrianasoloi,518,9,30.0315886353095
Cryptosylvicola randrianasoloi,76,12,59.6598417871081
Cryptosylvicola randrianasoloi,416,41,63.1928620869468
Cryptosylvicola randrianasoloi,512,41,60.6680116256418
Cryptosylvicola randrianasoloi,513,41,46.697352145833
Cryptosylvicola randrianasoloi,9,42,5.25313743514037
Cryptosylvicola randrianasoloi,13,42,31.790673218183
Cryptosylvicola randrianasoloi,14,42,25.3295724640318
Cryptosylvicola randrianasoloi,515,42,1.19820541345048
Cyanolanius madagascarinus,268,108,43.2675847418705
Cyanolanius madagascarinus,401,87,0.370271373195231
Cyanolanius madagascarinus,402,87,0.462834125284791
Cyanolanius madagascarinus,406,87,43.0377824654073
Cyanolanius madagascarinus,423,87,1.48074673073471
Cyanolanius madagascarinus,424,87,1.66577102635694
Cyanolanius madagascarinus,428,87,0.277623898765862
Cyanolanius madagascarinus,434,87,0.277610584835947
Cyanolanius madagascarinus,467,87,1.38815019469857
Cyanolanius madagascarinus,207,106,0.463597745714188
Cyanolanius madagascarinus,256,106,43.2038186617044
Cyanolanius madagascarinus,131,33,0.55664420881176
Cyanolanius madagascarinus,135,33,0.371099061261296
Cyanolanius madagascarinus,138,33,0.556625695955813
Cyanolanius madagascarinus,150,33,0.463806772104442
Cyanolanius madagascarinus,157,33,0.27827526928854
Cyanolanius madagascarinus,159,33,0.463781360735595
Cyanolanius madagascarinus,173,33,0.278243954662919
Cyanolanius madagascarinus,187,33,0.27820176096195
Cyanolanius madagascarinus,190,33,0.64914825101471
Cyanolanius madagascarinus,197,33,130.021860527528
Cyanolanius madagascarinus,201,33,6.4908973798604
Cyanolanius madagascarinus,206,33,8.4370977335708
Cyanolanius madagascarinus,22814,33,56.8711675529887
Cyanolanius madagascarinus,9724,25,38.0240908844043
Cyanolanius madagascarinus,9799,25,3.07696966736627
Cyanolanius madagascarinus,9808,25,0.723997986286044
Cyanolanius madagascarinus,9859,25,0.361958205401897
Cyanolanius madagascarinus,22971,25,0.452763459861636
Cyanolanius madagascarinus,22483,113,0.777178853789091
Cyanolanius madagascarinus,22862,113,0.604549703200817
Cyanolanius madagascarinus,23037,113,27.2715936270507
Cyanolanius madagascarinus,23038,113,29.4123165165292
Cyanolanius madagascarinus,23039,113,29.3885406549345
Cyanolanius madagascarinus,23040,113,20.6592519148769
Cyanolanius madagascarinus,23041,113,19.9515621485635
Cyanolanius madagascarinus,12507,22,36.331879859746
Cyanolanius madagascarinus,12999,22,0.449603298739433
Cyanolanius madagascarinus,13000,22,0.359686745625973
Cyanolanius madagascarinus,22973,22,0.449634089967847
Cyanolanius madagascarinus,23059,22,6.47518067736232
Cyanolanius madagascarinus,23060,115,78.5054384879867
Cyanolanius madagascarinus,13262,37,52.2268727901955
Cyanolanius madagascarinus,23209,37,39.1360013945309
Cyanolanius madagascarinus,11243,68,0.812480411258936
Cyanolanius madagascarinus,22923,68,38.3946948622806
Cyanolanius madagascarinus,23102,68,38.4612961439313
Cyanolanius madagascarinus,23139,68,61.2124982058693
Cyanolanius madagascarinus,23181,68,88.7755361952912
Cyanolanius madagascarinus,23238,68,29.8365955454182
Cyanolanius madagascarinus,12764,129,2.87876883525968
Cyanolanius madagascarinus,12769,129,0.899620833965421
Cyanolanius madagascarinus,12811,129,0.269868277515173
Cyanolanius madagascarinus,23121,129,45.3586244343983
Cyanolanius madagascarinus,23122,129,33.0953660842072
Cyanolanius madagascarinus,23233,131,52.0931107730117
Cyanolanius madagascarinus,22856,105,64.9869920614074
Cyanolanius madagascarinus,17607,5,69.920279126314
Cyanolanius madagascarinus,18067,5,7.91386017940461
Cyanolanius madagascarinus,16572,86,111.41152479386
Cyanolanius madagascarinus,23079,122,113.437646918732
Cyanolanius madagascarinus,22510,125,48.282664278709
Cyanolanius madagascarinus,23224,127,31.1097970257607
Cyanolanius madagascarinus,23225,127,29.6010280215059
Cyanolanius madagascarinus,5458,71,64.7813755391271
Cyanolanius madagascarinus,22802,71,1.73570699889708
Cyanolanius madagascarinus,1090,83,128.592142873589
Cyanolanius madagascarinus,23244,83,0.3690976892097
Cyanolanius madagascarinus,23268,83,21.3177359530671
Cyanolanius madagascarinus,23269,83,85.7023597338527
Cyanolanius madagascarinus,23270,83,293.443629027022
Cyanolanius madagascarinus,23271,83,16.2380797407103
Cyanolanius madagascarinus,23272,83,0.645659265649438
Cyanolanius madagascarinus,23273,83,29.7890733494529
Cyanolanius madagascarinus,2356,132,0.643524707942724
Cyanolanius madagascarinus,2411,132,0.459616383672059
Cyanolanius madagascarinus,2434,132,0.643432019172192
Cyanolanius madagascarinus,2443,132,0.275752651619673
Cyanolanius madagascarinus,2464,132,0.367655302864194
Cyanolanius madagascarinus,2485,132,1.56243208603442
Cyanolanius madagascarinus,2486,132,0.275729722221732
Cyanolanius madagascarinus,2510,132,0.275717098941624
Cyanolanius madagascarinus,2526,132,0.275709061498523
Cyanolanius madagascarinus,2530,132,0.459508593737543
Cyanolanius madagascarinus,2537,132,0.45949710468936
Cyanolanius madagascarinus,2538,132,1.1946710927344
Cyanolanius madagascarinus,2556,132,53.6769175645747
Cyanolanius madagascarinus,2560,132,3.21620605602419
Cyanolanius madagascarinus,2561,132,0.551364106284499
Cyanolanius madagascarinus,2568,132,1.10266377710527
Cyanolanius madagascarinus,2577,132,0.367564567481756
Cyanolanius madagascarinus,2587,132,0.551319225258708
Cyanolanius madagascarinus,2599,132,1.10259928914046
Cyanolanius madagascarinus,2605,132,2.02137478975803
Cyanolanius madagascarinus,2606,132,0.826945434479237
Cyanolanius madagascarinus,2614,132,0.643170052255213
Cyanolanius madagascarinus,2623,132,1.65382056523675
Cyanolanius madagascarinus,2644,132,0.826825480994821
Cyanolanius madagascarinus,2671,132,0.459349671094894
Cyanolanius madagascarinus,2695,132,0.367459639964223
Cyanolanius madagascarinus,2710,132,0.275586929093957
Cyanolanius madagascarinus,2714,132,1.46972063059181
Cyanolanius madagascarinus,2715,132,0.275577679304183
Cyanolanius madagascarinus,2803,132,0.367363554798603
Cyanolanius madagascarinus,2827,132,58.6780858784226
Cyanolanius madagascarinus,2907,132,432.432672722725
Cyanolanius madagascarinus,2948,132,0.275443051051259
Cyanolanius madagascarinus,7993,132,5770.98429934675
Cyanolanius madagascarinus,23087,132,506.523692399314
Cyanolanius madagascarinus,23253,132,1363.63995657705
Cyanolanius madagascarinus,23263,132,73.9629580870592
Cyanolanius madagascarinus,23274,132,1.19820541345048
Cyanolanius madagascarinus,23276,132,14.1752324262425
Cyanolanius madagascarinus,23277,132,6.16665918636328
Cyanolanius madagascarinus,23278,132,56.9979385032006
Cyanolanius madagascarinus,23283,132,0.733449546446324
Cyanolanius madagascarinus,23284,132,28.7773817194842
Cyanolanius madagascarinus,23285,132,859.949368190404
Cyanolanius madagascarinus,23287,132,0.274443535747349
Cyanolanius madagascarinus,23288,132,0.548867488993049
Cyanolanius madagascarinus,23294,132,10.6968829958997
Cyanolanius madagascarinus,23295,132,2.55931186735427
Cyanolanius madagascarinus,23298,132,1.37029047696173
Cyanolanius madagascarinus,23299,132,107.010702178571
Cyanolanius madagascarinus,23300,132,639.159561686217
Cyanolanius madagascarinus,23301,132,19.437907051445
Cyanolanius madagascarinus,23303,132,12.0410908559145
Cyanolanius madagascarinus,23306,132,0.45585832220161
Cyanolanius madagascarinus,23307,132,61.5307293035261
Cyanolanius madagascarinus,23308,132,2.5515154922781
Cyanolanius madagascarinus,23309,132,5.10222163080156
Cyanolanius madagascarinus,23310,132,27.9623496702649
Cyanolanius madagascarinus,23311,132,4.18998410252416
Cyanolanius madagascarinus,23313,132,41.3435845824178
Cyanolanius madagascarinus,23314,132,1.54801138759887
Cyanolanius madagascarinus,23322,132,1.55032464307571
Cyanolanius madagascarinus,23326,132,1.00823772702169
Cyanolanius madagascarinus,23328,132,0.274976311198533
Cyanolanius madagascarinus,23330,132,29.4125688188837
Cyanolanius madagascarinus,4686,104,16.3740665150672
Cyanolanius madagascarinus,4848,104,19.2038282113973
Cyanolanius madagascarinus,5007,104,22.2892814174211
Cyanolanius madagascarinus,5011,104,5.85033975470352
Cyanolanius madagascarinus,5016,104,24.6792146248873
Cyanolanius madagascarinus,5045,104,2.65062070312488
Cyanolanius madagascarinus,5069,104,0.274192454328179
Cyanolanius madagascarinus,5083,104,1.18809712456667
Cyanolanius madagascarinus,5106,104,4.38649564416385
Cyanolanius madagascarinus,5170,104,8.49783825707888
Cyanolanius madagascarinus,5213,104,0.274089461484194
Cyanolanius madagascarinus,5257,104,9.5018882179122
Cyanolanius madagascarinus,5258,104,4.567756926453
Cyanolanius madagascarinus,5792,104,0.365034251434088
Cyanolanius madagascarinus,5852,104,318.511281266377
Cyanolanius madagascarinus,5886,104,0.547426328327894
Cyanolanius madagascarinus,5894,104,0.364942030489683
Cyanolanius madagascarinus,5900,104,0.456175956650972
Cyanolanius madagascarinus,22538,104,37.6497033879563
Cyanolanius madagascarinus,22810,104,1.55373825480127
Cyanolanius madagascarinus,22865,104,0.456749789226413
Cyanolanius madagascarinus,22895,104,65.4491474751962
Cyanolanius madagascarinus,23086,104,36.1603726523629
Cyanolanius madagascarinus,23239,104,100.812835919068
Cyanolanius madagascarinus,23319,104,13.1419768964566
Cyanolanius madagascarinus,23320,104,0.273783886071086
Cyanolanius madagascarinus,14771,112,21.5096479841157
Cyanolanius madagascarinus,14831,112,55.5362709867372
Cyanolanius madagascarinus,14948,112,3.3134309653126
Cyanolanius madagascarinus,15189,112,60.4348975659029
Cyanolanius madagascarinus,15472,112,240.346898243405
Cyanolanius madagascarinus,23020,112,17.1081231937802
Cyanolanius madagascarinus,23024,112,0.447673652347684
Cyanolanius madagascarinus,23068,112,26.5383701396017
Cyanolanius madagascarinus,23219,112,27.5139015001006
Cyanolanius madagascarinus,19074,121,0.620648212959528
Cyanolanius madagascarinus,19087,121,0.265972006814122
Cyanolanius madagascarinus,19109,121,0.709200345668078
Cyanolanius madagascarinus,23141,121,138.846313450127
Cyanolanius madagascarinus,23207,121,9.04229392746901
Cyanolanius madagascarinus,23267,121,68.6631767822923
Daubentonia madagascariensis,3185,50,26.5383701395867
Daubentonia madagascariensis,3176,158,42.3362076362427
Daubentonia madagascariensis,10,1,0.55664420881176
Daubentonia madagascariensis,12,1,0.556625695955813
Daubentonia madagascariensis,26,1,0.64914825101471
Daubentonia madagascariensis,28,1,120.469913094516
Daubentonia madagascariensis,5364,162,26.7219759851387
Daubentonia madagascariensis,1084,157,64.9869920614074
Daubentonia madagascariensis,5405,165,78.5054384879867
Daubentonia madagascariensis,5415,166,203.108265994193
Daubentonia madagascariensis,2921,37,51.8674302060766
Daubentonia madagascariensis,5419,37,39.1360013945309
Daubentonia madagascariensis,189,13,99.7872338508241
Daubentonia madagascariensis,314,13,238.735969312131
Daubentonia madagascariensis,5420,13,0.645659265649438
Daubentonia madagascariensis,1129,72,1070.47962040307
Daubentonia madagascariensis,5441,72,1.00823772702169
Daubentonia madagascariensis,567,92,25.8543332637122
Daubentonia madagascariensis,609,92,13.3348473462281
Daubentonia madagascariensis,632,92,7.63192306706161
Daubentonia madagascariensis,658,92,0.643524707942724
Daubentonia madagascariensis,680,92,0.643432019172192
Daubentonia madagascariensis,697,92,1.56243208603442
Daubentonia madagascariensis,711,92,1.1946710927344
Daubentonia madagascariensis,717,92,53.6769175645747
Daubentonia madagascariensis,720,92,3.21620605602419
Daubentonia madagascariensis,721,92,0.551364106284499
Daubentonia madagascariensis,727,92,1.10266377710527
Daubentonia madagascariensis,728,92,1.28645181352198
Daubentonia madagascariensis,729,92,19.9464922246256
Daubentonia madagascariensis,734,92,0.551319225258708
Daubentonia madagascariensis,737,92,9.73881683760441
Daubentonia madagascariensis,738,92,1.10259928914046
Daubentonia madagascariensis,740,92,2.02137478975803
Daubentonia madagascariensis,741,92,0.826945434479237
Daubentonia madagascariensis,742,92,0.643170052255213
Daubentonia madagascariensis,746,92,1.65382056523675
Daubentonia madagascariensis,761,92,0.826825480994821
Daubentonia madagascariensis,774,92,1.46972063059181
Daubentonia madagascariensis,800,92,58.6780858784226
Daubentonia madagascariensis,822,92,195.390719691214
Daubentonia madagascariensis,5421,92,22.0769148552072
Daubentonia madagascariensis,449,113,3.22456991307449
Daubentonia madagascariensis,468,113,1.19747486800301
Daubentonia madagascariensis,469,113,59.2231361404085
Daubentonia madagascariensis,500,113,210.741080259081
Daubentonia madagascariensis,605,113,138.98603618893
Daubentonia madagascariensis,5385,113,54.6489803865469
Daubentonia madagascariensis,5386,113,103.579343500488
Daubentonia madagascariensis,5387,113,1.47231811580735
Daubentonia madagascariensis,5413,113,21.7270555164749
Daubentonia madagascariensis,966,168,10.819971759427
Daubentonia madagascariensis,1002,168,30.8790083227627
Daubentonia madagascariensis,1113,168,1414.88261280312
Daubentonia madagascariensis,5414,168,116.475616497728
Daubentonia madagascariensis,5433,168,0.733449546446324
Daubentonia madagascariensis,5434,168,28.7773817194842
Daubentonia madagascariensis,1105,169,2.10398346433687
Daubentonia madagascariensis,1676,169,639.159561686217
Daubentonia madagascariensis,5423,169,0.548867488993049
Daubentonia madagascariensis,5447,169,0.823195865461826
Daubentonia madagascariensis,5448,169,296.032084184009
Daubentonia madagascariensis,5449,169,10.6968829958997
Daubentonia madagascariensis,5452,169,1.37029047696173
Daubentonia madagascariensis,5453,169,107.010702178571
Daubentonia madagascariensis,5454,169,19.437907051445
Daubentonia madagascariensis,5460,169,61.5307293035261
Daubentonia madagascariensis,5461,169,2.5515154922781
Daubentonia madagascariensis,5462,169,5.10222163080156
Daubentonia madagascariensis,5463,169,27.9623496702649
Daubentonia madagascariensis,5467,169,1.54801138759887
Daubentonia madagascariensis,1120,170,0.731667634530187
Daubentonia madagascariensis,1162,170,2.55931186735427
Daubentonia madagascariensis,1193,170,62.2549358162017
Daubentonia madagascariensis,5435,170,653.583628918819
Daubentonia madagascariensis,5436,170,148.574037119734
Daubentonia madagascariensis,5427,171,50.4255278827549
Daubentonia madagascariensis,5428,172,56.9979385032006
Daubentonia madagascariensis,5466,173,41.3435845824178
Daubentonia madagascariensis,684,145,74.183752230213
Daubentonia madagascariensis,722,145,1.10272016136467
Daubentonia madagascariensis,723,145,1.01083246940482
Daubentonia madagascariensis,1592,167,13.8476284396513
Daubentonia madagascariensis,5402,167,238.234427620074
Daubentonia madagascariensis,5468,167,1.55032464307571
Daubentonia madagascariensis,5470,167,206.811002845436
Daubentonia madagascariensis,5471,167,9.39121551513614
Echinops telfairi,202,33,11.0677904937422
Echinops telfairi,204,33,7.19359772695065
Echinops telfairi,279,45,29.1594029263307
Echinops telfairi,320,51,14.3242524163342
Echinops telfairi,944,98,5.85033975470352
Echinops telfairi,946,98,24.6792146248902
Echinops telfairi,963,98,2.65062070312488
Echinops telfairi,974,98,0.274192454328179
Echinops telfairi,5677,395,68.4073900828574
Echinops telfairi,5171,481,13.1672804516135
Echinops telfairi,7106,626,17.8876522784661
Echinops telfairi,7271,672,31.0182859874093
Echinops telfairi,7314,677,43.5541700668897
Echinops telfairi,3643,666,42.3362076362427
Echinops telfairi,850,660,16.3740665150672
Echinops telfairi,7392,681,112.468627701651
Echinops telfairi,38,7,0.463597745714188
Echinops telfairi,46,7,43.2038186617044
Echinops telfairi,50,8,21.1261124531245
Echinops telfairi,88,15,9.25542923517722
Echinops telfairi,89,15,1.48074673073471
Echinops telfairi,90,15,1.48068535666716
Echinops telfairi,91,15,0.277623898765862
Echinops telfairi,96,15,1.38815019469857
Echinops telfairi,7520,695,64.9869920614074
Echinops telfairi,1309,127,26.0969339648095
Echinops telfairi,1350,127,2.0072273404777
Echinops telfairi,7563,697,36.3826787541578
Echinops telfairi,3825,699,89.7882265229853
Echinops telfairi,7389,685,13.0307413413469
Echinops telfairi,7493,688,14.876475508235
Echinops telfairi,2863,222,38.2051651932399
Echinops telfairi,2879,222,3.07696966736627
Echinops telfairi,2882,222,0.723997986286044
Echinops telfairi,2890,222,0.361958205401897
Echinops telfairi,7579,222,0.452763459861636
Echinops telfairi,3510,263,0.449603298739433
Echinops telfairi,3511,263,0.359686745625973
Echinops telfairi,3530,263,36.331879859746
Echinops telfairi,7582,263,0.449634089967847
Echinops telfairi,7651,263,6.47518067736232
Echinops telfairi,6018,392,46.5723968884147
Echinops telfairi,3697,706,3.3134309653126
Echinops telfairi,7650,706,17.1081231937802
Echinops telfairi,7701,707,43.0398890354153
Echinops telfairi,3577,701,78.5054384879867
Echinops telfairi,232,38,1.19747486800301
Echinops telfairi,235,38,30.854789821823
Echinops telfairi,238,38,1.93420808195144
Echinops telfairi,240,38,1.84197769368905
Echinops telfairi,245,38,29.6521305713782
Echinops telfairi,4108,587,0.267409589342952
Echinops telfairi,4238,587,33.9502502570503
Echinops telfairi,6604,624,151.58511224908
Echinops telfairi,7568,624,9.98819568180025
Echinops telfairi,7174,708,45.1360753508905
Echinops telfairi,1432,639,204.209054971442
Echinops telfairi,5675,656,433.810619797173
Echinops telfairi,7316,656,2.11576712074435
Echinops telfairi,7689,656,17.5870851484947
Echinops telfairi,7691,656,1.94182639975023
Echinops telfairi,6346,657,0.260165493234158
Echinops telfairi,6373,657,12.0483039035151
Echinops telfairi,7226,657,445.611096910782
Echinops telfairi,7694,657,5.23129722183871
Echinops telfairi,7242,667,52.2268727901955
Echinops telfairi,7734,711,39.1360013945309
Echinops telfairi,961,105,1.0054375043211
Echinops telfairi,973,105,2.37624750380063
Echinops telfairi,993,105,7.67678403816092
Echinops telfairi,1002,105,8.86332816260099
Echinops telfairi,1051,105,0.274089461484194
Echinops telfairi,1067,105,9.5018882179122
Echinops telfairi,1068,105,4.567756926453
Echinops telfairi,7522,105,0.456749789226413
Echinops telfairi,981,107,37.4669621622497
Echinops telfairi,1347,589,143.820582719935
Echinops telfairi,4549,673,137.443018218653
Echinops telfairi,7232,693,21.1843530365219
Echinops telfairi,186,28,28.8049090227646
Echinops telfairi,7747,712,18.7342282877149
Echinops telfairi,180,31,21.3177359530671
Echinops telfairi,282,46,1.3788789025259
Echinops telfairi,291,46,18.5674680987519
Echinops telfairi,284,47,1.56243208603442
Echinops telfairi,285,47,0.275729722221732
Echinops telfairi,286,47,0.275717098941624
Echinops telfairi,287,47,0.275709061498523
Echinops telfairi,288,47,0.459508593737543
Echinops telfairi,289,47,0.45949710468936
Echinops telfairi,290,47,1.1946710927344
Echinops telfairi,292,47,3.21620605602419
Echinops telfairi,293,47,0.367564567481756
Echinops telfairi,296,47,1.10259928914046
Echinops telfairi,298,47,1.65382056523675
Echinops telfairi,303,47,229.318042201339
Echinops telfairi,1159,103,64.7813755391271
Echinops telfairi,7481,103,1.73570699889708
Echinops telfairi,3689,661,57.9536162531174
Echinops telfairi,7246,661,21.5096479841157
Echinops telfairi,7739,661,27.5139015001006
Echinops telfairi,3955,662,468.355482097602
Echinops telfairi,7320,679,42.4890235274736
Echinops telfairi,7574,700,16.8362046284112
Echinops telfairi,7575,700,11.4830635166789
Echinops telfairi,7746,700,5.43494208523166
Eliurus majori,314,420,3.68393426545006
Eliurus majori,764,20,1.1946710927344
Eliurus majori,781,20,3.21620605602419
Eliurus majori,3,1,56.8711675529887
Eliurus majori,9369,1,28.8450665179954
Eliurus majori,9386,552,38.3946948622806
Eliurus majori,9332,553,0.604549703200459
Eliurus majori,9334,553,0.777178853789091
Eliurus majori,9417,553,19.9515621485635
Eliurus majori,9335,554,29.4123165165292
Eliurus majori,9414,555,27.2715936270507
Eliurus majori,9415,556,29.3885406549345
Eliurus majori,9416,557,20.6592519148769
Eliurus majori,963,24,58.6780858784226
Eliurus majori,3165,563,0.812480411258936
Eliurus majori,9453,563,38.4612961439313
Eliurus majori,9456,563,0.180557963597178
Eliurus majori,9484,582,61.2124982058693
Eliurus majori,3878,562,0.179958904524803
Eliurus majori,3904,562,2.87876883525968
Eliurus majori,3909,562,0.899620833965421
Eliurus majori,3935,562,0.269868277515173
Eliurus majori,9469,562,45.3586244343983
Eliurus majori,9470,562,33.0953660842072
Eliurus majori,9543,604,52.0931107730117
Eliurus majori,9535,605,31.1097970257607
Eliurus majori,9536,605,29.6010280215059
Eliurus majori,9516,601,88.7755361952912
Eliurus majori,9548,606,29.8365955454182
Eliurus majori,7407,269,5.94571285882723
Eliurus majori,9082,486,48.282664278709
Eliurus majori,9441,575,113.437646918732
Eliurus majori,139,3,0.6456592656492
Eliurus majori,9570,3,286.34182232248
Eliurus majori,273,620,0.276354423903167
Eliurus majori,279,620,6.63162645038044
Eliurus majori,298,620,0.644736027104974
Eliurus majori,308,620,1.74986507844758
Eliurus majori,309,620,112.203011880524
Eliurus majori,689,620,0.459616383672059
Eliurus majori,712,620,0.275752651619673
Eliurus majori,774,620,0.183794934333146
Eliurus majori,778,620,53.6769175645747
Eliurus majori,782,620,0.551364106284499
Eliurus majori,806,620,0.551319225258708
Eliurus majori,820,620,0.643170052255213
Eliurus majori,1296,620,2016.57775498475
Eliurus majori,9574,620,0.0921622935290933
Eliurus majori,9552,621,0.3690976892097
Eliurus majori,9568,621,21.3177359530671
Eliurus majori,9569,621,85.7023597338527
Eliurus majori,9571,621,16.2380797407103
Eliurus majori,9572,621,29.7890733494529
Eliurus majori,9575,622,14.1752324262425
Eliurus majori,9576,623,6.16665918636328
Eliurus majori,9577,624,60.5017196673535
Eliurus majori,9578,625,300.185822453362
Eliurus majori,595,17,56.9979385032006
Eliurus majori,59,341,128.592142873589
Eliurus majori,1326,466,2.10346722083539
Eliurus majori,1347,466,0.457216544454694
Eliurus majori,9584,466,0.0914693404175043
Eliurus majori,9585,466,0.182936229304552
Eliurus majori,9586,466,0.823195865461826
Eliurus majori,1473,508,49.3507564153244
Eliurus majori,9587,626,10.6968829958997
Eliurus majori,652,541,0.643524707942724
Eliurus majori,701,541,0.183841973942041
Eliurus majori,708,541,0.643432019172192
Eliurus majori,719,541,0.367655302864194
Eliurus majori,730,541,1.56243208603442
Eliurus majori,731,541,0.275729722221732
Eliurus majori,747,541,0.275717098941624
Eliurus majori,753,541,0.275709061498523
Eliurus majori,757,541,0.459508593737543
Eliurus majori,763,541,0.45949710468936
Eliurus majori,787,541,1.10266377710527
Eliurus majori,792,541,0.183781132994473
Eliurus majori,793,541,0.367564567481756
Eliurus majori,803,541,0.183777680330753
Eliurus majori,807,541,0.183773075227499
Eliurus majori,810,541,1.10259928914046
Eliurus majori,813,541,2.02137478975803
Eliurus majori,814,541,0.826945434479237
Eliurus majori,825,541,0.183763859938979
Eliurus majori,831,541,0.183761555059075
Eliurus majori,832,541,1.65382056523675
Eliurus majori,868,541,0.367459639964223
Eliurus majori,878,541,0.183724619395971
Eliurus majori,879,541,0.275586929093957
Eliurus majori,889,541,1.46972063059181
Eliurus majori,890,541,0.275577679304183
Eliurus majori,1027,541,408.712350639212
Eliurus majori,9420,549,87.0478820054785
Eliurus majori,2004,560,491.034772836964
Eliurus majori,9588,560,1.55032464307571
Eliurus majori,9486,593,31.4930292057829
Eliurus majori,9567,593,43.716945528376
Eliurus majori,9563,614,73.9629580870592
Eliurus majori,9589,614,29.4125688188837
Eliurus majori,9487,619,68.6631767822923
Eliurus minor,81,16,0.18546587502265
Eliurus minor,86,16,6.4908973798604
Eliurus minor,1270,231,3.21620605602419
Eliurus minor,2284,399,9.23022386336541
Eliurus minor,2305,399,0.548279554689765
Eliurus minor,2339,408,13.1553445202122
Eliurus minor,4837,758,6.4751806773603
Eliurus minor,4877,758,0.449634089968205
Eliurus minor,4889,758,0.0899238860028982
Eliurus minor,3470,561,3.07696966736627
Eliurus minor,198,49,0.370271373195231
Eliurus minor,200,49,0.0925668250995874
Eliurus minor,202,49,43.0377824654073
Eliurus minor,203,49,0.18513059458977
Eliurus minor,213,49,1.48074673073471
Eliurus minor,214,49,1.66577102635694
Eliurus minor,215,49,0.277623898765862
Eliurus minor,88,17,8.4370977335708
Eliurus minor,90,17,0.185438309593201
Eliurus minor,2163,1765,16.3740665150672
Eliurus minor,100,19,0.0927073077802658
Eliurus minor,114,19,43.2038186617044
Eliurus minor,120,26,43.2675847418705
Eliurus minor,122,26,0.0926675960290432
Eliurus minor,129,26,0.0926606114119887
Eliurus minor,136,26,0.0926476122773886
Eliurus minor,141,26,0.0926436052986383
Eliurus minor,65,6,0.278243954662919
Eliurus minor,83,6,130.021860527528
Eliurus minor,9795,6,56.8711675529887
Eliurus minor,9832,1795,64.9869920614074
Eliurus minor,9891,1799,38.3946948622806
Eliurus minor,3373,541,0.0905584602525234
Eliurus minor,3392,541,0.0905447203236818
Eliurus minor,3442,541,38.0240908844043
Eliurus minor,3463,541,0.0905061372197867
Eliurus minor,9719,1811,0.604549703200459
Eliurus minor,9946,1811,19.9515621485635
Eliurus minor,9942,1812,27.2715936270507
Eliurus minor,9943,1813,29.4123165165292
Eliurus minor,9944,1814,29.3885406549345
Eliurus minor,9945,1815,20.6592519148769
Eliurus minor,1429,258,58.6780858784226
Eliurus minor,4526,622,44.5871430039887
Eliurus minor,4838,759,36.331879859746
Eliurus minor,4856,759,0.0899370735929012
Eliurus minor,4893,759,0.449603298739433
Eliurus minor,4894,759,0.359686745625973
Eliurus minor,3974,1798,0.812480411258936
Eliurus minor,9984,1798,38.4612961439313
Eliurus minor,9987,1798,0.180557963597178
Eliurus minor,10017,1850,61.2124982058693
Eliurus minor,4715,734,38.5064169900915
Eliurus minor,4776,1817,2.87876883525968
Eliurus minor,4780,1817,0.899620833965421
Eliurus minor,4796,1817,0.269868277515173
Eliurus minor,9999,1817,45.3586244343983
Eliurus minor,10000,1817,33.0953660842072
Eliurus minor,10099,1879,52.0931107730117
Eliurus minor,10091,1880,31.1097970257607
Eliurus minor,10092,1880,29.6010280215059
Eliurus minor,10059,1872,88.7755361952912
Eliurus minor,10104,1881,29.8365955454182
Eliurus minor,2619,415,118.930966815163
Eliurus minor,10119,1891,13.6715481239953
Eliurus minor,9737,1807,48.282664278709
Eliurus minor,9966,1833,113.437646918732
Eliurus minor,443,103,128.592142873589
Eliurus minor,1208,197,0.183841973942041
Eliurus minor,1213,197,0.643432019172192
Eliurus minor,1245,197,0.275717098941624
Eliurus minor,1253,197,0.275709061498523
Eliurus minor,1257,197,0.459508593737543
Eliurus minor,1260,197,0.45949710468936
Eliurus minor,1274,197,1.10266377710527
Eliurus minor,1300,197,0.826945434479237
Eliurus minor,1340,197,0.367459639964223
Eliurus minor,1356,197,1.46972063059181
Eliurus minor,1473,197,432.432672722725
Eliurus minor,2036,335,233.118431852782
Eliurus minor,2075,335,371.758096861326
Eliurus minor,9892,335,72.837281694556
Eliurus minor,2385,402,64.7813755391271
Eliurus minor,6036,981,91.9880105092174
Eliurus minor,1197,1670,0.459616383672059
Eliurus minor,1214,1670,0.275752651619673
Eliurus minor,1266,1670,0.183794934333146
Eliurus minor,1269,1670,53.6769175645747
Eliurus minor,1271,1670,0.551364106284499
Eliurus minor,1292,1670,0.551319225258708
Eliurus minor,1302,1670,0.643170052255213
Eliurus minor,1842,1670,84.8282742727595
Eliurus minor,3138,1670,5630.21490826865
Eliurus minor,10143,1670,0.0921622935290933
Eliurus minor,10147,1670,0.0917925728403926
Eliurus minor,10148,1670,0.0917925728403926
Eliurus minor,10152,1670,28.7773817194842
Eliurus minor,10136,1899,21.3177359530671
Eliurus minor,10137,1899,85.7023597338527
Eliurus minor,10141,1899,29.7890733494529
Eliurus minor,10138,1900,293.443629027022
Eliurus minor,10140,1900,0.645659265649438
Eliurus minor,10139,1901,16.2380797407103
Eliurus minor,10144,1902,14.1752324262425
Eliurus minor,10145,1903,6.16665918636328
Eliurus minor,10146,1904,56.9979385032006
Eliurus minor,10153,1905,859.949368190404
Eliurus minor,10154,1905,0.091498695497334
Eliurus minor,10155,1905,0.274443535747349
Eliurus minor,10157,1905,0.0914766905790568
Eliurus minor,10158,1905,0.0914754660792351
Eliurus minor,10159,1905,0.0914742413685322
Eliurus minor,10160,1905,0.0914693404175043
Eliurus minor,10161,1905,0.182936229304552
Eliurus minor,10165,1905,0.0913569323071241
Eliurus minor,10162,1906,10.6968829958997
Eliurus minor,10163,1907,2.55931186735427
Eliurus minor,10167,1908,107.010702178571
Eliurus minor,10168,1909,639.159561686217
Eliurus minor,10170,1909,0.0912351913300753
Eliurus minor,10169,1910,19.437907051445
Eliurus minor,10171,1911,12.0410908559145
Eliurus minor,10175,1912,61.5307293035261
Eliurus minor,10176,1913,2.5515154922781
Eliurus minor,10177,1914,5.10222163080156
Eliurus minor,10178,1915,27.9623496702649
Eliurus minor,10179,1916,4.18998410252416
Eliurus minor,10180,1916,0.0910818434472084
Eliurus minor,10181,1917,41.3435845824178
Eliurus minor,8041,1721,0.265972006814122
Eliurus minor,10019,1721,138.846313450127
Eliurus minor,10085,1721,9.04229392746901
Eliurus minor,9862,1882,65.4491474751962
Eliurus minor,9968,1882,36.1603726523629
Eliurus minor,10105,1882,100.812835919068
Eliurus minor,10184,1882,0.0912743136838675
Eliurus minor,10185,1882,0.0912730548305511
Eliurus minor,10186,1882,13.1419768964566
Eliurus minor,10188,1882,0.0912604547177553
Eliurus minor,9969,1883,506.523692399314
Eliurus minor,10120,1892,351.862235227939
Eliurus minor,10190,1892,0.183394440543056
Eliurus minor,10191,1892,0.0916889148144126
Eliurus minor,10192,1918,3.66664914564753
Eliurus minor,10193,1918,1.00823772702169
Eliurus minor,10194,1918,0.091659167940259
Eliurus minor,10196,1918,0.0916579753180146
Eliurus minor,10128,1896,73.9629580870592
Eliurus minor,10197,1896,29.4125688188837
Eliurus minor,10132,1898,68.6631767822923
Eliurus myoxinus,2382,127,1.1946710927344
Eliurus myoxinus,2402,127,3.21620605602419
Eliurus myoxinus,2956,155,0.275273431350648
Eliurus myoxinus,2978,155,58.1799164910831
Eliurus myoxinus,4232,223,5.30132175810611
Eliurus myoxinus,5604,274,3.82909888804102
Eliurus myoxinus,318,29,0.370271373195231
Eliurus myoxinus,320,29,0.462834125284791
Eliurus myoxinus,323,29,0.0925668250995874
Eliurus myoxinus,325,29,43.0377824654073
Eliurus myoxinus,326,29,0.18513059458977
Eliurus myoxinus,340,29,1.48074673073471
Eliurus myoxinus,341,29,1.66577102635694
Eliurus myoxinus,343,29,0.277623898765862
Eliurus myoxinus,345,29,0.277610584835947
Eliurus myoxinus,347,29,0.0925361785190701
Eliurus myoxinus,4450,1781,0.182741225706577
Eliurus myoxinus,24142,1781,30.6135540736676
Eliurus myoxinus,20279,1067,68.4073900828574
Eliurus myoxinus,24305,1825,44.4928427752445
Eliurus myoxinus,13586,1827,42.3362076362427
Eliurus myoxinus,4064,1846,19.2038282113973
Eliurus myoxinus,24391,1837,3.75955498127008
Eliurus myoxinus,3915,1721,16.3740665150672
Eliurus myoxinus,4318,1739,22.2892814174211
Eliurus myoxinus,24435,1853,112.468627701651
Eliurus myoxinus,80,6,0.463597745714188
Eliurus myoxinus,94,6,0.0927073077802658
Eliurus myoxinus,143,6,43.2038186617044
Eliurus myoxinus,161,13,43.2675847418705
Eliurus myoxinus,167,13,0.0926675960290432
Eliurus myoxinus,179,13,0.0926606114119887
Eliurus myoxinus,188,13,0.0926476122773886
Eliurus myoxinus,197,13,0.0926436052986383
Eliurus myoxinus,4316,229,0.182784649551272
Eliurus myoxinus,4317,229,1.18809712456632
Eliurus myoxinus,4335,229,0.0913904663075209
Eliurus myoxinus,4340,229,0.0913892270473242
Eliurus myoxinus,4341,229,0.182778454094648
Eliurus myoxinus,4351,229,4.38649564416432
Eliurus myoxinus,4449,229,8.49783825707888
Eliurus myoxinus,4505,229,0.274089461484194
Eliurus myoxinus,4520,229,0.0913631538983583
Eliurus myoxinus,4581,229,9.50188821791184
Eliurus myoxinus,4582,229,4.567756926453
Eliurus myoxinus,4649,229,0.0913494594436884
Eliurus myoxinus,24080,229,0.0913643975844383
Eliurus myoxinus,24454,229,0.456749789226413
Eliurus myoxinus,47,2,0.463806772104442
Eliurus myoxinus,50,2,0.27827526928854
Eliurus myoxinus,51,2,0.463781360735595
Eliurus myoxinus,55,2,0.278243954662919
Eliurus myoxinus,58,2,0.185478644791543
Eliurus myoxinus,64,2,0.64914825101471
Eliurus myoxinus,69,2,123.623005869425
Eliurus myoxinus,24482,2,56.8711675529887
Eliurus myoxinus,24512,1872,64.9869920614074
Eliurus myoxinus,14315,1878,89.7882265229853
Eliurus myoxinus,24464,1865,14.876475508235
Eliurus myoxinus,8780,462,0.0905584602525234
Eliurus myoxinus,8848,462,0.0905447203236818
Eliurus myoxinus,8977,462,38.0240908844043
Eliurus myoxinus,9019,462,0.0905061372197867
Eliurus myoxinus,9037,462,3.07696966736627
Eliurus myoxinus,9042,462,0.723997986286044
Eliurus myoxinus,9076,462,0.361958205401897
Eliurus myoxinus,24613,462,0.452763459861636
Eliurus myoxinus,23537,1883,0.777178853789091
Eliurus myoxinus,24516,1883,0.604549703200817
Eliurus myoxinus,24686,1883,19.9515621485635
Eliurus myoxinus,24682,1884,27.2715936270507
Eliurus myoxinus,24683,1885,29.4123165165292
Eliurus myoxinus,24684,1886,29.3885406549345
Eliurus myoxinus,24685,1887,20.6592519148769
Eliurus myoxinus,2652,138,58.6780858784226
Eliurus myoxinus,12287,600,0.0899370735929012
Eliurus myoxinus,12332,600,0.0899238860028982
Eliurus myoxinus,12338,600,0.449603298739433
Eliurus myoxinus,12339,600,0.359686745625973
Eliurus myoxinus,12354,600,0.0899194863940477
Eliurus myoxinus,12395,600,36.331879859746
Eliurus myoxinus,24615,600,0.0899312145228386
Eliurus myoxinus,24616,600,0.449634089967847
Eliurus myoxinus,24693,600,6.47518067736232
Eliurus myoxinus,24694,1899,78.5054384879867
Eliurus myoxinus,13960,1902,3.3134309653126
Eliurus myoxinus,24687,1902,17.1081231937802
Eliurus myoxinus,24720,1903,43.0398890354153
Eliurus myoxinus,21893,1823,46.5723968884147
Eliurus myoxinus,22891,1756,151.58511224908
Eliurus myoxinus,24574,1756,9.98819568180025
Eliurus myoxinus,24215,1906,44.962501051066
Eliurus myoxinus,16970,887,0.265972006814122
Eliurus myoxinus,17026,887,9.04229392746901
Eliurus myoxinus,24804,1938,31.1097970257607
Eliurus myoxinus,12552,1703,52.2268727901955
Eliurus myoxinus,24798,1703,0.0899356091371775
Eliurus myoxinus,24799,1703,0.0899341444739103
Eliurus myoxinus,24800,1703,0.0899326796025038
Eliurus myoxinus,24796,1939,39.1360013945309
Eliurus myoxinus,24797,1939,0.0899400018793345
Eliurus myoxinus,12114,1904,0.179958904524803
Eliurus myoxinus,12190,1904,2.87876883525968
Eliurus myoxinus,12197,1904,0.899620833965421
Eliurus myoxinus,12222,1904,0.269868277515173
Eliurus myoxinus,24730,1904,45.3586244343983
Eliurus myoxinus,24755,1904,33.0953660842072
Eliurus myoxinus,24794,1945,52.0931107730117
Eliurus myoxinus,24777,1931,29.8625855308015
Eliurus myoxinus,24779,1937,29.8365955454182
Eliurus myoxinus,16027,797,137.443018218653
Eliurus myoxinus,16636,868,5.94571285882723
Eliurus myoxinus,24835,1947,27.9623496702649
Eliurus myoxinus,4832,227,64.7813755391271
Eliurus myoxinus,24449,227,1.73570699889708
Eliurus myoxinus,24450,227,0.0913507054476738
Eliurus myoxinus,24890,227,0.0913581770466566
Eliurus myoxinus,20565,1108,7.62251941031325
Eliurus myoxinus,949,1330,128.592142873589
Eliurus myoxinus,2250,1754,0.643524707942724
Eliurus myoxinus,2304,1754,0.183841973942041
Eliurus myoxinus,2311,1754,0.643432019172192
Eliurus myoxinus,2326,1754,0.367655302864194
Eliurus myoxinus,2337,1754,1.56243208603442
Eliurus myoxinus,2338,1754,0.275729722221732
Eliurus myoxinus,2359,1754,0.275717098941624
Eliurus myoxinus,2366,1754,0.275709061498523
Eliurus myoxinus,2372,1754,0.459508593737543
Eliurus myoxinus,2381,1754,0.45949710468936
Eliurus myoxinus,2410,1754,1.10266377710527
Eliurus myoxinus,2419,1754,0.183781132994473
Eliurus myoxinus,2420,1754,0.367564567481756
Eliurus myoxinus,2430,1754,0.183777680330753
Eliurus myoxinus,2437,1754,0.183773075227499
Eliurus myoxinus,2442,1754,1.10259928914046
Eliurus myoxinus,2446,1754,2.02137478975803
Eliurus myoxinus,2447,1754,0.826945434479237
Eliurus myoxinus,2459,1754,0.183763859938979
Eliurus myoxinus,2466,1754,0.183761555059075
Eliurus myoxinus,2467,1754,1.65382056523675
Eliurus myoxinus,2525,1754,0.367459639964223
Eliurus myoxinus,2537,1754,0.183724619395971
Eliurus myoxinus,2538,1754,0.275586929093957
Eliurus myoxinus,2546,1754,1.46972063059181
Eliurus myoxinus,2547,1754,0.275577679304183
Eliurus myoxinus,2724,1754,431.789103457721
Eliurus myoxinus,2292,1779,0.459616383672059
Eliurus myoxinus,2315,1779,0.275752651619673
Eliurus myoxinus,2394,1779,0.183794934333146
Eliurus myoxinus,2399,1779,53.6769175645747
Eliurus myoxinus,2403,1779,0.551364106284499
Eliurus myoxinus,2435,1779,0.551319225258708
Eliurus myoxinus,2453,1779,0.643170052255213
Eliurus myoxinus,2927,1779,0.0917656384553313
Eliurus myoxinus,2939,1779,0.275287525101185
Eliurus myoxinus,2967,1779,0.0917538929587603
Eliurus myoxinus,7422,1779,2179.09858686585
Eliurus myoxinus,24853,1779,0.0921622935290933
Eliurus myoxinus,24855,1779,1734.19204720953
Eliurus myoxinus,24856,1779,0.0917925728403926
Eliurus myoxinus,24857,1779,0.0917925728403926
Eliurus myoxinus,24858,1779,0.183579301166832
Eliurus myoxinus,24859,1779,53.1253162318157
Eliurus myoxinus,24862,1779,0.733449546446324
Eliurus myoxinus,3087,1955,9.07736609906041
Eliurus myoxinus,3754,1956,0.0915267134125233
Eliurus myoxinus,3755,1956,0.0915267134125233
Eliurus myoxinus,3829,1956,0.0915035761964917
Eliurus myoxinus,24863,1956,22.1470734063937
Eliurus myoxinus,24829,1957,0.3690976892097
Eliurus myoxinus,24846,1957,21.3177359530671
Eliurus myoxinus,24847,1957,85.7023597338527
Eliurus myoxinus,24849,1957,16.2380797407103
Eliurus myoxinus,24851,1957,29.7890733494529
Eliurus myoxinus,24848,1958,293.443629027022
Eliurus myoxinus,24850,1958,0.645659265649438
Eliurus myoxinus,24854,1959,7.91582309377038
Eliurus myoxinus,24860,1960,12.7487466710184
Eliurus myoxinus,24861,1960,0.0917078834992647
Eliurus myoxinus,24864,1961,629.506649822575
Eliurus myoxinus,24865,1961,0.091498695497334
Eliurus myoxinus,24866,1961,0.274443535747349
Eliurus myoxinus,24868,1961,0.0914766905790568
Eliurus myoxinus,24869,1961,0.0914754660792351
Eliurus myoxinus,24870,1961,0.0914742413685322
Eliurus myoxinus,24871,1961,0.0914693404175043
Eliurus myoxinus,24872,1961,0.182936229304552
Eliurus myoxinus,24875,1961,0.0913606658940315
Eliurus myoxinus,24876,1961,0.0913569323071241
Eliurus myoxinus,24873,1962,10.6968829958997
Eliurus myoxinus,24878,1963,102.719035407976
Eliurus myoxinus,24880,1963,19.437907051445
Eliurus myoxinus,24879,1964,639.159561686217
Eliurus myoxinus,24881,1964,0.0912351913300753
Eliurus myoxinus,24887,1964,21.3305931885931
Eliurus myoxinus,24882,1965,12.0410908559145
Eliurus myoxinus,24889,1966,5.10222163080156
Eliurus myoxinus,13902,1815,57.9536162531174
Eliurus myoxinus,24283,1815,21.5096479841157
Eliurus myoxinus,24813,1815,27.5139015001006
Eliurus myoxinus,14713,1816,468.355482097602
Eliurus myoxinus,24373,1840,41.6109267733939
Eliurus myoxinus,5014,1861,0.0912806047910452
Eliurus myoxinus,5192,1861,340.504619947821
Eliurus myoxinus,5193,1861,0.0912402507441044
Eliurus myoxinus,5198,1861,2.0072273404777
Eliurus myoxinus,5208,1861,0.364942030489683
Eliurus myoxinus,5247,1861,0.456175956650376
Eliurus myoxinus,24721,1861,36.1603726523629
Eliurus myoxinus,24824,1861,100.812835919068
Eliurus myoxinus,24840,1861,65.6316608163534
Eliurus myoxinus,24841,1861,0.0912755723267794
Eliurus myoxinus,24842,1861,0.0912743136838675
Eliurus myoxinus,24843,1861,0.0912730548305511
Eliurus myoxinus,24845,1861,0.0912604547177553
Eliurus myoxinus,24580,1880,16.8362046284112
Eliurus myoxinus,24581,1880,11.4830635166789
Eliurus myoxinus,24819,1880,5.43494208523166
Eliurus myoxinus,24731,1948,506.523692399314
Eliurus myoxinus,24891,1948,1.55032464307571
Eliurus myoxinus,24839,1954,73.9629580870592
Eliurus myoxinus,24892,1954,29.4125688188837
Eliurus tanala,950,41,1.1946710927344
Eliurus tanala,973,41,3.21620605602419
Eliurus tanala,7,1,56.8711675529887
Eliurus tanala,12,721,20.2118844377252
Eliurus tanala,21,3,0.0926675960290432
Eliurus tanala,22,3,21.0334598369182
Eliurus tanala,23,3,0.0926606114119887
Eliurus tanala,1548,67,16.1104772354463
Eliurus tanala,11383,724,38.3946948622806
Eliurus tanala,11345,726,0.604549703200459
Eliurus tanala,11351,726,0.777178853789091
Eliurus tanala,11416,726,19.9515621485635
Eliurus tanala,11357,727,29.4123165165292
Eliurus tanala,11413,728,27.2715936270507
Eliurus tanala,11414,729,29.3885406549345
Eliurus tanala,11415,730,20.6592519148769
Eliurus tanala,1182,48,58.6780858784226
Eliurus tanala,2660,737,0.812480411258936
Eliurus tanala,11469,737,38.4612961439313
Eliurus tanala,11472,737,0.180557963597178
Eliurus tanala,11502,759,61.2124982058693
Eliurus tanala,3497,735,0.179958904524803
Eliurus tanala,3549,735,2.87876883525968
Eliurus tanala,3557,735,0.899620833965421
Eliurus tanala,3591,735,0.269868277515173
Eliurus tanala,11484,735,45.3586244343983
Eliurus tanala,11485,735,33.0953660842072
Eliurus tanala,11583,788,52.0931107730117
Eliurus tanala,11575,789,31.1097970257607
Eliurus tanala,11576,789,29.6010280215059
Eliurus tanala,11543,785,88.7755361952912
Eliurus tanala,11588,790,29.8365955454182
Eliurus tanala,11132,682,48.282664278709
Eliurus tanala,11455,750,113.437646918732
Eliurus tanala,218,9,293.443629027022
Eliurus tanala,11610,9,0.645659265649438
Eliurus tanala,11592,804,0.3690976892097
Eliurus tanala,11607,804,21.3177359530671
Eliurus tanala,11608,804,85.7023597338527
Eliurus tanala,11609,804,16.2380797407103
Eliurus tanala,11611,804,29.7890733494529
Eliurus tanala,87,440,128.592142873589
Eliurus tanala,1750,639,163.281118989638
Eliurus tanala,11622,639,0.274443535747349
Eliurus tanala,11624,639,0.0914766905790568
Eliurus tanala,11625,639,0.0914754660792351
Eliurus tanala,11626,639,0.0914742413685322
Eliurus tanala,11627,639,0.0914693404175043
Eliurus tanala,11628,639,0.182936229304552
Eliurus tanala,11629,805,10.6968829958997
Eliurus tanala,862,709,0.459616383672059
Eliurus tanala,886,709,0.275752651619673
Eliurus tanala,963,709,0.183794934333146
Eliurus tanala,969,709,53.6769175645747
Eliurus tanala,974,709,0.551364106284499
Eliurus tanala,1002,709,0.551319225258708
Eliurus tanala,1022,709,0.643170052255213
Eliurus tanala,1592,709,2290.01080691964
Eliurus tanala,11613,709,0.0921622935290933
Eliurus tanala,11614,806,14.1752324262425
Eliurus tanala,11615,807,6.16665918636328
Eliurus tanala,11616,808,56.9979385032006
Eliurus tanala,11617,809,59.9645208859885
Eliurus tanala,11618,810,3.94530448271018
Eliurus tanala,11619,811,29.9898296926183
Eliurus tanala,11620,812,90.3858999414735
Eliurus tanala,11621,813,457.593234135328
Eliurus tanala,819,716,0.643524707942724
Eliurus tanala,878,716,0.183841973942041
Eliurus tanala,883,716,0.643432019172192
Eliurus tanala,900,716,0.367655302864194
Eliurus tanala,913,716,1.56243208603442
Eliurus tanala,914,716,0.275729722221732
Eliurus tanala,925,716,0.275717098941624
Eliurus tanala,934,716,0.275709061498523
Eliurus tanala,941,716,0.459508593737543
Eliurus tanala,949,716,0.45949710468936
Eliurus tanala,979,716,1.10266377710527
Eliurus tanala,986,716,0.183781132994473
Eliurus tanala,987,716,0.367564567481756
Eliurus tanala,997,716,0.183777680330753
Eliurus tanala,1005,716,0.183773075227499
Eliurus tanala,1010,716,1.10259928914046
Eliurus tanala,1014,716,2.02137478975803
Eliurus tanala,1015,716,0.826945434479237
Eliurus tanala,1027,716,0.183763859938979
Eliurus tanala,1034,716,0.183761555059075
Eliurus tanala,1035,716,1.65382056523675
Eliurus tanala,1080,716,0.367459639964223
Eliurus tanala,1091,716,0.183724619395971
Eliurus tanala,1092,716,0.275586929093957
Eliurus tanala,1098,716,1.46972063059181
Eliurus tanala,1099,716,0.275577679304183
Eliurus tanala,1260,716,432.432672722725
Eliurus tanala,2062,725,494.679624792332
Eliurus tanala,11630,725,1.55032464307571
Eliurus tanala,11430,733,178.476947820304
Eliurus tanala,9157,751,0.265972006814122
Eliurus tanala,11504,751,138.846313450127
Eliurus tanala,11569,751,9.04229392746901
Eliurus tanala,11600,797,73.9629580870592
Eliurus tanala,11631,797,29.4125688188837
Eliurus tanala,11603,799,29.7238530124833
Eliurus tanala,11606,803,68.6631767822923
Eliurus webbi,1404,67,1.1946710927344
Eliurus webbi,1418,67,3.21620605602419
Eliurus webbi,1569,72,26.2648020061304
Eliurus webbi,14722,862,0.777178853789091
Eliurus webbi,14782,862,0.604549703200817
Eliurus webbi,14853,862,19.9515621485635
Eliurus webbi,14849,863,27.2715936270507
Eliurus webbi,14850,864,29.4123165165292
Eliurus webbi,14851,865,29.3885406549345
Eliurus webbi,14852,866,20.6592519148769
Eliurus webbi,4564,870,0.812480411258936
Eliurus webbi,14889,870,34.3971482793418
Eliurus webbi,14892,870,0.180557963597178
Eliurus webbi,14922,893,61.2124982058693
Eliurus webbi,5609,868,0.179958904524803
Eliurus webbi,5669,868,2.87876883525968
Eliurus webbi,5678,868,0.899620833965421
Eliurus webbi,5709,868,0.269868277515173
Eliurus webbi,14904,868,45.3586244343983
Eliurus webbi,14905,868,33.0953660842072
Eliurus webbi,15004,924,52.0931107730117
Eliurus webbi,14996,925,31.1097970257607
Eliurus webbi,14997,925,29.6010280215059
Eliurus webbi,14964,919,88.7755361952912
Eliurus webbi,15009,926,29.8365955454182
Eliurus webbi,14752,853,48.282664278709
Eliurus webbi,14875,882,113.437646918732
Eliurus webbi,162,17,128.592142873589
Eliurus webbi,1329,683,0.459616383672059
Eliurus webbi,1352,683,0.275752651619673
Eliurus webbi,1411,683,0.183794934333146
Eliurus webbi,1416,683,53.6769175645747
Eliurus webbi,1419,683,0.551364106284499
Eliurus webbi,1443,683,0.551319225258708
Eliurus webbi,1455,683,0.643170052255213
Eliurus webbi,3597,683,5770.98429934675
Eliurus webbi,15019,683,1363.63995657705
Eliurus webbi,15038,683,0.0921622935290933
Eliurus webbi,15042,683,0.0917925728403926
Eliurus webbi,15043,683,0.0917925728403926
Eliurus webbi,15044,683,0.183579301166832
Eliurus webbi,15045,683,0.0917078834992647
Eliurus webbi,15046,683,0.733449546446324
Eliurus webbi,15047,683,28.7773817194842
Eliurus webbi,15048,683,859.949368190404
Eliurus webbi,15049,683,0.091498695497334
Eliurus webbi,15050,683,0.274443535747349
Eliurus webbi,15052,683,0.0914766905790568
Eliurus webbi,15053,683,0.0914754660792351
Eliurus webbi,15054,683,0.0914742413685322
Eliurus webbi,15055,683,0.0914693404175043
Eliurus webbi,15056,683,0.182936229304552
Eliurus webbi,15059,683,0.0913606658940315
Eliurus webbi,15060,683,0.0913569323071241
Eliurus webbi,15079,683,0.091701961597383
Eliurus webbi,15080,683,0.183394440543056
Eliurus webbi,15081,683,0.0916889148144126
Eliurus webbi,15082,683,1.00823772702169
Eliurus webbi,15083,683,0.091659167940259
Eliurus webbi,15084,683,0.274976311198533
Eliurus webbi,15085,683,0.0916579753180146
Eliurus webbi,15010,938,21.3177359530671
Eliurus webbi,15012,938,0.3690976892097
Eliurus webbi,15032,938,85.7023597338527
Eliurus webbi,15034,938,16.2380797407103
Eliurus webbi,15036,938,29.7890733494529
Eliurus webbi,15033,939,293.443629027022
Eliurus webbi,15035,939,0.645659265649438
Eliurus webbi,15039,940,14.1752324262425
Eliurus webbi,15040,941,6.16665918636328
Eliurus webbi,15041,942,56.9979385032006
Eliurus webbi,15057,943,10.6968829958997
Eliurus webbi,15062,944,107.010702178571
Eliurus webbi,15064,944,19.437907051445
Eliurus webbi,15063,945,639.159561686217
Eliurus webbi,15065,945,0.0912351913300753
Eliurus webbi,15069,945,0.45585832220161
Eliurus webbi,15070,945,61.5307293035261
Eliurus webbi,15066,946,12.0410908559145
Eliurus webbi,15072,947,5.10222163080156
Eliurus webbi,15073,948,27.9623496702649
Eliurus webbi,15074,949,4.18998410252416
Eliurus webbi,15075,949,0.0910818434472084
Eliurus webbi,15076,950,41.3435845824178
Eliurus webbi,1287,840,0.643524707942724
Eliurus webbi,1341,840,0.183841973942041
Eliurus webbi,1348,840,0.643432019172192
Eliurus webbi,1369,840,0.367655302864194
Eliurus webbi,1378,840,1.56243208603442
Eliurus webbi,1379,840,0.275729722221732
Eliurus webbi,1383,840,0.275717098941624
Eliurus webbi,1390,840,0.275709061498523
Eliurus webbi,1396,840,0.459508593737543
Eliurus webbi,1403,840,0.45949710468936
Eliurus webbi,1428,840,1.10266377710551
Eliurus webbi,1429,840,0.183781132994473
Eliurus webbi,1430,840,0.367564567481756
Eliurus webbi,1439,840,0.183777680330753
Eliurus webbi,1445,840,0.183773075227499
Eliurus webbi,1448,840,1.10259928914046
Eliurus webbi,1449,840,2.02137478975803
Eliurus webbi,1450,840,0.826945434479237
Eliurus webbi,1458,840,0.183763859938979
Eliurus webbi,1465,840,0.183761555059075
Eliurus webbi,1466,840,1.65382056523675
Eliurus webbi,1499,840,0.367459639964223
Eliurus webbi,1508,840,0.183724619395971
Eliurus webbi,1509,840,0.275586929093957
Eliurus webbi,1514,840,1.46972063059181
Eliurus webbi,1515,840,0.275577679304183
Eliurus webbi,1625,840,424.986628103614
Eliurus webbi,10998,883,0.265972006814122
Eliurus webbi,14924,883,138.846313450127
Eliurus webbi,14990,883,9.04229392746901
Eliurus webbi,14876,927,503.240211675945
Eliurus webbi,15078,927,1.55032464307571
Eliurus webbi,15027,932,73.9629580870592
Eliurus webbi,15086,932,29.4125688188837
Eliurus webbi,15031,937,68.6631767822923
Eulemur albifrons,150,5,7.65654382250733
Eulemur albifrons,156,5,38.0976185701168
Eulemur albifrons,182,5,0.6456592656492
Eulemur albifrons,1875,11,28.6147883524204
Eulemur albifrons,4503,123,29.2707039741465
Eulemur albifrons,1648,115,3.10483766981149
Eulemur albifrons,1707,115,40.3554484141317
Eulemur albifrons,501,6,272.549906192349
Eulemur albifrons,4513,6,1.19820541345048
Eulemur albifrons,4514,6,5.25313743514037
Eulemur albifrons,763,126,0.643524707942724
Eulemur albifrons,766,126,14.3404096482922
Eulemur albifrons,794,126,0.459616383672059
Eulemur albifrons,803,126,0.183841973942041
Eulemur albifrons,809,126,0.643432019172192
Eulemur albifrons,812,126,0.275752651619673
Eulemur albifrons,824,126,0.367655302864194
Eulemur albifrons,830,126,1.56243208603442
Eulemur albifrons,831,126,0.275729722221732
Eulemur albifrons,837,126,0.275717098941624
Eulemur albifrons,843,126,0.275709061498523
Eulemur albifrons,847,126,0.459508593737543
Eulemur albifrons,851,126,0.643297785346329
Eulemur albifrons,852,126,0.45949710468936
Eulemur albifrons,853,126,1.1946710927344
Eulemur albifrons,857,126,0.183794934333146
Eulemur albifrons,861,126,47.9797807943521
Eulemur albifrons,862,126,1.47030313296086
Eulemur albifrons,863,126,0.551364106284499
Eulemur albifrons,870,126,1.10266377710527
Eulemur albifrons,876,126,0.183781132994473
Eulemur albifrons,890,126,2.02137478975803
Eulemur albifrons,891,126,0.826945434479237
Eulemur albifrons,910,126,0.826825480994821
Eulemur albifrons,924,126,0.459349671094894
Eulemur albifrons,936,126,0.367459639964223
Eulemur albifrons,943,126,0.183724619395971
Eulemur albifrons,944,126,0.275586929093957
Eulemur albifrons,947,126,1.46972063059181
Eulemur albifrons,948,126,0.275577679304183
Eulemur albifrons,985,126,0.367363554798603
Eulemur albifrons,992,126,44.3538334620849
Eulemur albifrons,1014,126,296.63610788423
Eulemur albifrons,1025,126,0.275443051051259
Eulemur albifrons,4518,126,187.749820817838
Eulemur albifrons,4516,127,14.1752324262425
Eulemur albifrons,4517,127,6.16665918636328
Eulemur albifrons,331,92,2.39529754093892
Eulemur albifrons,399,92,0.36839153649199
Eulemur albifrons,452,92,1.19697195979726
Eulemur albifrons,4505,92,16.0095614432405
Eulemur albifrons,4519,92,469.57389130369
Eulemur albifrons,1682,128,2528.06706811775
Eulemur albifrons,4510,128,1363.63995657705
Eulemur albifrons,4523,128,0.183579301166832
Eulemur albifrons,4525,128,0.733449546446324
Eulemur albifrons,4526,128,28.7773817194842
Eulemur albifrons,4527,128,727.166994006229
Eulemur albifrons,4528,128,654.335882369554
Eulemur albifrons,4530,128,0.274443535747349
Eulemur albifrons,4531,128,0.548867488993049
Eulemur albifrons,4536,128,0.182936229304552
Eulemur albifrons,4537,128,10.6968829958997
Eulemur albifrons,4538,128,2.55931186735427
Eulemur albifrons,4551,128,0.183394440543056
Eulemur albifrons,4553,128,1.00823772702169
Eulemur albifrons,4555,128,0.274976311198533
Eulemur albifrons,1695,129,59.1420789624952
Eulemur albifrons,4520,130,56.9979385032006
Eulemur albifrons,1850,121,0.182349706664324
Eulemur albifrons,1884,121,61.5307293035261
Eulemur albifrons,1888,121,13.2143774025955
Eulemur albifrons,1897,121,7.74432683950007
Eulemur albifrons,1898,121,0.273353686598539
Eulemur albifrons,4539,121,31.3686524906255
Eulemur albifrons,4542,121,0.45585832220161
Eulemur albifrons,4543,121,15.861074865428
Eulemur albifrons,4544,121,2.5515154922781
Eulemur albifrons,4545,121,5.10222163080156
Eulemur albifrons,4546,121,19.2184877405287
Eulemur albifrons,4549,121,1.54801138759887
Eulemur albifrons,2009,131,41.3435845824178
Eulemur albifrons,37,124,80.5939694670642
Eulemur albifrons,108,124,73.9912359017386
Eulemur albifrons,4507,124,21.3177359530671
Eulemur albifrons,4512,124,17.9035992478908
Eulemur albifrons,4511,125,30.3425368771047
Eulemur collaris,556,8,29.8132933344408
Eulemur collaris,557,8,60.1630917149811
Eulemur collaris,666,66,3.19109242600811
Eulemur collaris,672,66,16.4078352154819
Eulemur collaris,676,66,0.638009943682313
Eulemur collaris,1419,51,29.3885406549345
Eulemur collaris,1446,71,20.6592519148769
Eulemur collaris,628,73,27.56289132153
Eulemur collaris,1411,49,29.4123165165292
Eulemur collaris,1426,72,0.604549703200459
Eulemur collaris,1429,72,0.777178853789091
Eulemur collaris,1448,72,19.9515621485635
Eulemur collaris,1450,76,29.8631255431825
Eulemur collaris,636,74,29.5563237634509
Eulemur collaris,579,10,21.6030064475268
Eulemur collaris,6,3,100.527754466075
Eulemur collaris,330,3,293.443629027022
Eulemur collaris,1451,3,21.3177359530671
Eulemur collaris,1459,3,0.645659265649438
Eulemur collaris,1460,81,29.7890733494529
Eulemur collaris,580,11,24.0690321273829
Eulemur collaris,614,12,108.495574645198
Eulemur collaris,455,69,115.524782916431
Eulemur collaris,488,69,58.8442599007079
Eulemur collaris,496,69,103.15160161254
Eulemur collaris,475,70,27.21499577749
Eulemur collaris,534,78,29.7695576978091
Eulemur collaris,548,78,0.826439690156937
Eulemur collaris,1461,78,86.0305534896496
Eulemur collaris,1462,78,23.3215042871808
Eulemur collaris,554,82,111.252093568263
Eulemur collaris,255,80,2.39529754093892
Eulemur collaris,270,80,1.19747486800301
Eulemur collaris,272,80,0.368458156106472
Eulemur collaris,273,80,4.97389831733626
Eulemur collaris,274,80,4.23704192003936
Eulemur collaris,275,80,1.84223974801898
Eulemur collaris,279,80,30.854789821823
Eulemur collaris,293,80,1.93420808195144
Eulemur collaris,303,80,1.84197769368905
Eulemur collaris,310,80,1.10513790659881
Eulemur collaris,311,80,0.460479690076709
Eulemur collaris,312,80,0.276287814046025
Eulemur collaris,340,80,37.2951265101548
Eulemur collaris,393,80,142.739824453691
Eulemur collaris,414,80,248.60235832278
Eulemur collaris,457,80,38.4553984883188
Eulemur collaris,1458,80,203.946824663964
Eulemur coronatus,2504,37,6.2465929270333
Eulemur coronatus,2709,41,28.9027750310238
Eulemur coronatus,7024,119,16.1479318826328
Eulemur coronatus,2315,200,15.1777130100187
Eulemur coronatus,224,9,0.463597745714188
Eulemur coronatus,283,9,43.2038186617044
Eulemur coronatus,463,176,0.370271373195231
Eulemur coronatus,465,176,0.462834125284791
Eulemur coronatus,468,176,43.0377824654073
Eulemur coronatus,469,176,0.18513059458977
Eulemur coronatus,483,176,1.48074673073471
Eulemur coronatus,484,176,1.66577102635694
Eulemur coronatus,486,176,0.277623898765862
Eulemur coronatus,488,176,0.277610584835947
Eulemur coronatus,512,176,1.38815019469857
Eulemur coronatus,11223,176,0.185083622752249
Eulemur coronatus,306,324,43.2675847418705
Eulemur coronatus,140,5,0.55664420881176
Eulemur coronatus,146,5,0.371099061261296
Eulemur coronatus,149,5,0.556625695955813
Eulemur coronatus,158,5,0.185535398295105
Eulemur coronatus,164,5,0.463806772104442
Eulemur coronatus,171,5,0.27827526928854
Eulemur coronatus,173,5,0.463781360735595
Eulemur coronatus,183,5,0.278243954662919
Eulemur coronatus,193,5,0.185478644791543
Eulemur coronatus,199,5,0.27820176096195
Eulemur coronatus,202,5,0.64914825101471
Eulemur coronatus,207,5,0.18546587502265
Eulemur coronatus,210,5,130.021860527528
Eulemur coronatus,214,5,0.18545505566138
Eulemur coronatus,215,5,6.4908973798604
Eulemur coronatus,223,5,8.4370977335708
Eulemur coronatus,225,5,0.185438309593201
Eulemur coronatus,231,5,0.185425482894003
Eulemur coronatus,11151,5,0.185474717534363
Eulemur coronatus,11222,5,56.8711675529887
Eulemur coronatus,4919,101,38.0240908844043
Eulemur coronatus,4945,101,3.07696966736627
Eulemur coronatus,4950,101,0.723997986286044
Eulemur coronatus,4971,101,0.361958205401897
Eulemur coronatus,11232,101,0.452763459861636
Eulemur coronatus,11067,164,20.6592519148769
Eulemur coronatus,6217,108,63.2626418560651
Eulemur coronatus,7409,430,17.1081231937802
Eulemur coronatus,7502,430,3.3134309653126
Eulemur coronatus,6453,418,0.449603298739433
Eulemur coronatus,6454,418,0.359686745625973
Eulemur coronatus,6480,418,36.331879859746
Eulemur coronatus,11241,418,0.449634089967847
Eulemur coronatus,11251,418,6.47518067736232
Eulemur coronatus,2273,431,50.4255278827549
Eulemur coronatus,6561,171,23.9064221362327
Eulemur coronatus,11250,429,39.1360013945309
Eulemur coronatus,11261,429,4.85579742656708
Eulemur coronatus,3951,433,15.48891956235
Eulemur coronatus,2426,31,53.3214198776437
Eulemur coronatus,2751,44,12.7487466710184
Eulemur coronatus,2771,44,22.2809623244871
Eulemur coronatus,3206,64,252.23920279166
Eulemur coronatus,11279,64,2.55931186735427
Eulemur coronatus,3394,436,34.5251479721492
Eulemur coronatus,11268,436,108.325308288942
Eulemur coronatus,11297,436,1.37029047696173
Eulemur coronatus,11298,436,102.719035407976
Eulemur coronatus,11299,436,19.437907051445
Eulemur coronatus,4053,437,268.157430157193
Eulemur coronatus,11288,437,21.3305931885931
Eulemur coronatus,11289,437,2.5515154922781
Eulemur coronatus,11290,437,5.10222163080156
Eulemur coronatus,11291,437,27.9623496702649
Eulemur coronatus,11282,438,12.0410908559145
Eulemur coronatus,11294,439,16.2094478191867
Eulemur coronatus,3453,65,64.7813755391271
Eulemur coronatus,11220,65,1.73570699889708
Eulemur coronatus,7262,121,21.5096479841157
Eulemur coronatus,7445,121,57.9536162531174
Eulemur coronatus,7682,121,3.75955498127008
Eulemur coronatus,11254,121,27.5139015001006
Eulemur coronatus,7546,293,30.9829191094844
Eulemur coronatus,7573,293,17.4556019028076
Eulemur coronatus,7649,293,137.250228187212
Eulemur coronatus,2488,354,56.9979385032006
Eulemur coronatus,2553,440,139.186629964662
Eulemur coronatus,2799,440,0.733449546446562
Eulemur coronatus,3083,440,411.158613429354
Eulemur coronatus,11271,440,5.05205920064193
Eulemur coronatus,11274,440,0.183579301166832
Eulemur coronatus,11277,441,229.474590033449
Eulemur coronatus,11278,441,24.6116330426842
Eulemur coronatus,1262,376,21.3177359530671
Eulemur coronatus,1964,377,12.3467417666571
Eulemur coronatus,1983,377,3.22456991307449
Eulemur coronatus,2030,377,1.19747486800301
Eulemur coronatus,2035,377,134.761430063093
Eulemur coronatus,2061,377,83.9973458819341
Eulemur coronatus,2134,377,85.9299311413139
Eulemur coronatus,2216,377,103.579343500488
Eulemur coronatus,2284,377,138.98603618893
Eulemur coronatus,11248,377,1.47231811580735
Eulemur coronatus,11249,377,16.0095614432405
Eulemur coronatus,11252,377,21.7270555164749
Eulemur coronatus,1250,397,70.2438233411079
Eulemur coronatus,1793,397,238.735969312131
Eulemur coronatus,11269,397,0.645659265649438
Eulemur coronatus,11270,442,29.7890733494529
Eulemur coronatus,1893,435,17.2347893938358
Eulemur fulvus,3303,19,29.3753021912422
Eulemur fulvus,5223,23,12.0800389464626
Eulemur fulvus,5356,23,23.6059681205691
Eulemur fulvus,5489,23,30.002952453004
Eulemur fulvus,20180,68,16.1479318826328
Eulemur fulvus,32225,532,44.4928427752445
Eulemur fulvus,5753,540,19.2038282113973
Eulemur fulvus,5496,545,16.3740665150672
Eulemur fulvus,5975,548,22.2892814174211
Eulemur fulvus,32096,548,37.6497033879563
Eulemur fulvus,468,181,0.370271373195231
Eulemur fulvus,470,181,0.462834125284791
Eulemur fulvus,473,181,43.0377824654073
Eulemur fulvus,474,181,0.18513059458977
Eulemur fulvus,494,181,1.48074673073471
Eulemur fulvus,497,181,1.66577102635694
Eulemur fulvus,501,181,0.277623898765862
Eulemur fulvus,504,181,0.277610584835947
Eulemur fulvus,532,181,1.38815019469857
Eulemur fulvus,32426,181,0.185083622752249
Eulemur fulvus,235,289,0.463597745714188
Eulemur fulvus,289,289,43.2038186617044
Eulemur fulvus,304,436,43.2675847418705
Eulemur fulvus,149,180,0.55664420881176
Eulemur fulvus,156,180,0.371099061261296
Eulemur fulvus,159,180,0.556625695955813
Eulemur fulvus,168,180,0.185535398295105
Eulemur fulvus,175,180,0.463806772104442
Eulemur fulvus,183,180,0.27827526928854
Eulemur fulvus,185,180,0.463781360735595
Eulemur fulvus,195,180,0.278243954662919
Eulemur fulvus,207,180,0.185478644791543
Eulemur fulvus,210,180,0.27820176096195
Eulemur fulvus,213,180,0.64914825101471
Eulemur fulvus,218,180,0.18546587502265
Eulemur fulvus,221,180,130.021860527528
Eulemur fulvus,225,180,0.18545505566138
Eulemur fulvus,226,180,6.4908973798604
Eulemur fulvus,234,180,8.4370977335708
Eulemur fulvus,236,180,0.185438309593201
Eulemur fulvus,242,180,0.185425482894003
Eulemur fulvus,32058,180,0.185474717534363
Eulemur fulvus,32425,180,56.8711675529887
Eulemur fulvus,13857,155,38.0240908844043
Eulemur fulvus,13954,155,3.07696966736627
Eulemur fulvus,13964,155,0.723997986286044
Eulemur fulvus,14031,155,0.361958205401897
Eulemur fulvus,32583,155,0.452763459861636
Eulemur fulvus,31954,558,0.777178853789091
Eulemur fulvus,32475,558,0.604549703200817
Eulemur fulvus,32660,558,19.9515621485635
Eulemur fulvus,32656,559,27.2715936270507
Eulemur fulvus,32657,560,29.4123165165292
Eulemur fulvus,32658,561,29.3885406549345
Eulemur fulvus,32659,562,20.6592519148769
Eulemur fulvus,32667,564,78.5054384879867
Eulemur fulvus,18542,527,0.449603298739433
Eulemur fulvus,18543,527,0.359686745625973
Eulemur fulvus,18670,527,36.331879859746
Eulemur fulvus,32585,527,0.449634089967847
Eulemur fulvus,32666,527,6.47518067736232
Eulemur fulvus,21267,566,3.3134309653126
Eulemur fulvus,32650,566,17.1081231937802
Eulemur fulvus,32706,567,43.0398890354153
Eulemur fulvus,32766,597,61.2124982058693
Eulemur fulvus,18949,379,52.2268727901955
Eulemur fulvus,32836,379,39.1360013945309
Eulemur fulvus,32467,599,64.9869920614074
Eulemur fulvus,15986,570,0.812480411258936
Eulemur fulvus,32531,570,38.3946948622806
Eulemur fulvus,32729,570,38.4612961439313
Eulemur fulvus,32732,570,0.180557963597178
Eulemur fulvus,32808,570,88.7755361952912
Eulemur fulvus,32866,601,52.0931107730117
Eulemur fulvus,32871,602,29.8365955454182
Eulemur fulvus,18142,572,0.179958904524803
Eulemur fulvus,18237,572,2.87876883525968
Eulemur fulvus,18247,572,0.899620833965421
Eulemur fulvus,18298,572,0.269868277515173
Eulemur fulvus,32748,572,45.3586244343983
Eulemur fulvus,32749,572,33.0953660842072
Eulemur fulvus,32850,603,31.1097970257607
Eulemur fulvus,32851,603,29.6010280215059
Eulemur fulvus,4571,21,19.5158601347274
Eulemur fulvus,24699,159,137.443018218653
Eulemur fulvus,3748,604,7.33885625368941
Eulemur fulvus,3828,604,1.92623914275402
Eulemur fulvus,3846,604,1.19240941025871
Eulemur fulvus,32887,608,29.8981383788189
Eulemur fulvus,5980,525,5.85033975470352
Eulemur fulvus,5990,525,24.6792146248873
Eulemur fulvus,6033,525,1.0054375043211
Eulemur fulvus,6038,525,2.83342021114933
Eulemur fulvus,6048,525,0.182805694629431
Eulemur fulvus,6073,525,1.00536820483017
Eulemur fulvus,6074,525,2.37624750380063
Eulemur fulvus,6081,525,0.274192454328179
Eulemur fulvus,6102,525,0.182784649551272
Eulemur fulvus,6135,525,0.182778454094648
Eulemur fulvus,6147,525,7.67678403816092
Eulemur fulvus,6267,525,8.49783825707888
Eulemur fulvus,6347,525,0.274089461484194
Eulemur fulvus,6421,525,9.5018882179122
Eulemur fulvus,6422,525,4.567756926453
Eulemur fulvus,32418,525,1.55373825480127
Eulemur fulvus,32478,525,0.456749789226413
Eulemur fulvus,32025,590,48.282664278709
Eulemur fulvus,32713,591,113.437646918732
Eulemur fulvus,21595,324,69.5634544487439
Eulemur fulvus,23410,324,431.509367845312
Eulemur fulvus,1070,350,128.592142873589
Eulemur fulvus,32877,350,0.3690976892097
Eulemur fulvus,32908,350,21.3177359530671
Eulemur fulvus,32909,350,85.7023597338527
Eulemur fulvus,32910,350,293.443629027022
Eulemur fulvus,32911,350,16.2380797407103
Eulemur fulvus,32912,350,0.645659265649438
Eulemur fulvus,32913,350,29.7890733494529
Eulemur fulvus,2572,609,0.643524707942724
Eulemur fulvus,2627,609,0.459616383672059
Eulemur fulvus,2637,609,0.183841973942041
Eulemur fulvus,2647,609,0.643432019172192
Eulemur fulvus,2656,609,0.275752651619673
Eulemur fulvus,2672,609,0.367655302864194
Eulemur fulvus,2696,609,1.56243208603442
Eulemur fulvus,2697,609,0.275729722221732
Eulemur fulvus,2725,609,0.275717098941624
Eulemur fulvus,2741,609,0.275709061498523
Eulemur fulvus,2745,609,0.459508593737543
Eulemur fulvus,2756,609,0.45949710468936
Eulemur fulvus,2757,609,1.1946710927344
Eulemur fulvus,2774,609,0.183794934333146
Eulemur fulvus,2782,609,53.6769175645747
Eulemur fulvus,2786,609,3.21620605602419
Eulemur fulvus,2787,609,0.551364106284499
Eulemur fulvus,2793,609,1.10266377710527
Eulemur fulvus,2804,609,0.183781132994473
Eulemur fulvus,2805,609,0.367564567481756
Eulemur fulvus,2815,609,0.183777680330753
Eulemur fulvus,2819,609,0.551319225258708
Eulemur fulvus,2826,609,0.183773075227499
Eulemur fulvus,2835,609,1.10259928914046
Eulemur fulvus,2841,609,2.02137478975803
Eulemur fulvus,2842,609,0.826945434479237
Eulemur fulvus,2847,609,0.643170052255213
Eulemur fulvus,2853,609,0.183763859938979
Eulemur fulvus,2860,609,0.183761555059075
Eulemur fulvus,2861,609,1.65382056523675
Eulemur fulvus,2885,609,0.826825480994821
Eulemur fulvus,2925,609,0.459349671094894
Eulemur fulvus,2951,609,0.367459639964223
Eulemur fulvus,2967,609,0.183724619395971
Eulemur fulvus,2968,609,0.275586929093957
Eulemur fulvus,2975,609,1.46972063059181
Eulemur fulvus,2976,609,0.275577679304183
Eulemur fulvus,3078,609,0.367363554798603
Eulemur fulvus,3110,609,58.6780858784226
Eulemur fulvus,3207,609,432.432672722725
Eulemur fulvus,3264,609,0.275443051051259
Eulemur fulvus,3622,609,0.275287525101185
Eulemur fulvus,3655,609,0.275273431350648
Eulemur fulvus,4180,609,0.183344545670271
Eulemur fulvus,4220,609,19.8004591727503
Eulemur fulvus,4280,609,4.94941971172941
Eulemur fulvus,4302,609,5.77360824797451
Eulemur fulvus,4440,609,0.183276533060908
Eulemur fulvus,8115,609,3.82909888804102
Eulemur fulvus,11143,609,5063.13340341978
Eulemur fulvus,32914,609,1.19820541345048
Eulemur fulvus,32921,609,0.183579301166832
Eulemur fulvus,32923,609,0.733449546446324
Eulemur fulvus,32924,609,28.7773817194842
Eulemur fulvus,32925,609,859.949368190404
Eulemur fulvus,32927,609,0.274443535747349
Eulemur fulvus,32928,609,0.548867488993049
Eulemur fulvus,32933,609,0.182936229304552
Eulemur fulvus,32934,609,10.6968829958997
Eulemur fulvus,32935,609,2.55931186735427
Eulemur fulvus,32938,609,1.37029047696173
Eulemur fulvus,32939,609,107.010702178571
Eulemur fulvus,32940,609,639.159561686217
Eulemur fulvus,32941,609,19.437907051445
Eulemur fulvus,32943,609,12.0410908559145
Eulemur fulvus,32946,609,0.45585832220161
Eulemur fulvus,32947,609,0.182334395841956
Eulemur fulvus,32948,609,42.2050122115301
Eulemur fulvus,32949,609,2.5515154922781
Eulemur fulvus,32950,609,5.10222163080156
Eulemur fulvus,32951,609,27.9623496702649
Eulemur fulvus,32952,609,4.18998410252416
Eulemur fulvus,32955,609,1.54801138759887
Eulemur fulvus,3594,610,0.367061380223393
Eulemur fulvus,32886,610,22.8466199514364
Eulemur fulvus,9091,611,1.18376412765741
Eulemur fulvus,32954,611,28.8676394729317
Eulemur fulvus,32916,612,14.1752324262425
Eulemur fulvus,32917,612,6.16665918636328
Eulemur fulvus,32918,613,56.9979385032006
Eulemur fulvus,6761,382,64.7813755391271
Eulemur fulvus,32410,382,1.73570699889708
Eulemur fulvus,21117,529,57.9536162531174
Eulemur fulvus,32219,529,21.5096479841157
Eulemur fulvus,32255,529,3.75955498127008
Eulemur fulvus,32854,529,27.5139015001006
Eulemur fulvus,28871,530,41.6109267733939
Eulemur fulvus,7428,550,340.504619947821
Eulemur fulvus,7436,550,2.00722734047782
Eulemur fulvus,7448,550,0.364942030489683
Eulemur fulvus,7462,550,0.456175956650972
Eulemur fulvus,32707,550,36.1603726523629
Eulemur fulvus,32872,550,100.812835919068
Eulemur fulvus,32902,550,65.6316608163534
Eulemur fulvus,32906,550,0.273783886071086
Eulemur fulvus,29523,568,8.41512718056822
Eulemur fulvus,32549,568,16.8362046284112
Eulemur fulvus,26632,582,0.62064821295929
Eulemur fulvus,26652,582,0.265972006814122
Eulemur fulvus,26674,582,0.709200345668078
Eulemur fulvus,26695,582,0.177290677110672
Eulemur fulvus,32768,582,138.846313450127
Eulemur fulvus,32769,582,0.177275942426443
Eulemur fulvus,32770,582,0.177274304782152
Eulemur fulvus,32834,582,9.04229392746901
Eulemur fulvus,32901,582,68.6631767822923
Eulemur fulvus,32714,605,506.523692399314
Eulemur fulvus,32897,605,73.9629580870592
Eulemur fulvus,32957,605,1.55032464307571
Eulemur fulvus,32958,605,29.4125688188837
Eulemur macaco,867,12,29.3753021912422
Eulemur macaco,769,162,3.21760750335884
Eulemur macaco,771,162,0.643524707942724
Eulemur macaco,781,162,0.459616383672059
Eulemur macaco,783,162,0.183841973942041
Eulemur macaco,784,162,0.183840828700006
Eulemur macaco,785,162,0.643432019172192
Eulemur macaco,787,162,0.275752651619673
Eulemur macaco,792,162,0.367655302864194
Eulemur macaco,800,162,1.10266377710527
Eulemur macaco,803,162,0.183781132994473
Eulemur macaco,807,162,2.02137478975803
Eulemur macaco,808,162,0.826945434479237
Eulemur macaco,812,162,0.826825480995119
Eulemur macaco,813,162,0.459349671094894
Eulemur macaco,814,162,0.367459639964223
Eulemur macaco,817,162,0.183724619395971
Eulemur macaco,818,162,0.275586929093957
Eulemur macaco,820,162,1.46972063059181
Eulemur macaco,821,162,0.275577679304183
Eulemur macaco,828,162,0.367363554798603
Eulemur macaco,830,162,29.9356861212078
Eulemur macaco,849,162,401.568680719222
Eulemur macaco,859,162,0.275443051051259
Eulemur macaco,8192,211,61.2124982058693
Eulemur macaco,2399,183,0.812480411258936
Eulemur macaco,8149,183,38.3946948622806
Eulemur macaco,8169,183,38.4612961439313
Eulemur macaco,8172,183,0.180557963597178
Eulemur macaco,8225,183,88.7755361952912
Eulemur macaco,8269,213,29.8365955454182
Eulemur macaco,2982,185,0.179958904524803
Eulemur macaco,3016,185,2.87876883525968
Eulemur macaco,3020,185,0.899620833965421
Eulemur macaco,3042,185,0.269868277515173
Eulemur macaco,8187,185,45.3586244343983
Eulemur macaco,8188,185,33.0953660842072
Eulemur macaco,8264,215,52.0931107730117
Eulemur macaco,8232,216,29.6010280215059
Eulemur macaco,8257,216,31.1097970257607
Eulemur macaco,1039,181,0.3660581814937
Eulemur macaco,1042,181,0.366043563450038
Eulemur macaco,8152,181,33.8666662566687
Eulemur macaco,5686,187,0.178258892614841
Eulemur macaco,5700,187,0.356448453989983
Eulemur macaco,8151,187,68.542247589293
Eulemur macaco,8284,187,0.178216341778278
Eulemur macaco,8285,187,40.1722469238046
Eulemur macaco,7860,200,48.282664278709
Eulemur macaco,1034,13,89.8712606361253
Eulemur macaco,268,180,128.592142873589
Eulemur macaco,8272,180,293.443629027022
Eulemur macaco,8294,180,21.3177359530671
Eulemur macaco,8295,180,59.0435772412643
Eulemur macaco,8296,180,0.645659265649438
Eulemur macaco,8297,180,29.7890733494529
Eulemur macaco,625,217,6.63162645038044
Eulemur macaco,636,217,1.74986507844758
Eulemur macaco,679,217,0.18402045498687
Eulemur macaco,718,217,0.4598808172791
Eulemur macaco,776,217,1889.18554226576
Eulemur macaco,8289,217,1.19820541345048
Eulemur macaco,8291,218,14.1752324262425
Eulemur macaco,8292,218,6.16665918636328
Eulemur macaco,1260,196,453.186138394851
Eulemur macaco,8281,196,73.9629580870592
Eulemur macaco,8293,196,1.55032464307571
Eulemur macaco,8298,196,29.4125688188837
Eulemur macaco,6681,206,0.620648212959528
Eulemur macaco,6690,206,0.265972006814122
Eulemur macaco,6704,206,0.709200345668078
Eulemur macaco,6715,206,0.177290677110672
Eulemur macaco,8194,206,138.846313450127
Eulemur macaco,8195,206,0.177275942426443
Eulemur macaco,8196,206,0.177274304782152
Eulemur macaco,8251,206,9.04229392746901
Eulemur macaco,8288,206,64.5889579588612
Eulemur mongoz,4,2,9.55194743301518
Eulemur mongoz,5,2,0.27820176096189
Eulemur mongoz,6,2,6.4908973798604
Eulemur mongoz,7,2,8.437097733572
Eulemur mongoz,208,38,37.6497033879563
Eulemur mongoz,431,38,22.2892814174211
Eulemur mongoz,193,40,19.2038282113973
Eulemur mongoz,170,39,16.3740665150672
Eulemur mongoz,229,15,1.36983741289043
Eulemur mongoz,243,15,10.866233292555
Eulemur mongoz,248,41,14.8774610751529
Eulemur mongoz,252,41,253.332527494909
Eulemur mongoz,264,41,2.00722734047782
Eulemur mongoz,265,41,0.364942030489683
Eulemur mongoz,266,41,0.456175956650972
Eulemur mongoz,462,41,19.4460137230934
Eulemur mongoz,463,41,37.7873675130477
Eulemur mongoz,467,41,0.273783886071086
Eulemur rubriventer,3884,52,12.0800389464626
Eulemur rubriventer,4383,710,0.182741225706577
Eulemur rubriventer,4409,710,13.1553445202122
Eulemur rubriventer,3999,705,16.3740665150672
Eulemur rubriventer,145,7,0.463597745714188
Eulemur rubriventer,194,7,43.2038186617044
Eulemur rubriventer,359,15,0.370271373195231
Eulemur rubriventer,361,15,0.462834125284791
Eulemur rubriventer,364,15,43.0377824654073
Eulemur rubriventer,365,15,0.18513059458977
Eulemur rubriventer,378,15,1.48074673073471
Eulemur rubriventer,379,15,1.66577102635694
Eulemur rubriventer,381,15,0.277623898765862
Eulemur rubriventer,383,15,0.277610584835947
Eulemur rubriventer,402,15,1.38815019469857
Eulemur rubriventer,23186,15,0.185083622752249
Eulemur rubriventer,4382,59,2.64969806134474
Eulemur rubriventer,4421,59,0.274089461484194
Eulemur rubriventer,4468,59,7.03479595916306
Eulemur rubriventer,4469,59,4.567756926453
Eulemur rubriventer,23184,59,0.456749789226413
Eulemur rubriventer,207,542,43.2675847418705
Eulemur rubriventer,61,4,0.55664420881176
Eulemur rubriventer,69,4,0.371099061261296
Eulemur rubriventer,72,4,0.556625695955813
Eulemur rubriventer,81,4,0.185535398295105
Eulemur rubriventer,88,4,0.463806772104442
Eulemur rubriventer,95,4,0.27827526928854
Eulemur rubriventer,96,4,0.463781360735595
Eulemur rubriventer,105,4,0.278243954662919
Eulemur rubriventer,117,4,0.185478644791543
Eulemur rubriventer,120,4,0.27820176096195
Eulemur rubriventer,123,4,0.64914825101471
Eulemur rubriventer,128,4,0.18546587502265
Eulemur rubriventer,131,4,130.021860527528
Eulemur rubriventer,135,4,0.18545505566138
Eulemur rubriventer,136,4,6.4908973798604
Eulemur rubriventer,144,4,8.4370977335708
Eulemur rubriventer,146,4,0.185438309593201
Eulemur rubriventer,152,4,0.185425482894003
Eulemur rubriventer,23107,4,0.185474717534363
Eulemur rubriventer,23185,4,56.8711675529887
Eulemur rubriventer,23227,724,64.9869920614074
Eulemur rubriventer,7750,110,38.0240908844043
Eulemur rubriventer,7831,110,3.07696966736627
Eulemur rubriventer,7839,110,0.723997986286044
Eulemur rubriventer,7888,110,0.361958205401897
Eulemur rubriventer,23322,110,0.452763459861636
Eulemur rubriventer,23041,716,0.777178853789091
Eulemur rubriventer,23233,716,0.604549703200817
Eulemur rubriventer,23377,716,19.9515621485635
Eulemur rubriventer,23373,717,27.2715936270507
Eulemur rubriventer,23374,718,29.4123165165292
Eulemur rubriventer,23375,719,29.3885406549345
Eulemur rubriventer,23376,720,20.6592519148769
Eulemur rubriventer,13333,163,5.19750467449403
Eulemur rubriventer,23368,163,15.2320228051803
Eulemur rubriventer,13514,721,13.8800525538392
Eulemur rubriventer,13626,721,0.626913510565519
Eulemur rubriventer,23371,721,0.447673652347684
Eulemur rubriventer,13470,165,13.8841261984153
Eulemur rubriventer,10820,516,36.331879859746
Eulemur rubriventer,11371,516,0.449603298739433
Eulemur rubriventer,11372,516,0.359686745625973
Eulemur rubriventer,23333,516,0.449634089967847
Eulemur rubriventer,23396,516,6.47518067736232
Eulemur rubriventer,11237,715,63.2626418560651
Eulemur rubriventer,4130,714,48.0992270820966
Eulemur rubriventer,23459,756,61.2124982058693
Eulemur rubriventer,11697,152,23.9064221362327
Eulemur rubriventer,23397,723,39.1360013945309
Eulemur rubriventer,23540,723,4.85579742656708
Eulemur rubriventer,9358,726,0.812480411258936
Eulemur rubriventer,23277,726,38.3946948622806
Eulemur rubriventer,23426,726,38.4612961439313
Eulemur rubriventer,23429,726,0.180557963597178
Eulemur rubriventer,23501,726,88.7755361952912
Eulemur rubriventer,23552,758,29.8365955454182
Eulemur rubriventer,11045,728,0.179958904524803
Eulemur rubriventer,11125,728,2.87876883525968
Eulemur rubriventer,11133,728,0.899620833965421
Eulemur rubriventer,11171,728,0.269868277515173
Eulemur rubriventer,23441,728,45.3586244343983
Eulemur rubriventer,23442,728,33.0953660842072
Eulemur rubriventer,23547,760,52.0931107730117
Eulemur rubriventer,23533,761,31.1097970257607
Eulemur rubriventer,23534,761,29.6010280215059
Eulemur rubriventer,4894,770,25.8225284101236
Eulemur rubriventer,22534,749,48.282664278709
Eulemur rubriventer,23403,750,113.437646918732
Eulemur rubriventer,4451,58,1.73570699889708
Eulemur rubriventer,4489,58,64.7813755391271
Eulemur rubriventer,3686,339,546.754027320261
Eulemur rubriventer,3901,339,24.808850928902
Eulemur rubriventer,23580,339,0.183394440543056
Eulemur rubriventer,23582,339,1.00823772702169
Eulemur rubriventer,23584,339,0.274976311198533
Eulemur rubriventer,23586,339,9.97826949531348
Eulemur rubriventer,23587,771,6.95533674837219
Eulemur rubriventer,13801,473,155.177321043191
Eulemur rubriventer,13915,473,59.1812618295658
Eulemur rubriventer,818,535,128.592142873589
Eulemur rubriventer,23558,535,0.3690976892097
Eulemur rubriventer,23589,535,21.3177359530671
Eulemur rubriventer,23590,535,85.7023597338527
Eulemur rubriventer,23591,535,293.443629027022
Eulemur rubriventer,23592,535,16.2380797407103
Eulemur rubriventer,23593,535,0.645659265649438
Eulemur rubriventer,23594,535,29.7890733494529
Eulemur rubriventer,2130,772,0.643524707942724
Eulemur rubriventer,2186,772,0.459616383672059
Eulemur rubriventer,2200,772,0.183841973942041
Eulemur rubriventer,2209,772,0.643432019172192
Eulemur rubriventer,2215,772,0.275752651619673
Eulemur rubriventer,2235,772,0.367655302864194
Eulemur rubriventer,2250,772,1.56243208603442
Eulemur rubriventer,2251,772,0.275729722221732
Eulemur rubriventer,2265,772,0.275717098941624
Eulemur rubriventer,2276,772,0.275709061498523
Eulemur rubriventer,2282,772,0.459508593737543
Eulemur rubriventer,2290,772,0.45949710468936
Eulemur rubriventer,2291,772,1.1946710927344
Eulemur rubriventer,2302,772,0.183794934333146
Eulemur rubriventer,2308,772,53.6769175645747
Eulemur rubriventer,2310,772,3.21620605602419
Eulemur rubriventer,2311,772,0.551364106284499
Eulemur rubriventer,2321,772,1.10266377710527
Eulemur rubriventer,2330,772,0.183781132994473
Eulemur rubriventer,2331,772,0.367564567481756
Eulemur rubriventer,2340,772,0.183777680330753
Eulemur rubriventer,2346,772,0.551319225258708
Eulemur rubriventer,2350,772,0.183773075227499
Eulemur rubriventer,2358,772,1.10259928914046
Eulemur rubriventer,2364,772,2.02137478975803
Eulemur rubriventer,2365,772,0.826945434479237
Eulemur rubriventer,2370,772,0.643170052255213
Eulemur rubriventer,2375,772,0.183763859938979
Eulemur rubriventer,2383,772,0.183761555059075
Eulemur rubriventer,2384,772,1.65382056523675
Eulemur rubriventer,2408,772,0.826825480994821
Eulemur rubriventer,2441,772,0.459349671094894
Eulemur rubriventer,2465,772,0.367459639964223
Eulemur rubriventer,2479,772,0.183724619395971
Eulemur rubriventer,2480,772,0.275586929093957
Eulemur rubriventer,2487,772,1.46972063059181
Eulemur rubriventer,2488,772,0.275577679304183
Eulemur rubriventer,2566,772,0.367363554798603
Eulemur rubriventer,2592,772,58.6780858784226
Eulemur rubriventer,2666,772,432.432672722725
Eulemur rubriventer,2707,772,0.275443051051259
Eulemur rubriventer,6059,772,5343.452040223
Eulemur rubriventer,23595,772,1.19820541345048
Eulemur rubriventer,23602,772,0.183579301166832
Eulemur rubriventer,23604,772,0.733449546446324
Eulemur rubriventer,23605,772,28.7773817194842
Eulemur rubriventer,23606,772,707.590057158573
Eulemur rubriventer,23608,772,0.274443535747349
Eulemur rubriventer,23609,772,0.548867488993049
Eulemur rubriventer,23614,772,0.182936229304552
Eulemur rubriventer,23615,772,10.6968829958997
Eulemur rubriventer,23616,772,2.55931186735427
Eulemur rubriventer,23619,772,1.37029047696173
Eulemur rubriventer,23620,772,107.010702178571
Eulemur rubriventer,23621,772,639.159561686217
Eulemur rubriventer,23622,772,19.437907051445
Eulemur rubriventer,23627,772,0.45585832220161
Eulemur rubriventer,23628,772,61.5307293035261
Eulemur rubriventer,23629,772,2.5515154922781
Eulemur rubriventer,23630,772,5.10222163080156
Eulemur rubriventer,23631,772,27.9623496702649
Eulemur rubriventer,23597,773,14.1752324262425
Eulemur rubriventer,23598,773,6.16665918636328
Eulemur rubriventer,23599,774,56.9979385032006
Eulemur rubriventer,23624,775,12.0410908559145
Eulemur rubriventer,23634,776,41.3435845824178
Eulemur rubriventer,4838,711,0.365034251434088
Eulemur rubriventer,4877,711,184.446704997093
Eulemur rubriventer,4897,711,0.547426328327894
Eulemur rubriventer,4903,711,0.364942030489683
Eulemur rubriventer,4908,711,0.456175956650972
Eulemur rubriventer,23264,711,65.4491474751962
Eulemur rubriventer,23410,711,36.1603726523629
Eulemur rubriventer,23553,711,100.812835919068
Eulemur rubriventer,23639,711,13.1419768964566
Eulemur rubriventer,23640,711,0.273783886071086
Eulemur rubriventer,18498,741,0.265972006814122
Eulemur rubriventer,18522,741,0.709200345668078
Eulemur rubriventer,18545,741,0.177290677110672
Eulemur rubriventer,23461,741,138.846313450127
Eulemur rubriventer,23462,741,0.177275942426443
Eulemur rubriventer,23463,741,0.177274304782152
Eulemur rubriventer,23527,741,9.04229392746901
Eulemur rubriventer,23578,741,68.6631767822923
Eulemur rubriventer,23411,762,506.523692399314
Eulemur rubriventer,23574,762,73.9629580870592
Eulemur rubriventer,23642,762,1.55032464307571
Eulemur rubriventer,23643,762,29.4125688188837
Eulemur rufifrons,286,19,20.6591479170249
Eulemur rufifrons,561,30,23.2404467825878
Eulemur rufifrons,14584,184,68.4073900828574
Eulemur rufifrons,17793,456,31.0182859874093
Eulemur rufifrons,8462,474,42.3362076362427
Eulemur rufifrons,1780,484,19.2038282113973
Eulemur rufifrons,1679,491,16.3740665150672
Eulemur rufifrons,1905,493,22.2892814174211
Eulemur rufifrons,17727,493,37.6497033879563
Eulemur rufifrons,18039,486,112.468627701651
Eulemur rufifrons,27,2,0.55664420881176
Eulemur rufifrons,29,2,0.371099061261296
Eulemur rufifrons,31,2,0.556625695955515
Eulemur rufifrons,34,2,0.463806772104681
Eulemur rufifrons,37,2,0.27827526928854
Eulemur rufifrons,18158,2,9.36908318528281
Eulemur rufifrons,49,497,26.7219759851387
Eulemur rufifrons,18159,498,20.2118844377252
Eulemur rufifrons,53,4,0.463597745714188
Eulemur rufifrons,73,4,43.1111113539241
Eulemur rufifrons,157,9,38.8725107153612
Eulemur rufifrons,166,9,1.48074673073471
Eulemur rufifrons,167,9,1.66577102635694
Eulemur rufifrons,169,9,1.38815019469857
Eulemur rufifrons,172,9,0.277623898765862
Eulemur rufifrons,174,9,0.277610584835947
Eulemur rufifrons,81,356,21.0334598369182
Eulemur rufifrons,18232,502,36.3826787541578
Eulemur rufifrons,18138,503,14.876475508235
Eulemur rufifrons,6364,146,38.0240908844043
Eulemur rufifrons,6407,146,3.07696966736627
Eulemur rufifrons,6412,146,0.723997986286044
Eulemur rufifrons,6437,146,0.361958205401897
Eulemur rufifrons,18258,146,0.452763459861636
Eulemur rufifrons,17160,506,0.777178853789091
Eulemur rufifrons,18182,506,0.604549703200817
Eulemur rufifrons,18331,506,19.9515621485635
Eulemur rufifrons,18327,507,27.2715936270507
Eulemur rufifrons,18328,508,29.4123165165292
Eulemur rufifrons,18329,509,29.3885406549345
Eulemur rufifrons,18330,510,20.6592519148769
Eulemur rufifrons,18337,513,78.5054384879867
Eulemur rufifrons,15824,438,46.5723968884147
Eulemur rufifrons,7821,468,0.449603298739433
Eulemur rufifrons,7822,468,0.359686745625973
Eulemur rufifrons,7861,468,36.331879859746
Eulemur rufifrons,18260,468,0.449634089967847
Eulemur rufifrons,18336,468,6.47518067736232
Eulemur rufifrons,8730,515,3.3134309653126
Eulemur rufifrons,18332,515,17.1081231937802
Eulemur rufifrons,18384,516,43.0398890354153
Eulemur rufifrons,17104,461,151.58511224908
Eulemur rufifrons,17788,461,45.1360753508905
Eulemur rufifrons,18239,461,9.98819568180025
Eulemur rufifrons,18445,546,61.2124982058693
Eulemur rufifrons,7946,316,52.2268727901955
Eulemur rufifrons,18515,316,39.1360013945309
Eulemur rufifrons,18178,547,64.9869920614074
Eulemur rufifrons,18487,549,88.7755361952912
Eulemur rufifrons,18554,550,52.0931107730117
Eulemur rufifrons,18559,551,29.8365955454182
Eulemur rufifrons,7717,521,2.87876883525968
Eulemur rufifrons,7722,521,0.899620833965421
Eulemur rufifrons,7736,521,0.269868277515173
Eulemur rufifrons,18426,521,45.3586244343983
Eulemur rufifrons,18427,521,33.0953660842072
Eulemur rufifrons,18527,553,31.1097970257607
Eulemur rufifrons,18528,553,29.6010280215059
Eulemur rufifrons,18425,555,28.8846775683397
Eulemur rufifrons,10797,418,137.443018218653
Eulemur rufifrons,1908,464,5.85033975470352
Eulemur rufifrons,1918,464,24.6792146248873
Eulemur rufifrons,1948,464,1.0054375043211
Eulemur rufifrons,1950,464,2.83342021114933
Eulemur rufifrons,1976,464,1.00536820483017
Eulemur rufifrons,1977,464,2.37624750380063
Eulemur rufifrons,1982,464,0.274192454328179
Eulemur rufifrons,2019,464,7.67678403816092
Eulemur rufifrons,2094,464,8.49783825707888
Eulemur rufifrons,2141,464,0.274089461484194
Eulemur rufifrons,2185,464,9.5018882179122
Eulemur rufifrons,2186,464,4.567756926453
Eulemur rufifrons,18128,464,1.55373825480127
Eulemur rufifrons,18183,464,0.456749789226413
Eulemur rufifrons,16466,540,48.282664278709
Eulemur rufifrons,18393,541,113.437646918732
Eulemur rufifrons,284,554,16.2380797407103
Eulemur rufifrons,18560,554,0.3690976892097
Eulemur rufifrons,434,27,65.2574596201049
Eulemur rufifrons,18572,556,30.0315886353095
Eulemur rufifrons,782,32,119.7410496914
Eulemur rufifrons,1968,283,85.7654475670485
Eulemur rufifrons,2129,283,0.365442663365483
Eulemur rufifrons,18573,283,45.698615921708
Eulemur rufifrons,2287,557,12.2387150855689
Eulemur rufifrons,3033,557,3.46533733650792
Eulemur rufifrons,18386,557,450.259733073994
Eulemur rufifrons,18387,557,72.2403849678643
Eulemur rufifrons,18584,557,1.37029047696173
Eulemur rufifrons,18585,557,81.5393141671575
Eulemur rufifrons,18586,557,19.437907051445
Eulemur rufifrons,18588,557,12.0410908559145
Eulemur rufifrons,2353,319,64.7813755391271
Eulemur rufifrons,18120,319,1.73570699889708
Eulemur rufifrons,333,352,1.38205641757107
Eulemur rufifrons,335,352,62.754294542233
Eulemur rufifrons,338,352,1.19747486800301
Eulemur rufifrons,341,352,32.5124332313215
Eulemur rufifrons,348,352,1.93420808195144
Eulemur rufifrons,350,352,2.67083779864252
Eulemur rufifrons,352,352,0.460479690076709
Eulemur rufifrons,359,352,77.6418550091935
Eulemur rufifrons,413,352,405.493937963261
Eulemur rufifrons,416,352,0.367843747830391
Eulemur rufifrons,8679,472,57.9536162531174
Eulemur rufifrons,17863,472,21.5096479841157
Eulemur rufifrons,17981,472,3.75955498127008
Eulemur rufifrons,18539,472,27.5139015001006
Eulemur rufifrons,9190,473,89.7882265229853
Eulemur rufifrons,9524,473,468.355482097602
Eulemur rufifrons,2751,496,340.504619947821
Eulemur rufifrons,2757,496,2.0072273404777
Eulemur rufifrons,2764,496,0.364942030489683
Eulemur rufifrons,18218,496,0.456175956650376
Eulemur rufifrons,18385,496,36.1603726523629
Eulemur rufifrons,18562,496,100.812835919068
Eulemur rufifrons,18576,496,65.6316608163534
Eulemur rufifrons,18580,496,0.273783886071086
Eulemur rufifrons,3127,511,1.45892001618862
Eulemur rufifrons,17843,511,63.0670493476875
Eulemur rufifrons,18011,511,202.690629818171
Eulemur rufifrons,18582,511,1.55032464307571
Eulemur rufifrons,17966,517,41.6109267733939
Eulemur rufifrons,18394,530,59.6598417871081
Eulemur rufifrons,18589,530,29.4125688188837
Eulemur rufifrons,11663,533,0.620648212959528
Eulemur rufifrons,11678,533,0.265972006814122
Eulemur rufifrons,11702,533,0.709200345668078
Eulemur rufifrons,18447,533,138.846313450127
Eulemur rufifrons,18513,533,9.04229392746901
Eulemur rufifrons,18571,533,68.6631767822923
Eulemur rufifrons,18246,548,16.8362046284112
Eulemur rufifrons,18247,548,11.4830635166789
Eulemur rufifrons,18546,548,5.43494208523166
Eulemur rufus,2046,254,9.23022386336541
Eulemur rufus,2079,254,0.548279554689765
Eulemur rufus,12161,217,68.4073900828574
Eulemur rufus,6937,458,42.3362076362427
Eulemur rufus,1873,465,19.2038282113973
Eulemur rufus,1742,469,16.3740665150672
Eulemur rufus,68,331,21.0334598369182
Eulemur rufus,13510,470,0.777178853789091
Eulemur rufus,13755,470,0.604549703200817
Eulemur rufus,13869,470,19.9515621485635
Eulemur rufus,13520,476,29.4123165165292
Eulemur rufus,13866,477,27.2715936270507
Eulemur rufus,13867,478,29.3885406549345
Eulemur rufus,13868,479,20.6592519148769
Eulemur rufus,6131,344,78.5054384879867
Eulemur rufus,7234,484,3.3134309653126
Eulemur rufus,13854,484,17.1081231937802
Eulemur rufus,13872,485,43.0398890354153
Eulemur rufus,7167,475,42.7215934479371
Eulemur rufus,13632,475,3.75955498127008
Eulemur rufus,8748,425,17.4448450427906
Eulemur rufus,13930,509,31.423229277505
Eulemur rufus,13748,512,64.9869920614074
Eulemur rufus,13575,480,51.8674302060766
Eulemur rufus,13995,480,0.539642938729286
Eulemur rufus,6329,488,2.87876883525968
Eulemur rufus,6331,488,0.899620833965421
Eulemur rufus,6336,488,0.269868277515173
Eulemur rufus,6430,488,45.3586244343983
Eulemur rufus,13915,488,33.0953660842072
Eulemur rufus,13978,513,52.0931107730117
Eulemur rufus,12007,507,31.1097970257607
Eulemur rufus,13993,507,29.6010280215059
Eulemur rufus,13931,510,88.7755361952912
Eulemur rufus,14005,514,29.8365955454182
Eulemur rufus,1986,346,5.85033975470352
Eulemur rufus,1993,346,24.6792146248873
Eulemur rufus,2015,346,2.65062070312488
Eulemur rufus,2019,346,0.182805694629431
Eulemur rufus,2034,346,0.274192454328179
Eulemur rufus,13725,346,1.55373825480127
Eulemur rufus,2044,515,0.182784649551272
Eulemur rufus,2045,515,1.18809712456632
Eulemur rufus,2058,515,0.182778454094648
Eulemur rufus,2065,515,4.38649564416385
Eulemur rufus,2115,515,8.49783825707936
Eulemur rufus,2142,515,0.274089461484194
Eulemur rufus,2155,515,9.5018882179122
Eulemur rufus,2157,515,4.56775692645169
Eulemur rufus,13756,515,0.456749789226413
Eulemur rufus,13165,467,48.282664278709
Eulemur rufus,8946,493,113.437646918732
Eulemur rufus,259,17,20.6591479170306
Eulemur rufus,219,209,70.2438233411079
Eulemur rufus,257,209,53.880920567325
Eulemur rufus,456,225,0.183791485481143
Eulemur rufus,461,225,0.367564567481756
Eulemur rufus,462,225,1.74590292306334
Eulemur rufus,463,225,5.32952738205135
Eulemur rufus,465,225,0.183777680330753
Eulemur rufus,466,225,0.551319225258708
Eulemur rufus,468,225,0.183773075227499
Eulemur rufus,471,225,1.10259928914046
Eulemur rufus,472,225,0.643170052255213
Eulemur rufus,474,225,0.183763859938979
Eulemur rufus,475,225,0.183761555059075
Eulemur rufus,476,225,1.65382056523675
Eulemur rufus,512,225,115.571074452121
Eulemur rufus,342,336,3.22456991307449
Eulemur rufus,344,336,0.276354423903167
Eulemur rufus,346,336,1.19747486800301
Eulemur rufus,355,336,0.644736027104974
Eulemur rufus,356,336,0.184211880049229
Eulemur rufus,362,336,11.3275119935625
Eulemur rufus,370,336,0.828750979144871
Eulemur rufus,371,336,149.498138390679
Eulemur rufus,374,336,0.18415957501781
Eulemur rufus,384,336,51.8261761133202
Eulemur rufus,437,336,0.18402045498687
Eulemur rufus,458,336,855.564131476534
Eulemur rufus,14012,336,5.60608257632959
Eulemur rufus,3236,362,3.09900984286463
Eulemur rufus,3274,362,0.729165010962606
Eulemur rufus,3285,362,0.638013784430742
Eulemur rufus,3292,362,0.638009943682313
Eulemur rufus,3742,362,389.331060329181
Eulemur rufus,14019,362,1.55032464307571
Eulemur rufus,7128,454,16.3121433096236
Eulemur rufus,13986,454,27.5139015001006
Eulemur rufus,7726,455,89.7882265229853
Eulemur rufus,8024,455,75.0504966753905
Eulemur rufus,13796,455,129.399132575428
Eulemur rufus,14001,455,76.6492177270728
Eulemur rufus,2547,468,340.504619947821
Eulemur rufus,2555,468,2.0072273404777
Eulemur rufus,2563,468,0.364942030489683
Eulemur rufus,2570,468,0.456175956650972
Eulemur rufus,13786,468,81.3668221959746
Eulemur rufus,13912,468,36.1603726523629
Eulemur rufus,14013,468,65.6316608163534
Eulemur rufus,14017,468,0.273783886071086
Eulemur rufus,9799,497,0.62064821295929
Eulemur rufus,9810,497,0.265972006814122
Eulemur rufus,9823,497,0.709200345668078
Eulemur rufus,10955,497,138.846313450127
Eulemur rufus,13971,497,9.04229392746901
Eulemur rufus,14011,497,68.6631767822923
Eulemur rufus,13561,516,73.9629580870592
Eulemur rufus,14020,516,29.4125688188837
Eulemur sanfordi,2719,130,42.3362076362427
Eulemur sanfordi,31,99,0.55664420881176
Eulemur sanfordi,34,99,0.371099061261296
Eulemur sanfordi,35,99,0.556625695955813
Eulemur sanfordi,39,99,9.3690831852839
Eulemur sanfordi,40,99,0.185535398295105
Eulemur sanfordi,44,99,0.463806772104442
Eulemur sanfordi,48,99,0.27827526928854
Eulemur sanfordi,50,99,0.185499234954476
Eulemur sanfordi,51,99,0.278243954662919
Eulemur sanfordi,52,99,26.0608411523744
Eulemur sanfordi,58,99,0.185478644791543
Eulemur sanfordi,59,99,0.27820176096195
Eulemur sanfordi,62,99,0.18546587502265
Eulemur sanfordi,67,99,0.18545505566138
Eulemur sanfordi,68,99,6.4908973798604
Eulemur sanfordi,75,99,8.437097733572
Eulemur sanfordi,76,99,0.185438309593201
Eulemur sanfordi,82,99,0.185425482894003
Eulemur sanfordi,2864,99,0.185474717534363
Eulemur sanfordi,874,133,19.2038282113973
Eulemur sanfordi,828,118,16.3740665150672
Eulemur sanfordi,911,135,37.6497033879563
Eulemur sanfordi,2865,135,22.2892814174211
Eulemur sanfordi,119,4,21.0334598369182
Eulemur sanfordi,172,74,0.370271373195231
Eulemur sanfordi,174,74,0.462834125284791
Eulemur sanfordi,176,74,43.0377824654073
Eulemur sanfordi,177,74,0.18513059458977
Eulemur sanfordi,183,74,1.48074673073471
Eulemur sanfordi,184,74,1.66577102635694
Eulemur sanfordi,185,74,0.277623898765862
Eulemur sanfordi,186,74,0.277610584835947
Eulemur sanfordi,194,74,1.38815019469857
Eulemur sanfordi,2887,74,0.185083622752249
Eulemur sanfordi,2598,138,78.5054384879867
Eulemur sanfordi,2624,139,52.2268727901955
Eulemur sanfordi,2891,139,0.539642938729286
Eulemur sanfordi,913,128,5.85033975470352
Eulemur sanfordi,915,128,24.6792146248873
Eulemur sanfordi,920,128,1.0054375043211
Eulemur sanfordi,921,128,2.83342021114933
Eulemur sanfordi,923,128,0.182805694629431
Eulemur sanfordi,928,128,1.00536820483017
Eulemur sanfordi,929,128,2.37624750380063
Eulemur sanfordi,931,128,0.274192454328179
Eulemur sanfordi,935,128,0.182784649551272
Eulemur sanfordi,944,128,0.182778454094648
Eulemur sanfordi,947,128,7.67678403816092
Eulemur sanfordi,959,128,1.55373825480127
Eulemur sanfordi,974,128,8.49783825707888
Eulemur sanfordi,988,128,0.274089461484194
Eulemur sanfordi,1001,128,9.5018882179122
Eulemur sanfordi,1002,128,4.567756926453
Eulemur sanfordi,1012,128,0.456749789226651
Eulemur sanfordi,1104,137,15.7907166848388
Eulemur sanfordi,1111,137,0.182513341157198
Eulemur sanfordi,1112,137,186.88228894826
Eulemur sanfordi,1143,137,2.0072273404777
Eulemur sanfordi,1146,137,0.364942030489683
Eulemur sanfordi,2888,137,0.456175956650376
Eulemur sanfordi,2895,137,11.4080143894299
Eulemur sanfordi,2896,137,0.273783886071086
Euryceros prevostii,1,1,24.6990569160829
Euryceros prevostii,2,2,30.1165791761407
Euryceros prevostii,3,2,7.33885625368941
Euryceros prevostii,8,2,1074.96658394094
Euryceros prevostii,50,2,300.431202858853
Euryceros prevostii,51,2,25.8267574798966
Euryceros prevostii,53,2,57.4451952053775
Euryceros prevostii,7,3,31.6875166683323
Euryceros prevostii,11,3,112.371548219479
Euryceros prevostii,14,3,0.914022286538959
Euryceros prevostii,21,3,3.10483766981149
Euryceros prevostii,22,3,19.1757271733138
Euryceros prevostii,49,3,8.94254393267929
Euryceros prevostii,52,3,29.9114782175353
Falco zoniventris,8,1,51.0125296297589
Falco zoniventris,10,1,43.2038186617044
Falco zoniventris,13,1,21.1261124531245
Falco zoniventris,24,1,43.0377824654073
Falco zoniventris,46,1,128.592142873589
Falco zoniventris,49,1,59.0435772412643
Falco zoniventris,55,1,16.2380797407139
Falco zoniventris,58,1,293.443629027022
Falco zoniventris,86,1,53.6769175645747
Falco zoniventris,94,1,58.6780858784226
Falco zoniventris,96,1,432.432672722725
Falco zoniventris,185,1,5719.24042355205
Falco zoniventris,1066,1,26.7219759851387
Falco zoniventris,1068,1,20.2118844377252
Falco zoniventris,1208,1,29.4125688188837
Falco zoniventris,1298,1,506.523692399314
Falco zoniventris,1357,1,1363.63995657705
Falco zoniventris,1362,1,73.9629580870592
Falco zoniventris,1363,1,21.3177359530671
Falco zoniventris,1365,1,29.7890733494529
Falco zoniventris,1366,1,7.91582309377038
Falco zoniventris,1367,1,56.9979385032006
Falco zoniventris,1373,1,28.7773817194842
Falco zoniventris,1374,1,859.949368190404
Falco zoniventris,1383,1,10.6968829958997
Falco zoniventris,1388,1,107.010702178571
Falco zoniventris,1389,1,639.159561686217
Falco zoniventris,1390,1,19.437907051445
Falco zoniventris,1392,1,12.0410908559145
Falco zoniventris,1396,1,61.5307293035261
Falco zoniventris,1399,1,27.9623496702649
Falco zoniventris,1402,1,41.3435845824178
Falco zoniventris,359,2,36.331879859746
Falco zoniventris,371,2,52.2268727901955
Falco zoniventris,408,2,42.3362076362427
Falco zoniventris,427,2,57.9536162531174
Falco zoniventris,454,2,89.7882265229853
Falco zoniventris,468,2,468.355482097602
Falco zoniventris,919,2,21.5096479841157
Falco zoniventris,1283,2,17.1081231937802
Falco zoniventris,1300,2,6.47518067736232
Falco zoniventris,1301,2,78.5054384879867
Falco zoniventris,1334,2,43.0398890354153
Falco zoniventris,1349,2,39.1360013945309
Falco zoniventris,1356,2,27.5139015001006
Falco zoniventris,144,3,12.894550309714
Falco zoniventris,166,3,31.0315972086302
Falco zoniventris,168,3,36.1603726523629
Falco zoniventris,169,3,25.8225284101236
Falco zoniventris,1109,3,95.7257595299255
Falco zoniventris,1140,3,59.2635538920963
Falco zoniventris,1141,3,34.227543500394
Falco zoniventris,1335,3,27.8442933033056
Falco zoniventris,1404,3,9.67378974067533
Falco zoniventris,591,4,13.0789196686617
Falco zoniventris,663,4,433.810619797173
Falco zoniventris,676,4,7.62251941031325
Falco zoniventris,724,4,46.5723968884147
Falco zoniventris,996,4,43.5541700668897
Falco zoniventris,1002,4,42.4890235274736
Falco zoniventris,1036,4,13.0307413413469
Falco zoniventris,1039,4,112.468627701651
Falco zoniventris,1163,4,36.3826787541578
Falco zoniventris,1171,4,16.8362046284112
Falco zoniventris,1172,4,11.4830635166789
Falco zoniventris,1181,4,9.25706128804803
Falco zoniventris,1330,4,17.5870851484947
Falculea palliata,3380,8,25.2530937962923
Falculea palliata,4115,13,31.0182859874093
Falculea palliata,33,21,0.463597745714188
Falculea palliata,34,21,43.2038186617044
Falculea palliata,113,25,0.462834125284791
Falculea palliata,116,25,43.0377824654073
Falculea palliata,129,25,1.48074673073471
Falculea palliata,131,25,1.66577102635694
Falculea palliata,132,25,1.38815019469857
Falculea palliata,1511,12,0.452763459861875
Falculea palliata,1530,12,38.2051651932399
Falculea palliata,1535,12,3.07696966736638
Falculea palliata,1538,12,0.723997986286044
Falculea palliata,3854,26,151.58511224908
Falculea palliata,4285,26,14.876475508235
Falculea palliata,4366,26,9.98819568180025
Falculea palliata,1738,7,18.7159821588671
Falculea palliata,1828,7,45.6640702512723
Falculea palliata,4430,7,0.539642938729286
Falculea palliata,1782,29,0.449603298739433
Falculea palliata,1797,29,36.331879859746
Falculea palliata,4387,29,0.449634089967847
Falculea palliata,4400,29,6.47518067736232
Falculea palliata,2576,28,137.443018218653
Falculea palliata,399,10,16.3740665150672
Falculea palliata,418,10,19.2038282113973
Falculea palliata,459,10,9.23022386336541
Falculea palliata,466,10,0.548279554689765
Falculea palliata,502,10,9.04258868397665
Falculea palliata,595,10,196.464755096992
Falculea palliata,607,10,2.00722734047782
Falculea palliata,611,10,0.456175956650972
Falculea palliata,4348,10,59.2635538920963
Falculea palliata,4428,10,36.1603726523629
Falculea palliata,4445,10,65.6316608163534
Falculea palliata,3051,22,13.1672804516124
Falculea palliata,3381,22,433.810619797173
Falculea palliata,3386,22,1.49040422382188
Falculea palliata,3426,22,7.62251941031325
Falculea palliata,3659,22,46.5723968884147
Falculea palliata,4184,22,43.5541700668897
Falculea palliata,4185,22,2.02803748513663
Falculea palliata,4186,22,2.11576712074435
Falculea palliata,4190,22,42.4890235274736
Falculea palliata,4239,22,13.0307413413469
Falculea palliata,4240,22,3.87195306908155
Falculea palliata,4241,22,6.06907414019537
Falculea palliata,4242,22,112.468627701651
Falculea palliata,4361,22,36.3826787541578
Falculea palliata,4369,22,16.8362046284112
Falculea palliata,4371,22,5.43494208523166
Falculea palliata,4380,22,9.25706128804803
Falculea palliata,4383,22,4.31856011909986
Falculea palliata,4385,22,2.02272765648687
Falculea palliata,4425,22,17.5870851484947
Falculea palliata,4426,22,2.03225787389851
Falculea palliata,4427,22,1.94182639975023
Falculea palliata,4444,22,3.06793633611071
Falculea palliata,528,24,64.7813755391271
Falculea palliata,4278,24,1.73570699889708
Falculea palliata,1964,30,42.3362076362427
Falculea palliata,2006,30,21.5096479841157
Falculea palliata,2017,30,57.9536162531174
Falculea palliata,2038,30,3.3134309653126
Falculea palliata,2141,30,89.7882265229853
Falculea palliata,2205,30,468.355482097602
Falculea palliata,4205,30,3.75955498127008
Falculea palliata,4394,30,17.1081231937802
Falculea palliata,4406,30,26.5383701396017
Falculea palliata,4435,30,27.5139015001006
Fossa fossana,5,1,53.6769175645747
Fossa fossana,6,1,58.6780858784226
Fossa fossana,7,1,432.432672722725
Fossa fossana,8,1,5770.98429934675
Fossa fossana,85,1,506.523692399314
Fossa fossana,98,1,1363.63995657705
Fossa fossana,105,1,73.9629580870592
Fossa fossana,123,1,859.949368190404
Fossa fossana,137,1,107.010702178571
Fossa fossana,138,1,639.159561686217
Fossa fossana,145,1,61.5307293035261
Foudia madagascariensis,40939,158,42.3362076362427
Foudia madagascariensis,40695,169,13.1672804516135
Foudia madagascariensis,690,187,43.4528749465152
Foudia madagascariensis,41559,188,44.4928427752445
Foudia madagascariensis,783,155,0.370271373195231
Foudia madagascariensis,785,155,0.462834125284791
Foudia madagascariensis,789,155,43.0377824654073
Foudia madagascariensis,790,155,0.18513059458977
Foudia madagascariensis,825,155,1.48074673073471
Foudia madagascariensis,831,155,1.66577102635694
Foudia madagascariensis,838,155,0.277623898765862
Foudia madagascariensis,845,155,0.277610584835947
Foudia madagascariensis,905,155,1.38815019469857
Foudia madagascariensis,41888,155,0.185083622752249
Foudia madagascariensis,375,185,0.463597745714188
Foudia madagascariensis,494,185,43.2038186617044
Foudia madagascariensis,247,93,0.55664420881176
Foudia madagascariensis,257,93,0.371099061261296
Foudia madagascariensis,260,93,0.556625695955813
Foudia madagascariensis,272,93,0.185535398295105
Foudia madagascariensis,280,93,0.463806772104442
Foudia madagascariensis,289,93,0.27827526928854
Foudia madagascariensis,291,93,0.463781360735595
Foudia madagascariensis,309,93,0.278243954662919
Foudia madagascariensis,325,93,0.185478644791543
Foudia madagascariensis,328,93,0.27820176096195
Foudia madagascariensis,341,93,0.18546587502265
Foudia madagascariensis,349,93,130.021860527528
Foudia madagascariensis,357,93,0.18545505566138
Foudia madagascariensis,358,93,6.49089737985945
Foudia madagascariensis,376,93,0.185438309593201
Foudia madagascariensis,387,93,0.185425482894003
Foudia madagascariensis,393,93,8.4370977335708
Foudia madagascariensis,40269,93,0.185474717534363
Foudia madagascariensis,40833,93,0.64914825101459
Foudia madagascariensis,41887,93,56.8711675529887
Foudia madagascariensis,41760,192,112.468627701651
Foudia madagascariensis,16373,89,38.2051651932399
Foudia madagascariensis,16427,89,3.07696966736627
Foudia madagascariensis,16434,89,0.723997986286044
Foudia madagascariensis,16500,89,0.361958205401897
Foudia madagascariensis,42086,89,0.452763459861636
Foudia madagascariensis,39554,196,0.777178853789091
Foudia madagascariensis,41935,196,0.604549703200817
Foudia madagascariensis,42165,196,27.2715936270507
Foudia madagascariensis,42166,196,29.4123165165292
Foudia madagascariensis,42167,196,29.3885406549345
Foudia madagascariensis,42168,196,20.6592519148769
Foudia madagascariensis,42169,196,19.9515621485635
Foudia madagascariensis,42189,198,78.5054384879867
Foudia madagascariensis,41646,201,43.5541700668897
Foudia madagascariensis,20977,193,0.449603298739433
Foudia madagascariensis,20978,193,0.359686745625973
Foudia madagascariensis,21175,193,36.331879859746
Foudia madagascariensis,42088,193,0.449634089967847
Foudia madagascariensis,42188,193,6.47518067736232
Foudia madagascariensis,40693,170,435.931164999176
Foudia madagascariensis,41647,170,2.02803748513663
Foudia madagascariensis,41648,170,2.11576712074435
Foudia madagascariensis,41752,170,13.3829553466861
Foudia madagascariensis,41753,170,3.87195306908155
Foudia madagascariensis,41754,170,6.06907414019537
Foudia madagascariensis,42055,170,9.25706128804803
Foudia madagascariensis,42058,170,4.31856011909986
Foudia madagascariensis,42060,170,2.02272765648687
Foudia madagascariensis,42235,170,17.5870851484947
Foudia madagascariensis,42236,170,2.03225787389851
Foudia madagascariensis,42237,170,1.94182639975023
Foudia madagascariensis,23416,96,52.2268727901955
Foudia madagascariensis,42397,96,39.1360013945309
Foudia madagascariensis,39746,166,151.58511224908
Foudia madagascariensis,40715,166,0.260165493234396
Foudia madagascariensis,40716,166,12.0483039035159
Foudia madagascariensis,40717,166,7.36721759575951
Foudia madagascariensis,41369,166,17.8876522784661
Foudia madagascariensis,41412,166,45.1360753508905
Foudia madagascariensis,41521,166,448.998273922438
Foudia madagascariensis,41858,166,14.876475508235
Foudia madagascariensis,42029,166,9.98819568180025
Foudia madagascariensis,42244,166,5.23129722183871
Foudia madagascariensis,41929,184,64.9869920614074
Foudia madagascariensis,18271,206,0.812480411258936
Foudia madagascariensis,42003,206,38.3946948622806
Foudia madagascariensis,42287,206,38.8224120711257
Foudia madagascariensis,42323,206,61.2124982058693
Foudia madagascariensis,42365,206,88.7755361952912
Foudia madagascariensis,42453,206,29.8365955454182
Foudia madagascariensis,20628,218,0.899620833965421
Foudia madagascariensis,20689,218,0.269868277515173
Foudia madagascariensis,40642,218,0.179958904524803
Foudia madagascariensis,40643,218,2.87876883525717
Foudia madagascariensis,42305,218,45.3586244343983
Foudia madagascariensis,42306,218,33.0953660842072
Foudia madagascariensis,42448,221,52.0931107730117
Foudia madagascariensis,41101,199,137.443018218653
Foudia madagascariensis,42257,210,113.437646918732
Foudia madagascariensis,40146,214,48.282664278709
Foudia madagascariensis,42404,215,31.1097970257607
Foudia madagascariensis,42405,215,29.6010280215059
Foudia madagascariensis,1933,113,128.592142873589
Foudia madagascariensis,42459,113,0.3690976892097
Foudia madagascariensis,42489,113,21.3177359530671
Foudia madagascariensis,42490,113,85.7023597338527
Foudia madagascariensis,42491,113,293.443629027022
Foudia madagascariensis,42492,113,16.2380797407103
Foudia madagascariensis,42493,113,0.645659265649438
Foudia madagascariensis,42494,113,29.7890733494529
Foudia madagascariensis,4239,222,0.459616383672059
Foudia madagascariensis,4266,222,0.183841973942041
Foudia madagascariensis,4279,222,0.643432019172192
Foudia madagascariensis,4288,222,0.275752651619673
Foudia madagascariensis,4318,222,0.367655302864194
Foudia madagascariensis,4347,222,1.56243208603442
Foudia madagascariensis,4348,222,0.275729722221732
Foudia madagascariensis,4383,222,0.275717098941624
Foudia madagascariensis,4405,222,0.275709061498523
Foudia madagascariensis,4413,222,0.459508593737841
Foudia madagascariensis,4426,222,0.45949710468936
Foudia madagascariensis,4427,222,1.1946710927344
Foudia madagascariensis,4447,222,0.183794934333146
Foudia madagascariensis,4462,222,3.21620605602294
Foudia madagascariensis,4463,222,0.551364106284499
Foudia madagascariensis,4476,222,1.10266377710527
Foudia madagascariensis,4490,222,0.183781132994473
Foudia madagascariensis,4491,222,0.367564567481756
Foudia madagascariensis,4506,222,0.183777680330634
Foudia madagascariensis,4514,222,0.551319225258708
Foudia madagascariensis,4523,222,0.183773075227499
Foudia madagascariensis,4533,222,1.10259928914046
Foudia madagascariensis,4540,222,2.02137478975803
Foudia madagascariensis,4541,222,0.826945434479237
Foudia madagascariensis,4551,222,0.643170052255213
Foudia madagascariensis,4561,222,0.183763859938979
Foudia madagascariensis,4570,222,0.183761555059075
Foudia madagascariensis,4571,222,1.65382056523675
Foudia madagascariensis,4618,222,0.826825480994821
Foudia madagascariensis,4666,222,0.459349671094894
Foudia madagascariensis,4704,222,0.367459639964223
Foudia madagascariensis,4732,222,0.183724619395971
Foudia madagascariensis,4733,222,0.275586929093957
Foudia madagascariensis,4745,222,1.46972063059181
Foudia madagascariensis,4746,222,0.275577679304183
Foudia madagascariensis,4914,222,0.367363554798603
Foudia madagascariensis,4953,222,58.6780858784226
Foudia madagascariensis,5100,222,432.524525778189
Foudia madagascariensis,5151,222,0.275443051051259
Foudia madagascariensis,13853,222,5774.75159988603
Foudia madagascariensis,41073,222,53.6769175645747
Foudia madagascariensis,41074,222,0.643524707942724
Foudia madagascariensis,41978,222,86.9343049463478
Foudia madagascariensis,41983,222,2.57736175300068
Foudia madagascariensis,41985,222,2.20879511307001
Foudia madagascariensis,42270,222,1.10433682509226
Foudia madagascariensis,42271,222,506.523692399314
Foudia madagascariensis,42468,222,1364.28172076837
Foudia madagascariensis,42478,222,73.9629580870592
Foudia madagascariensis,42495,222,1.19820541345048
Foudia madagascariensis,42497,222,14.1752324262425
Foudia madagascariensis,42498,222,6.16665918636328
Foudia madagascariensis,42499,222,56.9979385032006
Foudia madagascariensis,42502,222,0.183579301166832
Foudia madagascariensis,42504,222,0.733449546446324
Foudia madagascariensis,42505,222,28.7773817194842
Foudia madagascariensis,42506,222,861.047150624134
Foudia madagascariensis,42508,222,0.274443535747349
Foudia madagascariensis,42509,222,0.548867488993049
Foudia madagascariensis,42514,222,0.182936229304552
Foudia madagascariensis,42515,222,10.6968829958997
Foudia madagascariensis,42516,222,2.55931186735427
Foudia madagascariensis,42519,222,1.37029047696173
Foudia madagascariensis,42520,222,107.101985298331
Foudia madagascariensis,42521,222,639.159561686217
Foudia madagascariensis,42522,222,19.437907051445
Foudia madagascariensis,42524,222,12.0410908559145
Foudia madagascariensis,42527,222,0.45585832220161
Foudia madagascariensis,42528,222,61.5307293035261
Foudia madagascariensis,42529,222,2.5515154922781
Foudia madagascariensis,42530,222,5.10222163080156
Foudia madagascariensis,42531,222,27.9623496702649
Foudia madagascariensis,42532,222,4.18998410252416
Foudia madagascariensis,42534,222,41.4346548026909
Foudia madagascariensis,42535,222,1.54801138759887
Foudia madagascariensis,42537,222,1.55032464307571
Foudia madagascariensis,42539,222,0.183394440543056
Foudia madagascariensis,42541,222,1.00823772702169
Foudia madagascariensis,42543,222,0.274976311198533
Foudia madagascariensis,42545,222,29.5036222200694
Foudia madagascariensis,9593,132,64.7813755391271
Foudia madagascariensis,41851,132,1.73570699889708
Foudia madagascariensis,34926,165,7.62251941031325
Foudia madagascariensis,41204,165,46.5723968884147
Foudia madagascariensis,41651,165,42.4890235274736
Foudia madagascariensis,42040,165,36.3826787541578
Foudia madagascariensis,42053,165,16.8362046284112
Foudia madagascariensis,42054,165,11.4830635166789
Foudia madagascariensis,42439,165,5.43494208523166
Foudia madagascariensis,8339,182,19.2038282113973
Foudia madagascariensis,8663,182,5.85033975470352
Foudia madagascariensis,8681,182,16.0871950112813
Foudia madagascariensis,8766,182,0.182805694629431
Foudia madagascariensis,8778,182,0.274201118186474
Foudia madagascariensis,8813,182,0.274192454328179
Foudia madagascariensis,8854,182,0.182784649551272
Foudia madagascariensis,8855,182,1.18809712456632
Foudia madagascariensis,8856,182,9.23022386336541
Foudia madagascariensis,8892,182,0.182778454094648
Foudia madagascariensis,8914,182,4.38649564416385
Foudia madagascariensis,8964,182,0.548279554689765
Foudia madagascariensis,9083,182,8.86332816260099
Foudia madagascariensis,9084,182,0.182741225706577
Foudia madagascariensis,9154,182,0.274089461484194
Foudia madagascariensis,10359,182,2.0072273404777
Foudia madagascariensis,10397,182,0.364942030489326
Foudia madagascariensis,10413,182,0.456175956650972
Foudia madagascariensis,10747,182,341.78231787148
Foudia madagascariensis,40536,182,16.3740665150672
Foudia madagascariensis,40873,182,22.3806283842244
Foudia madagascariensis,40874,182,4.567756926453
Foudia madagascariensis,41853,182,1.55373825480127
Foudia madagascariensis,41938,182,10.0499887125863
Foudia madagascariensis,42246,182,36.7996040886711
Foudia madagascariensis,42454,182,100.812835919068
Foudia madagascariensis,42483,182,65.8141993703688
Foudia madagascariensis,42487,182,0.273783886071086
Foudia madagascariensis,24168,195,57.9536162531174
Foudia madagascariensis,24404,195,3.3134309653126
Foudia madagascariensis,25847,195,89.7882265229853
Foudia madagascariensis,26786,195,468.355482097602
Foudia madagascariensis,41537,195,21.5096479841157
Foudia madagascariensis,41670,195,3.75955498127008
Foudia madagascariensis,42157,195,17.1081231937802
Foudia madagascariensis,42245,195,43.0398890354153
Foudia madagascariensis,42431,195,27.5139015001006
Foudia madagascariensis,30660,209,0.620648212959528
Foudia madagascariensis,30692,209,0.265972006814122
Foudia madagascariensis,30734,209,0.709200345668078
Foudia madagascariensis,30772,209,0.177290677110672
Foudia madagascariensis,42325,209,138.846313450127
Foudia madagascariensis,42326,209,0.177275942426443
Foudia madagascariensis,42327,209,0.177274304782152
Foudia madagascariensis,42391,209,9.04229392746901
Foudia madagascariensis,42482,209,68.6631767822923
Foudia omissa,519,8,14.4181473408762
Foudia omissa,1,1,56.8711675529887
Foudia omissa,3,1,0.64914825101471
Foudia omissa,8248,1,52.3985918019408
Foudia omissa,8109,26,29.4123165165292
Foudia omissa,8289,26,27.2715936270507
Foudia omissa,8290,26,29.3885406549345
Foudia omissa,8291,26,20.6592519148769
Foudia omissa,1097,25,11.1100677051132
Foudia omissa,1119,25,0.182113276715875
Foudia omissa,1697,30,0.812480411258936
Foudia omissa,8321,30,34.3971482793418
Foudia omissa,8323,30,0.180557963597178
Foudia omissa,8350,30,61.2124982058693
Foudia omissa,8398,30,88.7755361952912
Foudia omissa,8440,30,29.8365955454182
Foudia omissa,2398,42,0.179958904524803
Foudia omissa,2451,42,2.87876883525968
Foudia omissa,2456,42,0.899620833965421
Foudia omissa,2484,42,0.269868277515173
Foudia omissa,8332,42,45.3586244343983
Foudia omissa,8333,42,33.0953660842072
Foudia omissa,8435,44,52.0931107730117
Foudia omissa,8312,34,113.437646918732
Foudia omissa,8098,38,48.282664278709
Foudia omissa,8428,39,31.1097970257607
Foudia omissa,8429,39,29.6010280215059
Foudia omissa,42,3,51.7890604442995
Foudia omissa,110,3,1.1995567112959
Foudia omissa,170,3,0.6456592656492
Foudia omissa,179,3,4.33443217345184
Foudia omissa,8444,3,21.3177359530671
Foudia omissa,8446,3,0.3690976892097
Foudia omissa,8467,3,85.7023597338527
Foudia omissa,8468,3,257.101016139501
Foudia omissa,8469,3,16.2380797407103
Foudia omissa,8470,3,29.7890733494529
Foudia omissa,268,45,40.2587459644453
Foudia omissa,280,45,0.276286701651156
Foudia omissa,281,45,2.48649016338259
Foudia omissa,282,45,5.15725681965875
Foudia omissa,359,45,0.18402045498687
Foudia omissa,395,45,0.4598808172791
Foudia omissa,495,45,270.933045520923
Foudia omissa,691,45,772.071720523018
Foudia omissa,838,45,41.2839215929323
Foudia omissa,879,45,2001.18616895209
Foudia omissa,8453,45,1353.66520198551
Foudia omissa,8471,45,1912.4986861001
Foudia omissa,8472,45,1.19820541345048
Foudia omissa,8474,45,14.1752324262425
Foudia omissa,8475,45,6.16665918636328
Foudia omissa,8476,45,56.9979385032006
Foudia omissa,8477,45,36.3277949952738
Foudia omissa,8495,45,0.183394440543056
Foudia omissa,8497,45,1.00823772702169
Foudia omissa,8499,45,0.274976311198533
Foudia omissa,927,9,541.883543455147
Foudia omissa,960,9,0.273849359069586
Foudia omissa,961,9,0.182563724761963
Foudia omissa,1007,9,3.46533733650792
Foudia omissa,1052,9,368.637378403316
Foudia omissa,8456,9,59.3564680753992
Foudia omissa,8479,9,0.274443535747349
Foudia omissa,8480,9,0.548867488993049
Foudia omissa,8485,9,0.182936229304552
Foudia omissa,8486,9,29.3555368332619
Foudia omissa,8487,9,10.6968829958997
Foudia omissa,8490,9,1.37029047696173
Foudia omissa,8491,9,77.705629423223
Foudia omissa,1099,27,4.18998410252416
Foudia omissa,1269,27,443.456643051625
Foudia omissa,8313,27,72.2403849678643
Foudia omissa,8458,27,73.9629580870592
Foudia omissa,8462,27,27.7801576174151
Foudia omissa,8493,27,1.55032464307571
Foudia omissa,8501,27,29.4125688188837
Foudia omissa,8502,27,1.54801138759887
Foudia omissa,6348,33,0.620648212959528
Foudia omissa,6351,33,0.265972006814122
Foudia omissa,6356,33,0.709200345668078
Foudia omissa,6363,33,0.177290677110672
Foudia omissa,8352,33,138.846313450127
Foudia omissa,8353,33,0.177275942426443
Foudia omissa,8354,33,0.177274304782152
Foudia omissa,8422,33,9.04229392746901
Foudia omissa,8466,33,68.6631767822923
Gactornis enarratus,1,1,56.8711675529887
Gactornis enarratus,1820,1,28.8450665179954
Gactornis enarratus,1808,5,29.4123165165292
Gactornis enarratus,1855,5,27.2715936270507
Gactornis enarratus,1875,4,34.3971482793418
Gactornis enarratus,1900,4,61.2124982058693
Gactornis enarratus,1946,4,88.7755361952912
Gactornis enarratus,1982,4,29.8365955454182
Gactornis enarratus,549,13,2.87876883525968
Gactornis enarratus,1881,13,45.3586244343983
Gactornis enarratus,1882,13,33.0953660842072
Gactornis enarratus,1977,15,52.0931107730117
Gactornis enarratus,1274,7,113.437646918732
Gactornis enarratus,1974,8,31.1097970257607
Gactornis enarratus,1975,8,29.6010280215059
Gactornis enarratus,3,2,51.7890604442995
Gactornis enarratus,10,2,30.809979733636
Gactornis enarratus,11,2,4.33443217345184
Gactornis enarratus,28,2,83.8290039665172
Gactornis enarratus,29,2,1.65764340949857
Gactornis enarratus,44,2,29.966803009745
Gactornis enarratus,45,2,29.9533284785289
Gactornis enarratus,104,2,10.6968829958997
Gactornis enarratus,131,2,162.559450521116
Gactornis enarratus,134,2,3.19109242600811
Gactornis enarratus,142,2,22.5162443939922
Gactornis enarratus,197,2,5088.69574986734
Gactornis enarratus,1864,2,73.9629580870592
Gactornis enarratus,1985,2,21.3177359530671
Gactornis enarratus,1992,2,1363.63995657705
Gactornis enarratus,1999,2,132.14130058614
Gactornis enarratus,2017,2,1.55032464307571
Gactornis enarratus,2018,2,85.7023597338527
Gactornis enarratus,2019,2,185.788025092568
Gactornis enarratus,2020,2,16.2380797407103
Gactornis enarratus,2021,2,29.7890733494529
Gactornis enarratus,2022,2,1.19820541345048
Gactornis enarratus,2024,2,14.1752324262425
Gactornis enarratus,2025,2,6.16665918636328
Gactornis enarratus,2026,2,56.9979385032006
Gactornis enarratus,2031,2,851.35516073316
Gactornis enarratus,2035,2,1.37029047696173
Gactornis enarratus,2036,2,107.010702178571
Gactornis enarratus,2037,2,639.159561686217
Gactornis enarratus,2038,2,19.437907051445
Gactornis enarratus,2040,2,12.0410908559145
Gactornis enarratus,2044,2,61.5307293035261
Gactornis enarratus,2045,2,2.5515154922781
Gactornis enarratus,2046,2,5.10222163080156
Gactornis enarratus,2047,2,27.9623496702649
Gactornis enarratus,2048,2,4.18998410252416
Gactornis enarratus,2050,2,41.3435845824178
Gactornis enarratus,2051,2,1.54801138759887
Gactornis enarratus,2052,2,29.4125688188837
Gactornis enarratus,1915,12,138.846313450127
Gactornis enarratus,1970,12,9.04229392746901
Gactornis enarratus,2016,12,68.6631767822923
Galidia elegans,7,1,53.6769175645747
Galidia elegans,8,1,58.6780858784187
Galidia elegans,9,1,432.432672722725
Galidia elegans,12,1,5757.09760909525
Galidia elegans,56,1,506.523692399314
Galidia elegans,69,1,1333.57945510407
Galidia elegans,76,1,73.9629580870592
Galidia elegans,93,1,28.7773817194842
Galidia elegans,94,1,859.949368190404
Galidia elegans,108,1,107.010702178571
Galidia elegans,109,1,639.159561686217
Galidia elegans,116,1,61.5307293035261
Galidia elegans,132,1,29.4125688188837
Geobiastes squamiger,3,1,24.4945574344214
Geobiastes squamiger,6,1,88.6406669123473
Geobiastes squamiger,8,1,139.526251123567
Geobiastes squamiger,9,1,23.2776854783
Geobiastes squamiger,10,1,29.527280857765
Geobiastes squamiger,11,1,55.5464891757995
Geobiastes squamiger,12,1,139.478312369879
Geobiastes squamiger,13,1,31.4720297234889
Geobiastes squamiger,14,1,4.22112663122815
Geobiastes squamiger,15,1,395.054614018092
Geobiastes squamiger,16,1,79.3607835382276
Geobiastes squamiger,17,1,49.0768985771524
Geobiastes squamiger,18,1,28.9742458016426
Geobiastes squamiger,20,1,69.6754423861931
Geobiastes squamiger,22,1,119.797805640143
Geobiastes squamiger,24,1,28.7773817194793
Geobiastes squamiger,25,1,5.77360824797451
Geobiastes squamiger,30,1,72.7386250797894
Geobiastes squamiger,32,1,4.57841928809607
Geobiastes squamiger,34,1,24.8088509288972
Geobiastes squamiger,36,1,499.039634133407
Geobiastes squamiger,40,1,161.087990952933
Geobiastes squamiger,42,1,296.709197349999
Geobiastes squamiger,46,1,2.55931186735427
Geobiastes squamiger,47,1,62.2549358162045
Geobiastes squamiger,53,1,27.5628913215346
Geobiastes squamiger,54,1,107.786015007129
Geobiastes squamiger,55,1,98.9741318037775
Geobiastes squamiger,58,1,19.437907051445
Geobiastes squamiger,67,1,12.0410908559145
Geobiastes squamiger,77,1,2.55151549227786
Geobiastes squamiger,79,1,166.193217744123
Geobiastes squamiger,80,1,5.10222163080048
Geobiastes squamiger,83,1,27.8755226799484
Geobiastes squamiger,87,1,29.693265883516
Geobiastes squamiger,88,1,27.9623496702811
Geobiastes squamiger,91,1,41.3435845824158
Geobiastes squamiger,413,1,61.5307293035261
Geobiastes squamiger,414,1,11.844067606982
Geobiastes squamiger,416,1,59.2391267675772
Geobiastes squamiger,418,1,29.961795364261
Geogale aurita,67,20,0.370271373195231
Geogale aurita,69,20,0.0925668250995874
Geogale aurita,71,20,18.9744048029395
Geogale aurita,72,20,0.18513059458977
Geogale aurita,79,20,1.48074673073471
Geogale aurita,185,56,53.880920567325
Geogale aurita,186,58,20.6591479170249
Geogale aurita,187,59,11.0677904937422
Geogale aurita,189,61,7.19359772695065
Geogale aurita,225,75,10.964685349086
Geogale aurita,239,83,0.368458156106472
Geogale aurita,240,83,4.97389831733626
Geogale aurita,248,81,94.48711746656
Geogale aurita,264,85,83.4488106803567
Geogale aurita,265,86,0.18419521236676
Geogale aurita,275,86,22.4685178929525
Geogale aurita,592,120,3.21620605602419
Geogale aurita,693,132,58.6780858784187
Geogale aurita,771,141,29.9898391575263
Geogale aurita,780,144,8.71055469847292
Geogale aurita,1055,190,2.64969806134474
Geogale aurita,1063,190,0.274089461484194
Geogale aurita,1064,190,0.0913643975844383
Geogale aurita,1068,190,0.0913631538983583
Geogale aurita,1076,190,7.03479595916306
Geogale aurita,1079,190,4.56775692645169
Geogale aurita,1081,190,0.456749789226651
Geogale aurita,1489,281,7.69327844079459
Geogale aurita,1494,281,0.0905061372197867
Geogale aurita,1822,805,3.3134309653126
Geogale aurita,1864,339,89.7882265230072
Geogale aurita,3032,574,68.4073900828574
Geogale aurita,4195,349,3.75955498127008
Geogale aurita,4216,868,44.4928427752445
Geogale aurita,4265,881,98.5473947674056
Geogale aurita,11,4,20.2118844377252
Geogale aurita,19,5,0.0927073077802658
Geogale aurita,31,5,43.1111113539241
Geogale aurita,38,10,21.0334598369182
Geogale aurita,42,10,0.0926675960290432
Geogale aurita,45,10,0.0926606114119887
Geogale aurita,872,169,19.7722950257891
Geogale aurita,3726,704,0.0869155042579174
Geogale aurita,3794,704,50.2299276165449
Geogale aurita,4339,704,25.3907382257994
Geogale aurita,4295,886,14.876475508235
Geogale aurita,1855,342,51.2002113748953
Geogale aurita,4006,852,29.4123165165292
Geogale aurita,4312,897,0.604549703200817
Geogale aurita,4390,897,19.9515621485635
Geogale aurita,4387,898,27.2715936270507
Geogale aurita,4388,899,29.3885406549345
Geogale aurita,4389,900,20.6592519148769
Geogale aurita,1706,309,0.0899370735929012
Geogale aurita,1709,309,0.449603298739433
Geogale aurita,1710,309,0.359686745625973
Geogale aurita,1712,309,36.331879859746
Geogale aurita,1708,903,0.0899238860028982
Geogale aurita,4369,903,0.449634089967847
Geogale aurita,4404,903,6.47518067736232
Geogale aurita,1809,336,17.1081231937802
Geogale aurita,1810,337,42.7215934479371
Geogale aurita,608,906,217.548470136974
Geogale aurita,4423,906,21.7270555164749
Geogale aurita,560,116,20.8623323525691
Geogale aurita,594,116,1.01083246940482
Geogale aurita,266,87,24.5866544846195
Geogale aurita,274,87,0.0920892604658604
Geogale aurita,283,87,23.7530982886361
Geogale aurita,4284,882,17.0356763884092
Geogale aurita,2259,404,137.443018218653
Geogale aurita,1142,889,0.456175956650972
Geogale aurita,4306,889,184.446704997093
Geogale aurita,4344,892,5.43494208523166
Geogale aurita,4430,892,3.06793633611071
Geogale aurita,157,46,128.592142873589
Geogale aurita,165,53,30.0784773466857
Geogale aurita,4431,53,21.3177359530671
Geogale aurita,243,82,32.5124332313215
Geogale aurita,252,82,1.93420808195144
Geogale aurita,278,82,68.6117236014659
Geogale aurita,541,103,0.183841973942041
Geogale aurita,545,103,0.643432019172192
Geogale aurita,571,103,0.275717098941624
Geogale aurita,577,103,0.275709061498523
Geogale aurita,582,103,0.459508593737543
Geogale aurita,587,103,0.45949710468936
Geogale aurita,600,103,1.10266377710527
Geogale aurita,615,103,0.826945434479237
Geogale aurita,641,103,0.367459639964223
Geogale aurita,654,103,1.46972063059181
Geogale aurita,716,103,425.446104515823
Geogale aurita,512,111,27.1236302449263
Geogale aurita,791,146,49.4288476734337
Geogale aurita,1093,179,52.0004519905617
Geogale aurita,4441,911,10.6968829958997
Geogale aurita,1136,198,0.091256670578599
Geogale aurita,1137,198,65.4491474751962
Geogale aurita,4335,198,59.2635538920963
Geogale aurita,4426,198,36.1603726523629
Geogale aurita,4443,198,0.0912743136838675
Geogale aurita,4444,198,0.0912730548305511
Geogale aurita,4445,198,13.1419768964566
Geogale aurita,4447,198,0.0912604547177553
Geogale aurita,1176,204,0.820644420907855
Geogale aurita,1199,204,3.09900984286463
Geogale aurita,4450,204,86.7001037569826
Geogale aurita,1196,912,229.204800390624
Geogale aurita,1785,330,16.3121433096236
Geogale aurita,2020,361,220.040034830485
Geogale aurita,686,907,0.826439690156937
Geogale aurita,763,907,45.0878960449752
Geogale aurita,4439,907,23.3215042871808
Geogale aurita,4440,907,27.8149137552771
Geogale aurita,4425,913,29.7695576977943
Geogale aurita,4424,908,27.21499577749
Geogale aurita,4451,914,23.001548176319
Geogale aurita,535,910,0.459616383672059
Geogale aurita,547,910,0.275752651619673
Geogale aurita,590,910,0.183794934333146
Geogale aurita,591,910,53.6769175645747
Geogale aurita,593,910,0.551364106284499
Geogale aurita,601,910,408.383205752645
Geogale aurita,611,910,0.551319225258708
Geogale aurita,617,910,0.643170052255213
Geogale aurita,4432,915,7.91582309377038
Geogale aurita,4433,916,25.8543332637122
Geogale aurita,4434,917,53.7015996192026
Geogale aurita,4435,918,28.9027750310352
Gymnuromys roberti,21,5,30.0784773466911
Gymnuromys roberti,22,6,28.0485209092963
Gymnuromys roberti,29,8,29.7890733494464
Gymnuromys roberti,476,31,29.8438585847248
Gymnuromys roberti,3549,169,29.4123165165292
Gymnuromys roberti,3642,241,27.2715936270507
Gymnuromys roberti,3643,242,29.3885406549345
Gymnuromys roberti,423,20,1.10266377710551
Gymnuromys roberti,424,20,0.183781132994473
Gymnuromys roberti,428,20,2.02137478975803
Gymnuromys roberti,429,20,0.826945434479237
Gymnuromys roberti,439,20,0.367459639964223
Gymnuromys roberti,444,20,0.183724619395971
Gymnuromys roberti,445,20,0.275586929093957
Gymnuromys roberti,451,20,1.46972063059181
Gymnuromys roberti,452,20,0.275577679304183
Gymnuromys roberti,469,20,364.365840095669
Gymnuromys roberti,3610,231,28.1809853154598
Gymnuromys roberti,926,247,0.812480411258936
Gymnuromys roberti,3649,247,16.6994855698657
Gymnuromys roberti,3650,247,1.17365293457222
Gymnuromys roberti,3651,247,0.180557963597178
Gymnuromys roberti,3674,265,61.2124982058693
Gymnuromys roberti,3727,281,52.0931107730117
Gymnuromys roberti,1193,246,0.179958904524803
Gymnuromys roberti,1205,246,2.87876883525968
Gymnuromys roberti,1210,246,0.899620833965421
Gymnuromys roberti,1221,246,0.269868277515173
Gymnuromys roberti,3655,246,45.3586244343983
Gymnuromys roberti,3656,246,33.0953660842072
Gymnuromys roberti,1417,249,88.7755361952912
Gymnuromys roberti,3715,282,29.8365955454182
Gymnuromys roberti,3724,283,31.1097970257607
Gymnuromys roberti,3725,283,29.6010280215059
Gymnuromys roberti,3732,286,57.2295433791005
Gymnuromys roberti,3413,204,48.282664278709
Gymnuromys roberti,2506,256,113.437646918732
Gymnuromys roberti,5,2,80.5939694670642
Gymnuromys roberti,28,7,26.6587824925889
Gymnuromys roberti,3729,7,0.3690976892097
Gymnuromys roberti,3750,7,16.2380797407103
Gymnuromys roberti,41,9,40.2587459644453
Gymnuromys roberti,54,9,0.460479690076709
Gymnuromys roberti,55,9,0.276287814046025
Gymnuromys roberti,153,9,0.18402045498687
Gymnuromys roberti,370,9,1.3788789025259
Gymnuromys roberti,407,9,1380.9112220126
Gymnuromys roberti,414,9,1.10272016136467
Gymnuromys roberti,415,9,1.01083246940535
Gymnuromys roberti,421,9,0.183784584811091
Gymnuromys roberti,519,292,151.513543031612
Gymnuromys roberti,3752,293,14.1752324262425
Gymnuromys roberti,3753,294,6.16665918636328
Gymnuromys roberti,3754,295,59.9645208859885
Gymnuromys roberti,3755,296,3.94530448271018
Gymnuromys roberti,3756,297,90.3858999414735
Gymnuromys roberti,56,12,179.22709814799
Gymnuromys roberti,3751,12,30.1057095869768
Gymnuromys roberti,566,33,73.9629580870592
Gymnuromys roberti,3757,33,29.4125688188837
Gymnuromys roberti,3619,245,23.8148690528684
Gymnuromys roberti,3687,275,138.846313450127
Gymnuromys roberti,3749,291,68.6631767822923
Hapalemur aureus,100,9,1.17365293457222
Hapalemur aureus,102,9,0.180557963597178
Hapalemur aureus,103,9,0.812480411258936
Hapalemur aureus,104,9,16.6994855698657
Hapalemur aureus,105,9,59.0116196877248
Hapalemur aureus,52,4,31.4878831114368
Hapalemur aureus,333,20,9.04229392746949
Hapalemur aureus,334,20,0.620648212959528
Hapalemur aureus,337,20,0.265972006814122
Hapalemur aureus,341,20,0.709200345668078
Hapalemur aureus,345,20,0.177290677110672
Hapalemur aureus,347,20,0.177274304782391
Hapalemur aureus,369,20,76.0083037039325
Hapalemur aureus,409,20,0.177275942426443
Hapalemur aureus,411,20,68.6631767822923
Hapalemur griseus,4355,43,25.8267574798982
Hapalemur griseus,4897,534,19.2038282113973
Hapalemur griseus,4784,540,16.3740665150672
Hapalemur griseus,5006,542,22.2892814174211
Hapalemur griseus,18951,542,30.6135540736676
Hapalemur griseus,203,7,0.463597745714188
Hapalemur griseus,263,7,43.2038186617044
Hapalemur griseus,429,13,0.370271373195231
Hapalemur griseus,431,13,0.462834125284791
Hapalemur griseus,434,13,43.0377824654073
Hapalemur griseus,435,13,0.18513059458977
Hapalemur griseus,449,13,1.48074673073471
Hapalemur griseus,450,13,1.66577102635694
Hapalemur griseus,452,13,0.277623898765862
Hapalemur griseus,454,13,0.277610584835947
Hapalemur griseus,474,13,1.38815019469857
Hapalemur griseus,19201,13,0.185083622752249
Hapalemur griseus,277,376,43.2675847418705
Hapalemur griseus,120,3,0.55664420881176
Hapalemur griseus,127,3,0.371099061261296
Hapalemur griseus,130,3,0.556625695955813
Hapalemur griseus,139,3,0.185535398295105
Hapalemur griseus,145,3,0.463806772104442
Hapalemur griseus,152,3,0.27827526928854
Hapalemur griseus,154,3,0.463781360735595
Hapalemur griseus,162,3,0.278243954662919
Hapalemur griseus,172,3,0.185478644791543
Hapalemur griseus,178,3,0.27820176096195
Hapalemur griseus,181,3,0.64914825101471
Hapalemur griseus,186,3,0.18546587502265
Hapalemur griseus,189,3,130.021860527528
Hapalemur griseus,193,3,0.18545505566138
Hapalemur griseus,194,3,6.4908973798604
Hapalemur griseus,202,3,8.4370977335708
Hapalemur griseus,204,3,0.185438309593201
Hapalemur griseus,210,3,0.185425482894003
Hapalemur griseus,18930,3,0.185474717534363
Hapalemur griseus,19200,3,56.8711675529887
Hapalemur griseus,19242,558,64.9869920614074
Hapalemur griseus,8475,95,38.0240908844043
Hapalemur griseus,8532,95,3.07696966736627
Hapalemur griseus,8539,95,0.723997986286044
Hapalemur griseus,8570,95,0.361958205401897
Hapalemur griseus,19355,95,0.452763459861636
Hapalemur griseus,18887,550,0.777178853789091
Hapalemur griseus,19248,550,0.604549703200817
Hapalemur griseus,19412,550,19.9515621485635
Hapalemur griseus,19408,551,27.2715936270507
Hapalemur griseus,19409,552,29.4123165165292
Hapalemur griseus,19410,553,29.3885406549345
Hapalemur griseus,19411,554,20.6592519148769
Hapalemur griseus,12495,555,3.3134309653126
Hapalemur griseus,19404,555,13.8841261984153
Hapalemur griseus,19439,556,26.5383701396017
Hapalemur griseus,10770,358,36.331879859746
Hapalemur griseus,10940,358,0.449603298739433
Hapalemur griseus,10941,358,0.359686745625973
Hapalemur griseus,19357,358,0.449634089967847
Hapalemur griseus,19430,358,6.47518067736232
Hapalemur griseus,19431,557,78.5054384879867
Hapalemur griseus,19501,589,61.2124982058693
Hapalemur griseus,11118,404,51.8674302060766
Hapalemur griseus,19573,404,39.1360013945309
Hapalemur griseus,9614,510,0.812480411258936
Hapalemur griseus,19310,510,38.3946948622806
Hapalemur griseus,19468,510,38.4612961439313
Hapalemur griseus,19543,510,88.7755361952912
Hapalemur griseus,19601,590,29.8365955454182
Hapalemur griseus,5014,531,24.6792146248873
Hapalemur griseus,5033,531,2.83342021114933
Hapalemur griseus,5052,531,1.00536820483017
Hapalemur griseus,18998,531,2.46812535342705
Hapalemur griseus,10776,561,2.87876883525968
Hapalemur griseus,10779,561,0.899620833965421
Hapalemur griseus,10805,561,0.269868277515173
Hapalemur griseus,19483,561,45.3586244343983
Hapalemur griseus,19484,561,33.0953660842072
Hapalemur griseus,19596,592,52.0931107730117
Hapalemur griseus,19587,593,31.1097970257607
Hapalemur griseus,19588,593,29.6010280215059
Hapalemur griseus,12349,137,27.5139015001006
Hapalemur griseus,12400,137,41.0293049223326
Hapalemur griseus,19586,137,5.19750467449212
Hapalemur griseus,18532,583,48.282664278709
Hapalemur griseus,19445,584,113.437646918732
Hapalemur griseus,5064,594,1.18809712456667
Hapalemur griseus,5082,594,4.38649564416385
Hapalemur griseus,5135,594,8.49783825707888
Hapalemur griseus,5176,594,0.274089461484194
Hapalemur griseus,5220,594,9.5018882179122
Hapalemur griseus,5221,594,4.567756926453
Hapalemur griseus,19251,594,0.456749789226413
Hapalemur griseus,12467,138,40.9179544183666
Hapalemur griseus,12936,138,227.815236638844
Hapalemur griseus,1216,371,128.592142873589
Hapalemur griseus,19607,371,0.3690976892097
Hapalemur griseus,19629,371,21.3177359530671
Hapalemur griseus,19630,371,85.7023597338527
Hapalemur griseus,19631,371,293.443629027022
Hapalemur griseus,19632,371,16.2380797407103
Hapalemur griseus,19633,371,0.645659265649438
Hapalemur griseus,19634,371,29.7890733494529
Hapalemur griseus,2849,596,0.643524707942724
Hapalemur griseus,2913,596,0.459616383672059
Hapalemur griseus,2932,596,0.643432019172192
Hapalemur griseus,2938,596,0.275752651619673
Hapalemur griseus,2957,596,0.367655302864194
Hapalemur griseus,2977,596,1.56243208603442
Hapalemur griseus,2978,596,0.275729722221732
Hapalemur griseus,3000,596,0.275717098941624
Hapalemur griseus,3012,596,0.275709061498523
Hapalemur griseus,3016,596,0.459508593737543
Hapalemur griseus,3021,596,0.45949710468936
Hapalemur griseus,3022,596,1.1946710927344
Hapalemur griseus,3036,596,53.6769175645747
Hapalemur griseus,3038,596,3.21620605602419
Hapalemur griseus,3039,596,0.551364106284499
Hapalemur griseus,3046,596,1.10266377710527
Hapalemur griseus,3055,596,0.367564567481756
Hapalemur griseus,3063,596,0.551319225258708
Hapalemur griseus,3073,596,1.10259928914046
Hapalemur griseus,3078,596,2.02137478975803
Hapalemur griseus,3079,596,0.826945434479237
Hapalemur griseus,3085,596,0.643170052255213
Hapalemur griseus,3093,596,1.65382056523675
Hapalemur griseus,3112,596,0.826825480994821
Hapalemur griseus,3137,596,0.459349671094894
Hapalemur griseus,3159,596,0.367459639964223
Hapalemur griseus,3173,596,0.275586929093957
Hapalemur griseus,3177,596,1.46972063059181
Hapalemur griseus,3178,596,0.275577679304183
Hapalemur griseus,3256,596,0.367363554798603
Hapalemur griseus,3280,596,58.6780858784226
Hapalemur griseus,3345,596,432.432672722725
Hapalemur griseus,3380,596,0.275443051051259
Hapalemur griseus,4128,596,30.8790083227627
Hapalemur griseus,7236,596,5657.37865408614
Hapalemur griseus,19616,596,1333.70694073947
Hapalemur griseus,19635,596,1.19820541345048
Hapalemur griseus,19644,596,0.733449546446324
Hapalemur griseus,19645,596,28.7773817194842
Hapalemur griseus,19646,596,859.949368190404
Hapalemur griseus,19648,596,0.274443535747349
Hapalemur griseus,19649,596,0.548867488993049
Hapalemur griseus,19655,596,10.6968829958997
Hapalemur griseus,19656,596,2.55931186735427
Hapalemur griseus,19659,596,1.37029047696173
Hapalemur griseus,19660,596,107.010702178571
Hapalemur griseus,19661,596,639.159561686217
Hapalemur griseus,19662,596,19.437907051445
Hapalemur griseus,19667,596,0.45585832220161
Hapalemur griseus,19668,596,61.5307293035261
Hapalemur griseus,19669,596,2.5515154922781
Hapalemur griseus,19670,596,5.10222163080156
Hapalemur griseus,19671,596,27.9623496702649
Hapalemur griseus,19687,596,1.00823772702169
Hapalemur griseus,19689,596,0.274976311198533
Hapalemur griseus,19637,597,14.1752324262425
Hapalemur griseus,19638,597,6.16665918636328
Hapalemur griseus,19639,598,56.9979385032006
Hapalemur griseus,19664,599,12.0410908559145
Hapalemur griseus,19674,600,41.3435845824178
Hapalemur griseus,5407,408,64.7813755391271
Hapalemur griseus,19191,408,1.73570699889708
Hapalemur griseus,5684,543,0.365034251434088
Hapalemur griseus,5724,543,277.350781846119
Hapalemur griseus,5752,543,0.547426328327894
Hapalemur griseus,5758,543,0.364942030489683
Hapalemur griseus,5764,543,0.456175956650972
Hapalemur griseus,19289,543,65.4491474751962
Hapalemur griseus,19452,543,36.1603726523629
Hapalemur griseus,19602,543,100.812835919068
Hapalemur griseus,19680,543,13.1419768964566
Hapalemur griseus,19681,543,0.273783886071086
Hapalemur griseus,15940,575,0.265972006814122
Hapalemur griseus,15960,575,0.709200345668078
Hapalemur griseus,19503,575,138.846313450127
Hapalemur griseus,19569,575,9.04229392746901
Hapalemur griseus,19628,575,68.6631767822923
Hapalemur griseus,19453,595,506.523692399314
Hapalemur griseus,19624,595,73.9629580870592
Hapalemur griseus,19683,595,1.55032464307571
Hapalemur griseus,19691,595,29.4125688188837
Hartertula flavoviridis,54,9,30.0587182645782
Hartertula flavoviridis,55,10,113.159909775709
Hartertula flavoviridis,75,13,22.8472887600286
Hartertula flavoviridis,127,18,23.4112399584996
Hartertula flavoviridis,133,18,0.182879727682233
Hartertula flavoviridis,135,19,29.9286669204925
Hartertula flavoviridis,136,20,28.18098531547
Hartertula flavoviridis,89,15,8.71055469847292
Hartertula flavoviridis,99,15,11.4591862702202
Hartertula flavoviridis,138,21,70.6253013850902
Hartertula flavoviridis,147,25,88.7755361952912
Hartertula flavoviridis,169,26,52.0931107730117
Hartertula flavoviridis,806,41,31.1097970257607
Hartertula flavoviridis,909,54,14.5552500460275
Hartertula flavoviridis,37,6,5.25313743514037
Hartertula flavoviridis,49,6,31.6985197321722
Hartertula flavoviridis,926,6,1.19820541345048
Hartertula flavoviridis,59,12,136.803497863832
Hartertula flavoviridis,60,12,0.367143398642659
Hartertula flavoviridis,61,12,4.95616607062143
Hartertula flavoviridis,62,12,6.14897300429553
Hartertula flavoviridis,63,12,0.367093046224177
Hartertula flavoviridis,64,12,2.38581502810431
Hartertula flavoviridis,73,12,1.55979265927613
Hartertula flavoviridis,78,12,10.6418234924151
Hartertula flavoviridis,82,12,57.8703943592523
Hartertula flavoviridis,110,16,60.0081350929425
Hartertula flavoviridis,772,47,34.8751767713098
Hartertula flavoviridis,925,47,29.7182434685754
Hartertula flavoviridis,773,55,57.9452893114559
Hartertula flavoviridis,50,57,101.76744134032
Hartertula flavoviridis,53,57,238.765775899283
Hartertula flavoviridis,911,57,30.0136415207517
Hartertula flavoviridis,928,57,5.33902110164034
Hartertula flavoviridis,929,57,6.16665918636328
Hartertula flavoviridis,930,57,0.920388230831802
Hartlaubius auratus,582,74,0.370271373195231
Hartlaubius auratus,584,74,0.462834125284791
Hartlaubius auratus,588,74,43.0377824654073
Hartlaubius auratus,589,74,0.18513059458977
Hartlaubius auratus,614,74,1.48074673073471
Hartlaubius auratus,620,74,1.66577102635694
Hartlaubius auratus,627,74,0.277623898765862
Hartlaubius auratus,636,74,0.277610584835947
Hartlaubius auratus,683,74,1.38815019469857
Hartlaubius auratus,31478,74,0.185083622752249
Hartlaubius auratus,284,77,0.463597745714188
Hartlaubius auratus,363,77,43.2038186617044
Hartlaubius auratus,188,19,0.55664420881176
Hartlaubius auratus,195,19,0.371099061261296
Hartlaubius auratus,198,19,0.556625695955813
Hartlaubius auratus,208,19,0.185535398295105
Hartlaubius auratus,215,19,0.463806772104442
Hartlaubius auratus,223,19,0.27827526928854
Hartlaubius auratus,225,19,0.463781360735595
Hartlaubius auratus,240,19,0.278243954662919
Hartlaubius auratus,253,19,0.185478644791543
Hartlaubius auratus,256,19,0.27820176096195
Hartlaubius auratus,259,19,0.64914825101471
Hartlaubius auratus,264,19,0.18546587502265
Hartlaubius auratus,269,19,130.021860527528
Hartlaubius auratus,273,19,0.18545505566138
Hartlaubius auratus,274,19,6.4908973798604
Hartlaubius auratus,283,19,8.4370977335708
Hartlaubius auratus,285,19,0.185438309593201
Hartlaubius auratus,292,19,0.185425482894003
Hartlaubius auratus,515,19,43.4528749465152
Hartlaubius auratus,31217,19,0.185474717534363
Hartlaubius auratus,31477,19,56.8711675529887
Hartlaubius auratus,13294,14,38.2051651932399
Hartlaubius auratus,13401,14,3.07696966736627
Hartlaubius auratus,13412,14,0.723997986286044
Hartlaubius auratus,13491,14,0.361958205401897
Hartlaubius auratus,31633,14,0.452763459861636
Hartlaubius auratus,31144,82,0.777178853789091
Hartlaubius auratus,31525,82,0.604549703200817
Hartlaubius auratus,31707,82,27.2715936270507
Hartlaubius auratus,31708,82,29.4123165165292
Hartlaubius auratus,31709,82,29.3885406549345
Hartlaubius auratus,31710,82,20.6592519148769
Hartlaubius auratus,31711,82,19.9515621485635
Hartlaubius auratus,18147,25,78.5054384879867
Hartlaubius auratus,17799,81,36.331879859746
Hartlaubius auratus,18145,81,0.449603298739433
Hartlaubius auratus,18146,81,0.359686745625973
Hartlaubius auratus,31635,81,0.449634089967847
Hartlaubius auratus,31729,81,6.47518067736232
Hartlaubius auratus,27298,3,0.883594451859951
Hartlaubius auratus,27765,3,0.970314285975814
Hartlaubius auratus,31700,3,2.38669797589755
Hartlaubius auratus,31701,3,18.4464234338474
Hartlaubius auratus,24714,34,69.920279126314
Hartlaubius auratus,31518,76,64.9869920614074
Hartlaubius auratus,18525,84,23.5469795521139
Hartlaubius auratus,31730,84,39.1360013945309
Hartlaubius auratus,31891,84,4.85579742656708
Hartlaubius auratus,15515,85,0.812480411258936
Hartlaubius auratus,31586,85,38.3946948622806
Hartlaubius auratus,31772,85,38.8224120711257
Hartlaubius auratus,31804,85,61.2124982058693
Hartlaubius auratus,31846,85,88.7755361952912
Hartlaubius auratus,31903,85,29.8365955454182
Hartlaubius auratus,17711,94,0.179958904524803
Hartlaubius auratus,17812,94,2.87876883525968
Hartlaubius auratus,17820,94,0.899620833965421
Hartlaubius auratus,17878,94,0.269868277515173
Hartlaubius auratus,31786,94,45.3586244343983
Hartlaubius auratus,31787,94,33.0953660842072
Hartlaubius auratus,31898,95,52.0931107730117
Hartlaubius auratus,31745,88,113.437646918732
Hartlaubius auratus,31181,89,48.282664278709
Hartlaubius auratus,31884,91,31.1097970257607
Hartlaubius auratus,31885,91,29.6010280215059
Hartlaubius auratus,23045,96,111.41152479386
Hartlaubius auratus,7433,64,64.7813755391271
Hartlaubius auratus,31465,64,1.73570699889708
Hartlaubius auratus,6493,73,16.3740665150672
Hartlaubius auratus,6707,73,19.2038282113973
Hartlaubius auratus,6871,73,22.2892814174211
Hartlaubius auratus,6876,73,5.85033975470436
Hartlaubius auratus,6882,73,24.6792146248902
Hartlaubius auratus,6917,73,2.65062070312488
Hartlaubius auratus,6923,73,0.182805694629431
Hartlaubius auratus,6941,73,0.274192454328179
Hartlaubius auratus,6955,73,0.182784649551272
Hartlaubius auratus,6956,73,1.18809712456667
Hartlaubius auratus,6975,73,0.182778454094648
Hartlaubius auratus,6983,73,4.38649564416385
Hartlaubius auratus,6997,73,8.86332816260099
Hartlaubius auratus,7109,73,0.274089461484194
Hartlaubius auratus,7171,73,9.5018882179122
Hartlaubius auratus,7172,73,4.567756926453
Hartlaubius auratus,7869,73,0.365034251434088
Hartlaubius auratus,7946,73,318.511281266377
Hartlaubius auratus,7990,73,0.547426328327894
Hartlaubius auratus,7999,73,0.364942030489683
Hartlaubius auratus,8005,73,0.456175956650972
Hartlaubius auratus,31225,73,37.6497033879563
Hartlaubius auratus,31473,73,1.55373825480127
Hartlaubius auratus,31528,73,0.456749789226413
Hartlaubius auratus,31558,73,65.4491474751962
Hartlaubius auratus,31752,73,36.1603726523629
Hartlaubius auratus,31904,73,100.812835919068
Hartlaubius auratus,31984,73,13.1419768964566
Hartlaubius auratus,31985,73,0.273783886071086
Hartlaubius auratus,1538,75,128.592142873589
Hartlaubius auratus,3359,75,0.643524707942724
Hartlaubius auratus,3436,75,0.459616383672059
Hartlaubius auratus,3456,75,0.183841973942041
Hartlaubius auratus,3468,75,0.643432019172192
Hartlaubius auratus,3477,75,0.275752651619673
Hartlaubius auratus,3501,75,0.367655302864194
Hartlaubius auratus,3523,75,1.56243208603442
Hartlaubius auratus,3524,75,0.275729722221732
Hartlaubius auratus,3554,75,0.275717098941624
Hartlaubius auratus,3572,75,0.275709061498523
Hartlaubius auratus,3581,75,0.459508593737543
Hartlaubius auratus,3593,75,0.45949710468936
Hartlaubius auratus,3594,75,1.1946710927344
Hartlaubius auratus,3610,75,0.183794934333146
Hartlaubius auratus,3617,75,53.6769175645747
Hartlaubius auratus,3622,75,3.21620605602419
Hartlaubius auratus,3623,75,0.551364106284499
Hartlaubius auratus,3634,75,1.10266377710527
Hartlaubius auratus,3647,75,0.183781132994473
Hartlaubius auratus,3648,75,0.367564567481756
Hartlaubius auratus,3659,75,0.183777680330753
Hartlaubius auratus,3667,75,0.551319225258708
Hartlaubius auratus,3674,75,0.183773075227499
Hartlaubius auratus,3685,75,1.10259928914046
Hartlaubius auratus,3692,75,2.02137478975803
Hartlaubius auratus,3693,75,0.826945434479237
Hartlaubius auratus,3700,75,0.643170052255213
Hartlaubius auratus,3706,75,0.183763859938979
Hartlaubius auratus,3715,75,0.183761555059075
Hartlaubius auratus,3716,75,1.65382056523675
Hartlaubius auratus,3750,75,0.826825480994821
Hartlaubius auratus,3794,75,0.459349671094894
Hartlaubius auratus,3825,75,0.367459639964223
Hartlaubius auratus,3847,75,0.183724619395971
Hartlaubius auratus,3848,75,0.275586929093957
Hartlaubius auratus,3858,75,1.46972063059181
Hartlaubius auratus,3859,75,0.275577679304183
Hartlaubius auratus,3987,75,0.367363554798603
Hartlaubius auratus,4021,75,58.6780858784226
Hartlaubius auratus,4125,75,432.432672722725
Hartlaubius auratus,4185,75,0.275443051051259
Hartlaubius auratus,10819,75,5770.98429934675
Hartlaubius auratus,31753,75,506.523692399314
Hartlaubius auratus,31909,75,0.3690976892097
Hartlaubius auratus,31918,75,1363.63995657705
Hartlaubius auratus,31928,75,73.9629580870592
Hartlaubius auratus,31933,75,21.3177359530671
Hartlaubius auratus,31934,75,85.7023597338527
Hartlaubius auratus,31935,75,293.443629027022
Hartlaubius auratus,31936,75,16.2380797407103
Hartlaubius auratus,31937,75,0.645659265649438
Hartlaubius auratus,31938,75,29.7890733494529
Hartlaubius auratus,31939,75,1.19820541345048
Hartlaubius auratus,31941,75,14.1752324262425
Hartlaubius auratus,31942,75,6.16665918636328
Hartlaubius auratus,31943,75,56.9979385032006
Hartlaubius auratus,31946,75,0.183579301166832
Hartlaubius auratus,31948,75,0.733449546446324
Hartlaubius auratus,31949,75,28.7773817194842
Hartlaubius auratus,31950,75,859.949368190404
Hartlaubius auratus,31952,75,0.274443535747349
Hartlaubius auratus,31953,75,0.548867488993049
Hartlaubius auratus,31958,75,0.182936229304552
Hartlaubius auratus,31959,75,10.6968829958997
Hartlaubius auratus,31960,75,2.55931186735427
Hartlaubius auratus,31963,75,1.37029047696173
Hartlaubius auratus,31964,75,107.010702178571
Hartlaubius auratus,31965,75,639.159561686217
Hartlaubius auratus,31966,75,19.437907051445
Hartlaubius auratus,31968,75,12.0410908559145
Hartlaubius auratus,31971,75,0.45585832220161
Hartlaubius auratus,31972,75,61.5307293035261
Hartlaubius auratus,31973,75,2.5515154922781
Hartlaubius auratus,31974,75,5.10222163080156
Hartlaubius auratus,31975,75,27.9623496702649
Hartlaubius auratus,31976,75,4.18998410252416
Hartlaubius auratus,31978,75,41.3435845824178
Hartlaubius auratus,31979,75,1.54801138759887
Hartlaubius auratus,31987,75,1.55032464307571
Hartlaubius auratus,31989,75,0.183394440543056
Hartlaubius auratus,31991,75,1.00823772702169
Hartlaubius auratus,31993,75,0.274976311198533
Hartlaubius auratus,31995,75,29.4125688188837
Hartlaubius auratus,20526,83,21.5096479841157
Hartlaubius auratus,20613,83,55.5362709867372
Hartlaubius auratus,20787,83,3.3134309653126
Hartlaubius auratus,20908,83,47.9918611904899
Hartlaubius auratus,21663,83,191.774921009622
Hartlaubius auratus,31687,83,17.1081231937802
Hartlaubius auratus,31691,83,0.447673652347684
Hartlaubius auratus,31879,83,27.5139015001006
Hartlaubius auratus,26481,87,0.62064821295929
Hartlaubius auratus,26499,87,0.265972006814122
Hartlaubius auratus,26524,87,0.709200345668078
Hartlaubius auratus,26543,87,0.177290677110672
Hartlaubius auratus,31806,87,138.846313450127
Hartlaubius auratus,31807,87,0.177275942426443
Hartlaubius auratus,31808,87,0.177274304782152
Hartlaubius auratus,31872,87,9.04229392746901
Hartlaubius auratus,31932,87,68.6631767822923
Hemicentetes nigriceps,11,2,19.9337849990127
Hemicentetes nigriceps,22,2,115.589426177144
Hemicentetes nigriceps,25,2,0.6456592656492
Hemicentetes nigriceps,28,2,23.1488844918891
Hemicentetes nigriceps,66,5,97.9202387652237
Hemicentetes nigriceps,90,7,0.367564567481756
Hemicentetes nigriceps,91,7,1.74590292306334
Hemicentetes nigriceps,92,7,0.183777680330753
Hemicentetes nigriceps,93,7,0.183773075227499
Hemicentetes nigriceps,94,7,1.10259928914046
Hemicentetes nigriceps,95,7,0.183761555059075
Hemicentetes nigriceps,96,7,1.65382056523675
Hemicentetes nigriceps,98,7,7.53280963491958
Hemicentetes nigriceps,100,7,18.1847541860198
Hemicentetes nigriceps,67,6,131.993646268709
Hemicentetes nigriceps,85,6,1.37902412587541
Hemicentetes nigriceps,7,1,27.8797654553578
Hemicentetes nigriceps,87,39,0.183794934333146
Hemicentetes nigriceps,88,39,42.2803606370557
Hemicentetes nigriceps,89,39,0.551364106284499
Hemicentetes nigriceps,405,41,113.437646918732
Hemicentetes nigriceps,63,38,17.2347893938358
Hemicentetes semispinosus,20,3,43.4528749465152
Hemicentetes semispinosus,6,2,0.463781360735595
Hemicentetes semispinosus,7,2,0.64914825101471
Hemicentetes semispinosus,8,2,94.4064369549154
Hemicentetes semispinosus,14109,2,56.8711675529887
Hemicentetes semispinosus,2134,29,16.1104772354463
Hemicentetes semispinosus,14014,329,0.604549703200459
Hemicentetes semispinosus,14025,329,0.777178853789091
Hemicentetes semispinosus,14190,329,19.9515621485635
Hemicentetes semispinosus,14186,330,27.2715936270507
Hemicentetes semispinosus,14187,331,29.4123165165292
Hemicentetes semispinosus,14188,332,29.3885406549345
Hemicentetes semispinosus,14189,333,20.6592519148769
Hemicentetes semispinosus,4120,335,0.812480411258936
Hemicentetes semispinosus,14139,381,38.3946948622806
Hemicentetes semispinosus,14228,335,38.8224120711257
Hemicentetes semispinosus,14260,375,61.2124982058693
Hemicentetes semispinosus,5063,334,0.179958904524803
Hemicentetes semispinosus,5102,334,2.87876883525968
Hemicentetes semispinosus,5108,334,0.899620833965421
Hemicentetes semispinosus,5134,334,0.269868277515173
Hemicentetes semispinosus,14242,334,45.3586244343983
Hemicentetes semispinosus,14243,334,33.0953660842072
Hemicentetes semispinosus,14342,378,52.0931107730117
Hemicentetes semispinosus,14334,379,31.1097970257607
Hemicentetes semispinosus,14335,379,29.6010280215059
Hemicentetes semispinosus,14302,376,88.7755361952912
Hemicentetes semispinosus,14347,380,29.8365955454182
Hemicentetes semispinosus,14052,355,48.282664278709
Hemicentetes semispinosus,14212,356,113.437646918732
Hemicentetes semispinosus,280,297,128.592142873589
Hemicentetes semispinosus,14375,297,293.443629027022
Hemicentetes semispinosus,14377,297,0.645659265649438
Hemicentetes semispinosus,1413,383,0.643524707942724
Hemicentetes semispinosus,1446,383,0.459616383672059
Hemicentetes semispinosus,1455,383,0.183841973942041
Hemicentetes semispinosus,1461,383,0.643432019172192
Hemicentetes semispinosus,1464,383,0.275752651619673
Hemicentetes semispinosus,1478,383,0.367655302864194
Hemicentetes semispinosus,1484,383,1.56243208603442
Hemicentetes semispinosus,1485,383,0.275729722221732
Hemicentetes semispinosus,1491,383,0.275717098941624
Hemicentetes semispinosus,1498,383,0.275709061498523
Hemicentetes semispinosus,1502,383,0.459508593737543
Hemicentetes semispinosus,1504,383,0.45949710468936
Hemicentetes semispinosus,1505,383,1.1946710927344
Hemicentetes semispinosus,1514,383,0.183794934333146
Hemicentetes semispinosus,1517,383,53.6769175645747
Hemicentetes semispinosus,1518,383,3.21620605602419
Hemicentetes semispinosus,1519,383,0.551364106284499
Hemicentetes semispinosus,1527,383,1.10266377710551
Hemicentetes semispinosus,1528,383,0.183781132994473
Hemicentetes semispinosus,1529,383,0.367564567481756
Hemicentetes semispinosus,1532,383,0.183777680330753
Hemicentetes semispinosus,1537,383,0.551319225258708
Hemicentetes semispinosus,1539,383,0.183773075227499
Hemicentetes semispinosus,1544,383,1.10259928914046
Hemicentetes semispinosus,1546,383,2.02137478975803
Hemicentetes semispinosus,1547,383,0.826945434479237
Hemicentetes semispinosus,1550,383,0.643170052255213
Hemicentetes semispinosus,1551,383,0.183763859938979
Hemicentetes semispinosus,1554,383,0.183761555059075
Hemicentetes semispinosus,1555,383,1.65382056523675
Hemicentetes semispinosus,1580,383,0.826825480995119
Hemicentetes semispinosus,1582,383,0.459349671094894
Hemicentetes semispinosus,1591,383,0.367459639964223
Hemicentetes semispinosus,1599,383,0.183724619395971
Hemicentetes semispinosus,1600,383,0.275586929093957
Hemicentetes semispinosus,1607,383,1.46972063059181
Hemicentetes semispinosus,1608,383,0.275577679304183
Hemicentetes semispinosus,1655,383,0.367363554798603
Hemicentetes semispinosus,1672,383,58.6780858784226
Hemicentetes semispinosus,1715,383,412.391003709489
Hemicentetes semispinosus,1736,383,0.275443051051259
Hemicentetes semispinosus,3070,383,5770.98429934675
Hemicentetes semispinosus,14360,383,1363.63995657705
Hemicentetes semispinosus,14386,383,0.183579301166832
Hemicentetes semispinosus,14388,383,0.733449546446324
Hemicentetes semispinosus,14389,383,28.7773817194842
Hemicentetes semispinosus,14390,383,859.949368190404
Hemicentetes semispinosus,14392,383,0.274443535747349
Hemicentetes semispinosus,14393,383,0.548867488993049
Hemicentetes semispinosus,14398,383,0.182936229304552
Hemicentetes semispinosus,14399,383,10.6968829958997
Hemicentetes semispinosus,14403,383,1.37029047696173
Hemicentetes semispinosus,14404,383,107.010702178571
Hemicentetes semispinosus,14406,383,19.437907051445
Hemicentetes semispinosus,14422,383,0.183394440543056
Hemicentetes semispinosus,14424,383,1.00823772702169
Hemicentetes semispinosus,14426,383,0.274976311198533
Hemicentetes semispinosus,14351,384,0.3690976892097
Hemicentetes semispinosus,14373,384,21.3177359530671
Hemicentetes semispinosus,14374,384,85.7023597338527
Hemicentetes semispinosus,14376,384,16.2380797407103
Hemicentetes semispinosus,14378,384,29.7890733494529
Hemicentetes semispinosus,14381,385,14.1752324262425
Hemicentetes semispinosus,14382,385,6.16665918636328
Hemicentetes semispinosus,14383,386,56.9979385032006
Hemicentetes semispinosus,14405,387,639.159561686217
Hemicentetes semispinosus,14411,387,0.45585832220161
Hemicentetes semispinosus,14412,387,61.5307293035261
Hemicentetes semispinosus,14408,388,12.0410908559145
Hemicentetes semispinosus,14415,389,27.9623496702649
Hemicentetes semispinosus,14418,390,41.3435845824178
Hemicentetes semispinosus,10596,345,0.265972006814122
Hemicentetes semispinosus,14262,345,138.846313450127
Hemicentetes semispinosus,14328,345,9.04229392746901
Hemicentetes semispinosus,14372,391,68.6631767822923
Hemicentetes semispinosus,14213,382,506.523692399314
Hemicentetes semispinosus,14368,382,73.9629580870592
Hemicentetes semispinosus,14420,382,1.55032464307571
Hemicentetes semispinosus,14428,382,29.4125688188837
Hypositta corallirostris,2,1,56.8711675529887
Hypositta corallirostris,8667,40,29.4123165165292
Hypositta corallirostris,8694,40,27.2715936270507
Hypositta corallirostris,8696,40,29.3885406549345
Hypositta corallirostris,8697,40,20.6592519148769
Hypositta corallirostris,1720,25,0.812480411258936
Hypositta corallirostris,8651,25,38.3946948622806
Hypositta corallirostris,8736,25,38.4612961439313
Hypositta corallirostris,8769,25,61.2124982058693
Hypositta corallirostris,8811,25,88.7755361952912
Hypositta corallirostris,8856,25,29.8365955454182
Hypositta corallirostris,2303,56,2.87876883525968
Hypositta corallirostris,2306,56,0.899620833965421
Hypositta corallirostris,2337,56,0.269868277515173
Hypositta corallirostris,8751,56,45.3586244343983
Hypositta corallirostris,8752,56,33.0953660842072
Hypositta corallirostris,8851,58,52.0931107730117
Hypositta corallirostris,8609,49,48.282664278709
Hypositta corallirostris,8720,50,113.437646918732
Hypositta corallirostris,8843,54,31.1097970257607
Hypositta corallirostris,8844,54,29.6010280215059
Hypositta corallirostris,17,2,128.592142873589
Hypositta corallirostris,8860,2,0.3690976892097
Hypositta corallirostris,8883,2,21.3177359530671
Hypositta corallirostris,8884,2,85.7023597338527
Hypositta corallirostris,8885,2,293.443629027022
Hypositta corallirostris,8886,2,16.2380797407103
Hypositta corallirostris,8887,2,0.645659265649438
Hypositta corallirostris,8888,2,29.7890733494529
Hypositta corallirostris,412,59,0.643524707942724
Hypositta corallirostris,430,59,0.459616383672059
Hypositta corallirostris,435,59,0.643432019172192
Hypositta corallirostris,436,59,0.275752651619673
Hypositta corallirostris,445,59,0.367655302864194
Hypositta corallirostris,452,59,1.56243208603442
Hypositta corallirostris,453,59,0.275729722221732
Hypositta corallirostris,456,59,0.275717098941624
Hypositta corallirostris,460,59,0.275709061498523
Hypositta corallirostris,462,59,0.459508593737543
Hypositta corallirostris,465,59,0.45949710468936
Hypositta corallirostris,466,59,1.1946710927344
Hypositta corallirostris,470,59,53.6769175645747
Hypositta corallirostris,471,59,3.21620605602419
Hypositta corallirostris,472,59,0.551364106284499
Hypositta corallirostris,476,59,1.10266377710527
Hypositta corallirostris,479,59,0.367564567481756
Hypositta corallirostris,484,59,0.551319225258708
Hypositta corallirostris,487,59,1.10259928914046
Hypositta corallirostris,489,59,2.02137478975803
Hypositta corallirostris,490,59,0.826945434479237
Hypositta corallirostris,493,59,0.643170052255213
Hypositta corallirostris,495,59,1.65382056523675
Hypositta corallirostris,514,59,0.826825480995119
Hypositta corallirostris,517,59,0.459349671094894
Hypositta corallirostris,522,59,0.367459639964223
Hypositta corallirostris,527,59,0.275586929093957
Hypositta corallirostris,529,59,1.46972063059181
Hypositta corallirostris,530,59,0.275577679304183
Hypositta corallirostris,560,59,0.367363554798603
Hypositta corallirostris,573,59,58.6780858784226
Hypositta corallirostris,603,59,432.432672722725
Hypositta corallirostris,616,59,0.275443051051259
Hypositta corallirostris,806,59,0.733449546446562
Hypositta corallirostris,874,59,0.457640860679746
Hypositta corallirostris,919,59,1.37162994920188
Hypositta corallirostris,1098,59,3.82909888804102
Hypositta corallirostris,1284,59,5770.98429934675
Hypositta corallirostris,8714,59,11.1100677051132
Hypositta corallirostris,8721,59,506.523692399314
Hypositta corallirostris,8869,59,881.197107570341
Hypositta corallirostris,8871,59,185.019204770686
Hypositta corallirostris,8878,59,73.9629580870592
Hypositta corallirostris,8889,59,1.19820541345048
Hypositta corallirostris,8891,59,14.1752324262425
Hypositta corallirostris,8892,59,6.16665918636328
Hypositta corallirostris,8893,59,56.9979385032006
Hypositta corallirostris,8898,59,28.7773817194842
Hypositta corallirostris,8899,59,835.081568220761
Hypositta corallirostris,8901,59,0.274443535747349
Hypositta corallirostris,8902,59,0.548867488993049
Hypositta corallirostris,8908,59,10.6968829958997
Hypositta corallirostris,8909,59,2.55931186735427
Hypositta corallirostris,8912,59,1.37029047696173
Hypositta corallirostris,8913,59,107.010702178571
Hypositta corallirostris,8914,59,639.159561686217
Hypositta corallirostris,8915,59,19.437907051445
Hypositta corallirostris,8917,59,12.0410908559145
Hypositta corallirostris,8920,59,0.45585832220161
Hypositta corallirostris,8922,59,21.3305931885931
Hypositta corallirostris,8923,59,2.5515154922781
Hypositta corallirostris,8924,59,5.10222163080156
Hypositta corallirostris,8925,59,27.9623496702649
Hypositta corallirostris,8926,59,4.18998410252416
Hypositta corallirostris,8928,59,16.2094478191867
Hypositta corallirostris,8929,59,1.54801138759887
Hypositta corallirostris,8930,59,1.55032464307571
Hypositta corallirostris,8934,59,29.4125688188837
Hypositta corallirostris,6532,48,0.62064821295929
Hypositta corallirostris,6537,48,0.265972006814122
Hypositta corallirostris,6548,48,0.709200345668078
Hypositta corallirostris,8771,48,138.846313450127
Hypositta corallirostris,8837,48,9.04229392746901
Hypositta corallirostris,8882,48,68.6631767822923
Indri indri,1,1,103.775520140199
Indri indri,2530,1,56.8711675529887
Indri indri,173,30,2.11438066261417
Indri indri,208,30,1.65325307838088
Indri indri,212,30,44.3538334620843
Indri indri,221,30,358.831183948075
Indri indri,2675,51,61.2124982058693
Indri indri,936,38,2.87876883525968
Indri indri,2673,38,45.3586244343983
Indri indri,2674,38,33.0953660842072
Indri indri,2724,53,31.1097970257607
Indri indri,2725,53,29.6010280215059
Indri indri,2595,50,38.3946948622806
Indri indri,2645,50,38.4612961439313
Indri indri,2710,50,88.7755361952912
Indri indri,2606,40,113.437646918732
Indri indri,22,4,128.592142873589
Indri indri,2751,4,21.3177359530671
Indri indri,2752,4,85.7023597338527
Indri indri,2753,4,293.443629027022
Indri indri,2754,4,16.2380797407103
Indri indri,2756,4,29.7890733494529
Indri indri,471,54,5738.5301409965
Indri indri,2630,54,506.523692399314
Indri indri,2738,54,1363.63995657705
Indri indri,2746,54,73.9629580870592
Indri indri,2757,54,1.19820541345048
Indri indri,2759,54,14.1752324262425
Indri indri,2760,54,6.16665918636328
Indri indri,2767,54,28.7773817194842
Indri indri,2768,54,859.949368190404
Indri indri,2777,54,10.6968829958997
Indri indri,2778,54,2.55931186735427
Indri indri,2781,54,1.37029047696173
Indri indri,2782,54,107.010702178571
Indri indri,2783,54,639.159561686217
Indri indri,2784,54,19.437907051445
Indri indri,2786,54,12.0410908559145
Indri indri,2790,54,61.5307293035261
Indri indri,2791,54,2.5515154922781
Indri indri,2792,54,5.10222163080156
Indri indri,2793,54,27.9623496702649
Indri indri,2794,54,4.18998410252416
Indri indri,2796,54,41.3435845824178
Indri indri,2797,54,1.54801138759887
Indri indri,2798,54,1.55032464307571
Indri indri,2806,54,29.4125688188837
Indri indri,2761,55,56.9979385032006
Indri indri,2677,49,138.846313450127
Indri indri,2750,49,68.6631767822923
Lemur catta,166,442,0.184524029507697
Lemur catta,167,442,13.1011248301817
Lemur catta,168,442,0.0922603943370581
Lemur catta,1608,24,28.9742458016426
Lemur catta,713,394,0.0919324277412295
Lemur catta,714,394,6.25106651415205
Lemur catta,602,16,0.183948013583839
Lemur catta,603,16,0.367894891669035
Lemur catta,604,16,12.874966528949
Lemur catta,11523,149,68.4073900828574
Lemur catta,15934,459,44.4928427752445
Lemur catta,15949,464,112.468627701651
Lemur catta,15989,470,36.3826787541578
Lemur catta,15950,472,14.876475508235
Lemur catta,15160,466,0.777178853789091
Lemur catta,15463,466,19.9515621485635
Lemur catta,15974,466,0.604549703200817
Lemur catta,15316,467,20.6592519148769
Lemur catta,418,14,13.5284510739095
Lemur catta,429,14,0.0920276939135194
Lemur catta,16006,14,1.47231811580735
Lemur catta,489,474,16.0095614432405
Lemur catta,860,412,0.275690677073717
Lemur catta,879,412,1.10266377710527
Lemur catta,880,412,1.28645181352198
Lemur catta,887,412,0.183781132994473
Lemur catta,907,412,9.73881683760441
Lemur catta,913,412,2.02137478975803
Lemur catta,914,412,0.826945434479237
Lemur catta,951,412,0.826825480994821
Lemur catta,981,412,0.459349671094894
Lemur catta,999,412,0.367459639964223
Lemur catta,1008,412,0.183724619395971
Lemur catta,1009,412,0.275586929093957
Lemur catta,1018,412,1.46972063059181
Lemur catta,1019,412,0.275577679304183
Lemur catta,1042,412,0.18370726844722
Lemur catta,1084,412,0.0918437876845598
Lemur catta,1091,412,0.367363554798603
Lemur catta,1109,412,58.6780858784226
Lemur catta,1149,412,0.642796241695881
Lemur catta,1185,412,40.037818363524
Lemur catta,1231,412,0.275443051051259
Lemur catta,13551,444,46.5723968884147
Lemur catta,14580,461,151.58511224908
Lemur catta,16001,461,9.98819568180025
Lemur catta,130,473,18.7342282877168
Lemur catta,102,478,0.0923130816246867
Lemur catta,103,478,8.86135206354189
Lemur catta,109,478,0.0923098705308437
Lemur catta,273,366,64.4668550776845
Lemur catta,294,366,0.828846753884017
Lemur catta,295,366,5.15725681965875
Lemur catta,316,366,62.6248166029809
Lemur catta,331,366,21.7270555164749
Lemur catta,2961,477,0.638007383253575
Lemur catta,3032,477,17.0406099613543
Lemur catta,2025,452,33.8666662566687
Lemur catta,2044,452,0.3660581814937
Lemur catta,2052,452,0.366043563450038
Lemur catta,16029,482,59.3862796122491
Lemur catta,1066,18,11.8473252297889
Lemur catta,1269,20,57.4656007282057
Lemur catta,16031,483,28.9027750310352
Lemur catta,11507,299,42.4890235274736
Lemur catta,2155,392,2.01200523817307
Lemur catta,2182,392,0.457216544454694
Lemur catta,2332,392,0.365442663365483
Lemur catta,2478,392,182.157287016843
Lemur catta,16032,392,0.0913631538983583
Lemur catta,16033,392,0.0913606658940315
Lemur catta,16034,392,10.6968829958997
Lemur catta,2454,484,2.83104309031999
Lemur catta,2532,484,22.2864328865804
Lemur catta,16035,484,0.0913482132291794
Lemur catta,696,415,0.643524707942724
Lemur catta,737,415,0.459616383672059
Lemur catta,755,415,15.3519037113669
Lemur catta,756,415,0.183841973942041
Lemur catta,763,415,0.643432019172192
Lemur catta,767,415,0.275752651619673
Lemur catta,784,415,0.367655302864194
Lemur catta,802,415,1.56243208603442
Lemur catta,803,415,0.275729722221732
Lemur catta,815,415,0.275717098941624
Lemur catta,826,415,0.275709061498523
Lemur catta,833,415,0.459508593737543
Lemur catta,846,415,0.643297785346329
Lemur catta,847,415,0.45949710468936
Lemur catta,848,415,1.1946710927344
Lemur catta,861,415,0.183794934333146
Lemur catta,868,415,53.6769175645747
Lemur catta,872,415,3.21620605602419
Lemur catta,873,415,0.551364106284499
Lemur catta,881,415,18.5674680987519
Lemur catta,888,415,0.367564567481756
Lemur catta,897,415,0.183777680330753
Lemur catta,900,415,0.551319225258708
Lemur catta,903,415,0.183773075227499
Lemur catta,908,415,1.10259928914046
Lemur catta,920,415,0.643170052255213
Lemur catta,926,415,0.183763859938979
Lemur catta,934,415,0.183761555059075
Lemur catta,935,415,1.65382056523675
Lemur catta,960,415,7.90020332777613
Lemur catta,965,415,18.468422871011
Lemur catta,976,415,0.18374310077405
Lemur catta,1011,415,19.8389417544858
Lemur catta,2799,448,0.820644420907855
Lemur catta,2960,448,0.638009943682313
Lemur catta,2964,448,0.0911435460877419
Lemur catta,16011,448,209.499152244503
Lemur catta,16030,448,25.9731546361337
Lemur catta,16037,448,1.55032464307571
Lemur catta,16038,448,0.0911920503405332
Lemur catta,16039,448,87.5208143935014
Lemur catta,12044,476,7.62251941031325
Lemur catta,3011,479,59.3564680753992
Lemur catta,15986,481,16.8362046284112
Lemur catta,15987,481,11.4830635166789
Lemur catta,16028,481,5.43494208523166
Lepidopygia nana,44130,299,42.3362076362427
Lepidopygia nana,44289,301,19.3775430370849
Lepidopygia nana,44290,308,76.4803060961314
Lepidopygia nana,39797,121,112.468627701651
Lepidopygia nana,44703,323,44.4928427752445
Lepidopygia nana,42646,327,45.9543252508428
Lepidopygia nana,656,297,0.370271373195231
Lepidopygia nana,658,297,0.462834125284791
Lepidopygia nana,662,297,43.0377824654073
Lepidopygia nana,663,297,0.18513059458977
Lepidopygia nana,695,297,1.48074673073471
Lepidopygia nana,701,297,1.66577102635694
Lepidopygia nana,708,297,0.277623898765862
Lepidopygia nana,715,297,0.277610584835947
Lepidopygia nana,770,297,1.38815019469857
Lepidopygia nana,44970,297,0.185083622752249
Lepidopygia nana,305,325,0.463597745714188
Lepidopygia nana,411,325,43.2038186617044
Lepidopygia nana,192,97,0.55664420881176
Lepidopygia nana,200,97,0.371099061261296
Lepidopygia nana,202,97,0.556625695955813
Lepidopygia nana,212,97,0.185535398295105
Lepidopygia nana,219,97,0.463806772104442
Lepidopygia nana,227,97,0.27827526928854
Lepidopygia nana,229,97,0.463781360735595
Lepidopygia nana,247,97,0.278243954662919
Lepidopygia nana,261,97,0.185478644791543
Lepidopygia nana,264,97,0.27820176096195
Lepidopygia nana,277,97,0.18546587502265
Lepidopygia nana,289,97,0.18545505566138
Lepidopygia nana,290,97,6.49089737985945
Lepidopygia nana,306,97,0.185438309593201
Lepidopygia nana,315,97,130.021860527528
Lepidopygia nana,318,97,0.185425482894003
Lepidopygia nana,324,97,8.4370977335708
Lepidopygia nana,42518,97,0.185474717534363
Lepidopygia nana,44050,97,0.64914825101459
Lepidopygia nana,44969,97,56.8711675529887
Lepidopygia nana,22315,218,38.2051651932399
Lepidopygia nana,43622,218,3.34846321159315
Lepidopygia nana,43623,218,0.723997986286044
Lepidopygia nana,43625,218,0.361958205401659
Lepidopygia nana,45149,218,0.452763459861636
Lepidopygia nana,44832,313,13.3829553466861
Lepidopygia nana,44834,313,6.06907414019537
Lepidopygia nana,45123,313,2.02272765648687
Lepidopygia nana,42167,335,0.777178853789091
Lepidopygia nana,45015,335,0.604549703200817
Lepidopygia nana,45225,335,27.2715936270507
Lepidopygia nana,45226,335,29.4123165165292
Lepidopygia nana,45227,335,29.3885406549345
Lepidopygia nana,45228,335,20.6592519148769
Lepidopygia nana,45229,335,19.9515621485635
Lepidopygia nana,45249,338,78.5054384879867
Lepidopygia nana,24732,295,36.331879859746
Lepidopygia nana,43088,295,0.449603298739195
Lepidopygia nana,43089,295,0.359686745625734
Lepidopygia nana,45151,295,0.449634089967847
Lepidopygia nana,45248,295,6.47518067736232
Lepidopygia nana,44671,318,15.479861985826
Lepidopygia nana,44754,318,46.5723968884147
Lepidopygia nana,38955,202,76.4973862589936
Lepidopygia nana,44748,202,19.4493472260612
Lepidopygia nana,44750,202,0.176716549232245
Lepidopygia nana,44751,202,7.50890607225883
Lepidopygia nana,44826,202,26.8667837100745
Lepidopygia nana,44827,202,0.795282153396249
Lepidopygia nana,44830,202,18.6823267181581
Lepidopygia nana,44861,202,2.12150208466887
Lepidopygia nana,44862,202,0.265184216719389
Lepidopygia nana,45119,202,9.52154744787466
Lepidopygia nana,45122,202,4.31856011909986
Lepidopygia nana,45276,202,16.438410019937
Lepidopygia nana,45277,202,2.03225787389851
Lepidopygia nana,27174,162,52.2268727901955
Lepidopygia nana,45467,162,39.1360013945309
Lepidopygia nana,7646,217,19.2038282113973
Lepidopygia nana,43966,217,16.3740665150672
Lepidopygia nana,40403,277,153.784858758273
Lepidopygia nana,40972,277,1.82724169255567
Lepidopygia nana,41746,277,229.537656955855
Lepidopygia nana,43542,277,10.2080852577503
Lepidopygia nana,43544,277,0.34735036917901
Lepidopygia nana,44000,277,0.260165493234396
Lepidopygia nana,44001,277,12.0483039035159
Lepidopygia nana,44002,277,1.64654338445532
Lepidopygia nana,45284,277,5.23129722183871
Lepidopygia nana,21056,291,0.812480411258936
Lepidopygia nana,45082,291,38.5754106344105
Lepidopygia nana,45350,291,39.454504154756
Lepidopygia nana,45393,291,61.2124982058693
Lepidopygia nana,45435,291,88.7755361952912
Lepidopygia nana,45517,291,29.8365955454182
Lepidopygia nana,24123,358,0.899620833965421
Lepidopygia nana,24197,358,0.269868277515173
Lepidopygia nana,43933,358,0.179958904524803
Lepidopygia nana,43934,358,2.87876883525717
Lepidopygia nana,45375,358,45.3586244343983
Lepidopygia nana,45376,358,33.0953660842072
Lepidopygia nana,45512,361,52.0931107730117
Lepidopygia nana,45011,302,64.9869920614074
Lepidopygia nana,44321,337,137.443018218653
Lepidopygia nana,42328,349,48.282664278709
Lepidopygia nana,45318,350,113.437646918732
Lepidopygia nana,45474,356,31.1097970257607
Lepidopygia nana,45475,356,29.6010280215059
Lepidopygia nana,1700,203,128.592142873589
Lepidopygia nana,45523,203,0.3690976892097
Lepidopygia nana,45553,203,21.3177359530671
Lepidopygia nana,45554,203,85.7023597338527
Lepidopygia nana,45555,203,293.443629027022
Lepidopygia nana,45556,203,16.2380797407103
Lepidopygia nana,45557,203,0.645659265649438
Lepidopygia nana,45558,203,29.7890733494529
Lepidopygia nana,3806,364,0.459616383672059
Lepidopygia nana,3828,364,0.183841973942041
Lepidopygia nana,3840,364,0.643432019172192
Lepidopygia nana,3848,364,0.275752651619673
Lepidopygia nana,3877,364,0.367655302864194
Lepidopygia nana,3905,364,1.56243208603442
Lepidopygia nana,3906,364,0.275729722221732
Lepidopygia nana,3934,364,0.275717098941624
Lepidopygia nana,3953,364,0.275709061498523
Lepidopygia nana,3961,364,0.459508593737841
Lepidopygia nana,3973,364,0.45949710468936
Lepidopygia nana,3974,364,1.1946710927344
Lepidopygia nana,3991,364,0.183794934333146
Lepidopygia nana,4007,364,3.21620605602294
Lepidopygia nana,4008,364,0.551364106284499
Lepidopygia nana,4022,364,1.10266377710527
Lepidopygia nana,4037,364,0.183781132994473
Lepidopygia nana,4038,364,0.367564567481756
Lepidopygia nana,4054,364,0.183777680330634
Lepidopygia nana,4062,364,0.551319225258708
Lepidopygia nana,4070,364,0.183773075227499
Lepidopygia nana,4078,364,1.10259928914046
Lepidopygia nana,4085,364,2.02137478975803
Lepidopygia nana,4086,364,0.826945434479237
Lepidopygia nana,4095,364,0.643170052255213
Lepidopygia nana,4105,364,0.183763859938979
Lepidopygia nana,4114,364,0.183761555059075
Lepidopygia nana,4115,364,1.65382056523675
Lepidopygia nana,4160,364,0.826825480994821
Lepidopygia nana,4206,364,0.459349671094894
Lepidopygia nana,4242,364,0.367459639964223
Lepidopygia nana,4269,364,0.183724619395971
Lepidopygia nana,4270,364,0.275586929093957
Lepidopygia nana,4280,364,1.46972063059181
Lepidopygia nana,4281,364,0.275577679304183
Lepidopygia nana,4444,364,0.367363554798603
Lepidopygia nana,4481,364,58.6780858784226
Lepidopygia nana,4625,364,432.524525778189
Lepidopygia nana,4675,364,0.275443051051259
Lepidopygia nana,14804,364,5774.75159988603
Lepidopygia nana,44268,364,53.6769175645747
Lepidopygia nana,44269,364,0.643524707942724
Lepidopygia nana,45057,364,86.9343049463478
Lepidopygia nana,45062,364,2.57736175300068
Lepidopygia nana,45064,364,2.20879511307001
Lepidopygia nana,45334,364,1.10433682509226
Lepidopygia nana,45335,364,506.523692399314
Lepidopygia nana,45532,364,1364.28172076837
Lepidopygia nana,45542,364,73.9629580870592
Lepidopygia nana,45559,364,1.19820541345048
Lepidopygia nana,45561,364,14.1752324262425
Lepidopygia nana,45562,364,6.16665918636328
Lepidopygia nana,45566,364,0.183579301166832
Lepidopygia nana,45568,364,0.733449546446324
Lepidopygia nana,45569,364,28.7773817194842
Lepidopygia nana,45570,364,861.047150624134
Lepidopygia nana,45572,364,0.274443535747349
Lepidopygia nana,45573,364,0.548867488993049
Lepidopygia nana,45578,364,0.182936229304552
Lepidopygia nana,45579,364,10.6968829958997
Lepidopygia nana,45580,364,2.55931186735427
Lepidopygia nana,45583,364,1.37029047696173
Lepidopygia nana,45584,364,107.101985298331
Lepidopygia nana,45585,364,639.159561686217
Lepidopygia nana,45586,364,19.437907051445
Lepidopygia nana,45588,364,12.0410908559145
Lepidopygia nana,45591,364,0.45585832220161
Lepidopygia nana,45592,364,61.5307293035261
Lepidopygia nana,45593,364,2.5515154922781
Lepidopygia nana,45594,364,5.10222163080156
Lepidopygia nana,45595,364,27.9623496702649
Lepidopygia nana,45596,364,4.18998410252416
Lepidopygia nana,45598,364,41.4346548026909
Lepidopygia nana,45599,364,1.54801138759887
Lepidopygia nana,45601,364,1.55032464307571
Lepidopygia nana,45603,364,0.183394440543056
Lepidopygia nana,45605,364,1.00823772702169
Lepidopygia nana,45607,364,0.274976311198533
Lepidopygia nana,45609,364,29.5036222200694
Lepidopygia nana,45563,365,56.9979385032006
Lepidopygia nana,28099,257,3.3134309653126
Lepidopygia nana,31282,257,468.355482097602
Lepidopygia nana,43131,257,58.0431777097617
Lepidopygia nana,44705,257,21.5096479841157
Lepidopygia nana,44706,257,90.1463766941008
Lepidopygia nana,44773,257,3.75955498127008
Lepidopygia nana,45217,257,17.1081231937802
Lepidopygia nana,45302,257,43.0398890354153
Lepidopygia nana,45497,257,27.5139015001006
Lepidopygia nana,43515,273,64.7813755391271
Lepidopygia nana,44935,273,1.73570699889708
Lepidopygia nana,44753,312,42.5768022336077
Lepidopygia nana,45117,366,16.8362046284112
Lepidopygia nana,45118,366,8.41512718056822
Lepidopygia nana,34862,342,0.620648212959528
Lepidopygia nana,34889,342,0.265972006814122
Lepidopygia nana,34921,342,0.709200345668078
Lepidopygia nana,34952,342,0.177290677110672
Lepidopygia nana,45395,342,139.201165790879
Lepidopygia nana,45396,342,0.177275942426443
Lepidopygia nana,45397,342,0.177274304782152
Lepidopygia nana,45461,342,9.04229392746901
Lepidopygia nana,45546,342,68.6631767822923
Lepidopygia nana,8006,363,5.85033975470352
Lepidopygia nana,8025,363,24.6792146248873
Lepidopygia nana,8087,363,1.0054375043211
Lepidopygia nana,8096,363,2.83342021114933
Lepidopygia nana,8108,363,0.182805694629431
Lepidopygia nana,8132,363,2.37624750380063
Lepidopygia nana,8147,363,1.00536820483017
Lepidopygia nana,8159,363,0.274192454328179
Lepidopygia nana,8204,363,0.182784649551272
Lepidopygia nana,8242,363,0.182778454094648
Lepidopygia nana,8260,363,7.67678403816092
Lepidopygia nana,8294,363,8.86332816260099
Lepidopygia nana,8512,363,0.274089461484194
Lepidopygia nana,9823,363,2.0072273404777
Lepidopygia nana,9875,363,0.364942030489326
Lepidopygia nana,13675,363,342.238583556211
Lepidopygia nana,44086,363,22.3806283842244
Lepidopygia nana,44088,363,4.567756926453
Lepidopygia nana,44507,363,37.832468202602
Lepidopygia nana,44891,363,1.55373825480127
Lepidopygia nana,45020,363,10.0499887125863
Lepidopygia nana,45088,363,0.456175956650376
Lepidopygia nana,45303,363,36.7996040886711
Lepidopygia nana,45518,363,100.812835919068
Lepidopygia nana,45547,363,66.0880726051107
Lepidopygia nana,45551,363,0.273783886071086
Lepilemur edwardsi,1152,152,19.2038282113973
Lepilemur edwardsi,1252,155,22.2892814174211
Lepilemur edwardsi,3306,155,37.6497033879563
Lepilemur edwardsi,1046,149,16.3740665150672
Lepilemur edwardsi,3433,158,64.9869920614074
Lepilemur edwardsi,3280,56,38.5064169900915
Lepilemur edwardsi,3284,140,33.1691494210177
Lepilemur edwardsi,1255,148,5.85033975470352
Lepilemur edwardsi,1260,148,24.6792146248873
Lepilemur edwardsi,1273,148,2.83342021114933
Lepilemur edwardsi,1275,148,0.182805694629431
Lepilemur edwardsi,1283,148,1.00536820483017
Lepilemur edwardsi,1287,148,0.274192454328179
Lepilemur edwardsi,3428,148,1.55373825480127
Lepilemur edwardsi,1272,159,1.0054375043211
Lepilemur edwardsi,1284,159,2.37624750380063
Lepilemur edwardsi,1292,159,0.182784649551272
Lepilemur edwardsi,1299,159,0.182778454094648
Lepilemur edwardsi,1301,159,7.67678403816092
Lepilemur edwardsi,1332,159,8.49783825707888
Lepilemur edwardsi,1359,159,0.274089461484194
Lepilemur edwardsi,1369,159,9.5018882179122
Lepilemur edwardsi,1370,159,4.567756926453
Lepilemur edwardsi,3434,159,0.456749789226413
Lepilemur edwardsi,1771,156,340.504619947821
Lepilemur edwardsi,1778,156,2.0072273404777
Lepilemur edwardsi,1785,156,0.364942030489683
Lepilemur edwardsi,3464,156,0.456175956650376
Lepilemur edwardsi,3465,156,36.1603726523629
Lepilemur edwardsi,3466,156,100.812835919068
Lepilemur edwardsi,3467,156,65.6316608163534
Lepilemur leucopus,1339,37,68.4073900828574
Lepilemur leucopus,3283,149,31.0182859874093
Lepilemur leucopus,3341,167,112.468627701651
Lepilemur leucopus,3349,169,14.876475508235
Lepilemur leucopus,3355,168,36.3826787541578
Lepilemur leucopus,1752,163,46.5723968884147
Lepilemur leucopus,2604,155,151.58511224908
Lepilemur leucopus,3279,155,45.1360753508905
Lepilemur leucopus,3360,155,9.98819568180025
Lepilemur leucopus,492,110,111.833847262936
Lepilemur leucopus,3,124,2.59390059166253
Lepilemur leucopus,73,124,199.022714022459
Lepilemur leucopus,1334,36,16.8362046284112
Lepilemur leucopus,3353,36,11.4830635166789
Lepilemur leucopus,3380,36,5.43494208523166
Lepilemur leucopus,3351,170,10.0035258189596
Lepilemur microdon,60,8,19.6108810678481
Lepilemur microdon,48,7,2.48649016338259
Lepilemur microdon,49,7,5.15725681965875
Lepilemur microdon,50,7,114.283875533425
Lepilemur microdon,56,7,35.5452614317083
Lepilemur microdon,73,7,1.47231811580676
Lepilemur microdon,74,7,131.42668452409
Lepilemur microdon,76,7,23.2776854783
Lepilemur microdon,853,7,21.7270555164749
Lepilemur microdon,78,9,22.0769148552077
Lepilemur microdon,79,9,0.367897162454665
Lepilemur microdon,80,9,62.2582651923044
Lepilemur microdon,93,9,0.643524707942724
Lepilemur microdon,95,9,0.459616383672059
Lepilemur microdon,96,9,173.861491117082
Lepilemur microdon,97,9,15.3519037113669
Lepilemur microdon,98,9,0.643432019172192
Lepilemur microdon,99,9,0.367655302864194
Lepilemur microdon,100,9,1.56243208603442
Lepilemur microdon,101,9,0.459508593737543
Lepilemur microdon,102,9,0.643297785346329
Lepilemur microdon,103,9,0.45949710468936
Lepilemur microdon,104,9,1.1946710927344
Lepilemur microdon,105,9,53.6769175645747
Lepilemur microdon,106,9,3.21620605602419
Lepilemur microdon,107,9,0.551364106284499
Lepilemur microdon,108,9,0.367564567481756
Lepilemur microdon,109,9,0.551319225258708
Lepilemur microdon,110,9,1.10259928914046
Lepilemur microdon,111,9,0.643170052255213
Lepilemur microdon,112,9,1.65382056523675
Lepilemur microdon,114,9,7.90020332777613
Lepilemur microdon,117,9,19.8389417544819
Lepilemur microdon,854,44,29.8631255431825
Lepilemur microdon,123,11,21.6030064475268
Lepilemur microdon,175,13,3.19109242600811
Lepilemur microdon,180,13,18.6867641295438
Lepilemur microdon,181,13,8.02199676955664
Lepilemur microdon,182,13,0.638009943682313
Lepilemur microdon,183,13,25.9731546361337
Lepilemur microdon,186,13,13.8476284396513
Lepilemur microdon,189,13,0.455487860305786
Lepilemur microdon,286,43,113.259438465062
Lepilemur microdon,527,22,37.3800479530444
Lepilemur mustelinus,1519,29,30.1027819500016
Lepilemur mustelinus,15066,190,68.4073900828574
Lepilemur mustelinus,8618,591,26.1882757536098
Lepilemur mustelinus,9264,124,42.7215934479485
Lepilemur mustelinus,18049,124,3.75955498127008
Lepilemur mustelinus,18055,596,44.4928427752445
Lepilemur mustelinus,59,3,25.2178087537469
Lepilemur mustelinus,133,7,0.370271373195231
Lepilemur mustelinus,135,7,0.462834125284791
Lepilemur mustelinus,138,7,18.9744048029395
Lepilemur mustelinus,139,7,0.18513059458977
Lepilemur mustelinus,147,7,1.48074673073471
Lepilemur mustelinus,148,7,1.48068535666716
Lepilemur mustelinus,150,7,0.277623898765862
Lepilemur mustelinus,159,7,1.38815019469857
Lepilemur mustelinus,18144,7,0.185083622752249
Lepilemur mustelinus,67,391,21.0334598369182
Lepilemur mustelinus,8,1,0.55664420881176
Lepilemur mustelinus,9,1,0.371099061261296
Lepilemur mustelinus,11,1,0.556625695955515
Lepilemur mustelinus,12,1,0.185535398295105
Lepilemur mustelinus,14,1,0.463806772104681
Lepilemur mustelinus,17,1,0.27827526928854
Lepilemur mustelinus,18,1,0.463781360735595
Lepilemur mustelinus,28,1,0.64914825101471
Lepilemur mustelinus,32,1,103.775520140199
Lepilemur mustelinus,18143,1,56.8711675529887
Lepilemur mustelinus,1965,608,53.6385749434331
Lepilemur mustelinus,18123,618,14.876475508235
Lepilemur mustelinus,9523,123,88.5345907866701
Lepilemur mustelinus,9751,123,82.79071857814
Lepilemur mustelinus,18233,619,16.5405274979586
Lepilemur mustelinus,17313,623,0.777178853789091
Lepilemur mustelinus,18180,623,0.604549703200817
Lepilemur mustelinus,18333,623,19.9515621485635
Lepilemur mustelinus,18329,624,27.2715936270507
Lepilemur mustelinus,18330,625,29.4123165165292
Lepilemur mustelinus,18331,626,29.3885406549345
Lepilemur mustelinus,18332,627,20.6592519148769
Lepilemur mustelinus,6792,88,78.5054384879867
Lepilemur mustelinus,7167,102,0.449603298739433
Lepilemur mustelinus,7168,102,0.359686745625973
Lepilemur mustelinus,7245,102,36.331879859746
Lepilemur mustelinus,18318,102,0.449634089967847
Lepilemur mustelinus,18340,102,6.47518067736232
Lepilemur mustelinus,8702,119,43.0398890354153
Lepilemur mustelinus,9003,122,13.8841261984153
Lepilemur mustelinus,17159,217,126.739910429524
Lepilemur mustelinus,5640,633,0.812480411258936
Lepilemur mustelinus,18214,677,38.3946948622806
Lepilemur mustelinus,18375,633,38.4612961439313
Lepilemur mustelinus,18378,633,0.180557963597178
Lepilemur mustelinus,18408,671,61.2124982058693
Lepilemur mustelinus,7421,107,52.2268727901955
Lepilemur mustelinus,18339,628,18.7159821588671
Lepilemur mustelinus,6901,631,0.179958904524803
Lepilemur mustelinus,6960,631,2.87876883525968
Lepilemur mustelinus,6966,631,0.899620833965421
Lepilemur mustelinus,7000,631,0.269868277515173
Lepilemur mustelinus,18390,631,45.3586244343983
Lepilemur mustelinus,18391,631,33.0953660842072
Lepilemur mustelinus,18490,674,52.0931107730117
Lepilemur mustelinus,18472,675,31.1097970257607
Lepilemur mustelinus,18473,675,29.6010280215059
Lepilemur mustelinus,18447,672,88.7755361952912
Lepilemur mustelinus,18495,676,29.8365955454182
Lepilemur mustelinus,2436,46,140.739427247643
Lepilemur mustelinus,2493,46,0.364940765320778
Lepilemur mustelinus,11992,139,41.9135681366223
Lepilemur mustelinus,18324,139,17.6953107763127
Lepilemur mustelinus,18351,139,26.0622159711288
Lepilemur mustelinus,10644,453,104.893708448805
Lepilemur mustelinus,16464,651,48.282664278709
Lepilemur mustelinus,18359,652,113.437646918732
Lepilemur mustelinus,412,291,128.592142873589
Lepilemur mustelinus,18524,291,293.443629027022
Lepilemur mustelinus,18526,291,0.645659265649438
Lepilemur mustelinus,1212,679,0.643524707942724
Lepilemur mustelinus,1238,679,0.459616383672059
Lepilemur mustelinus,1243,679,0.183841973942041
Lepilemur mustelinus,1248,679,0.643432019172192
Lepilemur mustelinus,1251,679,0.275752651619673
Lepilemur mustelinus,1258,679,0.367655302864194
Lepilemur mustelinus,1263,679,1.56243208603442
Lepilemur mustelinus,1264,679,0.275729722221732
Lepilemur mustelinus,1273,679,0.275717098941624
Lepilemur mustelinus,1278,679,0.275709061498523
Lepilemur mustelinus,1280,679,0.459508593737543
Lepilemur mustelinus,1281,679,0.45949710468936
Lepilemur mustelinus,1282,679,1.1946710927344
Lepilemur mustelinus,1290,679,0.183794934333146
Lepilemur mustelinus,1293,679,53.6769175645747
Lepilemur mustelinus,1294,679,3.21620605602419
Lepilemur mustelinus,1295,679,0.551364106284499
Lepilemur mustelinus,1301,679,1.10266377710551
Lepilemur mustelinus,1302,679,0.183781132994473
Lepilemur mustelinus,1303,679,0.367564567481756
Lepilemur mustelinus,1307,679,0.183777680330753
Lepilemur mustelinus,1309,679,0.551319225258708
Lepilemur mustelinus,1311,679,0.183773075227499
Lepilemur mustelinus,1315,679,1.10259928914046
Lepilemur mustelinus,1316,679,2.02137478975803
Lepilemur mustelinus,1317,679,0.826945434479237
Lepilemur mustelinus,1319,679,0.643170052255213
Lepilemur mustelinus,1321,679,0.183763859938979
Lepilemur mustelinus,1323,679,0.183761555059075
Lepilemur mustelinus,1324,679,1.65382056523675
Lepilemur mustelinus,1340,679,0.18374310077405
Lepilemur mustelinus,1366,679,1.65325307838088
Lepilemur mustelinus,1375,679,0.367363554798603
Lepilemur mustelinus,1394,679,58.6780858784187
Lepilemur mustelinus,1434,679,405.042555967078
Lepilemur mustelinus,1456,679,0.275443051051259
Lepilemur mustelinus,3268,679,4371.49845506035
Lepilemur mustelinus,18535,679,0.183579301166832
Lepilemur mustelinus,2803,680,27.9623496702811
Lepilemur mustelinus,18501,681,0.3690976892097
Lepilemur mustelinus,18522,681,21.3177359530671
Lepilemur mustelinus,18523,681,85.7023597338527
Lepilemur mustelinus,18525,681,16.2380797407103
Lepilemur mustelinus,18527,681,29.7890733494529
Lepilemur mustelinus,18530,682,14.1752324262425
Lepilemur mustelinus,18531,682,6.16665918636328
Lepilemur mustelinus,18532,683,56.9979385032006
Lepilemur mustelinus,18536,684,690.115388181763
Lepilemur mustelinus,18538,684,0.274443535747349
Lepilemur mustelinus,18539,684,0.548867488993049
Lepilemur mustelinus,18544,684,0.182936229304552
Lepilemur mustelinus,18545,684,10.6968829958997
Lepilemur mustelinus,18549,684,1.37029047696173
Lepilemur mustelinus,18550,684,107.010702178571
Lepilemur mustelinus,18552,684,19.437907051445
Lepilemur mustelinus,18551,685,639.159561686217
Lepilemur mustelinus,18555,685,21.3305931885931
Lepilemur mustelinus,18554,686,12.0410908559145
Lepilemur mustelinus,8736,592,16.3121433096236
Lepilemur mustelinus,18052,597,9.99265929285705
Lepilemur mustelinus,18482,597,5.43494208523166
Lepilemur mustelinus,2445,605,0.365034251434088
Lepilemur mustelinus,18175,605,34.227543500394
Lepilemur mustelinus,18228,605,29.1295754598171
Lepilemur mustelinus,18229,605,27.8442933033056
Lepilemur mustelinus,18558,605,9.67378974067533
Lepilemur mustelinus,18410,654,138.846313450127
Lepilemur mustelinus,18521,687,68.6631767822923
Lepilemur mustelinus,18360,678,506.523692399314
Lepilemur mustelinus,18517,678,73.9629580870592
Lepilemur mustelinus,18559,678,1.55032464307571
Lepilemur mustelinus,18560,678,29.4125688188837
Lepilemur ruficaudatus,2945,88,0.452763459861875
Lepilemur ruficaudatus,2972,88,38.0240908844043
Lepilemur ruficaudatus,2976,88,3.07696966736638
Lepilemur ruficaudatus,2979,88,0.723997986286044
Lepilemur ruficaudatus,2987,88,0.361958205401897
Lepilemur ruficaudatus,3349,97,0.449603298739433
Lepilemur ruficaudatus,3350,97,0.359686745625973
Lepilemur ruficaudatus,3361,97,36.331879859746
Lepilemur ruficaudatus,6128,97,0.449634089967847
Lepilemur ruficaudatus,6137,97,6.47518067736232
Lepilemur ruficaudatus,3774,349,3.3134309653126
Lepilemur ruficaudatus,6135,349,17.1081231937802
Lepilemur ruficaudatus,559,36,5.85033975470436
Lepilemur ruficaudatus,562,36,16.0871950112846
Lepilemur ruficaudatus,572,36,0.182805694629431
Lepilemur ruficaudatus,575,36,0.274201118186474
Lepilemur ruficaudatus,578,36,0.274192454328179
Lepilemur ruficaudatus,593,36,1.55373825480127
Lepilemur ruficaudatus,580,350,0.182784649551272
Lepilemur ruficaudatus,581,350,1.18809712456632
Lepilemur ruficaudatus,586,350,0.182778454094648
Lepilemur ruficaudatus,587,350,4.38649564416385
Lepilemur ruficaudatus,590,350,5.7567683404597
Lepilemur ruficaudatus,600,350,2.46709225874806
Lepilemur ruficaudatus,4560,280,7.91386017940461
Lepilemur ruficaudatus,4617,280,111.833847262936
Lepilemur ruficaudatus,669,37,64.7813755391271
Lepilemur ruficaudatus,6125,37,1.73570699889708
Lepilemur ruficaudatus,3731,260,21.5096479841157
Lepilemur ruficaudatus,3749,260,57.9536162531174
Lepilemur ruficaudatus,6143,260,27.5139015001006
Lepilemur ruficaudatus,3977,348,89.7882265229853
Lepilemur ruficaudatus,4125,348,468.355482097602
Leptopterus chabert,4814,117,16.3740665150672
Leptopterus chabert,5016,117,2.19464777098459
Leptopterus chabert,5051,117,12.894550309714
Leptopterus chabert,418,93,0.370271373195231
Leptopterus chabert,419,93,0.462834125284791
Leptopterus chabert,423,93,43.0377824654073
Leptopterus chabert,440,93,1.48074673073471
Leptopterus chabert,443,93,1.66577102635694
Leptopterus chabert,450,93,0.277623898765862
Leptopterus chabert,457,93,0.277610584835947
Leptopterus chabert,491,93,1.38815019469857
Leptopterus chabert,369,124,43.4528749465152
Leptopterus chabert,212,119,0.463597745714188
Leptopterus chabert,264,119,43.2038186617044
Leptopterus chabert,135,102,0.55664420881176
Leptopterus chabert,139,102,0.371099061261296
Leptopterus chabert,142,102,0.556625695955813
Leptopterus chabert,155,102,0.463806772104442
Leptopterus chabert,162,102,0.27827526928854
Leptopterus chabert,164,102,0.463781360735595
Leptopterus chabert,178,102,0.278243954662919
Leptopterus chabert,192,102,0.27820176096195
Leptopterus chabert,195,102,0.64914825101471
Leptopterus chabert,202,102,130.021860527528
Leptopterus chabert,206,102,6.4908973798604
Leptopterus chabert,211,102,8.4370977335708
Leptopterus chabert,24494,102,56.8711675529887
Leptopterus chabert,10166,49,38.2051651932399
Leptopterus chabert,10230,49,3.07696966736627
Leptopterus chabert,10237,49,0.723997986286044
Leptopterus chabert,10277,49,0.361958205401897
Leptopterus chabert,24702,49,0.452763459861636
Leptopterus chabert,14432,95,42.3362076362427
Leptopterus chabert,23222,129,0.777178853789091
Leptopterus chabert,24543,129,0.604549703200817
Leptopterus chabert,24780,129,27.2715936270507
Leptopterus chabert,24781,129,29.4123165165292
Leptopterus chabert,24782,129,29.3885406549345
Leptopterus chabert,24783,129,20.6592519148769
Leptopterus chabert,24784,129,19.9515621485635
Leptopterus chabert,24204,130,44.4928427752445
Leptopterus chabert,24803,133,78.5054384879867
Leptopterus chabert,13069,61,0.449603298739433
Leptopterus chabert,13070,61,0.359686745625973
Leptopterus chabert,13132,61,36.331879859746
Leptopterus chabert,24704,61,0.449634089967847
Leptopterus chabert,24802,61,6.47518067736232
Leptopterus chabert,19803,55,1.67497890953279
Leptopterus chabert,20695,55,398.591937893312
Leptopterus chabert,24278,55,0.705425266772747
Leptopterus chabert,24343,55,13.0307413413469
Leptopterus chabert,24344,55,3.87195306908155
Leptopterus chabert,24345,55,6.06907414019537
Leptopterus chabert,24671,55,9.25706128804803
Leptopterus chabert,24674,55,4.31856011909986
Leptopterus chabert,24676,55,2.02272765648687
Leptopterus chabert,24845,55,17.5870851484947
Leptopterus chabert,24846,55,2.03225787389851
Leptopterus chabert,24847,55,1.94182639975023
Leptopterus chabert,13306,31,52.2268727901955
Leptopterus chabert,24992,31,39.1360013945309
Leptopterus chabert,11401,59,0.812480411258936
Leptopterus chabert,24603,59,38.3946948622806
Leptopterus chabert,24886,59,38.8224120711257
Leptopterus chabert,24922,59,61.2124982058693
Leptopterus chabert,24964,59,88.7755361952912
Leptopterus chabert,25046,59,29.8365955454182
Leptopterus chabert,12847,147,2.87876883525968
Leptopterus chabert,12853,147,0.899620833965421
Leptopterus chabert,12889,147,0.269868277515173
Leptopterus chabert,24904,147,45.3586244343983
Leptopterus chabert,24905,147,33.0953660842072
Leptopterus chabert,25041,149,52.0931107730117
Leptopterus chabert,22547,91,0.260165493234158
Leptopterus chabert,22596,91,7.36721759575951
Leptopterus chabert,22629,91,12.0483039035151
Leptopterus chabert,23127,91,151.58511224908
Leptopterus chabert,24065,91,17.8876522784661
Leptopterus chabert,24104,91,45.1360753508905
Leptopterus chabert,24178,91,445.611096910782
Leptopterus chabert,24477,91,14.876475508235
Leptopterus chabert,24658,91,9.98819568180025
Leptopterus chabert,24856,91,5.23129722183871
Leptopterus chabert,24536,118,64.9869920614074
Leptopterus chabert,17799,134,137.443018218653
Leptopterus chabert,24863,141,113.437646918732
Leptopterus chabert,25004,144,31.1097970257607
Leptopterus chabert,25005,144,29.6010280215059
Leptopterus chabert,23506,145,48.282664278709
Leptopterus chabert,1135,60,128.592142873589
Leptopterus chabert,25050,60,0.3690976892097
Leptopterus chabert,25073,60,21.3177359530671
Leptopterus chabert,25074,60,85.7023597338527
Leptopterus chabert,25075,60,293.443629027022
Leptopterus chabert,25076,60,16.2380797407103
Leptopterus chabert,25077,60,0.645659265649438
Leptopterus chabert,25078,60,29.7890733494529
Leptopterus chabert,2404,150,0.643524707942724
Leptopterus chabert,2460,150,0.459616383672059
Leptopterus chabert,2485,150,0.643432019172192
Leptopterus chabert,2493,150,0.275752651619673
Leptopterus chabert,2513,150,0.367655302864194
Leptopterus chabert,2534,150,1.56243208603442
Leptopterus chabert,2535,150,0.275729722221732
Leptopterus chabert,2559,150,0.275717098941624
Leptopterus chabert,2575,150,0.275709061498523
Leptopterus chabert,2579,150,0.459508593737543
Leptopterus chabert,2586,150,0.45949710468936
Leptopterus chabert,2587,150,1.1946710927344
Leptopterus chabert,2605,150,53.6769175645747
Leptopterus chabert,2609,150,3.21620605602419
Leptopterus chabert,2610,150,0.551364106284499
Leptopterus chabert,2617,150,1.10266377710527
Leptopterus chabert,2626,150,0.367564567481756
Leptopterus chabert,2636,150,0.551319225258708
Leptopterus chabert,2648,150,1.10259928914046
Leptopterus chabert,2654,150,2.02137478975803
Leptopterus chabert,2655,150,0.826945434479237
Leptopterus chabert,2663,150,0.643170052255213
Leptopterus chabert,2672,150,1.65382056523675
Leptopterus chabert,2694,150,0.826825480994821
Leptopterus chabert,2720,150,0.459349671094894
Leptopterus chabert,2744,150,0.367459639964223
Leptopterus chabert,2759,150,0.275586929093957
Leptopterus chabert,2763,150,1.46972063059181
Leptopterus chabert,2764,150,0.275577679304183
Leptopterus chabert,2853,150,0.367363554798603
Leptopterus chabert,2877,150,58.6780858784226
Leptopterus chabert,2959,150,432.432672722725
Leptopterus chabert,3001,150,0.275443051051259
Leptopterus chabert,8506,150,5770.98429934675
Leptopterus chabert,24871,150,506.523692399314
Leptopterus chabert,25059,150,1363.63995657705
Leptopterus chabert,25068,150,73.9629580870592
Leptopterus chabert,25079,150,1.19820541345048
Leptopterus chabert,25081,150,14.1752324262425
Leptopterus chabert,25082,150,6.16665918636328
Leptopterus chabert,25083,150,56.9979385032006
Leptopterus chabert,25088,150,0.733449546446324
Leptopterus chabert,25089,150,28.7773817194842
Leptopterus chabert,25090,150,859.949368190404
Leptopterus chabert,25092,150,0.274443535747349
Leptopterus chabert,25093,150,0.548867488993049
Leptopterus chabert,25099,150,10.6968829958997
Leptopterus chabert,25100,150,2.55931186735427
Leptopterus chabert,25103,150,1.37029047696173
Leptopterus chabert,25104,150,107.010702178571
Leptopterus chabert,25105,150,639.159561686217
Leptopterus chabert,25106,150,19.437907051445
Leptopterus chabert,25108,150,12.0410908559145
Leptopterus chabert,25111,150,0.45585832220161
Leptopterus chabert,25112,150,61.5307293035261
Leptopterus chabert,25113,150,2.5515154922781
Leptopterus chabert,25114,150,5.10222163080156
Leptopterus chabert,25115,150,27.9623496702649
Leptopterus chabert,25116,150,4.18998410252416
Leptopterus chabert,25118,150,41.3435845824178
Leptopterus chabert,25119,150,1.54801138759887
Leptopterus chabert,25127,150,1.55032464307571
Leptopterus chabert,25131,150,1.00823772702169
Leptopterus chabert,25133,150,0.274976311198533
Leptopterus chabert,25135,150,29.4125688188837
Leptopterus chabert,5418,103,2.64969806134474
Leptopterus chabert,5448,103,0.274089461484194
Leptopterus chabert,5493,103,7.03479595916414
Leptopterus chabert,5503,103,4.567756926453
Leptopterus chabert,5562,103,9.04258868397665
Leptopterus chabert,6101,103,0.365034251434088
Leptopterus chabert,6170,103,318.511281266377
Leptopterus chabert,6210,103,0.547426328327894
Leptopterus chabert,6219,103,0.364942030489683
Leptopterus chabert,6229,103,0.456175956650972
Leptopterus chabert,24538,103,65.4491474751962
Leptopterus chabert,24546,103,0.456749789226413
Leptopterus chabert,24631,103,81.3668221959746
Leptopterus chabert,24870,103,36.1603726523629
Leptopterus chabert,25124,103,13.1419768964566
Leptopterus chabert,25125,103,0.273783886071086
Leptopterus chabert,20900,106,7.62251941031325
Leptopterus chabert,21479,106,46.5723968884147
Leptopterus chabert,24281,106,42.4890235274736
Leptopterus chabert,24346,106,90.8511787162259
Leptopterus chabert,24647,106,36.3826787541578
Leptopterus chabert,24669,106,16.8362046284112
Leptopterus chabert,24670,106,11.4830635166789
Leptopterus chabert,25032,106,5.43494208523166
Leptopterus chabert,5735,109,64.7813755391271
Leptopterus chabert,24460,109,1.73570699889708
Leptopterus chabert,14880,128,55.5362709867372
Leptopterus chabert,15003,128,3.3134309653126
Leptopterus chabert,15260,128,69.5634544487439
Leptopterus chabert,16260,128,420.270539517261
Leptopterus chabert,24191,128,21.5096479841157
Leptopterus chabert,24760,128,0.447673652347684
Leptopterus chabert,24772,128,17.1081231937802
Leptopterus chabert,24814,128,21.0801634665238
Leptopterus chabert,24857,128,43.0398890354153
Leptopterus chabert,25024,128,27.5139015001006
Leptopterus chabert,18550,140,0.620648212959528
Leptopterus chabert,18565,140,0.265972006814122
Leptopterus chabert,18589,140,0.709200345668078
Leptopterus chabert,24924,140,138.846313450127
Leptopterus chabert,24990,140,9.04229392746901
Leptopterus chabert,25072,140,68.6631767822923
Lophotibis cristata,1611,6,38.3946948622806
Lophotibis cristata,1775,6,38.4612961439313
Lophotibis cristata,1790,6,45.3586244343983
Lophotibis cristata,1791,6,33.0953660842072
Lophotibis cristata,1808,6,61.2124982058693
Lophotibis cristata,1850,6,88.7755361952912
Lophotibis cristata,1898,6,52.0931107730117
Lophotibis cristata,1903,6,29.8365955454182
Lophotibis cristata,12,1,130.021860527528
Lophotibis cristata,13,1,6.4908973798604
Lophotibis cristata,14,1,8.4370977335708
Lophotibis cristata,18,1,43.2038186617044
Lophotibis cristata,20,1,43.2675847418705
Lophotibis cristata,35,1,43.0377824654073
Lophotibis cristata,1514,1,56.8711675529887
Lophotibis cristata,741,3,36.331879859746
Lophotibis cristata,777,3,51.8674302060766
Lophotibis cristata,869,3,27.5139015001006
Lophotibis cristata,875,3,41.0293049223326
Lophotibis cristata,879,3,42.1715901547037
Lophotibis cristata,910,3,240.346898243405
Lophotibis cristata,961,3,21.0801634665238
Lophotibis cristata,1702,3,17.1081231937802
Lophotibis cristata,1736,3,6.47518067736232
Lophotibis cristata,1737,3,78.5054384879867
Lophotibis cristata,1745,3,26.5383701396017
Lophotibis cristata,1877,3,39.1360013945309
Lophotibis cristata,1887,3,21.5096479841157
Lophotibis cristata,301,4,16.3740665150672
Lophotibis cristata,313,4,19.2038282113973
Lophotibis cristata,321,4,22.2892814174211
Lophotibis cristata,322,4,5.85033975470352
Lophotibis cristata,323,4,24.6792146248902
Lophotibis cristata,333,4,8.49783825707888
Lophotibis cristata,343,4,9.5018882179122
Lophotibis cristata,393,4,303.633820191223
Lophotibis cristata,1307,4,37.6497033879563
Lophotibis cristata,1583,4,65.4491474751962
Lophotibis cristata,1759,4,36.1603726523629
Lophotibis cristata,1904,4,100.812835919068
Lophotibis cristata,1982,4,13.1419768964566
Lophotibis cristata,1752,5,113.437646918732
Lophotibis cristata,1810,5,138.846313450127
Lophotibis cristata,1876,5,9.04229392746901
Lophotibis cristata,1931,5,68.6631767822923
Lophotibis cristata,70,7,128.592142873589
Lophotibis cristata,145,7,53.6769175645747
Lophotibis cristata,161,7,58.6780858784226
Lophotibis cristata,167,7,432.432672722725
Lophotibis cristata,520,7,5770.98429934675
Lophotibis cristata,1760,7,506.523692399314
Lophotibis cristata,1918,7,1363.63995657705
Lophotibis cristata,1927,7,73.9629580870592
Lophotibis cristata,1932,7,21.3177359530671
Lophotibis cristata,1933,7,85.7023597338527
Lophotibis cristata,1934,7,293.443629027022
Lophotibis cristata,1935,7,16.2380797407103
Lophotibis cristata,1937,7,29.7890733494529
Lophotibis cristata,1940,7,14.1752324262425
Lophotibis cristata,1941,7,6.16665918636328
Lophotibis cristata,1942,7,56.9979385032006
Lophotibis cristata,1948,7,28.7773817194842
Lophotibis cristata,1949,7,859.949368190404
Lophotibis cristata,1958,7,10.6968829958997
Lophotibis cristata,1963,7,107.010702178571
Lophotibis cristata,1964,7,639.159561686217
Lophotibis cristata,1965,7,19.437907051445
Lophotibis cristata,1967,7,12.0410908559145
Lophotibis cristata,1971,7,61.5307293035261
Lophotibis cristata,1973,7,5.10222163080156
Lophotibis cristata,1974,7,27.9623496702649
Lophotibis cristata,1977,7,41.3435845824178
Lophotibis cristata,1993,7,29.4125688188837
Macrotarsomys bastardi,55,13,16.3740665150728
Macrotarsomys bastardi,392,281,3.3134309653126
Macrotarsomys bastardi,437,95,89.7882265230072
Macrotarsomys bastardi,450,107,2.59390059166253
Macrotarsomys bastardi,825,186,16.9299596293051
Macrotarsomys bastardi,1077,106,3.75955498127008
Macrotarsomys bastardi,1096,292,35.7097522353754
Macrotarsomys bastardi,772,171,19.8638108735069
Macrotarsomys bastardi,857,201,21.4423868237228
Macrotarsomys bastardi,864,201,28.083902237051
Macrotarsomys bastardi,1115,201,0.0875363925478458
Macrotarsomys bastardi,446,99,64.8879679010838
Macrotarsomys bastardi,384,92,17.1081231937802
Macrotarsomys bastardi,389,96,16.2973978202194
Macrotarsomys bastardi,795,293,74.0374934909074
Macrotarsomys bastardi,664,138,41.9135681366223
Macrotarsomys bastardi,494,286,104.893708448805
Macrotarsomys bastardi,1080,300,71.4169472740113
Macrotarsomys bastardi,132,29,43.6350099881444
Macrotarsomys bastardi,1119,29,29.1295754598171
Macrotarsomys bastardi,1122,29,0.0912743136838675
Macrotarsomys bastardi,1123,29,0.0912730548305511
Macrotarsomys bastardi,1124,29,11.4080143894299
Macrotarsomys bastardi,1126,29,0.0912604547177553
Macrotarsomys bastardi,1120,295,28.9720579655188
Margaroperdix madagarensis,10371,8,68.4073900828574
Margaroperdix madagarensis,41,1,0.55664420881176
Margaroperdix madagarensis,45,1,0.556625695955813
Margaroperdix madagarensis,69,1,26.7219759851387
Margaroperdix madagarensis,91,1,43.2038186617044
Margaroperdix madagarensis,97,1,21.1261124531245
Margaroperdix madagarensis,12963,1,9.36908318528281
Margaroperdix madagarensis,12965,1,20.2118844377252
Margaroperdix madagarensis,11259,13,112.468627701651
Margaroperdix madagarensis,13007,18,64.9869920614074
Margaroperdix madagarensis,11909,21,0.777178853789091
Margaroperdix madagarensis,12767,21,44.4928427752445
Margaroperdix madagarensis,13013,21,0.604549703200817
Margaroperdix madagarensis,13176,21,27.2715936270507
Margaroperdix madagarensis,13177,21,29.4123165165292
Margaroperdix madagarensis,13178,21,29.3885406549345
Margaroperdix madagarensis,13179,21,20.6592519148769
Margaroperdix madagarensis,13180,21,19.9515621485635
Margaroperdix madagarensis,4125,20,38.2051651932399
Margaroperdix madagarensis,4146,20,3.07696966736627
Margaroperdix madagarensis,4152,20,0.723997986286044
Margaroperdix madagarensis,13210,24,78.5054384879867
Margaroperdix madagarensis,10377,23,309.722719741664
Margaroperdix madagarensis,12819,23,7.59299903613198
Margaroperdix madagarensis,12820,23,64.5275165318067
Margaroperdix madagarensis,12821,23,43.5541700668897
Margaroperdix madagarensis,12822,23,2.02803748513663
Margaroperdix madagarensis,12823,23,2.11576712074435
Margaroperdix madagarensis,12879,23,17.5870851484947
Margaroperdix madagarensis,13232,23,1.94182639975023
Margaroperdix madagarensis,13242,23,1.06030598360229
Margaroperdix madagarensis,5500,30,0.899620833965421
Margaroperdix madagarensis,12184,30,2.87876883525717
Margaroperdix madagarensis,12438,31,19.3775430370849
Margaroperdix madagarensis,12439,31,76.4803060961314
Margaroperdix madagarensis,12445,31,4.52461721291769
Margaroperdix madagarensis,13289,30,45.3586244343983
Margaroperdix madagarensis,13290,30,33.0953660842072
Margaroperdix madagarensis,13323,32,61.2124982058693
Margaroperdix madagarensis,13340,32,88.7755361952912
Margaroperdix madagarensis,13356,30,52.0931107730117
Margaroperdix madagarensis,13372,32,29.8365955454182
Margaroperdix madagarensis,12463,25,137.443018218653
Margaroperdix madagarensis,13060,26,73.2653999949271
Margaroperdix madagarensis,13309,26,26.1848926319454
Margaroperdix madagarensis,11493,28,48.282664278709
Margaroperdix madagarensis,13359,29,31.1097970257607
Margaroperdix madagarensis,13360,29,29.6010280215059
Margaroperdix madagarensis,2051,14,64.7813755391271
Margaroperdix madagarensis,12952,14,1.73570699889708
Margaroperdix madagarensis,1679,17,16.3740665150672
Margaroperdix madagarensis,1761,17,19.2038282113973
Margaroperdix madagarensis,1872,17,1.18809712456632
Margaroperdix madagarensis,1873,17,9.23022386336541
Margaroperdix madagarensis,1883,17,4.38649564416385
Margaroperdix madagarensis,1917,17,8.86332816260099
Margaroperdix madagarensis,2233,17,2.0072273404777
Margaroperdix madagarensis,2627,17,341.78231787148
Margaroperdix madagarensis,12243,17,22.3806283842244
Margaroperdix madagarensis,12244,17,4.567756926453
Margaroperdix madagarensis,13016,17,10.0499887125863
Margaroperdix madagarensis,13243,17,36.7996040886711
Margaroperdix madagarensis,13378,17,100.812835919068
Margaroperdix madagarensis,13397,17,65.8141993703688
Margaroperdix madagarensis,310,19,128.592142873589
Margaroperdix madagarensis,338,19,85.7023597338527
Margaroperdix madagarensis,342,19,47.3320970961367
Margaroperdix madagarensis,353,19,151.475872670002
Margaroperdix madagarensis,372,19,43.8080324089263
Margaroperdix madagarensis,696,19,0.643432019172192
Margaroperdix madagarensis,713,19,1.56243208603442
Margaroperdix madagarensis,735,19,1.1946710927344
Margaroperdix madagarensis,742,19,3.21620605602294
Margaroperdix madagarensis,743,19,0.551364106284499
Margaroperdix madagarensis,746,19,1.10266377710527
Margaroperdix madagarensis,754,19,0.551319225258708
Margaroperdix madagarensis,759,19,1.10259928914046
Margaroperdix madagarensis,762,19,2.02137478975803
Margaroperdix madagarensis,763,19,0.826945434479237
Margaroperdix madagarensis,765,19,0.643170052255213
Margaroperdix madagarensis,769,19,1.65382056523675
Margaroperdix madagarensis,779,19,0.826825480994821
Margaroperdix madagarensis,816,19,1.46972063059181
Margaroperdix madagarensis,879,19,58.6780858784226
Margaroperdix madagarensis,921,19,432.524525778189
Margaroperdix madagarensis,1137,19,3.30296723872137
Margaroperdix madagarensis,3305,19,5430.23366921065
Margaroperdix madagarensis,12299,19,4.94941971173108
Margaroperdix madagarensis,12415,19,53.6769175645747
Margaroperdix madagarensis,12416,19,0.643524707942724
Margaroperdix madagarensis,13046,19,2.57736175300068
Margaroperdix madagarensis,13048,19,2.20879511307001
Margaroperdix madagarensis,13062,19,86.9343049463478
Margaroperdix madagarensis,13204,19,506.523692399314
Margaroperdix madagarensis,13253,19,1.10433682509226
Margaroperdix madagarensis,13380,19,1214.52603778418
Margaroperdix madagarensis,13381,19,255.262787644447
Margaroperdix madagarensis,13392,19,73.9629580870592
Margaroperdix madagarensis,13393,19,21.3177359530671
Margaroperdix madagarensis,13394,19,16.2380797407103
Margaroperdix madagarensis,13395,19,0.645659265649438
Margaroperdix madagarensis,13396,19,29.7890733494529
Margaroperdix madagarensis,13403,19,14.1752324262425
Margaroperdix madagarensis,13404,19,6.16665918636328
Margaroperdix madagarensis,13405,19,56.9979385032006
Margaroperdix madagarensis,13410,19,0.733449546446324
Margaroperdix madagarensis,13411,19,28.7773817194842
Margaroperdix madagarensis,13412,19,861.047150624134
Margaroperdix madagarensis,13421,19,10.6968829958997
Margaroperdix madagarensis,13422,19,2.55931186735427
Margaroperdix madagarensis,13425,19,1.37029047696173
Margaroperdix madagarensis,13426,19,107.101985298331
Margaroperdix madagarensis,13427,19,639.159561686217
Margaroperdix madagarensis,13428,19,19.437907051445
Margaroperdix madagarensis,13430,19,12.0410908559145
Margaroperdix madagarensis,13434,19,61.5307293035261
Margaroperdix madagarensis,13435,19,2.5515154922781
Margaroperdix madagarensis,13436,19,5.10222163080156
Margaroperdix madagarensis,13437,19,27.9623496702649
Margaroperdix madagarensis,13438,19,4.18998410252416
Margaroperdix madagarensis,13440,19,41.4346548026909
Margaroperdix madagarensis,13441,19,1.54801138759887
Margaroperdix madagarensis,13443,19,1.55032464307571
Margaroperdix madagarensis,13447,19,1.00823772702169
Margaroperdix madagarensis,13451,19,29.5036222200694
Margaroperdix madagarensis,5660,22,26.9789444841768
Margaroperdix madagarensis,6360,22,52.2268727901955
Margaroperdix madagarensis,6591,22,57.9536162531174
Margaroperdix madagarensis,6650,22,3.3134309653126
Margaroperdix madagarensis,7125,22,89.7882265229853
Margaroperdix madagarensis,7477,22,468.355482097602
Margaroperdix madagarensis,12319,22,42.3362076362427
Margaroperdix madagarensis,12740,22,21.5096479841157
Margaroperdix madagarensis,12855,22,3.75955498127008
Margaroperdix madagarensis,13188,22,17.1081231937802
Margaroperdix madagarensis,13241,22,43.0398890354153
Margaroperdix madagarensis,13346,22,39.1360013945309
Margaroperdix madagarensis,13363,22,27.5139015001006
Margaroperdix madagarensis,8785,27,63.1928620869468
Margaroperdix madagarensis,8933,27,6.64366864740514
Mentocrex kioloides,615,2,29.4123165165292
Mentocrex kioloides,643,2,27.2715936270507
Mentocrex kioloides,644,2,29.3885406549345
Mentocrex kioloides,645,2,20.6592519148769
Mentocrex kioloides,686,3,61.2124982058693
Mentocrex kioloides,718,3,88.7755361952912
Mentocrex kioloides,747,3,29.8365955454182
Mentocrex kioloides,421,4,113.437646918732
Mentocrex kioloides,10,1,57.7213654392147
Mentocrex kioloides,16,1,29.9533284785289
Mentocrex kioloides,62,1,2859.46294576946
Mentocrex kioloides,69,1,617.683692227314
Mentocrex kioloides,73,1,17.3451783349451
Mentocrex kioloides,74,1,77.705629423223
Mentocrex kioloides,76,1,3.46533733650792
Mentocrex kioloides,81,1,320.078306697583
Mentocrex kioloides,89,1,177.360180486436
Mentocrex kioloides,659,1,44.4527558411814
Mentocrex kioloides,748,1,1297.15611951486
Mentocrex kioloides,751,1,59.3564680753992
Mentocrex kioloides,753,1,29.9665759035923
Mentocrex kioloides,757,1,27.7801576174151
Mentocrex kioloides,772,1,1612.57234756599
Mentocrex kioloides,773,1,5.33902110164034
Mentocrex kioloides,774,1,6.16665918636328
Mentocrex kioloides,776,1,56.9979385032006
Mentocrex kioloides,781,1,177.395461850001
Mentocrex kioloides,782,1,65.1697736575958
Mentocrex kioloides,783,1,89.3675115845844
Mentocrex kioloides,791,1,10.6968829958997
Mentocrex kioloides,700,7,139.201165790879
Mentocrex kioloides,738,7,9.04229392746901
Mentocrex kioloides,771,7,68.6631767822923
Mesitornis variegatus,8,2,16.3740665150672
Mesitornis variegatus,10,2,19.2038282113973
Mesitornis variegatus,13,2,37.6497033879563
Mesitornis variegatus,15,2,22.2892814174185
Mesitornis variegatus,19,2,1.36983741289043
Mesitornis variegatus,20,2,10.8662332925556
Mesitornis variegatus,21,2,1.73396250702786
Mesitornis variegatus,22,2,318.511281266377
Mesitornis variegatus,93,2,29.1295754598171
Mesitornis variegatus,94,2,19.4460137230934
Mesitornis variegatus,95,2,21.8141374870516
Mesitornis variegatus,91,5,137.443018218653
Mesitornis variegatus,59,6,27.5139015001006
Mesitornis variegatus,60,6,17.1081231937802
Mesitornis variegatus,62,6,3.3134309653126
Mesitornis variegatus,63,6,57.9536162531174
Mesitornis variegatus,65,6,3.75955498126924
Mesitornis variegatus,68,6,89.7882265229853
Mesitornis variegatus,81,6,468.355482097602
Mesitornis variegatus,103,6,5.19750467449212
Microcebus murinus,200,1768,0.18546587502265
Microcebus murinus,207,1768,6.4908973798604
Microcebus murinus,1909,136,12.3467417666571
Microcebus murinus,1921,136,0.0921358429681063
Microcebus murinus,1932,139,3.22456991307449
Microcebus murinus,2510,168,15.1777130100187
Microcebus murinus,2800,190,5.60608257632893
Microcebus murinus,2866,192,1.1946710927344
Microcebus murinus,2887,192,3.21620605602419
Microcebus murinus,2908,196,0.367564567481756
Microcebus murinus,2928,196,0.183777680330753
Microcebus murinus,3013,196,18.468422871011
Microcebus murinus,3027,196,0.18374310077405
Microcebus murinus,3298,1902,23.2302133941711
Microcebus murinus,4849,311,25.8267574798982
Microcebus murinus,465,41,0.370271373195231
Microcebus murinus,467,41,0.462834125284791
Microcebus murinus,470,41,0.0925668250995874
Microcebus murinus,472,41,43.0377824654073
Microcebus murinus,473,41,0.18513059458977
Microcebus murinus,487,41,1.48074673073471
Microcebus murinus,489,41,1.66577102635694
Microcebus murinus,492,41,0.277623898765862
Microcebus murinus,494,41,0.277610584835947
Microcebus murinus,496,41,0.0925361785190701
Microcebus murinus,214,16,8.4370977335708
Microcebus murinus,221,16,0.185438309593201
Microcebus murinus,2649,176,0.643524707942724
Microcebus murinus,2742,176,15.3519037113669
Microcebus murinus,2743,176,0.183841973942041
Microcebus murinus,2751,176,0.643432019172192
Microcebus murinus,2784,176,0.367655302864194
Microcebus murinus,2805,176,1.56243208603442
Microcebus murinus,2806,176,0.275729722221732
Microcebus murinus,2833,176,0.275717098941624
Microcebus murinus,2845,176,0.275709061498523
Microcebus murinus,2855,176,0.459508593737543
Microcebus murinus,2864,176,0.643297785346329
Microcebus murinus,2865,176,0.45949710468936
Microcebus murinus,32976,2451,17.8876522784661
Microcebus murinus,28115,1446,68.4073900828574
Microcebus murinus,25656,2258,13.1672804516124
Microcebus murinus,33195,2523,44.4928427752445
Microcebus murinus,33249,2536,43.5541700668897
Microcebus murinus,19687,2516,42.3362076362427
Microcebus murinus,33344,2551,3.87195306908155
Microcebus murinus,6057,2552,19.2038282113973
Microcebus murinus,33273,2539,3.75955498127008
Microcebus murinus,6354,2381,22.2892814174211
Microcebus murinus,5713,2506,16.3740665150672
Microcebus murinus,33346,2541,112.468627701651
Microcebus murinus,220,17,0.463597745714188
Microcebus murinus,237,17,0.0927073077802658
Microcebus murinus,286,17,43.2038186617044
Microcebus murinus,309,24,0.0926675960290432
Microcebus murinus,321,24,0.0926606114119887
Microcebus murinus,330,24,0.0926476122773886
Microcebus murinus,337,24,0.0926436052986383
Microcebus murinus,402,24,43.4528749465152
Microcebus murinus,31956,2471,0.777178853789091
Microcebus murinus,33522,2471,19.9515621485635
Microcebus murinus,33523,2471,0.604549703200817
Microcebus murinus,144,2295,0.463806772104442
Microcebus murinus,151,2295,0.27827526928854
Microcebus murinus,153,2295,0.463781360735595
Microcebus murinus,167,2295,0.278243954662919
Microcebus murinus,184,2295,0.185478644791543
Microcebus murinus,188,2295,0.27820176096195
Microcebus murinus,192,2295,0.64914825101471
Microcebus murinus,203,2295,130.021860527528
Microcebus murinus,32826,2295,0.185474717534363
Microcebus murinus,33493,2295,56.8711675529887
Microcebus murinus,33518,2578,64.9869920614074
Microcebus murinus,33602,2585,36.3826787541578
Microcebus murinus,21218,2591,89.7882265229853
Microcebus murinus,33626,2593,9.25706128804803
Microcebus murinus,33629,2594,4.31856011909986
Microcebus murinus,33343,2550,13.0307413413469
Microcebus murinus,33345,2595,6.06907414019537
Microcebus murinus,33470,2567,14.876475508235
Microcebus murinus,14451,738,0.0905584602525234
Microcebus murinus,14530,738,0.0905447203236818
Microcebus murinus,14689,738,38.2051651932399
Microcebus murinus,14737,738,0.0905061372197867
Microcebus murinus,14756,738,3.07696966736627
Microcebus murinus,14762,738,0.723997986286044
Microcebus murinus,14805,738,0.361958205401897
Microcebus murinus,33640,738,0.452763459861636
Microcebus murinus,33710,2598,20.6592519148769
Microcebus murinus,33713,2605,16.0095614432405
Microcebus murinus,3165,216,46.8314312131696
Microcebus murinus,18118,903,0.0899370735929012
Microcebus murinus,18172,903,0.0899238860028982
Microcebus murinus,18179,903,0.449603298739433
Microcebus murinus,18180,903,0.359686745625973
Microcebus murinus,18197,903,0.0899194863940477
Microcebus murinus,18256,903,36.331879859746
Microcebus murinus,33642,903,0.0899312145228386
Microcebus murinus,33643,903,0.449634089967847
Microcebus murinus,33736,903,6.47518067736232
Microcebus murinus,29735,1438,46.5723968884147
Microcebus murinus,33737,2609,78.5054384879867
Microcebus murinus,20334,2615,3.3134309653126
Microcebus murinus,33711,2615,17.1081231937802
Microcebus murinus,33770,2616,43.0398890354153
Microcebus murinus,1155,2604,27.8797654553578
Microcebus murinus,1171,2604,0.0923130816246867
Microcebus murinus,1185,2604,0.0923098705308437
Microcebus murinus,2428,2617,138.98603618893
Microcebus murinus,33771,2617,21.7270555164749
Microcebus murinus,2765,185,47.0601219852866
Microcebus murinus,2889,185,1.10272016136467
Microcebus murinus,2890,185,1.01083246940482
Microcebus murinus,2901,185,0.183784584811091
Microcebus murinus,31811,2449,151.58511224908
Microcebus murinus,33610,2449,9.98819568180025
Microcebus murinus,33060,2621,45.1360753508905
Microcebus murinus,28107,2502,433.810619797173
Microcebus murinus,33251,2502,2.11576712074435
Microcebus murinus,33764,2502,17.5870851484947
Microcebus murinus,33766,2502,1.94182639975023
Microcebus murinus,24385,1243,0.265972006814122
Microcebus murinus,24461,1243,9.04229392746901
Microcebus murinus,31008,1619,7.36721759575951
Microcebus murinus,18508,2311,52.2268727901955
Microcebus murinus,33791,2311,0.0899356091371775
Microcebus murinus,33792,2311,0.0899341444739103
Microcebus murinus,33793,2311,0.0899326796025038
Microcebus murinus,33789,2624,39.1360013945309
Microcebus murinus,33790,2624,0.0899400018793345
Microcebus murinus,30942,2504,0.260165493234158
Microcebus murinus,31071,2504,12.0483039035151
Microcebus murinus,33156,2504,445.611096910782
Microcebus murinus,33769,2504,5.23129722183871
Microcebus murinus,23291,1142,137.443018218653
Microcebus murinus,6312,2179,0.0914152072402239
Microcebus murinus,6363,2179,5.85033975470352
Microcebus murinus,6378,2179,24.6792146248873
Microcebus murinus,6379,2179,0.0914115014762879
Microcebus murinus,6466,2179,2.83342021114933
Microcebus murinus,6482,2179,0.0914028473147154
Microcebus murinus,6483,2179,0.182805694629431
Microcebus murinus,6514,2179,1.00536820483017
Microcebus murinus,6526,2179,0.274192454328179
Microcebus murinus,6546,2179,0.0913954212394953
Microcebus murinus,6559,2179,0.0913941828228235
Microcebus murinus,33463,2179,1.55373825480127
Microcebus murinus,33785,2627,28.8846775683397
Microcebus murinus,32965,2456,37.6497033879563
Microcebus murinus,6453,2623,1.0054375043211
Microcebus murinus,6515,2623,2.37624750380063
Microcebus murinus,6571,2623,0.182784649551272
Microcebus murinus,6599,2623,0.0913904663075209
Microcebus murinus,6611,2623,0.0913892270473242
Microcebus murinus,6612,2623,0.182778454094648
Microcebus murinus,6634,2623,7.67678403816092
Microcebus murinus,6667,2623,8.86332816260099
Microcebus murinus,6917,2623,0.274089461484194
Microcebus murinus,6939,2623,0.0913631538983583
Microcebus murinus,7028,2623,9.5018882179122
Microcebus murinus,7029,2623,4.567756926453
Microcebus murinus,7142,2623,0.0913494594436884
Microcebus murinus,32855,2623,0.0913643975844383
Microcebus murinus,33525,2623,0.456749789226413
Microcebus murinus,1230,98,21.3177359530671
Microcebus murinus,1991,142,1.19747486800301
Microcebus murinus,1996,142,59.2231361404085
Microcebus murinus,2025,142,83.9973458819341
Microcebus murinus,2042,142,0.184211880049229
Microcebus murinus,2135,142,85.9299311413139
Microcebus murinus,2940,199,0.183773075227499
Microcebus murinus,2947,199,1.10259928914046
Microcebus murinus,2964,199,0.183763859938979
Microcebus murinus,2974,199,0.183761555059075
Microcebus murinus,2975,199,1.65382056523675
Microcebus murinus,3083,199,45.9238992682787
Microcebus murinus,3257,199,0.642796241695881
Microcebus murinus,7542,390,64.7813755391271
Microcebus murinus,33455,390,1.73570699889708
Microcebus murinus,33456,390,0.0913507054476738
Microcebus murinus,33892,390,0.0913581770466566
Microcebus murinus,28422,1494,7.62251941031325
Microcebus murinus,1259,1901,19.9337849990107
Microcebus murinus,1538,2094,238.735969312131
Microcebus murinus,33846,2094,0.645659265649438
Microcebus murinus,2920,2201,50.4255278827549
Microcebus murinus,33714,2628,48.2527069871619
Microcebus murinus,33847,2629,27.21499577749
Microcebus murinus,33893,2630,25.2209269263488
Microcebus murinus,4474,2326,30.8790083227627
Microcebus murinus,11860,2326,1654.73696804176
Microcebus murinus,33838,2326,1363.63995657705
Microcebus murinus,33859,2326,0.0917925728403926
Microcebus murinus,33860,2326,0.0917925728403926
Microcebus murinus,33861,2326,0.183579301166832
Microcebus murinus,33862,2326,0.0917078834992647
Microcebus murinus,33863,2326,0.733449546446324
Microcebus murinus,33864,2326,28.7773817194842
Microcebus murinus,33898,2326,0.091701961597383
Microcebus murinus,33899,2326,0.183394440543056
Microcebus murinus,33900,2326,0.0916889148144126
Microcebus murinus,33901,2326,1.00823772702169
Microcebus murinus,33902,2326,0.091659167940259
Microcebus murinus,33903,2326,0.274976311198533
Microcebus murinus,33904,2326,0.0916579753180146
Microcebus murinus,33865,2631,593.490950672018
Microcebus murinus,33866,2631,713.150446445882
Microcebus murinus,33867,2631,0.091498695497334
Microcebus murinus,33868,2631,0.0914693404175043
Microcebus murinus,33869,2631,0.182936229304552
Microcebus murinus,33870,2631,0.823195865461826
Microcebus murinus,33873,2631,0.0913606658940315
Microcebus murinus,33874,2631,0.0913569323071241
Microcebus murinus,33871,2632,10.6968829958997
Microcebus murinus,33876,2633,107.010702178571
Microcebus murinus,33878,2633,19.437907051445
Microcebus murinus,33877,2634,607.580374045239
Microcebus murinus,33879,2634,0.0912351913300753
Microcebus murinus,33883,2634,0.45585832220161
Microcebus murinus,33884,2634,61.5307293035261
Microcebus murinus,33880,2635,12.0410908559145
Microcebus murinus,33886,2636,5.10222163080156
Microcebus murinus,33887,2637,27.9623496702649
Microcebus murinus,33888,2638,4.18998410252416
Microcebus murinus,33889,2638,0.0910818434472084
Microcebus murinus,33890,2639,41.3435845824178
Microcebus murinus,1827,2353,17.2347893938358
Microcebus murinus,2723,2399,0.459616383672059
Microcebus murinus,2757,2399,0.275752651619673
Microcebus murinus,2877,2399,0.183794934333146
Microcebus murinus,2885,2399,52.0222894480601
Microcebus murinus,2888,2399,0.551364106284499
Microcebus murinus,2935,2399,0.551319225258708
Microcebus murinus,2958,2399,0.643170052255213
Microcebus murinus,20200,2507,57.9536162531174
Microcebus murinus,33168,2507,21.5096479841157
Microcebus murinus,33824,2507,27.5139015001006
Microcebus murinus,21755,2508,468.355482097602
Microcebus murinus,33255,2538,42.4890235274736
Microcebus murinus,8001,2564,0.0912806047910452
Microcebus murinus,8472,2564,340.504619947821
Microcebus murinus,8473,2564,0.0912402507441044
Microcebus murinus,8485,2564,2.0072273404777
Microcebus murinus,8509,2564,0.364942030489683
Microcebus murinus,33582,2564,0.456175956650376
Microcebus murinus,33773,2564,36.1603726523629
Microcebus murinus,33836,2564,100.812835919068
Microcebus murinus,33853,2564,65.6316608163534
Microcebus murinus,33854,2564,0.0912755723267794
Microcebus murinus,33855,2564,0.0912743136838675
Microcebus murinus,33856,2564,0.0912730548305511
Microcebus murinus,33858,2564,0.0912604547177553
Microcebus murinus,33616,2592,16.8362046284112
Microcebus murinus,33617,2592,11.4830635166789
Microcebus murinus,33831,2592,5.43494208523166
Microcebus murinus,9771,2611,0.638009943682313
Microcebus murinus,9785,2611,0.0911435460877419
Microcebus murinus,33845,2611,25.9731546361337
Microcebus murinus,33896,2611,93.3564663888341
Microcebus murinus,33897,2611,9.39121551513614
Microcebus murinus,33730,2640,238.234427620074
Microcebus murinus,33894,2640,1.55032464307571
Microcebus myoxinus,370,101,25.7972821171587
Microcebus myoxinus,371,102,50.4507662967404
Microcebus myoxinus,368,106,27.5139015001006
Microcebus myoxinus,374,107,16.3121433096236
Microcebus rufus,962,144,3.21620605602419
Microcebus rufus,1435,207,12.0800389464626
Microcebus rufus,5,1,72.6104762396658
Microcebus rufus,8819,1,56.8711675529887
Microcebus rufus,8891,1473,38.3946948622806
Microcebus rufus,8862,1484,0.604549703200817
Microcebus rufus,8933,1484,19.9515621485635
Microcebus rufus,8929,1485,27.2715936270507
Microcebus rufus,8930,1486,29.4123165165292
Microcebus rufus,8931,1487,29.3885406549345
Microcebus rufus,8932,1488,20.6592519148769
Microcebus rufus,1077,154,58.6780858784226
Microcebus rufus,1484,215,48.0992270820966
Microcebus rufus,2990,1472,0.812480411258936
Microcebus rufus,8972,1472,38.4612961439313
Microcebus rufus,8975,1472,0.180557963597178
Microcebus rufus,9005,1525,61.2124982058693
Microcebus rufus,3709,1492,2.87876883525968
Microcebus rufus,3713,1492,0.899620833965421
Microcebus rufus,3728,1492,0.269868277515173
Microcebus rufus,8987,1492,45.3586244343983
Microcebus rufus,8988,1492,33.0953660842072
Microcebus rufus,9087,1553,52.0931107730117
Microcebus rufus,9079,1554,31.1097970257607
Microcebus rufus,9080,1554,29.6010280215059
Microcebus rufus,9047,1546,88.7755361952912
Microcebus rufus,9092,1555,29.8365955454182
Microcebus rufus,9106,1565,85.6458207477265
Microcebus rufus,8550,1206,48.282664278709
Microcebus rufus,8956,1508,113.437646918732
Microcebus rufus,902,18,0.459616383672059
Microcebus rufus,920,18,0.275752651619673
Microcebus rufus,960,18,0.183794934333146
Microcebus rufus,961,18,53.6769175645747
Microcebus rufus,963,18,0.551364106284499
Microcebus rufus,976,18,0.551319225258708
Microcebus rufus,984,18,0.643170052255213
Microcebus rufus,2202,18,5380.11306442297
Microcebus rufus,9126,18,0.0921622935290933
Microcebus rufus,9130,18,0.0917925728403926
Microcebus rufus,9131,18,0.0917925728403926
Microcebus rufus,9135,18,28.7773817194842
Microcebus rufus,1519,1572,0.0914152072403431
Microcebus rufus,9136,1572,839.286452715983
Microcebus rufus,9137,1572,0.091498695497334
Microcebus rufus,9138,1572,0.274443535747349
Microcebus rufus,9140,1572,0.0914766905790568
Microcebus rufus,9141,1572,0.0914754660792351
Microcebus rufus,9142,1572,0.0914742413685322
Microcebus rufus,9143,1572,0.0914693404175043
Microcebus rufus,9144,1572,0.182936229304552
Microcebus rufus,9148,1572,0.0913569323071241
Microcebus rufus,9119,1573,21.3177359530671
Microcebus rufus,9120,1573,85.7023597338527
Microcebus rufus,9124,1573,29.7890733494529
Microcebus rufus,9121,1574,293.443629027022
Microcebus rufus,9123,1574,0.645659265649438
Microcebus rufus,9122,1575,16.2380797407103
Microcebus rufus,9127,1576,14.1752324262425
Microcebus rufus,9128,1577,6.16665918636328
Microcebus rufus,9129,1578,56.9979385032006
Microcebus rufus,9145,1579,10.6968829958997
Microcebus rufus,9150,1580,107.010702178571
Microcebus rufus,9151,1581,639.159561686217
Microcebus rufus,9153,1581,0.0912351913300753
Microcebus rufus,9152,1582,19.437907051445
Microcebus rufus,9154,1583,12.0410908559145
Microcebus rufus,9158,1584,61.5307293035261
Microcebus rufus,9160,1585,5.10222163080156
Microcebus rufus,9161,1586,27.9623496702649
Microcebus rufus,9162,1587,4.18998410252416
Microcebus rufus,9163,1587,0.0910818434472084
Microcebus rufus,9164,1588,41.3435845824178
Microcebus rufus,207,36,128.592142873589
Microcebus rufus,913,126,0.183841973942041
Microcebus rufus,918,126,0.643432019172192
Microcebus rufus,942,126,0.275717098941624
Microcebus rufus,949,126,0.275709061498523
Microcebus rufus,953,126,0.459508593737543
Microcebus rufus,956,126,0.45949710468936
Microcebus rufus,966,126,1.10266377710527
Microcebus rufus,981,126,0.826945434479237
Microcebus rufus,1012,126,0.367459639964223
Microcebus rufus,1026,126,1.46972063059181
Microcebus rufus,1112,126,431.789103457721
Microcebus rufus,6933,1405,0.265972006814122
Microcebus rufus,9007,1405,138.846313450127
Microcebus rufus,9073,1405,9.04229392746901
Microcebus rufus,8957,1556,506.523692399314
Microcebus rufus,9105,1564,853.105690501079
Microcebus rufus,9167,1564,0.091701961597383
Microcebus rufus,9168,1564,0.183394440543056
Microcebus rufus,9169,1564,0.0916889148144126
Microcebus rufus,9170,1564,1.00823772702169
Microcebus rufus,9171,1564,0.091659167940259
Microcebus rufus,9173,1564,0.0916579753180146
Microcebus rufus,9174,1589,37.6132040598909
Microcebus rufus,9114,1569,73.9629580870592
Microcebus rufus,9176,1569,29.4125688188837
Microcebus rufus,9118,1571,68.6631767822923
Microcebus tavaratra,10,3,0.463597745714188
Microcebus tavaratra,11,3,43.2038186617151
Microcebus tavaratra,12,3,0.0927073077802658
Microcebus tavaratra,14,5,0.0926675960290432
Microcebus tavaratra,15,5,0.0926606114119887
Microcebus tavaratra,16,5,0.0926476122773886
Microcebus tavaratra,17,5,43.4528749465184
Microcebus tavaratra,18,5,0.0926436052986383
Microcebus tavaratra,31,9,0.370271373195231
Microcebus tavaratra,33,9,0.462834125284791
Microcebus tavaratra,36,9,0.0925668250995874
Microcebus tavaratra,37,9,43.0377824654073
Microcebus tavaratra,38,9,0.18513059458977
Microcebus tavaratra,43,9,1.48074673073471
Microcebus tavaratra,45,9,1.66577102635789
Microcebus tavaratra,47,9,0.27762389876622
Microcebus tavaratra,48,9,0.277610584835947
Microcebus tavaratra,49,9,0.0925361785190701
Microcebus tavaratra,180,29,0.0905584602525234
Microcebus tavaratra,181,29,0.452763459861875
Microcebus tavaratra,182,29,0.0905447203236818
Microcebus tavaratra,183,29,38.2051651932297
Microcebus tavaratra,184,29,0.0905061372197867
Microcebus tavaratra,185,29,3.07696966736638
Microcebus tavaratra,186,29,0.723997986286044
Microcebus tavaratra,188,29,0.361958205401897
Microcebus tavaratra,236,38,6.4751806773603
Microcebus tavaratra,237,38,36.3318798597431
Microcebus tavaratra,238,38,0.0899370735929012
Microcebus tavaratra,239,38,0.0899312145227194
Microcebus tavaratra,240,38,0.449634089968205
Microcebus tavaratra,241,38,0.0899238860028982
Microcebus tavaratra,242,38,0.449603298739433
Microcebus tavaratra,243,38,0.359686745625973
Microcebus tavaratra,244,38,0.0899194863940477
Microcebus tavaratra,153,25,1.73570699889708
Microcebus tavaratra,161,25,64.7813755391182
Microcebus tavaratra,162,25,0.0913507054476738
Microcebus tavaratra,245,25,0.0913581770466566
Microgale brevicaudata,400,94,7.91582309376431
Microgale brevicaudata,452,101,23.001548176319
Microgale brevicaudata,1512,273,2.46812535342741
Microgale brevicaudata,1520,273,16.0871950112846
Microgale brevicaudata,1531,273,0.0914028473147154
Microgale brevicaudata,1532,273,0.182805694629431
Microgale brevicaudata,1535,273,0.274201118186474
Microgale brevicaudata,1547,278,9.23022386336541
Microgale brevicaudata,1566,278,0.548279554689765
Microgale brevicaudata,114,29,0.370271373195231
Microgale brevicaudata,116,29,0.0925668250995874
Microgale brevicaudata,118,29,43.0377824654073
Microgale brevicaudata,119,29,0.18513059458977
Microgale brevicaudata,122,29,1.48074673073471
Microgale brevicaudata,123,29,1.66577102635694
Microgale brevicaudata,124,29,0.277623898765862
Microgale brevicaudata,5556,970,44.4928427752445
Microgale brevicaudata,4216,963,42.3362076362427
Microgale brevicaudata,5578,966,3.75955498127008
Microgale brevicaudata,1442,266,19.2038282113973
Microgale brevicaudata,5598,979,3.87195306908155
Microgale brevicaudata,5206,832,21.4423868237228
Microgale brevicaudata,5676,832,0.0875363925478458
Microgale brevicaudata,1373,934,16.3740665150672
Microgale brevicaudata,1588,940,22.2892814174211
Microgale brevicaudata,5678,986,20.2118844377252
Microgale brevicaudata,52,12,0.0927073077802658
Microgale brevicaudata,68,12,43.2038186617044
Microgale brevicaudata,78,18,21.1261124531245
Microgale brevicaudata,81,18,0.0926675960290432
Microgale brevicaudata,85,18,0.0926606114119887
Microgale brevicaudata,43,3,60.0101104185277
Microgale brevicaudata,5677,3,56.8711675529887
Microgale brevicaudata,5697,987,64.9869920614074
Microgale brevicaudata,4454,671,89.7882265229853
Microgale brevicaudata,5008,787,6.06907414019537
Microgale brevicaudata,4909,788,4.31856011909986
Microgale brevicaudata,3263,532,0.0905584602525234
Microgale brevicaudata,3269,532,0.0905447203236818
Microgale brevicaudata,3274,532,38.2051651932399
Microgale brevicaudata,3279,532,0.0905061372197867
Microgale brevicaudata,5487,985,29.4123165165292
Microgale brevicaudata,5702,1001,0.604549703200817
Microgale brevicaudata,5793,1001,19.9515621485635
Microgale brevicaudata,5791,1002,29.3885406549345
Microgale brevicaudata,5792,1003,20.6592519148769
Microgale brevicaudata,602,124,58.6780858784226
Microgale brevicaudata,5796,1005,78.5054384879867
Microgale brevicaudata,3929,611,0.0899370735929012
Microgale brevicaudata,3946,611,0.449603298739433
Microgale brevicaudata,3947,611,0.359686745625973
Microgale brevicaudata,3964,611,36.331879859746
Microgale brevicaudata,3944,1006,0.0899238860028982
Microgale brevicaudata,5734,1006,0.449634089967847
Microgale brevicaudata,5795,1006,6.47518067736232
Microgale brevicaudata,4295,965,57.9536162531174
Microgale brevicaudata,5806,1009,43.0398890354153
Microgale brevicaudata,5794,1000,17.1081231937802
Microgale brevicaudata,4013,524,52.2268727901955
Microgale brevicaudata,5816,524,0.0899356091371775
Microgale brevicaudata,5817,524,0.0899341444739103
Microgale brevicaudata,5818,524,0.0899326796025038
Microgale brevicaudata,5814,1012,39.1360013945309
Microgale brevicaudata,5815,1012,0.0899400018793345
Microgale brevicaudata,3617,586,52.0931107730117
Microgale brevicaudata,5820,1014,16.2380797407103
Microgale brevicaudata,1556,277,4.38649564416385
Microgale brevicaudata,1587,277,8.86332816260099
Microgale brevicaudata,1610,277,0.274089461484194
Microgale brevicaudata,1614,277,0.0913631538983583
Microgale brevicaudata,1630,277,9.5018882179122
Microgale brevicaudata,1631,277,4.567756926453
Microgale brevicaudata,5495,277,0.0913643975844383
Microgale brevicaudata,5703,277,0.456749789226413
Microgale brevicaudata,287,47,293.443629027022
Microgale brevicaudata,5828,47,0.645659265649438
Microgale brevicaudata,5826,1015,21.3177359530671
Microgale brevicaudata,5827,1015,85.7023597338527
Microgale brevicaudata,5829,1015,29.7890733494529
Microgale brevicaudata,211,54,128.592142873589
Microgale brevicaudata,376,79,279.159211866453
Microgale brevicaudata,443,79,29.9084594166067
Microgale brevicaudata,460,79,620.596865699322
Microgale brevicaudata,5807,79,21.7270555164749
Microgale brevicaudata,461,103,0.4598808172791
Microgale brevicaudata,476,103,0.459616383672059
Microgale brevicaudata,483,103,0.275752651619673
Microgale brevicaudata,507,103,0.183794934333146
Microgale brevicaudata,508,103,52.573690723831
Microgale brevicaudata,510,103,0.551364106284499
Microgale brevicaudata,511,103,327.386365348246
Microgale brevicaudata,518,103,0.551319225258708
Microgale brevicaudata,521,103,0.643170052255213
Microgale brevicaudata,480,104,0.183841973942041
Microgale brevicaudata,482,104,0.643432019172192
Microgale brevicaudata,497,104,0.275717098941624
Microgale brevicaudata,501,104,0.275709061498523
Microgale brevicaudata,502,104,0.459508593737543
Microgale brevicaudata,504,104,0.45949710468936
Microgale brevicaudata,643,104,345.298034402023
Microgale brevicaudata,1515,253,10.6968829958997
Microgale brevicaudata,1709,275,64.7813755391271
Microgale brevicaudata,2195,321,352.413150606711
Microgale brevicaudata,4440,675,266.738867483481
Microgale brevicaudata,1793,984,0.0912806047910452
Microgale brevicaudata,1880,984,340.504619947821
Microgale brevicaudata,1886,984,0.456175956650972
Microgale brevicaudata,5808,984,36.1603726523629
Microgale brevicaudata,5825,984,100.812835919068
Microgale brevicaudata,5830,984,65.6316608163534
Microgale brevicaudata,5832,984,0.0912743136838675
Microgale brevicaudata,5833,984,0.0912730548305511
Microgale brevicaudata,5835,984,0.0912604547177553
Microgale brevicaudata,5541,999,21.5096479841157
Microgale brevicaudata,5819,1016,27.5139015001006
Microgale cowani,1106,55,1.1946710927344
Microgale cowani,1133,55,3.21620605602419
Microgale cowani,6,1,72.6104762396658
Microgale cowani,11484,1,56.8711675529887
Microgale cowani,11505,847,38.3946948622806
Microgale cowani,11423,849,0.604549703200459
Microgale cowani,11430,849,0.777178853789091
Microgale cowani,11539,849,19.9515621485635
Microgale cowani,11535,850,27.2715936270507
Microgale cowani,11536,851,29.4123165165292
Microgale cowani,11537,852,29.3885406549345
Microgale cowani,11538,853,20.6592519148769
Microgale cowani,1289,59,58.6780858784226
Microgale cowani,3792,858,0.812480411258936
Microgale cowani,11560,858,38.4612961439313
Microgale cowani,11563,858,0.180557963597178
Microgale cowani,11595,878,61.2124982058693
Microgale cowani,4575,856,2.87876883525968
Microgale cowani,4583,856,0.899620833965421
Microgale cowani,4609,856,0.269868277515173
Microgale cowani,11577,856,45.3586244343983
Microgale cowani,11578,856,33.0953660842072
Microgale cowani,11660,910,52.0931107730117
Microgale cowani,11652,911,31.1097970257607
Microgale cowani,11653,911,29.6010280215059
Microgale cowani,11633,908,88.7755361952912
Microgale cowani,11665,912,29.8365955454182
Microgale cowani,11187,747,48.282664278709
Microgale cowani,2213,760,15.032588320411
Microgale cowani,11547,881,113.437646918732
Microgale cowani,122,12,128.592142873589
Microgale cowani,1010,632,0.459616383672059
Microgale cowani,1040,632,0.275752651619673
Microgale cowani,1121,632,0.183794934333146
Microgale cowani,1129,632,53.6769175645747
Microgale cowani,1134,632,0.551364106284499
Microgale cowani,1155,632,0.551319225258708
Microgale cowani,1169,632,0.643170052255213
Microgale cowani,2546,632,2596.41170182217
Microgale cowani,11694,632,0.0921622935290933
Microgale cowani,1388,928,160.951441841182
Microgale cowani,1801,929,0.0913569323071241
Microgale cowani,11702,929,0.091498695497334
Microgale cowani,11703,929,417.797059510007
Microgale cowani,11704,929,0.274443535747349
Microgale cowani,11706,929,0.0914766905790568
Microgale cowani,11707,929,0.0914754660792351
Microgale cowani,11708,929,0.0914742413685322
Microgale cowani,11709,929,0.0914693404175043
Microgale cowani,11710,929,0.182936229304552
Microgale cowani,11687,930,21.3177359530671
Microgale cowani,11688,930,85.7023597338527
Microgale cowani,11690,930,16.2380797407103
Microgale cowani,11692,930,29.7890733494529
Microgale cowani,11689,931,293.443629027022
Microgale cowani,11691,931,0.645659265649438
Microgale cowani,11695,932,14.1752324262425
Microgale cowani,11696,933,6.16665918636328
Microgale cowani,11697,934,56.9979385032006
Microgale cowani,11698,935,29.9192284064455
Microgale cowani,11699,936,884.783191226228
Microgale cowani,11711,937,10.6968829958997
Microgale cowani,11712,938,239.346135864174
Microgale cowani,957,832,0.643524707942724
Microgale cowani,1027,832,0.183841973942041
Microgale cowani,1035,832,0.643432019172192
Microgale cowani,1063,832,1.56243208603442
Microgale cowani,1064,832,0.275729722221732
Microgale cowani,1082,832,0.275717098941624
Microgale cowani,1091,832,0.275709061498523
Microgale cowani,1097,832,0.459508593737543
Microgale cowani,1105,832,0.45949710468936
Microgale cowani,1139,832,1.10266377710527
Microgale cowani,1145,832,0.183781132994473
Microgale cowani,1146,832,0.367564567481756
Microgale cowani,1162,832,2.02137478975803
Microgale cowani,1163,832,0.826945434479237
Microgale cowani,1214,832,0.367459639964223
Microgale cowani,1229,832,1.46972063059181
Microgale cowani,1230,832,0.275577679304183
Microgale cowani,1355,832,432.432672722725
Microgale cowani,11545,855,506.523692399314
Microgale cowani,11597,891,138.846313450127
Microgale cowani,11679,913,59.3564680753992
Microgale cowani,11681,923,73.9629580870592
Microgale cowani,11714,923,29.4125688188837
Microgale cowani,11686,927,68.6631767822923
Microgale drouhardi,106,18,26.2567140975431
Microgale drouhardi,116,18,0.644736027104974
Microgale drouhardi,119,18,90.7375465159783
Microgale drouhardi,120,19,3.68393426545006
Microgale drouhardi,185,28,15.3223271836708
Microgale drouhardi,278,40,0.091165282910943
Microgale drouhardi,284,40,15.861074865428
Microgale drouhardi,3,1,56.8711675529887
Microgale drouhardi,2468,361,9.36908318528281
Microgale drouhardi,2471,363,38.3946948622806
Microgale drouhardi,187,26,389.202603522411
Microgale drouhardi,205,31,33.8666662566687
Microgale drouhardi,207,31,0.3660581814937
Microgale drouhardi,208,31,0.366043563450038
Microgale drouhardi,509,53,0.812480411258936
Microgale drouhardi,2499,53,38.4612961439313
Microgale drouhardi,2501,53,0.180557963597178
Microgale drouhardi,2549,397,61.2124982058693
Microgale drouhardi,691,72,2.87876883525968
Microgale drouhardi,693,72,0.899620833965421
Microgale drouhardi,700,72,0.269868277515173
Microgale drouhardi,2517,72,45.3586244343983
Microgale drouhardi,2518,72,33.0953660842072
Microgale drouhardi,2493,371,52.0931107730117
Microgale drouhardi,2580,409,31.1097970257607
Microgale drouhardi,2581,409,29.6010280215059
Microgale drouhardi,2562,404,88.7755361952912
Microgale drouhardi,2587,410,29.8365955454182
Microgale drouhardi,2396,284,48.282664278709
Microgale drouhardi,148,22,0.18402045498687
Microgale drouhardi,153,22,0.919496630984008
Microgale drouhardi,172,22,1233.80065598417
Microgale drouhardi,2595,415,197.364352225011
Microgale drouhardi,190,27,10.6418234924151
Microgale drouhardi,192,27,1.92623914275402
Microgale drouhardi,193,27,1.19240941025871
Microgale drouhardi,194,29,89.8712606361253
Microgale drouhardi,2487,38,320.864115381476
Microgale drouhardi,1910,336,0.265972006814122
Microgale drouhardi,2527,336,138.846313450127
Microgale drouhardi,2574,336,9.04229392746901
Microgale drouhardi,304,370,59.6598417871081
Microgale drouhardi,2605,370,29.4125688188837
Microgale drouhardi,2589,412,30.3425368771047
Microgale drouhardi,2594,414,68.6631767822923
Microgale dryas,9,4,30.0587182645782
Microgale dryas,11,6,86.8019054917116
Microgale dryas,14,6,84.5717502941514
Microgale dryas,15,6,0.275470983039737
Microgale dryas,16,7,31.4720297234889
Microgale dryas,17,7,29.8132933344408
Microgale dryas,18,8,19.439023896375
Microgale dryas,19,8,0.733449546446562
Microgale dryas,20,8,58.8448757092026
Microgale dryas,22,8,28.7773817194793
Microgale dryas,23,10,27.3898332410564
Microgale dryas,26,11,22.1470734063995
Microgale dryas,38,15,7.67238536788142
Microgale dryas,47,16,2.73830994216502
Microgale dryas,50,16,10.4953631187687
Microgale dryas,68,23,45.3586244344044
Microgale dryas,69,23,0.179958904524803
Microgale dryas,71,23,2.87876883525968
Microgale dryas,72,23,0.899620833965421
Microgale dryas,73,23,0.269868277515173
Microgale dryas,75,23,33.0953660842019
Microgale dryas,158,39,57.2471492281184
Microgale dryas,45,14,13.9742267340321
Microgale dryas,51,17,23.8148690528684
Microgale fotsifotsy,312,41,12.844982738089
Microgale fotsifotsy,13,1,56.8711675529887
Microgale fotsifotsy,3106,1,9.36908318528281
Microgale fotsifotsy,3107,1,28.8450665179954
Microgale fotsifotsy,3113,463,38.3946948622806
Microgale fotsifotsy,303,39,199.023427275577
Microgale fotsifotsy,847,75,0.812480411258936
Microgale fotsifotsy,3126,75,38.4612961439313
Microgale fotsifotsy,3127,75,0.180557963597178
Microgale fotsifotsy,3178,501,61.2124982058693
Microgale fotsifotsy,2240,179,52.5005638445029
Microgale fotsifotsy,3148,513,26.1848926319454
Microgale fotsifotsy,1151,469,2.87876883525968
Microgale fotsifotsy,1153,469,0.899620833965421
Microgale fotsifotsy,1164,469,0.269868277515173
Microgale fotsifotsy,3142,469,45.3586244343983
Microgale fotsifotsy,3143,469,33.0953660842072
Microgale fotsifotsy,3210,516,52.0931107730117
Microgale fotsifotsy,3219,517,31.1097970257607
Microgale fotsifotsy,3220,517,29.6010280215059
Microgale fotsifotsy,3125,510,88.7755361952912
Microgale fotsifotsy,3221,518,29.8365955454182
Microgale fotsifotsy,3021,356,48.282664278709
Microgale fotsifotsy,64,9,109.488986914402
Microgale fotsifotsy,127,16,0.6456592656492
Microgale fotsifotsy,3244,16,286.34182232248
Microgale fotsifotsy,230,525,1.74986507844758
Microgale fotsifotsy,267,525,0.18402045498687
Microgale fotsifotsy,296,525,1960.85991801789
Microgale fotsifotsy,3248,525,0.0921622935290933
Microgale fotsifotsy,3245,526,55.6238823871676
Microgale fotsifotsy,3246,526,29.7890733494529
Microgale fotsifotsy,3249,527,14.1752324262425
Microgale fotsifotsy,3250,528,6.16665918636328
Microgale fotsifotsy,3251,529,114.065081012249
Microgale fotsifotsy,315,43,89.8712606361253
Microgale fotsifotsy,2501,428,0.265972006814122
Microgale fotsifotsy,3158,428,138.846313450127
Microgale fotsifotsy,3202,428,9.04229392746901
Microgale fotsifotsy,488,452,186.916512455611
Microgale fotsifotsy,3097,452,31.5791662362505
Microgale fotsifotsy,3243,523,57.9452893114559
Microgale fotsifotsy,3121,524,59.6598417871081
Microgale fotsifotsy,3253,524,29.4125688188837
Microgale gracilis,11,4,16.7667195900946
Microgale gracilis,12,4,0.552705523771942
Microgale gracilis,44,147,10.6968829958979
Microgale gracilis,115,15,25.7426805189337
Microgale gracilis,1378,166,31.423229277505
Microgale gracilis,1380,177,88.7755361952912
Microgale gracilis,1399,179,29.8365955454182
Microgale gracilis,125,178,2.24909224567234
Microgale gracilis,126,178,0.179934098074555
Microgale gracilis,128,178,2.87876883525968
Microgale gracilis,129,178,0.899620833965421
Microgale gracilis,135,178,0.269868277515173
Microgale gracilis,167,178,33.0953660842072
Microgale gracilis,31,7,29.8631255431825
Microgale gracilis,62,129,3.19109242600811
Microgale gracilis,1402,129,67.2587430555475
Microgale gracilis,32,163,0.3660581814937
Microgale gracilis,33,163,0.366043563450038
Microgale gracilis,1375,163,33.8666662566687
Microgale gracilis,26,5,941.655056871075
Microgale gracilis,27,5,0.919496630984008
Microgale gracilis,1371,5,29.3755253240241
Microgale gracilis,14,6,6.16665918636328
Microgale gracilis,1406,184,5.33902110164034
Microgale gracilis,1110,168,0.265972006814122
Microgale gracilis,1165,168,138.846313450127
Microgale gracilis,1390,168,9.04229392746901
Microgale gracilis,66,181,73.9629580870592
Microgale gracilis,1408,181,29.4125688188837
Microgale gracilis,1405,183,62.019508134887
Microgale gymnorhyncha,3284,175,29.4123165165292
Microgale gymnorhyncha,3306,176,27.2715936270507
Microgale gymnorhyncha,85,11,201.285870337084
Microgale gymnorhyncha,123,11,0.0918507397885323
Microgale gymnorhyncha,196,180,0.812480411258936
Microgale gymnorhyncha,3313,180,34.3971482793418
Microgale gymnorhyncha,3314,180,0.180557963597178
Microgale gymnorhyncha,3333,187,61.2124982058693
Microgale gymnorhyncha,302,23,0.179958904524803
Microgale gymnorhyncha,304,23,2.87876883525968
Microgale gymnorhyncha,305,23,0.899620833965421
Microgale gymnorhyncha,310,23,0.269868277515173
Microgale gymnorhyncha,3317,23,45.3586244343983
Microgale gymnorhyncha,3318,23,33.0953660842072
Microgale gymnorhyncha,3309,178,52.0931107730117
Microgale gymnorhyncha,204,181,88.7755361952912
Microgale gymnorhyncha,3370,195,29.8365955454182
Microgale gymnorhyncha,3378,196,31.1097970257607
Microgale gymnorhyncha,3379,196,29.6010280215059
Microgale gymnorhyncha,3184,123,48.282664278709
Microgale gymnorhyncha,2516,184,113.437646918732
Microgale gymnorhyncha,9,4,85.7023597338527
Microgale gymnorhyncha,3380,4,0.3690976892097
Microgale gymnorhyncha,3385,4,16.2380797407103
Microgale gymnorhyncha,92,6,788.246886519864
Microgale gymnorhyncha,3390,6,154.89606495298
Microgale gymnorhyncha,3387,202,5.25313743514037
Microgale gymnorhyncha,3388,202,0.0921622935290933
Microgale gymnorhyncha,3389,202,63.489192950349
Microgale gymnorhyncha,3391,203,14.1752324262425
Microgale gymnorhyncha,3392,204,6.16665918636328
Microgale gymnorhyncha,37,7,119.57473076641
Microgale gymnorhyncha,126,16,59.6598417871081
Microgale gymnorhyncha,3089,185,138.846313450127
Microgale gymnorhyncha,3384,201,68.6631767822923
Microgale longicaudata,36,6,0.18546587502265
Microgale longicaudata,40,6,6.4908973798604
Microgale longicaudata,113,23,9.25542923517722
Microgale longicaudata,114,23,1.48074673073471
Microgale longicaudata,1076,155,3.21620605602419
Microgale longicaudata,1345,197,0.275273431350648
Microgale longicaudata,1354,197,58.1799164910831
Microgale longicaudata,2052,279,3.82909888804102
Microgale longicaudata,2124,281,27.9623496702811
Microgale longicaudata,44,8,17.8933026001772
Microgale longicaudata,51,8,0.0927073077802658
Microgale longicaudata,60,11,0.0926675960290432
Microgale longicaudata,62,11,43.2675847418705
Microgale longicaudata,68,11,0.0926606114119887
Microgale longicaudata,73,11,0.0926476122773886
Microgale longicaudata,78,11,0.0926436052986383
Microgale longicaudata,23,1,0.278243954662919
Microgale longicaudata,37,1,120.652777342245
Microgale longicaudata,7698,1,56.8711675529887
Microgale longicaudata,1590,237,64.9869920614074
Microgale longicaudata,7768,1238,38.3946948622806
Microgale longicaudata,7648,1247,0.604549703200459
Microgale longicaudata,7809,1247,19.9515621485635
Microgale longicaudata,7805,1248,27.2715936270507
Microgale longicaudata,7806,1249,29.4123165165292
Microgale longicaudata,7807,1250,29.3885406549345
Microgale longicaudata,7808,1251,20.6592519148769
Microgale longicaudata,1201,168,58.6780858784226
Microgale longicaudata,2995,1237,0.812480411258936
Microgale longicaudata,7838,1237,38.4612961439313
Microgale longicaudata,7841,1237,0.180557963597178
Microgale longicaudata,7871,1288,61.2124982058693
Microgale longicaudata,7928,1312,31.1097970257607
Microgale longicaudata,7929,1312,29.6010280215059
Microgale longicaudata,3630,1255,2.87876883525968
Microgale longicaudata,3634,1255,0.899620833965421
Microgale longicaudata,3649,1255,0.269868277515173
Microgale longicaudata,7853,1255,45.3586244343983
Microgale longicaudata,7854,1255,33.0953660842072
Microgale longicaudata,7936,1315,52.0931107730117
Microgale longicaudata,7909,1307,88.7755361952912
Microgale longicaudata,7941,1316,29.8365955454182
Microgale longicaudata,1407,209,8.71055469847303
Microgale longicaudata,7469,1029,48.282664278709
Microgale longicaudata,7821,1291,113.437646918732
Microgale longicaudata,326,58,128.592142873589
Microgale longicaudata,1020,133,0.183841973942041
Microgale longicaudata,1025,133,0.643432019172192
Microgale longicaudata,1051,133,0.275717098941624
Microgale longicaudata,1058,133,0.275709061498523
Microgale longicaudata,1062,133,0.459508593737543
Microgale longicaudata,1065,133,0.45949710468936
Microgale longicaudata,1080,133,1.10266377710527
Microgale longicaudata,1097,133,0.826945434479237
Microgale longicaudata,1137,133,0.367459639964223
Microgale longicaudata,1151,133,1.46972063059181
Microgale longicaudata,1236,133,432.432672722725
Microgale longicaudata,1921,268,34.227543500394
Microgale longicaudata,7748,1331,29.1295754598171
Microgale longicaudata,7749,1331,27.8442933033056
Microgale longicaudata,7964,1332,9.67378974067533
Microgale longicaudata,1013,1224,0.459616383672059
Microgale longicaudata,1026,1224,0.275752651619673
Microgale longicaudata,1071,1224,0.183794934333146
Microgale longicaudata,1074,1224,53.6769175645747
Microgale longicaudata,1077,1224,0.551364106284499
Microgale longicaudata,1091,1224,0.551319225258708
Microgale longicaudata,1100,1224,0.643170052255213
Microgale longicaudata,2218,1224,4454.00814702671
Microgale longicaudata,7972,1224,0.0921622935290933
Microgale longicaudata,7976,1224,0.0917925728403926
Microgale longicaudata,7977,1224,0.0917925728403926
Microgale longicaudata,7965,1333,21.3177359530671
Microgale longicaudata,7966,1333,85.7023597338527
Microgale longicaudata,7970,1333,29.7890733494529
Microgale longicaudata,7967,1334,293.443629027022
Microgale longicaudata,7969,1334,0.645659265649438
Microgale longicaudata,7968,1335,16.2380797407103
Microgale longicaudata,7973,1336,14.1752324262425
Microgale longicaudata,7974,1337,6.16665918636328
Microgale longicaudata,7975,1338,56.9979385032006
Microgale longicaudata,7979,1339,28.9027750310352
Microgale longicaudata,7981,1340,690.115388181763
Microgale longicaudata,7982,1340,0.091498695497334
Microgale longicaudata,7983,1340,0.274443535747349
Microgale longicaudata,7985,1340,0.0914766905790568
Microgale longicaudata,7986,1340,0.0914754660792351
Microgale longicaudata,7987,1340,0.0914742413685322
Microgale longicaudata,7988,1340,0.0914693404175043
Microgale longicaudata,7989,1340,0.182936229304552
Microgale longicaudata,7993,1340,0.0913569323071241
Microgale longicaudata,7990,1341,10.6968829958997
Microgale longicaudata,7995,1342,107.010702178571
Microgale longicaudata,7996,1343,639.159561686217
Microgale longicaudata,7998,1343,0.0912351913300753
Microgale longicaudata,7997,1344,19.437907051445
Microgale longicaudata,7999,1345,12.0410908559145
Microgale longicaudata,8000,1346,21.3305931885931
Microgale longicaudata,8002,1347,5.10222163080156
Microgale longicaudata,7873,1280,138.846313450127
Microgale longicaudata,7822,1318,506.523692399314
Microgale longicaudata,7959,1328,73.9629580870592
Microgale longicaudata,8004,1328,29.4125688188837
Microgale longicaudata,7963,1330,68.6631767822923
Microgale majori,20,7,80.5939694670575
Microgale majori,4,1,28.8450665179954
Microgale majori,148,111,28.1809853154598
Microgale majori,598,115,52.0931107730117
Microgale majori,553,96,31.1097970257607
Microgale majori,605,96,29.6010280215059
Microgale majori,310,113,2.87876883525968
Microgale majori,311,113,0.899620833965421
Microgale majori,314,113,0.269868277515173
Microgale majori,593,113,45.3586244343983
Microgale majori,596,113,33.0953660842072
Microgale majori,610,117,59.8037401907951
Microgale majori,41,14,164.850226125621
Microgale majori,611,118,29.7890733494529
Microgale majori,47,15,57.67030692128
Microgale majori,54,15,416.709199273302
Microgale majori,614,15,5.25313743514037
Microgale majori,615,15,0.0921622935290933
Microgale majori,612,119,26.6587824925889
Microgale majori,616,120,14.1752324262425
Microgale majori,617,121,6.16665918636328
Microgale majori,591,112,23.8148690528684
Microgale mergulus,1,1,14.644944037948
Microgale mergulus,5,1,29.7439079649721
Microgale mergulus,6,2,1.19697195979726
Microgale mergulus,8,1,55.3266365133052
Microgale mergulus,9,2,21.7270555164745
Microgale mergulus,10,2,27.3374724883207
Microgale mergulus,12,2,54.2037306260149
Microgale mergulus,15,2,0.18402045498687
Microgale mergulus,16,3,23.001548176319
Microgale mergulus,17,2,23.2776854783
Microgale mergulus,19,4,181.783941232351
Microgale mergulus,20,4,0.919496630984008
Microgale mergulus,23,4,6.25186649493766
Microgale mergulus,511,41,0.178273059561968
Microgale mergulus,516,41,29.142824429647
Microgale mergulus,948,80,0.265972006814122
Microgale mergulus,1398,80,9.04229392746901
Microgale mergulus,1274,59,31.1097970257607
Microgale mergulus,61,7,0.54698275794816
Microgale mergulus,62,7,1.73194615611374
Microgale mergulus,64,7,8.02199676955664
Microgale mergulus,66,7,83.2026980152344
Microgale mergulus,74,101,0.455487860305786
Microgale mergulus,1400,101,13.8476284396458
Microgale mergulus,1375,66,13.6882290793771
Microgale mergulus,1030,99,26.6621604822083
Microgale mergulus,26,100,184.15396292739
Microgale mergulus,28,100,0.3660581814937
Microgale mergulus,29,100,0.366043563450038
Microgale parvula,953,177,3.21620605602419
Microgale parvula,1466,269,25.8267574798982
Microgale parvula,42,12,0.0926675960290432
Microgale parvula,44,12,43.2675847418705
Microgale parvula,47,12,0.0926606114119887
Microgale parvula,51,12,0.0926476122773886
Microgale parvula,56,12,0.0926436052986383
Microgale parvula,24,6,0.278243954662919
Microgale parvula,31,6,114.253922684143
Microgale parvula,7676,6,56.8711675529887
Microgale parvula,1545,276,41.9188143008253
Microgale parvula,7720,1422,38.3946948622806
Microgale parvula,7674,1432,0.604549703200459
Microgale parvula,7757,1432,19.9515621485635
Microgale parvula,7675,1433,29.4123165165292
Microgale parvula,7753,1434,27.2715936270507
Microgale parvula,7755,1435,29.3885406549345
Microgale parvula,7756,1436,20.6592519148769
Microgale parvula,1101,202,58.6780858784226
Microgale parvula,2573,1421,0.812480411258936
Microgale parvula,7796,1421,38.4612961439313
Microgale parvula,7799,1421,0.180557963597178
Microgale parvula,7830,1472,61.2124982058693
Microgale parvula,3200,1440,2.87876883525968
Microgale parvula,3204,1440,0.899620833965421
Microgale parvula,3220,1440,0.269868277515173
Microgale parvula,7811,1440,45.3586244343983
Microgale parvula,7812,1440,33.0953660842072
Microgale parvula,7912,1502,52.0931107730117
Microgale parvula,7904,1503,31.1097970257607
Microgale parvula,7905,1503,29.6010280215059
Microgale parvula,7872,1495,88.7755361952912
Microgale parvula,7917,1504,29.8365955454182
Microgale parvula,7511,1201,48.282664278709
Microgale parvula,7780,1457,113.437646918732
Microgale parvula,881,51,0.459616383672059
Microgale parvula,898,51,0.275752651619673
Microgale parvula,949,51,0.183794934333146
Microgale parvula,952,51,53.6769175645747
Microgale parvula,954,51,0.551364106284499
Microgale parvula,978,51,0.551319225258708
Microgale parvula,987,51,0.643170052255213
Microgale parvula,1438,51,30.8790083227627
Microgale parvula,2119,51,5657.37865408614
Microgale parvula,7950,51,0.0921622935290933
Microgale parvula,7954,51,0.0917925728403926
Microgale parvula,7955,51,0.0917925728403926
Microgale parvula,7959,51,28.7773817194842
Microgale parvula,7943,1520,21.3177359530671
Microgale parvula,7944,1520,85.7023597338527
Microgale parvula,7948,1520,29.7890733494529
Microgale parvula,7945,1521,293.443629027022
Microgale parvula,7947,1521,0.645659265649438
Microgale parvula,7946,1522,16.2380797407103
Microgale parvula,7951,1523,14.1752324262425
Microgale parvula,7952,1524,6.16665918636328
Microgale parvula,7953,1525,56.9979385032006
Microgale parvula,7960,1526,859.949368190404
Microgale parvula,7961,1526,0.091498695497334
Microgale parvula,7962,1526,0.274443535747349
Microgale parvula,7964,1526,0.0914766905790568
Microgale parvula,7965,1526,0.0914754660792351
Microgale parvula,7966,1526,0.0914742413685322
Microgale parvula,7967,1526,0.0914693404175043
Microgale parvula,7968,1526,0.182936229304552
Microgale parvula,7972,1526,0.0913569323071241
Microgale parvula,7969,1527,10.6968829958997
Microgale parvula,7970,1528,2.55931186735427
Microgale parvula,7974,1529,107.010702178571
Microgale parvula,7975,1530,639.159561686217
Microgale parvula,7977,1530,0.0912351913300753
Microgale parvula,7976,1531,19.437907051445
Microgale parvula,7978,1532,12.0410908559145
Microgale parvula,7982,1533,61.5307293035261
Microgale parvula,7983,1534,2.5515154922781
Microgale parvula,7984,1535,5.10222163080156
Microgale parvula,7985,1536,27.9623496702649
Microgale parvula,7986,1537,4.18998410252416
Microgale parvula,7987,1537,0.0910818434472084
Microgale parvula,7988,1538,41.3435845824178
Microgale parvula,233,56,128.592142873589
Microgale parvula,890,146,0.183841973942041
Microgale parvula,895,146,0.643432019172192
Microgale parvula,924,146,0.275717098941624
Microgale parvula,932,146,0.275709061498523
Microgale parvula,939,146,0.459508593737543
Microgale parvula,945,146,0.45949710468936
Microgale parvula,961,146,1.10266377710527
Microgale parvula,985,146,0.826945434479237
Microgale parvula,1028,146,0.367459639964223
Microgale parvula,1045,146,1.46972063059181
Microgale parvula,1140,146,432.432672722725
Microgale parvula,6242,1370,0.265972006814122
Microgale parvula,7832,1370,138.846313450127
Microgale parvula,7898,1370,9.04229392746901
Microgale parvula,7781,1505,506.523692399314
Microgale parvula,7930,1513,1303.59805225592
Microgale parvula,7991,1513,0.091701961597383
Microgale parvula,7992,1513,0.183394440543056
Microgale parvula,7993,1513,0.0916889148144126
Microgale parvula,7994,1513,1.00823772702169
Microgale parvula,7995,1513,0.091659167940259
Microgale parvula,7997,1513,0.0916579753180146
Microgale parvula,7938,1517,73.9629580870592
Microgale parvula,7998,1517,29.4125688188837
Microgale parvula,7942,1519,68.6631767822923
Microgale principula,231,28,0.183841973942041
Microgale principula,234,28,0.643432019172192
Microgale principula,261,28,301.522255901456
Microgale principula,283,34,26.2648020061304
Microgale principula,394,46,65.611862821471
Microgale principula,406,46,30.002952453004
Microgale principula,1,1,56.8711675529887
Microgale principula,4910,607,29.4123165165292
Microgale principula,4942,684,27.2715936270507
Microgale principula,4943,685,29.3885406549345
Microgale principula,4944,686,20.6592519148769
Microgale principula,1125,696,0.812480411258936
Microgale principula,4983,696,34.3971482793418
Microgale principula,4986,696,0.180557963597178
Microgale principula,5017,721,61.2124982058693
Microgale principula,5097,748,52.0931107730117
Microgale principula,1578,691,2.87876883525968
Microgale principula,1581,691,0.899620833965421
Microgale principula,1594,691,0.269868277515173
Microgale principula,4998,691,45.3586244343983
Microgale principula,4999,691,33.0953660842072
Microgale principula,5089,749,31.1097970257607
Microgale principula,5090,749,29.6010280215059
Microgale principula,5059,742,88.7755361952912
Microgale principula,5102,750,29.8365955454182
Microgale principula,5111,758,85.6458207477265
Microgale principula,4793,560,48.282664278709
Microgale principula,4967,707,113.437646918732
Microgale principula,53,2,293.443629027022
Microgale principula,5127,2,0.645659265649438
Microgale principula,5124,765,21.3177359530671
Microgale principula,5125,765,85.7023597338527
Microgale principula,5128,765,29.7890733494529
Microgale principula,5126,766,16.2380797407103
Microgale principula,15,6,119.546167857891
Microgale principula,3791,642,0.265972006814122
Microgale principula,5019,642,138.846313450127
Microgale principula,5083,642,9.04229392746901
Microgale principula,100,754,0.644736027104974
Microgale principula,108,754,0.184197436095715
Microgale principula,115,754,149.498138390679
Microgale principula,190,754,0.4598808172791
Microgale principula,224,754,1.3788789025259
Microgale principula,794,754,5197.31507682682
Microgale principula,5130,754,0.0921622935290933
Microgale principula,5134,754,0.0917925728403926
Microgale principula,5135,754,0.0917925728403926
Microgale principula,5139,754,28.7773817194842
Microgale principula,428,767,0.0914152072403431
Microgale principula,5140,767,839.286452715983
Microgale principula,5141,767,0.091498695497334
Microgale principula,5142,767,0.274443535747349
Microgale principula,5144,767,0.0914766905790568
Microgale principula,5145,767,0.0914754660792351
Microgale principula,5146,767,0.0914742413685322
Microgale principula,5147,767,0.0914693404175043
Microgale principula,5148,767,0.182936229304552
Microgale principula,5151,767,0.0913569323071241
Microgale principula,5131,768,14.1752324262425
Microgale principula,5132,769,6.16665918636328
Microgale principula,5133,770,56.9979385032006
Microgale principula,5149,771,10.6968829958997
Microgale principula,5153,772,102.719035407976
Microgale principula,5154,773,639.159561686217
Microgale principula,5156,773,0.0912351913300753
Microgale principula,5155,774,19.437907051445
Microgale principula,5157,775,12.0410908559145
Microgale principula,5160,776,42.2050122115301
Microgale principula,5162,777,5.10222163080156
Microgale principula,5163,778,27.9623496702649
Microgale principula,5164,779,4.18998410252416
Microgale principula,5165,779,0.0910818434472084
Microgale principula,5166,780,41.3435845824178
Microgale principula,324,755,3.30296723872137
Microgale principula,353,755,0.0917019615974426
Microgale principula,399,755,29.9186708281439
Microgale principula,4961,755,61.3675207380337
Microgale principula,5110,755,700.347295493136
Microgale principula,5169,755,1.00823772702169
Microgale principula,5170,755,0.091659167940259
Microgale principula,5172,755,0.0916579753180146
Microgale principula,5173,755,104.538444511148
Microgale principula,4968,756,503.240211675945
Microgale principula,5119,762,73.9629580870592
Microgale principula,5174,762,29.4125688188837
Microgale principula,5123,764,68.6631767822923
Microgale pusilla,42,7,4.33443217345184
Microgale pusilla,178,23,9.72594043660879
Microgale pusilla,190,27,3.7607125278073
Microgale pusilla,271,40,4.57841928809607
Microgale pusilla,327,52,5.30132175810611
Microgale pusilla,378,60,2.7402156819526
Microgale pusilla,445,67,3.19109242600811
Microgale pusilla,453,68,22.5162443939922
Microgale pusilla,71,437,4.05232580194205
Microgale pusilla,288,43,12.080038946459
Microgale pusilla,135,14,87.8910586471556
Microgale pusilla,2432,501,38.5754106344105
Microgale pusilla,2269,503,29.4123165165292
Microgale pusilla,2445,507,27.2715936270507
Microgale pusilla,168,509,18.9148983457139
Microgale pusilla,258,37,23.3596321897291
Microgale pusilla,278,41,24.808850928902
Microgale pusilla,615,94,0.180557963597178
Microgale pusilla,617,94,0.812480411258936
Microgale pusilla,632,94,39.0933882275617
Microgale pusilla,2452,512,52.0931107730117
Microgale pusilla,1997,337,31.1097970257607
Microgale pusilla,2450,510,42.9295980906537
Microgale pusilla,2431,63,131.503293202885
Microgale pusilla,2289,483,22.0058445859578
Microgale pusilla,41,3,0.6456592656492
Microgale pusilla,2463,3,270.478925393523
Microgale pusilla,181,520,0.275273431350648
Microgale pusilla,263,520,2971.32087888239
Microgale pusilla,2466,520,0.0921622935290933
Microgale pusilla,2470,520,0.0917925728403926
Microgale pusilla,2471,520,0.0917925728403926
Microgale pusilla,2474,520,109.261297641573
Microgale pusilla,2475,520,28.7773817194842
Microgale pusilla,2461,521,21.3177359530671
Microgale pusilla,2462,521,59.0435772412643
Microgale pusilla,2464,521,29.7890733494529
Microgale pusilla,2467,522,14.1752324262425
Microgale pusilla,2468,523,6.16665918636328
Microgale pusilla,2469,524,56.9979385032006
Microgale pusilla,2473,525,28.9945300994949
Microgale pusilla,2476,526,56.6961553009893
Microgale pusilla,25,4,109.488986914402
Microgale pusilla,303,29,247.84924904139
Microgale pusilla,369,527,0.0913569323071241
Microgale pusilla,419,527,293.014594601454
Microgale pusilla,2480,527,29.3626977272841
Microgale pusilla,2477,528,22.60461445329
Microgale pusilla,2478,529,0.091498695497334
Microgale pusilla,2479,529,16.3769253138244
Microgale pusilla,323,418,2.55931186735427
Microgale pusilla,475,498,158.356502369604
Microgale pusilla,424,506,148.457025495242
Microgale pusilla,2458,516,60.5017196673535
Microgale pusilla,2460,519,29.7238530124833
Microgale soricoides,309,171,1.8373651948179
Microgale soricoides,312,171,0.367459639964223
Microgale soricoides,318,171,0.183724619395971
Microgale soricoides,319,171,0.275586929093957
Microgale soricoides,326,171,1.46972063059181
Microgale soricoides,327,171,0.275577679304183
Microgale soricoides,339,171,2.75561017110461
Microgale soricoides,340,171,0.275553377308786
Microgale soricoides,376,15,29.9898296926292
Microgale soricoides,3931,212,38.3946948622806
Microgale soricoides,3879,142,29.4123165165292
Microgale soricoides,3960,217,27.2715936270507
Microgale soricoides,3961,218,29.3885406549345
Microgale soricoides,241,9,275.995822957044
Microgale soricoides,341,9,0.551107912560761
Microgale soricoides,381,17,28.1809853154598
Microgale soricoides,735,24,0.812480411258936
Microgale soricoides,3970,24,38.4612961439313
Microgale soricoides,3971,24,0.180557963597178
Microgale soricoides,3993,233,61.2124982058693
Microgale soricoides,4032,244,52.0931107730117
Microgale soricoides,971,220,0.179958904524803
Microgale soricoides,981,220,2.87876883525968
Microgale soricoides,983,220,0.899620833965421
Microgale soricoides,995,220,0.269868277515173
Microgale soricoides,3974,220,45.3586244343983
Microgale soricoides,3975,220,33.0953660842072
Microgale soricoides,1197,221,88.7755361952912
Microgale soricoides,4024,245,29.8365955454182
Microgale soricoides,4029,246,31.1097970257607
Microgale soricoides,4030,246,29.6010280215059
Microgale soricoides,4043,251,28.6147883524215
Microgale soricoides,2894,228,113.437646918732
Microgale soricoides,3758,231,48.282664278709
Microgale soricoides,5,2,58.34831953248
Microgale soricoides,56,4,0.460479690076709
Microgale soricoides,57,4,0.276287814046025
Microgale soricoides,131,4,0.18402045498687
Microgale soricoides,179,4,0.4598808172791
Microgale soricoides,260,4,1042.14844211129
Microgale soricoides,4065,4,5.25313743514037
Microgale soricoides,4066,4,0.0921622935290933
Microgale soricoides,4067,4,155.901481917966
Microgale soricoides,4035,257,0.3690976892097
Microgale soricoides,4061,257,85.7023597338527
Microgale soricoides,4062,257,16.2380797407103
Microgale soricoides,4063,258,26.6591388056021
Microgale soricoides,4068,259,14.1752324262425
Microgale soricoides,4069,260,6.16665918636328
Microgale soricoides,4070,261,59.9645208859885
Microgale soricoides,58,6,179.22709814799
Microgale soricoides,377,16,29.8841802741211
Microgale soricoides,379,262,60.0081350929425
Microgale soricoides,401,216,59.6598417871081
Microgale soricoides,4072,216,29.4125688188837
Microgale soricoides,4007,242,138.846313450127
Microgale soricoides,4060,256,68.6631767822923
Microgale taiva,21,6,66.5158365371127
Microgale taiva,328,38,44.3538334620843
Microgale taiva,345,40,119.153241912564
Microgale taiva,382,43,29.3753021912422
Microgale taiva,618,53,27.7801576174308
Microgale taiva,3526,307,29.4123165165292
Microgale taiva,3556,376,29.3885406549345
Microgale taiva,761,380,0.812480411258936
Microgale taiva,3570,380,16.6994855698657
Microgale taiva,3602,403,61.2124982058693
Microgale taiva,968,377,2.87876883525968
Microgale taiva,970,377,0.899620833965421
Microgale taiva,977,377,0.269868277515173
Microgale taiva,3583,377,45.3586244343983
Microgale taiva,3584,377,33.0953660842072
Microgale taiva,3684,432,52.0931107730117
Microgale taiva,3677,433,31.1097970257607
Microgale taiva,3678,433,29.6010280215059
Microgale taiva,3645,426,88.7755361952912
Microgale taiva,3689,434,29.8365955454182
Microgale taiva,3697,439,59.3564680753992
Microgale taiva,3392,347,48.282664278709
Microgale taiva,3558,390,113.437646918732
Microgale taiva,8,1,30.0784773466857
Microgale taiva,3706,1,21.3177359530671
Microgale taiva,10,2,99.6123828588802
Microgale taiva,3707,447,19.1031559591866
Microgale taiva,26,4,94.6503838187693
Microgale taiva,3709,448,29.7890733494529
Microgale taiva,22,7,26.6587824925889
Microgale taiva,3708,449,16.2380797407103
Microgale taiva,45,8,0.644736027104974
Microgale taiva,50,8,100.136196696791
Microgale taiva,111,8,0.18402045498687
Microgale taiva,225,8,0.459616383672059
Microgale taiva,235,8,0.275752651619673
Microgale taiva,262,8,0.183794934333146
Microgale taiva,263,8,53.6769175645747
Microgale taiva,265,8,0.551364106284499
Microgale taiva,270,8,0.551319225258708
Microgale taiva,276,8,0.643170052255213
Microgale taiva,407,8,0.275287525101185
Microgale taiva,663,8,4097.20116909855
Microgale taiva,3710,8,30.1057095869768
Microgale taiva,3714,8,0.0917925728403926
Microgale taiva,3715,8,0.0917925728403926
Microgale taiva,3711,450,14.1752324262425
Microgale taiva,3712,451,6.16665918636328
Microgale taiva,3713,452,56.9979385032006
Microgale taiva,3717,453,676.146919560637
Microgale taiva,3718,453,0.091498695497334
Microgale taiva,3719,453,0.274443535747349
Microgale taiva,3721,453,0.0914766905790568
Microgale taiva,3722,453,0.0914754660792351
Microgale taiva,3723,453,0.0914742413685322
Microgale taiva,3724,453,0.0914693404175043
Microgale taiva,3725,453,0.182936229304552
Microgale taiva,3728,453,0.0913569323071241
Microgale taiva,3726,454,10.6968829958997
Microgale taiva,3730,455,77.705629423223
Microgale taiva,3731,456,318.472685321083
Microgale taiva,3732,456,0.0912351913300753
Microgale taiva,231,23,0.183841973942041
Microgale taiva,234,23,0.643432019172192
Microgale taiva,249,23,0.275717098941624
Microgale taiva,254,23,0.275709061498523
Microgale taiva,256,23,0.459508593737543
Microgale taiva,258,23,0.45949710468936
Microgale taiva,266,23,1.10266377710527
Microgale taiva,274,23,0.826945434479237
Microgale taiva,288,23,0.367459639964223
Microgale taiva,295,23,1.46972063059181
Microgale taiva,355,23,432.432672722725
Microgale taiva,3532,372,506.523692399314
Microgale taiva,2528,391,0.265972006814122
Microgale taiva,3604,391,138.846313450127
Microgale taiva,3671,391,9.04229392746901
Microgale taiva,3580,440,44.4527558411814
Microgale taiva,3699,442,73.9629580870592
Microgale taiva,3734,442,29.4125688188837
Microgale taiva,3705,446,68.6631767822923
Microgale thomasi,1,1,30.1491915678553
Microgale thomasi,90,145,0.919496630984008
Microgale thomasi,97,145,6.25186649493766
Microgale thomasi,143,25,29.3753021912422
Microgale thomasi,154,29,31.6875166683323
Microgale thomasi,1263,147,38.3946948622806
Microgale thomasi,1240,125,29.4123165165292
Microgale thomasi,1259,146,28.1809853154598
Microgale thomasi,523,162,0.812480411258936
Microgale thomasi,1288,162,38.4612961439313
Microgale thomasi,1290,162,0.180557963597178
Microgale thomasi,1303,183,61.2124982058693
Microgale thomasi,1352,188,52.0931107730117
Microgale thomasi,717,159,0.179958904524803
Microgale thomasi,728,159,2.87876883525968
Microgale thomasi,730,159,0.899620833965421
Microgale thomasi,738,159,0.269868277515173
Microgale thomasi,1301,159,45.3586244343983
Microgale thomasi,1302,159,33.0953660842072
Microgale thomasi,866,164,88.7755361952912
Microgale thomasi,1345,189,29.8365955454182
Microgale thomasi,1359,190,31.1097970257607
Microgale thomasi,74,19,7.91582309376431
Microgale thomasi,1274,198,29.7829427257106
Microgale thomasi,147,27,29.8981383788189
Microgale thomasi,149,27,29.700864302778
Microgale thomasi,1368,27,26.4066939801496
Microgale thomasi,156,31,113.687558519197
Microgale thomasi,1192,134,48.282664278709
Microgale thomasi,1373,195,57.2295433791005
Microgale thomasi,12,5,80.5939694670642
Microgale thomasi,66,17,179.22709814799
Microgale thomasi,1381,17,30.1057095869768
Microgale thomasi,84,21,0.18402045498687
Microgale thomasi,86,21,18.8525092663892
Microgale thomasi,98,21,0.183868284008205
Microgale thomasi,140,21,886.686225292778
Microgale thomasi,144,199,688.245360728647
Microgale thomasi,145,26,29.9898296926183
Microgale thomasi,1271,157,23.8148690528684
Microgale thomasi,301,160,73.9629580870592
Microgale thomasi,1384,160,29.4125688188837
Microgale thomasi,1315,169,138.846313450127
Microgale thomasi,59,191,40.2587459644453
Microgale thomasi,64,191,0.460479690076709
Microgale thomasi,65,191,0.276287814046025
Microgale thomasi,68,191,466.930181775011
Microgale thomasi,1363,200,85.7023597338527
Microgale thomasi,1364,200,0.3690976892097
Microgale thomasi,1385,200,21.3177359530671
Microgale thomasi,1387,200,16.2380797407103
Microgale thomasi,1388,200,29.7890733494529
Microgale thomasi,1386,201,73.9912359017386
Microgale thomasi,1380,197,57.9452893114559
Monticola sharpei,24902,88,68.4073900828574
Monticola sharpei,26400,83,112.468627701651
Monticola sharpei,100,95,21.1261124531245
Monticola sharpei,133,2,9.25542923517722
Monticola sharpei,140,2,1.48074673073471
Monticola sharpei,142,2,1.48068535666716
Monticola sharpei,143,2,0.277623898765862
Monticola sharpei,150,2,1.38815019469857
Monticola sharpei,30725,2,0.185083622752249
Monticola sharpei,20,1,0.55664420881176
Monticola sharpei,23,1,0.371099061261296
Monticola sharpei,25,1,0.556625695955813
Monticola sharpei,27,1,0.185535398295105
Monticola sharpei,30,1,0.463806772104442
Monticola sharpei,32,1,0.27827526928854
Monticola sharpei,33,1,0.463781360735595
Monticola sharpei,39,1,0.278243954662919
Monticola sharpei,45,1,0.64914825101471
Monticola sharpei,47,1,120.469913094516
Monticola sharpei,30724,1,56.8711675529887
Monticola sharpei,29478,99,0.777178853789091
Monticola sharpei,30766,99,0.604549703200817
Monticola sharpei,30881,99,27.2715936270507
Monticola sharpei,30882,99,29.4123165165292
Monticola sharpei,30883,99,29.3885406549345
Monticola sharpei,30884,99,20.6592519148769
Monticola sharpei,30885,99,19.9515621485635
Monticola sharpei,30705,100,44.4928427752445
Monticola sharpei,10132,102,0.812480411258936
Monticola sharpei,30793,102,38.3946948622806
Monticola sharpei,30947,102,38.8224120711257
Monticola sharpei,30979,102,61.2124982058693
Monticola sharpei,31021,102,88.7755361952912
Monticola sharpei,31081,102,29.8365955454182
Monticola sharpei,12176,113,0.179958904524803
Monticola sharpei,12261,113,2.87876883525968
Monticola sharpei,12269,113,0.899620833965421
Monticola sharpei,12322,113,0.269868277515173
Monticola sharpei,30961,113,45.3586244343983
Monticola sharpei,30962,113,33.0953660842072
Monticola sharpei,31076,114,52.0931107730117
Monticola sharpei,30931,105,113.437646918732
Monticola sharpei,29834,108,48.282664278709
Monticola sharpei,31053,110,31.1097970257607
Monticola sharpei,31054,110,29.6010280215059
Monticola sharpei,476,90,128.592142873589
Monticola sharpei,1701,90,0.643524707942724
Monticola sharpei,1753,90,0.459616383672059
Monticola sharpei,1765,90,0.183841973942041
Monticola sharpei,1774,90,0.643432019172192
Monticola sharpei,1780,90,0.275752651619673
Monticola sharpei,1799,90,0.367655302864194
Monticola sharpei,1813,90,1.56243208603442
Monticola sharpei,1814,90,0.275729722221732
Monticola sharpei,1831,90,0.275717098941624
Monticola sharpei,1842,90,0.275709061498523
Monticola sharpei,1847,90,0.459508593737543
Monticola sharpei,1854,90,0.45949710468936
Monticola sharpei,1855,90,1.1946710927344
Monticola sharpei,1867,90,0.183794934333146
Monticola sharpei,1873,90,53.6769175645747
Monticola sharpei,1875,90,3.21620605602419
Monticola sharpei,1876,90,0.551364106284499
Monticola sharpei,1888,90,1.10266377710527
Monticola sharpei,1895,90,0.183781132994473
Monticola sharpei,1896,90,0.367564567481756
Monticola sharpei,1905,90,0.183777680330753
Monticola sharpei,1910,90,0.551319225258708
Monticola sharpei,1915,90,0.183773075227499
Monticola sharpei,1922,90,1.10259928914046
Monticola sharpei,1926,90,2.02137478975803
Monticola sharpei,1927,90,0.826945434479237
Monticola sharpei,1933,90,0.643170052255213
Monticola sharpei,1936,90,0.183763859938979
Monticola sharpei,1942,90,0.183761555059075
Monticola sharpei,1943,90,1.65382056523675
Monticola sharpei,1966,90,0.826825480994821
Monticola sharpei,1998,90,0.459349671094894
Monticola sharpei,2017,90,0.367459639964223
Monticola sharpei,2029,90,0.183724619395971
Monticola sharpei,2030,90,0.275586929093957
Monticola sharpei,2037,90,1.46972063059181
Monticola sharpei,2038,90,0.275577679304183
Monticola sharpei,2096,90,0.367363554798603
Monticola sharpei,2120,90,58.6780858784226
Monticola sharpei,2183,90,432.432672722725
Monticola sharpei,2214,90,0.275443051051259
Monticola sharpei,5948,90,5770.98429934675
Monticola sharpei,30932,90,506.523692399314
Monticola sharpei,31085,90,0.3690976892097
Monticola sharpei,31094,90,1286.43302639257
Monticola sharpei,31102,90,73.9629580870592
Monticola sharpei,31107,90,21.3177359530671
Monticola sharpei,31108,90,85.7023597338527
Monticola sharpei,31109,90,293.443629027022
Monticola sharpei,31110,90,16.2380797407103
Monticola sharpei,31111,90,0.645659265649438
Monticola sharpei,31112,90,29.7890733494529
Monticola sharpei,31113,90,1.19820541345048
Monticola sharpei,31115,90,14.1752324262425
Monticola sharpei,31116,90,6.16665918636328
Monticola sharpei,31117,90,56.9979385032006
Monticola sharpei,31120,90,0.183579301166832
Monticola sharpei,31122,90,0.733449546446324
Monticola sharpei,31123,90,28.7773817194842
Monticola sharpei,31124,90,859.949368190404
Monticola sharpei,31126,90,0.274443535747349
Monticola sharpei,31127,90,0.548867488993049
Monticola sharpei,31132,90,0.182936229304552
Monticola sharpei,31133,90,10.6968829958997
Monticola sharpei,31134,90,2.55931186735427
Monticola sharpei,31137,90,1.37029047696173
Monticola sharpei,31138,90,107.010702178571
Monticola sharpei,31139,90,639.159561686217
Monticola sharpei,31140,90,19.437907051445
Monticola sharpei,31142,90,12.0410908559145
Monticola sharpei,31145,90,0.45585832220161
Monticola sharpei,31146,90,61.5307293035261
Monticola sharpei,31147,90,2.5515154922781
Monticola sharpei,31148,90,5.10222163080156
Monticola sharpei,31149,90,27.9623496702649
Monticola sharpei,31150,90,4.18998410252416
Monticola sharpei,31152,90,41.3435845824178
Monticola sharpei,31153,90,1.54801138759887
Monticola sharpei,31154,90,1.55032464307571
Monticola sharpei,31156,90,0.183394440543056
Monticola sharpei,31158,90,1.00823772702169
Monticola sharpei,31160,90,0.274976311198533
Monticola sharpei,31162,90,29.4125688188837
Monticola sharpei,20868,104,0.620648212959528
Monticola sharpei,20892,104,0.265972006814122
Monticola sharpei,20927,104,0.709200345668078
Monticola sharpei,20957,104,0.177290677110672
Monticola sharpei,30981,104,138.846313450127
Monticola sharpei,30982,104,0.177275942426443
Monticola sharpei,30983,104,0.177274304782152
Monticola sharpei,31047,104,9.04229392746901
Monticola sharpei,31106,104,68.6631767822923
Mystacornis crossleyi,5245,8,29.4123165165292
Mystacornis crossleyi,5278,8,27.2715936270507
Mystacornis crossleyi,5279,8,29.3885406549345
Mystacornis crossleyi,5280,8,20.6592519148769
Mystacornis crossleyi,731,11,0.812480411258936
Mystacornis crossleyi,5309,11,34.3971482793418
Mystacornis crossleyi,5337,11,61.2124982058693
Mystacornis crossleyi,5383,11,88.7755361952912
Mystacornis crossleyi,5427,11,29.8365955454182
Mystacornis crossleyi,1131,21,2.87876883525968
Mystacornis crossleyi,1133,21,0.899620833965421
Mystacornis crossleyi,1151,21,0.269868277515173
Mystacornis crossleyi,5319,21,45.3586244343983
Mystacornis crossleyi,5320,21,33.0953660842072
Mystacornis crossleyi,5422,22,52.0931107730117
Mystacornis crossleyi,5298,14,113.437646918732
Mystacornis crossleyi,5232,17,48.282664278709
Mystacornis crossleyi,5415,18,31.1097970257607
Mystacornis crossleyi,5416,18,29.6010280215059
Mystacornis crossleyi,6,1,80.5939694670642
Mystacornis crossleyi,28,1,0.6456592656492
Mystacornis crossleyi,72,1,1.74986507844758
Mystacornis crossleyi,73,1,93.4084023599993
Mystacornis crossleyi,108,1,0.4598808172791
Mystacornis crossleyi,130,1,0.643524707940877
Mystacornis crossleyi,131,1,2.11438066261417
Mystacornis crossleyi,136,1,0.459616383672059
Mystacornis crossleyi,141,1,0.643432019172192
Mystacornis crossleyi,142,1,0.275752651619673
Mystacornis crossleyi,147,1,0.367655302864194
Mystacornis crossleyi,149,1,1.56243208603442
Mystacornis crossleyi,150,1,0.275729722221732
Mystacornis crossleyi,151,1,0.275717098941624
Mystacornis crossleyi,153,1,0.275709061498523
Mystacornis crossleyi,154,1,0.459508593737543
Mystacornis crossleyi,155,1,0.275701020456195
Mystacornis crossleyi,156,1,0.45949710468936
Mystacornis crossleyi,157,1,1.1946710927344
Mystacornis crossleyi,162,1,1.47030313296086
Mystacornis crossleyi,185,1,304.647102822697
Mystacornis crossleyi,203,1,14.4181473408762
Mystacornis crossleyi,389,1,16.4774738307936
Mystacornis crossleyi,398,1,5105.73745264859
Mystacornis crossleyi,399,1,0.457640860679746
Mystacornis crossleyi,456,1,617.683692227314
Mystacornis crossleyi,482,1,0.273849359069586
Mystacornis crossleyi,518,1,3.46533733650792
Mystacornis crossleyi,535,1,0.547095007017732
Mystacornis crossleyi,547,1,371.648342064936
Mystacornis crossleyi,622,1,443.456643051625
Mystacornis crossleyi,5299,1,72.2403849678643
Mystacornis crossleyi,5429,1,21.3177359530671
Mystacornis crossleyi,5430,1,0.3690976892097
Mystacornis crossleyi,5434,1,961.339464977813
Mystacornis crossleyi,5437,1,233.118431852782
Mystacornis crossleyi,5440,1,102.477791314072
Mystacornis crossleyi,5442,1,73.9629580870592
Mystacornis crossleyi,5446,1,27.7801576174151
Mystacornis crossleyi,5450,1,19.1031559591866
Mystacornis crossleyi,5451,1,85.7023597338527
Mystacornis crossleyi,5452,1,293.166981275382
Mystacornis crossleyi,5453,1,16.2380797407103
Mystacornis crossleyi,5454,1,29.7890733494529
Mystacornis crossleyi,5455,1,1.19820541345048
Mystacornis crossleyi,5457,1,14.1752324262425
Mystacornis crossleyi,5458,1,6.16665918636328
Mystacornis crossleyi,5459,1,56.9979385032006
Mystacornis crossleyi,5464,1,41.2839215929341
Mystacornis crossleyi,5465,1,0.274443535747349
Mystacornis crossleyi,5466,1,0.548867488993049
Mystacornis crossleyi,5472,1,10.6968829958997
Mystacornis crossleyi,5475,1,1.37029047696173
Mystacornis crossleyi,5476,1,77.705629423223
Mystacornis crossleyi,5478,1,1.55032464307571
Mystacornis crossleyi,5483,1,0.641599862850308
Mystacornis crossleyi,5485,1,29.4125688188837
Mystacornis crossleyi,3887,13,0.62064821295929
Mystacornis crossleyi,3892,13,0.265972006814122
Mystacornis crossleyi,3902,13,0.709200345668078
Mystacornis crossleyi,5339,13,138.846313450127
Mystacornis crossleyi,5409,13,9.04229392746901
Mystacornis crossleyi,5449,13,68.6631767822923
Neodrepanis coruscans,95,2,57.7213654392147
Neodrepanis coruscans,4639,22,29.4123165165292
Neodrepanis coruscans,4648,22,27.2715936270507
Neodrepanis coruscans,4649,22,29.3885406549345
Neodrepanis coruscans,4650,22,20.6592519148769
Neodrepanis coruscans,4682,43,61.2124982058693
Neodrepanis coruscans,4722,43,88.7755361952912
Neodrepanis coruscans,4756,43,29.8365955454182
Neodrepanis coruscans,593,24,27.7801576174308
Neodrepanis coruscans,3254,28,113.437646918732
Neodrepanis coruscans,4629,33,48.282664278709
Neodrepanis coruscans,4750,41,31.1097970257607
Neodrepanis coruscans,4751,41,29.6010280215059
Neodrepanis coruscans,3,1,0.460479690076709
Neodrepanis coruscans,4,1,0.276287814046025
Neodrepanis coruscans,34,1,0.18402045498687
Neodrepanis coruscans,49,1,0.4598808172791
Neodrepanis coruscans,201,1,0.367061380223393
Neodrepanis coruscans,221,1,258.671699023943
Neodrepanis coruscans,248,1,0.183394440543294
Neodrepanis coruscans,268,1,0.733449546446562
Neodrepanis coruscans,276,1,0.0916758424602151
Neodrepanis coruscans,279,1,2042.05748744621
Neodrepanis coruscans,292,1,91.4907269726863
Neodrepanis coruscans,306,1,41.8330794417093
Neodrepanis coruscans,313,1,0.183021781830788
Neodrepanis coruscans,317,1,0.27451926506561
Neodrepanis coruscans,4651,1,183.128632923541
Neodrepanis coruscans,4757,1,382.745012221322
Neodrepanis coruscans,4758,1,185.019204770686
Neodrepanis coruscans,4782,1,239.997041395118
Neodrepanis coruscans,4783,1,1524.53786772913
Neodrepanis coruscans,4784,1,30.1057095869768
Neodrepanis coruscans,4785,1,5.33902110164034
Neodrepanis coruscans,4786,1,6.16665918636328
Neodrepanis coruscans,4787,1,0.920388230831802
Neodrepanis coruscans,4789,1,0.0917925728403926
Neodrepanis coruscans,4790,1,0.0917925728403926
Neodrepanis coruscans,4791,1,0.183579301166832
Neodrepanis coruscans,4792,1,2.47743972503972
Neodrepanis coruscans,4793,1,0.0917078834992647
Neodrepanis coruscans,4788,45,56.9979385032006
Neodrepanis coruscans,356,4,0.0913730974861383
Neodrepanis coruscans,362,4,0.0913569323071241
Neodrepanis coruscans,371,4,443.373858418558
Neodrepanis coruscans,373,4,1.64430895920491
Neodrepanis coruscans,376,4,0.0913494594436884
Neodrepanis coruscans,377,4,7.67238536788142
Neodrepanis coruscans,401,4,1.73528662736785
Neodrepanis coruscans,430,4,64.5596956529403
Neodrepanis coruscans,443,4,0.273849359069586
Neodrepanis coruscans,444,4,0.182563724761963
Neodrepanis coruscans,4794,4,10.6968829958997
Neodrepanis coruscans,514,5,178.476947820304
Neodrepanis coruscans,4762,5,59.3564680753992
Neodrepanis coruscans,3462,37,0.62064821295929
Neodrepanis coruscans,3463,37,0.265972006814122
Neodrepanis coruscans,3464,37,0.709200345668078
Neodrepanis coruscans,3466,37,0.177290677110672
Neodrepanis coruscans,4697,37,138.846313450127
Neodrepanis coruscans,4698,37,0.177275942426443
Neodrepanis coruscans,4699,37,0.177274304782152
Neodrepanis coruscans,4741,37,9.04229392746901
Neodrepanis coruscans,4781,37,68.6631767822923
Neodrepanis coruscans,608,44,177.360180486436
Neodrepanis coruscans,4652,44,27.87552267994
Neodrepanis coruscans,4764,44,29.9665759035923
Neomixis striatigula,1,1,56.8711675529887
Neomixis striatigula,10999,73,29.4123165165292
Neomixis striatigula,11015,73,27.2715936270507
Neomixis striatigula,11016,73,29.3885406549345
Neomixis striatigula,11017,73,20.6592519148769
Neomixis striatigula,2011,79,0.812480411258936
Neomixis striatigula,10988,79,38.3946948622806
Neomixis striatigula,11055,79,38.4612961439313
Neomixis striatigula,11058,79,0.180557963597178
Neomixis striatigula,11088,79,61.2124982058693
Neomixis striatigula,11130,79,88.7755361952912
Neomixis striatigula,11175,79,29.8365955454182
Neomixis striatigula,2613,95,0.179958904524803
Neomixis striatigula,2670,95,2.87876883525968
Neomixis striatigula,2675,95,0.899620833965421
Neomixis striatigula,2707,95,0.269868277515173
Neomixis striatigula,11070,95,45.3586244343983
Neomixis striatigula,11071,95,33.0953660842072
Neomixis striatigula,11170,98,52.0931107730117
Neomixis striatigula,10894,85,48.282664278709
Neomixis striatigula,11039,86,113.437646918732
Neomixis striatigula,11162,92,31.1097970257607
Neomixis striatigula,11163,92,29.6010280215059
Neomixis striatigula,66,3,99.6123828588802
Neomixis striatigula,182,3,0.645659265649438
Neomixis striatigula,11181,3,0.3690976892097
Neomixis striatigula,11204,3,19.1031559591866
Neomixis striatigula,11209,3,21.3177359530671
Neomixis striatigula,11210,3,85.7023597338527
Neomixis striatigula,11211,3,293.443629027022
Neomixis striatigula,11212,3,16.2380797407103
Neomixis striatigula,11213,3,29.7890733494529
Neomixis striatigula,388,99,0.276354423903167
Neomixis striatigula,406,99,0.644736027104974
Neomixis striatigula,415,99,3.68393426545006
Neomixis striatigula,426,99,143.605007530349
Neomixis striatigula,449,99,1.19697195979726
Neomixis striatigula,627,99,0.643524707942724
Neomixis striatigula,645,99,0.459616383672059
Neomixis striatigula,649,99,0.183841973942041
Neomixis striatigula,652,99,0.643432019172192
Neomixis striatigula,654,99,0.275752651619673
Neomixis striatigula,660,99,0.367655302864194
Neomixis striatigula,664,99,1.56243208603442
Neomixis striatigula,665,99,0.275729722221732
Neomixis striatigula,666,99,0.275717098941624
Neomixis striatigula,670,99,0.275709061498523
Neomixis striatigula,672,99,0.459508593737543
Neomixis striatigula,673,99,0.45949710468936
Neomixis striatigula,674,99,1.1946710927344
Neomixis striatigula,679,99,0.183794934333146
Neomixis striatigula,681,99,48.3473901825234
Neomixis striatigula,682,99,3.21620605602419
Neomixis striatigula,683,99,0.551364106284499
Neomixis striatigula,691,99,1.10266377710551
Neomixis striatigula,692,99,0.183781132994473
Neomixis striatigula,693,99,0.367564567481756
Neomixis striatigula,698,99,0.183777680330753
Neomixis striatigula,700,99,0.183773075227499
Neomixis striatigula,704,99,1.10259928914046
Neomixis striatigula,706,99,2.02137478975803
Neomixis striatigula,707,99,0.826945434479237
Neomixis striatigula,710,99,0.183761555059075
Neomixis striatigula,711,99,1.65382056523675
Neomixis striatigula,721,99,0.826825480995119
Neomixis striatigula,725,99,0.459349671094894
Neomixis striatigula,731,99,0.367459639964223
Neomixis striatigula,735,99,0.183724619395971
Neomixis striatigula,736,99,0.275586929093957
Neomixis striatigula,742,99,1.46972063059181
Neomixis striatigula,743,99,0.275577679304183
Neomixis striatigula,750,99,2.11261448298192
Neomixis striatigula,770,99,0.367363554798603
Neomixis striatigula,776,99,44.2620059256014
Neomixis striatigula,796,99,378.50360665614
Neomixis striatigula,994,99,0.183394440543294
Neomixis striatigula,1037,99,0.641599862850308
Neomixis striatigula,1084,99,42.8754923244566
Neomixis striatigula,1097,99,2.56392490558284
Neomixis striatigula,1430,99,2.55151549227786
Neomixis striatigula,1439,99,0.455598468921423
Neomixis striatigula,1467,99,4.18998410252416
Neomixis striatigula,1593,99,5550.09925654536
Neomixis striatigula,11033,99,61.3675207380337
Neomixis striatigula,11040,99,506.523692399314
Neomixis striatigula,11190,99,460.107731853042
Neomixis striatigula,11192,99,203.108265994193
Neomixis striatigula,11195,99,27.7801576174151
Neomixis striatigula,11199,99,73.9629580870592
Neomixis striatigula,11214,99,1.19820541345048
Neomixis striatigula,11216,99,14.1752324262425
Neomixis striatigula,11217,99,6.16665918636328
Neomixis striatigula,11221,99,0.183579301166832
Neomixis striatigula,11223,99,764.944177943264
Neomixis striatigula,11225,99,0.274443535747349
Neomixis striatigula,11226,99,0.548867488993049
Neomixis striatigula,11231,99,0.182936229304552
Neomixis striatigula,11232,99,10.6968829958997
Neomixis striatigula,11235,99,1.37029047696173
Neomixis striatigula,11236,99,102.719035407976
Neomixis striatigula,11237,99,638.79509524324
Neomixis striatigula,11238,99,19.437907051445
Neomixis striatigula,11240,99,12.0410908559145
Neomixis striatigula,11241,99,1.55032464307571
Neomixis striatigula,11242,99,1.54801138759887
Neomixis striatigula,11243,99,29.4125688188837
Neomixis striatigula,11218,100,56.9979385032006
Neomixis striatigula,8079,78,0.620648212959528
Neomixis striatigula,8092,78,0.265972006814122
Neomixis striatigula,8109,78,0.709200345668078
Neomixis striatigula,8124,78,0.177290677110672
Neomixis striatigula,11090,78,138.846313450127
Neomixis striatigula,11091,78,0.177275942426443
Neomixis striatigula,11092,78,0.177274304782152
Neomixis striatigula,11156,78,9.04229392746901
Neomixis striatigula,11203,78,68.6631767822923
Neomixis tenella,39780,254,44.4928427752445
Neomixis tenella,39819,263,35.7097522353754
Neomixis tenella,22100,255,42.3362076362427
Neomixis tenella,6306,271,16.3740665150672
Neomixis tenella,6552,271,2.19464777098459
Neomixis tenella,6593,271,12.894550309714
Neomixis tenella,39866,272,112.468627701651
Neomixis tenella,302,276,21.1261124531245
Neomixis tenella,309,276,0.0926675960290432
Neomixis tenella,336,276,0.0926606114119887
Neomixis tenella,485,251,0.370271373195231
Neomixis tenella,487,251,0.462834125284791
Neomixis tenella,491,251,0.0925668250995874
Neomixis tenella,493,251,43.0377824654073
Neomixis tenella,494,251,0.18513059458977
Neomixis tenella,516,251,1.48074673073471
Neomixis tenella,519,251,1.66577102635694
Neomixis tenella,524,251,0.277623898765862
Neomixis tenella,527,251,0.277610584835947
Neomixis tenella,530,251,0.0925361785190701
Neomixis tenella,551,251,1.38815019469857
Neomixis tenella,39910,251,0.185083622752249
Neomixis tenella,213,274,0.463597745714188
Neomixis tenella,223,274,0.0927073077802658
Neomixis tenella,279,274,43.1111113539241
Neomixis tenella,96,84,0.55664420881176
Neomixis tenella,108,84,0.371099061261296
Neomixis tenella,112,84,0.556625695955813
Neomixis tenella,129,84,0.185535398295105
Neomixis tenella,141,84,0.463806772104442
Neomixis tenella,152,84,0.27827526928854
Neomixis tenella,155,84,0.463781360735595
Neomixis tenella,170,84,0.278243954662919
Neomixis tenella,183,84,0.64914825101471
Neomixis tenella,194,84,120.469913094516
Neomixis tenella,39909,84,56.8711675529887
Neomixis tenella,37141,244,42.7285134450907
Neomixis tenella,37499,244,32.1480221259206
Neomixis tenella,37699,244,0.0870729775416851
Neomixis tenella,37714,244,0.174136841906786
Neomixis tenella,37725,244,0.0870656864323616
Neomixis tenella,37734,244,0.261180647714615
Neomixis tenella,39730,244,17.5386823479733
Neomixis tenella,39863,267,13.0307413413469
Neomixis tenella,39865,267,6.06907414019537
Neomixis tenella,40048,267,2.02272765648687
Neomixis tenella,14416,192,0.0905584602525234
Neomixis tenella,14498,192,0.0905447203236818
Neomixis tenella,14662,192,38.2051651932399
Neomixis tenella,14707,192,0.0905061372197867
Neomixis tenella,14728,192,3.07696966736627
Neomixis tenella,14733,192,0.723997986286044
Neomixis tenella,14783,192,0.361958205401897
Neomixis tenella,40069,192,0.452763459861636
Neomixis tenella,38709,286,0.777178853789091
Neomixis tenella,39958,286,0.604549703200817
Neomixis tenella,40139,286,27.2715936270507
Neomixis tenella,40140,286,29.4123165165292
Neomixis tenella,40141,286,29.3885406549345
Neomixis tenella,40142,286,20.6592519148769
Neomixis tenella,40143,286,19.9515621485635
Neomixis tenella,38048,92,27.1197884867735
Neomixis tenella,40163,290,78.5054384879867
Neomixis tenella,19685,249,0.0899370735929012
Neomixis tenella,19798,249,0.0899238860028982
Neomixis tenella,19809,249,0.449603298739433
Neomixis tenella,19810,249,0.359686745625973
Neomixis tenella,19838,249,0.0899194863940477
Neomixis tenella,19945,249,36.331879859746
Neomixis tenella,40070,249,0.0899312145228386
Neomixis tenella,40071,249,0.449634089967847
Neomixis tenella,40162,249,6.47518067736232
Neomixis tenella,36868,282,46.5723968884147
Neomixis tenella,40022,282,36.3826787541578
Neomixis tenella,34838,204,433.810619797173
Neomixis tenella,39820,204,2.02803748513663
Neomixis tenella,39821,204,2.11576712074435
Neomixis tenella,40043,204,9.25706128804803
Neomixis tenella,40046,204,4.31856011909986
Neomixis tenella,40204,204,17.5870851484947
Neomixis tenella,40205,204,2.03225787389851
Neomixis tenella,40206,204,1.94182639975023
Neomixis tenella,20404,234,52.2268727901955
Neomixis tenella,40326,234,39.1360013945309
Neomixis tenella,40327,234,0.0899400018793345
Neomixis tenella,40328,234,0.0899356091371775
Neomixis tenella,40329,234,0.0899341444739103
Neomixis tenella,40330,234,0.0899326796025038
Neomixis tenella,39951,245,64.9869920614074
Neomixis tenella,19264,294,0.179958904524803
Neomixis tenella,19401,294,2.87876883525968
Neomixis tenella,19418,294,0.899620833965421
Neomixis tenella,19494,294,0.269868277515173
Neomixis tenella,40246,294,45.3586244343983
Neomixis tenella,40247,294,33.0953660842072
Neomixis tenella,40264,317,61.2124982058693
Neomixis tenella,40305,317,88.7755361952912
Neomixis tenella,40360,317,29.8365955454182
Neomixis tenella,40357,319,52.0931107730117
Neomixis tenella,27853,289,137.443018218653
Neomixis tenella,38065,306,48.282664278709
Neomixis tenella,40215,307,113.437646918732
Neomixis tenella,40339,312,31.1097970257607
Neomixis tenella,40340,312,29.6010280215059
Neomixis tenella,7485,14,64.7813755391271
Neomixis tenella,39894,14,1.73570699889708
Neomixis tenella,39895,14,0.0913507054476738
Neomixis tenella,40434,14,0.0913581770466566
Neomixis tenella,7052,16,2.64969806134474
Neomixis tenella,7103,16,0.274089461484194
Neomixis tenella,7104,16,0.0913643975844383
Neomixis tenella,7116,16,0.0913631538983583
Neomixis tenella,7163,16,7.03479595916414
Neomixis tenella,7178,16,4.567756926453
Neomixis tenella,7219,16,0.0913494594436884
Neomixis tenella,7238,16,0.0913482132290602
Neomixis tenella,7239,16,9.04258868397665
Neomixis tenella,7802,16,0.0912806047910452
Neomixis tenella,8056,16,319.320266911303
Neomixis tenella,8057,16,0.0912402507441044
Neomixis tenella,8063,16,2.00722734047782
Neomixis tenella,8073,16,0.364942030489683
Neomixis tenella,8083,16,0.456175956650972
Neomixis tenella,39899,16,0.456749789226413
Neomixis tenella,39988,16,81.3668221959746
Neomixis tenella,40214,16,36.1603726523629
Neomixis tenella,40381,16,65.6316608163534
Neomixis tenella,40382,16,0.0912755723267794
Neomixis tenella,40383,16,0.0912743136838675
Neomixis tenella,40384,16,0.0912730548305511
Neomixis tenella,40385,16,0.273783886071086
Neomixis tenella,40386,16,0.0912604547177553
Neomixis tenella,1014,150,128.592142873589
Neomixis tenella,40365,150,0.3690976892097
Neomixis tenella,40387,150,21.3177359530671
Neomixis tenella,40388,150,85.7023597338527
Neomixis tenella,40389,150,293.443629027022
Neomixis tenella,40390,150,16.2380797407103
Neomixis tenella,40391,150,0.645659265649438
Neomixis tenella,40392,150,29.7890733494529
Neomixis tenella,2768,320,0.643524707942724
Neomixis tenella,2844,320,0.459616383672059
Neomixis tenella,2871,320,0.183841973942041
Neomixis tenella,2882,320,0.643432019172192
Neomixis tenella,2889,320,0.275752651619673
Neomixis tenella,2913,320,0.367655302864194
Neomixis tenella,2934,320,1.56243208603442
Neomixis tenella,2935,320,0.275729722221732
Neomixis tenella,2958,320,0.275717098941624
Neomixis tenella,2977,320,0.275709061498523
Neomixis tenella,2986,320,0.459508593737543
Neomixis tenella,3004,320,0.45949710468936
Neomixis tenella,3005,320,1.1946710927344
Neomixis tenella,3026,320,0.183794934333146
Neomixis tenella,3038,320,53.6769175645747
Neomixis tenella,3043,320,3.21620605602419
Neomixis tenella,3044,320,0.551364106284499
Neomixis tenella,3059,320,1.10266377710527
Neomixis tenella,3074,320,0.183781132994473
Neomixis tenella,3075,320,0.367564567481756
Neomixis tenella,3094,320,0.183777680330753
Neomixis tenella,3104,320,0.551319225258708
Neomixis tenella,3110,320,0.183773075227499
Neomixis tenella,3118,320,1.10259928914046
Neomixis tenella,3125,320,2.02137478975803
Neomixis tenella,3126,320,0.826945434479237
Neomixis tenella,3136,320,0.643170052255213
Neomixis tenella,3146,320,0.183763859938979
Neomixis tenella,3160,320,0.183761555059075
Neomixis tenella,3161,320,1.65382056523675
Neomixis tenella,3203,320,0.826825480994821
Neomixis tenella,3249,320,0.459349671094894
Neomixis tenella,3290,320,0.367459639964223
Neomixis tenella,3313,320,0.183724619395971
Neomixis tenella,3314,320,0.275586929093957
Neomixis tenella,3331,320,1.46972063059181
Neomixis tenella,3332,320,0.275577679304183
Neomixis tenella,3511,320,0.367363554798603
Neomixis tenella,3559,320,58.6780858784226
Neomixis tenella,3714,320,432.432672722725
Neomixis tenella,3799,320,0.275443051051259
Neomixis tenella,6412,320,0.0914730164474845
Neomixis tenella,6457,320,0.0914632094820142
Neomixis tenella,6583,320,1.37162994920188
Neomixis tenella,11842,320,5769.97760045108
Neomixis tenella,40160,320,506.523692399314
Neomixis tenella,40371,320,885.462888163898
Neomixis tenella,40373,320,125.0060864591
Neomixis tenella,40380,320,73.9629580870592
Neomixis tenella,40393,320,1.19820541345048
Neomixis tenella,40394,320,0.0921622935290933
Neomixis tenella,40395,320,14.1752324262425
Neomixis tenella,40396,320,6.16665918636328
Neomixis tenella,40398,320,0.0917925728403926
Neomixis tenella,40399,320,0.0917925728403926
Neomixis tenella,40400,320,0.183579301166832
Neomixis tenella,40401,320,0.0917078834992647
Neomixis tenella,40402,320,0.733449546446324
Neomixis tenella,40403,320,28.7773817194842
Neomixis tenella,40404,320,817.518223961821
Neomixis tenella,40405,320,0.091498695497334
Neomixis tenella,40406,320,0.274443535747349
Neomixis tenella,40407,320,0.548867488993049
Neomixis tenella,40408,320,0.0914766905790568
Neomixis tenella,40409,320,0.0914754660792351
Neomixis tenella,40410,320,0.0914742413685322
Neomixis tenella,40411,320,0.0914693404175043
Neomixis tenella,40412,320,0.182936229304552
Neomixis tenella,40413,320,10.6968829958997
Neomixis tenella,40414,320,2.55931186735427
Neomixis tenella,40415,320,0.0913606658940315
Neomixis tenella,40416,320,0.0913569323071241
Neomixis tenella,40417,320,1.37029047696173
Neomixis tenella,40418,320,107.010702178571
Neomixis tenella,40419,320,639.159561686217
Neomixis tenella,40420,320,19.437907051445
Neomixis tenella,40421,320,0.0912351913300753
Neomixis tenella,40422,320,12.0410908559145
Neomixis tenella,40423,320,0.0911780408778191
Neomixis tenella,40424,320,0.091176766028285
Neomixis tenella,40425,320,0.45585832220161
Neomixis tenella,40426,320,61.5307293035261
Neomixis tenella,40427,320,2.5515154922781
Neomixis tenella,40428,320,5.10222163080156
Neomixis tenella,40429,320,27.9623496702649
Neomixis tenella,40430,320,4.18998410252416
Neomixis tenella,40431,320,0.0910818434472084
Neomixis tenella,40432,320,41.3435845824178
Neomixis tenella,40433,320,1.54801138759887
Neomixis tenella,40435,320,1.55032464307571
Neomixis tenella,40436,320,0.091701961597383
Neomixis tenella,40437,320,0.183394440543056
Neomixis tenella,40438,320,0.0916889148144126
Neomixis tenella,40439,320,1.00823772702169
Neomixis tenella,40440,320,0.091659167940259
Neomixis tenella,40441,320,0.274976311198533
Neomixis tenella,40442,320,0.0916579753180146
Neomixis tenella,40443,320,29.4125688188837
Neomixis tenella,40397,321,56.9979385032006
Neomixis tenella,35300,264,7.62251941031325
Neomixis tenella,40041,264,16.8362046284112
Neomixis tenella,40042,264,11.4830635166789
Neomixis tenella,40349,264,5.43494208523166
Neomixis tenella,22820,284,57.9536162531174
Neomixis tenella,23037,284,3.3134309653126
Neomixis tenella,24505,284,89.7882265229853
Neomixis tenella,25188,284,468.355482097602
Neomixis tenella,39754,284,21.5096479841157
Neomixis tenella,39834,284,3.75955498127008
Neomixis tenella,40144,284,17.1081231937802
Neomixis tenella,40213,284,43.0398890354153
Neomixis tenella,40341,284,27.5139015001006
Neomixis tenella,29522,299,63.1928620869468
Neomixis tenella,29722,299,0.62064821295929
Neomixis tenella,29770,299,0.265972006814122
Neomixis tenella,29811,299,0.709200345668078
Neomixis tenella,29863,299,0.177290677110672
Neomixis tenella,40269,299,0.177275942426443
Neomixis tenella,40270,299,0.177274304782152
Neomixis tenella,40307,299,29.7182434685754
Neomixis tenella,40325,299,9.04229392746901
Neomixis tenella,39825,314,42.4890235274736
Neomixis tenella,29936,315,10.7178874708363
Neomixis viridis,8272,64,29.4123165165292
Neomixis viridis,8285,64,27.2715936270507
Neomixis viridis,8286,64,29.3885406549345
Neomixis viridis,8287,64,20.6592519148769
Neomixis viridis,1993,66,0.179958904524803
Neomixis viridis,2040,66,2.87876883525968
Neomixis viridis,2045,66,0.899620833965421
Neomixis viridis,2074,66,0.269868277515173
Neomixis viridis,8333,66,45.3586244343983
Neomixis viridis,8334,66,33.0953660842072
Neomixis viridis,1488,72,0.812480411258936
Neomixis viridis,8320,72,34.3971482793418
Neomixis viridis,8322,72,0.180557963597178
Neomixis viridis,8351,72,61.2124982058693
Neomixis viridis,8393,72,88.7755361952912
Neomixis viridis,8437,72,29.8365955454182
Neomixis viridis,8432,91,52.0931107730117
Neomixis viridis,8213,78,48.282664278709
Neomixis viridis,8304,79,113.437646918732
Neomixis viridis,8425,86,31.1097970257607
Neomixis viridis,8426,86,29.6010280215059
Neomixis viridis,7,1,80.5939694670642
Neomixis viridis,53,1,0.6456592656492
Neomixis viridis,8441,1,21.3177359530671
Neomixis viridis,8443,1,0.3690976892097
Neomixis viridis,8465,1,19.1031559591866
Neomixis viridis,8466,1,85.7023597338527
Neomixis viridis,8467,1,293.166981275382
Neomixis viridis,8468,1,16.2380797407103
Neomixis viridis,8469,1,29.7890733494529
Neomixis viridis,163,92,1.74986507844758
Neomixis viridis,164,92,93.4084023599993
Neomixis viridis,317,92,0.643524707942724
Neomixis viridis,333,92,0.459616383672059
Neomixis viridis,337,92,0.183841973942041
Neomixis viridis,340,92,0.643432019172192
Neomixis viridis,341,92,0.275752651619673
Neomixis viridis,348,92,0.367655302864194
Neomixis viridis,351,92,1.56243208603442
Neomixis viridis,352,92,0.275729722221732
Neomixis viridis,353,92,0.275717098941624
Neomixis viridis,359,92,0.275709061498523
Neomixis viridis,361,92,0.459508593737543
Neomixis viridis,362,92,0.45949710468936
Neomixis viridis,363,92,1.1946710927344
Neomixis viridis,368,92,0.183794934333146
Neomixis viridis,370,92,53.6769175645747
Neomixis viridis,371,92,3.21620605602419
Neomixis viridis,372,92,0.551364106284499
Neomixis viridis,379,92,1.10266377710551
Neomixis viridis,380,92,0.183781132994473
Neomixis viridis,381,92,0.367564567481756
Neomixis viridis,387,92,0.183777680330753
Neomixis viridis,391,92,0.551319225258708
Neomixis viridis,393,92,0.183773075227499
Neomixis viridis,397,92,1.10259928914046
Neomixis viridis,399,92,2.02137478975803
Neomixis viridis,400,92,0.826945434479237
Neomixis viridis,402,92,0.643170052255213
Neomixis viridis,403,92,0.183763859938979
Neomixis viridis,405,92,0.183761555059075
Neomixis viridis,406,92,1.65382056523675
Neomixis viridis,429,92,0.826825480995119
Neomixis viridis,432,92,0.459349671094894
Neomixis viridis,439,92,0.367459639964223
Neomixis viridis,446,92,0.183724619395971
Neomixis viridis,447,92,0.275586929093957
Neomixis viridis,452,92,1.46972063059181
Neomixis viridis,453,92,0.275577679304183
Neomixis viridis,486,92,0.367363554798603
Neomixis viridis,496,92,44.2620059256014
Neomixis viridis,523,92,411.305566497608
Neomixis viridis,763,92,0.733449546446562
Neomixis viridis,820,92,19.5158601347274
Neomixis viridis,852,92,0.457640860679746
Neomixis viridis,1031,92,0.273849359069586
Neomixis viridis,1033,92,0.182563724761963
Neomixis viridis,1082,92,3.46533733650792
Neomixis viridis,1103,92,0.547095007017732
Neomixis viridis,1251,92,5460.65806583043
Neomixis viridis,8450,92,884.571445714268
Neomixis viridis,8452,92,155.009038912098
Neomixis viridis,8455,92,102.477791314072
Neomixis viridis,8470,92,1.19820541345048
Neomixis viridis,8472,92,14.1752324262425
Neomixis viridis,8473,92,6.16665918636328
Neomixis viridis,8477,92,0.183579301166832
Neomixis viridis,8479,92,748.039762168427
Neomixis viridis,8481,92,0.274443535747349
Neomixis viridis,8482,92,0.548867488993049
Neomixis viridis,8487,92,0.182936229304552
Neomixis viridis,8488,92,10.6968829958997
Neomixis viridis,8491,92,1.37029047696173
Neomixis viridis,8492,92,77.705629423223
Neomixis viridis,8493,92,371.648342064936
Neomixis viridis,8497,92,0.183394440543056
Neomixis viridis,8500,92,0.641599862850308
Neomixis viridis,8502,92,1.46546927818644
Neomixis viridis,8474,93,56.9979385032006
Neomixis viridis,8300,65,506.523692399314
Neomixis viridis,8330,65,72.2403849678643
Neomixis viridis,8457,65,73.9629580870592
Neomixis viridis,8461,65,27.7801576174151
Neomixis viridis,8495,65,1.55032464307571
Neomixis viridis,8503,65,29.4125688188837
Neomixis viridis,6358,71,0.620648212959528
Neomixis viridis,6364,71,0.265972006814122
Neomixis viridis,6377,71,0.709200345668078
Neomixis viridis,6387,71,0.177290677110672
Neomixis viridis,8353,71,138.846313450127
Neomixis viridis,8354,71,0.177275942426443
Neomixis viridis,8355,71,0.177274304782152
Neomixis viridis,8419,71,9.04229392746901
Neomixis viridis,8464,71,68.6631767822923
Nesillas lantzii,93,6,0.959635746629
Nesillas lantzii,96,6,8.54688940804958
Nesillas lantzii,115,6,0.261418984541655
Nesillas lantzii,119,6,0.522798031426311
Nesillas lantzii,176,6,103.48826611094
Nesillas lantzii,180,6,31.4571395379628
Nesillas lantzii,181,6,0.347746593876839
Nesillas lantzii,185,6,10.5923656306142
Nesillas lantzii,190,6,102.281833427133
Nesillas lantzii,241,6,0.347687768672109
Nesillas lantzii,246,6,14.876475508235
Nesillas lantzii,253,6,25.3907382257994
Nesillas lantzii,257,6,9.98819568180025
Nesillas lantzii,2,1,42.4890235274736
Nesillas lantzii,45,1,7.62251941031325
Nesillas lantzii,57,1,46.5723968884147
Nesillas lantzii,248,1,16.8362046284112
Nesillas lantzii,249,1,11.4830635166789
Nesillas lantzii,251,1,36.3826787541578
Nesillas lantzii,264,1,5.43494208523166
Nesogale dobsoni,1167,44,30.0534282457162
Nesogale dobsoni,1187,48,31.6875214916216
Nesogale dobsoni,1224,51,12.0800389464626
Nesogale dobsoni,2,1,0.64914825101471
Nesogale dobsoni,3,1,72.6104762396658
Nesogale dobsoni,9028,1,56.8711675529887
Nesogale dobsoni,9050,622,38.3946948622806
Nesogale dobsoni,8971,633,0.604549703200459
Nesogale dobsoni,8973,633,0.777178853789091
Nesogale dobsoni,9093,633,19.9515621485635
Nesogale dobsoni,9089,634,27.2715936270507
Nesogale dobsoni,9090,635,29.4123165165292
Nesogale dobsoni,9091,636,29.3885406549345
Nesogale dobsoni,9092,637,20.6592519148769
Nesogale dobsoni,888,28,58.6780858784226
Nesogale dobsoni,3268,640,0.812480411258936
Nesogale dobsoni,9132,640,38.4612961439313
Nesogale dobsoni,9135,640,0.180557963597178
Nesogale dobsoni,1110,690,29.3409883887578
Nesogale dobsoni,9165,662,61.2124982058693
Nesogale dobsoni,3820,638,0.179958904524803
Nesogale dobsoni,3839,638,2.87876883525968
Nesogale dobsoni,3841,638,0.899620833965421
Nesogale dobsoni,3855,638,0.269868277515173
Nesogale dobsoni,9147,638,45.3586244343983
Nesogale dobsoni,9148,638,33.0953660842072
Nesogale dobsoni,9230,687,52.0931107730117
Nesogale dobsoni,9222,688,31.1097970257607
Nesogale dobsoni,9223,688,29.6010280215059
Nesogale dobsoni,9203,684,88.7755361952912
Nesogale dobsoni,9235,689,29.8365955454182
Nesogale dobsoni,8784,567,48.282664278709
Nesogale dobsoni,9116,664,113.437646918732
Nesogale dobsoni,1112,38,0.183394440543294
Nesogale dobsoni,1122,38,280.365254046074
Nesogale dobsoni,70,479,128.592142873589
Nesogale dobsoni,625,603,0.643524707942724
Nesogale dobsoni,666,603,0.183841973942041
Nesogale dobsoni,672,603,0.643432019172192
Nesogale dobsoni,689,603,0.367655302864194
Nesogale dobsoni,701,603,1.56243208603442
Nesogale dobsoni,702,603,0.275729722221732
Nesogale dobsoni,713,603,0.275717098941624
Nesogale dobsoni,721,603,0.275709061498523
Nesogale dobsoni,725,603,0.459508593737543
Nesogale dobsoni,730,603,0.45949710468936
Nesogale dobsoni,731,603,1.1946710927344
Nesogale dobsoni,744,603,3.21620605602419
Nesogale dobsoni,751,603,1.10266377710527
Nesogale dobsoni,756,603,0.183781132994473
Nesogale dobsoni,757,603,0.367564567481756
Nesogale dobsoni,763,603,0.183777680330753
Nesogale dobsoni,769,603,0.183773075227499
Nesogale dobsoni,775,603,1.10259928914046
Nesogale dobsoni,778,603,2.02137478975803
Nesogale dobsoni,779,603,0.826945434479237
Nesogale dobsoni,785,603,0.183763859938979
Nesogale dobsoni,789,603,0.183761555059075
Nesogale dobsoni,790,603,1.65382056523675
Nesogale dobsoni,823,603,0.367459639964223
Nesogale dobsoni,830,603,0.183724619395971
Nesogale dobsoni,831,603,0.275586929093957
Nesogale dobsoni,834,603,1.46972063059181
Nesogale dobsoni,835,603,0.275577679304183
Nesogale dobsoni,941,603,432.432672722725
Nesogale dobsoni,658,611,0.459616383672059
Nesogale dobsoni,676,611,0.275752651619673
Nesogale dobsoni,739,611,0.183794934333146
Nesogale dobsoni,743,611,53.6769175645747
Nesogale dobsoni,745,611,0.551364106284499
Nesogale dobsoni,766,611,0.551319225258708
Nesogale dobsoni,783,611,0.643170052255213
Nesogale dobsoni,2212,611,5355.99276869578
Nesogale dobsoni,9272,611,0.183579301166832
Nesogale dobsoni,9274,611,0.733449546446324
Nesogale dobsoni,9275,611,28.7773817194842
Nesogale dobsoni,9276,611,735.672120395627
Nesogale dobsoni,9278,611,0.274443535747349
Nesogale dobsoni,9284,611,0.182936229304552
Nesogale dobsoni,9239,705,0.3690976892097
Nesogale dobsoni,9259,705,21.3177359530671
Nesogale dobsoni,9260,705,85.7023597338527
Nesogale dobsoni,9262,705,16.2380797407103
Nesogale dobsoni,9264,705,29.7890733494529
Nesogale dobsoni,9261,706,293.443629027022
Nesogale dobsoni,9263,706,0.645659265649438
Nesogale dobsoni,9267,707,14.1752324262425
Nesogale dobsoni,9268,708,6.16665918636328
Nesogale dobsoni,9269,709,56.9979385032006
Nesogale dobsoni,9285,710,10.6968829958997
Nesogale dobsoni,9289,711,1.37029047696173
Nesogale dobsoni,9290,711,107.010702178571
Nesogale dobsoni,9292,711,19.437907051445
Nesogale dobsoni,9291,712,639.159561686217
Nesogale dobsoni,9297,712,0.45585832220161
Nesogale dobsoni,9298,712,61.5307293035261
Nesogale dobsoni,9294,713,12.0410908559145
Nesogale dobsoni,9299,714,2.5515154922781
Nesogale dobsoni,9300,714,5.10222163080156
Nesogale dobsoni,9301,715,27.9623496702649
Nesogale dobsoni,9304,716,41.3435845824178
Nesogale dobsoni,9167,672,138.846313450127
Nesogale dobsoni,9117,691,506.523692399314
Nesogale dobsoni,9306,691,1.55032464307571
Nesogale dobsoni,9254,699,73.9629580870592
Nesogale dobsoni,9307,699,29.4125688188837
Nesogale dobsoni,9258,704,68.6631767822923
Nesogale talazaci,1369,42,65.611862821471
Nesogale talazaci,11,2,21.0334598369182
Nesogale talazaci,4,1,0.463781360735595
Nesogale talazaci,5,1,0.64914825101471
Nesogale talazaci,6,1,94.4064369549154
Nesogale talazaci,9738,1,56.8711675529887
Nesogale talazaci,9791,452,38.3946948622806
Nesogale talazaci,9828,461,27.2715936270507
Nesogale talazaci,9829,462,29.4123165165292
Nesogale talazaci,9830,463,29.3885406549345
Nesogale talazaci,9831,464,20.6592519148769
Nesogale talazaci,970,32,58.6780858784226
Nesogale talazaci,2819,467,0.812480411258936
Nesogale talazaci,9869,467,38.4612961439313
Nesogale talazaci,9872,467,0.180557963597178
Nesogale talazaci,9902,488,61.2124982058693
Nesogale talazaci,3615,466,0.179958904524803
Nesogale talazaci,3642,466,2.87876883525968
Nesogale talazaci,3646,466,0.899620833965421
Nesogale talazaci,3667,466,0.269868277515173
Nesogale talazaci,9884,466,45.3586244343983
Nesogale talazaci,9885,466,33.0953660842072
Nesogale talazaci,9984,513,52.0931107730117
Nesogale talazaci,9976,514,31.1097970257607
Nesogale talazaci,9977,514,29.6010280215059
Nesogale talazaci,9944,510,88.7755361952912
Nesogale talazaci,9989,515,29.8365955454182
Nesogale talazaci,9496,456,48.282664278709
Nesogale talazaci,9853,479,113.437646918732
Nesogale talazaci,77,9,128.592142873589
Nesogale talazaci,704,465,0.643524707942724
Nesogale talazaci,747,465,0.459616383672059
Nesogale talazaci,758,465,0.183841973942041
Nesogale talazaci,766,465,0.643432019172192
Nesogale talazaci,771,465,0.275752651619673
Nesogale talazaci,785,465,0.367655302864194
Nesogale talazaci,795,465,1.56243208603442
Nesogale talazaci,796,465,0.275729722221732
Nesogale talazaci,807,465,0.275717098941624
Nesogale talazaci,814,465,0.275709061498523
Nesogale talazaci,818,465,0.459508593737543
Nesogale talazaci,820,465,0.45949710468936
Nesogale talazaci,821,465,1.1946710927344
Nesogale talazaci,831,465,0.183794934333146
Nesogale talazaci,834,465,53.6769175645747
Nesogale talazaci,835,465,3.21620605602419
Nesogale talazaci,836,465,0.551364106284499
Nesogale talazaci,842,465,1.10266377710527
Nesogale talazaci,845,465,0.183781132994473
Nesogale talazaci,846,465,0.367564567481756
Nesogale talazaci,850,465,0.183777680330753
Nesogale talazaci,853,465,0.551319225258708
Nesogale talazaci,855,465,0.183773075227499
Nesogale talazaci,861,465,1.10259928914046
Nesogale talazaci,864,465,2.02137478975803
Nesogale talazaci,865,465,0.826945434479237
Nesogale talazaci,868,465,0.643170052255213
Nesogale talazaci,870,465,0.183763859938979
Nesogale talazaci,874,465,0.183761555059075
Nesogale talazaci,875,465,1.65382056523675
Nesogale talazaci,896,465,0.826825480995119
Nesogale talazaci,898,465,0.459349671094894
Nesogale talazaci,906,465,0.367459639964223
Nesogale talazaci,912,465,0.183724619395971
Nesogale talazaci,913,465,0.275586929093957
Nesogale talazaci,919,465,1.46972063059181
Nesogale talazaci,920,465,0.275577679304183
Nesogale talazaci,953,465,0.367363554798603
Nesogale talazaci,1016,465,432.432672722725
Nesogale talazaci,2028,465,5405.05296842517
Nesogale talazaci,10029,465,0.183579301166832
Nesogale talazaci,10031,465,0.733449546446324
Nesogale talazaci,10032,465,28.7773817194842
Nesogale talazaci,10033,465,859.949368190404
Nesogale talazaci,10035,465,0.274443535747349
Nesogale talazaci,10036,465,0.548867488993049
Nesogale talazaci,10041,465,0.182936229304552
Nesogale talazaci,10046,465,1.37029047696173
Nesogale talazaci,10047,465,107.010702178571
Nesogale talazaci,10049,465,19.437907051445
Nesogale talazaci,9993,530,0.3690976892097
Nesogale talazaci,10016,530,21.3177359530671
Nesogale talazaci,10017,530,85.7023597338527
Nesogale talazaci,10019,530,16.2380797407103
Nesogale talazaci,10021,530,29.7890733494529
Nesogale talazaci,10018,531,293.443629027022
Nesogale talazaci,10020,531,0.645659265649438
Nesogale talazaci,10024,532,14.1752324262425
Nesogale talazaci,10025,533,6.16665918636328
Nesogale talazaci,10026,534,56.9979385032006
Nesogale talazaci,10042,535,10.6968829958997
Nesogale talazaci,10048,536,639.159561686217
Nesogale talazaci,10054,536,0.45585832220161
Nesogale talazaci,10055,536,61.5307293035261
Nesogale talazaci,10051,537,12.0410908559145
Nesogale talazaci,10056,538,2.5515154922781
Nesogale talazaci,10057,538,5.10222163080156
Nesogale talazaci,10058,539,27.9623496702649
Nesogale talazaci,10061,540,41.3435845824178
Nesogale talazaci,7684,480,0.265972006814122
Nesogale talazaci,9904,480,138.846313450127
Nesogale talazaci,9970,480,9.04229392746901
Nesogale talazaci,9854,516,506.523692399314
Nesogale talazaci,10063,516,1.55032464307571
Nesogale talazaci,10002,522,840.384625243109
Nesogale talazaci,10003,522,85.6458207477265
Nesogale talazaci,10065,522,0.183394440543056
Nesogale talazaci,10071,541,29.8343326868765
Nesogale talazaci,10011,525,73.9629580870592
Nesogale talazaci,10072,525,29.4125688188837
Nesogale talazaci,10015,529,68.6631767822923
Nesomys audeberti,34,6,26.8482161109069
Nesomys audeberti,43,8,10.964685349086
Nesomys audeberti,44,8,0.0921358429681063
Nesomys audeberti,45,9,19.254136380346
Nesomys audeberti,49,9,0.276354423903167
Nesomys audeberti,50,9,0.552705523771942
Nesomys audeberti,51,9,25.2373154232593
Nesomys audeberti,53,11,0.920947142538845
Nesomys audeberti,54,12,0.460479690076709
Nesomys audeberti,55,12,0.276287814046025
Nesomys audeberti,64,11,19.7063202487138
Nesomys audeberti,65,12,19.1535753317625
Nesomys audeberti,105,15,281.014195517025
Nesomys audeberti,122,15,41.019546612291
Nesomys audeberti,132,15,27.1236302449286
Nesomys audeberti,182,24,27.3898332410564
Nesomys audeberti,21,3,27.8797654553578
Nesomys audeberti,23,3,0.0923130816246867
Nesomys audeberti,25,3,0.0923098705308437
Nesomys audeberti,1553,110,29.4123165165292
Nesomys audeberti,1555,137,27.2715936270507
Nesomys audeberti,1556,138,29.3885406549345
Nesomys audeberti,131,16,117.582119323478
Nesomys audeberti,104,13,267.595990677408
Nesomys audeberti,1401,94,29.6010280215059
Nesomys audeberti,22,5,17.9035992478908
Nesomys audeberti,173,22,179.505215011124
Nesomys audeberti,1557,22,0.733449546446324
Nesomys audeberti,181,140,28.7773817194842
Nesomys audeberti,1155,81,11.247937165623
Nesomys audeberti,128,139,56.9979385032006
Nesomys audeberti,137,141,162.938257522115
Nesomys rufus,625,26,0.643524707940877
Nesomys rufus,647,26,0.183841973942041
Nesomys rufus,651,26,0.643432019172192
Nesomys rufus,660,26,0.367655302864194
Nesomys rufus,665,26,1.56243208603442
Nesomys rufus,666,26,0.275729722221732
Nesomys rufus,669,26,0.275717098941624
Nesomys rufus,674,26,0.275709061498523
Nesomys rufus,676,26,0.459508593737543
Nesomys rufus,680,26,0.45949710468936
Nesomys rufus,681,26,1.1946710927344
Nesomys rufus,691,26,1.47030313296086
Nesomys rufus,706,26,258.144639061159
Nesomys rufus,713,26,0.0918507397885323
Nesomys rufus,830,29,22.8466199514275
Nesomys rufus,845,31,7.33885625368941
Nesomys rufus,855,31,1.92623914275402
Nesomys rufus,857,31,1.19240941025871
Nesomys rufus,882,33,19.5158601347259
Nesomys rufus,10657,447,0.604549703200459
Nesomys rufus,10667,447,0.777178853789091
Nesomys rufus,10718,447,19.9515621485635
Nesomys rufus,10714,448,27.2715936270507
Nesomys rufus,10715,449,29.4123165165292
Nesomys rufus,10716,450,29.3885406549345
Nesomys rufus,10717,451,20.6592519148769
Nesomys rufus,2517,455,0.812480411258936
Nesomys rufus,10735,455,16.6994855698657
Nesomys rufus,10736,455,1.17365293457222
Nesomys rufus,10738,455,0.180557963597178
Nesomys rufus,10761,476,61.2124982058693
Nesomys rufus,3450,453,0.179958904524803
Nesomys rufus,3503,453,2.87876883525968
Nesomys rufus,3512,453,0.899620833965421
Nesomys rufus,3544,453,0.269868277515173
Nesomys rufus,10742,453,45.3586244343983
Nesomys rufus,10743,453,33.0953660842072
Nesomys rufus,10840,502,52.0931107730117
Nesomys rufus,10837,503,31.1097970257607
Nesomys rufus,10838,503,29.6010280215059
Nesomys rufus,10804,499,88.7755361952912
Nesomys rufus,10845,504,29.8365955454182
Nesomys rufus,10451,430,48.282664278709
Nesomys rufus,7351,466,113.437646918732
Nesomys rufus,157,9,0.6456592656492
Nesomys rufus,10872,9,251.74055111207
Nesomys rufus,341,514,1.38205641757107
Nesomys rufus,356,514,11.423145542632
Nesomys rufus,547,514,0.4598808172791
Nesomys rufus,632,514,27.9446135478371
Nesomys rufus,640,514,0.459616383672059
Nesomys rufus,653,514,0.275752651619673
Nesomys rufus,663,514,0.183823638215899
Nesomys rufus,667,514,0.183819050049782
Nesomys rufus,765,514,56.6331511740975
Nesomys rufus,822,514,0.0917656384553313
Nesomys rufus,1707,514,4074.97553406709
Nesomys rufus,10875,514,0.0921622935290933
Nesomys rufus,10880,514,0.0917925728403926
Nesomys rufus,10881,514,0.0917925728403926
Nesomys rufus,10882,514,0.183579301166832
Nesomys rufus,964,515,5.30132175810611
Nesomys rufus,10871,516,30.0784773466857
Nesomys rufus,10873,517,29.7890733494529
Nesomys rufus,10876,518,5.33902110164034
Nesomys rufus,10877,519,6.16665918636328
Nesomys rufus,10879,520,56.9979385032006
Nesomys rufus,10883,521,658.946494970505
Nesomys rufus,10884,521,0.091498695497334
Nesomys rufus,10885,521,0.274443535747349
Nesomys rufus,10887,521,0.0914766905790568
Nesomys rufus,10888,521,0.0914754660792351
Nesomys rufus,10889,521,0.0914742413685322
Nesomys rufus,10890,521,0.0914693404175043
Nesomys rufus,10891,521,0.182936229304552
Nesomys rufus,10894,521,0.0913606658940315
Nesomys rufus,10895,521,0.0913569323071241
Nesomys rufus,10892,522,10.6968829958997
Nesomys rufus,10896,523,1.37029047696173
Nesomys rufus,10897,523,102.719035407976
Nesomys rufus,10899,523,19.437907051445
Nesomys rufus,10898,524,639.159561686217
Nesomys rufus,10900,524,0.0912351913300753
Nesomys rufus,10901,525,12.0410908559145
Nesomys rufus,10902,526,2.5515154922781
Nesomys rufus,10903,526,5.10222163080156
Nesomys rufus,7996,467,0.265972006814122
Nesomys rufus,10776,467,138.846313450127
Nesomys rufus,10828,467,9.04229392746901
Nesomys rufus,10719,505,416.358293275386
Nesomys rufus,10904,505,1.55032464307571
Nesomys rufus,10854,508,73.9629580870592
Nesomys rufus,10905,508,29.4125688188837
Nesomys rufus,10870,513,68.6631767822923
Newtonia amphichroa,1,1,56.8711675529887
Newtonia amphichroa,3759,1,28.8450665179954
Newtonia amphichroa,3784,17,29.4123165165292
Newtonia amphichroa,3794,17,27.2715936270507
Newtonia amphichroa,3795,17,29.3885406549345
Newtonia amphichroa,520,7,0.812480411258936
Newtonia amphichroa,3815,7,34.3971482793418
Newtonia amphichroa,3844,7,61.2124982058693
Newtonia amphichroa,3889,7,88.7755361952912
Newtonia amphichroa,3933,7,29.8365955454182
Newtonia amphichroa,779,36,2.87876883525968
Newtonia amphichroa,781,36,0.899620833965421
Newtonia amphichroa,800,36,0.269868277515173
Newtonia amphichroa,3826,36,45.3586244343983
Newtonia amphichroa,3827,36,33.0953660842072
Newtonia amphichroa,3928,38,52.0931107730117
Newtonia amphichroa,3754,27,48.282664278709
Newtonia amphichroa,3805,31,113.437646918732
Newtonia amphichroa,3921,34,31.1097970257607
Newtonia amphichroa,3922,34,29.6010280215059
Newtonia amphichroa,8,2,80.5939694670642
Newtonia amphichroa,18,2,1.1995567112959
Newtonia amphichroa,31,2,30.809979733636
Newtonia amphichroa,33,2,0.6456592656492
Newtonia amphichroa,37,2,4.33443217345184
Newtonia amphichroa,3936,2,21.3177359530671
Newtonia amphichroa,3938,2,0.3690976892097
Newtonia amphichroa,3959,2,85.7023597338527
Newtonia amphichroa,3960,2,196.951619075751
Newtonia amphichroa,3961,2,16.2380797407103
Newtonia amphichroa,3962,2,29.7890733494529
Newtonia amphichroa,82,39,40.2587459644453
Newtonia amphichroa,89,39,0.276286701651156
Newtonia amphichroa,90,39,1.65764340949857
Newtonia amphichroa,114,39,0.4598808172791
Newtonia amphichroa,133,39,0.643524707940877
Newtonia amphichroa,135,39,27.9446135478371
Newtonia amphichroa,137,39,0.459616383672059
Newtonia amphichroa,138,39,0.643432019172192
Newtonia amphichroa,139,39,0.275752651619673
Newtonia amphichroa,141,39,0.367655302864194
Newtonia amphichroa,145,39,1.56243208603442
Newtonia amphichroa,146,39,0.275729722221732
Newtonia amphichroa,148,39,0.275717098941624
Newtonia amphichroa,150,39,0.275709061498523
Newtonia amphichroa,151,39,0.459508593737543
Newtonia amphichroa,152,39,0.275701020456195
Newtonia amphichroa,153,39,0.45949710468936
Newtonia amphichroa,154,39,1.1946710927344
Newtonia amphichroa,158,39,1.47030313296086
Newtonia amphichroa,162,39,1.10266377710551
Newtonia amphichroa,164,39,2.02137478975803
Newtonia amphichroa,165,39,0.826945434479237
Newtonia amphichroa,170,39,0.826825480995119
Newtonia amphichroa,171,39,0.459349671094894
Newtonia amphichroa,172,39,0.367459639964223
Newtonia amphichroa,174,39,0.275586929093957
Newtonia amphichroa,175,39,1.46972063059181
Newtonia amphichroa,176,39,0.275577679304183
Newtonia amphichroa,177,39,2.75561017110461
Newtonia amphichroa,178,39,0.275553377308786
Newtonia amphichroa,179,39,0.551107912560761
Newtonia amphichroa,188,39,26.2648020061304
Newtonia amphichroa,193,39,344.140845962804
Newtonia amphichroa,261,39,0.275287525101185
Newtonia amphichroa,282,39,1879.88848812548
Newtonia amphichroa,319,39,93.1465331019857
Newtonia amphichroa,3963,39,1.19820541345048
Newtonia amphichroa,3965,39,14.1752324262425
Newtonia amphichroa,3966,39,6.16665918636328
Newtonia amphichroa,3967,39,56.9979385032006
Newtonia amphichroa,3968,39,1470.65995089066
Newtonia amphichroa,293,4,8.71055469847303
Newtonia amphichroa,304,4,340.104573441619
Newtonia amphichroa,3948,4,274.483398139283
Newtonia amphichroa,3949,4,12.8449827380951
Newtonia amphichroa,3950,4,236.405962871513
Newtonia amphichroa,3969,4,28.162196813416
Newtonia amphichroa,328,6,394.751926729942
Newtonia amphichroa,351,6,2.64969557523739
Newtonia amphichroa,3970,6,0.274443535747349
Newtonia amphichroa,3971,6,0.548867488993049
Newtonia amphichroa,3977,6,10.6968829958997
Newtonia amphichroa,410,16,210.147377032137
Newtonia amphichroa,3951,16,59.3564680753992
Newtonia amphichroa,448,18,443.456643051625
Newtonia amphichroa,3804,18,12.842934359529
Newtonia amphichroa,3953,18,73.9629580870592
Newtonia amphichroa,3978,18,1.55032464307571
Newtonia amphichroa,3979,18,29.4125688188837
Newtonia amphichroa,3195,30,0.620648212959528
Newtonia amphichroa,3198,30,0.265972006814122
Newtonia amphichroa,3203,30,0.709200345668078
Newtonia amphichroa,3846,30,138.846313450127
Newtonia amphichroa,3915,30,9.04229392746901
Newtonia amphichroa,3958,30,68.6631767822923
Newtonia archboldi,160,12,150.889593339244
Newtonia archboldi,262,12,14.876475508235
Newtonia archboldi,270,12,9.98819568180025
Newtonia archboldi,45,16,46.5723968884147
Newtonia archboldi,267,16,36.3826787541578
Newtonia archboldi,2,1,42.4890235274736
Newtonia archboldi,32,17,7.62251941031325
Newtonia archboldi,264,17,16.8362046284112
Newtonia archboldi,265,17,11.4830635166789
Newtonia archboldi,275,17,5.43494208523166
Newtonia brunneicauda,40684,227,13.4745567878347
Newtonia brunneicauda,24989,223,42.3362076362427
Newtonia brunneicauda,34178,239,10.3398139962552
Newtonia brunneicauda,40737,241,14.5508957098997
Newtonia brunneicauda,582,90,0.370271373195231
Newtonia brunneicauda,584,90,0.462834125284791
Newtonia brunneicauda,588,90,43.0377824654073
Newtonia brunneicauda,589,90,0.18513059458977
Newtonia brunneicauda,611,90,1.48074673073471
Newtonia brunneicauda,615,90,1.66577102635694
Newtonia brunneicauda,621,90,0.277623898765862
Newtonia brunneicauda,625,90,0.277610584835947
Newtonia brunneicauda,660,90,1.38815019469857
Newtonia brunneicauda,40951,90,0.185083622752249
Newtonia brunneicauda,515,254,43.4528749465152
Newtonia brunneicauda,284,249,0.463597745714188
Newtonia brunneicauda,363,249,43.2038186617044
Newtonia brunneicauda,188,149,0.55664420881176
Newtonia brunneicauda,195,149,0.371099061261296
Newtonia brunneicauda,198,149,0.556625695955813
Newtonia brunneicauda,208,149,0.185535398295105
Newtonia brunneicauda,215,149,0.463806772104442
Newtonia brunneicauda,223,149,0.27827526928854
Newtonia brunneicauda,225,149,0.463781360735595
Newtonia brunneicauda,240,149,0.278243954662919
Newtonia brunneicauda,253,149,0.185478644791543
Newtonia brunneicauda,256,149,0.27820176096195
Newtonia brunneicauda,259,149,0.64914825101471
Newtonia brunneicauda,264,149,0.18546587502265
Newtonia brunneicauda,269,149,130.021860527528
Newtonia brunneicauda,273,149,0.18545505566138
Newtonia brunneicauda,274,149,6.4908973798604
Newtonia brunneicauda,283,149,8.4370977335708
Newtonia brunneicauda,285,149,0.185438309593201
Newtonia brunneicauda,292,149,0.185425482894003
Newtonia brunneicauda,40232,149,0.185474717534363
Newtonia brunneicauda,40950,149,56.8711675529887
Newtonia brunneicauda,40741,258,13.0307413413469
Newtonia brunneicauda,40837,258,6.06907414019537
Newtonia brunneicauda,41107,258,2.02272765648687
Newtonia brunneicauda,40824,259,112.468627701651
Newtonia brunneicauda,16829,152,38.2051651932399
Newtonia brunneicauda,16948,152,3.07696966736627
Newtonia brunneicauda,16961,152,0.723997986286044
Newtonia brunneicauda,17055,152,0.361958205401897
Newtonia brunneicauda,41133,152,0.452763459861636
Newtonia brunneicauda,39426,264,0.777178853789091
Newtonia brunneicauda,40998,264,0.604549703200817
Newtonia brunneicauda,41211,264,27.2715936270507
Newtonia brunneicauda,41212,264,29.4123165165292
Newtonia brunneicauda,41213,264,29.3885406549345
Newtonia brunneicauda,41214,264,20.6592519148769
Newtonia brunneicauda,41215,264,19.9515621485635
Newtonia brunneicauda,41234,267,78.5054384879867
Newtonia brunneicauda,37848,260,46.5723968884147
Newtonia brunneicauda,41084,260,36.3826787541578
Newtonia brunneicauda,22487,261,0.449603298739433
Newtonia brunneicauda,22488,261,0.359686745625973
Newtonia brunneicauda,22634,261,36.331879859746
Newtonia brunneicauda,41135,261,0.449634089967847
Newtonia brunneicauda,41233,261,6.47518067736232
Newtonia brunneicauda,35056,234,428.524140957145
Newtonia brunneicauda,40738,234,2.02803748513663
Newtonia brunneicauda,40739,234,2.11576712074435
Newtonia brunneicauda,41102,234,9.25706128804803
Newtonia brunneicauda,41105,234,4.31856011909986
Newtonia brunneicauda,41277,234,17.5870851484947
Newtonia brunneicauda,41278,234,2.03225787389851
Newtonia brunneicauda,41279,234,1.94182639975023
Newtonia brunneicauda,23121,134,52.2268727901955
Newtonia brunneicauda,41418,134,39.1360013945309
Newtonia brunneicauda,38965,217,9.98819568180025
Newtonia brunneicauda,39075,217,0.260165493234158
Newtonia brunneicauda,39116,217,7.36721759575951
Newtonia brunneicauda,39148,217,12.0483039035151
Newtonia brunneicauda,39368,217,445.611096910782
Newtonia brunneicauda,40501,217,17.8876522784661
Newtonia brunneicauda,40547,217,45.1360753508905
Newtonia brunneicauda,40653,217,75.4428155354723
Newtonia brunneicauda,41287,217,5.23129722183871
Newtonia brunneicauda,40992,228,64.9869920614074
Newtonia brunneicauda,6480,246,16.3740665150672
Newtonia brunneicauda,6831,246,19.2038282113973
Newtonia brunneicauda,19355,273,0.812480411258936
Newtonia brunneicauda,41058,273,38.3946948622806
Newtonia brunneicauda,41312,273,38.8224120711257
Newtonia brunneicauda,41348,273,61.2124982058693
Newtonia brunneicauda,41390,273,88.7755361952912
Newtonia brunneicauda,41470,273,29.8365955454182
Newtonia brunneicauda,21982,287,0.179958904524803
Newtonia brunneicauda,22103,287,2.87876883525968
Newtonia brunneicauda,22115,287,0.899620833965421
Newtonia brunneicauda,22182,287,0.269868277515173
Newtonia brunneicauda,41330,287,45.3586244343983
Newtonia brunneicauda,41331,287,33.0953660842072
Newtonia brunneicauda,41465,290,52.0931107730117
Newtonia brunneicauda,31112,268,137.443018218653
Newtonia brunneicauda,39656,279,48.282664278709
Newtonia brunneicauda,41296,280,113.437646918732
Newtonia brunneicauda,41429,284,31.1097970257607
Newtonia brunneicauda,41430,284,29.6010280215059
Newtonia brunneicauda,1264,97,128.592142873589
Newtonia brunneicauda,41476,97,0.3690976892097
Newtonia brunneicauda,41505,97,21.3177359530671
Newtonia brunneicauda,41506,97,85.7023597338527
Newtonia brunneicauda,41507,97,293.443629027022
Newtonia brunneicauda,41508,97,16.2380797407103
Newtonia brunneicauda,41509,97,0.645659265649438
Newtonia brunneicauda,41510,97,29.7890733494529
Newtonia brunneicauda,3033,292,0.643524707942724
Newtonia brunneicauda,3110,292,0.459616383672059
Newtonia brunneicauda,3133,292,0.183841973942041
Newtonia brunneicauda,3145,292,0.643432019172192
Newtonia brunneicauda,3155,292,0.275752651619673
Newtonia brunneicauda,3180,292,0.367655302864194
Newtonia brunneicauda,3206,292,1.56243208603442
Newtonia brunneicauda,3207,292,0.275729722221732
Newtonia brunneicauda,3239,292,0.275717098941624
Newtonia brunneicauda,3259,292,0.275709061498523
Newtonia brunneicauda,3267,292,0.459508593737543
Newtonia brunneicauda,3280,292,0.45949710468936
Newtonia brunneicauda,3281,292,1.1946710927344
Newtonia brunneicauda,3302,292,0.183794934333146
Newtonia brunneicauda,3311,292,53.6769175645747
Newtonia brunneicauda,3316,292,3.21620605602419
Newtonia brunneicauda,3317,292,0.551364106284499
Newtonia brunneicauda,3329,292,1.10266377710527
Newtonia brunneicauda,3343,292,0.183781132994473
Newtonia brunneicauda,3344,292,0.367564567481756
Newtonia brunneicauda,3356,292,0.183777680330753
Newtonia brunneicauda,3364,292,0.551319225258708
Newtonia brunneicauda,3373,292,0.183773075227499
Newtonia brunneicauda,3384,292,1.10259928914046
Newtonia brunneicauda,3391,292,2.02137478975803
Newtonia brunneicauda,3392,292,0.826945434479237
Newtonia brunneicauda,3400,292,0.643170052255213
Newtonia brunneicauda,3406,292,0.183763859938979
Newtonia brunneicauda,3415,292,0.183761555059075
Newtonia brunneicauda,3416,292,1.65382056523675
Newtonia brunneicauda,3453,292,0.826825480994821
Newtonia brunneicauda,3499,292,0.459349671094894
Newtonia brunneicauda,3531,292,0.367459639964223
Newtonia brunneicauda,3554,292,0.183724619395971
Newtonia brunneicauda,3555,292,0.275586929093957
Newtonia brunneicauda,3564,292,1.46972063059181
Newtonia brunneicauda,3565,292,0.275577679304183
Newtonia brunneicauda,3693,292,0.367363554798603
Newtonia brunneicauda,3728,292,58.6780858784226
Newtonia brunneicauda,3838,292,432.432672722725
Newtonia brunneicauda,3900,292,0.275443051051259
Newtonia brunneicauda,13658,292,5770.98429934675
Newtonia brunneicauda,41297,292,506.523692399314
Newtonia brunneicauda,41485,292,1363.63995657705
Newtonia brunneicauda,41494,292,73.9629580870592
Newtonia brunneicauda,41511,292,1.19820541345048
Newtonia brunneicauda,41513,292,14.1752324262425
Newtonia brunneicauda,41514,292,6.16665918636328
Newtonia brunneicauda,41515,292,56.9979385032006
Newtonia brunneicauda,41518,292,0.183579301166832
Newtonia brunneicauda,41520,292,0.733449546446324
Newtonia brunneicauda,41521,292,28.7773817194842
Newtonia brunneicauda,41522,292,859.949368190404
Newtonia brunneicauda,41524,292,0.274443535747349
Newtonia brunneicauda,41525,292,0.548867488993049
Newtonia brunneicauda,41530,292,0.182936229304552
Newtonia brunneicauda,41531,292,10.6968829958997
Newtonia brunneicauda,41532,292,2.55931186735427
Newtonia brunneicauda,41535,292,1.37029047696173
Newtonia brunneicauda,41536,292,107.010702178571
Newtonia brunneicauda,41537,292,639.159561686217
Newtonia brunneicauda,41538,292,19.437907051445
Newtonia brunneicauda,41540,292,12.0410908559145
Newtonia brunneicauda,41543,292,0.45585832220161
Newtonia brunneicauda,41544,292,61.5307293035261
Newtonia brunneicauda,41545,292,2.5515154922781
Newtonia brunneicauda,41546,292,5.10222163080156
Newtonia brunneicauda,41547,292,27.9623496702649
Newtonia brunneicauda,41548,292,4.18998410252416
Newtonia brunneicauda,41550,292,41.3435845824178
Newtonia brunneicauda,41551,292,1.54801138759887
Newtonia brunneicauda,41553,292,1.55032464307571
Newtonia brunneicauda,41555,292,0.183394440543056
Newtonia brunneicauda,41557,292,1.00823772702169
Newtonia brunneicauda,41559,292,0.274976311198533
Newtonia brunneicauda,41561,292,29.4125688188837
Newtonia brunneicauda,8169,193,64.7813755391271
Newtonia brunneicauda,40927,193,1.73570699889708
Newtonia brunneicauda,36492,237,42.4890235274736
Newtonia brunneicauda,36801,237,7.62251941031325
Newtonia brunneicauda,41081,237,16.8362046284112
Newtonia brunneicauda,41082,237,11.4830635166789
Newtonia brunneicauda,41456,237,5.43494208523166
Newtonia brunneicauda,25656,263,57.9536162531174
Newtonia brunneicauda,25862,263,3.3134309653126
Newtonia brunneicauda,27273,263,16.7138689349543
Newtonia brunneicauda,27382,263,89.7882265229853
Newtonia brunneicauda,27552,263,340.230088368782
Newtonia brunneicauda,28209,263,21.0801634665238
Newtonia brunneicauda,40668,263,21.5096479841157
Newtonia brunneicauda,40758,263,3.75955498127008
Newtonia brunneicauda,41203,263,17.1081231937802
Newtonia brunneicauda,41245,263,6.61121590080178
Newtonia brunneicauda,41289,263,43.0398890354153
Newtonia brunneicauda,41449,263,27.5139015001006
Newtonia brunneicauda,32684,272,0.620648212959528
Newtonia brunneicauda,32714,272,0.265972006814122
Newtonia brunneicauda,32754,272,0.709200345668078
Newtonia brunneicauda,32791,272,0.177290677110672
Newtonia brunneicauda,41350,272,138.846313450127
Newtonia brunneicauda,41351,272,0.177275942426443
Newtonia brunneicauda,41352,272,0.177274304782152
Newtonia brunneicauda,41416,272,9.04229392746901
Newtonia brunneicauda,41498,272,68.6631767822923
Newtonia brunneicauda,7170,291,22.2892814174211
Newtonia brunneicauda,7178,291,5.85033975470352
Newtonia brunneicauda,7192,291,24.6792146248873
Newtonia brunneicauda,7262,291,1.0054375043211
Newtonia brunneicauda,7271,291,2.65062070312488
Newtonia brunneicauda,7287,291,0.182805694629431
Newtonia brunneicauda,7326,291,2.37624750380063
Newtonia brunneicauda,7335,291,0.274192454328179
Newtonia brunneicauda,7373,291,0.182784649551272
Newtonia brunneicauda,7409,291,0.182778454094648
Newtonia brunneicauda,7431,291,7.67678403816092
Newtonia brunneicauda,7460,291,8.86332816260099
Newtonia brunneicauda,7676,291,0.274089461484194
Newtonia brunneicauda,7769,291,9.5018882179122
Newtonia brunneicauda,7770,291,4.567756926453
Newtonia brunneicauda,8944,291,340.504619947821
Newtonia brunneicauda,8954,291,2.0072273404777
Newtonia brunneicauda,8970,291,0.364942030489683
Newtonia brunneicauda,40409,291,37.6497033879563
Newtonia brunneicauda,40935,291,1.55373825480127
Newtonia brunneicauda,41001,291,0.456749789226413
Newtonia brunneicauda,41064,291,0.456175956650376
Newtonia brunneicauda,41290,291,36.1603726523629
Newtonia brunneicauda,41471,291,100.812835919068
Newtonia brunneicauda,41499,291,65.6316608163534
Newtonia brunneicauda,41503,291,0.273783886071086
Oriolia bernieri,2,2,0.369097689209938
Oriolia bernieri,4,2,16.2380797407139
Oriolia bernieri,747,12,0.539962693065524
Oriolia bernieri,751,12,16.6469548786582
Oriolia bernieri,802,12,25.4497781860946
Oriolia bernieri,2162,25,31.1097970257607
Oriolia bernieri,2163,25,29.6010280215059
Oriolia bernieri,5,3,45.7864865830548
Oriolia bernieri,21,3,199.908718065781
Oriolia bernieri,23,3,444.205928954021
Oriolia bernieri,33,3,179.196061611405
Oriolia bernieri,36,3,0.7341004570086
Oriolia bernieri,37,3,253.46207378783
Oriolia bernieri,39,3,1.55956194535005
Oriolia bernieri,40,3,216.172544688612
Oriolia bernieri,41,3,316.694505320542
Oriolia bernieri,42,3,78.8713894917241
Oriolia bernieri,43,3,93.0550422296534
Oriolia bernieri,44,3,30.0534282457162
Oriolia bernieri,46,3,56.6045512122907
Oriolia bernieri,52,3,185.019204770686
Oriolia bernieri,56,3,12.1747141393093
Oriolia bernieri,60,3,22.6046144532959
Oriolia bernieri,70,3,14.4552425374635
Oriolia bernieri,87,3,2.55931186735427
Oriolia bernieri,92,3,123.701798596294
Oriolia bernieri,116,3,0.730765760074854
Oriolia bernieri,132,3,10.7772300272098
Oriolia bernieri,136,3,0.6392639621948
Oriolia bernieri,144,3,3.56108456753302
Oriolia bernieri,2164,3,129.474395438755
Oriolia bernieri,2168,3,21.9288787984215
Oriolia bernieri,2169,3,28.7773817194842
Oriolia bernieri,162,5,23.8148690528684
Oriolia bernieri,190,15,12.0410908559145
Oriolia bernieri,216,15,61.5307293035261
Oriolia bernieri,218,15,12.758793064086
Oriolia bernieri,219,15,2.55151549227786
Oriolia bernieri,221,15,0.455598468921423
Oriolia bernieri,224,15,19.0362956876789
Oriolia bernieri,228,15,41.3435845824178
Oriolia bernieri,2172,15,0.45585832220161
Oriolia bernieri,2173,15,4.18998410252416
Oriolia bernieri,1603,24,0.62064821295929
Oriolia bernieri,1604,24,0.709200345668078
Oriolia bernieri,1605,24,63.1928620869468
Oriolia bernieri,2150,24,31.3932447860877
Oriolia bernieri,2159,24,9.04229392746901
Oryzorictes hova,1,1,56.8711675529895
Oryzorictes hova,947,42,26.2648020061304
Oryzorictes hova,1230,49,65.6118628214607
Oryzorictes hova,8721,530,38.5754106344105
Oryzorictes hova,8324,539,0.604549703200459
Oryzorictes hova,8332,539,0.777178853789091
Oryzorictes hova,8752,539,19.9515621485635
Oryzorictes hova,8748,540,27.2715936270507
Oryzorictes hova,8749,541,29.4123165165292
Oryzorictes hova,8750,542,29.3885406549345
Oryzorictes hova,8751,543,20.6592519148769
Oryzorictes hova,8711,537,48.0992270820966
Oryzorictes hova,2437,497,0.812480411258936
Oryzorictes hova,8787,497,39.0933882275617
Oryzorictes hova,8789,497,0.180557963597178
Oryzorictes hova,8815,567,61.2124982058693
Oryzorictes hova,3070,544,0.899620833965421
Oryzorictes hova,3085,544,0.269868277515173
Oryzorictes hova,8598,544,0.179958904524803
Oryzorictes hova,8599,544,2.87876883525717
Oryzorictes hova,8797,544,45.3586244343983
Oryzorictes hova,8798,544,33.0953660842072
Oryzorictes hova,8880,590,52.0931107730117
Oryzorictes hova,8873,592,31.1097970257607
Oryzorictes hova,8874,592,29.6010280215059
Oryzorictes hova,8854,588,88.7755361952912
Oryzorictes hova,8885,593,29.8365955454182
Oryzorictes hova,8144,533,48.282664278709
Oryzorictes hova,8774,557,113.437646918732
Oryzorictes hova,85,357,128.592142873589
Oryzorictes hova,774,511,0.183841973942041
Oryzorictes hova,780,511,0.643432019172192
Oryzorictes hova,795,511,0.367655302864194
Oryzorictes hova,799,511,1.56243208603442
Oryzorictes hova,800,511,0.275729722221732
Oryzorictes hova,802,511,0.275717098941624
Oryzorictes hova,806,511,0.275709061498523
Oryzorictes hova,810,511,0.459508593737841
Oryzorictes hova,813,511,0.45949710468936
Oryzorictes hova,814,511,1.1946710927344
Oryzorictes hova,823,511,3.21620605602294
Oryzorictes hova,829,511,0.367564567481756
Oryzorictes hova,836,511,0.183777680330634
Oryzorictes hova,842,511,0.183773075227499
Oryzorictes hova,845,511,1.10259928914046
Oryzorictes hova,854,511,0.183763859938979
Oryzorictes hova,856,511,0.183761555059075
Oryzorictes hova,857,511,1.65382056523675
Oryzorictes hova,982,511,370.877156217472
Oryzorictes hova,8645,511,0.643524707942724
Oryzorictes hova,767,521,0.459616383672059
Oryzorictes hova,782,521,0.275752651619673
Oryzorictes hova,818,521,0.183794934333146
Oryzorictes hova,824,521,0.551364106284499
Oryzorictes hova,840,521,0.551319225258708
Oryzorictes hova,850,521,0.643170052255213
Oryzorictes hova,1894,521,5401.09178835752
Oryzorictes hova,8644,521,53.6769175645747
Oryzorictes hova,8923,521,0.183579301166832
Oryzorictes hova,8925,521,0.733449546446324
Oryzorictes hova,8926,521,28.7773817194842
Oryzorictes hova,8927,521,861.047150624134
Oryzorictes hova,8929,521,0.274443535747349
Oryzorictes hova,8935,521,0.182936229304552
Oryzorictes hova,8889,607,0.3690976892097
Oryzorictes hova,8910,607,21.3177359530671
Oryzorictes hova,8911,607,85.7023597338527
Oryzorictes hova,8913,607,16.2380797407103
Oryzorictes hova,8915,607,29.7890733494529
Oryzorictes hova,8912,608,293.443629027022
Oryzorictes hova,8914,608,0.645659265649438
Oryzorictes hova,8918,609,14.1752324262425
Oryzorictes hova,8919,610,6.16665918636328
Oryzorictes hova,8920,611,56.9979385032006
Oryzorictes hova,8936,612,10.6968829958997
Oryzorictes hova,8940,613,1.37029047696173
Oryzorictes hova,8941,613,107.101985298331
Oryzorictes hova,8943,613,19.437907051445
Oryzorictes hova,8942,614,639.159561686217
Oryzorictes hova,8948,614,0.45585832220161
Oryzorictes hova,8949,614,61.5307293035261
Oryzorictes hova,8945,615,12.0410908559145
Oryzorictes hova,8950,616,2.5515154922781
Oryzorictes hova,8951,616,5.10222163080156
Oryzorictes hova,8952,617,27.9623496702649
Oryzorictes hova,8955,618,41.4346548026909
Oryzorictes hova,8817,577,139.201165790879
Oryzorictes hova,8775,594,506.523692399314
Oryzorictes hova,8957,594,1.55032464307571
Oryzorictes hova,8896,598,883.518970134989
Oryzorictes hova,8897,598,85.7375333649425
Oryzorictes hova,8959,598,0.183394440543056
Oryzorictes hova,8965,619,37.6132040598909
Oryzorictes hova,8966,619,2.19588321852106
Oryzorictes hova,8905,601,73.9629580870592
Oryzorictes hova,8967,601,29.5036222200694
Oryzorictes hova,8909,606,68.6631767822923
Oryzorictes tetradactylus,121,14,53.880920567325
Oryzorictes tetradactylus,128,17,11.0677904937422
Oryzorictes tetradactylus,129,17,23.1488844918891
Oryzorictes tetradactylus,160,22,10.964685349086
Oryzorictes tetradactylus,162,24,1.19747486800301
Oryzorictes tetradactylus,165,24,0.368458156106472
Oryzorictes tetradactylus,166,24,4.97389831733626
Oryzorictes tetradactylus,167,24,4.23704192003936
Oryzorictes tetradactylus,169,24,6.63162645038044
Oryzorictes tetradactylus,174,25,14.9212984618512
Oryzorictes tetradactylus,176,24,0.184211880049229
Oryzorictes tetradactylus,179,24,1.74986507844758
Oryzorictes tetradactylus,181,24,68.3474855748302
Oryzorictes tetradactylus,185,25,29.7439079649721
Oryzorictes tetradactylus,189,26,19.6108810678481
Oryzorictes tetradactylus,197,29,27.3374724883207
Oryzorictes tetradactylus,200,31,29.8164373522979
Oryzorictes tetradactylus,243,34,0.367897162454665
Oryzorictes tetradactylus,244,210,32.5536096187773
Oryzorictes tetradactylus,277,34,47.6303711655117
Oryzorictes tetradactylus,278,210,0.183868284008205
Oryzorictes tetradactylus,1980,144,98.5473947674056
Oryzorictes tetradactylus,207,32,55.7561745491338
Oryzorictes tetradactylus,225,32,29.1594029263307
Oryzorictes tetradactylus,361,36,58.6780858784226
Oryzorictes tetradactylus,305,178,1.10266377710527
Oryzorictes tetradactylus,307,178,0.183781132994473
Oryzorictes tetradactylus,310,178,2.02137478975803
Oryzorictes tetradactylus,311,178,0.826945434479237
Oryzorictes tetradactylus,331,178,0.367459639964223
Oryzorictes tetradactylus,335,178,0.183724619395971
Oryzorictes tetradactylus,336,178,0.275586929093957
Oryzorictes tetradactylus,338,178,1.46972063059181
Oryzorictes tetradactylus,339,178,0.275577679304183
Oryzorictes tetradactylus,369,178,388.698326143745
Oryzorictes tetradactylus,482,50,180.120184813256
Oryzorictes tetradactylus,1462,98,52.5005638445029
Oryzorictes tetradactylus,1537,217,26.1848926319454
Oryzorictes tetradactylus,496,211,0.820644420907855
Oryzorictes tetradactylus,501,211,1.73194615611374
Oryzorictes tetradactylus,509,211,66.1899405958974
Oryzorictes tetradactylus,2003,211,25.9731546361337
Oryzorictes tetradactylus,98,12,19.9337849990107
Oryzorictes tetradactylus,155,208,17.2347893938358
Otus rutilus,44,1,130.021860527528
Otus rutilus,45,1,6.4908973798604
Otus rutilus,48,1,8.4370977335708
Otus rutilus,90,1,43.4528749465152
Otus rutilus,5312,1,56.8711675529887
Otus rutilus,5093,21,44.4928427752445
Otus rutilus,5541,21,27.2715936270507
Otus rutilus,5542,21,29.4123165165292
Otus rutilus,5543,21,29.3885406549345
Otus rutilus,5544,21,20.6592519148769
Otus rutilus,5545,21,19.9515621485635
Otus rutilus,4740,12,10.0335984890005
Otus rutilus,4774,12,68.10678924646
Otus rutilus,4817,12,46.4243142196318
Otus rutilus,4837,12,39.125721504027
Otus rutilus,5610,12,61.6409603621128
Otus rutilus,5611,12,5.23129722183871
Otus rutilus,5564,24,78.5054384879867
Otus rutilus,2888,23,52.2268727901955
Otus rutilus,5740,23,39.1360013945309
Otus rutilus,2782,29,2.87876883525968
Otus rutilus,5653,29,45.3586244343983
Otus rutilus,5654,29,33.0953660842072
Otus rutilus,5768,29,52.0931107730117
Otus rutilus,5410,30,38.3946948622806
Otus rutilus,5635,30,38.8224120711257
Otus rutilus,5671,30,61.2124982058693
Otus rutilus,5713,30,88.7755361952912
Otus rutilus,5773,30,29.8365955454182
Otus rutilus,3850,8,137.443018218653
Otus rutilus,5619,26,113.437646918732
Otus rutilus,4279,3,17.1507284432224
Otus rutilus,4422,3,16.0848499706674
Otus rutilus,4482,3,42.4890235274736
Otus rutilus,4549,3,8.41512718056822
Otus rutilus,4670,3,46.5723968884147
Otus rutilus,5065,3,15.479861985826
Otus rutilus,5090,3,13.0307413413469
Otus rutilus,5143,3,7.50890607225883
Otus rutilus,5198,3,13.3958478781311
Otus rutilus,5204,3,3.87195306908155
Otus rutilus,5205,3,6.06907414019537
Otus rutilus,5427,3,16.8362046284112
Otus rutilus,5436,3,9.25706128804803
Otus rutilus,5439,3,4.31856011909986
Otus rutilus,5441,3,2.02272765648687
Otus rutilus,5532,3,44.8174905868982
Otus rutilus,5602,3,2.03225787389851
Otus rutilus,5603,3,8.03635703224694
Otus rutilus,3108,15,42.3362076362427
Otus rutilus,3212,15,57.9536162531174
Otus rutilus,3233,15,3.3134309653126
Otus rutilus,3308,15,89.7882265230072
Otus rutilus,3620,15,449.033259297131
Otus rutilus,5079,15,21.5096479841157
Otus rutilus,5129,15,3.75955498127008
Otus rutilus,5533,15,17.1081231937802
Otus rutilus,5612,15,43.0398890354153
Otus rutilus,5757,15,27.5139015001006
Otus rutilus,1005,18,16.3740665150672
Otus rutilus,1057,18,19.2038282113973
Otus rutilus,1106,18,22.2892814174211
Otus rutilus,1107,18,5.85033975470352
Otus rutilus,1109,18,24.6792146248873
Otus rutilus,1122,18,2.65062070312488
Otus rutilus,1129,18,2.37624750380063
Otus rutilus,1141,18,7.67678403816092
Otus rutilus,1147,18,8.86332816260099
Otus rutilus,1198,18,9.5018882179122
Otus rutilus,1199,18,4.567756926453
Otus rutilus,1371,18,340.504619947821
Otus rutilus,1372,18,2.00722734047782
Otus rutilus,4932,18,37.6497033879563
Otus rutilus,5306,18,1.55373825480127
Otus rutilus,5613,18,36.1603726523629
Otus rutilus,5774,18,100.812835919068
Otus rutilus,5803,18,65.6316608163534
Otus rutilus,269,19,128.592142873589
Otus rutilus,546,19,1.56243208603442
Otus rutilus,561,19,53.6769175645747
Otus rutilus,562,19,3.21620605602419
Otus rutilus,572,19,2.02137478975803
Otus rutilus,574,19,1.65382056523675
Otus rutilus,613,19,58.6780858784226
Otus rutilus,630,19,432.432672722725
Otus rutilus,1922,19,5770.98429934675
Otus rutilus,5620,19,506.523692399314
Otus rutilus,5788,19,1363.63995657705
Otus rutilus,5798,19,73.9629580870592
Otus rutilus,5809,19,21.3177359530671
Otus rutilus,5810,19,85.7023597338527
Otus rutilus,5811,19,293.443629027022
Otus rutilus,5812,19,16.2380797407103
Otus rutilus,5814,19,29.7890733494529
Otus rutilus,5817,19,14.1752324262425
Otus rutilus,5818,19,6.16665918636328
Otus rutilus,5819,19,56.9979385032006
Otus rutilus,5825,19,28.7773817194842
Otus rutilus,5826,19,859.949368190404
Otus rutilus,5835,19,10.6968829958997
Otus rutilus,5836,19,2.55931186735427
Otus rutilus,5840,19,107.010702178571
Otus rutilus,5841,19,639.159561686217
Otus rutilus,5842,19,19.437907051445
Otus rutilus,5844,19,12.0410908559145
Otus rutilus,5848,19,61.5307293035261
Otus rutilus,5849,19,2.5515154922781
Otus rutilus,5850,19,5.10222163080156
Otus rutilus,5851,19,27.9623496702649
Otus rutilus,5852,19,4.18998410252416
Otus rutilus,5854,19,41.3435845824178
Otus rutilus,5855,19,1.54801138759887
Otus rutilus,5856,19,1.55032464307571
Otus rutilus,5864,19,29.4125688188837
Otus rutilus,5673,28,138.846313450127
Otus rutilus,5739,28,9.04229392746901
Otus rutilus,5802,28,68.6631767822923
Oxylabes madagascariensis,3,2,111.100829909233
Oxylabes madagascariensis,5,2,0.463781360735595
Oxylabes madagascariensis,6,2,0.278243954662919
Oxylabes madagascariensis,7,2,0.64914825101471
Oxylabes madagascariensis,6585,2,56.8711675529887
Oxylabes madagascariensis,13,39,21.0334598369182
Oxylabes madagascariensis,898,8,16.1104772354463
Oxylabes madagascariensis,925,8,11.3484171179743
Oxylabes madagascariensis,6443,40,29.4123165165292
Oxylabes madagascariensis,6627,40,27.2715936270507
Oxylabes madagascariensis,6628,40,29.3885406549345
Oxylabes madagascariensis,6629,40,20.6592519148769
Oxylabes madagascariensis,1113,24,11.1100677051132
Oxylabes madagascariensis,1469,44,0.812480411258936
Oxylabes madagascariensis,6663,44,34.3971482793418
Oxylabes madagascariensis,6691,44,61.2124982058693
Oxylabes madagascariensis,6738,44,88.7755361952912
Oxylabes madagascariensis,6782,44,29.8365955454182
Oxylabes madagascariensis,1953,56,2.87876883525968
Oxylabes madagascariensis,1955,56,0.899620833965421
Oxylabes madagascariensis,1980,56,0.269868277515173
Oxylabes madagascariensis,6673,56,45.3586244343983
Oxylabes madagascariensis,6674,56,33.0953660842072
Oxylabes madagascariensis,6777,57,52.0931107730117
Oxylabes madagascariensis,6652,48,113.437646918732
Oxylabes madagascariensis,6436,51,48.282664278709
Oxylabes madagascariensis,6770,53,31.1097970257607
Oxylabes madagascariensis,6771,53,29.6010280215059
Oxylabes madagascariensis,109,27,80.5939694670642
Oxylabes madagascariensis,168,27,1.1995567112959
Oxylabes madagascariensis,217,27,0.6456592656492
Oxylabes madagascariensis,6785,27,21.3177359530671
Oxylabes madagascariensis,6787,27,0.3690976892097
Oxylabes madagascariensis,6808,27,85.7023597338527
Oxylabes madagascariensis,6809,27,279.789072021359
Oxylabes madagascariensis,6810,27,16.2380797407103
Oxylabes madagascariensis,6811,27,29.7890733494529
Oxylabes madagascariensis,328,58,41.180127586423
Oxylabes madagascariensis,481,58,0.4598808172791
Oxylabes madagascariensis,527,58,0.643524707940877
Oxylabes madagascariensis,528,58,2.11438066261417
Oxylabes madagascariensis,538,58,0.459616383672059
Oxylabes madagascariensis,544,58,0.643432019172192
Oxylabes madagascariensis,547,58,0.275752651619673
Oxylabes madagascariensis,553,58,0.367655302864194
Oxylabes madagascariensis,556,58,1.56243208603442
Oxylabes madagascariensis,557,58,0.275729722221732
Oxylabes madagascariensis,559,58,0.275717098941624
Oxylabes madagascariensis,563,58,0.275709061498523
Oxylabes madagascariensis,565,58,0.459508593737543
Oxylabes madagascariensis,567,58,0.275701020456195
Oxylabes madagascariensis,568,58,0.45949710468936
Oxylabes madagascariensis,569,58,1.1946710927344
Oxylabes madagascariensis,574,58,1.47030313296086
Oxylabes madagascariensis,637,58,26.2648020061304
Oxylabes madagascariensis,649,58,333.023805038575
Oxylabes madagascariensis,917,58,41.2839215929323
Oxylabes madagascariensis,950,58,4983.1324208173
Oxylabes madagascariensis,989,58,587.673532474339
Oxylabes madagascariensis,1020,58,77.705629423223
Oxylabes madagascariensis,1025,58,0.273849359069586
Oxylabes madagascariensis,1057,58,3.46533733650792
Oxylabes madagascariensis,1086,58,368.637378403316
Oxylabes madagascariensis,6794,58,1353.66520198551
Oxylabes madagascariensis,6798,58,59.3564680753992
Oxylabes madagascariensis,6812,58,1.19820541345048
Oxylabes madagascariensis,6814,58,14.1752324262425
Oxylabes madagascariensis,6815,58,6.16665918636328
Oxylabes madagascariensis,6816,58,56.9979385032006
Oxylabes madagascariensis,6821,58,0.274443535747349
Oxylabes madagascariensis,6822,58,0.548867488993049
Oxylabes madagascariensis,6828,58,10.6968829958997
Oxylabes madagascariensis,6831,58,1.37029047696173
Oxylabes madagascariensis,6836,58,1.00823772702169
Oxylabes madagascariensis,6838,58,0.274976311198533
Oxylabes madagascariensis,1221,59,443.456643051625
Oxylabes madagascariensis,6646,59,31.4878831114368
Oxylabes madagascariensis,6653,59,72.2403849678643
Oxylabes madagascariensis,6800,59,73.9629580870592
Oxylabes madagascariensis,6804,59,27.7801576174151
Oxylabes madagascariensis,6832,59,1.55032464307571
Oxylabes madagascariensis,6840,59,29.4125688188837
Oxylabes madagascariensis,5125,47,0.620648212959528
Oxylabes madagascariensis,5128,47,0.265972006814122
Oxylabes madagascariensis,5136,47,0.709200345668078
Oxylabes madagascariensis,6693,47,138.846313450127
Oxylabes madagascariensis,6764,47,9.04229392746901
Oxylabes madagascariensis,6807,47,68.6631767822923
Phaner pallescens,194,29,17.1081231937802
Phaner pallescens,202,29,3.3134309653126
Phaner pallescens,418,50,41.9135681366223
Phaner pallescens,436,50,26.0622159711288
Phaner pallescens,432,51,25.6091709557173
Phaner pallescens,180,28,16.3121433096236
Phaner pallescens,227,30,89.7882265229853
Phaner pallescens,308,30,468.355482097602
Philepitta castanea,4370,11,29.4123165165292
Philepitta castanea,4394,11,27.2715936270507
Philepitta castanea,4395,11,29.3885406549345
Philepitta castanea,4396,11,20.6592519148769
Philepitta castanea,756,10,0.812480411258936
Philepitta castanea,4419,10,16.6994855698657
Philepitta castanea,4420,10,1.17365293457222
Philepitta castanea,4422,10,0.180557963597178
Philepitta castanea,4449,10,61.2124982058693
Philepitta castanea,4493,10,88.7755361952912
Philepitta castanea,4537,10,29.8365955454182
Philepitta castanea,1018,20,0.179958904524803
Philepitta castanea,1048,20,2.87876883525968
Philepitta castanea,1052,20,0.899620833965421
Philepitta castanea,1069,20,0.269868277515173
Philepitta castanea,4430,20,45.3586244343983
Philepitta castanea,4431,20,33.0953660842072
Philepitta castanea,4532,22,52.0931107730117
Philepitta castanea,3134,13,0.178258892614841
Philepitta castanea,3142,13,0.356448453989983
Philepitta castanea,4406,13,68.542247589293
Philepitta castanea,4548,13,0.178216341778278
Philepitta castanea,4549,13,40.1722469238046
Philepitta castanea,4205,17,48.282664278709
Philepitta castanea,4525,18,31.1097970257607
Philepitta castanea,4526,18,29.6010280215059
Philepitta castanea,7,1,30.0784773466857
Philepitta castanea,10,1,99.6123828588802
Philepitta castanea,40,1,26.6587824925889
Philepitta castanea,43,1,140.315846688552
Philepitta castanea,45,1,0.6456592656492
Philepitta castanea,48,1,94.6503838187693
Philepitta castanea,98,1,1.74986507844758
Philepitta castanea,99,1,104.373087709085
Philepitta castanea,110,1,1.19697195979726
Philepitta castanea,218,1,3.21760750335884
Philepitta castanea,219,1,0.643524707942724
Philepitta castanea,236,1,0.459616383672059
Philepitta castanea,238,1,0.183841973942041
Philepitta castanea,239,1,0.183840828700006
Philepitta castanea,242,1,0.643432019172192
Philepitta castanea,243,1,0.275752651619673
Philepitta castanea,248,1,0.367655302864194
Philepitta castanea,262,1,0.643082380221069
Philepitta castanea,263,1,0.459349671094894
Philepitta castanea,264,1,1.8373651948179
Philepitta castanea,268,1,0.367459639964223
Philepitta castanea,271,1,0.183724619395971
Philepitta castanea,272,1,0.275586929093957
Philepitta castanea,274,1,1.46972063059181
Philepitta castanea,275,1,0.275577679304183
Philepitta castanea,292,1,0.367363554798603
Philepitta castanea,302,1,44.3538334620843
Philepitta castanea,320,1,370.68552879
Philepitta castanea,330,1,0.275443051051259
Philepitta castanea,366,1,0.275287525101185
Philepitta castanea,369,1,53.1253162317931
Philepitta castanea,375,1,0.275273431350648
Philepitta castanea,383,1,360.855726012654
Philepitta castanea,399,1,0.457520320277512
Philepitta castanea,401,1,0.183009591688037
Philepitta castanea,517,1,0.273849359069586
Philepitta castanea,518,1,0.182563724761963
Philepitta castanea,538,1,83.6664463016236
Philepitta castanea,589,1,3983.69349294472
Philepitta castanea,615,1,27.7801576174308
Philepitta castanea,631,1,177.360180486436
Philepitta castanea,4407,1,44.4527558411814
Philepitta castanea,4539,1,0.3690976892097
Philepitta castanea,4543,1,59.3564680753992
Philepitta castanea,4545,1,29.9665759035923
Philepitta castanea,4553,1,21.3177359530671
Philepitta castanea,4554,1,19.1031559591866
Philepitta castanea,4555,1,16.2380797407103
Philepitta castanea,4556,1,29.7890733494529
Philepitta castanea,4557,1,14.1752324262425
Philepitta castanea,4558,1,6.16665918636328
Philepitta castanea,4559,1,56.9979385032006
Philepitta castanea,4562,1,0.183579301166832
Philepitta castanea,4563,1,29.749892015815
Philepitta castanea,4564,1,676.146919560637
Philepitta castanea,4566,1,0.274443535747349
Philepitta castanea,4567,1,0.548867488993049
Philepitta castanea,4572,1,0.182936229304552
Philepitta castanea,4573,1,10.6968829958997
Philepitta castanea,4576,1,1.37029047696173
Philepitta castanea,4577,1,77.705629423223
Philepitta castanea,4578,1,341.095838530764
Philepitta castanea,3509,15,0.62064821295929
Philepitta castanea,3510,15,0.265972006814122
Philepitta castanea,3511,15,0.709200345668078
Philepitta castanea,3512,15,0.177290677110672
Philepitta castanea,4451,15,138.846313450127
Philepitta castanea,4452,15,0.177275942426443
Philepitta castanea,4453,15,0.177274304782152
Philepitta castanea,4519,15,9.04229392746901
Philepitta castanea,4552,15,68.6631767822923
Philepitta schlegeli,1077,11,33.9182954840018
Philepitta schlegeli,114,5,53.6385749434331
Philepitta schlegeli,748,21,0.452763459861875
Philepitta schlegeli,784,21,38.0240908844043
Philepitta schlegeli,792,21,3.07696966736638
Philepitta schlegeli,795,21,0.723997986286044
Philepitta schlegeli,807,21,0.361958205401897
Philepitta schlegeli,1637,14,24.1125028080204
Philepitta schlegeli,1178,19,18.7159821588671
Philepitta schlegeli,1214,19,33.5285920051366
Philepitta schlegeli,119,6,16.3740665150728
Philepitta schlegeli,138,6,2.56021646885425
Philepitta schlegeli,139,6,1.28010022488046
Philepitta schlegeli,140,6,0.274313436967611
Philepitta schlegeli,163,6,9.23022386336661
Philepitta schlegeli,169,6,2.83342021114933
Philepitta schlegeli,172,6,8.31781849541915
Philepitta schlegeli,175,6,1.00536820483017
Philepitta schlegeli,183,6,7.03614931428945
Philepitta schlegeli,186,6,0.548279554689765
Philepitta schlegeli,197,6,22.2892814174211
Philepitta schlegeli,257,6,14.8774610751529
Philepitta schlegeli,263,6,284.364124703526
Philepitta schlegeli,264,6,2.00722734047782
Philepitta schlegeli,265,6,0.364942030489683
Philepitta schlegeli,267,6,0.456175956650972
Philepitta schlegeli,1647,6,36.1603726523629
Philepitta schlegeli,1649,6,100.812835919068
Philepitta schlegeli,1650,6,65.6316608163534
Philepitta schlegeli,1654,6,0.273783886071086
Philepitta schlegeli,1445,24,43.0398890354153
Philepitta schlegeli,1485,24,21.5096479841157
Philepitta schlegeli,1516,24,55.5362709867372
Philepitta schlegeli,1523,24,13.8841261984153
Philepitta schlegeli,1547,24,0.447673652347684
Philepitta schlegeli,1584,24,88.5345907866488
Philepitta schlegeli,1589,24,310.796642880067
Philepitta schlegeli,1596,24,7.59324483305084
Philepitta schlegeli,1646,24,68.536408814274
Philepitta schlegeli,1648,24,10.842628340421
Philepitta schlegeli,1455,25,26.1882757536098
Ploceus nelicourvi,2,1,0.64914825101471
Ploceus nelicourvi,3,1,56.8711675529887
Ploceus nelicourvi,8821,1,52.3985918019408
Ploceus nelicourvi,8878,33,27.2715936270507
Ploceus nelicourvi,8879,33,29.4123165165292
Ploceus nelicourvi,8880,33,29.3885406549345
Ploceus nelicourvi,8881,33,20.6592519148769
Ploceus nelicourvi,2013,24,0.812480411258936
Ploceus nelicourvi,8852,24,38.3946948622806
Ploceus nelicourvi,8915,24,38.4612961439313
Ploceus nelicourvi,8943,24,61.2124982058693
Ploceus nelicourvi,8985,24,88.7755361952912
Ploceus nelicourvi,9029,24,29.8365955454182
Ploceus nelicourvi,2753,45,2.87876883525968
Ploceus nelicourvi,2755,45,0.899620833965421
Ploceus nelicourvi,2780,45,0.269868277515173
Ploceus nelicourvi,8925,45,45.3586244343983
Ploceus nelicourvi,8926,45,33.0953660842072
Ploceus nelicourvi,9024,46,52.0931107730117
Ploceus nelicourvi,8902,38,113.437646918732
Ploceus nelicourvi,8778,41,48.282664278709
Ploceus nelicourvi,9017,43,31.1097970257607
Ploceus nelicourvi,9018,43,29.6010280215059
Ploceus nelicourvi,36,3,99.6123828588802
Ploceus nelicourvi,126,3,0.6456592656492
Ploceus nelicourvi,220,3,0.276354423903167
Ploceus nelicourvi,230,3,0.644736027104974
Ploceus nelicourvi,233,3,1.74986507844758
Ploceus nelicourvi,234,3,112.203011880524
Ploceus nelicourvi,236,3,3.68393426545006
Ploceus nelicourvi,318,3,0.4598808172791
Ploceus nelicourvi,426,3,294.53612488467
Ploceus nelicourvi,442,3,14.4181473408762
Ploceus nelicourvi,1257,3,5510.84314508421
Ploceus nelicourvi,8896,3,31.4878831114368
Ploceus nelicourvi,8903,3,443.456643051625
Ploceus nelicourvi,9034,3,0.3690976892097
Ploceus nelicourvi,9042,3,1363.63995657705
Ploceus nelicourvi,9050,3,73.9629580870592
Ploceus nelicourvi,9055,3,19.1031559591866
Ploceus nelicourvi,9056,3,21.3177359530671
Ploceus nelicourvi,9057,3,85.7023597338527
Ploceus nelicourvi,9058,3,293.166981275382
Ploceus nelicourvi,9059,3,16.2380797407103
Ploceus nelicourvi,9060,3,29.7890733494529
Ploceus nelicourvi,9061,3,1.19820541345048
Ploceus nelicourvi,9063,3,14.1752324262425
Ploceus nelicourvi,9064,3,6.16665918636328
Ploceus nelicourvi,9065,3,56.9979385032006
Ploceus nelicourvi,9070,3,0.733449546446324
Ploceus nelicourvi,9071,3,28.7773817194842
Ploceus nelicourvi,9072,3,859.949368190404
Ploceus nelicourvi,9074,3,0.274443535747349
Ploceus nelicourvi,9075,3,0.548867488993049
Ploceus nelicourvi,9081,3,10.6968829958997
Ploceus nelicourvi,9082,3,2.55931186735427
Ploceus nelicourvi,9085,3,1.37029047696173
Ploceus nelicourvi,9086,3,107.010702178571
Ploceus nelicourvi,9087,3,639.159561686217
Ploceus nelicourvi,9088,3,19.437907051445
Ploceus nelicourvi,9090,3,12.0410908559145
Ploceus nelicourvi,9093,3,0.45585832220161
Ploceus nelicourvi,9094,3,61.5307293035261
Ploceus nelicourvi,9095,3,2.5515154922781
Ploceus nelicourvi,9096,3,5.10222163080156
Ploceus nelicourvi,9097,3,27.9623496702649
Ploceus nelicourvi,9098,3,4.18998410252416
Ploceus nelicourvi,9100,3,41.3435845824178
Ploceus nelicourvi,9101,3,1.54801138759887
Ploceus nelicourvi,9102,3,1.55032464307571
Ploceus nelicourvi,9106,3,1.00823772702169
Ploceus nelicourvi,9108,3,0.274976311198533
Ploceus nelicourvi,9110,3,29.4125688188837
Ploceus nelicourvi,6588,37,0.620648212959528
Ploceus nelicourvi,6594,37,0.265972006814122
Ploceus nelicourvi,6610,37,0.709200345668078
Ploceus nelicourvi,8945,37,138.846313450127
Ploceus nelicourvi,9011,37,9.04229392746901
Ploceus nelicourvi,9054,37,68.6631767822923
Ploceus sakalava,13971,86,31.0182859874093
Ploceus sakalava,12533,30,25.2530937962923
Ploceus sakalava,208,47,0.185499234954476
Ploceus sakalava,212,47,0.278243954662919
Ploceus sakalava,216,47,26.0608411523744
Ploceus sakalava,225,47,0.185478644791543
Ploceus sakalava,231,47,0.27820176096195
Ploceus sakalava,237,47,0.18546587502265
Ploceus sakalava,252,47,0.18545505566138
Ploceus sakalava,253,47,6.49089737985945
Ploceus sakalava,269,47,0.185438309593201
Ploceus sakalava,277,47,0.185425482894003
Ploceus sakalava,283,47,8.4370977335708
Ploceus sakalava,14096,47,0.185474717534363
Ploceus sakalava,656,104,0.370271373195231
Ploceus sakalava,659,104,0.462834125284791
Ploceus sakalava,664,104,43.0377824654073
Ploceus sakalava,665,104,0.18513059458977
Ploceus sakalava,700,104,1.48074673073471
Ploceus sakalava,707,104,1.66577102635694
Ploceus sakalava,711,104,1.38815019469857
Ploceus sakalava,715,104,0.277623898765862
Ploceus sakalava,722,104,0.277610584835947
Ploceus sakalava,14876,104,0.185083622752249
Ploceus sakalava,268,116,0.463597745714188
Ploceus sakalava,368,116,43.2038186617044
Ploceus sakalava,560,117,43.4528749465152
Ploceus sakalava,6943,35,38.2051651932399
Ploceus sakalava,6959,35,3.07696966736627
Ploceus sakalava,6962,35,0.723997986286044
Ploceus sakalava,6990,35,0.361958205401897
Ploceus sakalava,14954,35,0.452763459861636
Ploceus sakalava,7590,96,57.2918905729155
Ploceus sakalava,8529,120,42.3362076362427
Ploceus sakalava,13136,101,9.85520655908297
Ploceus sakalava,14555,101,16.8407713442635
Ploceus sakalava,13252,124,0.261418984541655
Ploceus sakalava,13261,124,0.522798031426311
Ploceus sakalava,13271,124,6.62081308984315
Ploceus sakalava,13338,124,0.174136841906786
Ploceus sakalava,13346,124,0.261180647714615
Ploceus sakalava,14316,126,13.1672804516135
Ploceus sakalava,7950,118,0.449603298739433
Ploceus sakalava,7951,118,0.359686745625973
Ploceus sakalava,7996,118,36.331879859746
Ploceus sakalava,14962,118,0.449634089967847
Ploceus sakalava,14985,118,6.47518067736232
Ploceus sakalava,14314,105,435.931164999176
Ploceus sakalava,14720,105,43.5541700668897
Ploceus sakalava,14721,105,2.02803748513663
Ploceus sakalava,14722,105,2.11576712074435
Ploceus sakalava,14793,105,13.3829553466861
Ploceus sakalava,14794,105,3.87195306908155
Ploceus sakalava,14795,105,6.06907414019537
Ploceus sakalava,14945,105,9.25706128804803
Ploceus sakalava,14948,105,4.31856011909986
Ploceus sakalava,14950,105,2.02272765648687
Ploceus sakalava,15003,105,17.5870851484947
Ploceus sakalava,15004,105,2.03225787389851
Ploceus sakalava,15005,105,1.94182639975023
Ploceus sakalava,13468,114,0.347746593876839
Ploceus sakalava,13793,114,102.281833427133
Ploceus sakalava,14601,114,20.5755786330535
Ploceus sakalava,14634,114,0.347687768672109
Ploceus sakalava,14856,114,14.876475508235
Ploceus sakalava,14926,114,25.3907382257994
Ploceus sakalava,14930,114,9.98819568180025
Ploceus sakalava,14881,115,64.9869920614074
Ploceus sakalava,14381,119,45.6640702512723
Ploceus sakalava,14686,119,18.7159821588671
Ploceus sakalava,15021,119,0.539642938729286
Ploceus sakalava,14474,123,137.443018218653
Ploceus sakalava,3247,79,64.7813755391271
Ploceus sakalava,14847,79,1.73570699889708
Ploceus sakalava,12603,103,7.62251941031325
Ploceus sakalava,12654,103,0.175072785095453
Ploceus sakalava,14526,103,46.5723968884147
Ploceus sakalava,14725,103,42.4890235274736
Ploceus sakalava,14801,103,73.5944098629717
Ploceus sakalava,14933,103,36.3826787541578
Ploceus sakalava,14943,103,16.8362046284112
Ploceus sakalava,14944,103,11.4830635166789
Ploceus sakalava,15034,103,5.43494208523166
Ploceus sakalava,2499,113,16.3740665150672
Ploceus sakalava,2676,113,19.2038282113973
Ploceus sakalava,2864,113,5.85033975470436
Ploceus sakalava,2872,113,16.0871950112846
Ploceus sakalava,2908,113,1.0054375043211
Ploceus sakalava,2915,113,0.182805694629431
Ploceus sakalava,2919,113,0.274201118186474
Ploceus sakalava,2931,113,2.37624750380063
Ploceus sakalava,2935,113,0.274192454328179
Ploceus sakalava,2953,113,0.182784649551272
Ploceus sakalava,2973,113,0.182778454094648
Ploceus sakalava,2983,113,7.67678403816092
Ploceus sakalava,2987,113,1.55373825480127
Ploceus sakalava,2996,113,6.21363010125625
Ploceus sakalava,3023,113,2.46709225874806
Ploceus sakalava,3057,113,0.182741225706577
Ploceus sakalava,3349,113,22.3806283842244
Ploceus sakalava,3409,113,14.9687278325598
Ploceus sakalava,3557,113,2.0072273404777
Ploceus sakalava,3576,113,285.276724119282
Ploceus sakalava,3577,113,0.364942030489326
Ploceus sakalava,3586,113,0.456175956650972
Ploceus sakalava,14549,113,30.6135540736676
Ploceus sakalava,15015,113,36.7996040886711
Ploceus sakalava,15035,113,100.812835919068
Ploceus sakalava,15036,113,65.8141993703688
Ploceus sakalava,15040,113,0.273783886071086
Ploceus sakalava,8757,121,57.9536162531174
Ploceus sakalava,8820,121,3.3134309653126
Ploceus sakalava,9153,121,89.7882265229853
Ploceus sakalava,9413,121,468.355482097602
Ploceus sakalava,14646,121,21.5096479841157
Ploceus sakalava,14738,121,3.75955498127008
Ploceus sakalava,14984,121,17.1081231937802
Ploceus sakalava,15014,121,43.0398890354153
Ploceus sakalava,15026,121,27.5139015001006
Polyboroides radiatus,71,1,128.592142873589
Polyboroides radiatus,120,1,19.5821926010261
Polyboroides radiatus,142,1,58.6780858784226
Polyboroides radiatus,144,1,354.105295176014
Polyboroides radiatus,305,1,13.8476284396458
Polyboroides radiatus,347,1,3460.64787901195
Polyboroides radiatus,2829,1,32.5536096187775
Polyboroides radiatus,2833,1,53.6769175645747
Polyboroides radiatus,3555,1,86.9343049463478
Polyboroides radiatus,3792,1,506.523692399314
Polyboroides radiatus,3817,1,1364.28172076837
Polyboroides radiatus,3823,1,21.3177359530671
Polyboroides radiatus,3824,1,85.7023597338527
Polyboroides radiatus,3825,1,293.443629027022
Polyboroides radiatus,3826,1,16.2380797407103
Polyboroides radiatus,3828,1,29.7890733494529
Polyboroides radiatus,3829,1,1292.00590579442
Polyboroides radiatus,3833,1,337.340770944684
Polyboroides radiatus,3834,1,56.9979385032006
Polyboroides radiatus,3840,1,28.7773817194842
Polyboroides radiatus,3841,1,861.047150624134
Polyboroides radiatus,3850,1,10.6968829958997
Polyboroides radiatus,3855,1,107.101985298331
Polyboroides radiatus,3856,1,639.159561686217
Polyboroides radiatus,3857,1,19.437907051445
Polyboroides radiatus,3859,1,12.0410908559145
Polyboroides radiatus,3863,1,61.5307293035261
Polyboroides radiatus,3866,1,27.9623496702649
Polyboroides radiatus,3869,1,41.4346548026909
Polyboroides radiatus,498,2,36.331879859746
Polyboroides radiatus,549,2,52.2268727901955
Polyboroides radiatus,610,2,468.355482097602
Polyboroides radiatus,1496,2,58.0431777097617
Polyboroides radiatus,2650,2,42.3362076362427
Polyboroides radiatus,3149,2,21.5096479841157
Polyboroides radiatus,3150,2,90.1463766941008
Polyboroides radiatus,3723,2,17.1081231937802
Polyboroides radiatus,3747,2,78.5054384879867
Polyboroides radiatus,3779,2,43.0398890354153
Polyboroides radiatus,3796,2,39.1360013945309
Polyboroides radiatus,3803,2,27.5139015001006
Polyboroides radiatus,219,3,19.2038282113973
Polyboroides radiatus,227,3,24.6792146248873
Polyboroides radiatus,350,3,342.238583556211
Polyboroides radiatus,2325,3,16.3740665150672
Polyboroides radiatus,2610,3,22.3806283842244
Polyboroides radiatus,3022,3,37.832468202602
Polyboroides radiatus,3525,3,10.0499887125863
Polyboroides radiatus,3782,3,36.7996040886711
Polyboroides radiatus,3822,3,100.812835919068
Polyboroides radiatus,3871,3,66.0880726051107
Polyboroides radiatus,851,4,119.12388846513
Polyboroides radiatus,905,4,151.58511224908
Polyboroides radiatus,2378,4,46.5723968884147
Polyboroides radiatus,2397,4,11.0948326900711
Polyboroides radiatus,3002,4,259.430068271501
Polyboroides radiatus,3074,4,45.1360753508905
Polyboroides radiatus,3258,4,41.698705479528
Polyboroides radiatus,3348,4,112.468627701651
Polyboroides radiatus,3400,4,14.876475508235
Polyboroides radiatus,3591,4,9.98819568180025
Polyboroides radiatus,3597,4,36.3826787541578
Polyboroides radiatus,3613,4,16.8362046284112
Polyboroides radiatus,3614,4,11.4830635166789
Pseudobias wardi,4316,25,29.4123165165292
Pseudobias wardi,4335,25,27.2715936270507
Pseudobias wardi,4336,25,29.3885406549345
Pseudobias wardi,4337,25,20.6592519148769
Pseudobias wardi,968,30,2.87876883525968
Pseudobias wardi,970,30,0.899620833965421
Pseudobias wardi,988,30,0.269868277515173
Pseudobias wardi,4376,30,45.3586244343983
Pseudobias wardi,4377,30,33.0953660842072
Pseudobias wardi,4396,45,61.2124982058693
Pseudobias wardi,4439,45,88.7755361952912
Pseudobias wardi,4483,45,29.8365955454182
Pseudobias wardi,4478,46,52.0931107730117
Pseudobias wardi,4308,36,48.282664278709
Pseudobias wardi,4350,37,113.437646918732
Pseudobias wardi,4471,41,31.1097970257607
Pseudobias wardi,4472,41,29.6010280215059
Pseudobias wardi,3,1,80.5939694670642
Pseudobias wardi,18,1,19.2835761868453
Pseudobias wardi,28,1,126.477577932473
Pseudobias wardi,29,1,0.6456592656492
Pseudobias wardi,33,1,29.7890733494529
Pseudobias wardi,4484,1,21.3177359530671
Pseudobias wardi,4501,1,19.1031559591866
Pseudobias wardi,4502,1,20.6591479170306
Pseudobias wardi,25,3,16.2380797407103
Pseudobias wardi,4485,3,0.3690976892097
Pseudobias wardi,431,6,587.673532474339
Pseudobias wardi,450,6,17.3451783349451
Pseudobias wardi,451,6,77.705629423223
Pseudobias wardi,453,6,0.273849359069586
Pseudobias wardi,508,6,289.799455531459
Pseudobias wardi,4494,6,59.3564680753992
Pseudobias wardi,4513,6,0.274443535747349
Pseudobias wardi,4514,6,0.548867488993049
Pseudobias wardi,4520,6,10.6968829958997
Pseudobias wardi,4523,6,1.37029047696173
Pseudobias wardi,57,24,93.4084023599993
Pseudobias wardi,58,24,13.169071216873
Pseudobias wardi,108,24,0.4598808172791
Pseudobias wardi,123,24,0.36781642743516
Pseudobias wardi,141,24,0.643524707942724
Pseudobias wardi,155,24,0.459616383672059
Pseudobias wardi,162,24,0.643432019172192
Pseudobias wardi,163,24,0.275752651619673
Pseudobias wardi,170,24,0.367655302864194
Pseudobias wardi,173,24,1.56243208603442
Pseudobias wardi,174,24,0.275729722221732
Pseudobias wardi,175,24,0.275717098941624
Pseudobias wardi,177,24,0.275709061498523
Pseudobias wardi,178,24,0.459508593737543
Pseudobias wardi,179,24,0.45949710468936
Pseudobias wardi,180,24,1.1946710927344
Pseudobias wardi,184,24,53.6769175645747
Pseudobias wardi,185,24,3.21620605602419
Pseudobias wardi,186,24,0.551364106284499
Pseudobias wardi,190,24,1.10266377710551
Pseudobias wardi,191,24,0.367564567481756
Pseudobias wardi,195,24,0.551319225258708
Pseudobias wardi,198,24,1.10259928914046
Pseudobias wardi,200,24,2.02137478975803
Pseudobias wardi,201,24,0.826945434479237
Pseudobias wardi,202,24,0.643170052255213
Pseudobias wardi,203,24,1.65382056523675
Pseudobias wardi,210,24,0.826825480995119
Pseudobias wardi,211,24,0.459349671094894
Pseudobias wardi,218,24,0.367459639964223
Pseudobias wardi,223,24,0.275586929093957
Pseudobias wardi,225,24,1.46972063059181
Pseudobias wardi,226,24,0.275577679304183
Pseudobias wardi,243,24,0.367363554798603
Pseudobias wardi,246,24,26.2648020061304
Pseudobias wardi,252,24,388.784896894952
Pseudobias wardi,331,24,0.275287525101185
Pseudobias wardi,335,24,0.275273431350648
Pseudobias wardi,337,24,1.55979265927613
Pseudobias wardi,338,24,3.30296723872137
Pseudobias wardi,356,24,0.733449546446562
Pseudobias wardi,364,24,123.178229161861
Pseudobias wardi,365,24,4640.35286658903
Pseudobias wardi,370,24,41.8330794417093
Pseudobias wardi,375,24,0.27451926506561
Pseudobias wardi,4348,24,2.38581502810496
Pseudobias wardi,4349,24,212.618379217924
Pseudobias wardi,4488,24,11.4687908001679
Pseudobias wardi,4489,24,431.17381146479
Pseudobias wardi,4491,24,185.019204770686
Pseudobias wardi,4503,24,1.19820541345048
Pseudobias wardi,4504,24,5.25313743514037
Pseudobias wardi,4506,24,14.1752324262425
Pseudobias wardi,4507,24,6.16665918636328
Pseudobias wardi,4508,24,56.9979385032006
Pseudobias wardi,492,27,0.820644420907855
Pseudobias wardi,532,27,27.7801576174308
Pseudobias wardi,545,27,200.975350850103
Pseudobias wardi,4324,27,142.504930117772
Pseudobias wardi,4357,27,31.4878831114368
Pseudobias wardi,4358,27,44.4527558411814
Pseudobias wardi,4496,27,73.9629580870592
Pseudobias wardi,3222,35,0.620648212959528
Pseudobias wardi,3225,35,0.265972006814122
Pseudobias wardi,3231,35,0.709200345668078
Pseudobias wardi,4398,35,138.846313450127
Pseudobias wardi,4465,35,9.04229392746901
Pseudobias wardi,4500,35,68.6631767822923
Rallus madagascariensis,137,9,88.7755361952912
Rallus madagascariensis,448,9,38.5754106344105
Rallus madagascariensis,457,9,39.0933882275617
Rallus madagascariensis,469,9,61.2124982058693
Rallus madagascariensis,491,9,29.8365955454182
Rallus madagascariensis,4,2,28.8049090227611
Rallus madagascariensis,8,2,50.3100383420988
Rallus madagascariensis,17,2,269.92537491537
Rallus madagascariensis,18,2,29.7890733494464
Rallus madagascariensis,19,2,4.33443217345184
Rallus madagascariensis,26,2,118.189647975998
Rallus madagascariensis,27,2,4.05232580194205
Rallus madagascariensis,28,2,1.65764340949857
Rallus madagascariensis,29,2,312.346966916901
Rallus madagascariensis,31,2,24.3872932737169
Rallus madagascariensis,32,2,967.14196058036
Rallus madagascariensis,33,2,18.8525092663892
Rallus madagascariensis,34,2,6.25186649493766
Rallus madagascariensis,495,2,21.3177359530671
Rallus madagascariensis,512,2,14.1752324262425
Rallus madagascariensis,513,2,6.16665918636328
Rallus madagascariensis,41,4,5.29009727306199
Rallus madagascariensis,46,4,73.9629580870592
Rallus madagascariensis,504,4,60.1675484163001
Rallus madagascariensis,505,4,25.9731546361337
Rallus madagascariensis,516,4,29.4125688188837
Rallus madagascariensis,397,8,139.201165790879
Rallus madagascariensis,490,8,9.04229392746901
Rallus madagascariensis,509,8,57.9452893114559
Randia pseudozosterops,565,5,99.6139781935874
Randia pseudozosterops,9802,43,29.3885406549345
Randia pseudozosterops,9829,43,20.6592519148769
Randia pseudozosterops,9879,50,61.2124982058693
Randia pseudozosterops,9916,50,88.7755361952912
Randia pseudozosterops,9940,50,29.8365955454182
Randia pseudozosterops,6115,49,113.437646918732
Randia pseudozosterops,9934,56,31.1097970257607
Randia pseudozosterops,9935,56,29.6010280215059
Randia pseudozosterops,9792,57,48.282664278709
Randia pseudozosterops,19,3,8.86135206354195
Randia pseudozosterops,42,3,19.9337849990107
Randia pseudozosterops,103,3,218.0768213951
Randia pseudozosterops,9965,3,0.645659265649438
Randia pseudozosterops,213,21,0.276354423903167
Randia pseudozosterops,235,21,0.644736027104974
Randia pseudozosterops,244,21,0.184197436095715
Randia pseudozosterops,264,21,149.498138390679
Randia pseudozosterops,427,21,0.4598808172791
Randia pseudozosterops,1607,21,5405.82519664578
Randia pseudozosterops,9848,21,103.342213848419
Randia pseudozosterops,9941,21,875.692236188383
Randia pseudozosterops,9944,21,233.118431852782
Randia pseudozosterops,9966,21,5.33902110164034
Randia pseudozosterops,9967,21,6.16665918636328
Randia pseudozosterops,9968,21,0.920388230831802
Randia pseudozosterops,9969,21,56.9979385032006
Randia pseudozosterops,9972,21,0.183579301166832
Randia pseudozosterops,9974,21,0.733449546446324
Randia pseudozosterops,9975,21,28.7773817194842
Randia pseudozosterops,9976,21,859.949368190404
Randia pseudozosterops,9978,21,0.274443535747349
Randia pseudozosterops,9979,21,0.548867488993049
Randia pseudozosterops,9984,21,0.182936229304552
Randia pseudozosterops,9985,21,9.69101619559634
Randia pseudozosterops,9986,21,2.55931186735427
Randia pseudozosterops,9989,21,1.37029047696173
Randia pseudozosterops,9990,21,107.010702178571
Randia pseudozosterops,9991,21,639.159561686217
Randia pseudozosterops,9992,21,19.437907051445
Randia pseudozosterops,9994,21,12.0410908559145
Randia pseudozosterops,9997,21,0.45585832220161
Randia pseudozosterops,9998,21,61.5307293035261
Randia pseudozosterops,9999,21,2.5515154922781
Randia pseudozosterops,10000,21,5.10222163080156
Randia pseudozosterops,10001,21,27.9623496702649
Randia pseudozosterops,10002,21,4.18998410252416
Randia pseudozosterops,10004,21,41.3435845824178
Randia pseudozosterops,10005,21,1.54801138759887
Randia pseudozosterops,10009,21,0.641599862850308
Randia pseudozosterops,9892,62,138.846313450127
Randia pseudozosterops,9964,62,68.6631767822923
Sarothrura insularis,1,1,72.6104762396658
Sarothrura insularis,4865,1,56.8711675529887
Sarothrura insularis,4937,25,27.2715936270507
Sarothrura insularis,4938,25,29.4123165165292
Sarothrura insularis,4939,25,29.3885406549345
Sarothrura insularis,4940,25,20.6592519148769
Sarothrura insularis,1300,19,0.812480411258936
Sarothrura insularis,4893,19,38.5754106344105
Sarothrura insularis,4983,19,39.454504154756
Sarothrura insularis,5015,19,61.2124982058693
Sarothrura insularis,5057,19,88.7755361952912
Sarothrura insularis,5097,19,29.8365955454182
Sarothrura insularis,1742,33,0.899620833965421
Sarothrura insularis,4799,33,2.87876883525717
Sarothrura insularis,4997,33,45.3586244343983
Sarothrura insularis,4998,33,33.0953660842072
Sarothrura insularis,5092,34,52.0931107730117
Sarothrura insularis,5084,27,31.1097970257607
Sarothrura insularis,5085,27,29.6010280215059
Sarothrura insularis,4960,28,113.437646918732
Sarothrura insularis,4555,30,48.282664278709
Sarothrura insularis,8,2,128.592142873589
Sarothrura insularis,99,2,1.74986507844758
Sarothrura insularis,247,2,1.56243208603442
Sarothrura insularis,256,2,1.1946710927344
Sarothrura insularis,260,2,3.21620605602294
Sarothrura insularis,261,2,1.10266377710527
Sarothrura insularis,266,2,1.10259928914046
Sarothrura insularis,267,2,2.02137478975803
Sarothrura insularis,268,2,0.826945434479237
Sarothrura insularis,270,2,1.65382056523675
Sarothrura insularis,281,2,0.826825480995119
Sarothrura insularis,290,2,1.46972063059181
Sarothrura insularis,311,2,58.6780858784226
Sarothrura insularis,331,2,432.524525778189
Sarothrura insularis,824,2,5761.49043606894
Sarothrura insularis,4825,2,53.6769175645747
Sarothrura insularis,4878,2,1.38048064569426
Sarothrura insularis,4967,2,1.10433682509226
Sarothrura insularis,4968,2,506.523692399314
Sarothrura insularis,5110,2,1364.28172076837
Sarothrura insularis,5118,2,73.9629580870592
Sarothrura insularis,5123,2,21.3177359530671
Sarothrura insularis,5124,2,85.7023597338527
Sarothrura insularis,5125,2,293.166981275382
Sarothrura insularis,5126,2,16.2380797407103
Sarothrura insularis,5127,2,29.7890733494529
Sarothrura insularis,5128,2,1.19820541345048
Sarothrura insularis,5130,2,14.1752324262425
Sarothrura insularis,5131,2,6.16665918636328
Sarothrura insularis,5132,2,56.9979385032006
Sarothrura insularis,5138,2,28.7773817194842
Sarothrura insularis,5139,2,861.047150624134
Sarothrura insularis,5148,2,10.6968829958997
Sarothrura insularis,5149,2,2.55931186735427
Sarothrura insularis,5152,2,1.37029047696173
Sarothrura insularis,5153,2,107.101985298331
Sarothrura insularis,5154,2,639.159561686217
Sarothrura insularis,5155,2,19.437907051445
Sarothrura insularis,5157,2,12.0410908559145
Sarothrura insularis,5161,2,61.5307293035261
Sarothrura insularis,5162,2,2.5515154922781
Sarothrura insularis,5163,2,5.10222163080156
Sarothrura insularis,5164,2,27.9623496702649
Sarothrura insularis,5165,2,4.18998410252416
Sarothrura insularis,5167,2,41.4346548026909
Sarothrura insularis,5168,2,1.54801138759887
Sarothrura insularis,5169,2,1.55032464307571
Sarothrura insularis,5173,2,1.00823772702169
Sarothrura insularis,5177,2,29.5036222200694
Sarothrura insularis,5017,32,139.201165790879
Sarothrura insularis,5083,32,9.04229392746901
Sarothrura insularis,5122,32,68.6631767822923
Schetba rufa,8,1,0.55664420881176
Schetba rufa,9,1,0.371099061261296
Schetba rufa,10,1,0.556625695955515
Schetba rufa,11,1,9.3690831852839
Schetba rufa,13,1,0.463806772104681
Schetba rufa,16,1,0.27827526928854
Schetba rufa,5562,18,30.4260267755292
Schetba rufa,69,42,21.0334598369182
Schetba rufa,700,3,64.9869920614074
Schetba rufa,6285,20,0.777178853789091
Schetba rufa,6319,20,0.604549703200817
Schetba rufa,6361,20,29.4123165165292
Schetba rufa,6362,20,29.3885406549345
Schetba rufa,6363,20,20.6592519148769
Schetba rufa,6364,20,19.9515621485635
Schetba rufa,1743,11,63.2626418560651
Schetba rufa,3828,14,41.9135681366223
Schetba rufa,1761,13,52.0931107730117
Schetba rufa,2236,36,33.5285920051366
Schetba rufa,2106,39,45.3586244343983
Schetba rufa,2140,39,2.87876883525968
Schetba rufa,2145,39,0.899620833965421
Schetba rufa,2163,39,0.269868277515173
Schetba rufa,2170,39,33.0953660842072
Schetba rufa,1712,44,29.8625855308015
Schetba rufa,2722,45,26.1882757536098
Schetba rufa,4373,53,63.1928620869468
Schetba rufa,4407,53,0.62064821295929
Schetba rufa,4412,53,0.265972006814122
Schetba rufa,4421,53,0.709200345668078
Schetba rufa,6397,53,9.04229392746901
Schetba rufa,994,5,0.365034251434088
Schetba rufa,995,5,65.4491474751962
Schetba rufa,1012,5,94.7218113163201
Schetba rufa,1020,5,50.5501472631775
Schetba rufa,1021,5,0.547426328327894
Schetba rufa,1024,5,0.364942030489683
Schetba rufa,1027,5,0.456175956650972
Schetba rufa,6335,5,59.2635538920963
Schetba rufa,6375,5,36.1603726523629
Schetba rufa,6434,5,13.1419768964566
Schetba rufa,6435,5,0.273783886071086
Schetba rufa,214,26,100.527754466075
Schetba rufa,226,26,21.3177359530687
Schetba rufa,245,26,19.2835761868453
Schetba rufa,253,26,93.5449729917966
Schetba rufa,254,26,20.6591479170306
Schetba rufa,259,26,7.19359772695065
Schetba rufa,269,26,0.276647751640141
Schetba rufa,358,26,1.10513790659881
Schetba rufa,608,26,55.7476823689058
Schetba rufa,621,26,78.8713894917241
Schetba rufa,623,26,19.5158601347259
Schetba rufa,648,26,419.593688747394
Schetba rufa,967,26,2378.05009653701
Schetba rufa,976,26,94.1386905704601
Schetba rufa,1004,26,30.841130119227
Schetba rufa,1091,26,40.9164258733316
Schetba rufa,1097,26,11.8440676069835
Schetba rufa,1104,26,15.0325883204132
Schetba rufa,1143,26,62.6386704337381
Schetba rufa,6365,26,25.2209269263488
Schetba rufa,6401,26,0.366637864171386
Schetba rufa,6404,26,302.846189959344
Schetba rufa,6405,26,1132.94840044904
Schetba rufa,6406,26,56.9979385032006
Schetba rufa,6411,26,0.733449546446324
Schetba rufa,6412,26,28.7773817194842
Schetba rufa,6413,26,180.8451321138
Schetba rufa,6414,26,105.814647947356
Schetba rufa,6415,26,671.092720392987
Schetba rufa,6417,26,16.3769253138244
Schetba rufa,6418,26,0.274443535747349
Schetba rufa,6419,26,0.548867488993049
Schetba rufa,6425,26,10.6968829958997
Schetba rufa,6426,26,2.55931186735427
Schetba rufa,6429,26,17.3451783349441
Schetba rufa,6430,26,1.37029047696173
Schetba rufa,6437,26,19.437907051445
Schetba rufa,6439,26,12.0410908559145
Schetba rufa,6443,26,0.45585832220161
Schetba rufa,6444,26,61.5307293035261
Schetba rufa,6445,26,2.5515154922781
Schetba rufa,6446,26,5.10222163080156
Schetba rufa,6447,26,27.9623496702649
Schetba rufa,6448,26,4.18998410252416
Schetba rufa,6450,26,41.3435845824178
Schetba rufa,6451,26,1.54801138759887
Schetba rufa,471,38,6.61398661988985
Schetba rufa,482,38,14.5111671973782
Schetba rufa,2768,54,43.0398890354153
Schetba rufa,2907,54,13.8841261984153
Schetba rufa,2911,54,40.3042481815683
Schetba rufa,3015,54,0.447673652347684
Schetba rufa,3137,54,88.5345907866488
Schetba rufa,3146,54,123.764666301145
Schetba rufa,3181,54,2.59390059166253
Schetba rufa,3278,54,0.98336395385921
Schetba rufa,6360,54,22.9626920597587
Schetba rufa,6400,54,49.9893787735443
Setifer setosus,17702,164,63.2344571036203
Setifer setosus,21420,551,15.479861985826
Setifer setosus,21454,556,44.4928427752445
Setifer setosus,11237,129,42.3362076362427
Setifer setosus,21524,558,14.5508957098997
Setifer setosus,3962,562,2.19464777098459
Setifer setosus,3987,562,12.8945503097101
Setifer setosus,4256,569,22.2892814174211
Setifer setosus,3812,571,16.3740665150672
Setifer setosus,169,6,0.463597745714188
Setifer setosus,212,6,43.2038186617044
Setifer setosus,341,13,0.370271373195231
Setifer setosus,342,13,0.462834125284791
Setifer setosus,345,13,43.0377824654073
Setifer setosus,356,13,1.48074673073471
Setifer setosus,357,13,1.66577102635694
Setifer setosus,360,13,0.277623898765862
Setifer setosus,361,13,0.277610584835947
Setifer setosus,378,13,1.38815019469857
Setifer setosus,4255,56,2.64969806134474
Setifer setosus,4289,56,0.274089461484194
Setifer setosus,4325,56,7.03479595916414
Setifer setosus,4326,56,4.567756926453
Setifer setosus,21669,56,0.456749789226413
Setifer setosus,294,396,43.4528749465152
Setifer setosus,97,4,0.55664420881176
Setifer setosus,101,4,0.371099061261296
Setifer setosus,104,4,0.556625695955813
Setifer setosus,117,4,0.463806772104442
Setifer setosus,124,4,0.27827526928854
Setifer setosus,126,4,0.463781360735595
Setifer setosus,136,4,0.278243954662919
Setifer setosus,149,4,0.27820176096195
Setifer setosus,152,4,0.64914825101471
Setifer setosus,159,4,130.021860527528
Setifer setosus,163,4,6.4908973798604
Setifer setosus,168,4,8.4370977335708
Setifer setosus,21693,4,56.8711675529887
Setifer setosus,21676,579,14.876475508235
Setifer setosus,21578,563,13.0307413413469
Setifer setosus,7444,99,38.2051651932399
Setifer setosus,7507,99,3.07696966736627
Setifer setosus,7515,99,0.723997986286044
Setifer setosus,7549,99,0.361958205401897
Setifer setosus,21868,99,0.452763459861636
Setifer setosus,20480,582,0.777178853789091
Setifer setosus,21741,582,0.604549703200817
Setifer setosus,21946,582,19.9515621485635
Setifer setosus,21942,583,27.2715936270507
Setifer setosus,21943,584,29.4123165165292
Setifer setosus,21944,585,29.3885406549345
Setifer setosus,21945,586,20.6592519148769
Setifer setosus,21965,587,78.5054384879867
Setifer setosus,11757,588,3.3134309653126
Setifer setosus,21934,588,17.1081231937802
Setifer setosus,22011,589,43.0398890354153
Setifer setosus,18306,351,46.5723968884147
Setifer setosus,9943,553,0.449603298739433
Setifer setosus,9944,553,0.359686745625973
Setifer setosus,10005,553,36.331879859746
Setifer setosus,21870,553,0.449634089967847
Setifer setosus,21964,553,6.47518067736232
Setifer setosus,20396,595,151.58511224908
Setifer setosus,21329,595,45.1360753508905
Setifer setosus,21821,595,9.98819568180025
Setifer setosus,17698,530,161.189708643699
Setifer setosus,21519,530,19.2725371855396
Setifer setosus,21523,530,51.207011634227
Setifer setosus,21525,530,2.02803748513663
Setifer setosus,21526,530,2.11576712074435
Setifer setosus,21574,530,26.8667837100745
Setifer setosus,21601,530,2.12150208466887
Setifer setosus,21602,530,0.265184216719389
Setifer setosus,22006,530,17.5870851484947
Setifer setosus,22012,530,1.94182639975023
Setifer setosus,22077,623,61.2124982058693
Setifer setosus,10175,108,52.2268727901955
Setifer setosus,22146,108,39.1360013945309
Setifer setosus,19744,488,0.260165493234158
Setifer setosus,19859,488,12.0483039035151
Setifer setosus,21421,488,445.611096910782
Setifer setosus,22010,488,5.23129722183871
Setifer setosus,8540,514,0.812480411258936
Setifer setosus,21799,514,38.3946948622806
Setifer setosus,22041,514,38.8224120711257
Setifer setosus,22119,514,88.7755361952912
Setifer setosus,22205,624,29.8365955454182
Setifer setosus,21735,625,64.9869920614074
Setifer setosus,9763,598,2.87876883525968
Setifer setosus,9767,598,0.899620833965421
Setifer setosus,9798,598,0.269868277515173
Setifer setosus,22059,598,45.3586244343983
Setifer setosus,22060,598,33.0953660842072
Setifer setosus,22200,628,52.0931107730117
Setifer setosus,22158,629,31.1097970257607
Setifer setosus,22159,629,29.6010280215059
Setifer setosus,14458,505,137.443018218653
Setifer setosus,20754,617,48.282664278709
Setifer setosus,22023,618,113.437646918732
Setifer setosus,4513,52,64.7813755391271
Setifer setosus,21661,52,1.73570699889708
Setifer setosus,11639,340,57.9536162531174
Setifer setosus,21436,340,21.5096479841157
Setifer setosus,21505,340,3.75955498127008
Setifer setosus,22183,340,27.5139015001006
Setifer setosus,921,392,128.592142873589
Setifer setosus,22211,392,0.3690976892097
Setifer setosus,22235,392,21.3177359530671
Setifer setosus,22236,392,85.7023597338527
Setifer setosus,22237,392,293.443629027022
Setifer setosus,22238,392,16.2380797407103
Setifer setosus,22239,392,0.645659265649438
Setifer setosus,22240,392,29.7890733494529
Setifer setosus,2101,631,0.643524707942724
Setifer setosus,2151,631,0.459616383672059
Setifer setosus,2169,631,0.643432019172192
Setifer setosus,2174,631,0.275752651619673
Setifer setosus,2193,631,0.367655302864194
Setifer setosus,2206,631,1.56243208603442
Setifer setosus,2207,631,0.275729722221732
Setifer setosus,2224,631,0.275717098941624
Setifer setosus,2232,631,0.275709061498523
Setifer setosus,2236,631,0.459508593737543
Setifer setosus,2241,631,0.45949710468936
Setifer setosus,2242,631,1.1946710927344
Setifer setosus,2252,631,53.6769175645747
Setifer setosus,2254,631,3.21620605602419
Setifer setosus,2255,631,0.551364106284499
Setifer setosus,2262,631,1.10266377710527
Setifer setosus,2270,631,0.367564567481756
Setifer setosus,2278,631,0.551319225258708
Setifer setosus,2288,631,1.10259928914046
Setifer setosus,2292,631,2.02137478975803
Setifer setosus,2293,631,0.826945434479237
Setifer setosus,2299,631,0.643170052255213
Setifer setosus,2308,631,1.65382056523675
Setifer setosus,2325,631,0.826825480994821
Setifer setosus,2345,631,0.459349671094894
Setifer setosus,2366,631,0.367459639964223
Setifer setosus,2381,631,0.275586929093957
Setifer setosus,2385,631,1.46972063059181
Setifer setosus,2386,631,0.275577679304183
Setifer setosus,2465,631,0.367363554798603
Setifer setosus,2486,631,58.6780858784226
Setifer setosus,2545,631,432.432672722725
Setifer setosus,2576,631,0.275443051051259
Setifer setosus,6073,631,5770.98429934675
Setifer setosus,22220,631,1363.63995657705
Setifer setosus,22241,631,1.19820541345048
Setifer setosus,22250,631,0.733449546446324
Setifer setosus,22251,631,28.7773817194842
Setifer setosus,22252,631,859.949368190404
Setifer setosus,22254,631,0.274443535747349
Setifer setosus,22255,631,0.548867488993049
Setifer setosus,22261,631,10.6968829958997
Setifer setosus,22262,631,2.55931186735427
Setifer setosus,22265,631,1.37029047696173
Setifer setosus,22266,631,107.010702178571
Setifer setosus,22267,631,639.159561686217
Setifer setosus,22268,631,19.437907051445
Setifer setosus,22273,631,0.45585832220161
Setifer setosus,22274,631,61.5307293035261
Setifer setosus,22275,631,2.5515154922781
Setifer setosus,22276,631,5.10222163080156
Setifer setosus,22277,631,27.9623496702649
Setifer setosus,22293,631,1.00823772702169
Setifer setosus,22295,631,0.274976311198533
Setifer setosus,22243,632,14.1752324262425
Setifer setosus,22244,632,6.16665918636328
Setifer setosus,22245,633,56.9979385032006
Setifer setosus,22270,634,12.0410908559145
Setifer setosus,22280,635,41.3435845824178
Setifer setosus,12113,555,89.7882265230072
Setifer setosus,13269,555,449.033259297131
Setifer setosus,21530,560,42.4890235274736
Setifer setosus,4748,570,0.365034251434088
Setifer setosus,4775,570,297.429462978741
Setifer setosus,4791,570,0.547426328327894
Setifer setosus,4795,570,0.364942030489683
Setifer setosus,4799,570,0.456175956650972
Setifer setosus,21771,570,65.4491474751962
Setifer setosus,22025,570,36.1603726523629
Setifer setosus,22206,570,100.812835919068
Setifer setosus,22286,570,13.1419768964566
Setifer setosus,22287,570,0.273783886071086
Setifer setosus,21835,593,16.8362046284112
Setifer setosus,21836,593,11.4830635166789
Setifer setosus,22191,593,5.43494208523166
Setifer setosus,15554,610,0.62064821295929
Setifer setosus,15568,610,0.265972006814122
Setifer setosus,15586,610,0.709200345668078
Setifer setosus,22079,610,138.846313450127
Setifer setosus,22145,610,9.04229392746901
Setifer setosus,22234,610,68.6631767822923
Setifer setosus,22026,630,506.523692399314
Setifer setosus,22230,630,73.9629580870592
Setifer setosus,22289,630,1.55032464307571
Setifer setosus,22297,630,29.4125688188837
Tenrec ecaudatus,23062,370,15.479861985826
Tenrec ecaudatus,23095,380,44.4928427752445
Tenrec ecaudatus,22762,312,19.3775430370849
Tenrec ecaudatus,22763,313,76.4803060961314
Tenrec ecaudatus,22618,383,42.3362076362427
Tenrec ecaudatus,20678,45,112.468627701651
Tenrec ecaudatus,4366,392,19.2038282113973
Tenrec ecaudatus,22248,392,16.3740665150672
Tenrec ecaudatus,201,155,0.463597745714188
Tenrec ecaudatus,248,155,43.2038186617044
Tenrec ecaudatus,389,206,0.370271373195231
Tenrec ecaudatus,390,206,0.462834125284791
Tenrec ecaudatus,393,206,43.0377824654073
Tenrec ecaudatus,418,206,1.48074673073471
Tenrec ecaudatus,421,206,1.66577102635694
Tenrec ecaudatus,469,206,1.38815019469857
Tenrec ecaudatus,337,325,43.4528749465152
Tenrec ecaudatus,130,122,0.55664420881176
Tenrec ecaudatus,135,122,0.371099061261296
Tenrec ecaudatus,138,122,0.556625695955813
Tenrec ecaudatus,148,122,0.463806772104442
Tenrec ecaudatus,157,122,0.463781360735595
Tenrec ecaudatus,187,122,130.021860527528
Tenrec ecaudatus,193,122,6.49089737985945
Tenrec ecaudatus,209,122,8.4370977335708
Tenrec ecaudatus,22502,122,0.64914825101459
Tenrec ecaudatus,23330,122,56.8711675529887
Tenrec ecaudatus,23197,387,13.3829553466861
Tenrec ecaudatus,23199,387,6.06907414019537
Tenrec ecaudatus,23484,387,2.02272765648687
Tenrec ecaudatus,9784,125,38.2051651932399
Tenrec ecaudatus,9818,125,3.07696966736627
Tenrec ecaudatus,9828,125,0.723997986286044
Tenrec ecaudatus,9866,125,0.361958205401897
Tenrec ecaudatus,23510,125,0.452763459861636
Tenrec ecaudatus,21943,403,0.777178853789091
Tenrec ecaudatus,23374,403,0.604549703200817
Tenrec ecaudatus,23591,403,19.9515621485635
Tenrec ecaudatus,23587,404,27.2715936270507
Tenrec ecaudatus,23588,405,29.4123165165292
Tenrec ecaudatus,23589,406,29.3885406549345
Tenrec ecaudatus,23590,407,20.6592519148769
Tenrec ecaudatus,23611,411,78.5054384879867
Tenrec ecaudatus,12576,373,0.449603298739433
Tenrec ecaudatus,12577,373,0.359686745625973
Tenrec ecaudatus,12683,373,36.331879859746
Tenrec ecaudatus,23512,373,0.449634089967847
Tenrec ecaudatus,23610,373,6.47518067736232
Tenrec ecaudatus,23659,412,43.0398890354153
Tenrec ecaudatus,23139,390,46.5723968884147
Tenrec ecaudatus,20213,35,76.4973862589936
Tenrec ecaudatus,23133,35,19.4493472260612
Tenrec ecaudatus,23136,35,7.50890607225883
Tenrec ecaudatus,23191,35,26.8667837100745
Tenrec ecaudatus,23192,35,0.795282153396249
Tenrec ecaudatus,23195,35,18.6823267181581
Tenrec ecaudatus,23226,35,2.12150208466887
Tenrec ecaudatus,23479,35,9.25706128804803
Tenrec ecaudatus,23482,35,4.31856011909986
Tenrec ecaudatus,23649,35,16.438410019937
Tenrec ecaudatus,23650,35,2.03225787389851
Tenrec ecaudatus,23724,436,61.2124982058693
Tenrec ecaudatus,23368,437,64.9869920614074
Tenrec ecaudatus,10950,334,0.812480411258936
Tenrec ecaudatus,23442,334,38.3946948622806
Tenrec ecaudatus,23688,334,38.8224120711257
Tenrec ecaudatus,23763,334,88.7755361952912
Tenrec ecaudatus,23823,439,52.0931107730117
Tenrec ecaudatus,23828,440,29.8365955454182
Tenrec ecaudatus,21042,340,153.697738467596
Tenrec ecaudatus,21318,340,1.82724169255567
Tenrec ecaudatus,21528,340,0.34735036917913
Tenrec ecaudatus,21708,340,229.276895727163
Tenrec ecaudatus,22457,340,12.0483039035159
Tenrec ecaudatus,23652,340,5.23129722183871
Tenrec ecaudatus,13996,345,52.2268727901955
Tenrec ecaudatus,23782,345,39.1360013945309
Tenrec ecaudatus,12371,416,0.899620833965421
Tenrec ecaudatus,22407,416,2.87876883525717
Tenrec ecaudatus,23706,416,45.3586244343983
Tenrec ecaudatus,23707,416,33.0953660842072
Tenrec ecaudatus,23789,442,31.1097970257607
Tenrec ecaudatus,23790,442,29.6010280215059
Tenrec ecaudatus,4584,393,5.85033975470352
Tenrec ecaudatus,4597,393,24.6792146248873
Tenrec ecaudatus,4632,393,1.0054375043211
Tenrec ecaudatus,4636,393,2.83342021114933
Tenrec ecaudatus,4664,393,1.00536820483017
Tenrec ecaudatus,4665,393,2.37624750380063
Tenrec ecaudatus,4725,393,7.67678403816092
Tenrec ecaudatus,4748,393,8.86332816260099
Tenrec ecaudatus,22555,393,4.567756926453
Tenrec ecaudatus,23317,393,1.55373825480127
Tenrec ecaudatus,23377,393,10.0499887125863
Tenrec ecaudatus,22785,401,137.443018218653
Tenrec ecaudatus,22061,429,48.282664278709
Tenrec ecaudatus,23668,430,113.437646918732
Tenrec ecaudatus,22553,443,22.3806283842244
Tenrec ecaudatus,22923,443,37.6497033879563
Tenrec ecaudatus,1024,211,128.592142873589
Tenrec ecaudatus,23834,211,0.3690976892097
Tenrec ecaudatus,23864,211,21.3177359530671
Tenrec ecaudatus,23865,211,85.7023597338527
Tenrec ecaudatus,23866,211,293.443629027022
Tenrec ecaudatus,23867,211,16.2380797407103
Tenrec ecaudatus,23868,211,0.645659265649438
Tenrec ecaudatus,23869,211,29.7890733494529
Tenrec ecaudatus,2129,445,0.459616383672059
Tenrec ecaudatus,2154,445,0.643432019172192
Tenrec ecaudatus,2176,445,0.367655302864194
Tenrec ecaudatus,2195,445,1.56243208603442
Tenrec ecaudatus,2227,445,0.459508593737841
Tenrec ecaudatus,2233,445,0.45949710468936
Tenrec ecaudatus,2234,445,1.1946710927344
Tenrec ecaudatus,2248,445,3.21620605602294
Tenrec ecaudatus,2249,445,0.551364106284499
Tenrec ecaudatus,2256,445,1.10266377710527
Tenrec ecaudatus,2263,445,0.367564567481756
Tenrec ecaudatus,2268,445,0.551319225258708
Tenrec ecaudatus,2279,445,1.10259928914046
Tenrec ecaudatus,2284,445,2.02137478975803
Tenrec ecaudatus,2285,445,0.826945434479237
Tenrec ecaudatus,2291,445,0.643170052255213
Tenrec ecaudatus,2300,445,1.65382056523675
Tenrec ecaudatus,2320,445,0.826825480994821
Tenrec ecaudatus,2339,445,0.459349671094894
Tenrec ecaudatus,2361,445,0.367459639964223
Tenrec ecaudatus,2379,445,1.46972063059181
Tenrec ecaudatus,2469,445,0.367363554798603
Tenrec ecaudatus,2488,445,58.6780858784226
Tenrec ecaudatus,2566,445,432.524525778189
Tenrec ecaudatus,8194,445,5774.75159988603
Tenrec ecaudatus,22737,445,53.6769175645747
Tenrec ecaudatus,22738,445,0.643524707942724
Tenrec ecaudatus,23424,445,2.20879511307001
Tenrec ecaudatus,23672,445,1.10433682509226
Tenrec ecaudatus,23673,445,506.523692399314
Tenrec ecaudatus,23843,445,1364.28172076837
Tenrec ecaudatus,23853,445,73.9629580870592
Tenrec ecaudatus,23870,445,1.19820541345048
Tenrec ecaudatus,23872,445,14.1752324262425
Tenrec ecaudatus,23873,445,6.16665918636328
Tenrec ecaudatus,23879,445,0.733449546446324
Tenrec ecaudatus,23880,445,28.7773817194842
Tenrec ecaudatus,23881,445,861.047150624134
Tenrec ecaudatus,23884,445,0.548867488993049
Tenrec ecaudatus,23890,445,10.6968829958997
Tenrec ecaudatus,23891,445,2.55931186735427
Tenrec ecaudatus,23894,445,1.37029047696173
Tenrec ecaudatus,23895,445,107.101985298331
Tenrec ecaudatus,23896,445,639.159561686217
Tenrec ecaudatus,23897,445,19.437907051445
Tenrec ecaudatus,23899,445,12.0410908559145
Tenrec ecaudatus,23902,445,0.45585832220161
Tenrec ecaudatus,23903,445,61.5307293035261
Tenrec ecaudatus,23904,445,2.5515154922781
Tenrec ecaudatus,23905,445,5.10222163080156
Tenrec ecaudatus,23906,445,27.9623496702649
Tenrec ecaudatus,23907,445,4.18998410252416
Tenrec ecaudatus,23909,445,41.4346548026909
Tenrec ecaudatus,23910,445,1.54801138759887
Tenrec ecaudatus,23912,445,1.55032464307571
Tenrec ecaudatus,23916,445,1.00823772702169
Tenrec ecaudatus,23920,445,29.5036222200694
Tenrec ecaudatus,23417,446,86.9343049463478
Tenrec ecaudatus,23874,447,56.9979385032006
Tenrec ecaudatus,5178,253,64.7813755391271
Tenrec ecaudatus,23315,253,1.73570699889708
Tenrec ecaudatus,14410,379,57.9536162531174
Tenrec ecaudatus,23077,379,21.5096479841157
Tenrec ecaudatus,23160,379,3.75955498127008
Tenrec ecaudatus,23808,379,27.5139015001006
Tenrec ecaudatus,23138,386,42.4890235274736
Tenrec ecaudatus,5644,396,2.0072273404777
Tenrec ecaudatus,5664,396,0.364942030489326
Tenrec ecaudatus,7103,396,341.78231787148
Tenrec ecaudatus,23448,396,0.456175956650376
Tenrec ecaudatus,23660,396,36.7996040886711
Tenrec ecaudatus,23829,396,100.812835919068
Tenrec ecaudatus,23858,396,65.8141993703688
Tenrec ecaudatus,23477,413,16.8362046284112
Tenrec ecaudatus,23478,413,8.41512718056822
Tenrec ecaudatus,23726,432,138.846313450127
Tenrec ecaudatus,23857,432,68.6631767822923
Tenrec ecaudatus,14545,444,3.3134309653126
Tenrec ecaudatus,15271,444,89.7882265229853
Tenrec ecaudatus,16027,444,468.355482097602
Tenrec ecaudatus,23579,444,17.1081231937802
Treron australis,5580,5,68.4073900828574
Treron australis,65,1,130.021860527528
Treron australis,66,1,6.4908973798604
Treron australis,68,1,8.4370977335708
Treron australis,86,1,43.2038186617044
Treron australis,123,1,43.4528749465152
Treron australis,142,1,43.0377824654073
Treron australis,148,1,1.48074673073471
Treron australis,149,1,1.66577102635694
Treron australis,160,1,1.38815019469857
Treron australis,7306,1,56.8711675529887
Treron australis,7344,13,64.9869920614074
Treron australis,7005,15,44.4928427752445
Treron australis,7517,15,27.2715936270507
Treron australis,7518,15,29.4123165165292
Treron australis,7519,15,29.3885406549345
Treron australis,7520,15,20.6592519148769
Treron australis,7521,15,19.9515621485635
Treron australis,7539,17,78.5054384879867
Treron australis,3311,24,45.3586244343983
Treron australis,3322,24,2.87876883525968
Treron australis,7582,24,33.0953660842072
Treron australis,7653,25,59.6265020383747
Treron australis,7668,24,52.0931107730117
Treron australis,7728,25,29.8365955454182
Treron australis,4455,18,137.443018218653
Treron australis,7690,20,31.1097970257607
Treron australis,7691,20,29.6010280215059
Treron australis,3363,9,36.331879859746
Treron australis,3412,9,52.2268727901955
Treron australis,3611,9,42.3362076362427
Treron australis,3708,9,57.9536162531174
Treron australis,3729,9,3.3134309653126
Treron australis,3910,9,89.7882265229853
Treron australis,4022,9,468.355482097602
Treron australis,6981,9,21.5096479841157
Treron australis,7081,9,3.75955498127008
Treron australis,7514,9,17.1081231937802
Treron australis,7538,9,6.47518067736232
Treron australis,7578,9,43.0398890354153
Treron australis,7670,9,39.1360013945309
Treron australis,7716,9,27.5139015001006
Treron australis,1695,11,64.7813755391271
Treron australis,7266,11,1.73570699889708
Treron australis,1392,12,16.3740665150672
Treron australis,1472,12,19.2038282113973
Treron australis,1566,12,1.18809712456632
Treron australis,1567,12,9.23022386336541
Treron australis,1579,12,4.38649564416385
Treron australis,1585,12,8.86332816260146
Treron australis,1632,12,9.5018882179122
Treron australis,1635,12,4.567756926453
Treron australis,1651,12,9.04258868397665
Treron australis,1818,12,231.420897304772
Treron australis,1851,12,2.00722734047782
Treron australis,7380,12,59.2635538920963
Treron australis,7579,12,36.1603726523629
Treron australis,7753,12,65.6316608163534
Treron australis,364,14,128.592142873589
Treron australis,789,14,1.56243208603442
Treron australis,806,14,1.1946710927344
Treron australis,814,14,53.6769175645747
Treron australis,816,14,3.21620605602419
Treron australis,819,14,1.10266377710527
Treron australis,830,14,1.10259928914046
Treron australis,832,14,2.02137478975803
Treron australis,835,14,1.65382056523675
Treron australis,866,14,1.46972063059181
Treron australis,889,14,58.6780858784187
Treron australis,910,14,432.432672722725
Treron australis,1989,14,1.73194615611374
Treron australis,1996,14,360.982130134216
Treron australis,2000,14,3.09900984286463
Treron australis,2053,14,86.1142209474365
Treron australis,2065,14,73.9629580870592
Treron australis,2145,14,29.4125688188833
Treron australis,2270,14,4742.19851850534
Treron australis,7738,14,1363.63995657705
Treron australis,7759,14,1.55032464307571
Treron australis,7760,14,21.3177359530671
Treron australis,7761,14,85.7023597338527
Treron australis,7762,14,293.443629027022
Treron australis,7763,14,16.2380797407103
Treron australis,7765,14,29.7890733494529
Treron australis,7766,14,1.19820541345048
Treron australis,7768,14,14.1752324262425
Treron australis,7769,14,6.16665918636328
Treron australis,7770,14,56.9979385032006
Treron australis,7776,14,89.927555244212
Treron australis,7777,14,28.7773817194842
Treron australis,7778,14,653.400420772251
Treron australis,7779,14,859.949368190404
Treron australis,7788,14,10.6968829958997
Treron australis,7789,14,2.55931186735427
Treron australis,7792,14,1.37029047696173
Treron australis,7793,14,107.010702178571
Treron australis,7794,14,579.309683512334
Treron australis,7795,14,19.437907051445
Treron australis,7797,14,12.0410908559145
Treron australis,7801,14,61.5307293035261
Treron australis,7802,14,2.5515154922781
Treron australis,7803,14,5.10222163080156
Treron australis,7804,14,27.9623496702649
Treron australis,7805,14,4.18998410252416
Treron australis,7807,14,41.3435845824178
Treron australis,7808,14,1.54801138759887
Treron australis,7813,14,1.00823772702169
Treron australis,5044,16,13.1672804516124
Treron australis,5575,16,433.810619797173
Treron australis,5648,16,7.62251941031325
Treron australis,5959,16,46.5723968884147
Treron australis,6292,16,7.36721759575951
Treron australis,6307,16,12.0483039035151
Treron australis,6474,16,151.58511224908
Treron australis,6842,16,17.8876522784661
Treron australis,6892,16,45.1360753508905
Treron australis,6964,16,445.611096910782
Treron australis,7060,16,43.5541700668897
Treron australis,7061,16,2.02803748513663
Treron australis,7062,16,2.11576712074435
Treron australis,7066,16,42.4890235274736
Treron australis,7151,16,13.0307413413469
Treron australis,7152,16,3.87195306908155
Treron australis,7153,16,6.06907414019537
Treron australis,7154,16,112.468627701651
Treron australis,7281,16,14.876475508235
Treron australis,7396,16,36.3826787541578
Treron australis,7401,16,9.98819568180025
Treron australis,7408,16,16.8362046284112
Treron australis,7409,16,11.4830635166789
Treron australis,7418,16,9.25706128804803
Treron australis,7421,16,4.31856011909986
Treron australis,7423,16,2.02272765648687
Treron australis,7566,16,17.5870851484947
Treron australis,7567,16,2.03225787389851
Treron australis,7568,16,1.94182639975023
Treron australis,7577,16,5.23129722183871
Treron australis,7723,16,5.43494208523166
Treron australis,7617,22,73.4351889969512
Treron australis,7655,22,63.1928620869468
Treron australis,7663,22,9.04229392746901
Treron australis,7752,22,68.6631767822923
Turnix nigricollis,7081,16,68.4073900828574
Turnix nigricollis,77,1,130.021860527528
Turnix nigricollis,81,1,6.49089737985945
Turnix nigricollis,89,1,8.4370977335708
Turnix nigricollis,150,1,43.4528749465152
Turnix nigricollis,9931,1,56.8711675529887
Turnix nigricollis,9970,29,64.9869920614074
Turnix nigricollis,8212,33,29.4123165165292
Turnix nigricollis,9590,33,44.4928427752445
Turnix nigricollis,10174,33,27.2715936270507
Turnix nigricollis,10175,33,29.3885406549345
Turnix nigricollis,10176,33,20.6592519148769
Turnix nigricollis,10177,33,19.9515621485635
Turnix nigricollis,10199,37,78.5054384879867
Turnix nigricollis,8691,38,435.931164999176
Turnix nigricollis,8693,38,13.1672804516135
Turnix nigricollis,9675,38,43.5541700668897
Turnix nigricollis,9676,38,2.02803748513663
Turnix nigricollis,9677,38,2.11576712074435
Turnix nigricollis,9794,38,13.3829553466861
Turnix nigricollis,9795,38,3.87195306908155
Turnix nigricollis,9796,38,6.06907414019537
Turnix nigricollis,10082,38,9.25706128804803
Turnix nigricollis,10085,38,4.31856011909986
Turnix nigricollis,10087,38,2.02272765648687
Turnix nigricollis,10245,38,17.5870851484947
Turnix nigricollis,10246,38,2.03225787389851
Turnix nigricollis,10247,38,1.94182639975023
Turnix nigricollis,8138,32,151.58511224908
Turnix nigricollis,8714,32,12.0483039035159
Turnix nigricollis,8715,32,7.36721759575951
Turnix nigricollis,9377,32,17.8876522784661
Turnix nigricollis,9469,32,45.1360753508905
Turnix nigricollis,9551,32,448.998273922438
Turnix nigricollis,9904,32,14.876475508235
Turnix nigricollis,10067,32,9.98819568180025
Turnix nigricollis,10256,32,5.23129722183871
Turnix nigricollis,4478,34,52.2268727901955
Turnix nigricollis,10393,34,39.1360013945309
Turnix nigricollis,8620,45,2.87876883525717
Turnix nigricollis,10307,45,45.3586244343983
Turnix nigricollis,10308,45,33.0953660842072
Turnix nigricollis,10438,45,52.0931107730117
Turnix nigricollis,9087,46,19.3775430370849
Turnix nigricollis,9088,46,76.4803060961314
Turnix nigricollis,9094,46,4.52461721291769
Turnix nigricollis,10039,47,38.3946948622806
Turnix nigricollis,10289,47,38.8224120711257
Turnix nigricollis,10325,47,61.2124982058693
Turnix nigricollis,10366,47,88.7755361952912
Turnix nigricollis,10443,47,29.8365955454182
Turnix nigricollis,9110,24,137.443018218653
Turnix nigricollis,10400,40,31.1097970257607
Turnix nigricollis,10401,40,29.6010280215059
Turnix nigricollis,10264,41,113.437646918732
Turnix nigricollis,7241,23,7.62251941031325
Turnix nigricollis,9210,23,46.5723968884147
Turnix nigricollis,9680,23,42.4890235274736
Turnix nigricollis,9802,23,112.468627701651
Turnix nigricollis,10070,23,36.3826787541578
Turnix nigricollis,10080,23,16.8362046284112
Turnix nigricollis,10081,23,11.4830635166789
Turnix nigricollis,10430,23,5.43494208523166
Turnix nigricollis,1865,25,64.7813755391271
Turnix nigricollis,9897,25,1.73570699889708
Turnix nigricollis,1599,27,19.2038282113973
Turnix nigricollis,1672,27,5.85033975470352
Turnix nigricollis,1676,27,24.6792146248873
Turnix nigricollis,1692,27,2.83342021114933
Turnix nigricollis,1700,27,2.37624750380063
Turnix nigricollis,1721,27,7.67678403816092
Turnix nigricollis,1731,27,8.86332816260099
Turnix nigricollis,2009,27,2.0072273404777
Turnix nigricollis,2217,27,341.78231787148
Turnix nigricollis,8492,27,16.3740665150672
Turnix nigricollis,8868,27,22.3806283842244
Turnix nigricollis,8870,27,4.567756926453
Turnix nigricollis,9389,27,37.6497033879563
Turnix nigricollis,9899,27,1.55373825480127
Turnix nigricollis,9979,27,10.0499887125863
Turnix nigricollis,10259,27,36.7996040886711
Turnix nigricollis,10458,27,100.812835919068
Turnix nigricollis,10494,27,65.8141993703688
Turnix nigricollis,407,28,128.592142873589
Turnix nigricollis,818,28,1.56243208603442
Turnix nigricollis,832,28,1.1946710927344
Turnix nigricollis,840,28,3.21620605602294
Turnix nigricollis,841,28,1.10266377710527
Turnix nigricollis,852,28,1.10259928914046
Turnix nigricollis,854,28,2.02137478975803
Turnix nigricollis,856,28,1.65382056523675
Turnix nigricollis,892,28,1.46972063059181
Turnix nigricollis,922,28,58.6780858784226
Turnix nigricollis,953,28,432.524525778189
Turnix nigricollis,983,28,179.394098437064
Turnix nigricollis,1081,28,22.8472887600286
Turnix nigricollis,1116,28,1.19240941025871
Turnix nigricollis,1233,28,199.669125108099
Turnix nigricollis,1367,28,74.7536491011015
Turnix nigricollis,1409,28,24.808850928902
Turnix nigricollis,1440,28,6.95533674837219
Turnix nigricollis,1475,28,2525.06646045129
Turnix nigricollis,2791,28,506.523692399314
Turnix nigricollis,9058,28,53.6769175645747
Turnix nigricollis,9400,28,371.325705061048
Turnix nigricollis,10000,28,86.9343049463478
Turnix nigricollis,10005,28,2.57736175300068
Turnix nigricollis,10007,28,2.20879511307001
Turnix nigricollis,10195,28,239.346135864174
Turnix nigricollis,10276,28,1.10433682509226
Turnix nigricollis,10444,28,1.37619193792719
Turnix nigricollis,10461,28,73.9629580870592
Turnix nigricollis,10466,28,59.3564680753992
Turnix nigricollis,10473,28,3.66664914564753
Turnix nigricollis,10478,28,7.78358778927267
Turnix nigricollis,10479,28,21.3177359530671
Turnix nigricollis,10480,28,85.7023597338527
Turnix nigricollis,10481,28,293.443629027022
Turnix nigricollis,10482,28,16.2380797407103
Turnix nigricollis,10484,28,29.7890733494529
Turnix nigricollis,10485,28,1.19820541345048
Turnix nigricollis,10487,28,14.1752324262425
Turnix nigricollis,10488,28,6.16665918636328
Turnix nigricollis,10489,28,56.9979385032006
Turnix nigricollis,10490,28,5.05205920064193
Turnix nigricollis,10491,28,3.94530448271018
Turnix nigricollis,10492,28,180.242769358753
Turnix nigricollis,10493,28,489.455839637206
Turnix nigricollis,10500,28,1.55032464307571
Turnix nigricollis,10508,28,10.6968829958997
Turnix nigricollis,10510,28,29.5036222200694
Turnix nigricollis,4615,36,57.9536162531174
Turnix nigricollis,4656,36,3.3134309653126
Turnix nigricollis,4997,36,89.7882265229853
Turnix nigricollis,5223,36,468.355482097602
Turnix nigricollis,8925,36,42.3362076362427
Turnix nigricollis,9569,36,21.5096479841157
Turnix nigricollis,9712,36,3.75955498127008
Turnix nigricollis,10181,36,17.1081231937802
Turnix nigricollis,10257,36,43.0398890354153
Turnix nigricollis,10423,36,27.5139015001006
Turnix nigricollis,10327,43,138.846313450127
Turnix nigricollis,10392,43,9.04229392746901
Turnix nigricollis,10469,43,68.6631767822923
Tylas eduardi,1,1,56.8711675529887
Tylas eduardi,6594,24,29.4123165165292
Tylas eduardi,6609,24,27.2715936270507
Tylas eduardi,6611,24,29.3885406549345
Tylas eduardi,6612,24,20.6592519148769
Tylas eduardi,1516,16,0.812480411258936
Tylas eduardi,6646,16,34.3971482793418
Tylas eduardi,6674,16,61.2124982058693
Tylas eduardi,6716,16,88.7755361952912
Tylas eduardi,6760,16,29.8365955454182
Tylas eduardi,1993,33,2.87876883525968
Tylas eduardi,1995,33,0.899620833965421
Tylas eduardi,6656,33,45.3586244343983
Tylas eduardi,6657,33,33.0953660842072
Tylas eduardi,6755,34,52.0931107730117
Tylas eduardi,6634,28,113.437646918732
Tylas eduardi,6495,30,48.282664278709
Tylas eduardi,6748,31,31.1097970257607
Tylas eduardi,6749,31,29.6010280215059
Tylas eduardi,7,2,108.658357874578
Tylas eduardi,38,2,0.6456592656492
Tylas eduardi,109,2,0.644736027104974
Tylas eduardi,112,2,3.68393426545006
Tylas eduardi,117,2,143.605007530349
Tylas eduardi,128,2,1.19697195979726
Tylas eduardi,179,2,0.4598808172791
Tylas eduardi,216,2,0.643524707940877
Tylas eduardi,217,2,2.11438066261417
Tylas eduardi,223,2,0.459616383672059
Tylas eduardi,228,2,0.643432019172192
Tylas eduardi,235,2,0.367655302864194
Tylas eduardi,237,2,1.56243208603442
Tylas eduardi,238,2,0.459508593737543
Tylas eduardi,239,2,0.45949710468936
Tylas eduardi,240,2,1.1946710927344
Tylas eduardi,242,2,1.47030313296086
Tylas eduardi,282,2,26.2648020061304
Tylas eduardi,292,2,333.023805038575
Tylas eduardi,954,2,5541.96448650924
Tylas eduardi,6627,2,31.4878831114368
Tylas eduardi,6635,2,443.456643051625
Tylas eduardi,6764,2,0.3690976892097
Tylas eduardi,6771,2,1363.63995657705
Tylas eduardi,6779,2,73.9629580870592
Tylas eduardi,6784,2,19.1031559591866
Tylas eduardi,6785,2,21.3177359530671
Tylas eduardi,6786,2,85.7023597338527
Tylas eduardi,6787,2,293.443629027022
Tylas eduardi,6788,2,16.2380797407103
Tylas eduardi,6789,2,29.7890733494529
Tylas eduardi,6790,2,1.19820541345048
Tylas eduardi,6792,2,14.1752324262425
Tylas eduardi,6793,2,6.16665918636328
Tylas eduardi,6794,2,56.9979385032006
Tylas eduardi,6799,2,0.733449546446324
Tylas eduardi,6800,2,28.7773817194842
Tylas eduardi,6801,2,859.949368190404
Tylas eduardi,6804,2,0.548867488993049
Tylas eduardi,6810,2,10.6968829958997
Tylas eduardi,6811,2,2.55931186735427
Tylas eduardi,6814,2,1.37029047696173
Tylas eduardi,6815,2,107.010702178571
Tylas eduardi,6816,2,639.159561686217
Tylas eduardi,6817,2,19.437907051445
Tylas eduardi,6819,2,12.0410908559145
Tylas eduardi,6822,2,0.45585832220161
Tylas eduardi,6823,2,61.5307293035261
Tylas eduardi,6824,2,2.5515154922781
Tylas eduardi,6825,2,5.10222163080156
Tylas eduardi,6826,2,27.9623496702649
Tylas eduardi,6827,2,4.18998410252416
Tylas eduardi,6829,2,41.3435845824178
Tylas eduardi,6830,2,1.54801138759887
Tylas eduardi,6831,2,1.55032464307571
Tylas eduardi,6835,2,1.00823772702169
Tylas eduardi,6839,2,29.4125688188837
Tylas eduardi,4808,27,0.620648212959528
Tylas eduardi,4826,27,0.709200345668078
Tylas eduardi,6676,27,138.846313450127
Tylas eduardi,6742,27,9.04229392746901
Tylas eduardi,6783,27,68.6631767822923
Upupa marginata,9797,27,68.4073900828574
Upupa marginata,242,45,43.0377824654073
Upupa marginata,259,45,1.48074673073471
Upupa marginata,260,45,1.66577102635694
Upupa marginata,279,45,1.38815019469857
Upupa marginata,146,49,43.2038186617044
Upupa marginata,110,1,130.021860527528
Upupa marginata,114,1,6.49089737985945
Upupa marginata,125,1,8.4370977335708
Upupa marginata,155,1,43.2675847418705
Upupa marginata,12878,1,56.8711675529887
Upupa marginata,12916,47,64.9869920614074
Upupa marginata,4487,20,38.0240908844043
Upupa marginata,4501,20,3.07696966736627
Upupa marginata,4505,20,0.723997986286044
Upupa marginata,12540,23,44.4928427752445
Upupa marginata,5614,22,36.331879859746
Upupa marginata,13110,22,6.47518067736232
Upupa marginata,13111,57,78.5054384879867
Upupa marginata,12059,16,19.3775430370849
Upupa marginata,12060,16,76.4803060961314
Upupa marginata,12066,16,4.52461721291769
Upupa marginata,5506,29,0.899620833965421
Upupa marginata,11579,29,2.87876883525717
Upupa marginata,13155,29,45.3586244343983
Upupa marginata,13179,29,33.0953660842072
Upupa marginata,13193,29,52.0931107730117
Upupa marginata,10418,53,1.30912096210873
Upupa marginata,10445,53,1.04702337229478
Upupa marginata,10452,53,0.697930843771815
Upupa marginata,10487,53,2.17984381179476
Upupa marginata,10538,53,1.56809616759455
Upupa marginata,10543,53,119.036768174453
Upupa marginata,11175,53,151.58511224908
Upupa marginata,11656,53,1.47393099119222
Upupa marginata,11657,53,11.0948326900711
Upupa marginata,11663,53,0.866604338243127
Upupa marginata,12327,53,1.13414415884197
Upupa marginata,12328,53,259.430068271501
Upupa marginata,12417,53,45.1360753508905
Upupa marginata,12506,53,1.04307801828969
Upupa marginata,12857,53,14.876475508235
Upupa marginata,13000,53,9.98819568180025
Upupa marginata,6175,55,52.2268727901955
Upupa marginata,13195,55,39.1360013945309
Upupa marginata,12101,33,137.443018218653
Upupa marginata,7680,60,63.0930746866972
Upupa marginata,3138,28,363.16930261761
Upupa marginata,13272,28,1.55032464307571
Upupa marginata,2405,40,64.7813755391271
Upupa marginata,12845,40,1.73570699889708
Upupa marginata,2061,44,19.2038282113973
Upupa marginata,2142,44,5.85033975470352
Upupa marginata,2147,44,24.6792146248873
Upupa marginata,2169,44,1.0054375043211
Upupa marginata,2171,44,2.83342021114933
Upupa marginata,2182,44,1.00536820483017
Upupa marginata,2183,44,2.37624750380063
Upupa marginata,2213,44,7.67678403816092
Upupa marginata,2224,44,8.86332816260099
Upupa marginata,2610,44,2.0072273404777
Upupa marginata,3017,44,341.78231787148
Upupa marginata,11461,44,16.3740665150672
Upupa marginata,11852,44,22.3806283842244
Upupa marginata,11854,44,4.567756926453
Upupa marginata,12350,44,37.6497033879563
Upupa marginata,12853,44,1.55373825480127
Upupa marginata,12923,44,10.0499887125863
Upupa marginata,13153,44,36.7996040886711
Upupa marginata,13255,44,100.812835919068
Upupa marginata,13266,44,65.8141993703688
Upupa marginata,586,46,128.592142873589
Upupa marginata,1069,46,1.56243208603442
Upupa marginata,1083,46,1.1946710927344
Upupa marginata,1090,46,3.21620605602294
Upupa marginata,1092,46,1.10266377710527
Upupa marginata,1093,46,2120.43535095059
Upupa marginata,1103,46,1.10259928914046
Upupa marginata,1104,46,2.02137478975803
Upupa marginata,1105,46,0.826945434479237
Upupa marginata,1107,46,1.65382056523675
Upupa marginata,1113,46,0.826825480994821
Upupa marginata,1141,46,1.46972063059181
Upupa marginata,1173,46,58.6780858784226
Upupa marginata,1211,46,431.880956513185
Upupa marginata,12036,46,53.6769175645747
Upupa marginata,12934,46,86.9343049463478
Upupa marginata,12939,46,2.57736175300068
Upupa marginata,12941,46,2.20879511307001
Upupa marginata,13161,46,1.10433682509226
Upupa marginata,13256,46,21.3177359530671
Upupa marginata,13257,46,85.7023597338527
Upupa marginata,13258,46,293.443629027022
Upupa marginata,13259,46,16.2380797407103
Upupa marginata,13261,46,29.7890733494529
Upupa marginata,13262,46,1.19820541345048
Upupa marginata,13264,46,14.1752324262425
Upupa marginata,13265,46,6.16665918636328
Upupa marginata,10005,54,7.62251941031325
Upupa marginata,11636,54,46.5723968884147
Upupa marginata,12635,54,41.6109267733939
Upupa marginata,12748,54,112.468627701651
Upupa marginata,13003,54,36.3826787541578
Upupa marginata,13016,54,16.8362046284112
Upupa marginata,13017,54,11.4830635166789
Upupa marginata,13242,54,5.43494208523166
Upupa marginata,6308,58,57.9536162531174
Upupa marginata,6357,58,3.3134309653126
Upupa marginata,6759,58,89.7882265229853
Upupa marginata,7052,58,468.355482097602
Upupa marginata,11891,58,42.3362076362427
Upupa marginata,12529,58,21.5096479841157
Upupa marginata,12663,58,3.75955498127008
Upupa marginata,13107,58,17.1081231937802
Upupa marginata,13152,58,43.0398890354153
Upupa marginata,13236,58,27.5139015001006
Upupa marginata,8332,61,44.1604221573974
Upupa marginata,13188,61,37.3800479530444
Vanga curvirostris,3614,44,16.3740665150672
Vanga curvirostris,3757,44,19.2038282114016
Vanga curvirostris,331,45,0.370271373195231
Vanga curvirostris,332,45,0.462834125284791
Vanga curvirostris,335,45,43.0377824654073
Vanga curvirostris,351,45,1.48074673073471
Vanga curvirostris,352,45,1.66577102635694
Vanga curvirostris,386,45,1.38815019469857
Vanga curvirostris,179,48,0.463597745714188
Vanga curvirostris,215,48,43.2038186617044
Vanga curvirostris,119,1,0.55664420881176
Vanga curvirostris,122,1,0.371099061261296
Vanga curvirostris,125,1,0.556625695955813
Vanga curvirostris,133,1,0.463806772104442
Vanga curvirostris,141,1,0.463781360735595
Vanga curvirostris,165,1,0.64914825101471
Vanga curvirostris,171,1,130.021860527528
Vanga curvirostris,174,1,6.4908973798604
Vanga curvirostris,178,1,8.4370977335708
Vanga curvirostris,224,1,43.2675847418705
Vanga curvirostris,18358,1,56.8711675529887
Vanga curvirostris,7439,19,38.0240908844043
Vanga curvirostris,7476,19,3.07696966736627
Vanga curvirostris,7481,19,0.723997986286044
Vanga curvirostris,7505,19,0.361958205401897
Vanga curvirostris,18544,19,0.452763459861636
Vanga curvirostris,17247,54,0.777178853789091
Vanga curvirostris,18054,54,44.4928427752445
Vanga curvirostris,18406,54,0.604549703200817
Vanga curvirostris,18620,54,27.2715936270507
Vanga curvirostris,18621,54,29.4123165165292
Vanga curvirostris,18622,54,29.3885406549345
Vanga curvirostris,18623,54,20.6592519148769
Vanga curvirostris,18624,54,19.9515621485635
Vanga curvirostris,9341,21,0.449603298739433
Vanga curvirostris,9342,21,0.359686745625973
Vanga curvirostris,9394,21,36.331879859746
Vanga curvirostris,18546,21,0.449634089967847
Vanga curvirostris,18642,21,6.47518067736232
Vanga curvirostris,18643,57,78.5054384879867
Vanga curvirostris,18400,47,64.9869920614074
Vanga curvirostris,15895,51,0.523638666577697
Vanga curvirostris,15917,51,0.523563038836241
Vanga curvirostris,15927,51,0.698019186100006
Vanga curvirostris,15944,51,0.436189867799282
Vanga curvirostris,15989,51,2.17984381179476
Vanga curvirostris,16099,51,1.39385740344095
Vanga curvirostris,16113,51,118.514144622728
Vanga curvirostris,16143,51,0.348321061425805
Vanga curvirostris,16224,51,0.34803445176816
Vanga curvirostris,16360,51,0.434623503267407
Vanga curvirostris,16663,51,1.47393099119139
Vanga curvirostris,16732,51,11.0948326900705
Vanga curvirostris,16748,51,0.866604338243127
Vanga curvirostris,17174,51,151.58511224908
Vanga curvirostris,17897,51,1.13414415884197
Vanga curvirostris,17898,51,256.826351227335
Vanga curvirostris,17932,51,45.1360753508905
Vanga curvirostris,18021,51,0.521531653210759
Vanga curvirostris,18337,51,14.876475508235
Vanga curvirostris,18495,51,9.98819568180025
Vanga curvirostris,9579,53,52.2268727901955
Vanga curvirostris,18818,53,39.1360013945309
Vanga curvirostris,8214,64,0.812480411258936
Vanga curvirostris,18467,64,13.0070758246177
Vanga curvirostris,18713,64,38.8224120711257
Vanga curvirostris,18749,64,61.2124982058693
Vanga curvirostris,18791,64,88.7755361952912
Vanga curvirostris,18895,64,29.8365955454182
Vanga curvirostris,9178,65,2.87876883525968
Vanga curvirostris,9182,65,0.899620833965421
Vanga curvirostris,18731,65,45.3586244343983
Vanga curvirostris,18732,65,33.0953660842072
Vanga curvirostris,18890,65,52.0931107730117
Vanga curvirostris,12530,26,137.443018218653
Vanga curvirostris,18697,61,113.437646918732
Vanga curvirostris,17461,62,48.282664278709
Vanga curvirostris,18830,63,31.1097970257607
Vanga curvirostris,18831,63,29.6010280215059
Vanga curvirostris,4025,17,2.64969806134474
Vanga curvirostris,4079,17,7.03479595916414
Vanga curvirostris,4085,17,4.567756926453
Vanga curvirostris,4126,17,9.04258868397665
Vanga curvirostris,4530,17,260.626970439173
Vanga curvirostris,4607,17,2.00722734047782
Vanga curvirostris,4612,17,0.364942030489683
Vanga curvirostris,4621,17,0.456175956650972
Vanga curvirostris,18409,17,0.456749789226413
Vanga curvirostris,18439,17,81.3668221959746
Vanga curvirostris,18691,17,36.1603726523629
Vanga curvirostris,18923,17,65.6316608163534
Vanga curvirostris,4238,37,64.7813755391271
Vanga curvirostris,18319,37,1.73570699889708
Vanga curvirostris,875,46,128.592142873589
Vanga curvirostris,1853,46,0.643524707942724
Vanga curvirostris,1899,46,0.459616383672059
Vanga curvirostris,1921,46,0.643432019172192
Vanga curvirostris,1941,46,0.367655302864194
Vanga curvirostris,1958,46,1.56243208603442
Vanga curvirostris,1990,46,0.459508593737543
Vanga curvirostris,1996,46,0.45949710468936
Vanga curvirostris,1997,46,1.1946710927344
Vanga curvirostris,2009,46,53.6769175645747
Vanga curvirostris,2012,46,3.21620605602419
Vanga curvirostris,2013,46,0.551364106284499
Vanga curvirostris,2019,46,1.10266377710527
Vanga curvirostris,2026,46,0.367564567481756
Vanga curvirostris,2031,46,0.551319225258708
Vanga curvirostris,2041,46,1.10259928914046
Vanga curvirostris,2047,46,2.02137478975803
Vanga curvirostris,2048,46,0.826945434479237
Vanga curvirostris,2054,46,0.643170052255213
Vanga curvirostris,2061,46,1.65382056523675
Vanga curvirostris,2077,46,0.826825480994821
Vanga curvirostris,2097,46,0.459349671094894
Vanga curvirostris,2118,46,0.367459639964223
Vanga curvirostris,2132,46,1.46972063059181
Vanga curvirostris,2205,46,0.367363554798603
Vanga curvirostris,2224,46,58.6780858784226
Vanga curvirostris,2284,46,432.432672722725
Vanga curvirostris,6357,46,5770.98429934675
Vanga curvirostris,18698,46,506.523692399314
Vanga curvirostris,18899,46,0.3690976892097
Vanga curvirostris,18908,46,1363.63995657705
Vanga curvirostris,18918,46,73.9629580870592
Vanga curvirostris,18929,46,21.3177359530671
Vanga curvirostris,18930,46,85.7023597338527
Vanga curvirostris,18931,46,293.443629027022
Vanga curvirostris,18932,46,16.2380797407103
Vanga curvirostris,18933,46,0.645659265649438
Vanga curvirostris,18934,46,29.7890733494529
Vanga curvirostris,18935,46,1.19820541345048
Vanga curvirostris,18937,46,14.1752324262425
Vanga curvirostris,18938,46,6.16665918636328
Vanga curvirostris,18939,46,56.9979385032006
Vanga curvirostris,18944,46,0.733449546446324
Vanga curvirostris,18945,46,28.7773817194842
Vanga curvirostris,18946,46,859.949368190404
Vanga curvirostris,18949,46,0.548867488993049
Vanga curvirostris,18955,46,10.6968829958997
Vanga curvirostris,18956,46,2.55931186735427
Vanga curvirostris,18959,46,1.37029047696173
Vanga curvirostris,18960,46,107.010702178571
Vanga curvirostris,18961,46,639.159561686217
Vanga curvirostris,18962,46,19.437907051445
Vanga curvirostris,18964,46,12.0410908559145
Vanga curvirostris,18967,46,0.45585832220161
Vanga curvirostris,18968,46,61.5307293035261
Vanga curvirostris,18969,46,2.5515154922781
Vanga curvirostris,18970,46,5.10222163080156
Vanga curvirostris,18971,46,27.9623496702649
Vanga curvirostris,18972,46,4.18998410252416
Vanga curvirostris,18974,46,41.3435845824178
Vanga curvirostris,18975,46,1.54801138759887
Vanga curvirostris,18977,46,1.55032464307571
Vanga curvirostris,18981,46,1.00823772702169
Vanga curvirostris,18985,46,29.4125688188837
Vanga curvirostris,15249,52,7.62251941031325
Vanga curvirostris,15906,52,46.5723968884147
Vanga curvirostris,18140,52,41.6109267733939
Vanga curvirostris,18228,52,112.468627701651
Vanga curvirostris,18490,52,36.3826787541578
Vanga curvirostris,18509,52,16.8362046284112
Vanga curvirostris,18510,52,11.4830635166789
Vanga curvirostris,18882,52,5.43494208523166
Vanga curvirostris,10196,56,42.3362076362427
Vanga curvirostris,10475,56,57.9536162531174
Vanga curvirostris,10545,56,3.3134309653126
Vanga curvirostris,11106,56,89.7882265229853
Vanga curvirostris,11393,56,468.355482097602
Vanga curvirostris,18038,56,21.5096479841157
Vanga curvirostris,18158,56,3.75955498127008
Vanga curvirostris,18614,56,17.1081231937802
Vanga curvirostris,18690,56,43.0398890354153
Vanga curvirostris,18875,56,27.5139015001006
Vanga curvirostris,13203,60,0.620648212959528
Vanga curvirostris,13239,60,0.709200345668078
Vanga curvirostris,18751,60,138.846313450127
Vanga curvirostris,18817,60,9.04229392746901
Vanga curvirostris,18922,60,68.6631767822923
Varecia rubra,1,1,0.460479690076709
Varecia rubra,2,1,0.276287814046025
Varecia rubra,4,1,19.1535753317625
Varecia rubra,5,2,58.627025391596
Varecia rubra,6,3,31.720629655785
Varecia rubra,7,4,50.8733620368133
Varecia rubra,8,5,28.1885116145399
Varecia rubra,9,4,0.275470983039737
Varecia rubra,10,6,87.5687991782385
Varecia rubra,11,7,3.94387192411029
Varecia rubra,12,7,79.5990008421903
Varecia rubra,13,8,19.439023896375
Varecia rubra,15,8,0.733449546446562
Varecia rubra,46,12,59.3584008869071
Varecia rubra,66,12,31.2682529843551
Varecia rubra,210,59,11.8440676069835
Varecia rubra,1464,70,53.0446320118169
Varecia rubra,17,10,29.9547380385346
Varecia rubra,19,10,31.6875214916216
Varecia rubra,23,11,215.106355170458
Varecia rubra,190,69,0.455858322201014
Varecia rubra,204,69,61.5307293035261
Varecia rubra,1465,72,41.3435845824178
Varecia rubra,16,9,60.0222909123515
Varecia rubra,18,9,29.7715142444786
Varecia rubra,29,9,130.378786472286
Varecia rubra,75,13,0.730765760074735
Varecia rubra,126,13,90.3937869662622
Varecia rubra,138,13,19.437907051445
Varecia rubra,168,13,12.0410908559145
Varecia rubra,125,73,62.6106702145802
Varecia rubra,37,64,0.27451926506561
Varecia rubra,40,64,0.457520320277512
Varecia rubra,47,64,103.749183470748
Varecia rubra,51,64,0.731667634530187
Varecia rubra,71,64,56.679369671421
Varecia rubra,206,71,65.9968218823523
Varecia rubra,212,71,0.273353686598539
Varecia rubra,219,71,50.5645442866
Varecia rubra,1470,71,2.5515154922781
Varecia rubra,1471,71,5.10222163080156
Varecia variegata,2,1,0.55664420881176
Varecia variegata,3,1,0.371099061261296
Varecia variegata,5,1,0.556625695955515
Varecia variegata,6,1,0.463806772104681
Varecia variegata,7,1,0.463781360735595
Varecia variegata,14,1,0.64914825101471
Varecia variegata,16,1,103.775520140199
Varecia variegata,9831,1,56.8711675529887
Varecia variegata,9771,144,0.777178853789091
Varecia variegata,9864,144,0.604549703200817
Varecia variegata,9930,144,19.9515621485635
Varecia variegata,9926,145,27.2715936270507
Varecia variegata,9927,146,29.4123165165292
Varecia variegata,9928,147,29.3885406549345
Varecia variegata,9929,148,20.6592519148769
Varecia variegata,10001,171,61.2124982058693
Varecia variegata,2808,96,0.812480411258936
Varecia variegata,9886,96,38.3946948622806
Varecia variegata,9968,96,38.4612961439313
Varecia variegata,10043,96,88.7755361952912
Varecia variegata,10083,173,52.0931107730117
Varecia variegata,10088,174,29.8365955454182
Varecia variegata,3444,151,2.87876883525968
Varecia variegata,3447,151,0.899620833965421
Varecia variegata,9983,151,45.3586244343983
Varecia variegata,9984,151,33.0953660842072
Varecia variegata,10075,176,31.1097970257607
Varecia variegata,10076,176,29.6010280215059
Varecia variegata,9491,165,48.282664278709
Varecia variegata,9952,166,113.437646918732
Varecia variegata,312,11,128.592142873589
Varecia variegata,10092,11,0.3690976892097
Varecia variegata,10113,11,21.3177359530671
Varecia variegata,10114,11,85.7023597338527
Varecia variegata,10115,11,293.443629027022
Varecia variegata,10116,11,16.2380797407103
Varecia variegata,10117,11,0.645659265649438
Varecia variegata,10118,11,29.7890733494529
Varecia variegata,1088,179,0.643524707942724
Varecia variegata,1108,179,0.459616383672059
Varecia variegata,1116,179,0.643432019172192
Varecia variegata,1126,179,0.367655302864194
Varecia variegata,1133,179,1.56243208603442
Varecia variegata,1144,179,0.459508593737543
Varecia variegata,1146,179,0.45949710468936
Varecia variegata,1147,179,1.1946710927344
Varecia variegata,1154,179,53.6769175645747
Varecia variegata,1155,179,3.21620605602419
Varecia variegata,1156,179,0.551364106284499
Varecia variegata,1162,179,1.10266377710551
Varecia variegata,1163,179,0.367564567481756
Varecia variegata,1166,179,0.551319225258708
Varecia variegata,1171,179,1.10259928914046
Varecia variegata,1174,179,2.02137478975803
Varecia variegata,1175,179,0.826945434479237
Varecia variegata,1178,179,0.643170052255213
Varecia variegata,1182,179,1.65382056523675
Varecia variegata,1200,179,0.826825480995119
Varecia variegata,1204,179,0.459349671094894
Varecia variegata,1211,179,0.367459639964223
Varecia variegata,1217,179,1.46972063059181
Varecia variegata,1245,179,0.367363554798603
Varecia variegata,1258,179,58.6780858784187
Varecia variegata,1288,179,412.391003709489
Varecia variegata,2067,179,5770.98429934675
Varecia variegata,10100,179,1363.63995657705
Varecia variegata,10119,179,1.19820541345048
Varecia variegata,10128,179,0.733449546446324
Varecia variegata,10129,179,28.7773817194842
Varecia variegata,10130,179,859.949368190404
Varecia variegata,10133,179,0.548867488993049
Varecia variegata,10139,179,10.6968829958997
Varecia variegata,10140,179,2.55931186735427
Varecia variegata,10143,179,1.37029047696173
Varecia variegata,10144,179,107.010702178571
Varecia variegata,10145,179,639.159561686217
Varecia variegata,10146,179,19.437907051445
Varecia variegata,10148,179,12.0410908559145
Varecia variegata,10151,179,0.45585832220161
Varecia variegata,10152,179,61.5307293035261
Varecia variegata,10153,179,2.5515154922781
Varecia variegata,10154,179,5.10222163080156
Varecia variegata,10155,179,27.9623496702649
Varecia variegata,10156,179,4.18998410252416
Varecia variegata,10159,179,1.54801138759887
Varecia variegata,10164,179,1.00823772702169
Varecia variegata,10121,180,14.1752324262425
Varecia variegata,10122,180,6.16665918636328
Varecia variegata,10123,181,56.9979385032006
Varecia variegata,10158,182,41.3435845824178
Varecia variegata,7404,159,0.620648212959528
Varecia variegata,7431,159,0.709200345668078
Varecia variegata,10003,159,138.846313450127
Varecia variegata,10069,159,9.04229392746901
Varecia variegata,10112,159,68.6631767822923
Varecia variegata,9953,178,503.240211675945
Varecia variegata,10108,178,73.9629580870592
Varecia variegata,10160,178,1.55032464307571
Varecia variegata,10168,178,29.4125688188837
Xanthomixis cinereiceps,35,4,29.966803009745
Xanthomixis cinereiceps,40,4,56.6048410376553
Xanthomixis cinereiceps,1837,25,29.4123165165292
Xanthomixis cinereiceps,1851,25,27.2715936270507
Xanthomixis cinereiceps,198,11,2.87876883525968
Xanthomixis cinereiceps,199,11,0.899620833965421
Xanthomixis cinereiceps,204,11,0.269868277515173
Xanthomixis cinereiceps,1860,11,45.3586244343983
Xanthomixis cinereiceps,1861,11,33.0953660842072
Xanthomixis cinereiceps,105,26,0.812480411258936
Xanthomixis cinereiceps,108,26,88.7755361952912
Xanthomixis cinereiceps,1857,26,34.3971482793418
Xanthomixis cinereiceps,1875,26,61.2124982058693
Xanthomixis cinereiceps,1912,26,29.8365955454182
Xanthomixis cinereiceps,1853,28,52.0931107730117
Xanthomixis cinereiceps,50,6,29.9665759035923
Xanthomixis cinereiceps,1719,20,48.282664278709
Xanthomixis cinereiceps,1332,27,113.437646918732
Xanthomixis cinereiceps,1920,33,31.1097970257607
Xanthomixis cinereiceps,1921,33,29.6010280215059
Xanthomixis cinereiceps,11,2,85.7023597338527
Xanthomixis cinereiceps,1922,2,0.3690976892097
Xanthomixis cinereiceps,1930,2,16.2380797407103
Xanthomixis cinereiceps,18,34,53.9621798086533
Xanthomixis cinereiceps,46,34,758.463914021466
Xanthomixis cinereiceps,1931,34,1.19820541345048
Xanthomixis cinereiceps,1932,34,5.25313743514037
Xanthomixis cinereiceps,1934,34,63.489192950349
Xanthomixis cinereiceps,1935,34,26.4347103706265
Xanthomixis cinereiceps,1936,34,5.33902110164034
Xanthomixis cinereiceps,1937,34,6.16665918636328
Xanthomixis cinereiceps,1938,34,0.920388230831802
Xanthomixis cinereiceps,1939,34,59.8147369787491
Xanthomixis cinereiceps,1940,34,59.9645208859885
Xanthomixis cinereiceps,21,3,119.57473076641
Xanthomixis cinereiceps,1531,30,138.846313450127
Xanthomixis cinereiceps,1929,30,68.6631767822923
Xanthomixis zosterops,717,7,294.53612488467
Xanthomixis zosterops,741,8,14.4181473408762
Xanthomixis zosterops,2,1,0.64914825101471
Xanthomixis zosterops,3,1,56.8711675529887
Xanthomixis zosterops,12755,1,52.3985918019408
Xanthomixis zosterops,12812,66,27.2715936270507
Xanthomixis zosterops,12813,66,29.4123165165292
Xanthomixis zosterops,12814,66,29.3885406549345
Xanthomixis zosterops,12815,66,20.6592519148769
Xanthomixis zosterops,3130,71,0.812480411258936
Xanthomixis zosterops,12786,71,38.3946948622806
Xanthomixis zosterops,12849,71,38.4612961439313
Xanthomixis zosterops,12851,71,0.180557963597178
Xanthomixis zosterops,12877,71,61.2124982058693
Xanthomixis zosterops,12919,71,88.7755361952912
Xanthomixis zosterops,12963,71,29.8365955454182
Xanthomixis zosterops,4144,85,0.179958904524803
Xanthomixis zosterops,4198,85,2.87876883525968
Xanthomixis zosterops,4203,85,0.899620833965421
Xanthomixis zosterops,4235,85,0.269868277515173
Xanthomixis zosterops,12859,85,45.3586244343983
Xanthomixis zosterops,12860,85,33.0953660842072
Xanthomixis zosterops,12958,87,52.0931107730117
Xanthomixis zosterops,12710,77,48.282664278709
Xanthomixis zosterops,12836,78,113.437646918732
Xanthomixis zosterops,12951,82,31.1097970257607
Xanthomixis zosterops,12952,82,29.6010280215059
Xanthomixis zosterops,88,5,99.6123828588802
Xanthomixis zosterops,223,5,0.6456592656492
Xanthomixis zosterops,12968,5,0.3690976892097
Xanthomixis zosterops,12988,5,19.1031559591866
Xanthomixis zosterops,12989,5,21.3177359530671
Xanthomixis zosterops,12990,5,85.7023597338527
Xanthomixis zosterops,12991,5,293.166981275382
Xanthomixis zosterops,12992,5,16.2380797407103
Xanthomixis zosterops,12993,5,29.7890733494529
Xanthomixis zosterops,381,88,0.276354423903167
Xanthomixis zosterops,393,88,0.644736027104974
Xanthomixis zosterops,399,88,1.74986507844758
Xanthomixis zosterops,400,88,112.203011880524
Xanthomixis zosterops,402,88,3.68393426545006
Xanthomixis zosterops,432,88,1.19697195979726
Xanthomixis zosterops,537,88,0.4598808172791
Xanthomixis zosterops,1987,88,5532.57020060062
Xanthomixis zosterops,12830,88,31.4878831114368
Xanthomixis zosterops,12837,88,443.456643051625
Xanthomixis zosterops,12975,88,1363.63995657705
Xanthomixis zosterops,12983,88,73.9629580870592
Xanthomixis zosterops,12994,88,1.19820541345048
Xanthomixis zosterops,12996,88,14.1752324262425
Xanthomixis zosterops,12997,88,6.16665918636328
Xanthomixis zosterops,12998,88,56.9979385032006
Xanthomixis zosterops,13001,88,0.183579301166832
Xanthomixis zosterops,13003,88,0.733449546446324
Xanthomixis zosterops,13004,88,28.7773817194842
Xanthomixis zosterops,13005,88,859.949368190404
Xanthomixis zosterops,13007,88,0.274443535747349
Xanthomixis zosterops,13008,88,0.548867488993049
Xanthomixis zosterops,13013,88,0.182936229304552
Xanthomixis zosterops,13014,88,10.6968829958997
Xanthomixis zosterops,13015,88,2.55931186735427
Xanthomixis zosterops,13018,88,1.37029047696173
Xanthomixis zosterops,13019,88,107.010702178571
Xanthomixis zosterops,13020,88,639.159561686217
Xanthomixis zosterops,13021,88,19.437907051445
Xanthomixis zosterops,13023,88,12.0410908559145
Xanthomixis zosterops,13026,88,0.45585832220161
Xanthomixis zosterops,13027,88,61.5307293035261
Xanthomixis zosterops,13028,88,2.5515154922781
Xanthomixis zosterops,13029,88,5.10222163080156
Xanthomixis zosterops,13030,88,27.9623496702649
Xanthomixis zosterops,13031,88,4.18998410252416
Xanthomixis zosterops,13033,88,41.3435845824178
Xanthomixis zosterops,13034,88,1.54801138759887
Xanthomixis zosterops,13035,88,1.55032464307571
Xanthomixis zosterops,13037,88,0.183394440543056
Xanthomixis zosterops,13039,88,1.00823772702169
Xanthomixis zosterops,13041,88,0.274976311198533
Xanthomixis zosterops,13043,88,29.4125688188837
Xanthomixis zosterops,9472,70,0.620648212959528
Xanthomixis zosterops,9483,70,0.265972006814122
Xanthomixis zosterops,9501,70,0.709200345668078
Xanthomixis zosterops,9515,70,0.177290677110672
Xanthomixis zosterops,12879,70,138.846313450127
Xanthomixis zosterops,12880,70,0.177275942426443
Xanthomixis zosterops,12881,70,0.177274304782152
Xanthomixis zosterops,12945,70,9.04229392746901
Xanthomixis zosterops,12987,70,68.6631767822923
Xenopirostris polleni,51,2,30.1778725338534
Xenopirostris polleni,2120,9,27.2715936270423
Xenopirostris polleni,168,17,38.3946948622806
Xenopirostris polleni,189,17,0.812480411258936
Xenopirostris polleni,433,17,88.7755361952912
Xenopirostris polleni,2126,17,61.2124982058693
Xenopirostris polleni,2127,17,38.4612961439313
Xenopirostris polleni,2163,17,29.8365955454182
Xenopirostris polleni,409,25,25.4497781860939
Xenopirostris polleni,1625,21,63.1928620869468
Xenopirostris polleni,2161,21,29.274766839554
Xenopirostris polleni,2113,24,48.282664278709
Xenopirostris polleni,4,1,21.3177359530687
Xenopirostris polleni,14,1,192.159289993384
Xenopirostris polleni,16,1,0.6456592656492
Xenopirostris polleni,17,1,29.7890733494529
Xenopirostris polleni,37,1,0.644736027104974
Xenopirostris polleni,39,1,102.623613487042
Xenopirostris polleni,41,1,3.68393426545006
Xenopirostris polleni,42,1,186.113432307392
Xenopirostris polleni,43,1,0.460479690076709
Xenopirostris polleni,44,1,87.7516679684219
Xenopirostris polleni,46,1,19.1535753317625
Xenopirostris polleni,47,1,16.1117845097304
Xenopirostris polleni,48,1,29.6453323973265
Xenopirostris polleni,49,1,29.8164373522979
Xenopirostris polleni,50,1,29.9084594166067
Xenopirostris polleni,55,1,56.9979385031933
Xenopirostris polleni,57,1,561.215785217241
Xenopirostris polleni,58,1,61.5747341633676
Xenopirostris polleni,60,1,59.9935587074186
Xenopirostris polleni,75,1,819.346525414633
Xenopirostris polleni,80,1,1.37029047696173
Xenopirostris polleni,82,1,2.83104309031999
Xenopirostris polleni,95,1,4.28615354970086
Xenopirostris polleni,96,1,0.547095007017732
Xenopirostris polleni,109,1,296.819818031886
Xenopirostris polleni,113,1,1.54801138759887
Xenopirostris polleni,2122,1,27.7876291266827
Xenopirostris polleni,2167,1,0.458344697261453
Xenopirostris polleni,2172,1,122.162159258713
Xenopirostris polleni,2175,1,0.367159771278977
Xenopirostris polleni,2177,1,84.5332710131858
Xenopirostris polleni,2179,1,206.353241658995
Xenopirostris polleni,94,14,24.0888701581837
Xenopirostris polleni,97,14,9.39121551513614
Xenopirostris polleni,100,14,28.6147883524204
Xenopirostris polleni,110,14,59.6598417871081
Xenopirostris polleni,2178,14,5.0150075744251
Xenopirostris polleni,2184,14,29.4125688188837
Xenopirostris xenopirostris,29,2,5.23129722184014
Xenopirostris xenopirostris,30,2,0.435904342787385
Xenopirostris xenopirostris,36,2,0.522798031426311
Xenopirostris xenopirostris,37,2,34.402900319892
Xenopirostris xenopirostris,55,3,14.8764755082375
Xenopirostris xenopirostris,69,3,114.57591099721
Xenopirostris xenopirostris,71,3,16.3289195382351
Xenopirostris xenopirostris,72,3,0.34735036917913
Xenopirostris xenopirostris,76,3,17.4705439539317
Xenopirostris xenopirostris,1,1,42.4890235274736
Xenopirostris xenopirostris,2,1,11.4830635166789
Xenopirostris xenopirostris,10,1,7.62251941031325
Xenopirostris xenopirostris,18,1,46.5723968884147
Xenopirostris xenopirostris,73,1,16.8362046284112
Xenopirostris xenopirostris,74,1,36.3826787541578
Xenopirostris xenopirostris,79,1,5.43494208523166
