species,patch_id,pu_id,patch_area_km2
Brachyuromys ramirohitra,1,1,29.874883168016
Brachyuromys ramirohitra,2,2,31.1097970257719
Brachyuromys ramirohitra,3,2,29.6010280214969
Bradypterus seebohmi,1,1,29.6296191803173
Bradypterus seebohmi,2,1,30.9497681570648
Bradypterus seebohmi,3,1,9.04229392746949
Bradypterus seebohmi,4,1,0.62064821295929
Bradypterus seebohmi,5,1,0.265972006814122
Bradypterus seebohmi,6,1,0.709200345668078
Bradypterus seebohmi,7,1,0.177290677110672
Bradypterus seebohmi,8,1,0.177275942426443
Bradypterus seebohmi,9,1,0.177274304782391
Microcebus ravelobensis,2,2,0.0914152072403431
Microcebus ravelobensis,3,2,5.85033975470436
Microcebus ravelobensis,4,2,24.6792146248902
Microcebus ravelobensis,5,2,0.0914115014762879
Microcebus ravelobensis,6,3,1.0054375043211
Microcebus ravelobensis,7,2,2.83342021114933
Microcebus ravelobensis,8,2,0.0914028473147154
Microcebus ravelobensis,9,2,0.182805694629431
Microcebus ravelobensis,10,2,1.00536820483017
Microcebus ravelobensis,11,2,1.55373825480211
Microcebus ravelobensis,12,3,2.37624750380075
Microcebus ravelobensis,13,2,0.274192454328179
Microcebus ravelobensis,14,2,0.0913954212394953
Microcebus ravelobensis,15,2,0.0913941828228235
Microcebus ravelobensis,16,3,0.182784649551272
Microcebus ravelobensis,17,3,0.0913904663075209
Microcebus ravelobensis,18,3,0.0913892270473242
Microcebus ravelobensis,19,3,0.182778454094648
Microcebus ravelobensis,20,3,7.67678403816379
Microcebus ravelobensis,21,3,8.49783825707936
Microcebus ravelobensis,23,3,0.274089461484194
Microcebus ravelobensis,24,3,0.0913643975844383
Microcebus ravelobensis,25,3,0.0913631538983583
Microcebus ravelobensis,27,3,9.50188821791184
Microcebus ravelobensis,28,3,4.56775692645169
Microcebus ravelobensis,29,3,0.456749789226651
Microcebus ravelobensis,30,3,0.0913494594436884
Microcebus ravelobensis,33,6,19.4460137230993
Microcebus ravelobensis,36,7,0.0912806047910452
Microcebus ravelobensis,44,7,34.9561422077832
Microcebus ravelobensis,45,9,24.7276188530539
Microcebus ravelobensis,46,10,47.905131750668
Microcebus ravelobensis,47,11,8.48632753355539
Microcebus ravelobensis,59,10,0.0912402507441044
Microcebus ravelobensis,60,10,0.364942030489683
Microcebus ravelobensis,61,10,0.456175956650972
Monticola erythronotus,1,1,56.8711675529895
Monticola erythronotus,2,1,0.55664420881176
Monticola erythronotus,3,1,0.371099061261296
Monticola erythronotus,4,1,0.556625695955515
Monticola erythronotus,5,1,9.3690831852839
Monticola erythronotus,6,1,0.185535398295105
Monticola erythronotus,7,1,0.463806772104681
Monticola erythronotus,8,1,0.27827526928854
Monticola erythronotus,9,1,28.8450665179956
Monticolomys koopmani,6,5,27.2715936270423
Monticolomys koopmani,7,6,29.4123165165314
Neodrepanis hypoxantha,1,1,29.874883168016
Neodrepanis hypoxantha,2,2,31.2831288292182
Neodrepanis hypoxantha,3,3,27.2715936270423
Newtonia fanovanae,2,2,29.3885406549368
Newtonia fanovanae,3,2,20.6592519148784
Newtonia fanovanae,4,2,19.9515621485482
Newtonia fanovanae,5,2,0.604549703200459
Newtonia fanovanae,6,2,0.777178853789091
Xanthomixis apperti,1,1,68.4073900828678
Phaner furcifer,1,1,26.7219759851342
Phaner furcifer,16,7,9.25542923517722
Phaner furcifer,17,7,1.48074673073471
Phaner furcifer,18,7,1.38815019469893
Phaner furcifer,20,7,1.480685356668
Phaner furcifer,21,7,0.185083622752428
Phaner furcifer,22,7,0.27762389876622
Phaner furcifer,57,16,0.643524707940877
Phaner furcifer,58,16,0.459616383672059
Phaner furcifer,59,16,9.46768015268075
Phaner furcifer,60,16,0.183841973942041
Phaner furcifer,61,16,0.643432019172192
Phaner furcifer,62,16,0.275752651619673
Phaner furcifer,63,16,0.367655302864194
Phaner furcifer,64,16,1.56243208603442
Phaner furcifer,65,16,0.275729722221732
Phaner furcifer,66,16,0.275717098941624
Phaner furcifer,67,16,0.275709061498523
Phaner furcifer,68,16,0.459508593737543
Phaner furcifer,69,16,0.643297785346329
Phaner furcifer,70,16,0.45949710468936
Phaner furcifer,71,16,1.1946710927344
Phaner furcifer,72,16,0.183794934333146
Phaner furcifer,73,16,50.5514532191364
Phaner furcifer,74,16,3.21620605602419
Phaner furcifer,75,16,0.551364106284499
Phaner furcifer,76,17,1.10266377710551
Phaner furcifer,77,17,0.183781132994473
Phaner furcifer,78,17,1.10266607838744
Phaner furcifer,79,16,0.367564567481756
Phaner furcifer,80,16,0.183777680330753
Phaner furcifer,81,16,0.551319225258708
Phaner furcifer,82,16,0.183773075227499
Phaner furcifer,83,17,9.73881683760441
Phaner furcifer,84,16,1.10259928914046
Phaner furcifer,85,17,2.02137478975803
Phaner furcifer,86,17,0.826945434479237
Phaner furcifer,87,16,0.643170052255213
Phaner furcifer,88,16,0.183763859938979
Phaner furcifer,89,16,0.183761555059075
Phaner furcifer,90,16,1.65382056523675
Phaner furcifer,91,16,1.01060090259159
Phaner furcifer,92,16,0.275615805294693
Phaner furcifer,93,17,0.826825480995119
Phaner furcifer,94,17,0.459349671094894
Phaner furcifer,95,17,0.367459639964223
Phaner furcifer,96,17,0.183724619395971
Phaner furcifer,97,17,0.275586929093957
Phaner furcifer,98,17,1.46972063059181
Phaner furcifer,99,17,0.275577679304183
Phaner furcifer,100,17,0.18370726844722
Phaner furcifer,101,18,18.1847541860198
Phaner furcifer,102,17,30.0296278397165
Phaner furcifer,103,17,0.367363554798603
Phaner furcifer,115,17,0.275443051051259
Phaner furcifer,325,57,44.4928427752215
Lepilemur ankaranensis,10,2,0.463781360735595
Lepilemur ankaranensis,11,2,120.652777342255
Lepilemur ankaranensis,12,2,0.278243954662919
Lepilemur ankaranensis,13,2,0.185478644791543
Lepilemur ankaranensis,14,2,0.185474717534482
Lepilemur ankaranensis,15,2,0.64914825101471
Lepilemur ankaranensis,16,2,0.27820176096189
Lepilemur ankaranensis,17,2,0.18546587502265
Lepilemur ankaranensis,18,2,0.18545505566138
Lepilemur ankaranensis,19,2,6.4908973798604
Lepilemur ankaranensis,20,2,8.437097733572
Lepilemur ankaranensis,21,2,0.185438309593201
Lepilemur ankaranensis,22,2,0.185425482894003
Lepilemur ankaranensis,33,7,0.370271373195231
Lepilemur ankaranensis,34,7,0.462834125284791
Lepilemur ankaranensis,35,7,43.0377824654073
Lepilemur ankaranensis,36,7,0.18513059458977
Lepilemur ankaranensis,37,7,1.48074673073471
Lepilemur ankaranensis,38,7,1.38815019469893
Lepilemur ankaranensis,39,7,1.66577102635789
Lepilemur ankaranensis,40,7,0.185083622752428
Lepilemur ankaranensis,41,7,0.27762389876622
Lepilemur ankaranensis,42,7,0.277610584835947
Riparia cowani,520,4,76.2993173120965
Riparia cowani,2455,4,19.3775430370849
Riparia cowani,2461,4,4.52461721291769
Riparia cowani,12,1,86.9343049463478
Riparia cowani,36,1,2.20879511307001
Riparia cowani,2478,1,2.57736175300068
Riparia cowani,2481,1,2.02445275485683
Riparia cowani,2484,1,1.10433682509226
Motacilla flaviventris,1942,53,76.2993173120965
Motacilla flaviventris,6389,53,19.3775430370849
Motacilla flaviventris,6395,53,4.52461721291769
Motacilla flaviventris,137,3,86.9343049463478
Motacilla flaviventris,155,3,2.20879511307001
Motacilla flaviventris,6430,3,2.57736175300068
Motacilla flaviventris,6433,3,2.02445275485683
Motacilla flaviventris,6436,3,1.10433682509226
Eremopterix hova,1280,44,13.1672804516135
Eremopterix hova,1339,45,43.5541700668897
Eremopterix hova,1267,19,17.5870851484933
Eremopterix hova,1281,19,2.03225787389851
Eremopterix hova,1341,19,2.02803748513663
Eremopterix hova,1349,19,2.11576712074339
Eremopterix hova,1352,19,9.2570612880466
Eremopterix hova,1356,19,431.958966123478
Eremopterix hova,1361,19,4.31856011909926
Eremopterix hova,1398,19,13.0307413413458
Eremopterix hova,1409,19,3.87195306908155
Eremopterix hova,1411,19,6.06907414019739
Eremopterix hova,1418,19,2.0227276564877
Eremopterix hova,1736,19,1.94182639975023
Eremopterix hova,1541,33,17.8876522784661
Eremopterix hova,1602,33,445.611096910782
Eremopterix hova,1605,33,0.260165493234158
Eremopterix hova,1610,33,7.36721759575951
Eremopterix hova,1617,33,12.0483039035151
Eremopterix hova,1738,33,5.23129722183871
Hypogeomys antimena,1,1,16.5405274979631
Microcebus griseorufus,1,1,18.2045818278743
Microcebus griseorufus,2,2,15.4798619858229
Microcebus griseorufus,23,5,38.9439751978007
Microcebus griseorufus,25,5,0.260165493234158
Microcebus griseorufus,29,5,12.0483039035151
Microcebus griseorufus,3,3,25.3907382258116
Microcebus griseorufus,4,3,0.0869687731292248
Microcebus griseorufus,6,3,0.347746593876839
Microcebus griseorufus,9,3,0.0869155042579174
Microcebus griseorufus,10,3,58.0501686602482
Microcebus griseorufus,15,3,9.98819568179965
Microcebus griseorufus,18,3,17.0249607758761
Microcebus griseorufus,19,11,45.1360753508905
Microcebus griseorufus,20,4,0.34714118342638
Microcebus griseorufus,21,4,6.85428969301618
Nesomys lambertoni,200,20,78.5054384879891
Nesomys lambertoni,344,28,42.3362076362399
Nesomys lambertoni,345,29,43.0398890353995
Nesomys lambertoni,103,11,64.9869920614074
Nesomys lambertoni,328,25,52.2268727901955
Nesomys lambertoni,348,25,0.0899356091371775
Nesomys lambertoni,349,25,0.0899341444739103
Nesomys lambertoni,350,25,0.0899326796025038
Nesomys lambertoni,346,30,39.1360013945309
Nesomys lambertoni,347,30,0.0899400018793345
Pterocles personatus,266,5,17.5870851484947
Pterocles personatus,270,5,2.03225787389851
Pterocles personatus,271,5,13.1672804516135
Pterocles personatus,278,5,434.521298229057
Pterocles personatus,279,5,43.730528077876
Pterocles personatus,282,5,9.52154744787466
Pterocles personatus,287,5,4.31856011909986
Pterocles personatus,293,5,13.0307413413469
Pterocles personatus,294,5,3.87195306908143
Pterocles personatus,295,5,2.02272765648687
Pterocles personatus,452,5,2.02803748513663
Pterocles personatus,453,5,2.20392408445001
Pterocles personatus,466,5,6.06907414019537
Pterocles personatus,674,5,1.94182639975023
Pterocles personatus,316,6,445.958978430151
Pterocles personatus,319,6,7.36721759575951
Pterocles personatus,320,6,12.0483039035159
Pterocles personatus,506,6,18.0621390472158
Pterocles personatus,676,6,5.23129722183871
Thamnornis chloropetoides,9,3,25.2530937962928
Thamnornis chloropetoides,22,8,28.0839022370625
Thamnornis chloropetoides,250,8,21.4423868237228
Thamnornis chloropetoides,29,4,46.5723968884147
Thamnornis chloropetoides,263,4,36.3826787541578
Thamnornis chloropetoides,187,9,194.056358231054
Thamnornis chloropetoides,244,9,151.58511224908
Thamnornis chloropetoides,246,9,16.8407713442635
Thamnornis chloropetoides,248,9,0.347687768672109
Thamnornis chloropetoides,258,9,14.876475508235
Thamnornis chloropetoides,276,9,9.98819568180025
Thamnornis chloropetoides,277,9,5.23129722183871
Thamnornis chloropetoides,7,2,16.8362046284112
Thamnornis chloropetoides,12,2,1.49040422382188
Thamnornis chloropetoides,261,2,5.43494208523166
Thamnornis chloropetoides,280,2,3.06793633611071
Eliurus grandidieri,1,1,0.369097689209938
Eliurus grandidieri,2,1,16.2380797407139
Eliurus grandidieri,5,1,26.6587824925881
Eliurus grandidieri,6,2,30.0991205968232
Eliurus grandidieri,7,3,28.9945355610176
Eliurus grandidieri,8,4,30.0587182645782
Eliurus grandidieri,13,6,28.1094555150568
Eliurus grandidieri,18,7,29.1983259148607
Eliurus grandidieri,21,10,61.2124982058673
Eliurus grandidieri,33,15,52.0931107730174
Eliurus grandidieri,34,16,2.24909224567234
Eliurus grandidieri,35,16,0.179934098074555
Eliurus grandidieri,37,16,2.87876883525968
Eliurus grandidieri,38,16,0.899620833965421
Eliurus grandidieri,39,16,0.269868277515173
Eliurus grandidieri,41,16,33.0953660842019
Eliurus grandidieri,48,20,63.1928620869468
Eliurus grandidieri,57,27,48.282664278709
Microcebus berthae,5,2,7.59324483305084
Mirza coquereli,64,9,47.6098880191004
Mirza coquereli,65,9,0.551364106284499
Mirza coquereli,67,9,0.551319225258708
Mirza coquereli,71,9,0.643170052255213
Mirza coquereli,410,50,112.46862770165
Mirza coquereli,303,35,137.443018218653
Mirza coquereli,177,55,2.59390059166253
Mirza coquereli,209,55,199.022714022459
Monticola imerina,2,1,9.25706128804803
Monticola imerina,194,1,4.31856011909986
Monticola imerina,54,9,0.26172474291873
Monticola imerina,56,9,145.690832453284
Monticola imerina,77,9,19.1378909890882
Monticola imerina,79,9,16.8560353044994
Monticola imerina,80,9,28.9974828240835
Monticola imerina,10,2,16.8362046284112
Monticola imerina,17,2,2.80362919724476
Monticola imerina,32,2,46.5723968884147
Monticola imerina,164,2,1.49040422382188
Monticola imerina,196,2,32.485497708514
Monticola imerina,200,2,5.43494208523166
Monticola imerina,202,2,36.3826787541578
Monticola imerina,212,2,3.06793633611071
Hapalemur aureus,100,9,1.17365293457222
Hapalemur aureus,102,9,0.180557963597178
Hapalemur aureus,103,9,0.812480411258936
Hapalemur aureus,104,9,16.6994855698657
Hapalemur aureus,105,9,59.0116196877248
Hapalemur aureus,52,4,31.4878831114368
Hapalemur aureus,333,20,9.04229392746949
Hapalemur aureus,334,20,0.620648212959528
Hapalemur aureus,337,20,0.265972006814122
Hapalemur aureus,341,20,0.709200345668078
Hapalemur aureus,345,20,0.177290677110672
Hapalemur aureus,347,20,0.177274304782391
Hapalemur aureus,369,20,76.0083037039325
Hapalemur aureus,409,20,0.177275942426443
Hapalemur aureus,411,20,68.6631767822923
Hemicentetes nigriceps,11,2,19.9337849990127
Hemicentetes nigriceps,22,2,115.589426177144
Hemicentetes nigriceps,25,2,0.6456592656492
Hemicentetes nigriceps,28,2,23.1488844918891
Hemicentetes nigriceps,66,5,97.9202387652237
Hemicentetes nigriceps,90,7,0.367564567481756
Hemicentetes nigriceps,91,7,1.74590292306334
Hemicentetes nigriceps,92,7,0.183777680330753
Hemicentetes nigriceps,93,7,0.183773075227499
Hemicentetes nigriceps,94,7,1.10259928914046
Hemicentetes nigriceps,95,7,0.183761555059075
Hemicentetes nigriceps,96,7,1.65382056523675
Hemicentetes nigriceps,98,7,7.53280963491958
Hemicentetes nigriceps,100,7,18.1847541860198
Hemicentetes nigriceps,67,6,131.993646268709
Hemicentetes nigriceps,85,6,1.37902412587541
Hemicentetes nigriceps,87,39,0.183794934333146
Hemicentetes nigriceps,88,39,42.2803606370557
Hemicentetes nigriceps,89,39,0.551364106284499
Hemicentetes nigriceps,405,41,113.437646918732
Hemicentetes nigriceps,63,38,17.2347893938358
Lepilemur ruficaudatus,2945,88,0.452763459861875
Lepilemur ruficaudatus,2972,88,38.0240908844043
Lepilemur ruficaudatus,2976,88,3.07696966736638
Lepilemur ruficaudatus,2979,88,0.723997986286044
Lepilemur ruficaudatus,2987,88,0.361958205401897
Lepilemur ruficaudatus,3349,97,0.449603298739433
Lepilemur ruficaudatus,3350,97,0.359686745625973
Lepilemur ruficaudatus,3361,97,36.331879859746
Lepilemur ruficaudatus,6128,97,0.449634089967847
Lepilemur ruficaudatus,6137,97,6.47518067736232
Lepilemur ruficaudatus,3774,349,3.3134309653126
Lepilemur ruficaudatus,6135,349,17.1081231937802
Lepilemur ruficaudatus,559,36,5.85033975470436
Lepilemur ruficaudatus,562,36,16.0871950112846
Lepilemur ruficaudatus,572,36,0.182805694629431
Lepilemur ruficaudatus,575,36,0.274201118186474
Lepilemur ruficaudatus,578,36,0.274192454328179
Lepilemur ruficaudatus,593,36,1.55373825480127
Lepilemur ruficaudatus,580,350,0.182784649551272
Lepilemur ruficaudatus,581,350,1.18809712456632
Lepilemur ruficaudatus,586,350,0.182778454094648
Lepilemur ruficaudatus,587,350,4.38649564416385
Lepilemur ruficaudatus,590,350,5.7567683404597
Lepilemur ruficaudatus,600,350,2.46709225874806
Lepilemur ruficaudatus,4560,280,7.91386017940461
Lepilemur ruficaudatus,4617,280,111.833847262936
Lepilemur ruficaudatus,669,37,64.7813755391271
Lepilemur ruficaudatus,6125,37,1.73570699889708
Lepilemur ruficaudatus,3731,260,21.5096479841157
Lepilemur ruficaudatus,3749,260,57.9536162531174
Lepilemur ruficaudatus,6143,260,27.5139015001006
Lepilemur ruficaudatus,3977,348,89.7882265229853
Lepilemur ruficaudatus,4125,348,468.355482097602
Microcebus myoxinus,370,101,25.7972821171587
Microcebus myoxinus,371,102,50.4507662967404
Microcebus myoxinus,368,106,27.5139015001006
Microcebus myoxinus,374,107,16.3121433096236
Microcebus tavaratra,10,3,0.463597745714188
Microcebus tavaratra,11,3,43.2038186617151
Microcebus tavaratra,12,3,0.0927073077802658
Microcebus tavaratra,14,5,0.0926675960290432
Microcebus tavaratra,15,5,0.0926606114119887
Microcebus tavaratra,16,5,0.0926476122773886
Microcebus tavaratra,17,5,43.4528749465184
Microcebus tavaratra,18,5,0.0926436052986383
Microcebus tavaratra,31,9,0.370271373195231
Microcebus tavaratra,33,9,0.462834125284791
Microcebus tavaratra,36,9,0.0925668250995874
Microcebus tavaratra,37,9,43.0377824654073
Microcebus tavaratra,38,9,0.18513059458977
Microcebus tavaratra,43,9,1.48074673073471
Microcebus tavaratra,45,9,1.66577102635789
Microcebus tavaratra,47,9,0.27762389876622
Microcebus tavaratra,48,9,0.277610584835947
Microcebus tavaratra,49,9,0.0925361785190701
Microcebus tavaratra,180,29,0.0905584602525234
Microcebus tavaratra,181,29,0.452763459861875
Microcebus tavaratra,182,29,0.0905447203236818
Microcebus tavaratra,183,29,38.2051651932297
Microcebus tavaratra,184,29,0.0905061372197867
Microcebus tavaratra,185,29,3.07696966736638
Microcebus tavaratra,186,29,0.723997986286044
Microcebus tavaratra,188,29,0.361958205401897
Microcebus tavaratra,236,38,6.4751806773603
Microcebus tavaratra,237,38,36.3318798597431
Microcebus tavaratra,238,38,0.0899370735929012
Microcebus tavaratra,239,38,0.0899312145227194
Microcebus tavaratra,240,38,0.449634089968205
Microcebus tavaratra,241,38,0.0899238860028982
Microcebus tavaratra,242,38,0.449603298739433
Microcebus tavaratra,243,38,0.359686745625973
Microcebus tavaratra,244,38,0.0899194863940477
Microcebus tavaratra,153,25,1.73570699889708
Microcebus tavaratra,161,25,64.7813755391182
Microcebus tavaratra,162,25,0.0913507054476738
Microcebus tavaratra,245,25,0.0913581770466566
Microgale mergulus,1,1,14.644944037948
Microgale mergulus,5,1,29.7439079649721
Microgale mergulus,6,2,1.19697195979726
Microgale mergulus,8,1,55.3266365133052
Microgale mergulus,9,2,21.7270555164745
Microgale mergulus,10,2,27.3374724883207
Microgale mergulus,12,2,54.2037306260149
Microgale mergulus,15,2,0.18402045498687
Microgale mergulus,16,3,23.001548176319
Microgale mergulus,17,2,23.2776854783
Microgale mergulus,19,4,181.783941232351
Microgale mergulus,20,4,0.919496630984008
Microgale mergulus,23,4,6.25186649493766
Microgale mergulus,511,41,0.178273059561968
Microgale mergulus,516,41,29.142824429647
Microgale mergulus,948,80,0.265972006814122
Microgale mergulus,1398,80,9.04229392746901
Microgale mergulus,1274,59,31.1097970257607
Microgale mergulus,61,7,0.54698275794816
Microgale mergulus,62,7,1.73194615611374
Microgale mergulus,64,7,8.02199676955664
Microgale mergulus,66,7,83.2026980152344
Microgale mergulus,1375,66,13.6882290793771
Microgale mergulus,1030,99,26.6621604822083
Microgale mergulus,26,100,184.15396292739
Microgale mergulus,28,100,0.3660581814937
Microgale mergulus,29,100,0.366043563450038
Phaner pallescens,194,29,17.1081231937802
Phaner pallescens,202,29,3.3134309653126
Phaner pallescens,418,50,41.9135681366223
Phaner pallescens,436,50,26.0622159711288
Phaner pallescens,432,51,25.6091709557173
Phaner pallescens,180,28,16.3121433096236
Phaner pallescens,227,30,89.7882265229853
Phaner pallescens,308,30,468.355482097602
Accipiter henstii,204,2,38.0240908844043
Accipiter henstii,227,2,36.331879859746
Accipiter henstii,231,2,52.2268727901955
Accipiter henstii,256,2,21.5096479841157
Accipiter henstii,260,2,57.9536162531174
Accipiter henstii,268,2,69.5634544487439
Accipiter henstii,282,2,416.483936786092
Accipiter henstii,293,2,119.998173175863
Accipiter henstii,701,2,17.1081231937802
Accipiter henstii,736,2,78.5054384879867
Accipiter henstii,744,2,26.5383701396017
Accipiter henstii,857,2,39.1360013945309
Accipiter henstii,867,2,27.5139015001006
Accipiter henstii,6,1,130.021860527528
Accipiter henstii,7,1,43.2038186617044
Accipiter henstii,8,1,43.2675847418705
Accipiter henstii,14,1,43.0377824654073
Accipiter henstii,35,1,19.9337849990107
Accipiter henstii,56,1,53.6769175645747
Accipiter henstii,63,1,366.147778927468
Accipiter henstii,113,1,19.2038282113973
Accipiter henstii,117,1,24.6792146248873
Accipiter henstii,129,1,64.7813755391271
Accipiter henstii,141,1,330.648057244708
Accipiter henstii,183,1,2609.35666769842
Accipiter henstii,536,1,56.8711675529887
Accipiter henstii,564,1,64.9869920614074
Accipiter henstii,747,1,36.1603726523629
Accipiter henstii,754,1,208.855460188826
Accipiter henstii,886,1,100.812835919068
Accipiter henstii,900,1,151.055431051786
Accipiter henstii,915,1,61.2504145189477
Accipiter henstii,922,1,26.6587824925889
Accipiter henstii,923,1,254.421082642661
Accipiter henstii,937,1,28.7773817194842
Accipiter henstii,938,1,234.708229999792
Accipiter henstii,952,1,90.3937869662622
Accipiter henstii,953,1,65.9968218823523
Accipiter henstii,954,1,19.5821926010261
Accipiter henstii,963,1,322.648436083532
Accipiter henstii,964,1,1103.96343099271
Accipiter henstii,967,1,19.8205211282898
Accipiter henstii,980,1,59.2391267675772
Accipiter henstii,983,1,19.4390238963762
Accipiter henstii,984,1,58.1245802735148
Accipiter henstii,993,1,28.1809853154598
Accipiter henstii,994,1,66.1899405958974
Accipiter henstii,998,1,83.2026980152344
Accipiter henstii,1003,1,118.514859144707
Accipiter henstii,1004,1,29.8631327553117
Accipiter henstii,1005,1,17.1974791608272
Accipiter henstii,1007,1,147.565898089784
Accipiter henstii,1008,1,62.6106702145676
Accipiter madagascariensis,396,2,36.331879859746
Accipiter madagascariensis,400,2,52.2268727901955
Accipiter madagascariensis,428,2,42.3362076362427
Accipiter madagascariensis,446,2,57.9536162531174
Accipiter madagascariensis,472,2,89.7882265229853
Accipiter madagascariensis,483,2,468.355482097602
Accipiter madagascariensis,968,2,21.5096479841157
Accipiter madagascariensis,1420,2,17.1081231937802
Accipiter madagascariensis,1450,2,78.5054384879867
Accipiter madagascariensis,1504,2,43.0398890354153
Accipiter madagascariensis,1594,2,39.1360013945309
Accipiter madagascariensis,1611,2,27.5139015001006
Accipiter madagascariensis,598,4,13.1672804516124
Accipiter madagascariensis,656,4,433.810619797173
Accipiter madagascariensis,699,4,46.5723968884147
Accipiter madagascariensis,727,4,12.0483039035151
Accipiter madagascariensis,749,4,151.58511224908
Accipiter madagascariensis,867,4,17.8876522784661
Accipiter madagascariensis,920,4,45.1360753508905
Accipiter madagascariensis,955,4,445.611096910782
Accipiter madagascariensis,1027,4,43.5541700668897
Accipiter madagascariensis,1033,4,42.4890235274736
Accipiter madagascariensis,1108,4,13.0307413413469
Accipiter madagascariensis,1111,4,112.468627701651
Accipiter madagascariensis,1214,4,14.876475508235
Accipiter madagascariensis,1313,4,36.3826787541578
Accipiter madagascariensis,1318,4,9.98819568180025
Accipiter madagascariensis,1330,4,16.8362046284112
Accipiter madagascariensis,1492,4,17.5870851484947
Accipiter madagascariensis,51,1,19.9337849990107
Accipiter madagascariensis,94,1,53.6769175645747
Accipiter madagascariensis,107,1,366.147778927468
Accipiter madagascariensis,300,1,2609.35666769842
Accipiter madagascariensis,1506,1,208.855460188826
Accipiter madagascariensis,1624,1,151.055431051786
Accipiter madagascariensis,1635,1,26.6587824925889
Accipiter madagascariensis,1636,1,254.421082642661
Accipiter madagascariensis,1637,1,16.2380797407103
Accipiter madagascariensis,1650,1,28.7773817194842
Accipiter madagascariensis,1651,1,234.708229999792
Accipiter madagascariensis,1665,1,90.3937869662622
Accipiter madagascariensis,1666,1,65.9968218823523
Accipiter madagascariensis,1667,1,19.5821926010261
Accipiter madagascariensis,1670,1,322.648436083532
Accipiter madagascariensis,1671,1,1103.96343099271
Accipiter madagascariensis,1674,1,19.8205211282898
Accipiter madagascariensis,1687,1,59.2391267675772
Accipiter madagascariensis,1690,1,19.4390238963762
Accipiter madagascariensis,1691,1,58.1245802735148
Accipiter madagascariensis,1695,1,28.1809853154598
Accipiter madagascariensis,1696,1,66.1899405958974
Accipiter madagascariensis,1700,1,83.2026980152344
Accipiter madagascariensis,1701,1,11.844067606982
Accipiter madagascariensis,1705,1,118.514859144707
Accipiter madagascariensis,1706,1,29.8631327553117
Accipiter madagascariensis,1707,1,17.1974791608272
Accipiter madagascariensis,1709,1,147.565898089784
Accipiter madagascariensis,1710,1,62.6106702145676
Accipiter madagascariensis,1712,1,15.032588320411
Acrocephalus newtoni,307,136,45.7690350461981
Acrocephalus newtoni,363,112,0.370271373195231
Acrocephalus newtoni,364,112,0.462834125284791
Acrocephalus newtoni,368,112,43.0377824654073
Acrocephalus newtoni,389,112,1.48074673073471
Acrocephalus newtoni,391,112,1.66577102635694
Acrocephalus newtoni,395,112,0.277623898765862
Acrocephalus newtoni,401,112,0.277610584835947
Acrocephalus newtoni,442,112,1.38815019469857
Acrocephalus newtoni,169,134,0.463597745714188
Acrocephalus newtoni,213,134,43.2038186617044
Acrocephalus newtoni,104,71,0.55664420881176
Acrocephalus newtoni,106,71,0.371099061261296
Acrocephalus newtoni,108,71,0.556625695955813
Acrocephalus newtoni,118,71,0.463806772104442
Acrocephalus newtoni,124,71,0.27827526928854
Acrocephalus newtoni,126,71,0.463781360735595
Acrocephalus newtoni,141,71,0.278243954662919
Acrocephalus newtoni,153,71,0.27820176096195
Acrocephalus newtoni,156,71,0.64914825101471
Acrocephalus newtoni,164,71,6.4908973798604
Acrocephalus newtoni,168,71,8.4370977335708
Acrocephalus newtoni,174,71,130.021860527528
Acrocephalus newtoni,24338,71,56.8711675529887
Acrocephalus newtoni,12582,29,38.0240908844043
Acrocephalus newtoni,23735,29,3.34846321159315
Acrocephalus newtoni,23736,29,0.723997986286044
Acrocephalus newtoni,23738,29,0.361958205401659
Acrocephalus newtoni,24495,29,0.452763459861636
Acrocephalus newtoni,22723,141,0.777178853789091
Acrocephalus newtoni,24384,141,0.604549703200817
Acrocephalus newtoni,24545,141,27.2715936270507
Acrocephalus newtoni,24546,141,29.4123165165292
Acrocephalus newtoni,24547,141,29.3885406549345
Acrocephalus newtoni,24548,141,20.6592519148769
Acrocephalus newtoni,24549,141,19.9515621485635
Acrocephalus newtoni,13683,47,78.5054384879867
Acrocephalus newtoni,13871,66,36.331879859746
Acrocephalus newtoni,23321,66,0.449603298739195
Acrocephalus newtoni,23322,66,0.359686745625734
Acrocephalus newtoni,24528,66,0.449634089967847
Acrocephalus newtoni,24569,66,6.47518067736232
Acrocephalus newtoni,13578,158,2.87876883525968
Acrocephalus newtoni,13584,158,0.899620833965421
Acrocephalus newtoni,13630,158,0.269868277515173
Acrocephalus newtoni,24634,158,45.3586244343983
Acrocephalus newtoni,24635,158,33.0953660842072
Acrocephalus newtoni,24750,160,52.0931107730117
Acrocephalus newtoni,24378,133,64.9869920614074
Acrocephalus newtoni,14041,142,23.5469795521139
Acrocephalus newtoni,24567,142,39.1360013945309
Acrocephalus newtoni,24743,142,4.85579742656708
Acrocephalus newtoni,24597,149,113.437646918732
Acrocephalus newtoni,22751,155,48.282664278709
Acrocephalus newtoni,24726,156,31.1097970257607
Acrocephalus newtoni,24727,156,29.6010280215059
Acrocephalus newtoni,15683,86,3.3134309653126
Acrocephalus newtoni,15933,86,55.6258324433815
Acrocephalus newtoni,16171,86,240.346898243405
Acrocephalus newtoni,23350,86,60.7930477369982
Acrocephalus newtoni,24147,86,27.5139015001006
Acrocephalus newtoni,24535,86,0.447673652347684
Acrocephalus newtoni,24539,86,17.1081231937802
Acrocephalus newtoni,24590,86,43.0398890354153
Acrocephalus newtoni,24730,86,21.5096479841157
Acrocephalus newtoni,5928,98,64.7813755391271
Acrocephalus newtoni,24324,98,1.73570699889708
Acrocephalus newtoni,19365,150,0.62064821295929
Acrocephalus newtoni,19380,150,0.265972006814122
Acrocephalus newtoni,19400,150,0.709200345668078
Acrocephalus newtoni,24654,150,139.201165790879
Acrocephalus newtoni,24719,150,9.04229392746901
Acrocephalus newtoni,24782,150,68.6631767822923
Acrocephalus newtoni,11957,85,0.812480411258936
Acrocephalus newtoni,24619,85,16.6994855698657
Acrocephalus newtoni,24652,85,61.2124982058693
Acrocephalus newtoni,24693,85,59.0116196877182
Acrocephalus newtoni,24871,85,1.17365293457222
Acrocephalus newtoni,1047,87,19.9337849990107
Acrocephalus newtoni,24791,87,254.421082642661
Acrocephalus newtoni,24793,87,0.645659265649438
Acrocephalus newtoni,24761,162,0.3690976892097
Acrocephalus newtoni,24790,162,26.6587824925889
Acrocephalus newtoni,24792,162,16.2380797407103
Acrocephalus newtoni,21197,116,41.698705479528
Acrocephalus newtoni,21282,116,3.32941224809313
Acrocephalus newtoni,21641,116,46.5723968884147
Acrocephalus newtoni,24134,116,15.479861985826
Acrocephalus newtoni,24460,116,16.8362046284112
Acrocephalus newtoni,24461,116,7.1876479107902
Acrocephalus newtoni,24737,116,5.43494208523166
Acrocephalus newtoni,24861,116,1.57807103533185
Acrocephalus newtoni,4564,131,16.3740665150672
Acrocephalus newtoni,4736,131,19.2038282113973
Acrocephalus newtoni,4940,163,7.03434427333379
Acrocephalus newtoni,4944,163,5.85033975470352
Acrocephalus newtoni,4955,163,24.6792146248873
Acrocephalus newtoni,4985,163,1.0054375043211
Acrocephalus newtoni,4993,163,2.83342021114933
Acrocephalus newtoni,5016,163,2.37624750380063
Acrocephalus newtoni,5024,163,1.00536820483017
Acrocephalus newtoni,5030,163,0.274192454328179
Acrocephalus newtoni,5081,163,7.67678403816092
Acrocephalus newtoni,5168,163,8.49783825707888
Acrocephalus newtoni,5220,163,0.274089461484194
Acrocephalus newtoni,5266,163,9.5018882179122
Acrocephalus newtoni,5267,163,4.567756926453
Acrocephalus newtoni,5999,163,331.104322929438
Acrocephalus newtoni,6004,163,2.00722734047782
Acrocephalus newtoni,6013,163,0.364942030489683
Acrocephalus newtoni,6021,163,0.456175956650972
Acrocephalus newtoni,23915,163,16.905341212997
Acrocephalus newtoni,24326,163,1.55373825480127
Acrocephalus newtoni,24387,163,0.456749789226413
Acrocephalus newtoni,24591,163,36.1603726523629
Acrocephalus newtoni,24756,163,100.812835919068
Acrocephalus newtoni,24783,163,61.5242877536897
Acrocephalus newtoni,24823,163,0.822074067883492
Acrocephalus newtoni,24825,163,0.365072069038987
Acrocephalus newtoni,24826,163,1.82525826522207
Acrocephalus newtoni,24857,163,5.11777562952042
Acrocephalus newtoni,2269,161,0.643524707942724
Acrocephalus newtoni,2321,161,0.459616383672059
Acrocephalus newtoni,2343,161,0.643432019172192
Acrocephalus newtoni,2350,161,0.275752651619673
Acrocephalus newtoni,2371,161,0.367655302864194
Acrocephalus newtoni,2391,161,1.56243208603442
Acrocephalus newtoni,2392,161,0.275729722221732
Acrocephalus newtoni,2412,161,0.275717098941624
Acrocephalus newtoni,2425,161,0.275709061498523
Acrocephalus newtoni,2430,161,0.459508593737543
Acrocephalus newtoni,2436,161,0.45949710468936
Acrocephalus newtoni,2437,161,1.1946710927344
Acrocephalus newtoni,2451,161,53.6769175645747
Acrocephalus newtoni,2456,161,3.21620605602419
Acrocephalus newtoni,2457,161,0.551364106284499
Acrocephalus newtoni,2465,161,1.10266377710527
Acrocephalus newtoni,2474,161,0.367564567481756
Acrocephalus newtoni,2482,161,0.551319225258708
Acrocephalus newtoni,2491,161,1.10259928914046
Acrocephalus newtoni,2498,161,2.02137478975803
Acrocephalus newtoni,2499,161,0.826945434479237
Acrocephalus newtoni,2504,161,0.643170052255213
Acrocephalus newtoni,2513,161,1.65382056523675
Acrocephalus newtoni,2537,161,0.826825480994821
Acrocephalus newtoni,2564,161,0.459349671094894
Acrocephalus newtoni,2588,161,0.367459639964223
Acrocephalus newtoni,2601,161,0.275586929093957
Acrocephalus newtoni,2606,161,1.46972063059181
Acrocephalus newtoni,2607,161,0.275577679304183
Acrocephalus newtoni,2696,161,0.367363554798603
Acrocephalus newtoni,2801,161,366.147778927468
Acrocephalus newtoni,2841,161,0.275443051051259
Acrocephalus newtoni,8564,161,2609.35666769842
Acrocephalus newtoni,24804,161,0.733449546446324
Acrocephalus newtoni,24805,161,28.7773817194842
Acrocephalus newtoni,24806,161,234.708229999792
Acrocephalus newtoni,24822,161,19.5821926010261
Acrocephalus newtoni,24832,161,322.648436083532
Acrocephalus newtoni,24833,161,1103.96343099271
Acrocephalus newtoni,24834,161,0.3671433986426
Acrocephalus newtoni,24835,161,4.95616607062131
Acrocephalus newtoni,24836,161,19.8205211282898
Acrocephalus newtoni,24837,161,0.367093046224117
Acrocephalus newtoni,24840,161,0.367054338001192
Acrocephalus newtoni,24841,161,0.642337166595399
Acrocephalus newtoni,24842,161,7.43174190611184
Acrocephalus newtoni,24843,161,3.11954769088572
Acrocephalus newtoni,24844,161,1.37619193792719
Acrocephalus newtoni,24848,161,1.19252978562158
Acrocephalus newtoni,24849,161,59.2391267675772
Acrocephalus newtoni,24850,161,0.550263871117234
Acrocephalus newtoni,24852,161,19.4390238963762
Acrocephalus newtoni,24853,161,58.1245802735148
Acrocephalus newtoni,24855,161,5.77360824797505
Acrocephalus newtoni,24856,161,0.457520320277393
Acrocephalus newtoni,24872,161,3.30296723872322
Acrocephalus newtoni,24873,161,7.8888975294175
Acrocephalus newtoni,24874,161,0.366907192294359
Acrocephalus newtoni,24877,161,17.1974791608272
Acrocephalus newtoni,24878,161,0.365857744152904
Acrocephalus newtoni,24879,161,147.565898089784
Acrocephalus newtoni,24604,164,208.855460188826
Acrocephalus newtoni,24821,164,65.9968218823523
Acrocephalus newtoni,24864,164,28.1809853154598
Acrocephalus newtoni,24865,164,66.1899405958974
Acrocephalus newtoni,24866,164,0.820644420907617
Acrocephalus newtoni,24867,164,1.73194615611291
Acrocephalus newtoni,24869,164,83.2026980152344
Acrocephalus newtoni,24870,164,11.844067606982
Acrocephalus newtoni,24882,164,15.032588320411
Acrocephalus newtoni,24883,164,7.74432683949936
Acrocephalus newtoni,24884,164,0.273353686598182
Acrocephalus newtoni,24770,165,151.055431051786
Acrocephalus newtoni,24820,166,90.3937869662622
Acrocephalus newtoni,24880,166,62.6106702145676
Acrocephalus newtoni,24881,166,5.74979056634986
Acrocephalus newtoni,24875,167,118.514859144707
Acrocephalus newtoni,24876,167,29.8631327553117
Alectroenas madagascariensis,3,1,111.100829909233
Alectroenas madagascariensis,4,1,0.64914825101471
Alectroenas madagascariensis,16,1,21.0334598369182
Alectroenas madagascariensis,5882,1,56.8711675529887
Alectroenas madagascariensis,1089,9,61.6911093266145
Alectroenas madagascariensis,5926,10,29.4123165165292
Alectroenas madagascariensis,5948,10,27.2715936270507
Alectroenas madagascariensis,5949,10,29.3885406549345
Alectroenas madagascariensis,5950,10,20.6592519148769
Alectroenas madagascariensis,1177,2,27.8442933033056
Alectroenas madagascariensis,1199,2,1.73396250702786
Alectroenas madagascariensis,5889,2,29.1295754598171
Alectroenas madagascariensis,5890,2,21.8141374870516
Alectroenas madagascariensis,5967,2,23.924301946917
Alectroenas madagascariensis,2148,16,2.87876883525968
Alectroenas madagascariensis,2151,16,0.899620833965421
Alectroenas madagascariensis,6004,16,45.3586244343983
Alectroenas madagascariensis,6005,16,33.0953660842072
Alectroenas madagascariensis,6104,16,52.0931107730117
Alectroenas madagascariensis,5974,12,113.437646918732
Alectroenas madagascariensis,5842,13,48.282664278709
Alectroenas madagascariensis,6096,14,31.1097970257607
Alectroenas madagascariensis,6097,14,29.6010280215059
Alectroenas madagascariensis,4642,11,0.620648212959528
Alectroenas madagascariensis,4655,11,0.709200345668078
Alectroenas madagascariensis,6024,11,138.846313450127
Alectroenas madagascariensis,6090,11,9.04229392746901
Alectroenas madagascariensis,6135,11,68.6631767822923
Alectroenas madagascariensis,200,8,19.9337849990107
Alectroenas madagascariensis,510,8,0.644736027104974
Alectroenas madagascariensis,539,8,149.498138390679
Alectroenas madagascariensis,712,8,0.643524707942724
Alectroenas madagascariensis,732,8,0.643432019172192
Alectroenas madagascariensis,742,8,1.56243208603442
Alectroenas madagascariensis,748,8,1.1946710927344
Alectroenas madagascariensis,751,8,53.6769175645747
Alectroenas madagascariensis,752,8,3.21620605602419
Alectroenas madagascariensis,753,8,0.551364106284499
Alectroenas madagascariensis,756,8,1.10266377710527
Alectroenas madagascariensis,760,8,0.551319225258708
Alectroenas madagascariensis,762,8,1.10259928914046
Alectroenas madagascariensis,764,8,2.02137478975803
Alectroenas madagascariensis,765,8,0.826945434479237
Alectroenas madagascariensis,767,8,0.643170052255213
Alectroenas madagascariensis,769,8,1.65382056523675
Alectroenas madagascariensis,781,8,0.826825480995119
Alectroenas madagascariensis,793,8,1.46972063059181
Alectroenas madagascariensis,839,8,366.147778927468
Alectroenas madagascariensis,1126,8,1.37162994920188
Alectroenas madagascariensis,1379,8,2443.7399058462
Alectroenas madagascariensis,5975,8,208.855460188826
Alectroenas madagascariensis,6122,8,151.055431051786
Alectroenas madagascariensis,6141,8,26.6587824925889
Alectroenas madagascariensis,6142,8,254.421082642661
Alectroenas madagascariensis,6143,8,16.2380797407103
Alectroenas madagascariensis,6144,8,0.645659265649438
Alectroenas madagascariensis,6155,8,0.733449546446324
Alectroenas madagascariensis,6156,8,28.7773817194842
Alectroenas madagascariensis,6157,8,234.708229999792
Alectroenas madagascariensis,6171,8,90.3937869662622
Alectroenas madagascariensis,6172,8,62.6106702145676
Alectroenas madagascariensis,6173,8,19.5821926010261
Alectroenas madagascariensis,6176,8,322.648436083532
Alectroenas madagascariensis,6177,8,1103.96343099271
Alectroenas madagascariensis,6179,8,4.95616607062131
Alectroenas madagascariensis,6180,8,19.8205211282898
Alectroenas madagascariensis,6185,8,0.642337166595399
Alectroenas madagascariensis,6186,8,7.43174190611184
Alectroenas madagascariensis,6187,8,3.11954769088572
Alectroenas madagascariensis,6188,8,1.37619193792719
Alectroenas madagascariensis,6192,8,1.19252978562158
Alectroenas madagascariensis,6193,8,59.2391267675772
Alectroenas madagascariensis,6194,8,0.550263871117234
Alectroenas madagascariensis,6196,8,19.4390238963762
Alectroenas madagascariensis,6197,8,58.1245802735148
Alectroenas madagascariensis,6199,8,5.77360824797505
Alectroenas madagascariensis,6201,8,28.1809853154598
Alectroenas madagascariensis,6202,8,66.1899405958974
Alectroenas madagascariensis,6203,8,0.820644420907617
Alectroenas madagascariensis,6204,8,1.73194615611291
Alectroenas madagascariensis,6206,8,83.2026980152344
Alectroenas madagascariensis,6207,8,11.844067606982
Alectroenas madagascariensis,6209,8,3.30296723872322
Alectroenas madagascariensis,6210,8,7.8888975294175
Alectroenas madagascariensis,6212,8,118.514859144707
Alectroenas madagascariensis,6213,8,29.8631327553117
Alectroenas madagascariensis,6215,8,96.830526666995
Alectroenas madagascariensis,6216,8,5.74979056634986
Alectroenas madagascariensis,6217,8,52.6913009336716
Alectroenas madagascariensis,6218,8,15.032588320411
Alectroenas madagascariensis,6219,8,7.74432683949936
Alectroenas madagascariensis,1711,15,0.812480411258936
Alectroenas madagascariensis,5989,15,16.6994855698657
Alectroenas madagascariensis,6022,15,61.2124982058693
Alectroenas madagascariensis,6064,15,59.0116196877182
Alectroenas madagascariensis,6208,15,1.17365293457222
Apus balstoni,162,40,43.0377824654073
Apus balstoni,168,40,1.48074673073471
Apus balstoni,169,40,1.66577102635694
Apus balstoni,178,40,1.38815019469857
Apus balstoni,76,12,130.021860527528
Apus balstoni,77,12,6.4908973798604
Apus balstoni,79,12,8.4370977335708
Apus balstoni,103,12,43.2675847418705
Apus balstoni,7404,12,56.8711675529887
Apus balstoni,7446,42,64.9869920614074
Apus balstoni,7616,47,27.2715936270507
Apus balstoni,7617,47,29.4123165165292
Apus balstoni,7618,47,29.3885406549345
Apus balstoni,7619,47,20.6592519148769
Apus balstoni,7620,47,19.9515621485635
Apus balstoni,7639,48,78.5054384879867
Apus balstoni,4228,15,52.2268727901955
Apus balstoni,7782,15,39.1360013945309
Apus balstoni,4091,56,2.87876883525968
Apus balstoni,4093,56,0.899620833965421
Apus balstoni,7695,56,45.3586244343983
Apus balstoni,7696,56,33.0953660842072
Apus balstoni,7800,59,52.0931107730117
Apus balstoni,5747,5,94.3890022201454
Apus balstoni,5835,5,7.91386017940461
Apus balstoni,7792,50,31.1097970257607
Apus balstoni,7793,50,29.6010280215059
Apus balstoni,7660,51,113.437646918732
Apus balstoni,7193,53,48.282664278709
Apus balstoni,1771,33,64.7813755391271
Apus balstoni,7392,33,1.73570699889708
Apus balstoni,4719,46,21.5096479841157
Apus balstoni,4739,46,55.5362709867372
Apus balstoni,4781,46,3.3134309653126
Apus balstoni,4865,46,69.5634544487439
Apus balstoni,4953,46,247.416644683009
Apus balstoni,5187,46,29.8432117734141
Apus balstoni,5208,46,21.0801634665238
Apus balstoni,7599,46,17.1081231937802
Apus balstoni,7647,46,26.5383701396017
Apus balstoni,7649,46,6.61121590080178
Apus balstoni,7787,46,27.5139015001006
Apus balstoni,7715,55,138.846313450127
Apus balstoni,7781,55,9.04229392746901
Apus balstoni,7833,55,68.6631767822923
Apus balstoni,1495,39,16.3740665150672
Apus balstoni,1555,39,19.2038282113973
Apus balstoni,1604,39,7.03434427333379
Apus balstoni,1606,39,5.85033975470352
Apus balstoni,1608,39,24.6792146248902
Apus balstoni,1615,39,1.0054375043211
Apus balstoni,1618,39,2.65062070312488
Apus balstoni,1625,39,2.37624750380063
Apus balstoni,1634,39,7.67678403816092
Apus balstoni,1667,39,8.49783825707888
Apus balstoni,1696,39,9.5018882179122
Apus balstoni,1697,39,4.567756926453
Apus balstoni,1919,39,315.770596169554
Apus balstoni,1922,39,2.00722734047782
Apus balstoni,7206,39,16.631194611291
Apus balstoni,7400,39,1.55373825480127
Apus balstoni,7654,39,36.1603726523629
Apus balstoni,7806,39,100.812835919068
Apus balstoni,7834,39,61.2504145189477
Apus balstoni,7877,39,1.82525826522207
Apus balstoni,7908,39,5.11777562952042
Apus balstoni,359,41,19.9337849990107
Apus balstoni,810,41,1.56243208603442
Apus balstoni,827,41,1.1946710927344
Apus balstoni,833,41,53.6769175645747
Apus balstoni,835,41,3.21620605602419
Apus balstoni,838,41,1.10266377710527
Apus balstoni,848,41,1.10259928914046
Apus balstoni,850,41,2.02137478975803
Apus balstoni,853,41,1.65382056523675
Apus balstoni,884,41,1.46972063059181
Apus balstoni,936,41,366.147778927468
Apus balstoni,2656,41,2609.35666769842
Apus balstoni,7842,41,254.421082642661
Apus balstoni,7856,41,28.7773817194842
Apus balstoni,7857,41,234.708229999792
Apus balstoni,7873,41,19.5821926010261
Apus balstoni,7883,41,322.648436083532
Apus balstoni,7884,41,1103.96343099271
Apus balstoni,7886,41,4.95616607062131
Apus balstoni,7887,41,19.8205211282898
Apus balstoni,7893,41,7.43174190611184
Apus balstoni,7894,41,3.11954769088572
Apus balstoni,7895,41,1.37619193792719
Apus balstoni,7899,41,1.19252978562158
Apus balstoni,7900,41,59.2391267675772
Apus balstoni,7903,41,19.4390238963762
Apus balstoni,7904,41,58.1245802735148
Apus balstoni,7906,41,5.77360824797505
Apus balstoni,7921,41,3.30296723872322
Apus balstoni,7922,41,7.8888975294175
Apus balstoni,7924,41,118.514859144707
Apus balstoni,7925,41,29.8631327553117
Apus balstoni,7926,41,17.1974791608272
Apus balstoni,7928,41,147.565898089784
Apus balstoni,7661,60,208.855460188826
Apus balstoni,7872,60,65.9968218823523
Apus balstoni,7913,60,28.1809853154598
Apus balstoni,7914,60,66.1899405958974
Apus balstoni,7916,60,1.73194615611291
Apus balstoni,7918,60,83.2026980152344
Apus balstoni,7919,60,11.844067606982
Apus balstoni,7931,60,15.032588320411
Apus balstoni,7932,60,7.74432683949936
Apus balstoni,7820,61,151.055431051786
Apus balstoni,7871,62,90.3937869662622
Apus balstoni,7929,62,62.6106702145676
Apus balstoni,7930,62,5.74979056634986
Apus balstoni,7676,58,16.6994855698657
Apus balstoni,7713,58,61.2124982058693
Apus balstoni,7755,58,59.0116196877182
Apus balstoni,7920,58,1.17365293457222
Artamella viridis,3531,58,16.3740665150672
Artamella viridis,3649,58,2.19464777098459
Artamella viridis,3669,58,12.894550309714
Artamella viridis,305,59,0.370271373195231
Artamella viridis,306,59,0.462834125284791
Artamella viridis,309,59,43.0377824654073
Artamella viridis,325,59,1.48074673073471
Artamella viridis,326,59,1.66577102635694
Artamella viridis,360,59,1.38815019469857
Artamella viridis,152,62,0.463597745714188
Artamella viridis,188,62,43.2038186617044
Artamella viridis,100,16,0.55664420881176
Artamella viridis,103,16,0.371099061261296
Artamella viridis,106,16,0.556625695955813
Artamella viridis,114,16,0.463806772104442
Artamella viridis,121,16,0.463781360735595
Artamella viridis,139,16,0.64914825101471
Artamella viridis,144,16,130.021860527528
Artamella viridis,147,16,6.4908973798604
Artamella viridis,151,16,8.4370977335708
Artamella viridis,197,16,43.2675847418705
Artamella viridis,15483,16,56.8711675529887
Artamella viridis,6031,20,38.0240908844043
Artamella viridis,6062,20,3.07696966736627
Artamella viridis,6066,20,0.723997986286044
Artamella viridis,6081,20,0.361958205401897
Artamella viridis,15636,20,0.452763459861636
Artamella viridis,14427,66,0.777178853789091
Artamella viridis,15266,66,44.4928427752445
Artamella viridis,15522,66,0.604549703200817
Artamella viridis,15705,66,27.2715936270507
Artamella viridis,15706,66,29.4123165165292
Artamella viridis,15707,66,29.3885406549345
Artamella viridis,15708,66,20.6592519148769
Artamella viridis,15709,66,19.9515621485635
Artamella viridis,15728,69,78.5054384879867
Artamella viridis,7610,25,0.449603298739433
Artamella viridis,7611,25,0.359686745625973
Artamella viridis,7652,25,36.331879859746
Artamella viridis,15638,25,0.449634089967847
Artamella viridis,15727,25,6.47518067736232
Artamella viridis,15516,61,64.9869920614074
Artamella viridis,7754,24,52.2268727901955
Artamella viridis,15873,24,39.1360013945309
Artamella viridis,13193,36,0.523638666577697
Artamella viridis,13213,36,0.523563038836241
Artamella viridis,13221,36,0.698019186100006
Artamella viridis,13236,36,0.436189867799282
Artamella viridis,13281,36,2.17984381179476
Artamella viridis,13371,36,1.39385740344095
Artamella viridis,13382,36,118.514144622728
Artamella viridis,13411,36,0.348321061425805
Artamella viridis,13474,36,0.34803445176816
Artamella viridis,13570,36,0.347746593876839
Artamella viridis,13590,36,0.434623503267407
Artamella viridis,13849,36,1.47393099119139
Artamella viridis,13917,36,11.0948326900705
Artamella viridis,13933,36,0.866604338243127
Artamella viridis,14354,36,102.281833427133
Artamella viridis,15141,36,1.13414415884197
Artamella viridis,15142,36,256.826351227335
Artamella viridis,15167,36,45.1360753508905
Artamella viridis,15251,36,0.521531653210759
Artamella viridis,15468,36,14.876475508235
Artamella viridis,15599,36,25.3907382257994
Artamella viridis,15603,36,9.98819568180025
Artamella viridis,7456,79,2.87876883525968
Artamella viridis,7459,79,0.899620833965421
Artamella viridis,15786,79,45.3586244343983
Artamella viridis,15787,79,33.0953660842072
Artamella viridis,15926,80,52.0931107730117
Artamella viridis,10623,21,137.443018218653
Artamella viridis,15751,73,113.437646918732
Artamella viridis,14642,75,48.282664278709
Artamella viridis,15888,77,31.1097970257607
Artamella viridis,15889,77,29.6010280215059
Artamella viridis,4013,48,64.7813755391271
Artamella viridis,15453,48,1.73570699889708
Artamella viridis,8257,67,16.1479318826332
Artamella viridis,8718,81,21.5096479841157
Artamella viridis,8763,81,55.5362709867372
Artamella viridis,8845,81,3.3134309653126
Artamella viridis,8901,81,57.120418073331
Artamella viridis,9840,81,420.270539517261
Artamella viridis,15683,81,17.1081231937802
Artamella viridis,15687,81,0.447673652347684
Artamella viridis,15737,81,26.5383701396017
Artamella viridis,15739,81,21.0801634665238
Artamella viridis,15883,81,27.5139015001006
Artamella viridis,11295,72,0.620648212959528
Artamella viridis,11321,72,0.709200345668078
Artamella viridis,15806,72,138.846313450127
Artamella viridis,15872,72,9.04229392746901
Artamella viridis,15957,72,68.6631767822923
Artamella viridis,3837,30,2.64969806134474
Artamella viridis,3879,30,7.03479595916414
Artamella viridis,3884,30,4.567756926453
Artamella viridis,3922,30,0.822074067883492
Artamella viridis,4227,30,60.2376703430335
Artamella viridis,4273,30,0.365034251434088
Artamella viridis,4274,30,61.0679011777905
Artamella viridis,15525,30,0.456749789226413
Artamella viridis,15555,30,81.3668221959746
Artamella viridis,15745,30,36.1603726523629
Artamella viridis,15961,30,3.2854141933409
Artamella viridis,16043,30,0.365072069038987
Artamella viridis,16044,30,1.82525826522207
Artamella viridis,6580,38,0.812480411258936
Artamella viridis,15768,38,16.6994855698657
Artamella viridis,15769,38,1.17365293457222
Artamella viridis,15804,38,61.2124982058693
Artamella viridis,15846,38,59.0116196877182
Artamella viridis,12777,50,6.13304144533789
Artamella viridis,12833,50,24.7779121193383
Artamella viridis,12970,50,46.5723968884147
Artamella viridis,15265,50,41.6109267733939
Artamella viridis,15597,50,36.3826787541578
Artamella viridis,15614,50,16.8362046284112
Artamella viridis,15615,50,7.1876479107902
Artamella viridis,15918,50,5.43494208523166
Artamella viridis,16026,50,1.57807103533185
Artamella viridis,865,60,19.9337849990107
Artamella viridis,1923,60,0.643524707942724
Artamella viridis,1971,60,0.459616383672059
Artamella viridis,1992,60,0.643432019172192
Artamella viridis,2012,60,0.367655302864194
Artamella viridis,2029,60,1.56243208603442
Artamella viridis,2061,60,0.459508593737543
Artamella viridis,2067,60,0.45949710468936
Artamella viridis,2068,60,1.1946710927344
Artamella viridis,2079,60,53.6769175645747
Artamella viridis,2082,60,3.21620605602419
Artamella viridis,2083,60,0.551364106284499
Artamella viridis,2089,60,1.10266377710527
Artamella viridis,2096,60,0.367564567481756
Artamella viridis,2100,60,0.551319225258708
Artamella viridis,2109,60,1.10259928914046
Artamella viridis,2114,60,2.02137478975803
Artamella viridis,2115,60,0.826945434479237
Artamella viridis,2120,60,0.643170052255213
Artamella viridis,2126,60,1.65382056523675
Artamella viridis,2142,60,0.826825480994821
Artamella viridis,2161,60,0.459349671094894
Artamella viridis,2182,60,0.367459639964223
Artamella viridis,2196,60,1.46972063059181
Artamella viridis,2272,60,0.367363554798603
Artamella viridis,2344,60,366.147778927468
Artamella viridis,5287,60,2609.35666769842
Artamella viridis,15935,60,0.3690976892097
Artamella viridis,15965,60,26.6587824925889
Artamella viridis,15966,60,254.421082642661
Artamella viridis,15967,60,16.2380797407103
Artamella viridis,15968,60,0.645659265649438
Artamella viridis,15979,60,0.733449546446324
Artamella viridis,15980,60,28.7773817194842
Artamella viridis,15981,60,234.708229999792
Artamella viridis,15997,60,19.5821926010261
Artamella viridis,16001,60,322.648436083532
Artamella viridis,16002,60,1103.96343099271
Artamella viridis,16003,60,0.3671433986426
Artamella viridis,16004,60,4.95616607062131
Artamella viridis,16005,60,19.8205211282898
Artamella viridis,16006,60,0.367093046224117
Artamella viridis,16009,60,0.367054338001192
Artamella viridis,16010,60,0.642337166595399
Artamella viridis,16011,60,7.43174190611184
Artamella viridis,16012,60,3.11954769088572
Artamella viridis,16013,60,1.37619193792719
Artamella viridis,16017,60,1.19252978562158
Artamella viridis,16018,60,59.2391267675772
Artamella viridis,16019,60,0.550263871117234
Artamella viridis,16021,60,19.4390238963762
Artamella viridis,16022,60,58.1245802735148
Artamella viridis,16024,60,5.77360824797505
Artamella viridis,16025,60,0.457520320277393
Artamella viridis,16037,60,3.30296723872322
Artamella viridis,16038,60,7.8888975294175
Artamella viridis,16039,60,0.366907192294359
Artamella viridis,16040,60,118.514859144707
Artamella viridis,16041,60,29.8631327553117
Artamella viridis,16048,60,17.1974791608272
Artamella viridis,16049,60,0.365857744152904
Artamella viridis,16050,60,147.565898089784
Artamella viridis,15752,82,208.855460188826
Artamella viridis,15996,82,65.9968218823523
Artamella viridis,16029,82,28.1809853154598
Artamella viridis,16030,82,66.1899405958974
Artamella viridis,16031,82,0.820644420907617
Artamella viridis,16032,82,1.73194615611291
Artamella viridis,16034,82,83.2026980152344
Artamella viridis,16035,82,11.844067606982
Artamella viridis,16053,82,15.032588320411
Artamella viridis,16054,82,7.74432683949936
Artamella viridis,15944,83,151.055431051786
Artamella viridis,15995,84,90.3937869662622
Artamella viridis,16051,84,62.6106702145676
Artamella viridis,16052,84,5.74979056634986
Asio madagascariensis,645,2,75.1476247150756
Asio madagascariensis,809,2,95.5294500820313
Asio madagascariensis,1297,2,21.0801634665238
Asio madagascariensis,1304,3,113.437646918732
Asio madagascariensis,1355,3,138.846313450127
Asio madagascariensis,1421,3,9.04229392746901
Asio madagascariensis,1427,3,31.1097970257607
Asio madagascariensis,1428,3,29.6010280215059
Asio madagascariensis,1465,3,68.6631767822923
Asio madagascariensis,32,1,19.9337849990107
Asio madagascariensis,122,1,53.6769175645747
Asio madagascariensis,138,1,366.147778927468
Asio madagascariensis,234,1,2609.35666769842
Asio madagascariensis,1305,1,208.855460188826
Asio madagascariensis,1452,1,151.055431051786
Asio madagascariensis,1467,1,26.6587824925889
Asio madagascariensis,1468,1,254.421082642661
Asio madagascariensis,1469,1,16.2380797407103
Asio madagascariensis,1482,1,28.7773817194842
Asio madagascariensis,1483,1,234.708229999792
Asio madagascariensis,1497,1,90.3937869662622
Asio madagascariensis,1498,1,65.9968218823523
Asio madagascariensis,1499,1,19.5821926010261
Asio madagascariensis,1502,1,322.648436083532
Asio madagascariensis,1503,1,1103.96343099271
Asio madagascariensis,1505,1,4.95616607062131
Asio madagascariensis,1506,1,19.8205211282898
Asio madagascariensis,1512,1,7.43174190611184
Asio madagascariensis,1519,1,59.2391267675772
Asio madagascariensis,1522,1,19.4390238963762
Asio madagascariensis,1523,1,58.1245802735148
Asio madagascariensis,1525,1,5.77360824797505
Asio madagascariensis,1527,1,28.1809853154598
Asio madagascariensis,1528,1,66.1899405958974
Asio madagascariensis,1532,1,83.2026980152344
Asio madagascariensis,1533,1,11.844067606982
Asio madagascariensis,1536,1,7.8888975294175
Asio madagascariensis,1538,1,118.514859144707
Asio madagascariensis,1539,1,29.8631327553117
Asio madagascariensis,1540,1,17.1974791608272
Asio madagascariensis,1542,1,147.565898089784
Asio madagascariensis,1543,1,62.6106702145676
Asio madagascariensis,1544,1,5.74979056634986
Asio madagascariensis,1545,1,15.032588320411
Asio madagascariensis,1546,1,7.74432683949936
Asio madagascariensis,1320,4,16.6994855698657
Asio madagascariensis,1335,4,45.3586244343983
Asio madagascariensis,1336,4,33.0953660842072
Asio madagascariensis,1353,4,61.2124982058693
Asio madagascariensis,1395,4,59.0116196877182
Asio madagascariensis,1435,4,52.0931107730117
Atelornis crossleyi,8,2,121.467199711754
Atelornis crossleyi,181,10,126.079136078817
Atelornis crossleyi,228,10,62.019508134887
Atelornis crossleyi,236,10,8.51088823906339
Atelornis crossleyi,3,1,89.7511198237331
Atelornis crossleyi,4,1,176.078494761191
Atelornis crossleyi,6,1,18.8525092663892
Atelornis crossleyi,7,1,806.864200137748
Atelornis crossleyi,238,1,2.67266141879243
Atelornis crossleyi,239,1,29.7439079649625
Atelornis crossleyi,49,4,59.0116196877182
Atelornis crossleyi,205,4,61.2124982058693
Atelornis pittoides,1,1,72.6104762396658
Atelornis pittoides,955,1,56.8711675529887
Atelornis pittoides,953,5,29.4123165165292
Atelornis pittoides,980,5,27.2715936270507
Atelornis pittoides,981,5,29.3885406549345
Atelornis pittoides,982,5,20.6592519148769
Atelornis pittoides,223,4,2.87876883525968
Atelornis pittoides,1023,4,45.3586244343983
Atelornis pittoides,1024,4,33.0953660842072
Atelornis pittoides,1125,4,52.0931107730117
Atelornis pittoides,1002,8,113.437646918732
Atelornis pittoides,1043,10,138.846313450127
Atelornis pittoides,1112,10,9.04229392746901
Atelornis pittoides,1150,10,68.6631767822923
Atelornis pittoides,28,2,11.423145542632
Atelornis pittoides,53,2,2.11438066261417
Atelornis pittoides,63,2,1.8373651948179
Atelornis pittoides,66,2,1.46972063059181
Atelornis pittoides,67,2,2.11261448298192
Atelornis pittoides,69,2,2.75561017110461
Atelornis pittoides,74,2,289.718407858377
Atelornis pittoides,100,2,1914.39778327828
Atelornis pittoides,109,2,120.156076065488
Atelornis pittoides,124,2,161.696952363711
Atelornis pittoides,130,2,48.0336379139193
Atelornis pittoides,144,2,31.6704292118326
Atelornis pittoides,1140,2,118.514859144707
Atelornis pittoides,1152,2,26.6587824925889
Atelornis pittoides,1153,2,240.766525636997
Atelornis pittoides,1154,2,16.2380797407103
Atelornis pittoides,1161,2,401.35630033969
Atelornis pittoides,1162,2,322.648436083532
Atelornis pittoides,1164,2,185.116632381658
Atelornis pittoides,1167,2,5.74979056634986
Atelornis pittoides,1176,2,3.30296723872322
Atelornis pittoides,1177,2,7.8888975294175
Atelornis pittoides,1179,2,122.951826375919
Atelornis pittoides,1180,2,7.43174190611184
Atelornis pittoides,1182,2,4.95616607062131
Atelornis pittoides,1183,2,19.8205211282898
Atelornis pittoides,1189,2,3.11954769088572
Atelornis pittoides,1191,2,59.2391267675772
Atelornis pittoides,1194,2,58.1245802735148
Atelornis pittoides,1195,2,5.77360824797505
Atelornis pittoides,1196,2,29.9898296926183
Atelornis pittoides,1197,2,15.3123498152591
Atelornis pittoides,1198,2,89.9981553574314
Atelornis pittoides,151,12,142.504930117772
Atelornis pittoides,1000,12,15.032588320411
Atelornis pittoides,1168,12,28.1809853154598
Atelornis pittoides,1169,12,66.1899405958974
Atelornis pittoides,1171,12,1.73194615611291
Atelornis pittoides,1173,12,83.2026980152344
Atelornis pittoides,1174,12,11.844067606982
Atelornis pittoides,1142,13,85.0129490869749
Atelornis pittoides,1012,11,16.6994855698657
Atelornis pittoides,1041,11,61.2124982058693
Atelornis pittoides,1086,11,59.0116196877182
Athene superciliaris,24,1,57.4113842878613
Athene superciliaris,34,1,6.4908973798604
Athene superciliaris,36,1,8.4370977335708
Athene superciliaris,47,1,43.2038186617044
Athene superciliaris,67,1,43.4528749465152
Athene superciliaris,78,1,43.0377824654073
Athene superciliaris,3042,12,44.4928427752445
Athene superciliaris,3471,12,29.4123165165292
Athene superciliaris,3472,12,29.3885406549345
Athene superciliaris,3473,12,20.6592519148769
Athene superciliaris,3474,12,19.9515621485635
Athene superciliaris,1255,15,52.0931107730117
Athene superciliaris,1364,15,45.3586244344044
Athene superciliaris,1380,15,2.87876883525968
Athene superciliaris,1381,15,33.0953660842072
Athene superciliaris,1942,14,137.443018218653
Athene superciliaris,1401,7,36.331879859746
Athene superciliaris,1424,7,52.2268727901955
Athene superciliaris,1518,7,42.3362076362427
Athene superciliaris,1570,7,57.9536162531174
Athene superciliaris,1583,7,3.3134309653126
Athene superciliaris,1676,7,89.7882265229853
Athene superciliaris,1731,7,468.355482097602
Athene superciliaris,3018,7,21.5096479841157
Athene superciliaris,3112,7,3.75955498127008
Athene superciliaris,3475,7,17.1081231937802
Athene superciliaris,3489,7,6.47518067736232
Athene superciliaris,3524,7,43.0398890354153
Athene superciliaris,3555,7,39.1360013945309
Athene superciliaris,3586,7,27.5139015001006
Athene superciliaris,1997,16,63.1928620869468
Athene superciliaris,2084,16,46.697352145833
Athene superciliaris,3550,16,4.07421882343113
Athene superciliaris,3553,16,9.04229392746901
Athene superciliaris,534,10,16.3740665150672
Athene superciliaris,561,10,19.2038282114016
Athene superciliaris,617,10,2.64969806134474
Athene superciliaris,631,10,7.03479595916414
Athene superciliaris,632,10,4.567756926453
Athene superciliaris,711,10,14.8774610751536
Athene superciliaris,717,10,61.0679011777905
Athene superciliaris,721,10,47.905131750668
Athene superciliaris,738,10,50.5501472631775
Athene superciliaris,3357,10,29.1295754598171
Athene superciliaris,3525,10,36.1603726523629
Athene superciliaris,3621,10,3.2854141933409
Athene superciliaris,148,11,19.9337849990107
Athene superciliaris,300,11,6.61398661988985
Athene superciliaris,309,11,14.5111671973782
Athene superciliaris,488,11,29.757032203134
Athene superciliaris,548,11,41.9750559514449
Athene superciliaris,558,11,708.933326454914
Athene superciliaris,604,11,147.565898089784
Athene superciliaris,667,11,52.3253046845148
Athene superciliaris,701,11,2.73830994216502
Athene superciliaris,802,11,13.2143774025955
Athene superciliaris,812,11,7.74432683950007
Athene superciliaris,820,11,15.0325883204132
Athene superciliaris,3597,11,254.421082642661
Athene superciliaris,3604,11,151.055431051786
Athene superciliaris,3605,11,1187.22046464509
Athene superciliaris,3606,11,25.2209269263488
Athene superciliaris,3614,11,28.7773817194842
Athene superciliaris,3615,11,99.7979325636272
Athene superciliaris,3630,11,30.996455854159
Athene superciliaris,3632,11,322.648436083532
Athene superciliaris,3633,11,24.6020278093903
Athene superciliaris,3634,11,162.120364605546
Athene superciliaris,3636,11,4.95616607062131
Athene superciliaris,3637,11,19.8205211282898
Athene superciliaris,3643,11,7.43174190611184
Athene superciliaris,3644,11,3.11954769088572
Athene superciliaris,3650,11,59.2391267675772
Athene superciliaris,3653,11,19.4390238963762
Athene superciliaris,3654,11,58.1245802735148
Athene superciliaris,3656,11,82.5824539634436
Athene superciliaris,3657,11,5.77360824797505
Athene superciliaris,3658,11,18.3894848404292
Athene superciliaris,3659,11,17.1974791608272
Athene superciliaris,3664,11,3.30296723872322
Athene superciliaris,3665,11,7.8888975294175
Athene superciliaris,3667,11,118.514859144707
Athene superciliaris,3668,11,29.8631327553117
Athene superciliaris,2153,13,13.1672804516124
Athene superciliaris,2366,13,433.810619797173
Athene superciliaris,2390,13,6.13304144533789
Athene superciliaris,2506,13,46.5723968884147
Athene superciliaris,2611,13,7.36721759575951
Athene superciliaris,2619,13,12.0483039035151
Athene superciliaris,2710,13,151.58511224908
Athene superciliaris,2923,13,17.8876522784661
Athene superciliaris,2942,13,45.1360753508905
Athene superciliaris,3010,13,445.611096910782
Athene superciliaris,3091,13,43.5541700668897
Athene superciliaris,3092,13,2.02803748513663
Athene superciliaris,3093,13,2.11576712074435
Athene superciliaris,3097,13,42.4890235274736
Athene superciliaris,3176,13,13.0307413413469
Athene superciliaris,3177,13,3.87195306908155
Athene superciliaris,3178,13,6.06907414019537
Athene superciliaris,3179,13,112.468627701651
Athene superciliaris,3303,13,14.876475508235
Athene superciliaris,3373,13,36.3826787541578
Athene superciliaris,3379,13,9.98819568180025
Athene superciliaris,3385,13,16.8362046284112
Athene superciliaris,3386,13,7.1876479107902
Athene superciliaris,3395,13,9.25706128804803
Athene superciliaris,3398,13,4.31856011909986
Athene superciliaris,3400,13,2.02272765648687
Athene superciliaris,3518,13,17.5870851484947
Athene superciliaris,3519,13,2.03225787389851
Athene superciliaris,3523,13,5.23129722183871
Athene superciliaris,3593,13,5.43494208523166
Avahi laniger,50,7,13.1011248301817
Avahi laniger,132,15,0.367894891669035
Avahi laniger,133,15,12.5071501015138
Avahi laniger,514,24,14.2768665205796
Avahi laniger,5506,108,27.2715936270507
Avahi laniger,5609,207,29.4123165165292
Avahi laniger,5610,208,29.3885406549345
Avahi laniger,265,144,69.6471751838426
Avahi laniger,275,144,1.65325307838088
Avahi laniger,276,144,0.459243274490118
Avahi laniger,285,144,47.8460816977271
Avahi laniger,287,144,0.367363554798603
Avahi laniger,340,144,0.275443051051259
Avahi laniger,94,209,374.347149138293
Avahi laniger,5649,235,61.2124982058693
Avahi laniger,5698,237,52.0931107730117
Avahi laniger,2303,212,2.87876883525968
Avahi laniger,2305,212,0.899620833965421
Avahi laniger,2313,212,0.269868277515173
Avahi laniger,5647,212,45.3586244343983
Avahi laniger,5648,212,33.0953660842072
Avahi laniger,5710,239,31.1097970257607
Avahi laniger,5711,239,29.6010280215059
Avahi laniger,4000,141,113.437646918732
Avahi laniger,5332,170,48.282664278709
Avahi laniger,4206,223,0.265972006814122
Avahi laniger,4313,223,138.846313450127
Avahi laniger,5685,223,9.04229392746901
Avahi laniger,5716,245,68.6631767822923
Avahi laniger,62,8,2.02608504913765
Avahi laniger,63,8,0.460479690076709
Avahi laniger,64,8,0.276287814046025
Avahi laniger,155,8,0.367843747830391
Avahi laniger,1275,8,1128.34755634755
Avahi laniger,5722,8,0.733449546446324
Avahi laniger,5723,8,28.7773817194842
Avahi laniger,5741,8,1103.96343099271
Avahi laniger,5743,8,19.4390238963762
Avahi laniger,5724,247,234.708229999792
Avahi laniger,5745,247,0.457520320277393
Avahi laniger,5753,247,17.1974791608272
Avahi laniger,5738,248,90.3937869662622
Avahi laniger,344,17,57.6488075367075
Avahi laniger,497,25,41.9105469490677
Avahi laniger,177,184,36.5931514120558
Avahi laniger,5740,249,19.5821926010261
Avahi laniger,5615,210,208.855460188826
Avahi laniger,5746,210,28.1809853154598
Avahi laniger,5747,210,66.1899405958974
Avahi laniger,5748,210,0.820644420907617
Avahi laniger,5749,210,1.73194615611291
Avahi laniger,5751,210,83.2026980152344
Avahi laniger,5752,250,11.844067606982
Avahi laniger,5674,236,59.0116196877182
Avahi laniger,5739,243,65.9968218823523
Avahi laniger,5760,243,7.74432683949936
Avahi laniger,5761,243,0.273353686598182
Avahi laniger,5757,251,62.6106702145676
Avahi laniger,5759,252,15.032588320411
Avahi laniger,618,246,56.679369671419
Avahi occidentalis,26,3,1.36983741289043
Avahi occidentalis,32,3,10.866233292555
Avahi occidentalis,5,1,5.85033975470436
Avahi occidentalis,6,1,24.6792146248902
Avahi occidentalis,8,1,2.83342021114933
Avahi occidentalis,9,1,1.00536820483017
Avahi occidentalis,11,1,0.274192454328179
Avahi occidentalis,18,1,1.55373825480127
Avahi occidentalis,7,5,1.0054375043211
Avahi occidentalis,10,5,2.37624750380075
Avahi occidentalis,15,5,7.67678403816092
Avahi occidentalis,19,5,8.49783825707936
Avahi occidentalis,20,5,0.274089461484194
Avahi occidentalis,21,5,9.5018882179122
Avahi occidentalis,22,5,4.56775692645169
Avahi occidentalis,23,5,0.456749789226651
Avahi occidentalis,40,4,216.29276733815
Avahi occidentalis,46,4,2.0072273404777
Avahi occidentalis,56,4,0.364940765320301
Avahi occidentalis,57,4,34.95614220778
Avahi occidentalis,58,4,33.406121215642
Avahi occidentalis,61,4,1.82525826522207
Aviceda madagascariensis,302,2,38.2051651932399
Aviceda madagascariensis,356,2,36.331879859746
Aviceda madagascariensis,360,2,52.2268727901955
Aviceda madagascariensis,380,2,42.3362076362427
Aviceda madagascariensis,395,2,57.9536162531174
Aviceda madagascariensis,413,2,89.7882265229853
Aviceda madagascariensis,427,2,468.355482097602
Aviceda madagascariensis,473,2,137.443018218653
Aviceda madagascariensis,876,2,21.5096479841157
Aviceda madagascariensis,1363,2,17.1081231937802
Aviceda madagascariensis,1393,2,78.5054384879867
Aviceda madagascariensis,1426,2,43.0398890354153
Aviceda madagascariensis,1512,2,39.1360013945309
Aviceda madagascariensis,1531,2,27.5139015001006
Aviceda madagascariensis,521,3,13.1672804516124
Aviceda madagascariensis,572,3,433.810619797173
Aviceda madagascariensis,573,3,68.4073900828574
Aviceda madagascariensis,608,3,46.5723968884147
Aviceda madagascariensis,632,3,12.0483039035151
Aviceda madagascariensis,643,3,151.58511224908
Aviceda madagascariensis,778,3,17.8876522784661
Aviceda madagascariensis,831,3,45.1360753508905
Aviceda madagascariensis,860,3,445.611096910782
Aviceda madagascariensis,971,3,43.5541700668897
Aviceda madagascariensis,977,3,42.4890235274736
Aviceda madagascariensis,1053,3,13.0307413413469
Aviceda madagascariensis,1056,3,112.468627701651
Aviceda madagascariensis,1159,3,14.876475508235
Aviceda madagascariensis,1257,3,36.3826787541578
Aviceda madagascariensis,1273,3,16.8362046284112
Aviceda madagascariensis,1419,3,17.5870851484947
Aviceda madagascariensis,6,1,130.021860527528
Aviceda madagascariensis,8,1,43.2038186617044
Aviceda madagascariensis,14,1,43.4528749465152
Aviceda madagascariensis,18,1,43.0377824654073
Aviceda madagascariensis,46,1,19.9337849990107
Aviceda madagascariensis,82,1,53.6769175645747
Aviceda madagascariensis,93,1,366.147778927468
Aviceda madagascariensis,157,1,16.3740665150672
Aviceda madagascariensis,168,1,19.2038282113973
Aviceda madagascariensis,171,1,16.0871950112846
Aviceda madagascariensis,204,1,250.770407736056
Aviceda madagascariensis,257,1,2609.35666769842
Aviceda madagascariensis,1183,1,56.8711675529887
Aviceda madagascariensis,1222,1,64.9869920614074
Aviceda madagascariensis,1245,1,81.3668221959746
Aviceda madagascariensis,1390,1,208.855460188826
Aviceda madagascariensis,1427,1,36.1603726523629
Aviceda madagascariensis,1546,1,151.055431051786
Aviceda madagascariensis,1547,1,61.2504145189477
Aviceda madagascariensis,1555,1,26.6587824925889
Aviceda madagascariensis,1556,1,254.421082642661
Aviceda madagascariensis,1557,1,16.2380797407103
Aviceda madagascariensis,1570,1,28.7773817194842
Aviceda madagascariensis,1571,1,234.708229999792
Aviceda madagascariensis,1585,1,90.3937869662622
Aviceda madagascariensis,1586,1,65.9968218823523
Aviceda madagascariensis,1587,1,19.5821926010261
Aviceda madagascariensis,1596,1,322.648436083532
Aviceda madagascariensis,1597,1,252.202675262053
Aviceda madagascariensis,1600,1,19.8205211282898
Aviceda madagascariensis,1613,1,59.2391267675772
Aviceda madagascariensis,1616,1,19.4390238963762
Aviceda madagascariensis,1617,1,58.1245802735148
Aviceda madagascariensis,1618,1,447.251323628209
Aviceda madagascariensis,1621,1,356.019039432783
Aviceda madagascariensis,1623,1,28.1809853154598
Aviceda madagascariensis,1624,1,66.1899405958974
Aviceda madagascariensis,1628,1,83.2026980152344
Aviceda madagascariensis,1629,1,11.844067606982
Aviceda madagascariensis,1633,1,118.514859144707
Aviceda madagascariensis,1634,1,29.8631327553117
Aviceda madagascariensis,1635,1,17.1974791608272
Aviceda madagascariensis,1637,1,147.565898089784
Aviceda madagascariensis,1638,1,62.6106702145676
Aviceda madagascariensis,1640,1,15.032588320411
Bernieria madagascariensis,249,103,43.2675847418705
Bernieria madagascariensis,379,87,0.370271373195231
Bernieria madagascariensis,380,87,0.462834125284791
Bernieria madagascariensis,384,87,43.0377824654073
Bernieria madagascariensis,400,87,1.48074673073471
Bernieria madagascariensis,401,87,1.66577102635694
Bernieria madagascariensis,405,87,0.277623898765862
Bernieria madagascariensis,408,87,0.277610584835947
Bernieria madagascariensis,435,87,1.38815019469857
Bernieria madagascariensis,199,101,0.463597745714188
Bernieria madagascariensis,238,101,43.2038186617044
Bernieria madagascariensis,127,31,0.55664420881176
Bernieria madagascariensis,131,31,0.371099061261296
Bernieria madagascariensis,134,31,0.556625695955813
Bernieria madagascariensis,145,31,0.463806772104442
Bernieria madagascariensis,151,31,0.27827526928854
Bernieria madagascariensis,153,31,0.463781360735595
Bernieria madagascariensis,165,31,0.278243954662919
Bernieria madagascariensis,179,31,0.27820176096195
Bernieria madagascariensis,182,31,0.64914825101471
Bernieria madagascariensis,189,31,130.021860527528
Bernieria madagascariensis,193,31,6.4908973798604
Bernieria madagascariensis,198,31,8.4370977335708
Bernieria madagascariensis,21696,31,56.8711675529887
Bernieria madagascariensis,8883,24,38.0240908844043
Bernieria madagascariensis,8957,24,3.07696966736627
Bernieria madagascariensis,8966,24,0.723997986286044
Bernieria madagascariensis,9016,24,0.361958205401897
Bernieria madagascariensis,21851,24,0.452763459861636
Bernieria madagascariensis,21410,106,0.777178853789091
Bernieria madagascariensis,21742,106,0.604549703200817
Bernieria madagascariensis,21916,106,27.2715936270507
Bernieria madagascariensis,21917,106,29.4123165165292
Bernieria madagascariensis,21918,106,29.3885406549345
Bernieria madagascariensis,21919,106,20.6592519148769
Bernieria madagascariensis,21920,106,19.9515621485635
Bernieria madagascariensis,21939,108,78.5054384879867
Bernieria madagascariensis,11606,54,36.331879859746
Bernieria madagascariensis,12100,54,0.449603298739433
Bernieria madagascariensis,12101,54,0.359686745625973
Bernieria madagascariensis,21853,54,0.449634089967847
Bernieria madagascariensis,21938,54,6.47518067736232
Bernieria madagascariensis,16584,7,69.920279126314
Bernieria madagascariensis,12348,38,45.3046276671535
Bernieria madagascariensis,22082,38,39.1360013945309
Bernieria madagascariensis,11865,121,2.87876883525968
Bernieria madagascariensis,11870,121,0.899620833965421
Bernieria madagascariensis,11912,121,0.269868277515173
Bernieria madagascariensis,21994,121,45.3586244343983
Bernieria madagascariensis,21995,121,33.0953660842072
Bernieria madagascariensis,22104,122,52.0931107730117
Bernieria madagascariensis,21736,100,64.9869920614074
Bernieria madagascariensis,15164,81,21.0801634665238
Bernieria madagascariensis,21952,114,113.437646918732
Bernieria madagascariensis,21437,117,48.282664278709
Bernieria madagascariensis,22095,119,31.1097970257607
Bernieria madagascariensis,22096,119,29.6010280215059
Bernieria madagascariensis,5090,77,64.7813755391271
Bernieria madagascariensis,21683,77,1.73570699889708
Bernieria madagascariensis,13800,107,27.5139015001006
Bernieria madagascariensis,13861,107,41.0293049223326
Bernieria madagascariensis,13946,107,42.1715901547037
Bernieria madagascariensis,13975,107,3.3134309653126
Bernieria madagascariensis,14484,107,240.346898243405
Bernieria madagascariensis,21900,107,17.1081231937802
Bernieria madagascariensis,21944,107,26.5383701396017
Bernieria madagascariensis,22092,107,21.5096479841157
Bernieria madagascariensis,17988,113,0.62064821295929
Bernieria madagascariensis,18002,113,0.265972006814122
Bernieria madagascariensis,18021,113,0.709200345668078
Bernieria madagascariensis,22014,113,138.846313450127
Bernieria madagascariensis,22080,113,9.04229392746901
Bernieria madagascariensis,22137,113,68.6631767822923
Bernieria madagascariensis,10363,65,0.812480411258936
Bernieria madagascariensis,21975,65,16.6994855698657
Bernieria madagascariensis,22012,65,61.2124982058693
Bernieria madagascariensis,22054,65,59.0116196877182
Bernieria madagascariensis,22231,65,1.17365293457222
Bernieria madagascariensis,877,76,19.9337849990107
Bernieria madagascariensis,22140,76,254.421082642661
Bernieria madagascariensis,22142,76,0.645659265649438
Bernieria madagascariensis,22115,124,0.3690976892097
Bernieria madagascariensis,22139,124,26.6587824925889
Bernieria madagascariensis,22141,124,16.2380797407103
Bernieria madagascariensis,4316,99,16.3740665150672
Bernieria madagascariensis,4471,99,19.2038282113973
Bernieria madagascariensis,4625,99,7.03434427333379
Bernieria madagascariensis,4629,99,5.85033975470352
Bernieria madagascariensis,4634,99,24.6792146248873
Bernieria madagascariensis,4661,99,2.65062070312488
Bernieria madagascariensis,4682,99,0.274192454328179
Bernieria madagascariensis,4694,99,1.18809712456667
Bernieria madagascariensis,4719,99,4.38649564416385
Bernieria madagascariensis,4790,99,8.49783825707888
Bernieria madagascariensis,4839,99,0.274089461484194
Bernieria madagascariensis,4883,99,9.5018882179122
Bernieria madagascariensis,4884,99,4.567756926453
Bernieria madagascariensis,5393,99,0.365034251434088
Bernieria madagascariensis,5434,99,303.633820191223
Bernieria madagascariensis,5467,99,0.547426328327894
Bernieria madagascariensis,5473,99,0.364942030489683
Bernieria madagascariensis,5481,99,0.456175956650972
Bernieria madagascariensis,21459,99,16.631194611291
Bernieria madagascariensis,21691,99,1.55373825480127
Bernieria madagascariensis,21745,99,0.456749789226413
Bernieria madagascariensis,21775,99,61.0679011777905
Bernieria madagascariensis,21959,99,36.1603726523629
Bernieria madagascariensis,22110,99,100.812835919068
Bernieria madagascariensis,22189,99,3.2854141933409
Bernieria madagascariensis,22191,99,0.822074067883492
Bernieria madagascariensis,22219,99,5.11777562952042
Bernieria madagascariensis,22246,99,0.365072069038987
Bernieria madagascariensis,22247,99,1.82525826522207
Bernieria madagascariensis,2049,123,0.643524707942724
Bernieria madagascariensis,2102,123,0.459616383672059
Bernieria madagascariensis,2124,123,0.643432019172192
Bernieria madagascariensis,2132,123,0.275752651619673
Bernieria madagascariensis,2154,123,0.367655302864194
Bernieria madagascariensis,2175,123,1.56243208603442
Bernieria madagascariensis,2176,123,0.275729722221732
Bernieria madagascariensis,2199,123,0.275717098941624
Bernieria madagascariensis,2215,123,0.275709061498523
Bernieria madagascariensis,2219,123,0.459508593737543
Bernieria madagascariensis,2226,123,0.45949710468936
Bernieria madagascariensis,2227,123,1.1946710927344
Bernieria madagascariensis,2244,123,53.6769175645747
Bernieria madagascariensis,2248,123,3.21620605602419
Bernieria madagascariensis,2249,123,0.551364106284499
Bernieria madagascariensis,2256,123,1.10266377710527
Bernieria madagascariensis,2265,123,0.367564567481756
Bernieria madagascariensis,2275,123,0.551319225258708
Bernieria madagascariensis,2287,123,1.10259928914046
Bernieria madagascariensis,2293,123,2.02137478975803
Bernieria madagascariensis,2294,123,0.826945434479237
Bernieria madagascariensis,2302,123,0.643170052255213
Bernieria madagascariensis,2311,123,1.65382056523675
Bernieria madagascariensis,2332,123,0.826825480994821
Bernieria madagascariensis,2359,123,0.459349671094894
Bernieria madagascariensis,2383,123,0.367459639964223
Bernieria madagascariensis,2398,123,0.275586929093957
Bernieria madagascariensis,2402,123,1.46972063059181
Bernieria madagascariensis,2403,123,0.275577679304183
Bernieria madagascariensis,2492,123,0.367363554798603
Bernieria madagascariensis,2597,123,366.147778927468
Bernieria madagascariensis,2638,123,0.275443051051259
Bernieria madagascariensis,7283,123,2609.35666769842
Bernieria madagascariensis,22153,123,0.733449546446324
Bernieria madagascariensis,22154,123,28.7773817194842
Bernieria madagascariensis,22155,123,234.708229999792
Bernieria madagascariensis,22190,123,19.5821926010261
Bernieria madagascariensis,22194,123,322.648436083532
Bernieria madagascariensis,22195,123,1103.96343099271
Bernieria madagascariensis,22196,123,0.3671433986426
Bernieria madagascariensis,22197,123,4.95616607062131
Bernieria madagascariensis,22198,123,19.8205211282898
Bernieria madagascariensis,22199,123,0.367093046224117
Bernieria madagascariensis,22202,123,0.367054338001192
Bernieria madagascariensis,22203,123,0.642337166595399
Bernieria madagascariensis,22204,123,7.43174190611184
Bernieria madagascariensis,22205,123,3.11954769088572
Bernieria madagascariensis,22206,123,1.37619193792719
Bernieria madagascariensis,22210,123,1.19252978562158
Bernieria madagascariensis,22211,123,59.2391267675772
Bernieria madagascariensis,22212,123,0.550263871117234
Bernieria madagascariensis,22214,123,19.4390238963762
Bernieria madagascariensis,22215,123,58.1245802735148
Bernieria madagascariensis,22217,123,5.77360824797505
Bernieria madagascariensis,22218,123,0.457520320277393
Bernieria madagascariensis,22232,123,3.30296723872322
Bernieria madagascariensis,22233,123,7.8888975294175
Bernieria madagascariensis,22234,123,0.366907192294359
Bernieria madagascariensis,22235,123,118.514859144707
Bernieria madagascariensis,22236,123,29.8631327553117
Bernieria madagascariensis,22237,123,17.1974791608272
Bernieria madagascariensis,22238,123,0.365857744152904
Bernieria madagascariensis,22239,123,147.565898089784
Bernieria madagascariensis,21960,125,208.855460188826
Bernieria madagascariensis,22170,125,65.9968218823523
Bernieria madagascariensis,22224,125,28.1809853154598
Bernieria madagascariensis,22225,125,66.1899405958974
Bernieria madagascariensis,22226,125,0.820644420907617
Bernieria madagascariensis,22227,125,1.73194615611291
Bernieria madagascariensis,22229,125,83.2026980152344
Bernieria madagascariensis,22230,125,11.844067606982
Bernieria madagascariensis,22242,125,15.032588320411
Bernieria madagascariensis,22243,125,7.74432683949936
Bernieria madagascariensis,22244,125,0.273353686598182
Bernieria madagascariensis,22124,126,151.055431051786
Bernieria madagascariensis,22169,127,90.3937869662622
Bernieria madagascariensis,22240,127,62.6106702145676
Bernieria madagascariensis,22241,127,5.74979056634986
Brachypteracias leptosomus,760,2,29.4123165165292
Brachypteracias leptosomus,783,2,27.2715936270507
Brachypteracias leptosomus,784,2,29.3885406549345
Brachypteracias leptosomus,785,2,20.6592519148769
Brachypteracias leptosomus,575,4,113.437646918732
Brachypteracias leptosomus,852,7,138.846313450127
Brachypteracias leptosomus,894,7,9.04229392746901
Brachypteracias leptosomus,927,7,68.6631767822923
Brachypteracias leptosomus,11,1,29.966803009745
Brachypteracias leptosomus,68,1,8.02199676955664
Brachypteracias leptosomus,70,1,3.09900984286463
Brachypteracias leptosomus,91,1,1898.20511558164
Brachypteracias leptosomus,810,1,57.2295433791005
Brachypteracias leptosomus,904,1,151.055431051786
Brachypteracias leptosomus,937,1,234.708229999792
Brachypteracias leptosomus,951,1,90.3937869662622
Brachypteracias leptosomus,952,1,62.6106702145676
Brachypteracias leptosomus,953,1,87.7516679684219
Brachypteracias leptosomus,955,1,322.648436083532
Brachypteracias leptosomus,956,1,1021.50126896904
Brachypteracias leptosomus,958,1,4.95616607062131
Brachypteracias leptosomus,959,1,19.8205211282898
Brachypteracias leptosomus,965,1,7.43174190611184
Brachypteracias leptosomus,966,1,3.11954769088572
Brachypteracias leptosomus,972,1,59.2391267675772
Brachypteracias leptosomus,975,1,19.4390238963762
Brachypteracias leptosomus,976,1,58.1245802735148
Brachypteracias leptosomus,978,1,5.77360824797505
Brachypteracias leptosomus,979,1,24.0690321273829
Brachypteracias leptosomus,984,1,11.844067606982
Brachypteracias leptosomus,985,1,3.30296723872322
Brachypteracias leptosomus,986,1,7.8888975294175
Brachypteracias leptosomus,988,1,118.514859144707
Brachypteracias leptosomus,990,1,96.830526666995
Brachypteracias leptosomus,991,1,5.74979056634986
Brachypteracias leptosomus,992,1,52.6913009336716
Brachypteracias leptosomus,993,1,15.032588320411
Brachypteracias leptosomus,994,1,7.74432683949936
Brachypteracias leptosomus,838,3,61.2124982058693
Brachypteracias leptosomus,875,3,59.0116196877182
Brachytarsomys albicauda,18,5,21.0323881548508
Brachytarsomys albicauda,23,7,40.2587459644453
Brachytarsomys albicauda,24,8,30.1057095869771
Brachytarsomys albicauda,34,10,26.1977896327092
Brachytarsomys albicauda,57,14,31.6555057569177
Brachytarsomys albicauda,99,22,28.6147550266778
Brachytarsomys albicauda,70,19,28.7352753755711
Brachytarsomys albicauda,277,19,28.1809853154598
Brachytarsomys albicauda,58,15,72.8028329049824
Brachytarsomys albicauda,278,15,30.152120036632
Brachytarsomys albicauda,61,23,91.5970060237012
Brachyuromys betsileoensis,471,25,27.3374724883207
Brachyuromys betsileoensis,472,25,0.0920546381841302
Brachyuromys betsileoensis,474,25,0.0920535179437995
Brachyuromys betsileoensis,484,25,29.9084594166067
Brachyuromys betsileoensis,452,160,4.05232580194205
Brachyuromys betsileoensis,2685,207,26.1848926319454
Brachyuromys betsileoensis,1807,194,0.179958904524803
Brachyuromys betsileoensis,1824,194,2.87876883525968
Brachyuromys betsileoensis,1826,194,0.899620833965421
Brachyuromys betsileoensis,1846,194,0.269868277515173
Brachyuromys betsileoensis,3111,194,33.0953660842072
Brachyuromys betsileoensis,3128,194,45.3586244343983
Brachyuromys betsileoensis,3135,208,52.0931107730117
Brachyuromys betsileoensis,3109,209,29.8631255431825
Brachyuromys betsileoensis,2667,95,52.5005638445029
Brachyuromys betsileoensis,539,216,18.8525092663892
Brachyuromys betsileoensis,3156,216,220.327227699568
Brachyuromys betsileoensis,2802,200,57.9452893114559
Brachyuromys betsileoensis,3148,214,43.716945528376
Brachyuromys betsileoensis,207,9,19.9337849990107
Brachyuromys betsileoensis,586,28,1.10266377710527
Brachyuromys betsileoensis,587,28,0.183781132994473
Brachyuromys betsileoensis,588,28,2.02137478975803
Brachyuromys betsileoensis,589,28,0.826945434479237
Brachyuromys betsileoensis,597,28,0.367459639964223
Brachyuromys betsileoensis,600,28,0.183724619395971
Brachyuromys betsileoensis,601,28,0.275586929093957
Brachyuromys betsileoensis,603,28,1.46972063059181
Brachyuromys betsileoensis,604,28,0.275577679304183
Brachyuromys betsileoensis,623,28,322.413432348492
Brachyuromys betsileoensis,3161,221,18.9386233360229
Brachyuromys betsileoensis,308,121,0.6456592656492
Brachyuromys betsileoensis,3150,121,254.421082642661
Brachyuromys betsileoensis,829,187,1.73194615611374
Brachyuromys betsileoensis,837,187,3.09900984286463
Brachyuromys betsileoensis,841,187,0.729165010962606
Brachyuromys betsileoensis,842,187,0.638013784430742
Brachyuromys betsileoensis,3159,187,66.1899405958974
Brachyuromys betsileoensis,3164,187,0.820644420907617
Brachyuromys betsileoensis,1528,202,0.812480411258936
Brachyuromys betsileoensis,3102,202,16.6994855698657
Brachyuromys betsileoensis,3162,202,1.17365293457222
Brachyuromys betsileoensis,3163,202,0.180557963597178
Brachyuromys betsileoensis,426,215,6.63162645038044
Brachyuromys betsileoensis,448,215,1.74986507844758
Brachyuromys betsileoensis,449,215,127.76904636948
Brachyuromys betsileoensis,458,215,29.7439079649721
Brachyuromys betsileoensis,468,215,29.6453323973265
Brachyuromys betsileoensis,483,215,29.8164373522979
Brachyuromys betsileoensis,526,215,537.762639965063
Brachyuromys betsileoensis,876,220,208.855460188826
Bradypterus brunneus,1,1,26.7219759851342
Bradypterus brunneus,2,1,28.8450665179956
Bradypterus brunneus,345,20,52.0931107730117
Bradypterus brunneus,1467,58,31.1097970257607
Bradypterus brunneus,1426,60,48.282664278709
Bradypterus brunneus,57,6,75.7400478697434
Bradypterus brunneus,1240,51,5.94571285882723
Bradypterus brunneus,1245,51,0.620648212959528
Bradypterus brunneus,1246,51,0.265972006814122
Bradypterus brunneus,1249,51,0.709200345668078
Bradypterus brunneus,1440,51,29.7182434685754
Bradypterus brunneus,1463,51,9.04229392746901
Bradypterus brunneus,142,8,94.7539712538144
Bradypterus brunneus,162,8,1.37619193792653
Bradypterus brunneus,164,8,3.30296723872322
Bradypterus brunneus,166,8,6.51291296516937
Bradypterus brunneus,1483,8,0.3671433986426
Bradypterus brunneus,1484,8,4.95616607062131
Bradypterus brunneus,1485,8,19.8205211282898
Bradypterus brunneus,1486,8,0.367093046224117
Bradypterus brunneus,1487,8,0.366907192294359
Bradypterus brunneus,168,9,29.9898296926183
Bradypterus brunneus,259,16,28.7352753755711
Bradypterus brunneus,1435,16,28.1809853154598
Bradypterus brunneus,287,19,0.812480411258936
Bradypterus brunneus,288,19,59.0116196877182
Bradypterus brunneus,1438,19,16.6994855698657
Bradypterus brunneus,1439,19,1.17365293457222
Bradypterus brunneus,263,54,57.2295433791005
Bradypterus brunneus,86,62,2.67266141879243
Bradypterus brunneus,100,62,97.1177360994822
Bradypterus brunneus,105,62,125.520539628956
Bradypterus brunneus,106,62,0.460479690076709
Bradypterus brunneus,107,62,0.276287814046025
Bradypterus brunneus,109,62,19.1535753317625
Bradypterus brunneus,114,62,226.417515425851
Bradypterus brunneus,115,62,221.295974344572
Bradypterus brunneus,1480,62,30.1057095869768
Bradypterus brunneus,1482,62,29.7439079649625
Bradypterus brunneus,176,63,185.116632381658
Bradypterus brunneus,119,64,89.9855666221485
Bradypterus brunneus,121,64,256.864535040437
Buteo brachypterus,300,2,38.2051651932399
Buteo brachypterus,345,2,36.331879859746
Buteo brachypterus,365,2,52.2268727901955
Buteo brachypterus,379,2,57.9536162531174
Buteo brachypterus,404,2,89.7882265229853
Buteo brachypterus,413,2,468.355482097602
Buteo brachypterus,571,2,151.58511224908
Buteo brachypterus,813,2,435.931164999176
Buteo brachypterus,823,2,46.5723968884147
Buteo brachypterus,1075,2,42.3362076362427
Buteo brachypterus,1224,2,137.443018218653
Buteo brachypterus,1344,2,17.8876522784661
Buteo brachypterus,1391,2,45.1360753508905
Buteo brachypterus,1428,2,448.998273922438
Buteo brachypterus,1442,2,21.5096479841157
Buteo brachypterus,1531,2,35.7097522353754
Buteo brachypterus,1536,2,42.4890235274736
Buteo brachypterus,1634,2,13.3829553466861
Buteo brachypterus,1637,2,112.468627701651
Buteo brachypterus,1731,2,14.876475508235
Buteo brachypterus,1881,2,36.3826787541578
Buteo brachypterus,1891,2,16.8362046284112
Buteo brachypterus,1993,2,17.1081231937802
Buteo brachypterus,2025,2,78.5054384879867
Buteo brachypterus,2069,2,17.5870851484947
Buteo brachypterus,2079,2,43.0398890354153
Buteo brachypterus,2195,2,39.1360013945309
Buteo brachypterus,2206,2,27.5139015001006
Buteo brachypterus,7,1,130.021860527528
Buteo brachypterus,10,1,43.2038186617044
Buteo brachypterus,15,1,43.4528749465152
Buteo brachypterus,21,1,43.0377824654073
Buteo brachypterus,48,1,19.9337849990107
Buteo brachypterus,88,1,366.239631982932
Buteo brachypterus,146,1,19.2038282113973
Buteo brachypterus,151,1,24.6792146248873
Buteo brachypterus,239,1,331.925755168368
Buteo brachypterus,262,1,2611.56503320857
Buteo brachypterus,596,1,16.3740665150672
Buteo brachypterus,1190,1,53.6769175645747
Buteo brachypterus,1760,1,56.8711675529887
Buteo brachypterus,1799,1,64.9869920614074
Buteo brachypterus,1829,1,86.9343049463478
Buteo brachypterus,2080,1,36.7996040886711
Buteo brachypterus,2087,1,208.855460188826
Buteo brachypterus,2221,1,100.812835919068
Buteo brachypterus,2235,1,151.055431051786
Buteo brachypterus,2245,1,61.4329530729631
Buteo brachypterus,2252,1,26.6587824925889
Buteo brachypterus,2253,1,254.421082642661
Buteo brachypterus,2254,1,16.2380797407103
Buteo brachypterus,2267,1,28.7773817194842
Buteo brachypterus,2268,1,235.440162164184
Buteo brachypterus,2282,1,90.3937869662622
Buteo brachypterus,2283,1,65.9968218823523
Buteo brachypterus,2284,1,19.5821926010261
Buteo brachypterus,2293,1,322.740230993205
Buteo brachypterus,2294,1,1104.14660628995
Buteo brachypterus,2297,1,19.8205211282898
Buteo brachypterus,2310,1,59.3308393847932
Buteo brachypterus,2313,1,19.4390238963762
Buteo brachypterus,2314,1,58.1245802735148
Buteo brachypterus,2318,1,28.1809853154598
Buteo brachypterus,2319,1,66.1899405958974
Buteo brachypterus,2323,1,83.2026980152344
Buteo brachypterus,2328,1,118.514859144707
Buteo brachypterus,2329,1,29.8631327553117
Buteo brachypterus,2330,1,17.1974791608272
Buteo brachypterus,2332,1,147.748782739298
Buteo brachypterus,2333,1,62.6106702145676
Buteo brachypterus,2335,1,15.032588320411
Calicalicus madagascariensis,359,134,43.4528749465152
Calicalicus madagascariensis,407,119,0.370271373195231
Calicalicus madagascariensis,408,119,0.462834125284791
Calicalicus madagascariensis,412,119,43.0377824654073
Calicalicus madagascariensis,428,119,1.48074673073471
Calicalicus madagascariensis,430,119,1.66577102635694
Calicalicus madagascariensis,436,119,0.277623898765862
Calicalicus madagascariensis,439,119,0.277610584835947
Calicalicus madagascariensis,466,119,1.38815019469857
Calicalicus madagascariensis,212,132,0.463597745714188
Calicalicus madagascariensis,255,132,43.2038186617044
Calicalicus madagascariensis,135,83,0.55664420881176
Calicalicus madagascariensis,139,83,0.371099061261296
Calicalicus madagascariensis,142,83,0.556625695955813
Calicalicus madagascariensis,155,83,0.463806772104442
Calicalicus madagascariensis,162,83,0.27827526928854
Calicalicus madagascariensis,164,83,0.463781360735595
Calicalicus madagascariensis,178,83,0.278243954662919
Calicalicus madagascariensis,192,83,0.27820176096195
Calicalicus madagascariensis,195,83,0.64914825101471
Calicalicus madagascariensis,202,83,130.021860527528
Calicalicus madagascariensis,206,83,6.4908973798604
Calicalicus madagascariensis,211,83,8.4370977335708
Calicalicus madagascariensis,22226,83,56.8711675529887
Calicalicus madagascariensis,8678,8,38.2051651932399
Calicalicus madagascariensis,8759,8,3.07696966736627
Calicalicus madagascariensis,8769,8,0.723997986286044
Calicalicus madagascariensis,8823,8,0.361958205401897
Calicalicus madagascariensis,22383,8,0.452763459861636
Calicalicus madagascariensis,21905,138,0.777178853789091
Calicalicus madagascariensis,22274,138,0.604549703200817
Calicalicus madagascariensis,22449,138,27.2715936270507
Calicalicus madagascariensis,22450,138,29.4123165165292
Calicalicus madagascariensis,22451,138,29.3885406549345
Calicalicus madagascariensis,22452,138,20.6592519148769
Calicalicus madagascariensis,22453,138,19.9515621485635
Calicalicus madagascariensis,22472,139,78.5054384879867
Calicalicus madagascariensis,18911,13,18.4464234338474
Calicalicus madagascariensis,19263,13,0.970314285975814
Calicalicus madagascariensis,11522,77,36.331879859746
Calicalicus madagascariensis,12033,77,0.449603298739433
Calicalicus madagascariensis,12034,77,0.359686745625973
Calicalicus madagascariensis,22385,77,0.449634089967847
Calicalicus madagascariensis,22471,77,6.47518067736232
Calicalicus madagascariensis,4216,129,16.3740665150672
Calicalicus madagascariensis,4360,129,19.2038282113973
Calicalicus madagascariensis,12424,9,52.2268727901955
Calicalicus madagascariensis,22622,9,39.1360013945309
Calicalicus madagascariensis,11790,156,2.87876883525968
Calicalicus madagascariensis,11796,156,0.899620833965421
Calicalicus madagascariensis,11841,156,0.269868277515173
Calicalicus madagascariensis,22534,156,45.3586244343983
Calicalicus madagascariensis,22535,156,33.0953660842072
Calicalicus madagascariensis,22644,158,52.0931107730117
Calicalicus madagascariensis,22268,131,64.9869920614074
Calicalicus madagascariensis,16767,79,95.5294500820313
Calicalicus madagascariensis,15189,140,29.8432117734118
Calicalicus madagascariensis,15230,140,21.0801634665238
Calicalicus madagascariensis,22483,140,6.61121590080178
Calicalicus madagascariensis,22493,149,113.437646918732
Calicalicus madagascariensis,21932,153,48.282664278709
Calicalicus madagascariensis,22635,154,31.1097970257607
Calicalicus madagascariensis,22636,154,29.6010280215059
Calicalicus madagascariensis,4924,97,64.7813755391271
Calicalicus madagascariensis,22214,97,1.73570699889708
Calicalicus madagascariensis,13875,137,27.5139015001006
Calicalicus madagascariensis,13937,137,41.0293049223326
Calicalicus madagascariensis,14054,137,3.3134309653126
Calicalicus madagascariensis,14303,137,60.4348975659029
Calicalicus madagascariensis,14707,137,240.346898243405
Calicalicus madagascariensis,22433,137,17.1081231937802
Calicalicus madagascariensis,22480,137,26.5383701396017
Calicalicus madagascariensis,22632,137,21.5096479841157
Calicalicus madagascariensis,18238,148,0.620648212959528
Calicalicus madagascariensis,18254,148,0.265972006814122
Calicalicus madagascariensis,18278,148,0.709200345668078
Calicalicus madagascariensis,22554,148,138.846313450127
Calicalicus madagascariensis,22620,148,9.04229392746901
Calicalicus madagascariensis,22677,148,68.6631767822923
Calicalicus madagascariensis,928,88,19.9337849990107
Calicalicus madagascariensis,22680,88,254.421082642661
Calicalicus madagascariensis,22682,88,0.645659265649438
Calicalicus madagascariensis,22655,162,0.3690976892097
Calicalicus madagascariensis,22679,162,26.6587824925889
Calicalicus madagascariensis,22681,162,16.2380797407103
Calicalicus madagascariensis,10217,90,0.812480411258936
Calicalicus madagascariensis,22516,90,16.6994855698657
Calicalicus madagascariensis,22552,90,61.2124982058693
Calicalicus madagascariensis,22594,90,59.0116196877182
Calicalicus madagascariensis,22771,90,1.17365293457222
Calicalicus madagascariensis,4494,160,7.03434427333379
Calicalicus madagascariensis,4650,160,2.64969806134474
Calicalicus madagascariensis,4686,160,0.274089461484194
Calicalicus madagascariensis,4732,160,7.03479595916414
Calicalicus madagascariensis,4733,160,4.567756926453
Calicalicus madagascariensis,5187,160,0.365034251434088
Calicalicus madagascariensis,5220,160,277.350781846119
Calicalicus madagascariensis,5238,160,0.547426328327894
Calicalicus madagascariensis,5242,160,0.364942030489683
Calicalicus madagascariensis,5246,160,0.456175956650972
Calicalicus madagascariensis,21970,160,12.3364082640967
Calicalicus madagascariensis,22277,160,0.456749789226413
Calicalicus madagascariensis,22307,160,61.0679011777905
Calicalicus madagascariensis,22500,160,36.1603726523629
Calicalicus madagascariensis,22650,160,100.812835919068
Calicalicus madagascariensis,22729,160,3.2854141933409
Calicalicus madagascariensis,22731,160,0.822074067883492
Calicalicus madagascariensis,22759,160,5.11777562952042
Calicalicus madagascariensis,22787,160,0.365072069038987
Calicalicus madagascariensis,22788,160,1.82525826522207
Calicalicus madagascariensis,2120,161,0.643524707942724
Calicalicus madagascariensis,2171,161,0.459616383672059
Calicalicus madagascariensis,2192,161,0.643432019172192
Calicalicus madagascariensis,2199,161,0.275752651619673
Calicalicus madagascariensis,2218,161,0.367655302864194
Calicalicus madagascariensis,2236,161,1.56243208603442
Calicalicus madagascariensis,2237,161,0.275729722221732
Calicalicus madagascariensis,2259,161,0.275717098941624
Calicalicus madagascariensis,2273,161,0.275709061498523
Calicalicus madagascariensis,2277,161,0.459508593737543
Calicalicus madagascariensis,2284,161,0.45949710468936
Calicalicus madagascariensis,2285,161,1.1946710927344
Calicalicus madagascariensis,2300,161,53.6769175645747
Calicalicus madagascariensis,2304,161,3.21620605602419
Calicalicus madagascariensis,2305,161,0.551364106284499
Calicalicus madagascariensis,2312,161,1.10266377710527
Calicalicus madagascariensis,2320,161,0.367564567481756
Calicalicus madagascariensis,2330,161,0.551319225258708
Calicalicus madagascariensis,2341,161,1.10259928914046
Calicalicus madagascariensis,2347,161,2.02137478975803
Calicalicus madagascariensis,2348,161,0.826945434479237
Calicalicus madagascariensis,2356,161,0.643170052255213
Calicalicus madagascariensis,2365,161,1.65382056523675
Calicalicus madagascariensis,2384,161,0.826825480994821
Calicalicus madagascariensis,2406,161,0.459349671094894
Calicalicus madagascariensis,2429,161,0.367459639964223
Calicalicus madagascariensis,2444,161,0.275586929093957
Calicalicus madagascariensis,2448,161,1.46972063059181
Calicalicus madagascariensis,2449,161,0.275577679304183
Calicalicus madagascariensis,2538,161,0.367363554798603
Calicalicus madagascariensis,2637,161,366.147778927468
Calicalicus madagascariensis,2678,161,0.275443051051259
Calicalicus madagascariensis,6959,161,2609.35666769842
Calicalicus madagascariensis,22693,161,0.733449546446324
Calicalicus madagascariensis,22694,161,28.7773817194842
Calicalicus madagascariensis,22695,161,234.708229999792
Calicalicus madagascariensis,22730,161,19.5821926010261
Calicalicus madagascariensis,22734,161,322.648436083532
Calicalicus madagascariensis,22735,161,1103.96343099271
Calicalicus madagascariensis,22736,161,0.3671433986426
Calicalicus madagascariensis,22737,161,4.95616607062131
Calicalicus madagascariensis,22738,161,19.8205211282898
Calicalicus madagascariensis,22739,161,0.367093046224117
Calicalicus madagascariensis,22742,161,0.367054338001192
Calicalicus madagascariensis,22743,161,0.642337166595399
Calicalicus madagascariensis,22744,161,7.43174190611184
Calicalicus madagascariensis,22745,161,3.11954769088572
Calicalicus madagascariensis,22746,161,1.37619193792719
Calicalicus madagascariensis,22750,161,1.19252978562158
Calicalicus madagascariensis,22751,161,59.2391267675772
Calicalicus madagascariensis,22752,161,0.550263871117234
Calicalicus madagascariensis,22754,161,19.4390238963762
Calicalicus madagascariensis,22755,161,58.1245802735148
Calicalicus madagascariensis,22757,161,5.77360824797505
Calicalicus madagascariensis,22758,161,0.457520320277393
Calicalicus madagascariensis,22773,161,3.30296723872322
Calicalicus madagascariensis,22774,161,7.8888975294175
Calicalicus madagascariensis,22775,161,0.366907192294359
Calicalicus madagascariensis,22778,161,17.1974791608272
Calicalicus madagascariensis,22779,161,0.365857744152904
Calicalicus madagascariensis,22780,161,147.565898089784
Calicalicus madagascariensis,22501,163,208.855460188826
Calicalicus madagascariensis,22710,163,65.9968218823523
Calicalicus madagascariensis,22764,163,28.1809853154598
Calicalicus madagascariensis,22765,163,66.1899405958974
Calicalicus madagascariensis,22766,163,0.820644420907617
Calicalicus madagascariensis,22767,163,1.73194615611291
Calicalicus madagascariensis,22769,163,83.2026980152344
Calicalicus madagascariensis,22770,163,11.844067606982
Calicalicus madagascariensis,22783,163,15.032588320411
Calicalicus madagascariensis,22784,163,7.74432683949936
Calicalicus madagascariensis,22785,163,0.273353686598182
Calicalicus madagascariensis,22664,164,151.055431051786
Calicalicus madagascariensis,22709,165,90.3937869662622
Calicalicus madagascariensis,22781,165,62.6106702145676
Calicalicus madagascariensis,22782,165,5.74979056634986
Calicalicus madagascariensis,22776,166,118.514859144707
Calicalicus madagascariensis,22777,166,29.8631327553117
Ceblepyris cinereus,1,1,31.6985197321722
Ceblepyris cinereus,2,2,25.2373154232593
Ceblepyris cinereus,3,3,30.0519651895546
Ceblepyris cinereus,4,3,59.8147369787795
Ceblepyris cinereus,5,3,59.9645208859875
Ceblepyris cinereus,6,3,29.9192284064497
Ceblepyris cinereus,7,3,30.088507919898
Ceblepyris cinereus,8,3,29.9898296926292
Ceblepyris cinereus,9,3,29.9758644450726
Ceblepyris cinereus,10,4,61.6276496492877
Ceblepyris cinereus,11,4,29.7570322031286
Ceblepyris cinereus,55,11,29.8432117734118
Ceblepyris cinereus,20,8,0.812480411258936
Ceblepyris cinereus,21,8,16.6994855698657
Ceblepyris cinereus,56,8,1.17365293457222
Cheirogaleus crossleyi,62,13,176.131236664706
Cheirogaleus crossleyi,98,101,29.7498920158133
Cheirogaleus crossleyi,122,26,3.10483766981149
Cheirogaleus crossleyi,124,26,36.0637816435398
Cheirogaleus crossleyi,125,27,31.6704292118388
Cheirogaleus crossleyi,128,28,34.5447816896857
Cheirogaleus crossleyi,219,43,59.0116196877248
Cheirogaleus crossleyi,530,75,30.9497681570648
Cheirogaleus crossleyi,64,15,0.367143398642659
Cheirogaleus crossleyi,65,15,4.95616607062143
Cheirogaleus crossleyi,66,15,19.8205211282847
Cheirogaleus crossleyi,78,15,1.37619193792653
Cheirogaleus crossleyi,217,41,29.7892689283643
Cheirogaleus crossleyi,296,49,45.3586244344044
Cheirogaleus crossleyi,308,49,0.179958904524803
Cheirogaleus crossleyi,315,49,2.87876883525968
Cheirogaleus crossleyi,318,49,0.899620833965421
Cheirogaleus crossleyi,323,49,0.269868277515173
Cheirogaleus crossleyi,365,49,33.0953660842072
Cheirogaleus crossleyi,687,91,34.594435199332
Cheirogaleus crossleyi,61,12,59.0016026439666
Cheirogaleus crossleyi,63,14,139.039608911375
Cheirogaleus crossleyi,74,16,7.43174190611184
Cheirogaleus crossleyi,94,21,185.177923661366
Cheirogaleus crossleyi,690,21,29.2147179712455
Cheirogaleus crossleyi,106,24,142.610897859094
Cheirogaleus crossleyi,107,24,31.2682529843551
Cheirogaleus major,1774,39,30.5703971828511
Cheirogaleus major,7,505,0.55664420881176
Cheirogaleus major,10,505,0.371099061261296
Cheirogaleus major,12,505,0.556625695955813
Cheirogaleus major,14,505,0.185535398295105
Cheirogaleus major,17,505,0.463806772104442
Cheirogaleus major,18,505,0.27827526928854
Cheirogaleus major,19,505,0.463781360735595
Cheirogaleus major,24,505,0.64914825101471
Cheirogaleus major,28,505,103.775520140199
Cheirogaleus major,14794,505,56.8711675529887
Cheirogaleus major,14736,651,0.604549703200459
Cheirogaleus major,14747,651,0.777178853789091
Cheirogaleus major,14900,651,19.9515621485635
Cheirogaleus major,14896,652,27.2715936270507
Cheirogaleus major,14897,653,29.4123165165292
Cheirogaleus major,14898,654,29.3885406549345
Cheirogaleus major,14899,655,20.6592519148769
Cheirogaleus major,6864,618,78.5054384879867
Cheirogaleus major,14975,682,61.2124982058693
Cheirogaleus major,14894,656,6.56280253892302
Cheirogaleus major,14918,657,39.1360013945309
Cheirogaleus major,6504,660,0.179958904524803
Cheirogaleus major,6540,660,2.87876883525968
Cheirogaleus major,6544,660,0.899620833965421
Cheirogaleus major,6571,660,0.269868277515173
Cheirogaleus major,14956,660,45.3586244343983
Cheirogaleus major,14957,660,33.0953660842072
Cheirogaleus major,15062,708,52.0931107730117
Cheirogaleus major,15049,709,31.1097970257607
Cheirogaleus major,15050,709,29.6010280215059
Cheirogaleus major,14925,672,113.437646918732
Cheirogaleus major,14340,693,48.282664278709
Cheirogaleus major,11325,673,0.265972006814122
Cheirogaleus major,14977,673,138.846313450127
Cheirogaleus major,15043,673,9.04229392746901
Cheirogaleus major,15093,724,68.6631767822923
Cheirogaleus major,177,10,19.9337849990107
Cheirogaleus major,15096,10,254.421082642661
Cheirogaleus major,15098,10,0.645659265649438
Cheirogaleus major,925,527,3.21760750335884
Cheirogaleus major,928,527,0.643524707942724
Cheirogaleus major,972,527,0.459616383672059
Cheirogaleus major,982,527,0.183841973942041
Cheirogaleus major,983,527,0.183840828700006
Cheirogaleus major,991,527,0.643432019172192
Cheirogaleus major,996,527,0.275752651619673
Cheirogaleus major,1014,527,0.367655302864194
Cheirogaleus major,1115,527,0.643082380221069
Cheirogaleus major,1116,527,0.459349671094894
Cheirogaleus major,1117,527,1.8373651948179
Cheirogaleus major,1126,527,0.367459639964223
Cheirogaleus major,1136,527,0.183724619395971
Cheirogaleus major,1137,527,0.275586929093957
Cheirogaleus major,1143,527,1.46972063059181
Cheirogaleus major,1144,527,0.275577679304183
Cheirogaleus major,1193,527,0.367363554798603
Cheirogaleus major,1275,527,345.10798141304
Cheirogaleus major,1306,527,0.275443051051259
Cheirogaleus major,15127,731,19.5821926010261
Cheirogaleus major,1755,658,41.9105469490677
Cheirogaleus major,14919,658,45.2732418150551
Cheirogaleus major,5218,662,0.812480411258936
Cheirogaleus major,14941,662,16.6994855698657
Cheirogaleus major,14944,662,0.180557963597178
Cheirogaleus major,15157,662,1.17365293457222
Cheirogaleus major,15017,705,59.0116196877182
Cheirogaleus major,14926,712,208.855460188826
Cheirogaleus major,15150,712,28.1809853154598
Cheirogaleus major,15151,712,66.1899405958974
Cheirogaleus major,15152,712,0.820644420907617
Cheirogaleus major,15153,712,1.73194615611291
Cheirogaleus major,15155,712,83.2026980152344
Cheirogaleus major,15156,732,11.844067606982
Cheirogaleus major,15077,717,118.514859144707
Cheirogaleus major,15078,733,59.2391267675772
Cheirogaleus major,15159,734,7.8888975294175
Cheirogaleus major,15160,734,0.366907192294359
Cheirogaleus major,15161,735,29.8631327553117
Cheirogaleus major,802,725,0.4598808172791
Cheirogaleus major,958,725,1.3788789025259
Cheirogaleus major,1001,725,0.275749213988304
Cheirogaleus major,3518,725,2589.86389487061
Cheirogaleus major,15109,725,0.733449546446324
Cheirogaleus major,15110,725,28.7773817194842
Cheirogaleus major,15129,725,0.18402045498687
Cheirogaleus major,15131,725,1103.96343099271
Cheirogaleus major,15147,725,19.4390238963762
Cheirogaleus major,15111,736,234.708229999792
Cheirogaleus major,15149,736,0.457520320277393
Cheirogaleus major,15162,736,17.1974791608272
Cheirogaleus major,15125,737,90.3937869662622
Cheirogaleus major,15130,738,322.648436083532
Cheirogaleus major,15132,739,0.3671433986426
Cheirogaleus major,15133,739,4.95616607062131
Cheirogaleus major,15134,739,19.8205211282898
Cheirogaleus major,15135,739,0.367093046224117
Cheirogaleus major,15142,739,1.37619193792719
Cheirogaleus major,15140,740,7.43174190611184
Cheirogaleus major,15163,741,0.365857744152904
Cheirogaleus major,15164,741,147.565898089784
Cheirogaleus major,15071,726,0.3690976892097
Cheirogaleus major,15095,726,26.6587824925889
Cheirogaleus major,15097,726,16.2380797407103
Cheirogaleus major,15126,730,65.9968218823523
Cheirogaleus major,15165,742,62.6106702145676
Cheirogaleus major,15166,743,5.74979056634986
Cheirogaleus major,15167,744,15.032588320411
Cheirogaleus major,15168,745,7.74432683949936
Cheirogaleus medius,201,1755,0.18546587502265
Cheirogaleus medius,208,1755,6.4908973798604
Cheirogaleus medius,1714,159,3.31494256118995
Cheirogaleus medius,1731,159,0.184153996927738
Cheirogaleus medius,2018,187,6.2465929270333
Cheirogaleus medius,2043,189,7.44038904008657
Cheirogaleus medius,216,25,8.4370977335708
Cheirogaleus medius,223,25,0.185438309593201
Cheirogaleus medius,231,25,0.185425482894003
Cheirogaleus medius,20100,1437,68.4073900828574
Cheirogaleus medius,24125,2442,44.4928427752445
Cheirogaleus medius,14476,2446,42.3362076362427
Cheirogaleus medius,4064,2465,19.2038282113973
Cheirogaleus medius,24222,2459,3.75955498127008
Cheirogaleus medius,3866,2430,16.3740665150672
Cheirogaleus medius,24291,2467,112.468627701651
Cheirogaleus medius,222,26,0.463597745714188
Cheirogaleus medius,241,26,0.0927073077802658
Cheirogaleus medius,291,26,43.2038186617044
Cheirogaleus medius,312,33,21.0334598369182
Cheirogaleus medius,319,33,0.0926675960290432
Cheirogaleus medius,340,33,0.0926606114119887
Cheirogaleus medius,501,52,0.370271373195231
Cheirogaleus medius,503,52,0.462834125284791
Cheirogaleus medius,506,52,0.0925668250995874
Cheirogaleus medius,508,52,43.0377824654073
Cheirogaleus medius,509,52,0.18513059458977
Cheirogaleus medius,519,52,1.48074673073471
Cheirogaleus medius,520,52,1.66577102635694
Cheirogaleus medius,522,52,0.277623898765862
Cheirogaleus medius,527,52,0.277610584835947
Cheirogaleus medius,529,52,0.0925361785190701
Cheirogaleus medius,543,52,1.38815019469857
Cheirogaleus medius,24435,52,0.185083622752249
Cheirogaleus medius,145,2225,0.463806772104442
Cheirogaleus medius,152,2225,0.27827526928854
Cheirogaleus medius,155,2225,0.463781360735595
Cheirogaleus medius,171,2225,0.278243954662919
Cheirogaleus medius,184,2225,0.185478644791543
Cheirogaleus medius,189,2225,0.27820176096195
Cheirogaleus medius,193,2225,0.64914825101471
Cheirogaleus medius,204,2225,130.021860527528
Cheirogaleus medius,23917,2225,0.185474717534363
Cheirogaleus medius,24434,2484,26.7219759851387
Cheirogaleus medius,24454,2487,64.9869920614074
Cheirogaleus medius,24505,2491,36.3826787541578
Cheirogaleus medius,15044,2492,89.7882265229853
Cheirogaleus medius,24416,2478,14.876475508235
Cheirogaleus medius,11000,775,0.0905584602525234
Cheirogaleus medius,11064,775,0.0905447203236818
Cheirogaleus medius,11222,775,38.0240908844043
Cheirogaleus medius,11251,775,0.0905061372197867
Cheirogaleus medius,11270,775,3.07696966736627
Cheirogaleus medius,11275,775,0.723997986286044
Cheirogaleus medius,11319,775,0.361958205401897
Cheirogaleus medius,24531,775,0.452763459861636
Cheirogaleus medius,23134,1571,0.777178853789091
Cheirogaleus medius,24458,1571,0.604549703200817
Cheirogaleus medius,24602,1571,19.9515621485635
Cheirogaleus medius,23443,2496,29.4123165165292
Cheirogaleus medius,24600,2497,29.3885406549345
Cheirogaleus medius,24601,2498,20.6592519148769
Cheirogaleus medius,13577,949,0.0899370735929012
Cheirogaleus medius,13608,949,0.0899238860028982
Cheirogaleus medius,13611,949,0.449603298739433
Cheirogaleus medius,13612,949,0.359686745625973
Cheirogaleus medius,13622,949,0.0899194863940477
Cheirogaleus medius,13666,949,36.331879859746
Cheirogaleus medius,24533,949,0.0899312145228386
Cheirogaleus medius,24534,949,0.449634089967847
Cheirogaleus medius,24604,949,6.47518067736232
Cheirogaleus medius,24605,2505,78.5054384879867
Cheirogaleus medius,21539,2439,46.5723968884147
Cheirogaleus medius,14697,2507,3.3134309653126
Cheirogaleus medius,24603,2507,17.1081231937802
Cheirogaleus medius,24632,2508,43.0398890354153
Cheirogaleus medius,22941,2365,151.58511224908
Cheirogaleus medius,24513,2365,9.98819568180025
Cheirogaleus medius,24076,2509,45.1360753508905
Cheirogaleus medius,13787,2298,52.2268727901955
Cheirogaleus medius,24638,2298,0.0899356091371775
Cheirogaleus medius,24639,2298,0.0899341444739103
Cheirogaleus medius,24640,2298,0.0899326796025038
Cheirogaleus medius,24636,2512,39.1360013945309
Cheirogaleus medius,24637,2512,0.0899400018793345
Cheirogaleus medius,4255,338,0.0914152072403431
Cheirogaleus medius,4271,338,5.85033975470352
Cheirogaleus medius,4282,338,24.6792146248873
Cheirogaleus medius,4283,338,0.0914115014762879
Cheirogaleus medius,4347,338,2.65062070312488
Cheirogaleus medius,4355,338,0.0914028473147154
Cheirogaleus medius,4356,338,0.182805694629431
Cheirogaleus medius,4384,338,0.274192454328179
Cheirogaleus medius,4397,338,0.0913954212394953
Cheirogaleus medius,4405,338,0.0913941828228235
Cheirogaleus medius,24407,338,1.55373825480127
Cheirogaleus medius,16160,1115,137.443018218653
Cheirogaleus medius,4339,2510,1.0054375043211
Cheirogaleus medius,4379,2510,2.37624750380063
Cheirogaleus medius,4412,2510,0.182784649551272
Cheirogaleus medius,4428,2510,0.0913904663075209
Cheirogaleus medius,4434,2510,0.0913892270473242
Cheirogaleus medius,4435,2510,0.182778454094648
Cheirogaleus medius,4447,2510,7.67678403816092
Cheirogaleus medius,4545,2510,8.49783825707888
Cheirogaleus medius,4631,2510,0.274089461484194
Cheirogaleus medius,4643,2510,0.0913631538983583
Cheirogaleus medius,4695,2510,9.5018882179122
Cheirogaleus medius,4696,2510,4.567756926453
Cheirogaleus medius,4753,2510,0.0913494594436884
Cheirogaleus medius,23938,2510,0.0913643975844383
Cheirogaleus medius,24459,2510,0.456749789226413
Cheirogaleus medius,1435,129,0.3690976892097
Cheirogaleus medius,24653,129,16.2380797407103
Cheirogaleus medius,1479,138,11.0677904937422
Cheirogaleus medius,1484,138,43.8080324089263
Cheirogaleus medius,1658,156,1.19747486800301
Cheirogaleus medius,1662,156,0.368458156106472
Cheirogaleus medius,1663,156,4.97389831733626
Cheirogaleus medius,1664,156,4.23704192003936
Cheirogaleus medius,1666,156,32.5124332313215
Cheirogaleus medius,1682,156,1.93420808195144
Cheirogaleus medius,1695,156,2.39454998459649
Cheirogaleus medius,1712,156,31.4019956498247
Cheirogaleus medius,4961,355,64.7813755391271
Cheirogaleus medius,24399,355,1.73570699889708
Cheirogaleus medius,24400,355,0.0913507054476738
Cheirogaleus medius,24664,355,0.0913581770466566
Cheirogaleus medius,14658,2443,57.9536162531174
Cheirogaleus medius,24109,2443,21.5096479841157
Cheirogaleus medius,24645,2443,27.5139015001006
Cheirogaleus medius,15310,2444,468.355482097602
Cheirogaleus medius,24207,2456,41.6109267733939
Cheirogaleus medius,6428,426,1.73194615611374
Cheirogaleus medius,6522,426,3.09900984286463
Cheirogaleus medius,6578,426,0.729165010962606
Cheirogaleus medius,6594,426,0.638013784430742
Cheirogaleus medius,6667,426,208.855460188826
Cheirogaleus medius,24672,426,28.1809853154598
Cheirogaleus medius,24673,426,66.1899405958974
Cheirogaleus medius,24674,426,0.820644420907617
Cheirogaleus medius,20390,1482,6.13304144533789
Cheirogaleus medius,4265,2345,7.03434427333379
Cheirogaleus medius,24022,2398,16.631194611291
Cheirogaleus medius,24675,2398,5.11777562952042
Cheirogaleus medius,24676,2398,0.0913867478950024
Cheirogaleus medius,24677,2398,0.091385508002162
Cheirogaleus medius,24678,2398,0.182767295484543
Cheirogaleus medius,24679,2398,0.09138178706038
Cheirogaleus medius,5270,2474,0.0912806047910452
Cheirogaleus medius,5608,2474,330.648057244708
Cheirogaleus medius,5609,2474,0.0912402507441044
Cheirogaleus medius,5616,2474,2.0072273404777
Cheirogaleus medius,5631,2474,0.364942030489683
Cheirogaleus medius,24494,2474,0.456175956650376
Cheirogaleus medius,24633,2474,36.1603726523629
Cheirogaleus medius,24656,2474,100.812835919068
Cheirogaleus medius,24657,2474,61.2504145189477
Cheirogaleus medius,24668,2474,1.82525826522207
Cheirogaleus medius,24669,2474,0.0912654972896576
Cheirogaleus medius,24670,2474,0.0912642369625568
Cheirogaleus medius,24671,2474,0.0912604547177553
Cheirogaleus medius,24516,2493,16.8362046284112
Cheirogaleus medius,24517,2493,7.1876479107902
Cheirogaleus medius,24651,2493,5.43494208523166
Cheirogaleus medius,24680,2493,1.57807103533185
Cheirogaleus medius,24681,2493,0.0876650565292835
Cheirogaleus medius,24682,2493,0.0876633013445139
Cinnyris notatus,892,74,0.370271373195231
Cinnyris notatus,894,74,0.462834125284791
Cinnyris notatus,898,74,0.0925668250995874
Cinnyris notatus,900,74,43.0377824654073
Cinnyris notatus,901,74,0.18513059458977
Cinnyris notatus,936,74,1.48074673073471
Cinnyris notatus,939,74,1.66577102635694
Cinnyris notatus,943,74,0.277623898765862
Cinnyris notatus,947,74,0.277610584835947
Cinnyris notatus,950,74,0.0925361785190701
Cinnyris notatus,1001,74,1.38815019469857
Cinnyris notatus,55071,74,0.185083622752249
Cinnyris notatus,606,201,43.2675847418705
Cinnyris notatus,614,201,0.0926675960290432
Cinnyris notatus,648,201,0.0926606114119887
Cinnyris notatus,670,201,0.0926476122773886
Cinnyris notatus,681,201,0.0926436052986383
Cinnyris notatus,54872,202,44.4928427752445
Cinnyris notatus,483,199,0.463597745714188
Cinnyris notatus,505,199,0.0927073077802658
Cinnyris notatus,578,199,43.2038186617044
Cinnyris notatus,310,130,0.55664420881176
Cinnyris notatus,326,130,0.371099061261296
Cinnyris notatus,331,130,0.556625695955813
Cinnyris notatus,348,130,0.185535398295105
Cinnyris notatus,359,130,0.463806772104442
Cinnyris notatus,374,130,0.27827526928854
Cinnyris notatus,380,130,0.463781360735595
Cinnyris notatus,407,130,0.278243954662919
Cinnyris notatus,427,130,0.185478644791543
Cinnyris notatus,434,130,0.27820176096195
Cinnyris notatus,438,130,0.64914825101471
Cinnyris notatus,448,130,0.18546587502265
Cinnyris notatus,453,130,130.021860527528
Cinnyris notatus,459,130,0.18545505566138
Cinnyris notatus,460,130,6.4908973798604
Cinnyris notatus,477,130,8.4370977335708
Cinnyris notatus,484,130,0.185438309593201
Cinnyris notatus,494,130,0.185425482894003
Cinnyris notatus,54683,130,0.185474717534363
Cinnyris notatus,55070,130,56.8711675529887
Cinnyris notatus,22813,58,0.0905584602525234
Cinnyris notatus,23012,58,0.0905447203236818
Cinnyris notatus,23490,58,38.0240908844043
Cinnyris notatus,23610,58,0.0905061372197867
Cinnyris notatus,23671,58,3.07696966736627
Cinnyris notatus,23686,58,0.723997986286044
Cinnyris notatus,23822,58,0.361958205401897
Cinnyris notatus,55228,58,0.452763459861636
Cinnyris notatus,54401,208,0.777178853789091
Cinnyris notatus,55118,208,0.604549703200817
Cinnyris notatus,55301,208,27.2715936270507
Cinnyris notatus,55302,208,29.4123165165292
Cinnyris notatus,55303,208,29.3885406549345
Cinnyris notatus,55304,208,20.6592519148769
Cinnyris notatus,55305,208,19.9515621485635
Cinnyris notatus,55324,210,78.5054384879867
Cinnyris notatus,31978,205,0.0899370735929012
Cinnyris notatus,32151,205,0.0899238860028982
Cinnyris notatus,32173,205,0.449603298739433
Cinnyris notatus,32174,205,0.359686745625973
Cinnyris notatus,32218,205,0.0899194863940477
Cinnyris notatus,32388,205,36.331879859746
Cinnyris notatus,55229,205,0.0899312145228386
Cinnyris notatus,55230,205,0.449634089967847
Cinnyris notatus,55323,205,6.47518067736232
Cinnyris notatus,32843,83,52.2268727901955
Cinnyris notatus,55468,83,39.1360013945309
Cinnyris notatus,55469,83,0.0899400018793345
Cinnyris notatus,55470,83,0.0899356091371775
Cinnyris notatus,55471,83,0.0899341444739103
Cinnyris notatus,55472,83,0.0899326796025038
Cinnyris notatus,10297,195,16.3740665150672
Cinnyris notatus,10699,195,19.2038282113973
Cinnyris notatus,55112,197,64.9869920614074
Cinnyris notatus,31415,227,0.179958904524803
Cinnyris notatus,31581,227,2.87876883525968
Cinnyris notatus,31599,227,0.899620833965421
Cinnyris notatus,31702,227,0.269868277515173
Cinnyris notatus,55380,227,45.3586244343983
Cinnyris notatus,55381,227,33.0953660842072
Cinnyris notatus,55492,230,52.0931107730117
Cinnyris notatus,42907,123,119.998173175863
Cinnyris notatus,54567,219,48.282664278709
Cinnyris notatus,55345,220,113.437646918732
Cinnyris notatus,55483,224,31.1097970257607
Cinnyris notatus,55484,224,29.6010280215059
Cinnyris notatus,12297,155,64.7813755391271
Cinnyris notatus,55058,155,1.73570699889708
Cinnyris notatus,55059,155,0.0913507054476738
Cinnyris notatus,55579,155,0.0913581770466566
Cinnyris notatus,49523,180,41.6109267733939
Cinnyris notatus,36304,207,21.5096479841157
Cinnyris notatus,36451,207,55.5362709867372
Cinnyris notatus,36727,207,3.3134309653126
Cinnyris notatus,37246,207,69.5634544487439
Cinnyris notatus,37807,207,283.005746054807
Cinnyris notatus,38761,207,15.7305049810951
Cinnyris notatus,39151,207,53.0748970534302
Cinnyris notatus,40026,207,21.0801634665238
Cinnyris notatus,55278,207,17.1081231937802
Cinnyris notatus,55282,207,0.447673652347684
Cinnyris notatus,55332,207,26.5383701396017
Cinnyris notatus,55334,207,6.61121590080178
Cinnyris notatus,55478,207,27.5139015001006
Cinnyris notatus,45771,218,0.620648212959528
Cinnyris notatus,45809,218,0.265972006814122
Cinnyris notatus,45847,218,0.709200345668078
Cinnyris notatus,45886,218,0.177290677110672
Cinnyris notatus,55400,218,138.846313450127
Cinnyris notatus,55401,218,0.177275942426443
Cinnyris notatus,55402,218,0.177274304782152
Cinnyris notatus,55466,218,9.04229392746901
Cinnyris notatus,55525,218,68.6631767822923
Cinnyris notatus,1897,198,19.9337849990107
Cinnyris notatus,55534,198,254.421082642661
Cinnyris notatus,55536,198,0.645659265649438
Cinnyris notatus,55503,233,0.3690976892097
Cinnyris notatus,55533,233,26.6587824925889
Cinnyris notatus,55535,233,16.2380797407103
Cinnyris notatus,27456,214,0.812480411258936
Cinnyris notatus,55361,214,16.6994855698657
Cinnyris notatus,55364,214,0.180557963597178
Cinnyris notatus,55398,214,61.2124982058693
Cinnyris notatus,55440,214,59.0116196877182
Cinnyris notatus,55627,214,1.17365293457222
Cinnyris notatus,11050,231,0.0914152072403431
Cinnyris notatus,11064,231,7.03434427333379
Cinnyris notatus,11071,231,5.85033975470352
Cinnyris notatus,11080,231,24.6792146248873
Cinnyris notatus,11081,231,0.0914115014762879
Cinnyris notatus,11160,231,1.0054375043211
Cinnyris notatus,11171,231,2.65062070312488
Cinnyris notatus,11183,231,0.0914028473147154
Cinnyris notatus,11184,231,0.182805694629431
Cinnyris notatus,11225,231,2.37624750380063
Cinnyris notatus,11234,231,0.274192454328179
Cinnyris notatus,11259,231,0.0913954212394953
Cinnyris notatus,11273,231,0.0913941828228235
Cinnyris notatus,11284,231,0.182784649551272
Cinnyris notatus,11311,231,0.0913904663075209
Cinnyris notatus,11322,231,0.0913892270473242
Cinnyris notatus,11323,231,0.182778454094648
Cinnyris notatus,11341,231,7.67678403816092
Cinnyris notatus,11510,231,8.49783825707888
Cinnyris notatus,11638,231,0.274089461484194
Cinnyris notatus,11664,231,0.0913631538983583
Cinnyris notatus,11760,231,9.5018882179122
Cinnyris notatus,11761,231,4.567756926453
Cinnyris notatus,11863,231,0.0913494594436884
Cinnyris notatus,12874,231,0.0912806047910452
Cinnyris notatus,13362,231,330.648057244708
Cinnyris notatus,13363,231,0.0912402507441044
Cinnyris notatus,13374,231,2.00722734047782
Cinnyris notatus,13395,231,0.364942030489683
Cinnyris notatus,13413,231,0.456175956650972
Cinnyris notatus,54730,231,0.0913643975844383
Cinnyris notatus,54747,231,16.631194611291
Cinnyris notatus,55066,231,1.55373825480127
Cinnyris notatus,55121,231,0.456749789226413
Cinnyris notatus,55339,231,36.1603726523629
Cinnyris notatus,55498,231,100.812835919068
Cinnyris notatus,55526,231,61.2504145189477
Cinnyris notatus,55581,231,0.822074067883492
Cinnyris notatus,55582,231,0.0912705364927053
Cinnyris notatus,55583,231,0.365072069038987
Cinnyris notatus,55584,231,1.82525826522207
Cinnyris notatus,55585,231,0.0912654972896576
Cinnyris notatus,55586,231,0.0912642369625568
Cinnyris notatus,55587,231,0.0912604547177553
Cinnyris notatus,55615,231,5.11777562952042
Cinnyris notatus,55616,231,0.0913867478950024
Cinnyris notatus,55617,231,0.091385508002162
Cinnyris notatus,55618,231,0.182767295484543
Cinnyris notatus,55619,231,0.09138178706038
Cinnyris notatus,4830,232,0.643524707942724
Cinnyris notatus,4971,232,0.459616383672059
Cinnyris notatus,5014,232,0.183841973942041
Cinnyris notatus,5036,232,0.643432019172192
Cinnyris notatus,5053,232,0.275752651619673
Cinnyris notatus,5101,232,0.367655302864194
Cinnyris notatus,5141,232,1.56243208603442
Cinnyris notatus,5142,232,0.275729722221732
Cinnyris notatus,5194,232,0.275717098941624
Cinnyris notatus,5222,232,0.275709061498523
Cinnyris notatus,5233,232,0.459508593737543
Cinnyris notatus,5261,232,0.45949710468936
Cinnyris notatus,5262,232,1.1946710927344
Cinnyris notatus,5291,232,0.183794934333146
Cinnyris notatus,5306,232,53.6769175645747
Cinnyris notatus,5315,232,3.21620605602419
Cinnyris notatus,5316,232,0.551364106284499
Cinnyris notatus,5342,232,1.10266377710527
Cinnyris notatus,5367,232,0.183781132994473
Cinnyris notatus,5368,232,0.367564567481756
Cinnyris notatus,5400,232,0.183777680330753
Cinnyris notatus,5413,232,0.551319225258708
Cinnyris notatus,5427,232,0.183773075227499
Cinnyris notatus,5440,232,1.10259928914046
Cinnyris notatus,5450,232,2.02137478975803
Cinnyris notatus,5451,232,0.826945434479237
Cinnyris notatus,5465,232,0.643170052255213
Cinnyris notatus,5478,232,0.183763859938979
Cinnyris notatus,5498,232,0.183761555059075
Cinnyris notatus,5499,232,1.65382056523675
Cinnyris notatus,5564,232,0.826825480994821
Cinnyris notatus,5636,232,0.459349671094894
Cinnyris notatus,5688,232,0.367459639964223
Cinnyris notatus,5725,232,0.183724619395971
Cinnyris notatus,5726,232,0.275586929093957
Cinnyris notatus,5751,232,1.46972063059181
Cinnyris notatus,5752,232,0.275577679304183
Cinnyris notatus,5971,232,0.367363554798603
Cinnyris notatus,6212,232,366.147778927468
Cinnyris notatus,6316,232,0.275443051051259
Cinnyris notatus,19058,232,2609.35666769842
Cinnyris notatus,55547,232,0.733449546446324
Cinnyris notatus,55548,232,28.7773817194842
Cinnyris notatus,55549,232,234.708229999792
Cinnyris notatus,55580,232,19.5821926010261
Cinnyris notatus,55588,232,0.0921589938924909
Cinnyris notatus,55589,232,0.18402045498687
Cinnyris notatus,55590,232,322.648436083532
Cinnyris notatus,55591,232,1103.96343099271
Cinnyris notatus,55592,232,0.3671433986426
Cinnyris notatus,55593,232,4.95616607062131
Cinnyris notatus,55594,232,19.8205211282898
Cinnyris notatus,55595,232,0.367093046224117
Cinnyris notatus,55596,232,0.0917703307330608
Cinnyris notatus,55597,232,0.0917644648573995
Cinnyris notatus,55598,232,0.367054338001192
Cinnyris notatus,55599,232,0.642337166595399
Cinnyris notatus,55600,232,7.43174190611184
Cinnyris notatus,55601,232,3.11954769088572
Cinnyris notatus,55602,232,1.37619193792719
Cinnyris notatus,55603,232,0.0917480122808218
Cinnyris notatus,55604,232,0.0917397704514265
Cinnyris notatus,55605,232,0.0917385922011137
Cinnyris notatus,55606,232,1.19252978562158
Cinnyris notatus,55607,232,59.2391267675772
Cinnyris notatus,55608,232,0.550263871117234
Cinnyris notatus,55609,232,0.0917031464005113
Cinnyris notatus,55610,232,19.4390238963762
Cinnyris notatus,55611,232,58.1245802735148
Cinnyris notatus,55612,232,0.091692475564003
Cinnyris notatus,55613,232,5.77360824797505
Cinnyris notatus,55614,232,0.457520320277393
Cinnyris notatus,55628,232,3.30296723872322
Cinnyris notatus,55629,232,7.8888975294175
Cinnyris notatus,55630,232,0.366907192294359
Cinnyris notatus,55633,232,17.1974791608272
Cinnyris notatus,55634,232,0.365857744152904
Cinnyris notatus,55635,232,147.565898089784
Cinnyris notatus,55346,234,208.855460188826
Cinnyris notatus,55564,234,65.9968218823523
Cinnyris notatus,55620,234,28.1809853154598
Cinnyris notatus,55621,234,66.1899405958974
Cinnyris notatus,55622,234,0.820644420907617
Cinnyris notatus,55623,234,1.73194615611291
Cinnyris notatus,55624,234,0.0911550613903999
Cinnyris notatus,55625,234,83.2026980152344
Cinnyris notatus,55626,234,11.844067606982
Cinnyris notatus,55638,234,15.032588320411
Cinnyris notatus,55639,234,7.74432683949936
Cinnyris notatus,55640,234,0.273353686598182
Cinnyris notatus,55512,235,151.055431051786
Cinnyris notatus,55563,236,90.3937869662622
Cinnyris notatus,55636,236,62.6106702145676
Cinnyris notatus,55637,236,5.74979056634986
Cinnyris notatus,55631,237,118.514859144707
Cinnyris notatus,55632,237,29.8631327553117
Copsychus albospecularis,4,1,0.64914825101471
Copsychus albospecularis,5,1,72.6104762396658
Copsychus albospecularis,9469,1,26.7219759851387
Copsychus albospecularis,9513,25,29.3885406549345
Copsychus albospecularis,9514,25,20.6592519148769
Copsychus albospecularis,3985,40,2.87876883525968
Copsychus albospecularis,3987,40,0.899620833965421
Copsychus albospecularis,4010,40,0.269868277515173
Copsychus albospecularis,9562,40,45.3586244343983
Copsychus albospecularis,9563,40,33.0953660842072
Copsychus albospecularis,9643,41,52.0931107730117
Copsychus albospecularis,6111,31,0.356448453989983
Copsychus albospecularis,6505,31,68.542247589293
Copsychus albospecularis,9662,31,40.1722469238046
Copsychus albospecularis,9204,36,48.282664278709
Copsychus albospecularis,9638,38,31.1097970257607
Copsychus albospecularis,9639,38,29.6010280215059
Copsychus albospecularis,7065,32,0.620648212959528
Copsychus albospecularis,7072,32,0.265972006814122
Copsychus albospecularis,7087,32,0.709200345668078
Copsychus albospecularis,9579,32,138.846313450127
Copsychus albospecularis,9629,32,9.04229392746901
Copsychus albospecularis,9681,32,68.6631767822923
Copsychus albospecularis,95,3,19.9337849990107
Copsychus albospecularis,9684,3,254.421082642661
Copsychus albospecularis,9685,3,0.645659265649438
Copsychus albospecularis,3194,29,0.812480411258936
Copsychus albospecularis,9542,29,16.6994855698657
Copsychus albospecularis,9564,29,61.2124982058693
Copsychus albospecularis,9603,29,59.0116196877182
Copsychus albospecularis,9749,29,1.17365293457222
Copsychus albospecularis,293,42,1.74986507844758
Copsychus albospecularis,497,42,1.65325307838088
Copsychus albospecularis,508,42,0.367363554798603
Copsychus albospecularis,551,42,305.601390472703
Copsychus albospecularis,564,42,0.275443051051259
Copsychus albospecularis,1923,42,2542.11627358113
Copsychus albospecularis,9654,42,118.514859144707
Copsychus albospecularis,9696,42,0.733449546446324
Copsychus albospecularis,9697,42,28.7773817194842
Copsychus albospecularis,9698,42,234.708229999792
Copsychus albospecularis,9714,42,13.2391936591283
Copsychus albospecularis,9717,42,322.648436083532
Copsychus albospecularis,9718,42,1103.96343099271
Copsychus albospecularis,9719,42,0.3671433986426
Copsychus albospecularis,9720,42,4.95616607062131
Copsychus albospecularis,9721,42,19.8205211282898
Copsychus albospecularis,9722,42,0.367093046224117
Copsychus albospecularis,9725,42,0.367054338001192
Copsychus albospecularis,9726,42,0.642337166595399
Copsychus albospecularis,9727,42,7.43174190611184
Copsychus albospecularis,9728,42,3.11954769088572
Copsychus albospecularis,9729,42,1.37619193792719
Copsychus albospecularis,9733,42,1.19252978562158
Copsychus albospecularis,9734,42,59.2391267675772
Copsychus albospecularis,9735,42,0.550263871117234
Copsychus albospecularis,9737,42,19.4390238963762
Copsychus albospecularis,9738,42,58.1245802735148
Copsychus albospecularis,9740,42,5.77360824797505
Copsychus albospecularis,9741,42,0.457520320277393
Copsychus albospecularis,9750,42,3.30296723872322
Copsychus albospecularis,9751,42,7.8888975294175
Copsychus albospecularis,9752,42,0.366907192294359
Copsychus albospecularis,9753,42,29.8631327553117
Copsychus albospecularis,9754,42,17.1974791608272
Copsychus albospecularis,9755,42,0.365857744152904
Copsychus albospecularis,9756,42,147.565898089784
Copsychus albospecularis,9527,43,208.855460188826
Copsychus albospecularis,9713,43,65.9968218823523
Copsychus albospecularis,9742,43,28.1809853154598
Copsychus albospecularis,9743,43,66.1899405958974
Copsychus albospecularis,9744,43,0.820644420907617
Copsychus albospecularis,9745,43,1.73194615611291
Copsychus albospecularis,9747,43,83.2026980152344
Copsychus albospecularis,9748,43,11.844067606982
Copsychus albospecularis,9759,43,15.032588320411
Copsychus albospecularis,9760,43,7.74432683949936
Copsychus albospecularis,9761,43,0.273353686598182
Copsychus albospecularis,9656,44,129.19912881279
Copsychus albospecularis,9712,45,90.3937869662622
Copsychus albospecularis,9757,45,62.6106702145676
Copsychus albospecularis,9758,45,5.74979056634986
Coracopsis nigra,65,1,130.021860527528
Coracopsis nigra,66,1,6.4908973798604
Coracopsis nigra,68,1,8.4370977335708
Coracopsis nigra,91,1,43.2675847418705
Coracopsis nigra,7612,1,56.8711675529887
Coracopsis nigra,7654,17,64.9869920614074
Coracopsis nigra,7412,20,44.4928427752445
Coracopsis nigra,7843,20,27.2715936270507
Coracopsis nigra,7844,20,29.4123165165292
Coracopsis nigra,7845,20,29.3885406549345
Coracopsis nigra,7846,20,20.6592519148769
Coracopsis nigra,7847,20,19.9515621485635
Coracopsis nigra,7866,21,78.5054384879867
Coracopsis nigra,6374,9,2.17984381179476
Coracopsis nigra,6415,9,1.39385740344095
Coracopsis nigra,6420,9,118.514144622728
Coracopsis nigra,6627,9,1.47393099119139
Coracopsis nigra,6654,9,11.0948326900705
Coracopsis nigra,6823,9,101.586314517297
Coracopsis nigra,7256,9,1.13414415884197
Coracopsis nigra,7257,9,256.826351227335
Coracopsis nigra,7301,9,45.1360753508905
Coracopsis nigra,7595,9,14.876475508235
Coracopsis nigra,7731,9,25.3907382257994
Coracopsis nigra,7733,9,9.98819568180025
Coracopsis nigra,3674,12,36.331879859746
Coracopsis nigra,3717,12,52.2268727901955
Coracopsis nigra,7865,12,6.47518067736232
Coracopsis nigra,8015,12,39.1360013945309
Coracopsis nigra,3597,27,2.87876883525968
Coracopsis nigra,7928,27,45.3586244343983
Coracopsis nigra,7929,27,33.0953660842072
Coracopsis nigra,8072,27,52.0931107730117
Coracopsis nigra,5136,13,137.443018218653
Coracopsis nigra,8030,22,31.1097970257607
Coracopsis nigra,8031,22,29.6010280215059
Coracopsis nigra,7887,23,113.437646918732
Coracopsis nigra,1693,15,64.7813755391271
Coracopsis nigra,7580,15,1.73570699889708
Coracopsis nigra,7948,25,138.846313450127
Coracopsis nigra,8014,25,9.04229392746901
Coracopsis nigra,8107,25,68.6631767822923
Coracopsis nigra,4044,28,42.3362076362427
Coracopsis nigra,4171,28,21.5096479841157
Coracopsis nigra,4190,28,55.5362709867372
Coracopsis nigra,4226,28,3.3134309653126
Coracopsis nigra,4302,28,69.5634544487439
Coracopsis nigra,4771,28,449.033259297131
Coracopsis nigra,7822,28,17.1081231937802
Coracopsis nigra,7875,28,26.5383701396017
Coracopsis nigra,8025,28,27.5139015001006
Coracopsis nigra,1451,16,16.3740665150672
Coracopsis nigra,1501,16,19.2038282113973
Coracopsis nigra,1545,16,2.46812535342741
Coracopsis nigra,1551,16,16.0871950112846
Coracopsis nigra,1569,16,1.18809712456632
Coracopsis nigra,1570,16,4.66084065057552
Coracopsis nigra,1577,16,4.38649564416385
Coracopsis nigra,1605,16,8.86332816260099
Coracopsis nigra,1606,16,7.03434427333379
Coracopsis nigra,1625,16,9.5018882179122
Coracopsis nigra,1626,16,4.567756926453
Coracopsis nigra,1840,16,188.020451602363
Coracopsis nigra,7684,16,61.0679011777905
Coracopsis nigra,7894,16,36.1603726523629
Coracopsis nigra,8078,16,100.812835919068
Coracopsis nigra,8080,16,50.5501472631837
Coracopsis nigra,8159,16,3.2854141933409
Coracopsis nigra,8217,16,1.82525826522207
Coracopsis nigra,361,18,19.9337849990107
Coracopsis nigra,786,18,1.56243208603442
Coracopsis nigra,803,18,1.1946710927344
Coracopsis nigra,811,18,53.6769175645747
Coracopsis nigra,813,18,3.21620605602419
Coracopsis nigra,816,18,1.10266377710527
Coracopsis nigra,827,18,1.10259928914046
Coracopsis nigra,829,18,2.02137478975803
Coracopsis nigra,832,18,1.65382056523675
Coracopsis nigra,863,18,1.46972063059181
Coracopsis nigra,915,18,366.147778927468
Coracopsis nigra,2388,18,2609.35666769842
Coracopsis nigra,7895,18,208.855460188826
Coracopsis nigra,8093,18,151.055431051786
Coracopsis nigra,8109,18,26.6587824925889
Coracopsis nigra,8110,18,254.421082642661
Coracopsis nigra,8111,18,16.2380797407103
Coracopsis nigra,8124,18,28.7773817194842
Coracopsis nigra,8125,18,234.708229999792
Coracopsis nigra,8139,18,90.3937869662622
Coracopsis nigra,8140,18,65.9968218823523
Coracopsis nigra,8160,18,19.5821926010261
Coracopsis nigra,8165,18,322.648436083532
Coracopsis nigra,8166,18,1103.96343099271
Coracopsis nigra,8168,18,4.95616607062131
Coracopsis nigra,8169,18,19.8205211282898
Coracopsis nigra,8175,18,7.43174190611184
Coracopsis nigra,8176,18,3.11954769088572
Coracopsis nigra,8177,18,1.37619193792719
Coracopsis nigra,8181,18,1.19252978562158
Coracopsis nigra,8182,18,59.2391267675772
Coracopsis nigra,8185,18,19.4390238963762
Coracopsis nigra,8186,18,58.1245802735148
Coracopsis nigra,8188,18,5.77360824797505
Coracopsis nigra,8193,18,28.1809853154598
Coracopsis nigra,8194,18,66.1899405958974
Coracopsis nigra,8196,18,1.73194615611291
Coracopsis nigra,8198,18,83.2026980152344
Coracopsis nigra,8199,18,11.844067606982
Coracopsis nigra,8202,18,3.30296723872322
Coracopsis nigra,8203,18,7.8888975294175
Coracopsis nigra,8205,18,118.514859144707
Coracopsis nigra,8206,18,29.8631327553117
Coracopsis nigra,8207,18,17.1974791608272
Coracopsis nigra,8209,18,147.565898089784
Coracopsis nigra,8210,18,62.6106702145676
Coracopsis nigra,8211,18,5.74979056634986
Coracopsis nigra,8212,18,15.032588320411
Coracopsis nigra,8213,18,7.74432683949936
Coracopsis nigra,6102,19,6.13304144533789
Coracopsis nigra,6232,19,46.5723968884147
Coracopsis nigra,7408,19,41.6109267733939
Coracopsis nigra,7409,19,48.408552922966
Coracopsis nigra,7611,19,22.0549396073767
Coracopsis nigra,7729,19,36.3826787541578
Coracopsis nigra,7744,19,16.8362046284112
Coracopsis nigra,7745,19,7.1876479107902
Coracopsis nigra,8064,19,5.43494208523166
Coracopsis nigra,8190,19,1.57807103533185
Coracopsis nigra,7910,29,16.6994855698657
Coracopsis nigra,7946,29,61.2124982058693
Coracopsis nigra,7988,29,59.0116196877182
Coracopsis nigra,8200,29,1.17365293457222
Corythornis madagascariensis,36,1,130.021860527528
Corythornis madagascariensis,37,1,6.4908973798604
Corythornis madagascariensis,39,1,8.4370977335708
Corythornis madagascariensis,84,1,43.4528749465152
Corythornis madagascariensis,4689,1,56.8711675529887
Corythornis madagascariensis,4898,25,27.2715936270507
Corythornis madagascariensis,4899,25,29.4123165165292
Corythornis madagascariensis,4900,25,29.3885406549345
Corythornis madagascariensis,4901,25,20.6592519148769
Corythornis madagascariensis,4902,25,19.9515621485635
Corythornis madagascariensis,2500,13,78.5054384879867
Corythornis madagascariensis,3513,9,69.920279126314
Corythornis madagascariensis,2479,31,2.87876883525968
Corythornis madagascariensis,4969,31,45.3586244343983
Corythornis madagascariensis,4970,31,33.0953660842072
Corythornis madagascariensis,5068,31,52.0931107730117
Corythornis madagascariensis,4928,29,113.437646918732
Corythornis madagascariensis,2862,24,27.5139015001006
Corythornis madagascariensis,2877,24,41.0293049223326
Corythornis madagascariensis,2892,24,40.9179544183666
Corythornis madagascariensis,2900,24,3.3134309653126
Corythornis madagascariensis,3041,24,227.815236638844
Corythornis madagascariensis,4882,24,13.8841261984153
Corythornis madagascariensis,5059,24,5.19750467449212
Corythornis madagascariensis,4989,32,138.846313450127
Corythornis madagascariensis,5055,32,9.04229392746901
Corythornis madagascariensis,5100,32,68.6631767822923
Corythornis madagascariensis,1094,21,16.3740665150672
Corythornis madagascariensis,1141,21,19.2038282113973
Corythornis madagascariensis,1182,21,7.03434427333379
Corythornis madagascariensis,1183,21,24.6792146248873
Corythornis madagascariensis,1193,21,2.83342021114933
Corythornis madagascariensis,1206,21,4.38649564416385
Corythornis madagascariensis,1211,21,8.86332816260099
Corythornis madagascariensis,1253,21,9.5018882179122
Corythornis madagascariensis,1254,21,4.567756926453
Corythornis madagascariensis,1393,21,277.350781846119
Corythornis madagascariensis,4481,21,12.3364082640967
Corythornis madagascariensis,4510,21,2.46812535342705
Corythornis madagascariensis,4758,21,61.0679011777905
Corythornis madagascariensis,4935,21,36.1603726523629
Corythornis madagascariensis,5074,21,100.812835919068
Corythornis madagascariensis,5151,21,3.2854141933409
Corythornis madagascariensis,5181,21,5.11777562952042
Corythornis madagascariensis,5210,21,1.82525826522207
Corythornis madagascariensis,277,22,19.9337849990107
Corythornis madagascariensis,585,22,1.56243208603442
Corythornis madagascariensis,601,22,53.6769175645747
Corythornis madagascariensis,602,22,3.21620605602419
Corythornis madagascariensis,615,22,2.02137478975803
Corythornis madagascariensis,617,22,1.65382056523675
Corythornis madagascariensis,641,22,1.46972063059181
Corythornis madagascariensis,683,22,366.147778927468
Corythornis madagascariensis,1733,22,2609.35666769842
Corythornis madagascariensis,4936,22,208.855460188826
Corythornis madagascariensis,5102,22,26.6587824925889
Corythornis madagascariensis,5103,22,254.421082642661
Corythornis madagascariensis,5104,22,16.2380797407103
Corythornis madagascariensis,5117,22,28.7773817194842
Corythornis madagascariensis,5118,22,234.708229999792
Corythornis madagascariensis,5132,22,90.3937869662622
Corythornis madagascariensis,5133,22,65.9968218823523
Corythornis madagascariensis,5152,22,19.5821926010261
Corythornis madagascariensis,5156,22,322.648436083532
Corythornis madagascariensis,5157,22,1103.96343099271
Corythornis madagascariensis,5159,22,4.95616607062131
Corythornis madagascariensis,5160,22,19.8205211282898
Corythornis madagascariensis,5166,22,7.43174190611184
Corythornis madagascariensis,5167,22,3.11954769088572
Corythornis madagascariensis,5168,22,1.37619193792719
Corythornis madagascariensis,5173,22,59.2391267675772
Corythornis madagascariensis,5176,22,19.4390238963762
Corythornis madagascariensis,5177,22,58.1245802735148
Corythornis madagascariensis,5179,22,5.77360824797505
Corythornis madagascariensis,5186,22,28.1809853154598
Corythornis madagascariensis,5187,22,66.1899405958974
Corythornis madagascariensis,5189,22,1.73194615611291
Corythornis madagascariensis,5191,22,83.2026980152344
Corythornis madagascariensis,5192,22,11.844067606982
Corythornis madagascariensis,5195,22,3.30296723872322
Corythornis madagascariensis,5196,22,7.8888975294175
Corythornis madagascariensis,5198,22,118.514859144707
Corythornis madagascariensis,5199,22,29.8631327553117
Corythornis madagascariensis,5200,22,17.1974791608272
Corythornis madagascariensis,5202,22,147.565898089784
Corythornis madagascariensis,5203,22,62.6106702145676
Corythornis madagascariensis,5204,22,5.74979056634986
Corythornis madagascariensis,5205,22,15.032588320411
Corythornis madagascariensis,5206,22,7.74432683949936
Corythornis madagascariensis,5088,34,151.055431051786
Corythornis madagascariensis,4951,33,16.6994855698657
Corythornis madagascariensis,4987,33,61.2124982058693
Corythornis madagascariensis,5029,33,59.0116196877182
Coua caerulea,311,9,2.87876883525968
Coua caerulea,903,9,45.3586244343983
Coua caerulea,904,9,33.0953660842072
Coua caerulea,962,9,52.0931107730117
Coua caerulea,939,8,138.846313450127
Coua caerulea,960,8,9.04229392746901
Coua caerulea,986,8,57.9452893114559
Coua caerulea,10,2,220.11217216931
Coua caerulea,15,2,4.05232580194205
Coua caerulea,25,2,60.6757308631249
Coua caerulea,48,2,3.30296723872137
Coua caerulea,121,2,2241.04182024585
Coua caerulea,891,2,28.7352753755711
Coua caerulea,977,2,78.7365093769755
Coua caerulea,981,2,151.055431051786
Coua caerulea,988,2,26.6587824925889
Coua caerulea,989,2,16.2380797407103
Coua caerulea,993,2,2.67266141879243
Coua caerulea,1003,2,28.7773817194842
Coua caerulea,1004,2,234.708229999792
Coua caerulea,1018,2,90.3937869662622
Coua caerulea,1019,2,65.9968218823523
Coua caerulea,1020,2,322.648436083532
Coua caerulea,1021,2,1103.96343099271
Coua caerulea,1023,2,4.95616607062131
Coua caerulea,1024,2,19.8205211282898
Coua caerulea,1030,2,7.43174190611184
Coua caerulea,1031,2,3.11954769088572
Coua caerulea,1037,2,59.2391267675772
Coua caerulea,1040,2,19.4390238963762
Coua caerulea,1041,2,58.1245802735148
Coua caerulea,1043,2,5.77360824797505
Coua caerulea,1045,2,28.1809853154598
Coua caerulea,1047,2,11.844067606982
Coua caerulea,1048,2,7.8888975294175
Coua caerulea,1050,2,118.514859144707
Coua caerulea,1051,2,29.8631327553117
Coua caerulea,1053,2,17.1974791608272
Coua caerulea,1055,2,147.565898089784
Coua caerulea,1056,2,62.6106702145676
Coua caerulea,1057,2,5.74979056634986
Coua caerulea,1058,2,15.032588320411
Coua caerulea,1059,2,7.74432683949936
Coua coquereli,2201,4,68.4073900828574
Coua coquereli,2586,11,64.9869920614074
Coua coquereli,2686,14,78.5054384879867
Coua coquereli,2018,9,2.73910567240655
Coua coquereli,2066,9,354.116732481142
Coua coquereli,2713,9,17.5870851484947
Coua coquereli,2714,9,2.03225787389851
Coua coquereli,1489,8,36.331879859746
Coua coquereli,1510,8,52.2268727901955
Coua coquereli,2685,8,6.47518067736232
Coua coquereli,2717,8,39.1360013945309
Coua coquereli,1820,15,137.443018218653
Coua coquereli,534,10,64.7813755391271
Coua coquereli,2571,10,1.73570699889708
Coua coquereli,1573,16,42.3362076362427
Coua coquereli,1595,16,57.9536162531174
Coua coquereli,1600,16,3.3134309653126
Coua coquereli,1640,16,89.7882265229853
Coua coquereli,1674,16,468.355482097602
Coua coquereli,2371,16,21.5096479841157
Coua coquereli,2435,16,3.75955498127008
Coua coquereli,2684,16,17.1081231937802
Coua coquereli,2715,16,43.0398890354153
Coua coquereli,2724,16,27.5139015001006
Coua coquereli,345,13,16.3740665150672
Coua coquereli,388,13,19.2038282113973
Coua coquereli,435,13,7.03434427333379
Coua coquereli,436,13,5.85033975470352
Coua coquereli,438,13,24.6792146248873
Coua coquereli,446,13,2.83342021114933
Coua coquereli,452,13,2.37624750380063
Coua coquereli,461,13,7.67678403816092
Coua coquereli,465,13,8.86332816260099
Coua coquereli,498,13,9.5018882179122
Coua coquereli,499,13,4.567756926453
Coua coquereli,625,13,330.648057244708
Coua coquereli,626,13,2.0072273404777
Coua coquereli,2346,13,16.631194611291
Coua coquereli,2579,13,1.55373825480127
Coua coquereli,2716,13,36.1603726523629
Coua coquereli,2725,13,100.812835919068
Coua coquereli,2726,13,61.2504145189477
Coua coquereli,2730,13,1.82525826522207
Coua coquereli,2734,13,5.11777562952042
Coua cristata,51,1,130.021860527528
Coua cristata,52,1,6.4908973798604
Coua cristata,54,1,8.4370977335708
Coua cristata,105,1,43.4528749465152
Coua cristata,4547,1,56.8711675529887
Coua cristata,4572,19,64.9869920614074
Coua cristata,4337,22,44.4928427752445
Coua cristata,4728,22,27.2715936270507
Coua cristata,4729,22,29.4123165165292
Coua cristata,4730,22,29.3885406549345
Coua cristata,4731,22,20.6592519148769
Coua cristata,4732,22,19.9515621485635
Coua cristata,4749,24,78.5054384879867
Coua cristata,2442,11,36.331879859746
Coua cristata,2472,11,52.2268727901955
Coua cristata,4748,11,6.47518067736232
Coua cristata,4889,11,39.1360013945309
Coua cristata,3944,21,9.98819568180025
Coua cristata,3971,21,7.36721759575951
Coua cristata,3979,21,12.0483039035151
Coua cristata,4028,21,445.611096910782
Coua cristata,4274,21,17.8876522784661
Coua cristata,4281,21,45.1360753508905
Coua cristata,4319,21,51.2694713964937
Coua cristata,4794,21,5.23129722183871
Coua cristata,2390,29,2.87876883525968
Coua cristata,4820,29,45.3586244343983
Coua cristata,4821,29,33.0953660842072
Coua cristata,4937,29,52.0931107730117
Coua cristata,3149,23,137.443018218653
Coua cristata,3178,25,113.259438465062
Coua cristata,1361,14,64.7813755391271
Coua cristata,4532,14,1.73570699889708
Coua cristata,2594,32,16.1479318826332
Coua cristata,2712,32,21.5096479841157
Coua cristata,2723,32,55.5362709867372
Coua cristata,2739,32,3.3134309653126
Coua cristata,2777,32,69.5634544487439
Coua cristata,2926,32,449.033259297131
Coua cristata,4711,32,17.1081231937802
Coua cristata,4758,32,26.5383701396017
Coua cristata,4899,32,27.5139015001006
Coua cristata,3418,13,19.2725371855396
Coua cristata,3633,13,76.4973862589936
Coua cristata,3704,13,3.32941224809313
Coua cristata,3768,13,46.5723968884147
Coua cristata,4334,13,42.4890235274736
Coua cristata,4376,13,7.50890607225883
Coua cristata,4429,13,2.12150208466887
Coua cristata,4434,13,18.6823267181581
Coua cristata,4436,13,13.0307413413469
Coua cristata,4437,13,3.87195306908155
Coua cristata,4438,13,6.06907414019537
Coua cristata,4641,13,36.3826787541578
Coua cristata,4646,13,16.8362046284112
Coua cristata,4647,13,7.1876479107902
Coua cristata,4648,13,9.25706128804803
Coua cristata,4651,13,4.31856011909986
Coua cristata,4653,13,2.02272765648687
Coua cristata,4791,13,16.0848499706674
Coua cristata,4792,13,2.03225787389851
Coua cristata,4933,13,5.43494208523166
Coua cristata,5033,13,1.57807103533185
Coua cristata,1179,17,16.3740665150672
Coua cristata,1224,17,2.19464777098459
Coua cristata,1231,17,12.894550309714
Coua cristata,1301,17,2.64969806134474
Coua cristata,1314,17,7.03479595916414
Coua cristata,1316,17,4.567756926453
Coua cristata,1425,17,31.0315972086302
Coua cristata,1452,17,61.0679011777905
Coua cristata,4614,17,81.3668221959746
Coua cristata,4796,17,36.1603726523629
Coua cristata,4965,17,3.2854141933409
Coua cristata,5050,17,1.82525826522207
Coua cristata,328,18,19.9337849990107
Coua cristata,674,18,1.56243208603442
Coua cristata,683,18,1.1946710927344
Coua cristata,688,18,53.6769175645747
Coua cristata,689,18,3.21620605602419
Coua cristata,692,18,1.10266377710527
Coua cristata,701,18,1.10259928914046
Coua cristata,703,18,2.02137478975803
Coua cristata,706,18,1.65382056523675
Coua cristata,733,18,1.46972063059181
Coua cristata,769,18,366.147778927468
Coua cristata,1692,18,2581.47262161247
Coua cristata,4797,18,31.4878831114368
Coua cristata,4799,18,145.788410841142
Coua cristata,4952,18,151.055431051786
Coua cristata,4969,18,26.6587824925889
Coua cristata,4970,18,254.421082642661
Coua cristata,4971,18,16.2380797407103
Coua cristata,4983,18,28.7773817194842
Coua cristata,4984,18,234.708229999792
Coua cristata,4998,18,90.3937869662622
Coua cristata,4999,18,65.9968218823523
Coua cristata,5000,18,19.5821926010261
Coua cristata,5003,18,322.648436083532
Coua cristata,5004,18,252.202675262053
Coua cristata,5006,18,4.95616607062131
Coua cristata,5007,18,19.8205211282898
Coua cristata,5013,18,7.43174190611184
Coua cristata,5014,18,3.11954769088572
Coua cristata,5015,18,1.37619193792719
Coua cristata,5019,18,1.19252978562158
Coua cristata,5020,18,59.2391267675772
Coua cristata,5023,18,19.4390238963762
Coua cristata,5024,18,58.1245802735148
Coua cristata,5025,18,8.80184476284266
Coua cristata,5027,18,172.672289919877
Coua cristata,5028,18,5.77360824797505
Coua cristata,5029,18,273.556877409119
Coua cristata,5030,18,220.869991782959
Coua cristata,5031,18,24.0690321273829
Coua cristata,5036,18,28.1809853154598
Coua cristata,5037,18,66.1899405958974
Coua cristata,5039,18,1.73194615611291
Coua cristata,5041,18,83.2026980152344
Coua cristata,5042,18,11.844067606982
Coua cristata,5043,18,3.30296723872322
Coua cristata,5044,18,7.8888975294175
Coua cristata,5046,18,118.514859144707
Coua cristata,5047,18,29.8631327553117
Coua cristata,5054,18,17.1974791608272
Coua cristata,5056,18,147.565898089784
Coua cristata,5057,18,62.6106702145676
Coua cristata,5058,18,5.74979056634986
Coua cristata,5059,18,15.032588320411
Coua cristata,5060,18,7.74432683949936
Coua cristata,4838,31,61.2124982058693
Coua cristata,4874,31,59.0116196877182
Coua cursor,211,4,9.79969941269683
Coua cursor,220,4,7.36721759575951
Coua cursor,222,4,12.0483039035151
Coua cursor,286,4,151.58511224908
Coua cursor,455,4,17.8876522784661
Coua cursor,462,4,45.1360753508905
Coua cursor,489,4,409.094188525743
Coua cursor,555,4,14.876475508235
Coua cursor,562,4,9.98819568180025
Coua cursor,88,3,13.1672804516124
Coua cursor,136,3,433.103828882698
Coua cursor,139,3,6.13304144533789
Coua cursor,172,3,46.5723968884147
Coua cursor,505,3,1.94182639975023
Coua cursor,506,3,43.5541700668897
Coua cursor,507,3,2.02803748513663
Coua cursor,508,3,2.11576712074435
Coua cursor,512,3,42.4890235274736
Coua cursor,547,3,13.0307413413469
Coua cursor,548,3,3.87195306908155
Coua cursor,549,3,6.06907414019537
Coua cursor,550,3,112.468627701651
Coua cursor,557,3,36.3826787541578
Coua cursor,565,3,16.8362046284112
Coua cursor,566,3,7.1876479107902
Coua cursor,575,3,9.25706128804803
Coua cursor,578,3,4.31856011909986
Coua cursor,580,3,2.02272765648687
Coua cursor,590,3,15.2003871725972
Coua cursor,591,3,2.03225787389851
Coua cursor,620,3,5.43494208523166
Coua gigas,540,4,36.331879859746
Coua gigas,547,4,52.2268727901955
Coua gigas,568,4,42.3362076362427
Coua gigas,578,4,57.9536162531174
Coua gigas,580,4,3.3134309653126
Coua gigas,591,4,89.7882265229853
Coua gigas,606,4,468.355482097602
Coua gigas,1059,4,21.5096479841157
Coua gigas,1127,4,3.75955498127008
Coua gigas,1423,4,17.1081231937802
Coua gigas,1424,4,6.47518067736232
Coua gigas,1425,4,78.5054384879867
Coua gigas,1456,4,43.0398890354153
Coua gigas,1458,4,39.1360013945309
Coua gigas,1465,4,27.5139015001006
Coua gigas,138,3,16.3740665150672
Coua gigas,150,3,19.2038282113973
Coua gigas,159,3,5.85033975470436
Coua gigas,160,3,16.0871950112846
Coua gigas,168,3,4.38649564416385
Coua gigas,169,3,8.86332816260146
Coua gigas,180,3,9.5018882179122
Coua gigas,181,3,4.567756926453
Coua gigas,228,3,250.770407736056
Coua gigas,1324,3,59.2635538920963
Coua gigas,1457,3,36.1603726523629
Coua gigas,1473,3,61.2504145189477
Coua gigas,784,5,13.1672804516124
Coua gigas,872,5,126.208445257514
Coua gigas,884,5,6.13304144533789
Coua gigas,933,5,46.5723968884147
Coua gigas,964,5,151.58511224908
Coua gigas,1004,5,17.8876522784661
Coua gigas,1046,5,45.1360753508905
Coua gigas,1050,5,401.46151615565
Coua gigas,1107,5,29.0032743569901
Coua gigas,1112,5,42.4890235274736
Coua gigas,1158,5,201.007449783058
Coua gigas,1169,5,13.0307413413469
Coua gigas,1170,5,3.87195306908155
Coua gigas,1171,5,6.06907414019537
Coua gigas,1172,5,112.468627701651
Coua gigas,1270,5,14.876475508235
Coua gigas,1333,5,36.3826787541578
Coua gigas,1338,5,9.98819568180025
Coua gigas,1341,5,16.8362046284112
Coua gigas,1342,5,7.1876479107902
Coua gigas,1351,5,9.25706128804803
Coua gigas,1354,5,4.31856011909986
Coua gigas,1452,5,17.4103685992625
Coua gigas,1455,5,5.23129722183871
Coua gigas,1472,5,5.43494208523166
Coua reynaudii,671,3,95.129367921751
Coua reynaudii,814,3,57.9452893114559
Coua reynaudii,848,3,9.04229392746901
Coua reynaudii,21,2,38.0976185701168
Coua reynaudii,24,2,7.65654382250775
Coua reynaudii,47,2,100.250169065042
Coua reynaudii,49,2,40.2587459644453
Coua reynaudii,54,2,281.744151939172
Coua reynaudii,59,2,6.25186649493766
Coua reynaudii,64,2,740.018379971278
Coua reynaudii,86,2,41.2839215929341
Coua reynaudii,90,2,366.095106831069
Coua reynaudii,97,2,191.707112116678
Coua reynaudii,103,2,62.6106702145676
Coua reynaudii,104,2,28.7352753755711
Coua reynaudii,110,2,21.694845079512
Coua reynaudii,796,2,15.032588320411
Coua reynaudii,856,2,26.6587824925889
Coua reynaudii,862,2,151.055431051786
Coua reynaudii,867,2,78.7365093769755
Coua reynaudii,873,2,401.35630033969
Coua reynaudii,889,2,61.0887142109144
Coua reynaudii,894,2,16.2380797407103
Coua reynaudii,895,2,47.6915269604523
Coua reynaudii,898,2,2.67266141879243
Coua reynaudii,899,2,29.7439079649625
Coua reynaudii,901,2,322.648436083532
Coua reynaudii,902,2,122.951826375919
Coua reynaudii,904,2,4.95616607062131
Coua reynaudii,905,2,19.8205211282898
Coua reynaudii,911,2,7.43174190611184
Coua reynaudii,912,2,3.11954769088572
Coua reynaudii,918,2,59.2391267675772
Coua reynaudii,921,2,58.1245802735148
Coua reynaudii,924,2,5.77360824797505
Coua reynaudii,925,2,243.799845205986
Coua reynaudii,926,2,18.3894848404292
Coua reynaudii,928,2,96.830526666995
Coua reynaudii,929,2,5.74979056634986
Coua reynaudii,930,2,28.1809853154598
Coua reynaudii,933,2,3.30296723872322
Coua reynaudii,934,2,7.8888975294175
Coua reynaudii,936,2,118.514859144707
Coua reynaudii,937,2,29.8631327553117
Coua reynaudii,938,2,11.844067606982
Coua reynaudii,805,4,16.6994855698657
Coua reynaudii,809,4,61.2124982058693
Coua reynaudii,835,4,59.0116196877182
Coua ruficeps,21,3,21.5096479841157
Coua ruficeps,23,3,17.1081231937802
Coua ruficeps,25,3,3.3134309653126
Coua ruficeps,26,3,57.9536162531294
Coua ruficeps,29,3,3.75955498126924
Coua ruficeps,30,3,89.7882265230072
Coua ruficeps,32,3,216.621536697718
Coua ruficeps,34,3,69.5197727681215
Coua ruficeps,1,1,16.3740665150728
Coua ruficeps,2,1,19.2038282114016
Coua ruficeps,7,1,16.631194611291
Coua ruficeps,8,1,7.03434427333379
Coua ruficeps,15,1,36.160372652361
Coua ruficeps,16,1,27.8442933033095
Coua ruficeps,17,1,21.9966508282123
Coua ruficeps,18,1,294.140463350616
Coua ruficeps,19,1,2.00722734047782
Coua ruficeps,35,1,100.812835919068
Coua ruficeps,36,1,5.11777562952042
Coua serriana,299,3,52.0931107730117
Coua serriana,373,3,19.0759812224051
Coua serriana,383,3,2.69846636686766
Coua serriana,388,3,2.87876883525968
Coua serriana,392,3,4.58734981390798
Coua serriana,757,2,44.9170985850942
Coua serriana,1122,2,40.1722469238046
Coua serriana,796,4,94.6858912927296
Coua serriana,1072,4,68.6631767822923
Coua serriana,1099,4,30.9497681570663
Coua serriana,1,1,19.9337849990107
Coua serriana,5,1,199.453024252279
Coua serriana,11,1,3.13243296555978
Coua serriana,12,1,150.011990179812
Coua serriana,16,1,115.416475571589
Coua serriana,28,1,18.468422871011
Coua serriana,86,1,90.3937869662622
Coua serriana,134,1,1434.04900915309
Coua serriana,1032,1,129.19912881279
Coua serriana,1043,1,29.8631255431825
Coua serriana,1045,1,28.6147550266786
Coua serriana,1114,1,118.514859144707
Coua serriana,1115,1,59.2391267675772
Coua serriana,1118,1,65.9968218823523
Coua serriana,1126,1,2.67266141879243
Coua serriana,1134,1,28.7773817194842
Coua serriana,1135,1,29.961795364261
Coua serriana,1136,1,234.708229999792
Coua serriana,1141,1,62.6106702145676
Coua serriana,1143,1,322.648436083532
Coua serriana,1144,1,747.944391559914
Coua serriana,1146,1,4.95616607062131
Coua serriana,1147,1,19.8205211282898
Coua serriana,1153,1,7.43174190611184
Coua serriana,1154,1,3.11954769088572
Coua serriana,1162,1,19.4390238963762
Coua serriana,1163,1,29.4327473464405
Coua serriana,1165,1,168.097282819222
Coua serriana,1167,1,11.844067606982
Coua serriana,1168,1,3.30296723872322
Coua serriana,1169,1,7.8888975294175
Coua serriana,1171,1,15.032588320411
Coua serriana,1172,1,7.74432683949936
Coua serriana,1175,1,17.1974791608272
Coua serriana,1177,1,147.565898089784
Coua serriana,1178,1,5.74979056634986
Crossleyia xanthophrys,27,9,47.6733437306255
Crossleyia xanthophrys,28,9,59.7117294058333
Crossleyia xanthophrys,29,10,83.2133630683468
Crossleyia xanthophrys,450,45,27.2715936270423
Crossleyia xanthophrys,98,17,28.6147550266778
Crossleyia xanthophrys,109,22,52.0931107730117
Crossleyia xanthophrys,423,38,31.1097970257607
Crossleyia xanthophrys,31,12,29.290227912244
Crossleyia xanthophrys,34,12,18.9148983457112
Crossleyia xanthophrys,35,12,0.367143398642659
Crossleyia xanthophrys,36,12,4.95616607062143
Crossleyia xanthophrys,37,12,19.8205211282847
Crossleyia xanthophrys,38,12,0.367093046224177
Crossleyia xanthophrys,47,12,1.37619193792653
Crossleyia xanthophrys,48,12,3.30296723872322
Crossleyia xanthophrys,448,43,14.5552500460275
Crossleyia xanthophrys,410,47,5.94571285882723
Crossleyia xanthophrys,412,47,29.274766839554
Crossleyia xanthophrys,26,8,28.9945355610379
Crossleyia xanthophrys,74,15,60.0081350929425
Crossleyia xanthophrys,20,7,2.67266141879243
Crossleyia xanthophrys,22,7,31.6985197321722
Crossleyia xanthophrys,451,7,55.3562922973957
Crossleyia xanthophrys,107,21,59.0116196877182
Cryptosylvicola randrianasoloi,15,4,59.7444529941496
Cryptosylvicola randrianasoloi,22,4,28.9945355610176
Cryptosylvicola randrianasoloi,35,7,29.9084357813374
Cryptosylvicola randrianasoloi,276,27,0.539962693065524
Cryptosylvicola randrianasoloi,277,27,19.0759812224051
Cryptosylvicola randrianasoloi,279,27,0.179958904524803
Cryptosylvicola randrianasoloi,280,27,2.87876883525968
Cryptosylvicola randrianasoloi,281,27,0.899620833965421
Cryptosylvicola randrianasoloi,282,27,0.269868277515173
Cryptosylvicola randrianasoloi,284,27,33.0953660842019
Cryptosylvicola randrianasoloi,134,21,61.2124982058693
Cryptosylvicola randrianasoloi,263,25,52.0931107730117
Cryptosylvicola randrianasoloi,447,38,13.6882290793771
Cryptosylvicola randrianasoloi,2,2,0.369097689209938
Cryptosylvicola randrianasoloi,5,2,16.2380797407139
Cryptosylvicola randrianasoloi,42,9,21.336136544534
Cryptosylvicola randrianasoloi,43,9,25.8418336022724
Cryptosylvicola randrianasoloi,45,9,0.367843747830391
Cryptosylvicola randrianasoloi,52,9,84.4140065064233
Cryptosylvicola randrianasoloi,70,9,29.1983259148607
Cryptosylvicola randrianasoloi,517,9,60.1106834541456
Cryptosylvicola randrianasoloi,518,9,30.0315886353095
Cryptosylvicola randrianasoloi,416,41,63.1928620869468
Cryptosylvicola randrianasoloi,512,41,60.6680116256418
Cryptosylvicola randrianasoloi,513,41,46.697352145833
Cryptosylvicola randrianasoloi,9,42,2.67266141879243
Cryptosylvicola randrianasoloi,13,42,31.790673218183
Cryptosylvicola randrianasoloi,14,42,25.3295724640318
Cyanolanius madagascarinus,268,108,43.2675847418705
Cyanolanius madagascarinus,401,87,0.370271373195231
Cyanolanius madagascarinus,402,87,0.462834125284791
Cyanolanius madagascarinus,406,87,43.0377824654073
Cyanolanius madagascarinus,423,87,1.48074673073471
Cyanolanius madagascarinus,424,87,1.66577102635694
Cyanolanius madagascarinus,428,87,0.277623898765862
Cyanolanius madagascarinus,434,87,0.277610584835947
Cyanolanius madagascarinus,467,87,1.38815019469857
Cyanolanius madagascarinus,207,106,0.463597745714188
Cyanolanius madagascarinus,256,106,43.2038186617044
Cyanolanius madagascarinus,131,33,0.55664420881176
Cyanolanius madagascarinus,135,33,0.371099061261296
Cyanolanius madagascarinus,138,33,0.556625695955813
Cyanolanius madagascarinus,150,33,0.463806772104442
Cyanolanius madagascarinus,157,33,0.27827526928854
Cyanolanius madagascarinus,159,33,0.463781360735595
Cyanolanius madagascarinus,173,33,0.278243954662919
Cyanolanius madagascarinus,187,33,0.27820176096195
Cyanolanius madagascarinus,190,33,0.64914825101471
Cyanolanius madagascarinus,197,33,130.021860527528
Cyanolanius madagascarinus,201,33,6.4908973798604
Cyanolanius madagascarinus,206,33,8.4370977335708
Cyanolanius madagascarinus,22814,33,56.8711675529887
Cyanolanius madagascarinus,9724,25,38.0240908844043
Cyanolanius madagascarinus,9799,25,3.07696966736627
Cyanolanius madagascarinus,9808,25,0.723997986286044
Cyanolanius madagascarinus,9859,25,0.361958205401897
Cyanolanius madagascarinus,22971,25,0.452763459861636
Cyanolanius madagascarinus,22483,113,0.777178853789091
Cyanolanius madagascarinus,22862,113,0.604549703200817
Cyanolanius madagascarinus,23037,113,27.2715936270507
Cyanolanius madagascarinus,23038,113,29.4123165165292
Cyanolanius madagascarinus,23039,113,29.3885406549345
Cyanolanius madagascarinus,23040,113,20.6592519148769
Cyanolanius madagascarinus,23041,113,19.9515621485635
Cyanolanius madagascarinus,12507,22,36.331879859746
Cyanolanius madagascarinus,12999,22,0.449603298739433
Cyanolanius madagascarinus,13000,22,0.359686745625973
Cyanolanius madagascarinus,22973,22,0.449634089967847
Cyanolanius madagascarinus,23059,22,6.47518067736232
Cyanolanius madagascarinus,23060,115,78.5054384879867
Cyanolanius madagascarinus,13262,37,52.2268727901955
Cyanolanius madagascarinus,23209,37,39.1360013945309
Cyanolanius madagascarinus,12764,129,2.87876883525968
Cyanolanius madagascarinus,12769,129,0.899620833965421
Cyanolanius madagascarinus,12811,129,0.269868277515173
Cyanolanius madagascarinus,23121,129,45.3586244343983
Cyanolanius madagascarinus,23122,129,33.0953660842072
Cyanolanius madagascarinus,23233,131,52.0931107730117
Cyanolanius madagascarinus,22856,105,64.9869920614074
Cyanolanius madagascarinus,17607,5,69.920279126314
Cyanolanius madagascarinus,18067,5,7.91386017940461
Cyanolanius madagascarinus,16572,86,111.41152479386
Cyanolanius madagascarinus,23079,122,113.437646918732
Cyanolanius madagascarinus,22510,125,48.282664278709
Cyanolanius madagascarinus,23224,127,31.1097970257607
Cyanolanius madagascarinus,23225,127,29.6010280215059
Cyanolanius madagascarinus,5458,71,64.7813755391271
Cyanolanius madagascarinus,22802,71,1.73570699889708
Cyanolanius madagascarinus,14771,112,21.5096479841157
Cyanolanius madagascarinus,14831,112,55.5362709867372
Cyanolanius madagascarinus,14948,112,3.3134309653126
Cyanolanius madagascarinus,15189,112,60.4348975659029
Cyanolanius madagascarinus,15472,112,240.346898243405
Cyanolanius madagascarinus,23020,112,17.1081231937802
Cyanolanius madagascarinus,23024,112,0.447673652347684
Cyanolanius madagascarinus,23068,112,26.5383701396017
Cyanolanius madagascarinus,23219,112,27.5139015001006
Cyanolanius madagascarinus,19074,121,0.620648212959528
Cyanolanius madagascarinus,19087,121,0.265972006814122
Cyanolanius madagascarinus,19109,121,0.709200345668078
Cyanolanius madagascarinus,23141,121,138.846313450127
Cyanolanius madagascarinus,23207,121,9.04229392746901
Cyanolanius madagascarinus,23267,121,68.6631767822923
Cyanolanius madagascarinus,11243,68,0.812480411258936
Cyanolanius madagascarinus,23102,68,16.6994855698657
Cyanolanius madagascarinus,23139,68,61.2124982058693
Cyanolanius madagascarinus,23181,68,59.0116196877182
Cyanolanius madagascarinus,23361,68,1.17365293457222
Cyanolanius madagascarinus,1090,83,19.9337849990107
Cyanolanius madagascarinus,23270,83,254.421082642661
Cyanolanius madagascarinus,23272,83,0.645659265649438
Cyanolanius madagascarinus,23244,133,0.3690976892097
Cyanolanius madagascarinus,23269,133,26.6587824925889
Cyanolanius madagascarinus,23271,133,16.2380797407103
Cyanolanius madagascarinus,4686,104,16.3740665150672
Cyanolanius madagascarinus,4848,104,19.2038282113973
Cyanolanius madagascarinus,5007,104,7.03434427333379
Cyanolanius madagascarinus,5011,104,5.85033975470352
Cyanolanius madagascarinus,5016,104,24.6792146248873
Cyanolanius madagascarinus,5045,104,2.65062070312488
Cyanolanius madagascarinus,5069,104,0.274192454328179
Cyanolanius madagascarinus,5083,104,1.18809712456667
Cyanolanius madagascarinus,5106,104,4.38649564416385
Cyanolanius madagascarinus,5170,104,8.49783825707888
Cyanolanius madagascarinus,5213,104,0.274089461484194
Cyanolanius madagascarinus,5257,104,9.5018882179122
Cyanolanius madagascarinus,5258,104,4.567756926453
Cyanolanius madagascarinus,5792,104,0.365034251434088
Cyanolanius madagascarinus,5852,104,318.511281266377
Cyanolanius madagascarinus,5886,104,0.547426328327894
Cyanolanius madagascarinus,5894,104,0.364942030489683
Cyanolanius madagascarinus,5900,104,0.456175956650972
Cyanolanius madagascarinus,22538,104,16.631194611291
Cyanolanius madagascarinus,22810,104,1.55373825480127
Cyanolanius madagascarinus,22865,104,0.456749789226413
Cyanolanius madagascarinus,22895,104,61.0679011777905
Cyanolanius madagascarinus,23086,104,36.1603726523629
Cyanolanius madagascarinus,23239,104,100.812835919068
Cyanolanius madagascarinus,23319,104,3.2854141933409
Cyanolanius madagascarinus,23321,104,0.822074067883492
Cyanolanius madagascarinus,23349,104,5.11777562952042
Cyanolanius madagascarinus,23376,104,0.365072069038987
Cyanolanius madagascarinus,23377,104,1.82525826522207
Cyanolanius madagascarinus,2356,132,0.643524707942724
Cyanolanius madagascarinus,2411,132,0.459616383672059
Cyanolanius madagascarinus,2434,132,0.643432019172192
Cyanolanius madagascarinus,2443,132,0.275752651619673
Cyanolanius madagascarinus,2464,132,0.367655302864194
Cyanolanius madagascarinus,2485,132,1.56243208603442
Cyanolanius madagascarinus,2486,132,0.275729722221732
Cyanolanius madagascarinus,2510,132,0.275717098941624
Cyanolanius madagascarinus,2526,132,0.275709061498523
Cyanolanius madagascarinus,2530,132,0.459508593737543
Cyanolanius madagascarinus,2537,132,0.45949710468936
Cyanolanius madagascarinus,2538,132,1.1946710927344
Cyanolanius madagascarinus,2556,132,53.6769175645747
Cyanolanius madagascarinus,2560,132,3.21620605602419
Cyanolanius madagascarinus,2561,132,0.551364106284499
Cyanolanius madagascarinus,2568,132,1.10266377710527
Cyanolanius madagascarinus,2577,132,0.367564567481756
Cyanolanius madagascarinus,2587,132,0.551319225258708
Cyanolanius madagascarinus,2599,132,1.10259928914046
Cyanolanius madagascarinus,2605,132,2.02137478975803
Cyanolanius madagascarinus,2606,132,0.826945434479237
Cyanolanius madagascarinus,2614,132,0.643170052255213
Cyanolanius madagascarinus,2623,132,1.65382056523675
Cyanolanius madagascarinus,2644,132,0.826825480994821
Cyanolanius madagascarinus,2671,132,0.459349671094894
Cyanolanius madagascarinus,2695,132,0.367459639964223
Cyanolanius madagascarinus,2710,132,0.275586929093957
Cyanolanius madagascarinus,2714,132,1.46972063059181
Cyanolanius madagascarinus,2715,132,0.275577679304183
Cyanolanius madagascarinus,2803,132,0.367363554798603
Cyanolanius madagascarinus,2907,132,366.147778927468
Cyanolanius madagascarinus,2948,132,0.275443051051259
Cyanolanius madagascarinus,7993,132,2609.35666769842
Cyanolanius madagascarinus,23283,132,0.733449546446324
Cyanolanius madagascarinus,23284,132,28.7773817194842
Cyanolanius madagascarinus,23285,132,234.708229999792
Cyanolanius madagascarinus,23320,132,19.5821926010261
Cyanolanius madagascarinus,23324,132,322.648436083532
Cyanolanius madagascarinus,23325,132,1103.96343099271
Cyanolanius madagascarinus,23326,132,0.3671433986426
Cyanolanius madagascarinus,23327,132,4.95616607062131
Cyanolanius madagascarinus,23328,132,19.8205211282898
Cyanolanius madagascarinus,23329,132,0.367093046224117
Cyanolanius madagascarinus,23332,132,0.367054338001192
Cyanolanius madagascarinus,23333,132,0.642337166595399
Cyanolanius madagascarinus,23334,132,7.43174190611184
Cyanolanius madagascarinus,23335,132,3.11954769088572
Cyanolanius madagascarinus,23336,132,1.37619193792719
Cyanolanius madagascarinus,23340,132,1.19252978562158
Cyanolanius madagascarinus,23341,132,59.2391267675772
Cyanolanius madagascarinus,23342,132,0.550263871117234
Cyanolanius madagascarinus,23344,132,19.4390238963762
Cyanolanius madagascarinus,23345,132,58.1245802735148
Cyanolanius madagascarinus,23347,132,5.77360824797505
Cyanolanius madagascarinus,23348,132,0.457520320277393
Cyanolanius madagascarinus,23362,132,3.30296723872322
Cyanolanius madagascarinus,23363,132,7.8888975294175
Cyanolanius madagascarinus,23364,132,0.366907192294359
Cyanolanius madagascarinus,23365,132,118.514859144707
Cyanolanius madagascarinus,23366,132,29.8631327553117
Cyanolanius madagascarinus,23367,132,17.1974791608272
Cyanolanius madagascarinus,23368,132,0.365857744152904
Cyanolanius madagascarinus,23369,132,147.565898089784
Cyanolanius madagascarinus,23087,134,208.855460188826
Cyanolanius madagascarinus,23300,134,65.9968218823523
Cyanolanius madagascarinus,23354,134,28.1809853154598
Cyanolanius madagascarinus,23355,134,66.1899405958974
Cyanolanius madagascarinus,23356,134,0.820644420907617
Cyanolanius madagascarinus,23357,134,1.73194615611291
Cyanolanius madagascarinus,23359,134,83.2026980152344
Cyanolanius madagascarinus,23360,134,11.844067606982
Cyanolanius madagascarinus,23372,134,15.032588320411
Cyanolanius madagascarinus,23373,134,7.74432683949936
Cyanolanius madagascarinus,23374,134,0.273353686598182
Cyanolanius madagascarinus,23253,135,151.055431051786
Cyanolanius madagascarinus,23299,136,90.3937869662622
Cyanolanius madagascarinus,23370,136,62.6106702145676
Cyanolanius madagascarinus,23371,136,5.74979056634986
Daubentonia madagascariensis,3185,50,26.5383701395867
Daubentonia madagascariensis,3176,158,42.3362076362427
Daubentonia madagascariensis,10,1,0.55664420881176
Daubentonia madagascariensis,12,1,0.556625695955813
Daubentonia madagascariensis,26,1,0.64914825101471
Daubentonia madagascariensis,28,1,120.469913094516
Daubentonia madagascariensis,5364,162,26.7219759851387
Daubentonia madagascariensis,1084,157,64.9869920614074
Daubentonia madagascariensis,5405,165,78.5054384879867
Daubentonia madagascariensis,2921,37,51.8674302060766
Daubentonia madagascariensis,5419,37,39.1360013945309
Daubentonia madagascariensis,567,92,25.8543332637122
Daubentonia madagascariensis,609,92,13.3348473462281
Daubentonia madagascariensis,632,92,7.63192306706161
Daubentonia madagascariensis,658,92,0.643524707942724
Daubentonia madagascariensis,680,92,0.643432019172192
Daubentonia madagascariensis,697,92,1.56243208603442
Daubentonia madagascariensis,711,92,1.1946710927344
Daubentonia madagascariensis,717,92,53.6769175645747
Daubentonia madagascariensis,720,92,3.21620605602419
Daubentonia madagascariensis,721,92,0.551364106284499
Daubentonia madagascariensis,727,92,1.10266377710527
Daubentonia madagascariensis,728,92,1.28645181352198
Daubentonia madagascariensis,729,92,19.9464922246256
Daubentonia madagascariensis,734,92,0.551319225258708
Daubentonia madagascariensis,737,92,9.73881683760441
Daubentonia madagascariensis,738,92,1.10259928914046
Daubentonia madagascariensis,740,92,2.02137478975803
Daubentonia madagascariensis,741,92,0.826945434479237
Daubentonia madagascariensis,742,92,0.643170052255213
Daubentonia madagascariensis,746,92,1.65382056523675
Daubentonia madagascariensis,761,92,0.826825480994821
Daubentonia madagascariensis,774,92,1.46972063059181
Daubentonia madagascariensis,822,92,195.390719691214
Daubentonia madagascariensis,5421,92,22.0769148552072
Daubentonia madagascariensis,5427,171,50.4255278827549
Daubentonia madagascariensis,189,13,19.9337849990107
Daubentonia madagascariensis,314,13,199.713422927767
Daubentonia madagascariensis,5420,13,0.645659265649438
Daubentonia madagascariensis,1129,72,118.514859144707
Daubentonia madagascariensis,5489,175,29.8631327553117
Daubentonia madagascariensis,449,113,3.22456991307449
Daubentonia madagascariensis,468,113,1.19747486800301
Daubentonia madagascariensis,469,113,59.2231361404085
Daubentonia madagascariensis,500,113,210.741080259081
Daubentonia madagascariensis,605,113,138.98603618893
Daubentonia madagascariensis,5386,113,103.579343500488
Daubentonia madagascariensis,5387,113,1.47231811580735
Daubentonia madagascariensis,5413,113,21.7270555164749
Daubentonia madagascariensis,5385,176,38.4553984883197
Daubentonia madagascariensis,684,145,47.0601219852866
Daubentonia madagascariensis,722,145,1.10272016136467
Daubentonia madagascariensis,723,145,1.01083246940482
Daubentonia madagascariensis,5415,166,130.28619090203
Daubentonia madagascariensis,5470,167,83.2026980152344
Daubentonia madagascariensis,5511,167,66.1899405958974
Daubentonia madagascariensis,5512,167,0.820644420907617
Daubentonia madagascariensis,5513,167,1.73194615611291
Daubentonia madagascariensis,1002,168,5.77360824797505
Daubentonia madagascariensis,5485,168,28.6918329270743
Daubentonia madagascariensis,1113,177,216.407811741091
Daubentonia madagascariensis,5433,177,0.733449546446324
Daubentonia madagascariensis,5434,177,28.7773817194842
Daubentonia madagascariensis,5473,177,24.6020278093903
Daubentonia madagascariensis,5482,177,19.4390238963762
Daubentonia madagascariensis,5484,177,59.394961680435
Daubentonia madagascariensis,5471,178,59.8726933780698
Daubentonia madagascariensis,5472,179,29.2902279122488
Daubentonia madagascariensis,5474,180,159.231402266135
Daubentonia madagascariensis,1676,169,65.9968218823523
Daubentonia madagascariensis,5453,181,90.3937869662622
Daubentonia madagascariensis,5490,182,62.6106702145676
Daubentonia madagascariensis,1193,170,56.679369671419
Daubentonia madagascariensis,5435,183,360.583405483435
Daubentonia madagascariensis,5505,183,0.915983153844118
Daubentonia madagascariensis,5506,183,129.829628623509
Daubentonia madagascariensis,5436,184,73.011277636079
Daubentonia madagascariensis,5508,184,17.1974791608272
Daubentonia madagascariensis,5402,174,208.855460188826
Echinops telfairi,202,33,11.0677904937422
Echinops telfairi,204,33,7.19359772695065
Echinops telfairi,279,45,29.1594029263307
Echinops telfairi,944,98,5.85033975470352
Echinops telfairi,946,98,24.6792146248902
Echinops telfairi,963,98,2.65062070312488
Echinops telfairi,974,98,0.274192454328179
Echinops telfairi,5677,395,68.4073900828574
Echinops telfairi,5171,481,13.1672804516135
Echinops telfairi,7106,626,17.8876522784661
Echinops telfairi,7271,672,31.0182859874093
Echinops telfairi,7314,677,43.5541700668897
Echinops telfairi,3643,666,42.3362076362427
Echinops telfairi,850,660,16.3740665150672
Echinops telfairi,7392,681,112.468627701651
Echinops telfairi,38,7,0.463597745714188
Echinops telfairi,46,7,43.2038186617044
Echinops telfairi,50,8,21.1261124531245
Echinops telfairi,88,15,9.25542923517722
Echinops telfairi,89,15,1.48074673073471
Echinops telfairi,90,15,1.48068535666716
Echinops telfairi,91,15,0.277623898765862
Echinops telfairi,96,15,1.38815019469857
Echinops telfairi,7520,695,64.9869920614074
Echinops telfairi,1309,127,26.0969339648095
Echinops telfairi,1350,127,2.0072273404777
Echinops telfairi,7563,697,36.3826787541578
Echinops telfairi,3825,699,89.7882265229853
Echinops telfairi,7389,685,13.0307413413469
Echinops telfairi,7493,688,14.876475508235
Echinops telfairi,2863,222,38.2051651932399
Echinops telfairi,2879,222,3.07696966736627
Echinops telfairi,2882,222,0.723997986286044
Echinops telfairi,2890,222,0.361958205401897
Echinops telfairi,7579,222,0.452763459861636
Echinops telfairi,3510,263,0.449603298739433
Echinops telfairi,3511,263,0.359686745625973
Echinops telfairi,3530,263,36.331879859746
Echinops telfairi,7582,263,0.449634089967847
Echinops telfairi,7651,263,6.47518067736232
Echinops telfairi,6018,392,46.5723968884147
Echinops telfairi,3697,706,3.3134309653126
Echinops telfairi,7650,706,17.1081231937802
Echinops telfairi,7701,707,43.0398890354153
Echinops telfairi,3577,701,78.5054384879867
Echinops telfairi,232,38,1.19747486800301
Echinops telfairi,235,38,30.854789821823
Echinops telfairi,238,38,1.93420808195144
Echinops telfairi,240,38,1.84197769368905
Echinops telfairi,245,38,29.6521305713782
Echinops telfairi,4108,587,0.267409589342952
Echinops telfairi,4238,587,33.9502502570503
Echinops telfairi,6604,624,151.58511224908
Echinops telfairi,7568,624,9.98819568180025
Echinops telfairi,7174,708,45.1360753508905
Echinops telfairi,5675,656,433.810619797173
Echinops telfairi,7316,656,2.11576712074435
Echinops telfairi,7689,656,17.5870851484947
Echinops telfairi,7691,656,1.94182639975023
Echinops telfairi,6346,657,0.260165493234158
Echinops telfairi,6373,657,12.0483039035151
Echinops telfairi,7226,657,445.611096910782
Echinops telfairi,7694,657,5.23129722183871
Echinops telfairi,7242,667,52.2268727901955
Echinops telfairi,7734,711,39.1360013945309
Echinops telfairi,961,105,1.0054375043211
Echinops telfairi,973,105,2.37624750380063
Echinops telfairi,993,105,7.67678403816092
Echinops telfairi,1002,105,8.86332816260099
Echinops telfairi,1051,105,0.274089461484194
Echinops telfairi,1067,105,9.5018882179122
Echinops telfairi,1068,105,4.567756926453
Echinops telfairi,7522,105,0.456749789226413
Echinops telfairi,1347,589,143.820582719935
Echinops telfairi,4549,673,137.443018218653
Echinops telfairi,7232,693,21.1843530365219
Echinops telfairi,7747,712,18.7342282877149
Echinops telfairi,282,46,1.3788789025259
Echinops telfairi,291,46,18.5674680987519
Echinops telfairi,284,47,1.56243208603442
Echinops telfairi,285,47,0.275729722221732
Echinops telfairi,286,47,0.275717098941624
Echinops telfairi,287,47,0.275709061498523
Echinops telfairi,288,47,0.459508593737543
Echinops telfairi,289,47,0.45949710468936
Echinops telfairi,290,47,1.1946710927344
Echinops telfairi,292,47,3.21620605602419
Echinops telfairi,293,47,0.367564567481756
Echinops telfairi,296,47,1.10259928914046
Echinops telfairi,298,47,1.65382056523675
Echinops telfairi,303,47,229.318042201339
Echinops telfairi,1159,103,64.7813755391271
Echinops telfairi,7481,103,1.73570699889708
Echinops telfairi,3689,661,57.9536162531174
Echinops telfairi,7246,661,21.5096479841157
Echinops telfairi,7739,661,27.5139015001006
Echinops telfairi,3955,662,468.355482097602
Echinops telfairi,7320,679,42.4890235274736
Echinops telfairi,981,107,16.631194611291
Echinops telfairi,7748,107,5.11777562952042
Echinops telfairi,1432,639,180.120184813256
Echinops telfairi,7574,700,16.8362046284112
Echinops telfairi,7753,700,1.57807103533185
Echinops telfairi,7575,713,7.1876479107902
Echinops telfairi,7746,713,5.43494208523166
Eliurus majori,314,420,3.68393426545006
Eliurus majori,764,20,1.1946710927344
Eliurus majori,781,20,3.21620605602419
Eliurus majori,3,1,56.8711675529887
Eliurus majori,9369,1,28.8450665179954
Eliurus majori,9332,553,0.604549703200459
Eliurus majori,9334,553,0.777178853789091
Eliurus majori,9417,553,19.9515621485635
Eliurus majori,9335,554,29.4123165165292
Eliurus majori,9414,555,27.2715936270507
Eliurus majori,9415,556,29.3885406549345
Eliurus majori,9416,557,20.6592519148769
Eliurus majori,9484,582,61.2124982058693
Eliurus majori,3878,562,0.179958904524803
Eliurus majori,3904,562,2.87876883525968
Eliurus majori,3909,562,0.899620833965421
Eliurus majori,3935,562,0.269868277515173
Eliurus majori,9469,562,45.3586244343983
Eliurus majori,9470,562,33.0953660842072
Eliurus majori,9543,604,52.0931107730117
Eliurus majori,9535,605,31.1097970257607
Eliurus majori,9536,605,29.6010280215059
Eliurus majori,7407,269,5.94571285882723
Eliurus majori,9082,486,48.282664278709
Eliurus majori,9441,575,113.437646918732
Eliurus majori,9486,593,31.4930292057829
Eliurus majori,9567,593,43.716945528376
Eliurus majori,9487,619,68.6631767822923
Eliurus majori,139,3,0.6456592656492
Eliurus majori,9570,3,247.31927593812
Eliurus majori,59,341,19.9337849990107
Eliurus majori,652,541,0.643524707942724
Eliurus majori,701,541,0.183841973942041
Eliurus majori,708,541,0.643432019172192
Eliurus majori,719,541,0.367655302864194
Eliurus majori,730,541,1.56243208603442
Eliurus majori,731,541,0.275729722221732
Eliurus majori,747,541,0.275717098941624
Eliurus majori,753,541,0.275709061498523
Eliurus majori,757,541,0.459508593737543
Eliurus majori,763,541,0.45949710468936
Eliurus majori,787,541,1.10266377710527
Eliurus majori,792,541,0.183781132994473
Eliurus majori,793,541,0.367564567481756
Eliurus majori,803,541,0.183777680330753
Eliurus majori,807,541,0.183773075227499
Eliurus majori,810,541,1.10259928914046
Eliurus majori,813,541,2.02137478975803
Eliurus majori,814,541,0.826945434479237
Eliurus majori,825,541,0.183763859938979
Eliurus majori,831,541,0.183761555059075
Eliurus majori,832,541,1.65382056523675
Eliurus majori,868,541,0.367459639964223
Eliurus majori,878,541,0.183724619395971
Eliurus majori,879,541,0.275586929093957
Eliurus majori,889,541,1.46972063059181
Eliurus majori,890,541,0.275577679304183
Eliurus majori,1027,541,362.009649444984
Eliurus majori,9420,549,5.74979056634986
Eliurus majori,2004,560,208.855460188826
Eliurus majori,9581,560,28.1809853154598
Eliurus majori,9582,560,66.1899405958974
Eliurus majori,9583,560,0.820644420907617
Eliurus majori,9584,560,1.73194615611291
Eliurus majori,9586,560,83.2026980152344
Eliurus majori,3165,563,0.812480411258936
Eliurus majori,9453,563,16.6994855698657
Eliurus majori,9456,563,0.180557963597178
Eliurus majori,9587,563,1.17365293457222
Eliurus majori,9516,601,59.0116196877182
Eliurus majori,273,620,0.276354423903167
Eliurus majori,279,620,6.63162645038044
Eliurus majori,298,620,0.644736027104974
Eliurus majori,308,620,1.74986507844758
Eliurus majori,309,620,112.203011880524
Eliurus majori,689,620,0.459616383672059
Eliurus majori,712,620,0.275752651619673
Eliurus majori,774,620,0.183794934333146
Eliurus majori,778,620,53.6769175645747
Eliurus majori,782,620,0.551364106284499
Eliurus majori,806,620,0.551319225258708
Eliurus majori,820,620,0.643170052255213
Eliurus majori,1296,620,1964.42875274057
Eliurus majori,9580,620,0.18402045498687
Eliurus majori,9552,621,0.3690976892097
Eliurus majori,9569,621,26.6587824925889
Eliurus majori,9571,621,16.2380797407103
Eliurus majori,9578,625,272.161274206426
Eliurus minor,81,16,0.18546587502265
Eliurus minor,86,16,6.4908973798604
Eliurus minor,1270,231,3.21620605602419
Eliurus minor,4837,758,6.4751806773603
Eliurus minor,4877,758,0.449634089968205
Eliurus minor,4889,758,0.0899238860028982
Eliurus minor,3470,561,3.07696966736627
Eliurus minor,198,49,0.370271373195231
Eliurus minor,200,49,0.0925668250995874
Eliurus minor,202,49,43.0377824654073
Eliurus minor,203,49,0.18513059458977
Eliurus minor,213,49,1.48074673073471
Eliurus minor,214,49,1.66577102635694
Eliurus minor,215,49,0.277623898765862
Eliurus minor,88,17,8.4370977335708
Eliurus minor,90,17,0.185438309593201
Eliurus minor,2163,1765,16.3740665150672
Eliurus minor,100,19,0.0927073077802658
Eliurus minor,114,19,43.2038186617044
Eliurus minor,120,26,43.2675847418705
Eliurus minor,122,26,0.0926675960290432
Eliurus minor,129,26,0.0926606114119887
Eliurus minor,136,26,0.0926476122773886
Eliurus minor,141,26,0.0926436052986383
Eliurus minor,65,6,0.278243954662919
Eliurus minor,83,6,130.021860527528
Eliurus minor,9795,6,56.8711675529887
Eliurus minor,9832,1795,64.9869920614074
Eliurus minor,3373,541,0.0905584602525234
Eliurus minor,3392,541,0.0905447203236818
Eliurus minor,3442,541,38.0240908844043
Eliurus minor,3463,541,0.0905061372197867
Eliurus minor,9719,1811,0.604549703200459
Eliurus minor,9946,1811,19.9515621485635
Eliurus minor,9942,1812,27.2715936270507
Eliurus minor,9943,1813,29.4123165165292
Eliurus minor,9944,1814,29.3885406549345
Eliurus minor,9945,1815,20.6592519148769
Eliurus minor,4526,622,44.5871430039887
Eliurus minor,4838,759,36.331879859746
Eliurus minor,4856,759,0.0899370735929012
Eliurus minor,4893,759,0.449603298739433
Eliurus minor,4894,759,0.359686745625973
Eliurus minor,10017,1850,61.2124982058693
Eliurus minor,4715,734,38.5064169900915
Eliurus minor,4776,1817,2.87876883525968
Eliurus minor,4780,1817,0.899620833965421
Eliurus minor,4796,1817,0.269868277515173
Eliurus minor,9999,1817,45.3586244343983
Eliurus minor,10000,1817,33.0953660842072
Eliurus minor,10099,1879,52.0931107730117
Eliurus minor,10091,1880,31.1097970257607
Eliurus minor,10092,1880,29.6010280215059
Eliurus minor,2619,415,118.930966815163
Eliurus minor,10119,1891,13.6715481239953
Eliurus minor,9737,1807,48.282664278709
Eliurus minor,9966,1833,113.437646918732
Eliurus minor,2385,402,64.7813755391271
Eliurus minor,6036,981,91.9880105092174
Eliurus minor,10139,1901,16.2380797407103
Eliurus minor,8041,1721,0.265972006814122
Eliurus minor,10019,1721,138.846313450127
Eliurus minor,10085,1721,9.04229392746901
Eliurus minor,10132,1898,68.6631767822923
Eliurus minor,443,103,19.9337849990107
Eliurus minor,1208,197,0.183841973942041
Eliurus minor,1213,197,0.643432019172192
Eliurus minor,1245,197,0.275717098941624
Eliurus minor,1253,197,0.275709061498523
Eliurus minor,1257,197,0.459508593737543
Eliurus minor,1260,197,0.45949710468936
Eliurus minor,1274,197,1.10266377710527
Eliurus minor,1300,197,0.826945434479237
Eliurus minor,1340,197,0.367459639964223
Eliurus minor,1356,197,1.46972063059181
Eliurus minor,1473,197,366.147778927468
Eliurus minor,10187,1920,19.5821926010261
Eliurus minor,2036,335,151.055431051786
Eliurus minor,2284,399,4.66084065057552
Eliurus minor,2339,408,6.85164784687543
Eliurus minor,1197,1670,0.459616383672059
Eliurus minor,1214,1670,0.275752651619673
Eliurus minor,1266,1670,0.183794934333146
Eliurus minor,1269,1670,53.6769175645747
Eliurus minor,1271,1670,0.551364106284499
Eliurus minor,1292,1670,0.551319225258708
Eliurus minor,1302,1670,0.643170052255213
Eliurus minor,3138,1670,2609.35666769842
Eliurus minor,10190,1670,0.18402045498687
Eliurus minor,1842,1921,5.77360824797505
Eliurus minor,10208,1921,58.1245802735148
Eliurus minor,10152,1922,28.7773817194842
Eliurus minor,10192,1922,1103.96343099271
Eliurus minor,10207,1922,19.4390238963762
Eliurus minor,10191,1923,322.648436083532
Eliurus minor,10197,1924,7.43174190611184
Eliurus minor,10198,1925,3.11954769088572
Eliurus minor,10204,1926,59.2391267675772
Eliurus minor,3974,1798,0.812480411258936
Eliurus minor,9984,1798,16.6994855698657
Eliurus minor,10059,1872,59.0116196877182
Eliurus minor,9862,1882,61.0679011777905
Eliurus minor,9968,1882,36.1603726523629
Eliurus minor,10105,1882,100.812835919068
Eliurus minor,9969,1883,208.855460188826
Eliurus minor,10211,1883,28.1809853154598
Eliurus minor,10212,1883,66.1899405958974
Eliurus minor,10213,1883,0.820644420907617
Eliurus minor,10214,1927,1.73194615611291
Eliurus minor,10216,1927,83.2026980152344
Eliurus minor,10217,1928,11.844067606982
Eliurus minor,10120,1892,30.0675331480708
Eliurus minor,10219,1929,3.30296723872322
Eliurus minor,10220,1930,7.8888975294175
Eliurus minor,10137,1899,26.6587824925889
Eliurus minor,10138,1900,254.421082642661
Eliurus minor,10140,1900,0.645659265649438
Eliurus minor,10153,1905,234.708229999792
Eliurus minor,10222,1905,17.1974791608272
Eliurus minor,10223,1931,0.365857744152904
Eliurus minor,10224,1931,147.565898089784
Eliurus minor,10167,1908,90.3937869662622
Eliurus minor,10168,1909,65.9968218823523
Eliurus minor,10225,1932,62.6106702145676
Eliurus minor,10226,1933,5.74979056634986
Eliurus minor,10227,1934,15.032588320411
Eliurus minor,10228,1935,7.74432683949936
Eliurus minor,10186,1919,3.2854141933409
Eliurus myoxinus,2382,127,1.1946710927344
Eliurus myoxinus,2402,127,3.21620605602419
Eliurus myoxinus,318,29,0.370271373195231
Eliurus myoxinus,320,29,0.462834125284791
Eliurus myoxinus,323,29,0.0925668250995874
Eliurus myoxinus,325,29,43.0377824654073
Eliurus myoxinus,326,29,0.18513059458977
Eliurus myoxinus,340,29,1.48074673073471
Eliurus myoxinus,341,29,1.66577102635694
Eliurus myoxinus,343,29,0.277623898765862
Eliurus myoxinus,345,29,0.277610584835947
Eliurus myoxinus,347,29,0.0925361785190701
Eliurus myoxinus,20279,1067,68.4073900828574
Eliurus myoxinus,24305,1825,44.4928427752445
Eliurus myoxinus,13586,1827,42.3362076362427
Eliurus myoxinus,4064,1846,19.2038282113973
Eliurus myoxinus,24391,1837,3.75955498127008
Eliurus myoxinus,3915,1721,16.3740665150672
Eliurus myoxinus,24435,1853,112.468627701651
Eliurus myoxinus,80,6,0.463597745714188
Eliurus myoxinus,94,6,0.0927073077802658
Eliurus myoxinus,143,6,43.2038186617044
Eliurus myoxinus,161,13,43.2675847418705
Eliurus myoxinus,167,13,0.0926675960290432
Eliurus myoxinus,179,13,0.0926606114119887
Eliurus myoxinus,188,13,0.0926476122773886
Eliurus myoxinus,197,13,0.0926436052986383
Eliurus myoxinus,4316,229,0.182784649551272
Eliurus myoxinus,4317,229,1.18809712456632
Eliurus myoxinus,4335,229,0.0913904663075209
Eliurus myoxinus,4340,229,0.0913892270473242
Eliurus myoxinus,4341,229,0.182778454094648
Eliurus myoxinus,4351,229,4.38649564416432
Eliurus myoxinus,4449,229,8.49783825707888
Eliurus myoxinus,4505,229,0.274089461484194
Eliurus myoxinus,4520,229,0.0913631538983583
Eliurus myoxinus,4581,229,9.50188821791184
Eliurus myoxinus,4582,229,4.567756926453
Eliurus myoxinus,4649,229,0.0913494594436884
Eliurus myoxinus,24080,229,0.0913643975844383
Eliurus myoxinus,24454,229,0.456749789226413
Eliurus myoxinus,47,2,0.463806772104442
Eliurus myoxinus,50,2,0.27827526928854
Eliurus myoxinus,51,2,0.463781360735595
Eliurus myoxinus,55,2,0.278243954662919
Eliurus myoxinus,58,2,0.185478644791543
Eliurus myoxinus,64,2,0.64914825101471
Eliurus myoxinus,69,2,123.623005869425
Eliurus myoxinus,24482,2,56.8711675529887
Eliurus myoxinus,24512,1872,64.9869920614074
Eliurus myoxinus,14315,1878,89.7882265229853
Eliurus myoxinus,24464,1865,14.876475508235
Eliurus myoxinus,8780,462,0.0905584602525234
Eliurus myoxinus,8848,462,0.0905447203236818
Eliurus myoxinus,8977,462,38.0240908844043
Eliurus myoxinus,9019,462,0.0905061372197867
Eliurus myoxinus,9037,462,3.07696966736627
Eliurus myoxinus,9042,462,0.723997986286044
Eliurus myoxinus,9076,462,0.361958205401897
Eliurus myoxinus,24613,462,0.452763459861636
Eliurus myoxinus,23537,1883,0.777178853789091
Eliurus myoxinus,24516,1883,0.604549703200817
Eliurus myoxinus,24686,1883,19.9515621485635
Eliurus myoxinus,24682,1884,27.2715936270507
Eliurus myoxinus,24683,1885,29.4123165165292
Eliurus myoxinus,24684,1886,29.3885406549345
Eliurus myoxinus,24685,1887,20.6592519148769
Eliurus myoxinus,12287,600,0.0899370735929012
Eliurus myoxinus,12332,600,0.0899238860028982
Eliurus myoxinus,12338,600,0.449603298739433
Eliurus myoxinus,12339,600,0.359686745625973
Eliurus myoxinus,12354,600,0.0899194863940477
Eliurus myoxinus,12395,600,36.331879859746
Eliurus myoxinus,24615,600,0.0899312145228386
Eliurus myoxinus,24616,600,0.449634089967847
Eliurus myoxinus,24693,600,6.47518067736232
Eliurus myoxinus,24694,1899,78.5054384879867
Eliurus myoxinus,13960,1902,3.3134309653126
Eliurus myoxinus,24687,1902,17.1081231937802
Eliurus myoxinus,24720,1903,43.0398890354153
Eliurus myoxinus,21893,1823,46.5723968884147
Eliurus myoxinus,22891,1756,151.58511224908
Eliurus myoxinus,24574,1756,9.98819568180025
Eliurus myoxinus,24215,1906,44.962501051066
Eliurus myoxinus,16970,887,0.265972006814122
Eliurus myoxinus,17026,887,9.04229392746901
Eliurus myoxinus,24804,1938,31.1097970257607
Eliurus myoxinus,12552,1703,52.2268727901955
Eliurus myoxinus,24798,1703,0.0899356091371775
Eliurus myoxinus,24799,1703,0.0899341444739103
Eliurus myoxinus,24800,1703,0.0899326796025038
Eliurus myoxinus,24796,1939,39.1360013945309
Eliurus myoxinus,24797,1939,0.0899400018793345
Eliurus myoxinus,12114,1904,0.179958904524803
Eliurus myoxinus,12190,1904,2.87876883525968
Eliurus myoxinus,12197,1904,0.899620833965421
Eliurus myoxinus,12222,1904,0.269868277515173
Eliurus myoxinus,24730,1904,45.3586244343983
Eliurus myoxinus,24755,1904,33.0953660842072
Eliurus myoxinus,24794,1945,52.0931107730117
Eliurus myoxinus,24777,1931,29.8625855308015
Eliurus myoxinus,16027,797,137.443018218653
Eliurus myoxinus,16636,868,5.94571285882723
Eliurus myoxinus,4832,227,64.7813755391271
Eliurus myoxinus,24449,227,1.73570699889708
Eliurus myoxinus,24450,227,0.0913507054476738
Eliurus myoxinus,24890,227,0.0913581770466566
Eliurus myoxinus,13902,1815,57.9536162531174
Eliurus myoxinus,24283,1815,21.5096479841157
Eliurus myoxinus,24813,1815,27.5139015001006
Eliurus myoxinus,14713,1816,468.355482097602
Eliurus myoxinus,24373,1840,41.6109267733939
Eliurus myoxinus,2978,155,49.6465774041975
Eliurus myoxinus,20565,1108,6.13304144533789
Eliurus myoxinus,949,1330,19.9337849990107
Eliurus myoxinus,4318,1739,7.03434427333379
Eliurus myoxinus,2250,1754,0.643524707942724
Eliurus myoxinus,2304,1754,0.183841973942041
Eliurus myoxinus,2311,1754,0.643432019172192
Eliurus myoxinus,2326,1754,0.367655302864194
Eliurus myoxinus,2337,1754,1.56243208603442
Eliurus myoxinus,2338,1754,0.275729722221732
Eliurus myoxinus,2359,1754,0.275717098941624
Eliurus myoxinus,2366,1754,0.275709061498523
Eliurus myoxinus,2372,1754,0.459508593737543
Eliurus myoxinus,2381,1754,0.45949710468936
Eliurus myoxinus,2410,1754,1.10266377710527
Eliurus myoxinus,2419,1754,0.183781132994473
Eliurus myoxinus,2420,1754,0.367564567481756
Eliurus myoxinus,2430,1754,0.183777680330753
Eliurus myoxinus,2437,1754,0.183773075227499
Eliurus myoxinus,2442,1754,1.10259928914046
Eliurus myoxinus,2446,1754,2.02137478975803
Eliurus myoxinus,2447,1754,0.826945434479237
Eliurus myoxinus,2459,1754,0.183763859938979
Eliurus myoxinus,2466,1754,0.183761555059075
Eliurus myoxinus,2467,1754,1.65382056523675
Eliurus myoxinus,2525,1754,0.367459639964223
Eliurus myoxinus,2537,1754,0.183724619395971
Eliurus myoxinus,2538,1754,0.275586929093957
Eliurus myoxinus,2546,1754,1.46972063059181
Eliurus myoxinus,2547,1754,0.275577679304183
Eliurus myoxinus,2724,1754,366.147778927468
Eliurus myoxinus,24891,1965,18.9386233360229
Eliurus myoxinus,2292,1779,0.459616383672059
Eliurus myoxinus,2315,1779,0.275752651619673
Eliurus myoxinus,2394,1779,0.183794934333146
Eliurus myoxinus,2399,1779,53.6769175645747
Eliurus myoxinus,2403,1779,0.551364106284499
Eliurus myoxinus,2435,1779,0.551319225258708
Eliurus myoxinus,2453,1779,0.643170052255213
Eliurus myoxinus,7422,1779,2126.94958462165
Eliurus myoxinus,24901,1779,0.18402045498687
Eliurus myoxinus,24917,1779,148.51840817939
Eliurus myoxinus,24918,1779,24.6020278093903
Eliurus myoxinus,24855,1966,912.745471381922
Eliurus myoxinus,24862,1966,0.733449546446324
Eliurus myoxinus,24919,1966,19.4390238963762
Eliurus myoxinus,24859,1967,7.43174190611184
Eliurus myoxinus,24142,1781,12.3364082640967
Eliurus myoxinus,24902,1781,5.11777562952042
Eliurus myoxinus,24903,1781,0.0913867478950024
Eliurus myoxinus,24904,1781,0.091385508002162
Eliurus myoxinus,24906,1781,0.09138178706038
Eliurus myoxinus,5014,1861,0.0912806047910452
Eliurus myoxinus,5192,1861,330.648057244708
Eliurus myoxinus,5193,1861,0.0912402507441044
Eliurus myoxinus,5198,1861,2.0072273404777
Eliurus myoxinus,5208,1861,0.364942030489683
Eliurus myoxinus,5247,1861,0.456175956650376
Eliurus myoxinus,24721,1861,36.1603726523629
Eliurus myoxinus,24824,1861,100.812835919068
Eliurus myoxinus,24840,1861,61.2504145189477
Eliurus myoxinus,24896,1861,1.82525826522207
Eliurus myoxinus,24899,1861,0.0912604547177553
Eliurus myoxinus,24580,1880,16.8362046284112
Eliurus myoxinus,24581,1880,7.1876479107902
Eliurus myoxinus,24819,1880,5.43494208523166
Eliurus myoxinus,24907,1880,1.57807103533185
Eliurus myoxinus,24908,1880,0.0876650565292835
Eliurus myoxinus,24909,1880,0.0876633013445139
Eliurus myoxinus,24731,1948,208.855460188826
Eliurus myoxinus,24910,1948,28.1809853154598
Eliurus myoxinus,24911,1948,66.1899405958974
Eliurus myoxinus,24912,1948,0.820644420907617
Eliurus myoxinus,24913,1948,1.73194615611291
Eliurus myoxinus,24915,1948,83.2026980152344
Eliurus myoxinus,24916,1968,11.844067606982
Eliurus myoxinus,24829,1957,0.3690976892097
Eliurus myoxinus,24847,1957,26.6587824925889
Eliurus myoxinus,24849,1957,16.2380797407103
Eliurus myoxinus,24848,1958,254.421082642661
Eliurus myoxinus,24850,1958,0.645659265649438
Eliurus myoxinus,24864,1961,216.318745159363
Eliurus myoxinus,24878,1963,86.1021201956665
Eliurus myoxinus,24879,1964,65.9968218823523
Eliurus myoxinus,24922,1969,62.6106702145676
Eliurus myoxinus,24923,1970,5.74979056634986
Eliurus myoxinus,24924,1971,15.032588320411
Eliurus myoxinus,24925,1972,7.74432683949936
Eliurus tanala,950,41,1.1946710927344
Eliurus tanala,973,41,3.21620605602419
Eliurus tanala,7,1,56.8711675529887
Eliurus tanala,12,721,20.2118844377252
Eliurus tanala,21,3,0.0926675960290432
Eliurus tanala,22,3,21.0334598369182
Eliurus tanala,23,3,0.0926606114119887
Eliurus tanala,1548,67,16.1104772354463
Eliurus tanala,11345,726,0.604549703200459
Eliurus tanala,11351,726,0.777178853789091
Eliurus tanala,11416,726,19.9515621485635
Eliurus tanala,11357,727,29.4123165165292
Eliurus tanala,11413,728,27.2715936270507
Eliurus tanala,11414,729,29.3885406549345
Eliurus tanala,11415,730,20.6592519148769
Eliurus tanala,11502,759,61.2124982058693
Eliurus tanala,3497,735,0.179958904524803
Eliurus tanala,3549,735,2.87876883525968
Eliurus tanala,3557,735,0.899620833965421
Eliurus tanala,3591,735,0.269868277515173
Eliurus tanala,11484,735,45.3586244343983
Eliurus tanala,11485,735,33.0953660842072
Eliurus tanala,11583,788,52.0931107730117
Eliurus tanala,11575,789,31.1097970257607
Eliurus tanala,11576,789,29.6010280215059
Eliurus tanala,11132,682,48.282664278709
Eliurus tanala,11455,750,113.437646918732
Eliurus tanala,11617,809,59.9645208859885
Eliurus tanala,11619,811,29.9898296926183
Eliurus tanala,9157,751,0.265972006814122
Eliurus tanala,11504,751,138.846313450127
Eliurus tanala,11569,751,9.04229392746901
Eliurus tanala,11606,803,68.6631767822923
Eliurus tanala,218,9,254.421082642661
Eliurus tanala,11610,9,0.645659265649438
Eliurus tanala,87,440,19.9337849990107
Eliurus tanala,862,709,0.459616383672059
Eliurus tanala,886,709,0.275752651619673
Eliurus tanala,963,709,0.183794934333146
Eliurus tanala,969,709,53.6769175645747
Eliurus tanala,974,709,0.551364106284499
Eliurus tanala,1002,709,0.551319225258708
Eliurus tanala,1022,709,0.643170052255213
Eliurus tanala,1592,709,2237.86180467543
Eliurus tanala,11624,709,0.18402045498687
Eliurus tanala,819,716,0.643524707942724
Eliurus tanala,878,716,0.183841973942041
Eliurus tanala,883,716,0.643432019172192
Eliurus tanala,900,716,0.367655302864194
Eliurus tanala,913,716,1.56243208603442
Eliurus tanala,914,716,0.275729722221732
Eliurus tanala,925,716,0.275717098941624
Eliurus tanala,934,716,0.275709061498523
Eliurus tanala,941,716,0.459508593737543
Eliurus tanala,949,716,0.45949710468936
Eliurus tanala,979,716,1.10266377710527
Eliurus tanala,986,716,0.183781132994473
Eliurus tanala,987,716,0.367564567481756
Eliurus tanala,997,716,0.183777680330753
Eliurus tanala,1005,716,0.183773075227499
Eliurus tanala,1010,716,1.10259928914046
Eliurus tanala,1014,716,2.02137478975803
Eliurus tanala,1015,716,0.826945434479237
Eliurus tanala,1027,716,0.183763859938979
Eliurus tanala,1034,716,0.183761555059075
Eliurus tanala,1035,716,1.65382056523675
Eliurus tanala,1080,716,0.367459639964223
Eliurus tanala,1091,716,0.183724619395971
Eliurus tanala,1092,716,0.275586929093957
Eliurus tanala,1098,716,1.46972063059181
Eliurus tanala,1099,716,0.275577679304183
Eliurus tanala,1260,716,366.147778927468
Eliurus tanala,11622,814,19.5821926010261
Eliurus tanala,2062,725,208.855460188826
Eliurus tanala,11625,725,28.1809853154598
Eliurus tanala,11626,725,66.1899405958974
Eliurus tanala,11627,725,0.820644420907617
Eliurus tanala,11628,725,1.73194615611291
Eliurus tanala,11630,725,83.2026980152344
Eliurus tanala,11430,733,5.74979056634986
Eliurus tanala,2660,737,0.812480411258936
Eliurus tanala,11469,737,16.6994855698657
Eliurus tanala,11472,737,0.180557963597178
Eliurus tanala,11631,737,1.17365293457222
Eliurus tanala,11543,785,59.0116196877182
Eliurus tanala,11592,804,0.3690976892097
Eliurus tanala,11608,804,26.6587824925889
Eliurus tanala,11609,804,16.2380797407103
Eliurus tanala,11621,813,326.262007229649
Eliurus tanala,11632,815,5.86081232210266
Eliurus webbi,1404,67,1.1946710927344
Eliurus webbi,1418,67,3.21620605602419
Eliurus webbi,14722,862,0.777178853789091
Eliurus webbi,14782,862,0.604549703200817
Eliurus webbi,14853,862,19.9515621485635
Eliurus webbi,14849,863,27.2715936270507
Eliurus webbi,14850,864,29.4123165165292
Eliurus webbi,14851,865,29.3885406549345
Eliurus webbi,14852,866,20.6592519148769
Eliurus webbi,14922,893,61.2124982058693
Eliurus webbi,5609,868,0.179958904524803
Eliurus webbi,5669,868,2.87876883525968
Eliurus webbi,5678,868,0.899620833965421
Eliurus webbi,5709,868,0.269868277515173
Eliurus webbi,14904,868,45.3586244343983
Eliurus webbi,14905,868,33.0953660842072
Eliurus webbi,15004,924,52.0931107730117
Eliurus webbi,14996,925,31.1097970257607
Eliurus webbi,14997,925,29.6010280215059
Eliurus webbi,14752,853,48.282664278709
Eliurus webbi,14875,882,113.437646918732
Eliurus webbi,10998,883,0.265972006814122
Eliurus webbi,14924,883,138.846313450127
Eliurus webbi,14990,883,9.04229392746901
Eliurus webbi,15031,937,68.6631767822923
Eliurus webbi,162,17,19.9337849990107
Eliurus webbi,1329,683,0.459616383672059
Eliurus webbi,1352,683,0.275752651619673
Eliurus webbi,1411,683,0.183794934333146
Eliurus webbi,1416,683,53.6769175645747
Eliurus webbi,1419,683,0.551364106284499
Eliurus webbi,1443,683,0.551319225258708
Eliurus webbi,1455,683,0.643170052255213
Eliurus webbi,3597,683,2609.35666769842
Eliurus webbi,15066,683,0.18402045498687
Eliurus webbi,15019,946,151.055431051786
Eliurus webbi,15046,947,0.733449546446324
Eliurus webbi,15047,947,28.7773817194842
Eliurus webbi,15068,947,1103.96343099271
Eliurus webbi,15087,947,19.4390238963762
Eliurus webbi,15048,948,234.708229999792
Eliurus webbi,15091,948,0.457520320277393
Eliurus webbi,15105,948,17.1974791608272
Eliurus webbi,15067,949,322.648436083532
Eliurus webbi,15070,950,4.95616607062131
Eliurus webbi,15071,951,19.8205211282898
Eliurus webbi,15079,951,1.37619193792719
Eliurus webbi,15077,952,7.43174190611184
Eliurus webbi,15078,953,3.11954769088572
Eliurus webbi,15084,954,59.2391267675772
Eliurus webbi,15086,955,0.0917031464005113
Eliurus webbi,15088,955,58.1245802735148
Eliurus webbi,15090,955,5.77360824797505
Eliurus webbi,15100,956,3.30296723872322
Eliurus webbi,15101,957,7.8888975294175
Eliurus webbi,15102,957,0.366907192294359
Eliurus webbi,15103,958,118.514859144707
Eliurus webbi,15104,959,29.8631327553117
Eliurus webbi,15106,960,0.365857744152904
Eliurus webbi,15107,960,147.565898089784
Eliurus webbi,1287,840,0.643524707942724
Eliurus webbi,1341,840,0.183841973942041
Eliurus webbi,1348,840,0.643432019172192
Eliurus webbi,1369,840,0.367655302864194
Eliurus webbi,1378,840,1.56243208603442
Eliurus webbi,1379,840,0.275729722221732
Eliurus webbi,1383,840,0.275717098941624
Eliurus webbi,1390,840,0.275709061498523
Eliurus webbi,1396,840,0.459508593737543
Eliurus webbi,1403,840,0.45949710468936
Eliurus webbi,1428,840,1.10266377710551
Eliurus webbi,1429,840,0.183781132994473
Eliurus webbi,1430,840,0.367564567481756
Eliurus webbi,1439,840,0.183777680330753
Eliurus webbi,1445,840,0.183773075227499
Eliurus webbi,1448,840,1.10259928914046
Eliurus webbi,1449,840,2.02137478975803
Eliurus webbi,1450,840,0.826945434479237
Eliurus webbi,1458,840,0.183763859938979
Eliurus webbi,1465,840,0.183761555059075
Eliurus webbi,1466,840,1.65382056523675
Eliurus webbi,1499,840,0.367459639964223
Eliurus webbi,1508,840,0.183724619395971
Eliurus webbi,1509,840,0.275586929093957
Eliurus webbi,1514,840,1.46972063059181
Eliurus webbi,1515,840,0.275577679304183
Eliurus webbi,1625,840,365.68830251526
Eliurus webbi,15064,961,12.595624394125
Eliurus webbi,4564,870,0.812480411258936
Eliurus webbi,14889,870,16.6994855698657
Eliurus webbi,14892,870,0.180557963597178
Eliurus webbi,15099,870,1.17365293457222
Eliurus webbi,14964,919,59.0116196877182
Eliurus webbi,14876,927,205.571979465457
Eliurus webbi,15092,927,28.1809853154598
Eliurus webbi,15093,927,66.1899405958974
Eliurus webbi,15094,927,0.820644420907617
Eliurus webbi,15095,927,1.73194615611291
Eliurus webbi,15097,927,83.2026980152344
Eliurus webbi,15098,962,11.844067606982
Eliurus webbi,15012,938,0.3690976892097
Eliurus webbi,15032,938,26.6587824925889
Eliurus webbi,15034,938,16.2380797407103
Eliurus webbi,15033,939,254.421082642661
Eliurus webbi,15035,939,0.645659265649438
Eliurus webbi,15062,944,90.3937869662622
Eliurus webbi,15063,945,65.9968218823523
Eliurus webbi,15108,963,62.6106702145676
Eliurus webbi,15109,964,5.74979056634986
Eliurus webbi,15110,965,15.032588320411
Eliurus webbi,15111,966,7.74432683949936
Eulemur albifrons,150,5,7.65654382250733
Eulemur albifrons,156,5,38.0976185701168
Eulemur albifrons,182,5,0.6456592656492
Eulemur albifrons,1875,11,28.6147883524204
Eulemur albifrons,4503,123,29.2707039741465
Eulemur albifrons,1648,115,3.10483766981149
Eulemur albifrons,1707,115,40.3554484141317
Eulemur albifrons,1888,121,13.2143774025955
Eulemur albifrons,1897,121,7.74432683950007
Eulemur albifrons,1898,121,0.273353686598539
Eulemur albifrons,4543,121,15.861074865428
Eulemur albifrons,108,124,73.9912359017386
Eulemur albifrons,4512,124,17.9035992478908
Eulemur albifrons,501,6,272.549906192349
Eulemur albifrons,4514,6,2.67266141879243
Eulemur albifrons,331,92,2.39529754093892
Eulemur albifrons,399,92,0.36839153649199
Eulemur albifrons,452,92,1.19697195979726
Eulemur albifrons,4519,92,468.653188481505
Eulemur albifrons,763,126,0.643524707942724
Eulemur albifrons,766,126,14.3404096482922
Eulemur albifrons,794,126,0.459616383672059
Eulemur albifrons,803,126,0.183841973942041
Eulemur albifrons,809,126,0.643432019172192
Eulemur albifrons,812,126,0.275752651619673
Eulemur albifrons,824,126,0.367655302864194
Eulemur albifrons,830,126,1.56243208603442
Eulemur albifrons,831,126,0.275729722221732
Eulemur albifrons,837,126,0.275717098941624
Eulemur albifrons,843,126,0.275709061498523
Eulemur albifrons,847,126,0.459508593737543
Eulemur albifrons,851,126,0.643297785346329
Eulemur albifrons,852,126,0.45949710468936
Eulemur albifrons,853,126,1.1946710927344
Eulemur albifrons,857,126,0.183794934333146
Eulemur albifrons,861,126,47.9797807943521
Eulemur albifrons,862,126,1.47030313296086
Eulemur albifrons,863,126,0.551364106284499
Eulemur albifrons,870,126,1.10266377710527
Eulemur albifrons,876,126,0.183781132994473
Eulemur albifrons,890,126,2.02137478975803
Eulemur albifrons,891,126,0.826945434479237
Eulemur albifrons,910,126,0.826825480994821
Eulemur albifrons,924,126,0.459349671094894
Eulemur albifrons,936,126,0.367459639964223
Eulemur albifrons,943,126,0.183724619395971
Eulemur albifrons,944,126,0.275586929093957
Eulemur albifrons,947,126,1.46972063059181
Eulemur albifrons,948,126,0.275577679304183
Eulemur albifrons,985,126,0.367363554798603
Eulemur albifrons,1014,126,159.563955366903
Eulemur albifrons,1025,126,0.275443051051259
Eulemur albifrons,4518,126,187.749820817838
Eulemur albifrons,4544,126,90.3694513231089
Eulemur albifrons,1682,128,420.682170905246
Eulemur albifrons,4525,128,0.733449546446324
Eulemur albifrons,4526,128,28.7773817194842
Eulemur albifrons,4527,128,352.356044555933
Eulemur albifrons,4545,128,31.7206296557818
Eulemur albifrons,4547,128,386.019219561201
Eulemur albifrons,4566,128,19.4390238963762
Eulemur albifrons,4576,128,29.8701708757276
Eulemur albifrons,4577,128,220.869991782959
Eulemur albifrons,4510,129,151.055431051786
Eulemur albifrons,4528,130,173.528498797899
Eulemur albifrons,4578,130,0.457520320277393
Eulemur albifrons,4579,130,17.1974791608272
Eulemur albifrons,4580,130,0.365857744152904
Eulemur albifrons,4581,130,146.651627560902
Eulemur albifrons,4546,131,322.648436083532
Eulemur albifrons,4548,131,0.3671433986426
Eulemur albifrons,4549,131,4.95616607062131
Eulemur albifrons,4550,131,19.8205211282898
Eulemur albifrons,4551,131,0.367093046224117
Eulemur albifrons,4558,131,1.37619193792719
Eulemur albifrons,4563,132,59.2391267675772
Eulemur albifrons,4564,133,0.550263871117234
Eulemur albifrons,4567,133,58.1245802735148
Eulemur albifrons,4569,133,5.77360824797505
Eulemur albifrons,4573,134,118.514859144707
Eulemur albifrons,4574,135,29.8631327553117
Eulemur collaris,1419,51,29.3885406549345
Eulemur collaris,1446,71,20.6592519148769
Eulemur collaris,1411,49,29.4123165165292
Eulemur collaris,1426,72,0.604549703200459
Eulemur collaris,1429,72,0.777178853789091
Eulemur collaris,1448,72,19.9515621485635
Eulemur collaris,1450,76,29.8631255431825
Eulemur collaris,579,10,21.6030064475268
Eulemur collaris,580,11,24.0690321273829
Eulemur collaris,6,3,19.9337849990107
Eulemur collaris,330,3,254.421082642661
Eulemur collaris,1459,3,0.645659265649438
Eulemur collaris,556,8,29.8132933344408
Eulemur collaris,557,8,39.2532828671706
Eulemur collaris,455,69,115.524782916431
Eulemur collaris,488,69,31.7206296557818
Eulemur collaris,496,69,103.15160161254
Eulemur collaris,534,78,29.7695576978091
Eulemur collaris,1461,83,21.4809321551468
Eulemur collaris,255,80,2.39529754093892
Eulemur collaris,270,80,1.19747486800301
Eulemur collaris,272,80,0.368458156106472
Eulemur collaris,273,80,4.97389831733626
Eulemur collaris,274,80,4.23704192003936
Eulemur collaris,275,80,1.84223974801898
Eulemur collaris,279,80,30.854789821823
Eulemur collaris,293,80,1.93420808195144
Eulemur collaris,303,80,1.84197769368905
Eulemur collaris,310,80,1.10513790659881
Eulemur collaris,311,80,0.460479690076709
Eulemur collaris,312,80,0.276287814046025
Eulemur collaris,340,80,37.2951265101548
Eulemur collaris,393,80,142.739824453691
Eulemur collaris,414,80,248.510330628866
Eulemur collaris,457,80,38.4553984883188
Eulemur collaris,1458,80,203.946824663964
Eulemur collaris,554,82,30.0109975610422
Eulemur collaris,1462,82,24.6020278093903
Eulemur coronatus,2504,37,6.2465929270333
Eulemur coronatus,7024,119,16.1479318826328
Eulemur coronatus,2315,200,15.1777130100187
Eulemur coronatus,224,9,0.463597745714188
Eulemur coronatus,283,9,43.2038186617044
Eulemur coronatus,463,176,0.370271373195231
Eulemur coronatus,465,176,0.462834125284791
Eulemur coronatus,468,176,43.0377824654073
Eulemur coronatus,469,176,0.18513059458977
Eulemur coronatus,483,176,1.48074673073471
Eulemur coronatus,484,176,1.66577102635694
Eulemur coronatus,486,176,0.277623898765862
Eulemur coronatus,488,176,0.277610584835947
Eulemur coronatus,512,176,1.38815019469857
Eulemur coronatus,11223,176,0.185083622752249
Eulemur coronatus,306,324,43.2675847418705
Eulemur coronatus,140,5,0.55664420881176
Eulemur coronatus,146,5,0.371099061261296
Eulemur coronatus,149,5,0.556625695955813
Eulemur coronatus,158,5,0.185535398295105
Eulemur coronatus,164,5,0.463806772104442
Eulemur coronatus,171,5,0.27827526928854
Eulemur coronatus,173,5,0.463781360735595
Eulemur coronatus,183,5,0.278243954662919
Eulemur coronatus,193,5,0.185478644791543
Eulemur coronatus,199,5,0.27820176096195
Eulemur coronatus,202,5,0.64914825101471
Eulemur coronatus,207,5,0.18546587502265
Eulemur coronatus,210,5,130.021860527528
Eulemur coronatus,214,5,0.18545505566138
Eulemur coronatus,215,5,6.4908973798604
Eulemur coronatus,223,5,8.4370977335708
Eulemur coronatus,225,5,0.185438309593201
Eulemur coronatus,231,5,0.185425482894003
Eulemur coronatus,11151,5,0.185474717534363
Eulemur coronatus,11222,5,56.8711675529887
Eulemur coronatus,4919,101,38.0240908844043
Eulemur coronatus,4945,101,3.07696966736627
Eulemur coronatus,4950,101,0.723997986286044
Eulemur coronatus,4971,101,0.361958205401897
Eulemur coronatus,11232,101,0.452763459861636
Eulemur coronatus,11067,164,20.6592519148769
Eulemur coronatus,6217,108,63.2626418560651
Eulemur coronatus,7409,430,17.1081231937802
Eulemur coronatus,7502,430,3.3134309653126
Eulemur coronatus,6453,418,0.449603298739433
Eulemur coronatus,6454,418,0.359686745625973
Eulemur coronatus,6480,418,36.331879859746
Eulemur coronatus,11241,418,0.449634089967847
Eulemur coronatus,11251,418,6.47518067736232
Eulemur coronatus,2273,431,50.4255278827549
Eulemur coronatus,6561,171,23.9064221362327
Eulemur coronatus,11250,429,39.1360013945309
Eulemur coronatus,11261,429,4.85579742656708
Eulemur coronatus,3453,65,64.7813755391271
Eulemur coronatus,11220,65,1.73570699889708
Eulemur coronatus,7262,121,21.5096479841157
Eulemur coronatus,7445,121,57.9536162531174
Eulemur coronatus,7682,121,3.75955498127008
Eulemur coronatus,11254,121,27.5139015001006
Eulemur coronatus,7546,293,30.9829191094844
Eulemur coronatus,7573,293,17.4556019028076
Eulemur coronatus,7649,293,137.250228187212
Eulemur coronatus,1964,377,12.3467417666571
Eulemur coronatus,1983,377,3.22456991307449
Eulemur coronatus,2030,377,1.19747486800301
Eulemur coronatus,2035,377,134.761430063093
Eulemur coronatus,2061,377,83.9973458819341
Eulemur coronatus,2134,377,85.9299311413139
Eulemur coronatus,2216,377,103.579343500488
Eulemur coronatus,2284,377,138.98603618893
Eulemur coronatus,11248,377,1.47231811580735
Eulemur coronatus,11252,377,21.7270555164749
Eulemur coronatus,1893,435,17.2347893938358
Eulemur coronatus,2426,31,26.1977896327174
Eulemur coronatus,3206,64,43.2476057761862
Eulemur coronatus,11304,442,30.0798712901392
Eulemur coronatus,11305,442,25.8675714531479
Eulemur coronatus,1250,397,19.9337849990107
Eulemur coronatus,1793,397,199.713422927767
Eulemur coronatus,11269,397,0.645659265649438
Eulemur coronatus,3951,433,11.844067606982
Eulemur coronatus,11268,436,30.9402410027349
Eulemur coronatus,11298,443,86.1021201956665
Eulemur coronatus,4053,437,65.9968218823523
Eulemur coronatus,11307,437,7.74432683949936
Eulemur coronatus,11308,437,0.273353686598182
Eulemur coronatus,11306,444,15.032588320411
Eulemur coronatus,2553,440,59.8726933780698
Eulemur coronatus,2799,445,0.733449546446562
Eulemur coronatus,11300,445,19.4390238963762
Eulemur coronatus,11302,445,89.0040954003731
Eulemur coronatus,3083,446,162.120364605546
Eulemur coronatus,11299,446,24.6020278093903
Eulemur coronatus,11277,441,180.67061311303
Eulemur coronatus,11278,447,24.6116330426842
Eulemur fulvus,20180,68,16.1479318826328
Eulemur fulvus,32225,532,44.4928427752445
Eulemur fulvus,5753,540,19.2038282113973
Eulemur fulvus,5496,545,16.3740665150672
Eulemur fulvus,468,181,0.370271373195231
Eulemur fulvus,470,181,0.462834125284791
Eulemur fulvus,473,181,43.0377824654073
Eulemur fulvus,474,181,0.18513059458977
Eulemur fulvus,494,181,1.48074673073471
Eulemur fulvus,497,181,1.66577102635694
Eulemur fulvus,501,181,0.277623898765862
Eulemur fulvus,504,181,0.277610584835947
Eulemur fulvus,532,181,1.38815019469857
Eulemur fulvus,32426,181,0.185083622752249
Eulemur fulvus,235,289,0.463597745714188
Eulemur fulvus,289,289,43.2038186617044
Eulemur fulvus,304,436,43.2675847418705
Eulemur fulvus,149,180,0.55664420881176
Eulemur fulvus,156,180,0.371099061261296
Eulemur fulvus,159,180,0.556625695955813
Eulemur fulvus,168,180,0.185535398295105
Eulemur fulvus,175,180,0.463806772104442
Eulemur fulvus,183,180,0.27827526928854
Eulemur fulvus,185,180,0.463781360735595
Eulemur fulvus,195,180,0.278243954662919
Eulemur fulvus,207,180,0.185478644791543
Eulemur fulvus,210,180,0.27820176096195
Eulemur fulvus,213,180,0.64914825101471
Eulemur fulvus,218,180,0.18546587502265
Eulemur fulvus,221,180,130.021860527528
Eulemur fulvus,225,180,0.18545505566138
Eulemur fulvus,226,180,6.4908973798604
Eulemur fulvus,234,180,8.4370977335708
Eulemur fulvus,236,180,0.185438309593201
Eulemur fulvus,242,180,0.185425482894003
Eulemur fulvus,32058,180,0.185474717534363
Eulemur fulvus,32425,180,56.8711675529887
Eulemur fulvus,13857,155,38.0240908844043
Eulemur fulvus,13954,155,3.07696966736627
Eulemur fulvus,13964,155,0.723997986286044
Eulemur fulvus,14031,155,0.361958205401897
Eulemur fulvus,32583,155,0.452763459861636
Eulemur fulvus,31954,558,0.777178853789091
Eulemur fulvus,32475,558,0.604549703200817
Eulemur fulvus,32660,558,19.9515621485635
Eulemur fulvus,32656,559,27.2715936270507
Eulemur fulvus,32657,560,29.4123165165292
Eulemur fulvus,32658,561,29.3885406549345
Eulemur fulvus,32659,562,20.6592519148769
Eulemur fulvus,32667,564,78.5054384879867
Eulemur fulvus,18542,527,0.449603298739433
Eulemur fulvus,18543,527,0.359686745625973
Eulemur fulvus,18670,527,36.331879859746
Eulemur fulvus,32585,527,0.449634089967847
Eulemur fulvus,32666,527,6.47518067736232
Eulemur fulvus,21267,566,3.3134309653126
Eulemur fulvus,32650,566,17.1081231937802
Eulemur fulvus,32706,567,43.0398890354153
Eulemur fulvus,32766,597,61.2124982058693
Eulemur fulvus,18949,379,52.2268727901955
Eulemur fulvus,32836,379,39.1360013945309
Eulemur fulvus,32467,599,64.9869920614074
Eulemur fulvus,32866,601,52.0931107730117
Eulemur fulvus,18142,572,0.179958904524803
Eulemur fulvus,18237,572,2.87876883525968
Eulemur fulvus,18247,572,0.899620833965421
Eulemur fulvus,18298,572,0.269868277515173
Eulemur fulvus,32748,572,45.3586244343983
Eulemur fulvus,32749,572,33.0953660842072
Eulemur fulvus,32850,603,31.1097970257607
Eulemur fulvus,32851,603,29.6010280215059
Eulemur fulvus,24699,159,137.443018218653
Eulemur fulvus,32887,608,29.8981383788189
Eulemur fulvus,5980,525,5.85033975470352
Eulemur fulvus,5990,525,24.6792146248873
Eulemur fulvus,6033,525,1.0054375043211
Eulemur fulvus,6038,525,2.83342021114933
Eulemur fulvus,6048,525,0.182805694629431
Eulemur fulvus,6073,525,1.00536820483017
Eulemur fulvus,6074,525,2.37624750380063
Eulemur fulvus,6081,525,0.274192454328179
Eulemur fulvus,6102,525,0.182784649551272
Eulemur fulvus,6135,525,0.182778454094648
Eulemur fulvus,6147,525,7.67678403816092
Eulemur fulvus,6267,525,8.49783825707888
Eulemur fulvus,6347,525,0.274089461484194
Eulemur fulvus,6421,525,9.5018882179122
Eulemur fulvus,6422,525,4.567756926453
Eulemur fulvus,32418,525,1.55373825480127
Eulemur fulvus,32478,525,0.456749789226413
Eulemur fulvus,32025,590,48.282664278709
Eulemur fulvus,32713,591,113.437646918732
Eulemur fulvus,21595,324,69.5634544487439
Eulemur fulvus,23410,324,431.509367845312
Eulemur fulvus,6761,382,64.7813755391271
Eulemur fulvus,32410,382,1.73570699889708
Eulemur fulvus,21117,529,57.9536162531174
Eulemur fulvus,32219,529,21.5096479841157
Eulemur fulvus,32255,529,3.75955498127008
Eulemur fulvus,32854,529,27.5139015001006
Eulemur fulvus,28871,530,41.6109267733939
Eulemur fulvus,26632,582,0.62064821295929
Eulemur fulvus,26652,582,0.265972006814122
Eulemur fulvus,26674,582,0.709200345668078
Eulemur fulvus,26695,582,0.177290677110672
Eulemur fulvus,32768,582,138.846313450127
Eulemur fulvus,32769,582,0.177275942426443
Eulemur fulvus,32770,582,0.177274304782152
Eulemur fulvus,32834,582,9.04229392746901
Eulemur fulvus,32901,582,68.6631767822923
Eulemur fulvus,3303,19,16.4322658197068
Eulemur fulvus,5356,23,18.5738697719545
Eulemur fulvus,5489,23,23.4169395760586
Eulemur fulvus,1070,350,19.9337849990107
Eulemur fulvus,32910,350,254.421082642661
Eulemur fulvus,32912,350,0.645659265649438
Eulemur fulvus,5975,548,7.03434427333379
Eulemur fulvus,32096,548,16.631194611291
Eulemur fulvus,32942,548,0.822074067883492
Eulemur fulvus,32966,548,5.11777562952042
Eulemur fulvus,32969,548,0.182767295484543
Eulemur fulvus,7428,550,330.648057244708
Eulemur fulvus,7436,550,2.00722734047782
Eulemur fulvus,7448,550,0.364942030489683
Eulemur fulvus,7462,550,0.456175956650972
Eulemur fulvus,32707,550,36.1603726523629
Eulemur fulvus,32872,550,100.812835919068
Eulemur fulvus,32902,550,61.2504145189477
Eulemur fulvus,32944,550,0.365072069038987
Eulemur fulvus,32945,550,1.82525826522207
Eulemur fulvus,29523,568,4.1197115746795
Eulemur fulvus,32549,568,16.8362046284112
Eulemur fulvus,32963,568,1.57807103533185
Eulemur fulvus,15986,570,0.812480411258936
Eulemur fulvus,32729,570,16.6994855698657
Eulemur fulvus,32732,570,0.180557963597178
Eulemur fulvus,32808,570,59.0116196877182
Eulemur fulvus,32978,570,1.17365293457222
Eulemur fulvus,32714,605,208.855460188826
Eulemur fulvus,32971,605,28.1809853154598
Eulemur fulvus,32972,605,66.1899405958974
Eulemur fulvus,32973,605,0.820644420907617
Eulemur fulvus,32974,605,1.73194615611291
Eulemur fulvus,32976,605,83.2026980152344
Eulemur fulvus,32977,612,11.844067606982
Eulemur fulvus,2572,609,0.643524707942724
Eulemur fulvus,2627,609,0.459616383672059
Eulemur fulvus,2637,609,0.183841973942041
Eulemur fulvus,2647,609,0.643432019172192
Eulemur fulvus,2656,609,0.275752651619673
Eulemur fulvus,2672,609,0.367655302864194
Eulemur fulvus,2696,609,1.56243208603442
Eulemur fulvus,2697,609,0.275729722221732
Eulemur fulvus,2725,609,0.275717098941624
Eulemur fulvus,2741,609,0.275709061498523
Eulemur fulvus,2745,609,0.459508593737543
Eulemur fulvus,2756,609,0.45949710468936
Eulemur fulvus,2757,609,1.1946710927344
Eulemur fulvus,2774,609,0.183794934333146
Eulemur fulvus,2782,609,53.6769175645747
Eulemur fulvus,2786,609,3.21620605602419
Eulemur fulvus,2787,609,0.551364106284499
Eulemur fulvus,2793,609,1.10266377710527
Eulemur fulvus,2804,609,0.183781132994473
Eulemur fulvus,2805,609,0.367564567481756
Eulemur fulvus,2815,609,0.183777680330753
Eulemur fulvus,2819,609,0.551319225258708
Eulemur fulvus,2826,609,0.183773075227499
Eulemur fulvus,2835,609,1.10259928914046
Eulemur fulvus,2841,609,2.02137478975803
Eulemur fulvus,2842,609,0.826945434479237
Eulemur fulvus,2847,609,0.643170052255213
Eulemur fulvus,2853,609,0.183763859938979
Eulemur fulvus,2860,609,0.183761555059075
Eulemur fulvus,2861,609,1.65382056523675
Eulemur fulvus,2885,609,0.826825480994821
Eulemur fulvus,2925,609,0.459349671094894
Eulemur fulvus,2951,609,0.367459639964223
Eulemur fulvus,2967,609,0.183724619395971
Eulemur fulvus,2968,609,0.275586929093957
Eulemur fulvus,2975,609,1.46972063059181
Eulemur fulvus,2976,609,0.275577679304183
Eulemur fulvus,3078,609,0.367363554798603
Eulemur fulvus,3207,609,366.147778927468
Eulemur fulvus,3264,609,0.275443051051259
Eulemur fulvus,11143,609,2609.35666769842
Eulemur fulvus,32923,609,0.733449546446324
Eulemur fulvus,32924,609,28.7773817194842
Eulemur fulvus,32941,609,19.5821926010261
Eulemur fulvus,32950,609,0.18402045498687
Eulemur fulvus,32952,609,1103.96343099271
Eulemur fulvus,32960,609,19.4390238963762
Eulemur fulvus,4280,613,4.94941971172941
Eulemur fulvus,4302,613,5.77360824797451
Eulemur fulvus,32925,614,234.708229999792
Eulemur fulvus,32962,614,0.457520320277393
Eulemur fulvus,32979,614,17.1974791608272
Eulemur fulvus,32980,614,0.365857744152904
Eulemur fulvus,32981,614,147.565898089784
Eulemur fulvus,32939,615,90.3937869662622
Eulemur fulvus,32940,616,65.9968218823523
Eulemur fulvus,32985,616,7.74432683949936
Eulemur fulvus,32986,616,0.273353686598182
Eulemur fulvus,32951,617,128.868106162057
Eulemur fulvus,32954,617,0.275238152569652
Eulemur fulvus,32982,618,62.6106702145676
Eulemur fulvus,32984,619,15.032588320411
Eulemur fulvus,32877,611,0.3690976892097
Eulemur fulvus,32909,611,26.6587824925889
Eulemur fulvus,32911,611,16.2380797407103
Eulemur macaco,8192,211,61.2124982058693
Eulemur macaco,2982,185,0.179958904524803
Eulemur macaco,3016,185,2.87876883525968
Eulemur macaco,3020,185,0.899620833965421
Eulemur macaco,3042,185,0.269868277515173
Eulemur macaco,8187,185,45.3586244343983
Eulemur macaco,8188,185,33.0953660842072
Eulemur macaco,8264,215,52.0931107730117
Eulemur macaco,8232,216,29.6010280215059
Eulemur macaco,8257,216,31.1097970257607
Eulemur macaco,1039,181,0.3660581814937
Eulemur macaco,1042,181,0.366043563450038
Eulemur macaco,8152,181,33.8666662566687
Eulemur macaco,5686,187,0.178258892614841
Eulemur macaco,5700,187,0.356448453989983
Eulemur macaco,8151,187,68.542247589293
Eulemur macaco,8284,187,0.178216341778278
Eulemur macaco,8285,187,40.1722469238046
Eulemur macaco,7860,200,48.282664278709
Eulemur macaco,1034,13,89.8712606361253
Eulemur macaco,6681,206,0.620648212959528
Eulemur macaco,6690,206,0.265972006814122
Eulemur macaco,6704,206,0.709200345668078
Eulemur macaco,6715,206,0.177290677110672
Eulemur macaco,8194,206,138.846313450127
Eulemur macaco,8195,206,0.177275942426443
Eulemur macaco,8196,206,0.177274304782152
Eulemur macaco,8251,206,9.04229392746901
Eulemur macaco,8288,206,64.5889579588612
Eulemur macaco,867,12,16.4322658197068
Eulemur macaco,769,162,3.21760750335884
Eulemur macaco,771,162,0.643524707942724
Eulemur macaco,781,162,0.459616383672059
Eulemur macaco,783,162,0.183841973942041
Eulemur macaco,784,162,0.183840828700006
Eulemur macaco,785,162,0.643432019172192
Eulemur macaco,787,162,0.275752651619673
Eulemur macaco,792,162,0.367655302864194
Eulemur macaco,800,162,1.10266377710527
Eulemur macaco,803,162,0.183781132994473
Eulemur macaco,807,162,2.02137478975803
Eulemur macaco,808,162,0.826945434479237
Eulemur macaco,812,162,0.826825480995119
Eulemur macaco,813,162,0.459349671094894
Eulemur macaco,814,162,0.367459639964223
Eulemur macaco,817,162,0.183724619395971
Eulemur macaco,818,162,0.275586929093957
Eulemur macaco,820,162,1.46972063059181
Eulemur macaco,821,162,0.275577679304183
Eulemur macaco,828,162,0.367363554798603
Eulemur macaco,849,162,335.283786923967
Eulemur macaco,859,162,0.275443051051259
Eulemur macaco,8298,162,19.5821926010261
Eulemur macaco,268,180,19.9337849990107
Eulemur macaco,8272,180,254.421082642661
Eulemur macaco,8296,180,0.645659265649438
Eulemur macaco,2399,183,0.812480411258936
Eulemur macaco,8169,183,16.6994855698657
Eulemur macaco,8172,183,0.180557963597178
Eulemur macaco,8225,183,59.0116196877182
Eulemur macaco,8305,183,1.17365293457222
Eulemur macaco,1260,196,208.855460188826
Eulemur macaco,8299,196,28.1809853154598
Eulemur macaco,8300,196,66.1899405958974
Eulemur macaco,8301,196,0.820644420907617
Eulemur macaco,8302,196,1.73194615611291
Eulemur macaco,8304,196,83.2026980152344
Eulemur macaco,625,217,6.63162645038044
Eulemur macaco,636,217,1.74986507844758
Eulemur macaco,679,217,0.18402045498687
Eulemur macaco,718,217,0.4598808172791
Eulemur macaco,776,217,1885.77639112114
Eulemur mongoz,4,2,9.55194743301518
Eulemur mongoz,5,2,0.27820176096189
Eulemur mongoz,6,2,6.4908973798604
Eulemur mongoz,7,2,8.437097733572
Eulemur mongoz,193,40,19.2038282113973
Eulemur mongoz,170,39,16.3740665150672
Eulemur mongoz,229,15,1.36983741289043
Eulemur mongoz,243,15,10.866233292555
Eulemur mongoz,208,38,16.631194611291
Eulemur mongoz,464,38,5.11777562952042
Eulemur mongoz,248,41,14.8774610751529
Eulemur mongoz,252,41,243.475964791794
Eulemur mongoz,264,41,2.00722734047782
Eulemur mongoz,265,41,0.364942030489683
Eulemur mongoz,266,41,0.456175956650972
Eulemur mongoz,462,41,19.4460137230934
Eulemur mongoz,463,41,33.406121215642
Eulemur mongoz,470,41,0.365072069038987
Eulemur mongoz,471,41,1.82525826522207
Eulemur rubriventer,3999,705,16.3740665150672
Eulemur rubriventer,145,7,0.463597745714188
Eulemur rubriventer,194,7,43.2038186617044
Eulemur rubriventer,359,15,0.370271373195231
Eulemur rubriventer,361,15,0.462834125284791
Eulemur rubriventer,364,15,43.0377824654073
Eulemur rubriventer,365,15,0.18513059458977
Eulemur rubriventer,378,15,1.48074673073471
Eulemur rubriventer,379,15,1.66577102635694
Eulemur rubriventer,381,15,0.277623898765862
Eulemur rubriventer,383,15,0.277610584835947
Eulemur rubriventer,402,15,1.38815019469857
Eulemur rubriventer,23186,15,0.185083622752249
Eulemur rubriventer,4382,59,2.64969806134474
Eulemur rubriventer,4421,59,0.274089461484194
Eulemur rubriventer,4468,59,7.03479595916306
Eulemur rubriventer,4469,59,4.567756926453
Eulemur rubriventer,23184,59,0.456749789226413
Eulemur rubriventer,207,542,43.2675847418705
Eulemur rubriventer,61,4,0.55664420881176
Eulemur rubriventer,69,4,0.371099061261296
Eulemur rubriventer,72,4,0.556625695955813
Eulemur rubriventer,81,4,0.185535398295105
Eulemur rubriventer,88,4,0.463806772104442
Eulemur rubriventer,95,4,0.27827526928854
Eulemur rubriventer,96,4,0.463781360735595
Eulemur rubriventer,105,4,0.278243954662919
Eulemur rubriventer,117,4,0.185478644791543
Eulemur rubriventer,120,4,0.27820176096195
Eulemur rubriventer,123,4,0.64914825101471
Eulemur rubriventer,128,4,0.18546587502265
Eulemur rubriventer,131,4,130.021860527528
Eulemur rubriventer,135,4,0.18545505566138
Eulemur rubriventer,136,4,6.4908973798604
Eulemur rubriventer,144,4,8.4370977335708
Eulemur rubriventer,146,4,0.185438309593201
Eulemur rubriventer,152,4,0.185425482894003
Eulemur rubriventer,23107,4,0.185474717534363
Eulemur rubriventer,23185,4,56.8711675529887
Eulemur rubriventer,23227,724,64.9869920614074
Eulemur rubriventer,7750,110,38.0240908844043
Eulemur rubriventer,7831,110,3.07696966736627
Eulemur rubriventer,7839,110,0.723997986286044
Eulemur rubriventer,7888,110,0.361958205401897
Eulemur rubriventer,23322,110,0.452763459861636
Eulemur rubriventer,23041,716,0.777178853789091
Eulemur rubriventer,23233,716,0.604549703200817
Eulemur rubriventer,23377,716,19.9515621485635
Eulemur rubriventer,23373,717,27.2715936270507
Eulemur rubriventer,23374,718,29.4123165165292
Eulemur rubriventer,23375,719,29.3885406549345
Eulemur rubriventer,23376,720,20.6592519148769
Eulemur rubriventer,13333,163,5.19750467449403
Eulemur rubriventer,23368,163,15.2320228051803
Eulemur rubriventer,13514,721,13.8800525538392
Eulemur rubriventer,13626,721,0.626913510565519
Eulemur rubriventer,23371,721,0.447673652347684
Eulemur rubriventer,13470,165,13.8841261984153
Eulemur rubriventer,10820,516,36.331879859746
Eulemur rubriventer,11371,516,0.449603298739433
Eulemur rubriventer,11372,516,0.359686745625973
Eulemur rubriventer,23333,516,0.449634089967847
Eulemur rubriventer,23396,516,6.47518067736232
Eulemur rubriventer,11237,715,63.2626418560651
Eulemur rubriventer,23459,756,61.2124982058693
Eulemur rubriventer,11697,152,23.9064221362327
Eulemur rubriventer,23397,723,39.1360013945309
Eulemur rubriventer,23540,723,4.85579742656708
Eulemur rubriventer,11045,728,0.179958904524803
Eulemur rubriventer,11125,728,2.87876883525968
Eulemur rubriventer,11133,728,0.899620833965421
Eulemur rubriventer,11171,728,0.269868277515173
Eulemur rubriventer,23441,728,45.3586244343983
Eulemur rubriventer,23442,728,33.0953660842072
Eulemur rubriventer,23547,760,52.0931107730117
Eulemur rubriventer,23533,761,31.1097970257607
Eulemur rubriventer,23534,761,29.6010280215059
Eulemur rubriventer,4894,770,25.8225284101236
Eulemur rubriventer,22534,749,48.282664278709
Eulemur rubriventer,23403,750,113.437646918732
Eulemur rubriventer,4451,58,1.73570699889708
Eulemur rubriventer,4489,58,64.7813755391271
Eulemur rubriventer,13801,473,155.177321043191
Eulemur rubriventer,13915,473,59.1812618295658
Eulemur rubriventer,18498,741,0.265972006814122
Eulemur rubriventer,18522,741,0.709200345668078
Eulemur rubriventer,18545,741,0.177290677110672
Eulemur rubriventer,23461,741,138.846313450127
Eulemur rubriventer,23462,741,0.177275942426443
Eulemur rubriventer,23463,741,0.177274304782152
Eulemur rubriventer,23527,741,9.04229392746901
Eulemur rubriventer,23578,741,68.6631767822923
Eulemur rubriventer,3686,339,29.8631327553117
Eulemur rubriventer,23642,774,7.8888975294175
Eulemur rubriventer,23643,774,0.366907192294359
Eulemur rubriventer,818,535,19.9337849990107
Eulemur rubriventer,23591,535,254.421082642661
Eulemur rubriventer,23593,535,0.645659265649438
Eulemur rubriventer,4409,710,6.85164784687543
Eulemur rubriventer,4838,711,0.365034251434088
Eulemur rubriventer,4877,711,184.446704997093
Eulemur rubriventer,4897,711,0.547426328327894
Eulemur rubriventer,4903,711,0.364942030489683
Eulemur rubriventer,4908,711,0.456175956650972
Eulemur rubriventer,23264,711,61.0679011777905
Eulemur rubriventer,23410,711,36.1603726523629
Eulemur rubriventer,23553,711,100.812835919068
Eulemur rubriventer,23639,711,3.2854141933409
Eulemur rubriventer,23682,711,0.365072069038987
Eulemur rubriventer,23683,711,1.82525826522207
Eulemur rubriventer,4130,714,21.8563022389965
Eulemur rubriventer,9358,726,0.812480411258936
Eulemur rubriventer,23426,726,16.6994855698657
Eulemur rubriventer,23429,726,0.180557963597178
Eulemur rubriventer,23501,726,59.0116196877182
Eulemur rubriventer,23673,726,1.17365293457222
Eulemur rubriventer,23411,762,208.855460188826
Eulemur rubriventer,23666,762,28.1809853154598
Eulemur rubriventer,23667,762,66.1899405958974
Eulemur rubriventer,23668,762,0.820644420907617
Eulemur rubriventer,23669,762,1.73194615611291
Eulemur rubriventer,23671,762,83.2026980152344
Eulemur rubriventer,23672,775,11.844067606982
Eulemur rubriventer,2130,772,0.643524707942724
Eulemur rubriventer,2186,772,0.459616383672059
Eulemur rubriventer,2200,772,0.183841973942041
Eulemur rubriventer,2209,772,0.643432019172192
Eulemur rubriventer,2215,772,0.275752651619673
Eulemur rubriventer,2235,772,0.367655302864194
Eulemur rubriventer,2250,772,1.56243208603442
Eulemur rubriventer,2251,772,0.275729722221732
Eulemur rubriventer,2265,772,0.275717098941624
Eulemur rubriventer,2276,772,0.275709061498523
Eulemur rubriventer,2282,772,0.459508593737543
Eulemur rubriventer,2290,772,0.45949710468936
Eulemur rubriventer,2291,772,1.1946710927344
Eulemur rubriventer,2302,772,0.183794934333146
Eulemur rubriventer,2308,772,53.6769175645747
Eulemur rubriventer,2310,772,3.21620605602419
Eulemur rubriventer,2311,772,0.551364106284499
Eulemur rubriventer,2321,772,1.10266377710527
Eulemur rubriventer,2330,772,0.183781132994473
Eulemur rubriventer,2331,772,0.367564567481756
Eulemur rubriventer,2340,772,0.183777680330753
Eulemur rubriventer,2346,772,0.551319225258708
Eulemur rubriventer,2350,772,0.183773075227499
Eulemur rubriventer,2358,772,1.10259928914046
Eulemur rubriventer,2364,772,2.02137478975803
Eulemur rubriventer,2365,772,0.826945434479237
Eulemur rubriventer,2370,772,0.643170052255213
Eulemur rubriventer,2375,772,0.183763859938979
Eulemur rubriventer,2383,772,0.183761555059075
Eulemur rubriventer,2384,772,1.65382056523675
Eulemur rubriventer,2408,772,0.826825480994821
Eulemur rubriventer,2441,772,0.459349671094894
Eulemur rubriventer,2465,772,0.367459639964223
Eulemur rubriventer,2479,772,0.183724619395971
Eulemur rubriventer,2480,772,0.275586929093957
Eulemur rubriventer,2487,772,1.46972063059181
Eulemur rubriventer,2488,772,0.275577679304183
Eulemur rubriventer,2566,772,0.367363554798603
Eulemur rubriventer,2666,772,366.147778927468
Eulemur rubriventer,2707,772,0.275443051051259
Eulemur rubriventer,6059,772,2609.35666769842
Eulemur rubriventer,23604,772,0.733449546446324
Eulemur rubriventer,23605,772,28.7773817194842
Eulemur rubriventer,23640,772,19.5821926010261
Eulemur rubriventer,23645,772,0.18402045498687
Eulemur rubriventer,23647,772,1092.42940141559
Eulemur rubriventer,23663,772,19.4390238963762
Eulemur rubriventer,23606,776,233.793414136171
Eulemur rubriventer,23665,776,0.457520320277393
Eulemur rubriventer,23620,777,90.3937869662622
Eulemur rubriventer,23621,778,65.9968218823523
Eulemur rubriventer,23679,778,7.74432683949936
Eulemur rubriventer,23680,778,0.273353686598182
Eulemur rubriventer,23646,779,322.648436083532
Eulemur rubriventer,23648,779,0.3671433986426
Eulemur rubriventer,23649,779,4.95616607062131
Eulemur rubriventer,23650,779,19.8205211282898
Eulemur rubriventer,23651,779,0.367093046224117
Eulemur rubriventer,23658,779,1.37619193792719
Eulemur rubriventer,23656,780,7.43174190611184
Eulemur rubriventer,23674,781,30.0798712901392
Eulemur rubriventer,23675,781,25.8675714531479
Eulemur rubriventer,23676,782,62.6106702145676
Eulemur rubriventer,23677,783,5.74979056634986
Eulemur rubriventer,23678,784,15.032588320411
Eulemur rubriventer,23558,773,0.3690976892097
Eulemur rubriventer,23590,773,26.6587824925889
Eulemur rubriventer,23592,773,16.2380797407103
Eulemur rufifrons,286,19,20.6591479170249
Eulemur rufifrons,561,30,23.2404467825878
Eulemur rufifrons,14584,184,68.4073900828574
Eulemur rufifrons,17793,456,31.0182859874093
Eulemur rufifrons,8462,474,42.3362076362427
Eulemur rufifrons,1780,484,19.2038282113973
Eulemur rufifrons,1679,491,16.3740665150672
Eulemur rufifrons,18039,486,112.468627701651
Eulemur rufifrons,27,2,0.55664420881176
Eulemur rufifrons,29,2,0.371099061261296
Eulemur rufifrons,31,2,0.556625695955515
Eulemur rufifrons,34,2,0.463806772104681
Eulemur rufifrons,37,2,0.27827526928854
Eulemur rufifrons,18158,2,9.36908318528281
Eulemur rufifrons,49,497,26.7219759851387
Eulemur rufifrons,18159,498,20.2118844377252
Eulemur rufifrons,53,4,0.463597745714188
Eulemur rufifrons,73,4,43.1111113539241
Eulemur rufifrons,157,9,38.8725107153612
Eulemur rufifrons,166,9,1.48074673073471
Eulemur rufifrons,167,9,1.66577102635694
Eulemur rufifrons,169,9,1.38815019469857
Eulemur rufifrons,172,9,0.277623898765862
Eulemur rufifrons,174,9,0.277610584835947
Eulemur rufifrons,81,356,21.0334598369182
Eulemur rufifrons,18232,502,36.3826787541578
Eulemur rufifrons,18138,503,14.876475508235
Eulemur rufifrons,6364,146,38.0240908844043
Eulemur rufifrons,6407,146,3.07696966736627
Eulemur rufifrons,6412,146,0.723997986286044
Eulemur rufifrons,6437,146,0.361958205401897
Eulemur rufifrons,18258,146,0.452763459861636
Eulemur rufifrons,17160,506,0.777178853789091
Eulemur rufifrons,18182,506,0.604549703200817
Eulemur rufifrons,18331,506,19.9515621485635
Eulemur rufifrons,18327,507,27.2715936270507
Eulemur rufifrons,18328,508,29.4123165165292
Eulemur rufifrons,18329,509,29.3885406549345
Eulemur rufifrons,18330,510,20.6592519148769
Eulemur rufifrons,18337,513,78.5054384879867
Eulemur rufifrons,15824,438,46.5723968884147
Eulemur rufifrons,7821,468,0.449603298739433
Eulemur rufifrons,7822,468,0.359686745625973
Eulemur rufifrons,7861,468,36.331879859746
Eulemur rufifrons,18260,468,0.449634089967847
Eulemur rufifrons,18336,468,6.47518067736232
Eulemur rufifrons,8730,515,3.3134309653126
Eulemur rufifrons,18332,515,17.1081231937802
Eulemur rufifrons,18384,516,43.0398890354153
Eulemur rufifrons,17104,461,151.58511224908
Eulemur rufifrons,17788,461,45.1360753508905
Eulemur rufifrons,18239,461,9.98819568180025
Eulemur rufifrons,18445,546,61.2124982058693
Eulemur rufifrons,7946,316,52.2268727901955
Eulemur rufifrons,18515,316,39.1360013945309
Eulemur rufifrons,18178,547,64.9869920614074
Eulemur rufifrons,18554,550,52.0931107730117
Eulemur rufifrons,7717,521,2.87876883525968
Eulemur rufifrons,7722,521,0.899620833965421
Eulemur rufifrons,7736,521,0.269868277515173
Eulemur rufifrons,18426,521,45.3586244343983
Eulemur rufifrons,18427,521,33.0953660842072
Eulemur rufifrons,18527,553,31.1097970257607
Eulemur rufifrons,18528,553,29.6010280215059
Eulemur rufifrons,10797,418,137.443018218653
Eulemur rufifrons,1908,464,5.85033975470352
Eulemur rufifrons,1918,464,24.6792146248873
Eulemur rufifrons,1948,464,1.0054375043211
Eulemur rufifrons,1950,464,2.83342021114933
Eulemur rufifrons,1976,464,1.00536820483017
Eulemur rufifrons,1977,464,2.37624750380063
Eulemur rufifrons,1982,464,0.274192454328179
Eulemur rufifrons,2019,464,7.67678403816092
Eulemur rufifrons,2094,464,8.49783825707888
Eulemur rufifrons,2141,464,0.274089461484194
Eulemur rufifrons,2185,464,9.5018882179122
Eulemur rufifrons,2186,464,4.567756926453
Eulemur rufifrons,18128,464,1.55373825480127
Eulemur rufifrons,18183,464,0.456749789226413
Eulemur rufifrons,16466,540,48.282664278709
Eulemur rufifrons,18393,541,113.437646918732
Eulemur rufifrons,284,554,16.2380797407103
Eulemur rufifrons,18560,554,0.3690976892097
Eulemur rufifrons,18572,556,30.0315886353095
Eulemur rufifrons,2353,319,64.7813755391271
Eulemur rufifrons,18120,319,1.73570699889708
Eulemur rufifrons,333,352,1.38205641757107
Eulemur rufifrons,335,352,62.754294542233
Eulemur rufifrons,338,352,1.19747486800301
Eulemur rufifrons,341,352,32.5124332313215
Eulemur rufifrons,348,352,1.93420808195144
Eulemur rufifrons,350,352,2.67083779864252
Eulemur rufifrons,352,352,0.460479690076709
Eulemur rufifrons,359,352,77.6418550091935
Eulemur rufifrons,413,352,405.493937963261
Eulemur rufifrons,416,352,0.367843747830391
Eulemur rufifrons,8679,472,57.9536162531174
Eulemur rufifrons,17863,472,21.5096479841157
Eulemur rufifrons,17981,472,3.75955498127008
Eulemur rufifrons,18539,472,27.5139015001006
Eulemur rufifrons,9190,473,89.7882265229853
Eulemur rufifrons,9524,473,468.355482097602
Eulemur rufifrons,17966,517,41.6109267733939
Eulemur rufifrons,11663,533,0.620648212959528
Eulemur rufifrons,11678,533,0.265972006814122
Eulemur rufifrons,11702,533,0.709200345668078
Eulemur rufifrons,18447,533,138.846313450127
Eulemur rufifrons,18513,533,9.04229392746901
Eulemur rufifrons,18571,533,68.6631767822923
Eulemur rufifrons,434,27,30.0519651895565
Eulemur rufifrons,18586,27,29.8748831680267
Eulemur rufifrons,782,32,29.9898296926183
Eulemur rufifrons,18587,558,29.9758644450714
Eulemur rufifrons,1968,283,31.2682529843574
Eulemur rufifrons,1905,493,7.03434427333379
Eulemur rufifrons,17727,493,16.631194611291
Eulemur rufifrons,18588,493,0.822074067883492
Eulemur rufifrons,18596,493,5.11777562952042
Eulemur rufifrons,2751,496,330.648057244708
Eulemur rufifrons,2757,496,2.0072273404777
Eulemur rufifrons,2764,496,0.364942030489683
Eulemur rufifrons,18218,496,0.456175956650376
Eulemur rufifrons,18385,496,36.1603726523629
Eulemur rufifrons,18562,496,100.812835919068
Eulemur rufifrons,18576,496,61.2504145189477
Eulemur rufifrons,18591,496,0.365072069038987
Eulemur rufifrons,18592,496,1.82525826522207
Eulemur rufifrons,3127,511,1.45892001618862
Eulemur rufifrons,17843,511,63.0670493476875
Eulemur rufifrons,18011,511,56.1021986608199
Eulemur rufifrons,18601,511,28.5600100860078
Eulemur rufifrons,18602,511,28.1809853154598
Eulemur rufifrons,18603,511,21.3355397109577
Eulemur rufifrons,18604,511,0.820644420907617
Eulemur rufifrons,18246,548,16.8362046284112
Eulemur rufifrons,18247,548,7.1876479107902
Eulemur rufifrons,18546,548,5.43494208523166
Eulemur rufifrons,18605,548,1.57807103533185
Eulemur rufifrons,18487,549,59.0116196877182
Eulemur rufifrons,18425,555,11.844067606982
Eulemur rufifrons,18386,557,62.6106702145676
Eulemur rufifrons,18387,559,15.032588320411
Eulemur rufifrons,18585,560,64.9223989548488
Eulemur rufifrons,18608,561,15.0442157058201
Eulemur rufifrons,18609,561,21.6948450795124
Eulemur rufus,12161,217,68.4073900828574
Eulemur rufus,6937,458,42.3362076362427
Eulemur rufus,1873,465,19.2038282113973
Eulemur rufus,1742,469,16.3740665150672
Eulemur rufus,68,331,21.0334598369182
Eulemur rufus,13510,470,0.777178853789091
Eulemur rufus,13755,470,0.604549703200817
Eulemur rufus,13869,470,19.9515621485635
Eulemur rufus,13520,476,29.4123165165292
Eulemur rufus,13866,477,27.2715936270507
Eulemur rufus,13867,478,29.3885406549345
Eulemur rufus,13868,479,20.6592519148769
Eulemur rufus,6131,344,78.5054384879867
Eulemur rufus,7234,484,3.3134309653126
Eulemur rufus,13854,484,17.1081231937802
Eulemur rufus,13872,485,43.0398890354153
Eulemur rufus,7167,475,42.7215934479371
Eulemur rufus,13632,475,3.75955498127008
Eulemur rufus,8748,425,17.4448450427906
Eulemur rufus,13930,509,31.423229277505
Eulemur rufus,13748,512,64.9869920614074
Eulemur rufus,13575,480,51.8674302060766
Eulemur rufus,13995,480,0.539642938729286
Eulemur rufus,6329,488,2.87876883525968
Eulemur rufus,6331,488,0.899620833965421
Eulemur rufus,6336,488,0.269868277515173
Eulemur rufus,6430,488,45.3586244343983
Eulemur rufus,13915,488,33.0953660842072
Eulemur rufus,13978,513,52.0931107730117
Eulemur rufus,12007,507,31.1097970257607
Eulemur rufus,13993,507,29.6010280215059
Eulemur rufus,1986,346,5.85033975470352
Eulemur rufus,1993,346,24.6792146248873
Eulemur rufus,2015,346,2.65062070312488
Eulemur rufus,2019,346,0.182805694629431
Eulemur rufus,2034,346,0.274192454328179
Eulemur rufus,13725,346,1.55373825480127
Eulemur rufus,2044,515,0.182784649551272
Eulemur rufus,2045,515,1.18809712456632
Eulemur rufus,2058,515,0.182778454094648
Eulemur rufus,2065,515,4.38649564416385
Eulemur rufus,2115,515,8.49783825707936
Eulemur rufus,2142,515,0.274089461484194
Eulemur rufus,2155,515,9.5018882179122
Eulemur rufus,2157,515,4.56775692645169
Eulemur rufus,13756,515,0.456749789226413
Eulemur rufus,13165,467,48.282664278709
Eulemur rufus,8946,493,113.437646918732
Eulemur rufus,259,17,20.6591479170306
Eulemur rufus,456,225,0.183791485481143
Eulemur rufus,461,225,0.367564567481756
Eulemur rufus,462,225,1.74590292306334
Eulemur rufus,463,225,5.32952738205135
Eulemur rufus,465,225,0.183777680330753
Eulemur rufus,466,225,0.551319225258708
Eulemur rufus,468,225,0.183773075227499
Eulemur rufus,471,225,1.10259928914046
Eulemur rufus,472,225,0.643170052255213
Eulemur rufus,474,225,0.183763859938979
Eulemur rufus,475,225,0.183761555059075
Eulemur rufus,476,225,1.65382056523675
Eulemur rufus,512,225,115.571074452121
Eulemur rufus,7128,454,16.3121433096236
Eulemur rufus,13986,454,27.5139015001006
Eulemur rufus,7726,455,89.7882265229853
Eulemur rufus,8024,455,75.0504966753905
Eulemur rufus,13796,455,129.399132575428
Eulemur rufus,14001,455,76.6492177270728
Eulemur rufus,9799,497,0.62064821295929
Eulemur rufus,9810,497,0.265972006814122
Eulemur rufus,9823,497,0.709200345668078
Eulemur rufus,10955,497,138.846313450127
Eulemur rufus,13971,497,9.04229392746901
Eulemur rufus,14011,497,68.6631767822923
Eulemur rufus,219,209,19.9337849990107
Eulemur rufus,257,209,38.0118100940852
Eulemur rufus,342,336,3.22456991307449
Eulemur rufus,344,336,0.276354423903167
Eulemur rufus,346,336,1.19747486800301
Eulemur rufus,355,336,0.644736027104974
Eulemur rufus,356,336,0.184211880049229
Eulemur rufus,362,336,11.3275119935625
Eulemur rufus,370,336,0.828750979144871
Eulemur rufus,371,336,149.498138390679
Eulemur rufus,374,336,0.18415957501781
Eulemur rufus,384,336,51.8261761133202
Eulemur rufus,437,336,0.18402045498687
Eulemur rufus,458,336,850.233520214012
Eulemur rufus,14012,336,5.60608257632959
Eulemur rufus,3236,362,3.09900984286463
Eulemur rufus,3274,362,0.729165010962606
Eulemur rufus,3285,362,0.638013784430742
Eulemur rufus,3742,362,208.855460188826
Eulemur rufus,14020,362,28.1809853154598
Eulemur rufus,14021,362,66.1899405958974
Eulemur rufus,14022,362,0.820644420907617
Eulemur rufus,14023,362,1.73194615611291
Eulemur rufus,2547,468,330.648057244708
Eulemur rufus,2555,468,2.0072273404777
Eulemur rufus,2563,468,0.364942030489683
Eulemur rufus,2570,468,0.456175956650972
Eulemur rufus,13786,468,81.3668221959746
Eulemur rufus,13912,468,36.1603726523629
Eulemur rufus,14013,468,61.2504145189477
Eulemur rufus,14015,468,0.365072069038987
Eulemur rufus,14016,468,1.82525826522207
Eulemur rufus,13931,510,59.0116196877182
Eulemur sanfordi,2719,130,42.3362076362427
Eulemur sanfordi,31,99,0.55664420881176
Eulemur sanfordi,34,99,0.371099061261296
Eulemur sanfordi,35,99,0.556625695955813
Eulemur sanfordi,39,99,9.3690831852839
Eulemur sanfordi,40,99,0.185535398295105
Eulemur sanfordi,44,99,0.463806772104442
Eulemur sanfordi,48,99,0.27827526928854
Eulemur sanfordi,50,99,0.185499234954476
Eulemur sanfordi,51,99,0.278243954662919
Eulemur sanfordi,52,99,26.0608411523744
Eulemur sanfordi,58,99,0.185478644791543
Eulemur sanfordi,59,99,0.27820176096195
Eulemur sanfordi,62,99,0.18546587502265
Eulemur sanfordi,67,99,0.18545505566138
Eulemur sanfordi,68,99,6.4908973798604
Eulemur sanfordi,75,99,8.437097733572
Eulemur sanfordi,76,99,0.185438309593201
Eulemur sanfordi,82,99,0.185425482894003
Eulemur sanfordi,2864,99,0.185474717534363
Eulemur sanfordi,874,133,19.2038282113973
Eulemur sanfordi,828,118,16.3740665150672
Eulemur sanfordi,119,4,21.0334598369182
Eulemur sanfordi,172,74,0.370271373195231
Eulemur sanfordi,174,74,0.462834125284791
Eulemur sanfordi,176,74,43.0377824654073
Eulemur sanfordi,177,74,0.18513059458977
Eulemur sanfordi,183,74,1.48074673073471
Eulemur sanfordi,184,74,1.66577102635694
Eulemur sanfordi,185,74,0.277623898765862
Eulemur sanfordi,186,74,0.277610584835947
Eulemur sanfordi,194,74,1.38815019469857
Eulemur sanfordi,2887,74,0.185083622752249
Eulemur sanfordi,2598,138,78.5054384879867
Eulemur sanfordi,2624,139,52.2268727901955
Eulemur sanfordi,2891,139,0.539642938729286
Eulemur sanfordi,913,128,5.85033975470352
Eulemur sanfordi,915,128,24.6792146248873
Eulemur sanfordi,920,128,1.0054375043211
Eulemur sanfordi,921,128,2.83342021114933
Eulemur sanfordi,923,128,0.182805694629431
Eulemur sanfordi,928,128,1.00536820483017
Eulemur sanfordi,929,128,2.37624750380063
Eulemur sanfordi,931,128,0.274192454328179
Eulemur sanfordi,935,128,0.182784649551272
Eulemur sanfordi,944,128,0.182778454094648
Eulemur sanfordi,947,128,7.67678403816092
Eulemur sanfordi,959,128,1.55373825480127
Eulemur sanfordi,974,128,8.49783825707888
Eulemur sanfordi,988,128,0.274089461484194
Eulemur sanfordi,1001,128,9.5018882179122
Eulemur sanfordi,1002,128,4.567756926453
Eulemur sanfordi,1012,128,0.456749789226651
Eulemur sanfordi,911,135,16.631194611291
Eulemur sanfordi,2896,135,5.11777562952042
Eulemur sanfordi,2899,135,0.182767295484543
Eulemur sanfordi,2865,140,7.03434427333379
Eulemur sanfordi,2901,140,0.822074067883492
Eulemur sanfordi,1104,137,11.4094703874332
Eulemur sanfordi,1111,137,0.182513341157198
Eulemur sanfordi,1112,137,186.88228894826
Eulemur sanfordi,1143,137,2.0072273404777
Eulemur sanfordi,1146,137,0.364942030489683
Eulemur sanfordi,2888,137,0.456175956650376
Eulemur sanfordi,2895,137,1.82525826522207
Eulemur sanfordi,2903,137,0.365072069038987
Eulemur sanfordi,2905,137,1.55145168631423
Euryceros prevostii,1,1,24.6990569160829
Euryceros prevostii,7,3,31.6875166683323
Euryceros prevostii,11,3,112.371548219479
Euryceros prevostii,14,3,0.914022286538959
Euryceros prevostii,21,3,3.10483766981149
Euryceros prevostii,22,3,19.1757271733138
Euryceros prevostii,52,3,29.9114782175353
Euryceros prevostii,2,2,30.1165791761407
Euryceros prevostii,50,2,59.2391267675772
Euryceros prevostii,53,2,57.4451952053775
Euryceros prevostii,54,2,118.514859144707
Euryceros prevostii,55,2,29.8631327553117
Euryceros prevostii,56,2,0.550263871117234
Euryceros prevostii,58,2,58.1245802735148
Euryceros prevostii,59,2,5.77360824797505
Euryceros prevostii,8,4,151.055431051786
Falco zoniventris,359,2,36.331879859746
Falco zoniventris,371,2,52.2268727901955
Falco zoniventris,408,2,42.3362076362427
Falco zoniventris,427,2,57.9536162531174
Falco zoniventris,454,2,89.7882265229853
Falco zoniventris,468,2,468.355482097602
Falco zoniventris,919,2,21.5096479841157
Falco zoniventris,1283,2,17.1081231937802
Falco zoniventris,1300,2,6.47518067736232
Falco zoniventris,1301,2,78.5054384879867
Falco zoniventris,1334,2,43.0398890354153
Falco zoniventris,1349,2,39.1360013945309
Falco zoniventris,1356,2,27.5139015001006
Falco zoniventris,46,1,19.9337849990107
Falco zoniventris,55,1,16.2380797407139
Falco zoniventris,58,1,254.421082642661
Falco zoniventris,86,1,53.6769175645747
Falco zoniventris,96,1,366.147778927468
Falco zoniventris,185,1,2576.50613374578
Falco zoniventris,1298,1,208.855460188826
Falco zoniventris,1357,1,151.055431051786
Falco zoniventris,1373,1,28.7773817194842
Falco zoniventris,1374,1,234.708229999792
Falco zoniventris,1388,1,90.3937869662622
Falco zoniventris,1389,1,65.9968218823523
Falco zoniventris,1390,1,19.5821926010261
Falco zoniventris,1392,1,322.648436083532
Falco zoniventris,1393,1,1103.96343099271
Falco zoniventris,1396,1,19.8205211282898
Falco zoniventris,1402,1,7.43174190611184
Falco zoniventris,1409,1,59.2391267675772
Falco zoniventris,1412,1,19.4390238963762
Falco zoniventris,1413,1,58.1245802735148
Falco zoniventris,1420,1,28.1809853154598
Falco zoniventris,1421,1,66.1899405958974
Falco zoniventris,1425,1,83.2026980152344
Falco zoniventris,1426,1,11.844067606982
Falco zoniventris,1428,1,7.8888975294175
Falco zoniventris,1430,1,118.514859144707
Falco zoniventris,1431,1,29.8631327553117
Falco zoniventris,1432,1,17.1974791608272
Falco zoniventris,1434,1,147.565898089784
Falco zoniventris,1435,1,62.6106702145676
Falco zoniventris,1437,1,15.032588320411
Falco zoniventris,1438,1,7.74432683949936
Falco zoniventris,144,3,12.894550309714
Falco zoniventris,166,3,31.0315972086302
Falco zoniventris,168,3,36.1603726523629
Falco zoniventris,169,3,25.8225284101236
Falco zoniventris,1109,3,95.7257595299255
Falco zoniventris,1140,3,59.2635538920963
Falco zoniventris,1141,3,30.9416330095792
Falco zoniventris,1335,3,27.8442933033056
Falco zoniventris,591,4,13.0789196686617
Falco zoniventris,663,4,433.810619797173
Falco zoniventris,724,4,46.5723968884147
Falco zoniventris,996,4,43.5541700668897
Falco zoniventris,1002,4,42.4890235274736
Falco zoniventris,1036,4,13.0307413413469
Falco zoniventris,1039,4,112.468627701651
Falco zoniventris,1163,4,36.3826787541578
Falco zoniventris,1171,4,16.8362046284112
Falco zoniventris,1172,4,7.1876479107902
Falco zoniventris,1181,4,9.25706128804803
Falco zoniventris,1330,4,17.5870851484947
Falculea palliata,3380,8,25.2530937962923
Falculea palliata,4115,13,31.0182859874093
Falculea palliata,33,21,0.463597745714188
Falculea palliata,34,21,43.2038186617044
Falculea palliata,113,25,0.462834125284791
Falculea palliata,116,25,43.0377824654073
Falculea palliata,129,25,1.48074673073471
Falculea palliata,131,25,1.66577102635694
Falculea palliata,132,25,1.38815019469857
Falculea palliata,1511,12,0.452763459861875
Falculea palliata,1530,12,38.2051651932399
Falculea palliata,1535,12,3.07696966736638
Falculea palliata,1538,12,0.723997986286044
Falculea palliata,3854,26,151.58511224908
Falculea palliata,4285,26,14.876475508235
Falculea palliata,4366,26,9.98819568180025
Falculea palliata,1738,7,18.7159821588671
Falculea palliata,1828,7,45.6640702512723
Falculea palliata,4430,7,0.539642938729286
Falculea palliata,1782,29,0.449603298739433
Falculea palliata,1797,29,36.331879859746
Falculea palliata,4387,29,0.449634089967847
Falculea palliata,4400,29,6.47518067736232
Falculea palliata,2576,28,137.443018218653
Falculea palliata,528,24,64.7813755391271
Falculea palliata,4278,24,1.73570699889708
Falculea palliata,1964,30,42.3362076362427
Falculea palliata,2006,30,21.5096479841157
Falculea palliata,2017,30,57.9536162531174
Falculea palliata,2038,30,3.3134309653126
Falculea palliata,2141,30,89.7882265229853
Falculea palliata,2205,30,468.355482097602
Falculea palliata,4205,30,3.75955498127008
Falculea palliata,4394,30,17.1081231937802
Falculea palliata,4406,30,26.5383701396017
Falculea palliata,4435,30,27.5139015001006
Falculea palliata,399,10,16.3740665150672
Falculea palliata,418,10,19.2038282113973
Falculea palliata,459,10,4.66084065057552
Falculea palliata,502,10,0.822074067883492
Falculea palliata,595,10,186.608192393878
Falculea palliata,607,10,2.00722734047782
Falculea palliata,611,10,0.456175956650972
Falculea palliata,4348,10,59.2635538920963
Falculea palliata,4428,10,36.1603726523629
Falculea palliata,4445,10,61.2504145189477
Falculea palliata,4450,10,1.82525826522207
Falculea palliata,3051,22,13.1672804516124
Falculea palliata,3381,22,433.810619797173
Falculea palliata,3386,22,1.49040422382188
Falculea palliata,3426,22,6.13304144533789
Falculea palliata,3659,22,46.5723968884147
Falculea palliata,4184,22,43.5541700668897
Falculea palliata,4185,22,2.02803748513663
Falculea palliata,4186,22,2.11576712074435
Falculea palliata,4190,22,42.4890235274736
Falculea palliata,4239,22,13.0307413413469
Falculea palliata,4240,22,3.87195306908155
Falculea palliata,4241,22,6.06907414019537
Falculea palliata,4242,22,112.468627701651
Falculea palliata,4361,22,36.3826787541578
Falculea palliata,4369,22,16.8362046284112
Falculea palliata,4371,22,5.43494208523166
Falculea palliata,4380,22,9.25706128804803
Falculea palliata,4383,22,4.31856011909986
Falculea palliata,4385,22,2.02272765648687
Falculea palliata,4425,22,17.5870851484947
Falculea palliata,4426,22,2.03225787389851
Falculea palliata,4427,22,1.94182639975023
Falculea palliata,4444,22,3.06793633611071
Fossa fossana,5,1,53.6769175645747
Fossa fossana,7,1,366.147778927468
Fossa fossana,8,1,2609.35666769842
Fossa fossana,143,1,1103.96343099271
Foudia madagascariensis,40939,158,42.3362076362427
Foudia madagascariensis,40695,169,13.1672804516135
Foudia madagascariensis,690,187,43.4528749465152
Foudia madagascariensis,41559,188,44.4928427752445
Foudia madagascariensis,783,155,0.370271373195231
Foudia madagascariensis,785,155,0.462834125284791
Foudia madagascariensis,789,155,43.0377824654073
Foudia madagascariensis,790,155,0.18513059458977
Foudia madagascariensis,825,155,1.48074673073471
Foudia madagascariensis,831,155,1.66577102635694
Foudia madagascariensis,838,155,0.277623898765862
Foudia madagascariensis,845,155,0.277610584835947
Foudia madagascariensis,905,155,1.38815019469857
Foudia madagascariensis,41888,155,0.185083622752249
Foudia madagascariensis,375,185,0.463597745714188
Foudia madagascariensis,494,185,43.2038186617044
Foudia madagascariensis,247,93,0.55664420881176
Foudia madagascariensis,257,93,0.371099061261296
Foudia madagascariensis,260,93,0.556625695955813
Foudia madagascariensis,272,93,0.185535398295105
Foudia madagascariensis,280,93,0.463806772104442
Foudia madagascariensis,289,93,0.27827526928854
Foudia madagascariensis,291,93,0.463781360735595
Foudia madagascariensis,309,93,0.278243954662919
Foudia madagascariensis,325,93,0.185478644791543
Foudia madagascariensis,328,93,0.27820176096195
Foudia madagascariensis,341,93,0.18546587502265
Foudia madagascariensis,349,93,130.021860527528
Foudia madagascariensis,357,93,0.18545505566138
Foudia madagascariensis,358,93,6.49089737985945
Foudia madagascariensis,376,93,0.185438309593201
Foudia madagascariensis,387,93,0.185425482894003
Foudia madagascariensis,393,93,8.4370977335708
Foudia madagascariensis,40269,93,0.185474717534363
Foudia madagascariensis,40833,93,0.64914825101459
Foudia madagascariensis,41887,93,56.8711675529887
Foudia madagascariensis,41760,192,112.468627701651
Foudia madagascariensis,16373,89,38.2051651932399
Foudia madagascariensis,16427,89,3.07696966736627
Foudia madagascariensis,16434,89,0.723997986286044
Foudia madagascariensis,16500,89,0.361958205401897
Foudia madagascariensis,42086,89,0.452763459861636
Foudia madagascariensis,39554,196,0.777178853789091
Foudia madagascariensis,41935,196,0.604549703200817
Foudia madagascariensis,42165,196,27.2715936270507
Foudia madagascariensis,42166,196,29.4123165165292
Foudia madagascariensis,42167,196,29.3885406549345
Foudia madagascariensis,42168,196,20.6592519148769
Foudia madagascariensis,42169,196,19.9515621485635
Foudia madagascariensis,42189,198,78.5054384879867
Foudia madagascariensis,41646,201,43.5541700668897
Foudia madagascariensis,20977,193,0.449603298739433
Foudia madagascariensis,20978,193,0.359686745625973
Foudia madagascariensis,21175,193,36.331879859746
Foudia madagascariensis,42088,193,0.449634089967847
Foudia madagascariensis,42188,193,6.47518067736232
Foudia madagascariensis,40693,170,435.931164999176
Foudia madagascariensis,41647,170,2.02803748513663
Foudia madagascariensis,41648,170,2.11576712074435
Foudia madagascariensis,41752,170,13.3829553466861
Foudia madagascariensis,41753,170,3.87195306908155
Foudia madagascariensis,41754,170,6.06907414019537
Foudia madagascariensis,42055,170,9.25706128804803
Foudia madagascariensis,42058,170,4.31856011909986
Foudia madagascariensis,42060,170,2.02272765648687
Foudia madagascariensis,42235,170,17.5870851484947
Foudia madagascariensis,42236,170,2.03225787389851
Foudia madagascariensis,42237,170,1.94182639975023
Foudia madagascariensis,23416,96,52.2268727901955
Foudia madagascariensis,42397,96,39.1360013945309
Foudia madagascariensis,39746,166,151.58511224908
Foudia madagascariensis,40715,166,0.260165493234396
Foudia madagascariensis,40716,166,12.0483039035159
Foudia madagascariensis,40717,166,7.36721759575951
Foudia madagascariensis,41369,166,17.8876522784661
Foudia madagascariensis,41412,166,45.1360753508905
Foudia madagascariensis,41521,166,448.998273922438
Foudia madagascariensis,41858,166,14.876475508235
Foudia madagascariensis,42029,166,9.98819568180025
Foudia madagascariensis,42244,166,5.23129722183871
Foudia madagascariensis,41929,184,64.9869920614074
Foudia madagascariensis,20628,218,0.899620833965421
Foudia madagascariensis,20689,218,0.269868277515173
Foudia madagascariensis,40642,218,0.179958904524803
Foudia madagascariensis,40643,218,2.87876883525717
Foudia madagascariensis,42305,218,45.3586244343983
Foudia madagascariensis,42306,218,33.0953660842072
Foudia madagascariensis,42448,221,52.0931107730117
Foudia madagascariensis,41101,199,137.443018218653
Foudia madagascariensis,42257,210,113.437646918732
Foudia madagascariensis,40146,214,48.282664278709
Foudia madagascariensis,42404,215,31.1097970257607
Foudia madagascariensis,42405,215,29.6010280215059
Foudia madagascariensis,9593,132,64.7813755391271
Foudia madagascariensis,41851,132,1.73570699889708
Foudia madagascariensis,24168,195,57.9536162531174
Foudia madagascariensis,24404,195,3.3134309653126
Foudia madagascariensis,25847,195,89.7882265229853
Foudia madagascariensis,26786,195,468.355482097602
Foudia madagascariensis,41537,195,21.5096479841157
Foudia madagascariensis,41670,195,3.75955498127008
Foudia madagascariensis,42157,195,17.1081231937802
Foudia madagascariensis,42245,195,43.0398890354153
Foudia madagascariensis,42431,195,27.5139015001006
Foudia madagascariensis,30660,209,0.620648212959528
Foudia madagascariensis,30692,209,0.265972006814122
Foudia madagascariensis,30734,209,0.709200345668078
Foudia madagascariensis,30772,209,0.177290677110672
Foudia madagascariensis,42325,209,138.846313450127
Foudia madagascariensis,42326,209,0.177275942426443
Foudia madagascariensis,42327,209,0.177274304782152
Foudia madagascariensis,42391,209,9.04229392746901
Foudia madagascariensis,42482,209,68.6631767822923
Foudia madagascariensis,1933,113,19.9337849990107
Foudia madagascariensis,42491,113,254.421082642661
Foudia madagascariensis,42493,113,0.645659265649438
Foudia madagascariensis,42459,223,0.3690976892097
Foudia madagascariensis,42490,223,26.6587824925889
Foudia madagascariensis,42492,223,16.2380797407103
Foudia madagascariensis,34926,165,6.13304144533789
Foudia madagascariensis,41204,165,46.5723968884147
Foudia madagascariensis,41651,165,42.4890235274736
Foudia madagascariensis,42040,165,36.3826787541578
Foudia madagascariensis,42053,165,16.8362046284112
Foudia madagascariensis,42054,165,7.1876479107902
Foudia madagascariensis,42439,165,5.43494208523166
Foudia madagascariensis,42558,165,1.57807103533185
Foudia madagascariensis,8339,182,19.2038282113973
Foudia madagascariensis,40536,182,16.3740665150672
Foudia madagascariensis,8663,224,5.85033975470352
Foudia madagascariensis,8681,224,16.0871950112813
Foudia madagascariensis,8766,224,0.182805694629431
Foudia madagascariensis,8778,224,0.274201118186474
Foudia madagascariensis,8813,224,0.274192454328179
Foudia madagascariensis,8854,224,0.182784649551272
Foudia madagascariensis,8855,224,1.18809712456632
Foudia madagascariensis,8856,224,4.66084065057552
Foudia madagascariensis,8892,224,0.182778454094648
Foudia madagascariensis,8914,224,4.38649564416385
Foudia madagascariensis,8964,224,0.182759851703644
Foudia madagascariensis,9083,224,8.86332816260099
Foudia madagascariensis,9154,224,0.274089461484194
Foudia madagascariensis,10359,224,2.0072273404777
Foudia madagascariensis,10397,224,0.364942030489326
Foudia madagascariensis,10413,224,0.456175956650972
Foudia madagascariensis,10747,224,331.925755168368
Foudia madagascariensis,40873,224,7.03434427333379
Foudia madagascariensis,40874,224,4.567756926453
Foudia madagascariensis,41853,224,1.55373825480127
Foudia madagascariensis,41938,224,10.0499887125863
Foudia madagascariensis,42246,224,36.7996040886711
Foudia madagascariensis,42454,224,100.812835919068
Foudia madagascariensis,42483,224,61.4329530729631
Foudia madagascariensis,42523,224,0.182767295484543
Foudia madagascariensis,42525,224,0.365072069038987
Foudia madagascariensis,42526,224,1.82525826522207
Foudia madagascariensis,42557,224,0.822074067883492
Foudia madagascariensis,18271,206,0.812480411258936
Foudia madagascariensis,42287,206,16.6994855698657
Foudia madagascariensis,42323,206,61.2124982058693
Foudia madagascariensis,42365,206,59.0116196877182
Foudia madagascariensis,42568,206,1.17365293457222
Foudia madagascariensis,42569,206,0.180557963597178
Foudia madagascariensis,4239,222,0.459616383672059
Foudia madagascariensis,4266,222,0.183841973942041
Foudia madagascariensis,4279,222,0.643432019172192
Foudia madagascariensis,4288,222,0.275752651619673
Foudia madagascariensis,4318,222,0.367655302864194
Foudia madagascariensis,4347,222,1.56243208603442
Foudia madagascariensis,4348,222,0.275729722221732
Foudia madagascariensis,4383,222,0.275717098941624
Foudia madagascariensis,4405,222,0.275709061498523
Foudia madagascariensis,4413,222,0.459508593737841
Foudia madagascariensis,4426,222,0.45949710468936
Foudia madagascariensis,4427,222,1.1946710927344
Foudia madagascariensis,4447,222,0.183794934333146
Foudia madagascariensis,4462,222,3.21620605602294
Foudia madagascariensis,4463,222,0.551364106284499
Foudia madagascariensis,4476,222,1.10266377710527
Foudia madagascariensis,4490,222,0.183781132994473
Foudia madagascariensis,4491,222,0.367564567481756
Foudia madagascariensis,4506,222,0.183777680330634
Foudia madagascariensis,4514,222,0.551319225258708
Foudia madagascariensis,4523,222,0.183773075227499
Foudia madagascariensis,4533,222,1.10259928914046
Foudia madagascariensis,4540,222,2.02137478975803
Foudia madagascariensis,4541,222,0.826945434479237
Foudia madagascariensis,4551,222,0.643170052255213
Foudia madagascariensis,4561,222,0.183763859938979
Foudia madagascariensis,4570,222,0.183761555059075
Foudia madagascariensis,4571,222,1.65382056523675
Foudia madagascariensis,4618,222,0.826825480994821
Foudia madagascariensis,4666,222,0.459349671094894
Foudia madagascariensis,4704,222,0.367459639964223
Foudia madagascariensis,4732,222,0.183724619395971
Foudia madagascariensis,4733,222,0.275586929093957
Foudia madagascariensis,4745,222,1.46972063059181
Foudia madagascariensis,4746,222,0.275577679304183
Foudia madagascariensis,4914,222,0.367363554798603
Foudia madagascariensis,5100,222,366.239631982932
Foudia madagascariensis,5151,222,0.275443051051259
Foudia madagascariensis,13853,222,2611.56503320857
Foudia madagascariensis,41073,222,53.6769175645747
Foudia madagascariensis,41074,222,0.643524707942724
Foudia madagascariensis,41978,222,86.9343049463478
Foudia madagascariensis,41983,222,2.57736175300068
Foudia madagascariensis,41985,222,2.20879511307001
Foudia madagascariensis,42270,222,1.10433682509226
Foudia madagascariensis,42504,222,0.733449546446324
Foudia madagascariensis,42505,222,28.7773817194842
Foudia madagascariensis,42506,222,235.440162164184
Foudia madagascariensis,42522,222,19.5821926010261
Foudia madagascariensis,42531,222,0.18402045498687
Foudia madagascariensis,42532,222,322.740230993205
Foudia madagascariensis,42533,222,1104.14660628995
Foudia madagascariensis,42534,222,0.3671433986426
Foudia madagascariensis,42535,222,4.95616607062131
Foudia madagascariensis,42536,222,19.8205211282898
Foudia madagascariensis,42537,222,0.367093046224117
Foudia madagascariensis,42540,222,0.367054338001192
Foudia madagascariensis,42541,222,0.642337166595399
Foudia madagascariensis,42542,222,7.43174190611184
Foudia madagascariensis,42543,222,3.11954769088572
Foudia madagascariensis,42544,222,1.37619193792719
Foudia madagascariensis,42548,222,1.19252978562158
Foudia madagascariensis,42549,222,59.3308393847932
Foudia madagascariensis,42550,222,0.550263871117234
Foudia madagascariensis,42552,222,19.4390238963762
Foudia madagascariensis,42553,222,58.1245802735148
Foudia madagascariensis,42555,222,5.77360824797505
Foudia madagascariensis,42556,222,0.457520320277393
Foudia madagascariensis,42570,222,3.30296723872322
Foudia madagascariensis,42571,222,7.8888975294175
Foudia madagascariensis,42572,222,0.366907192294359
Foudia madagascariensis,42575,222,17.1974791608272
Foudia madagascariensis,42576,222,0.365857744152904
Foudia madagascariensis,42577,222,147.748782739298
Foudia madagascariensis,42271,225,208.855460188826
Foudia madagascariensis,42521,225,65.9968218823523
Foudia madagascariensis,42561,225,28.1809853154598
Foudia madagascariensis,42562,225,66.1899405958974
Foudia madagascariensis,42563,225,0.820644420907617
Foudia madagascariensis,42564,225,1.73194615611291
Foudia madagascariensis,42566,225,83.2026980152344
Foudia madagascariensis,42567,225,11.844067606982
Foudia madagascariensis,42580,225,15.032588320411
Foudia madagascariensis,42581,225,7.74432683949936
Foudia madagascariensis,42582,225,0.273353686598182
Foudia madagascariensis,42468,226,151.055431051786
Foudia madagascariensis,42520,227,90.3937869662622
Foudia madagascariensis,42578,227,62.6106702145676
Foudia madagascariensis,42579,227,5.74979056634986
Foudia madagascariensis,42573,228,118.514859144707
Foudia madagascariensis,42574,228,29.8631327553117
Foudia omissa,1,1,56.8711675529887
Foudia omissa,3,1,0.64914825101471
Foudia omissa,8248,1,52.3985918019408
Foudia omissa,8109,26,29.4123165165292
Foudia omissa,8289,26,27.2715936270507
Foudia omissa,8290,26,29.3885406549345
Foudia omissa,8291,26,20.6592519148769
Foudia omissa,2398,42,0.179958904524803
Foudia omissa,2451,42,2.87876883525968
Foudia omissa,2456,42,0.899620833965421
Foudia omissa,2484,42,0.269868277515173
Foudia omissa,8332,42,45.3586244343983
Foudia omissa,8333,42,33.0953660842072
Foudia omissa,8435,44,52.0931107730117
Foudia omissa,8312,34,113.437646918732
Foudia omissa,8098,38,48.282664278709
Foudia omissa,8428,39,31.1097970257607
Foudia omissa,8429,39,29.6010280215059
Foudia omissa,6348,33,0.620648212959528
Foudia omissa,6351,33,0.265972006814122
Foudia omissa,6356,33,0.709200345668078
Foudia omissa,6363,33,0.177290677110672
Foudia omissa,8352,33,138.846313450127
Foudia omissa,8353,33,0.177275942426443
Foudia omissa,8354,33,0.177274304782152
Foudia omissa,8422,33,9.04229392746901
Foudia omissa,8466,33,68.6631767822923
Foudia omissa,110,3,1.1995567112959
Foudia omissa,170,3,0.6456592656492
Foudia omissa,179,3,4.33443217345184
Foudia omissa,8468,3,218.078469755138
Foudia omissa,8446,46,0.3690976892097
Foudia omissa,8467,46,26.6587824925889
Foudia omissa,8469,46,16.2380797407103
Foudia omissa,927,9,161.696952363711
Foudia omissa,8486,9,29.3555368332619
Foudia omissa,8517,9,30.0798712901392
Foudia omissa,960,47,0.273849359069586
Foudia omissa,961,47,0.182563724761963
Foudia omissa,1052,47,62.6106702145676
Foudia omissa,8491,47,61.0887142109144
Foudia omissa,8518,47,5.74979056634986
Foudia omissa,1269,27,145.788410841142
Foudia omissa,8313,27,15.032588320411
Foudia omissa,8519,27,28.1809853154598
Foudia omissa,8520,27,66.1899405958974
Foudia omissa,8521,27,0.820644420907617
Foudia omissa,8522,27,1.73194615611291
Foudia omissa,8524,27,83.2026980152344
Foudia omissa,8525,27,11.844067606982
Foudia omissa,1697,30,0.812480411258936
Foudia omissa,8321,30,16.6994855698657
Foudia omissa,8323,30,0.180557963597178
Foudia omissa,8350,30,61.2124982058693
Foudia omissa,8398,30,59.0116196877182
Foudia omissa,8526,30,1.17365293457222
Foudia omissa,268,45,40.2587459644453
Foudia omissa,280,45,0.276286701651156
Foudia omissa,281,45,2.48649016338259
Foudia omissa,282,45,5.15725681965875
Foudia omissa,359,45,0.18402045498687
Foudia omissa,395,45,0.4598808172791
Foudia omissa,495,45,224.230344326699
Foudia omissa,691,45,300.071212258906
Foudia omissa,838,45,41.2839215929323
Foudia omissa,879,45,401.35630033969
Foudia omissa,8471,45,1876.54326575413
Foudia omissa,8492,45,29.9898296926183
Foudia omissa,8494,45,185.116632381658
Foudia omissa,8495,45,322.648436083532
Foudia omissa,8496,45,122.951826375919
Foudia omissa,8497,45,0.3671433986426
Foudia omissa,8498,45,4.95616607062131
Foudia omissa,8499,45,19.8205211282898
Foudia omissa,8500,45,0.367093046224117
Foudia omissa,8503,45,0.367054338001192
Foudia omissa,8504,45,0.642337166595399
Foudia omissa,8505,45,7.43174190611184
Foudia omissa,8506,45,3.11954769088572
Foudia omissa,8507,45,1.37619193792719
Foudia omissa,8511,45,1.19252978562158
Foudia omissa,8512,45,59.2391267675772
Foudia omissa,8513,45,0.550263871117234
Foudia omissa,8515,45,58.1245802735148
Foudia omissa,8516,45,5.77360824797505
Foudia omissa,8527,45,3.30296723872322
Foudia omissa,8528,45,7.8888975294175
Foudia omissa,8529,45,0.366907192294359
Foudia omissa,8453,48,151.055431051786
Foudia omissa,8530,49,118.514859144707
Foudia omissa,8531,49,29.8631327553117
Gactornis enarratus,1,1,56.8711675529887
Gactornis enarratus,1820,1,28.8450665179954
Gactornis enarratus,1808,5,29.4123165165292
Gactornis enarratus,1855,5,27.2715936270507
Gactornis enarratus,549,13,2.87876883525968
Gactornis enarratus,1881,13,45.3586244343983
Gactornis enarratus,1882,13,33.0953660842072
Gactornis enarratus,1977,15,52.0931107730117
Gactornis enarratus,1274,7,113.437646918732
Gactornis enarratus,1974,8,31.1097970257607
Gactornis enarratus,1975,8,29.6010280215059
Gactornis enarratus,1915,12,138.846313450127
Gactornis enarratus,1970,12,9.04229392746901
Gactornis enarratus,2016,12,68.6631767822923
Gactornis enarratus,10,2,7.65654382250775
Gactornis enarratus,11,2,4.33443217345184
Gactornis enarratus,28,2,83.8290039665172
Gactornis enarratus,29,2,1.65764340949857
Gactornis enarratus,44,2,29.966803009745
Gactornis enarratus,45,2,29.9533284785289
Gactornis enarratus,197,2,2155.35067936889
Gactornis enarratus,2018,2,26.6587824925889
Gactornis enarratus,2019,2,185.788025092568
Gactornis enarratus,2020,2,16.2380797407103
Gactornis enarratus,2031,2,234.708229999792
Gactornis enarratus,2043,2,322.648436083532
Gactornis enarratus,2044,2,991.983762310702
Gactornis enarratus,2046,2,4.95616607062131
Gactornis enarratus,2047,2,19.8205211282898
Gactornis enarratus,2053,2,7.43174190611184
Gactornis enarratus,2054,2,3.11954769088572
Gactornis enarratus,2055,2,1.37619193792719
Gactornis enarratus,2059,2,1.19252978562158
Gactornis enarratus,2060,2,59.2391267675772
Gactornis enarratus,2063,2,58.1245802735148
Gactornis enarratus,2065,2,5.77360824797505
Gactornis enarratus,2066,2,24.0690321273829
Gactornis enarratus,2069,2,3.30296723872322
Gactornis enarratus,2070,2,7.8888975294175
Gactornis enarratus,2072,2,118.514859144707
Gactornis enarratus,2073,2,29.8631327553117
Gactornis enarratus,2078,2,17.1974791608272
Gactornis enarratus,2080,2,147.565898089784
Gactornis enarratus,131,16,28.7352753755711
Gactornis enarratus,142,16,22.5162443939922
Gactornis enarratus,1999,16,83.2026980152344
Gactornis enarratus,2036,16,90.3937869662622
Gactornis enarratus,2037,16,65.9968218823523
Gactornis enarratus,2038,16,28.5600100860078
Gactornis enarratus,2039,16,28.1809853154598
Gactornis enarratus,2040,16,8.57128369915081
Gactornis enarratus,2075,16,1.73194615611291
Gactornis enarratus,2077,16,11.844067606982
Gactornis enarratus,2081,16,62.6106702145676
Gactornis enarratus,2082,16,5.74979056634986
Gactornis enarratus,2083,16,15.032588320411
Gactornis enarratus,2084,16,7.74432683949936
Gactornis enarratus,1992,17,151.055431051786
Gactornis enarratus,1875,4,16.6994855698657
Gactornis enarratus,1900,4,61.2124982058693
Gactornis enarratus,1946,4,59.0116196877182
Gactornis enarratus,2068,4,1.17365293457222
Galidia elegans,7,1,53.6769175645747
Galidia elegans,9,1,366.147778927468
Galidia elegans,12,1,2595.46997744694
Galidia elegans,93,1,28.7773817194842
Galidia elegans,114,1,1103.96343099271
Geobiastes squamiger,3,1,24.4945574344214
Geobiastes squamiger,6,1,88.6406669123473
Geobiastes squamiger,8,1,139.526251123567
Geobiastes squamiger,9,1,23.2776854783
Geobiastes squamiger,10,1,29.527280857765
Geobiastes squamiger,11,1,55.5464891757995
Geobiastes squamiger,12,1,109.55220802969
Geobiastes squamiger,13,1,31.4720297234889
Geobiastes squamiger,15,1,322.648436083532
Geobiastes squamiger,16,1,7.43174190611184
Geobiastes squamiger,17,1,7.8888975294175
Geobiastes squamiger,20,1,58.1245802735148
Geobiastes squamiger,22,1,118.514859144707
Geobiastes squamiger,24,1,28.7773817194793
Geobiastes squamiger,25,1,5.77360824797451
Geobiastes squamiger,30,1,29.8631327553117
Geobiastes squamiger,36,1,376.395883272143
Geobiastes squamiger,42,1,204.796751782255
Geobiastes squamiger,47,1,56.679369671419
Geobiastes squamiger,53,1,5.74979056634986
Geobiastes squamiger,54,1,62.6106702145676
Geobiastes squamiger,55,1,86.1021201956665
Geobiastes squamiger,79,1,65.9968218823523
Geobiastes squamiger,83,1,15.032588320411
Geobiastes squamiger,414,1,11.844067606982
Geobiastes squamiger,416,1,59.2391267675772
Geobiastes squamiger,418,1,29.961795364261
Geobiastes squamiger,419,1,24.6020278093903
Geobiastes squamiger,421,1,3.11954769088572
Geobiastes squamiger,428,1,17.1974791608272
Geobiastes squamiger,432,1,7.74432683949936
Geobiastes squamiger,40,2,108.129950440177
Geogale aurita,67,20,0.370271373195231
Geogale aurita,69,20,0.0925668250995874
Geogale aurita,71,20,18.9744048029395
Geogale aurita,72,20,0.18513059458977
Geogale aurita,79,20,1.48074673073471
Geogale aurita,186,58,20.6591479170249
Geogale aurita,187,59,11.0677904937422
Geogale aurita,189,61,7.19359772695065
Geogale aurita,225,75,10.964685349086
Geogale aurita,239,83,0.368458156106472
Geogale aurita,240,83,4.97389831733626
Geogale aurita,248,81,94.48711746656
Geogale aurita,264,85,83.4488106803567
Geogale aurita,265,86,0.18419521236676
Geogale aurita,275,86,22.4685178929525
Geogale aurita,592,120,3.21620605602419
Geogale aurita,1055,190,2.64969806134474
Geogale aurita,1063,190,0.274089461484194
Geogale aurita,1064,190,0.0913643975844383
Geogale aurita,1068,190,0.0913631538983583
Geogale aurita,1076,190,7.03479595916306
Geogale aurita,1079,190,4.56775692645169
Geogale aurita,1081,190,0.456749789226651
Geogale aurita,1489,281,7.69327844079459
Geogale aurita,1494,281,0.0905061372197867
Geogale aurita,1822,805,3.3134309653126
Geogale aurita,1864,339,89.7882265230072
Geogale aurita,3032,574,68.4073900828574
Geogale aurita,4195,349,3.75955498127008
Geogale aurita,4216,868,44.4928427752445
Geogale aurita,4265,881,98.5473947674056
Geogale aurita,11,4,20.2118844377252
Geogale aurita,19,5,0.0927073077802658
Geogale aurita,31,5,43.1111113539241
Geogale aurita,38,10,21.0334598369182
Geogale aurita,42,10,0.0926675960290432
Geogale aurita,45,10,0.0926606114119887
Geogale aurita,872,169,19.7722950257891
Geogale aurita,3726,704,0.0869155042579174
Geogale aurita,3794,704,50.2299276165449
Geogale aurita,4339,704,25.3907382257994
Geogale aurita,4295,886,14.876475508235
Geogale aurita,1855,342,51.2002113748953
Geogale aurita,4006,852,29.4123165165292
Geogale aurita,4312,897,0.604549703200817
Geogale aurita,4390,897,19.9515621485635
Geogale aurita,4387,898,27.2715936270507
Geogale aurita,4388,899,29.3885406549345
Geogale aurita,4389,900,20.6592519148769
Geogale aurita,1706,309,0.0899370735929012
Geogale aurita,1709,309,0.449603298739433
Geogale aurita,1710,309,0.359686745625973
Geogale aurita,1712,309,36.331879859746
Geogale aurita,1708,903,0.0899238860028982
Geogale aurita,4369,903,0.449634089967847
Geogale aurita,4404,903,6.47518067736232
Geogale aurita,1809,336,17.1081231937802
Geogale aurita,1810,337,42.7215934479371
Geogale aurita,560,116,20.8623323525691
Geogale aurita,594,116,1.01083246940482
Geogale aurita,266,87,24.5866544846195
Geogale aurita,274,87,0.0920892604658604
Geogale aurita,283,87,23.7530982886361
Geogale aurita,4284,882,17.0356763884092
Geogale aurita,2259,404,137.443018218653
Geogale aurita,1142,889,0.456175956650972
Geogale aurita,4306,889,184.446704997093
Geogale aurita,4344,892,5.43494208523166
Geogale aurita,4430,892,3.06793633611071
Geogale aurita,243,82,32.5124332313215
Geogale aurita,252,82,1.93420808195144
Geogale aurita,278,82,68.6117236014659
Geogale aurita,1785,330,16.3121433096236
Geogale aurita,2020,361,220.040034830485
Geogale aurita,4425,913,29.7695576977943
Geogale aurita,4451,914,23.001548176319
Geogale aurita,4433,916,25.8543332637122
Geogale aurita,157,46,19.9337849990107
Geogale aurita,185,56,38.0118100940852
Geogale aurita,541,103,0.183841973942041
Geogale aurita,545,103,0.643432019172192
Geogale aurita,571,103,0.275717098941624
Geogale aurita,577,103,0.275709061498523
Geogale aurita,582,103,0.459508593737543
Geogale aurita,587,103,0.45949710468936
Geogale aurita,600,103,1.10266377710527
Geogale aurita,615,103,0.826945434479237
Geogale aurita,641,103,0.367459639964223
Geogale aurita,654,103,1.46972063059181
Geogale aurita,716,103,366.147778927468
Geogale aurita,4454,920,12.595624394125
Geogale aurita,771,141,9.08003030972684
Geogale aurita,791,146,19.4390238963762
Geogale aurita,1136,198,0.091256670578599
Geogale aurita,1137,198,61.0679011777905
Geogale aurita,4335,198,59.2635538920963
Geogale aurita,4426,198,36.1603726523629
Geogale aurita,1176,204,0.820644420907855
Geogale aurita,4450,204,65.3692299593787
Geogale aurita,1199,921,3.09900984286463
Geogale aurita,4462,921,1.73194615611291
Geogale aurita,608,906,162.807462056513
Geogale aurita,4423,906,21.7270555164749
Geogale aurita,4452,906,38.4553984883197
Geogale aurita,4453,906,0.18402045498687
Geogale aurita,4440,907,21.4809321551468
Geogale aurita,535,910,0.459616383672059
Geogale aurita,547,910,0.275752651619673
Geogale aurita,590,910,0.183794934333146
Geogale aurita,591,910,53.6769175645747
Geogale aurita,593,910,0.551364106284499
Geogale aurita,601,910,403.052594490124
Geogale aurita,611,910,0.551319225258708
Geogale aurita,617,910,0.643170052255213
Geogale aurita,1196,912,199.825832959376
Geogale aurita,4434,917,24.6020278093903
Geogale aurita,4445,919,3.2854141933409
Gymnuromys roberti,22,6,28.0485209092963
Gymnuromys roberti,3549,169,29.4123165165292
Gymnuromys roberti,3642,241,27.2715936270507
Gymnuromys roberti,3643,242,29.3885406549345
Gymnuromys roberti,3610,231,28.1809853154598
Gymnuromys roberti,926,247,0.812480411258936
Gymnuromys roberti,3649,247,16.6994855698657
Gymnuromys roberti,3650,247,1.17365293457222
Gymnuromys roberti,3651,247,0.180557963597178
Gymnuromys roberti,3674,265,61.2124982058693
Gymnuromys roberti,3727,281,52.0931107730117
Gymnuromys roberti,1193,246,0.179958904524803
Gymnuromys roberti,1205,246,2.87876883525968
Gymnuromys roberti,1210,246,0.899620833965421
Gymnuromys roberti,1221,246,0.269868277515173
Gymnuromys roberti,3655,246,45.3586244343983
Gymnuromys roberti,3656,246,33.0953660842072
Gymnuromys roberti,3724,283,31.1097970257607
Gymnuromys roberti,3725,283,29.6010280215059
Gymnuromys roberti,3732,286,57.2295433791005
Gymnuromys roberti,3413,204,48.282664278709
Gymnuromys roberti,2506,256,113.437646918732
Gymnuromys roberti,28,7,26.6587824925889
Gymnuromys roberti,3729,7,0.3690976892097
Gymnuromys roberti,3750,7,16.2380797407103
Gymnuromys roberti,3754,295,59.9645208859885
Gymnuromys roberti,3687,275,138.846313450127
Gymnuromys roberti,3749,291,68.6631767822923
Gymnuromys roberti,41,9,40.2587459644453
Gymnuromys roberti,54,9,0.460479690076709
Gymnuromys roberti,55,9,0.276287814046025
Gymnuromys roberti,153,9,0.18402045498687
Gymnuromys roberti,370,9,1.3788789025259
Gymnuromys roberti,407,9,1348.45698050517
Gymnuromys roberti,414,9,1.10272016136467
Gymnuromys roberti,415,9,1.01083246940535
Gymnuromys roberti,421,9,0.183784584811091
Gymnuromys roberti,56,12,148.654515054755
Gymnuromys roberti,3751,12,30.1057095869768
Gymnuromys roberti,3755,12,29.7439079649625
Gymnuromys roberti,423,20,1.10266377710551
Gymnuromys roberti,424,20,0.183781132994473
Gymnuromys roberti,428,20,2.02137478975803
Gymnuromys roberti,429,20,0.826945434479237
Gymnuromys roberti,439,20,0.367459639964223
Gymnuromys roberti,444,20,0.183724619395971
Gymnuromys roberti,445,20,0.275586929093957
Gymnuromys roberti,451,20,1.46972063059181
Gymnuromys roberti,452,20,0.275577679304183
Gymnuromys roberti,469,20,298.080946300416
Gymnuromys roberti,3756,296,19.5821926010261
Gymnuromys roberti,1417,249,59.0116196877182
Gymnuromys roberti,519,292,151.421926931145
Hapalemur griseus,4897,534,19.2038282113973
Hapalemur griseus,4784,540,16.3740665150672
Hapalemur griseus,203,7,0.463597745714188
Hapalemur griseus,263,7,43.2038186617044
Hapalemur griseus,429,13,0.370271373195231
Hapalemur griseus,431,13,0.462834125284791
Hapalemur griseus,434,13,43.0377824654073
Hapalemur griseus,435,13,0.18513059458977
Hapalemur griseus,449,13,1.48074673073471
Hapalemur griseus,450,13,1.66577102635694
Hapalemur griseus,452,13,0.277623898765862
Hapalemur griseus,454,13,0.277610584835947
Hapalemur griseus,474,13,1.38815019469857
Hapalemur griseus,19201,13,0.185083622752249
Hapalemur griseus,277,376,43.2675847418705
Hapalemur griseus,120,3,0.55664420881176
Hapalemur griseus,127,3,0.371099061261296
Hapalemur griseus,130,3,0.556625695955813
Hapalemur griseus,139,3,0.185535398295105
Hapalemur griseus,145,3,0.463806772104442
Hapalemur griseus,152,3,0.27827526928854
Hapalemur griseus,154,3,0.463781360735595
Hapalemur griseus,162,3,0.278243954662919
Hapalemur griseus,172,3,0.185478644791543
Hapalemur griseus,178,3,0.27820176096195
Hapalemur griseus,181,3,0.64914825101471
Hapalemur griseus,186,3,0.18546587502265
Hapalemur griseus,189,3,130.021860527528
Hapalemur griseus,193,3,0.18545505566138
Hapalemur griseus,194,3,6.4908973798604
Hapalemur griseus,202,3,8.4370977335708
Hapalemur griseus,204,3,0.185438309593201
Hapalemur griseus,210,3,0.185425482894003
Hapalemur griseus,18930,3,0.185474717534363
Hapalemur griseus,19200,3,56.8711675529887
Hapalemur griseus,19242,558,64.9869920614074
Hapalemur griseus,8475,95,38.0240908844043
Hapalemur griseus,8532,95,3.07696966736627
Hapalemur griseus,8539,95,0.723997986286044
Hapalemur griseus,8570,95,0.361958205401897
Hapalemur griseus,19355,95,0.452763459861636
Hapalemur griseus,18887,550,0.777178853789091
Hapalemur griseus,19248,550,0.604549703200817
Hapalemur griseus,19412,550,19.9515621485635
Hapalemur griseus,19408,551,27.2715936270507
Hapalemur griseus,19409,552,29.4123165165292
Hapalemur griseus,19410,553,29.3885406549345
Hapalemur griseus,19411,554,20.6592519148769
Hapalemur griseus,12495,555,3.3134309653126
Hapalemur griseus,19404,555,13.8841261984153
Hapalemur griseus,19439,556,26.5383701396017
Hapalemur griseus,10770,358,36.331879859746
Hapalemur griseus,10940,358,0.449603298739433
Hapalemur griseus,10941,358,0.359686745625973
Hapalemur griseus,19357,358,0.449634089967847
Hapalemur griseus,19430,358,6.47518067736232
Hapalemur griseus,19431,557,78.5054384879867
Hapalemur griseus,19501,589,61.2124982058693
Hapalemur griseus,11118,404,51.8674302060766
Hapalemur griseus,19573,404,39.1360013945309
Hapalemur griseus,5014,531,24.6792146248873
Hapalemur griseus,5033,531,2.83342021114933
Hapalemur griseus,5052,531,1.00536820483017
Hapalemur griseus,18998,531,2.46812535342705
Hapalemur griseus,10776,561,2.87876883525968
Hapalemur griseus,10779,561,0.899620833965421
Hapalemur griseus,10805,561,0.269868277515173
Hapalemur griseus,19483,561,45.3586244343983
Hapalemur griseus,19484,561,33.0953660842072
Hapalemur griseus,19596,592,52.0931107730117
Hapalemur griseus,19587,593,31.1097970257607
Hapalemur griseus,19588,593,29.6010280215059
Hapalemur griseus,12349,137,27.5139015001006
Hapalemur griseus,12400,137,41.0293049223326
Hapalemur griseus,19586,137,5.19750467449212
Hapalemur griseus,18532,583,48.282664278709
Hapalemur griseus,19445,584,113.437646918732
Hapalemur griseus,5064,594,1.18809712456667
Hapalemur griseus,5082,594,4.38649564416385
Hapalemur griseus,5135,594,8.49783825707888
Hapalemur griseus,5176,594,0.274089461484194
Hapalemur griseus,5220,594,9.5018882179122
Hapalemur griseus,5221,594,4.567756926453
Hapalemur griseus,19251,594,0.456749789226413
Hapalemur griseus,12467,138,40.9179544183666
Hapalemur griseus,12936,138,227.815236638844
Hapalemur griseus,5407,408,64.7813755391271
Hapalemur griseus,19191,408,1.73570699889708
Hapalemur griseus,15940,575,0.265972006814122
Hapalemur griseus,15960,575,0.709200345668078
Hapalemur griseus,19503,575,138.846313450127
Hapalemur griseus,19569,575,9.04229392746901
Hapalemur griseus,19628,575,68.6631767822923
Hapalemur griseus,1216,371,19.9337849990107
Hapalemur griseus,19631,371,254.421082642661
Hapalemur griseus,19633,371,0.645659265649438
Hapalemur griseus,9614,510,0.812480411258936
Hapalemur griseus,19468,510,16.6994855698657
Hapalemur griseus,19543,510,59.0116196877182
Hapalemur griseus,19721,510,1.17365293457222
Hapalemur griseus,18951,542,12.3364082640967
Hapalemur griseus,19709,542,5.11777562952042
Hapalemur griseus,5684,543,0.365034251434088
Hapalemur griseus,5724,543,277.350781846119
Hapalemur griseus,5752,543,0.547426328327894
Hapalemur griseus,5758,543,0.364942030489683
Hapalemur griseus,5764,543,0.456175956650972
Hapalemur griseus,19289,543,61.0679011777905
Hapalemur griseus,19452,543,36.1603726523629
Hapalemur griseus,19602,543,100.812835919068
Hapalemur griseus,19680,543,3.2854141933409
Hapalemur griseus,19736,543,0.365072069038987
Hapalemur griseus,19737,543,1.82525826522207
Hapalemur griseus,19453,595,208.855460188826
Hapalemur griseus,19714,595,28.1809853154598
Hapalemur griseus,19715,595,66.1899405958974
Hapalemur griseus,19716,595,0.820644420907617
Hapalemur griseus,19717,595,1.73194615611291
Hapalemur griseus,19719,595,83.2026980152344
Hapalemur griseus,19720,598,11.844067606982
Hapalemur griseus,2849,596,0.643524707942724
Hapalemur griseus,2913,596,0.459616383672059
Hapalemur griseus,2932,596,0.643432019172192
Hapalemur griseus,2938,596,0.275752651619673
Hapalemur griseus,2957,596,0.367655302864194
Hapalemur griseus,2977,596,1.56243208603442
Hapalemur griseus,2978,596,0.275729722221732
Hapalemur griseus,3000,596,0.275717098941624
Hapalemur griseus,3012,596,0.275709061498523
Hapalemur griseus,3016,596,0.459508593737543
Hapalemur griseus,3021,596,0.45949710468936
Hapalemur griseus,3022,596,1.1946710927344
Hapalemur griseus,3036,596,53.6769175645747
Hapalemur griseus,3038,596,3.21620605602419
Hapalemur griseus,3039,596,0.551364106284499
Hapalemur griseus,3046,596,1.10266377710527
Hapalemur griseus,3055,596,0.367564567481756
Hapalemur griseus,3063,596,0.551319225258708
Hapalemur griseus,3073,596,1.10259928914046
Hapalemur griseus,3078,596,2.02137478975803
Hapalemur griseus,3079,596,0.826945434479237
Hapalemur griseus,3085,596,0.643170052255213
Hapalemur griseus,3093,596,1.65382056523675
Hapalemur griseus,3112,596,0.826825480994821
Hapalemur griseus,3137,596,0.459349671094894
Hapalemur griseus,3159,596,0.367459639964223
Hapalemur griseus,3173,596,0.275586929093957
Hapalemur griseus,3177,596,1.46972063059181
Hapalemur griseus,3178,596,0.275577679304183
Hapalemur griseus,3256,596,0.367363554798603
Hapalemur griseus,3345,596,366.147778927468
Hapalemur griseus,3380,596,0.275443051051259
Hapalemur griseus,7236,596,2609.35666769842
Hapalemur griseus,19644,596,0.733449546446324
Hapalemur griseus,19645,596,28.7773817194842
Hapalemur griseus,19681,596,19.5821926010261
Hapalemur griseus,19684,596,0.18402045498687
Hapalemur griseus,19686,596,1103.96343099271
Hapalemur griseus,19705,596,19.4390238963762
Hapalemur griseus,4128,599,5.77360824797505
Hapalemur griseus,19706,599,58.1245802735148
Hapalemur griseus,19616,600,151.055431051786
Hapalemur griseus,19646,601,234.708229999792
Hapalemur griseus,19708,601,0.457520320277393
Hapalemur griseus,19727,601,17.1974791608272
Hapalemur griseus,19728,601,0.365857744152904
Hapalemur griseus,19729,601,147.565898089784
Hapalemur griseus,19660,602,90.3937869662622
Hapalemur griseus,19661,603,65.9968218823523
Hapalemur griseus,19733,603,7.74432683949936
Hapalemur griseus,19734,603,0.273353686598182
Hapalemur griseus,19685,604,322.648436083532
Hapalemur griseus,19687,604,0.3671433986426
Hapalemur griseus,19688,604,4.95616607062131
Hapalemur griseus,19689,604,19.8205211282898
Hapalemur griseus,19690,604,0.367093046224117
Hapalemur griseus,19697,604,1.37619193792719
Hapalemur griseus,19702,605,59.2391267675772
Hapalemur griseus,19725,606,118.514859144707
Hapalemur griseus,19726,607,29.8631327553117
Hapalemur griseus,19730,608,62.6106702145676
Hapalemur griseus,19732,609,15.032588320411
Hapalemur griseus,19607,597,0.3690976892097
Hapalemur griseus,19630,597,26.6587824925889
Hapalemur griseus,19632,597,16.2380797407103
Hapalemur occidentalis,2,2,1.10513790659881
Hapalemur occidentalis,3,2,24.4945574344214
Hapalemur occidentalis,5,4,29.9084594166067
Hapalemur occidentalis,15,6,47.0601219852737
Hapalemur occidentalis,17,6,1.10272016136467
Hapalemur occidentalis,18,6,1.01083246940535
Hapalemur occidentalis,19,6,0.183784584811091
Hapalemur occidentalis,20,6,59.7228573598288
Hapalemur occidentalis,21,7,30.2014878964591
Hapalemur occidentalis,22,8,59.9302259674964
Hapalemur occidentalis,23,9,30.088507919898
Hapalemur occidentalis,34,13,29.8631255431946
Hapalemur occidentalis,40,13,31.5959390756302
Hapalemur occidentalis,41,13,30.0317008958326
Hapalemur occidentalis,43,30,21.6030064475268
Hapalemur occidentalis,45,30,47.8633940220644
Hapalemur occidentalis,44,15,23.3366771771133
Hartertula flavoviridis,54,9,30.0587182645782
Hartertula flavoviridis,55,10,113.159909775709
Hartertula flavoviridis,136,20,28.18098531547
Hartertula flavoviridis,169,26,52.0931107730117
Hartertula flavoviridis,806,41,31.1097970257607
Hartertula flavoviridis,909,54,14.5552500460275
Hartertula flavoviridis,110,16,60.0081350929425
Hartertula flavoviridis,772,47,34.8751767713098
Hartertula flavoviridis,925,47,29.7182434685754
Hartertula flavoviridis,773,55,57.9452893114559
Hartertula flavoviridis,50,57,101.76744134032
Hartertula flavoviridis,53,57,238.765775899283
Hartertula flavoviridis,911,57,30.0136415207517
Hartertula flavoviridis,37,6,2.67266141879243
Hartertula flavoviridis,49,6,31.6985197321722
Hartertula flavoviridis,59,12,94.7539712538144
Hartertula flavoviridis,60,12,0.367143398642659
Hartertula flavoviridis,61,12,4.95616607062143
Hartertula flavoviridis,62,12,6.14897300429553
Hartertula flavoviridis,63,12,0.367093046224177
Hartertula flavoviridis,64,12,2.38581502810431
Hartertula flavoviridis,73,12,1.55979265927613
Hartertula flavoviridis,78,12,3.30296723872322
Hartertula flavoviridis,138,21,57.2295433791005
Hartertula flavoviridis,147,25,59.0116196877182
Hartlaubius auratus,582,74,0.370271373195231
Hartlaubius auratus,584,74,0.462834125284791
Hartlaubius auratus,588,74,43.0377824654073
Hartlaubius auratus,589,74,0.18513059458977
Hartlaubius auratus,614,74,1.48074673073471
Hartlaubius auratus,620,74,1.66577102635694
Hartlaubius auratus,627,74,0.277623898765862
Hartlaubius auratus,636,74,0.277610584835947
Hartlaubius auratus,683,74,1.38815019469857
Hartlaubius auratus,31478,74,0.185083622752249
Hartlaubius auratus,284,77,0.463597745714188
Hartlaubius auratus,363,77,43.2038186617044
Hartlaubius auratus,188,19,0.55664420881176
Hartlaubius auratus,195,19,0.371099061261296
Hartlaubius auratus,198,19,0.556625695955813
Hartlaubius auratus,208,19,0.185535398295105
Hartlaubius auratus,215,19,0.463806772104442
Hartlaubius auratus,223,19,0.27827526928854
Hartlaubius auratus,225,19,0.463781360735595
Hartlaubius auratus,240,19,0.278243954662919
Hartlaubius auratus,253,19,0.185478644791543
Hartlaubius auratus,256,19,0.27820176096195
Hartlaubius auratus,259,19,0.64914825101471
Hartlaubius auratus,264,19,0.18546587502265
Hartlaubius auratus,269,19,130.021860527528
Hartlaubius auratus,273,19,0.18545505566138
Hartlaubius auratus,274,19,6.4908973798604
Hartlaubius auratus,283,19,8.4370977335708
Hartlaubius auratus,285,19,0.185438309593201
Hartlaubius auratus,292,19,0.185425482894003
Hartlaubius auratus,515,19,43.4528749465152
Hartlaubius auratus,31217,19,0.185474717534363
Hartlaubius auratus,31477,19,56.8711675529887
Hartlaubius auratus,13294,14,38.2051651932399
Hartlaubius auratus,13401,14,3.07696966736627
Hartlaubius auratus,13412,14,0.723997986286044
Hartlaubius auratus,13491,14,0.361958205401897
Hartlaubius auratus,31633,14,0.452763459861636
Hartlaubius auratus,31144,82,0.777178853789091
Hartlaubius auratus,31525,82,0.604549703200817
Hartlaubius auratus,31707,82,27.2715936270507
Hartlaubius auratus,31708,82,29.4123165165292
Hartlaubius auratus,31709,82,29.3885406549345
Hartlaubius auratus,31710,82,20.6592519148769
Hartlaubius auratus,31711,82,19.9515621485635
Hartlaubius auratus,18147,25,78.5054384879867
Hartlaubius auratus,17799,81,36.331879859746
Hartlaubius auratus,18145,81,0.449603298739433
Hartlaubius auratus,18146,81,0.359686745625973
Hartlaubius auratus,31635,81,0.449634089967847
Hartlaubius auratus,31729,81,6.47518067736232
Hartlaubius auratus,27298,3,0.883594451859951
Hartlaubius auratus,27765,3,0.970314285975814
Hartlaubius auratus,31700,3,2.38669797589755
Hartlaubius auratus,31701,3,18.4464234338474
Hartlaubius auratus,24714,34,69.920279126314
Hartlaubius auratus,31518,76,64.9869920614074
Hartlaubius auratus,18525,84,23.5469795521139
Hartlaubius auratus,31730,84,39.1360013945309
Hartlaubius auratus,31891,84,4.85579742656708
Hartlaubius auratus,17711,94,0.179958904524803
Hartlaubius auratus,17812,94,2.87876883525968
Hartlaubius auratus,17820,94,0.899620833965421
Hartlaubius auratus,17878,94,0.269868277515173
Hartlaubius auratus,31786,94,45.3586244343983
Hartlaubius auratus,31787,94,33.0953660842072
Hartlaubius auratus,31898,95,52.0931107730117
Hartlaubius auratus,31745,88,113.437646918732
Hartlaubius auratus,31181,89,48.282664278709
Hartlaubius auratus,31884,91,31.1097970257607
Hartlaubius auratus,31885,91,29.6010280215059
Hartlaubius auratus,23045,96,111.41152479386
Hartlaubius auratus,7433,64,64.7813755391271
Hartlaubius auratus,31465,64,1.73570699889708
Hartlaubius auratus,20526,83,21.5096479841157
Hartlaubius auratus,20613,83,55.5362709867372
Hartlaubius auratus,20787,83,3.3134309653126
Hartlaubius auratus,20908,83,47.9918611904899
Hartlaubius auratus,21663,83,191.774921009622
Hartlaubius auratus,31687,83,17.1081231937802
Hartlaubius auratus,31691,83,0.447673652347684
Hartlaubius auratus,31879,83,27.5139015001006
Hartlaubius auratus,26481,87,0.62064821295929
Hartlaubius auratus,26499,87,0.265972006814122
Hartlaubius auratus,26524,87,0.709200345668078
Hartlaubius auratus,26543,87,0.177290677110672
Hartlaubius auratus,31806,87,138.846313450127
Hartlaubius auratus,31807,87,0.177275942426443
Hartlaubius auratus,31808,87,0.177274304782152
Hartlaubius auratus,31872,87,9.04229392746901
Hartlaubius auratus,31932,87,68.6631767822923
Hartlaubius auratus,6493,73,16.3740665150672
Hartlaubius auratus,6707,73,19.2038282113973
Hartlaubius auratus,6871,73,7.03434427333379
Hartlaubius auratus,6876,73,5.85033975470436
Hartlaubius auratus,6882,73,24.6792146248902
Hartlaubius auratus,6917,73,2.65062070312488
Hartlaubius auratus,6923,73,0.182805694629431
Hartlaubius auratus,6941,73,0.274192454328179
Hartlaubius auratus,6955,73,0.182784649551272
Hartlaubius auratus,6956,73,1.18809712456667
Hartlaubius auratus,6975,73,0.182778454094648
Hartlaubius auratus,6983,73,4.38649564416385
Hartlaubius auratus,6997,73,8.86332816260099
Hartlaubius auratus,7109,73,0.274089461484194
Hartlaubius auratus,7171,73,9.5018882179122
Hartlaubius auratus,7172,73,4.567756926453
Hartlaubius auratus,7869,73,0.365034251434088
Hartlaubius auratus,7946,73,318.511281266377
Hartlaubius auratus,7990,73,0.547426328327894
Hartlaubius auratus,7999,73,0.364942030489683
Hartlaubius auratus,8005,73,0.456175956650972
Hartlaubius auratus,31225,73,16.631194611291
Hartlaubius auratus,31473,73,1.55373825480127
Hartlaubius auratus,31528,73,0.456749789226413
Hartlaubius auratus,31558,73,61.0679011777905
Hartlaubius auratus,31752,73,36.1603726523629
Hartlaubius auratus,31904,73,100.812835919068
Hartlaubius auratus,31984,73,3.2854141933409
Hartlaubius auratus,31986,73,0.822074067883492
Hartlaubius auratus,32014,73,5.11777562952042
Hartlaubius auratus,32017,73,0.182767295484543
Hartlaubius auratus,32042,73,0.365072069038987
Hartlaubius auratus,32043,73,1.82525826522207
Hartlaubius auratus,1538,75,19.9337849990107
Hartlaubius auratus,3359,75,0.643524707942724
Hartlaubius auratus,3436,75,0.459616383672059
Hartlaubius auratus,3456,75,0.183841973942041
Hartlaubius auratus,3468,75,0.643432019172192
Hartlaubius auratus,3477,75,0.275752651619673
Hartlaubius auratus,3501,75,0.367655302864194
Hartlaubius auratus,3523,75,1.56243208603442
Hartlaubius auratus,3524,75,0.275729722221732
Hartlaubius auratus,3554,75,0.275717098941624
Hartlaubius auratus,3572,75,0.275709061498523
Hartlaubius auratus,3581,75,0.459508593737543
Hartlaubius auratus,3593,75,0.45949710468936
Hartlaubius auratus,3594,75,1.1946710927344
Hartlaubius auratus,3610,75,0.183794934333146
Hartlaubius auratus,3617,75,53.6769175645747
Hartlaubius auratus,3622,75,3.21620605602419
Hartlaubius auratus,3623,75,0.551364106284499
Hartlaubius auratus,3634,75,1.10266377710527
Hartlaubius auratus,3647,75,0.183781132994473
Hartlaubius auratus,3648,75,0.367564567481756
Hartlaubius auratus,3659,75,0.183777680330753
Hartlaubius auratus,3667,75,0.551319225258708
Hartlaubius auratus,3674,75,0.183773075227499
Hartlaubius auratus,3685,75,1.10259928914046
Hartlaubius auratus,3692,75,2.02137478975803
Hartlaubius auratus,3693,75,0.826945434479237
Hartlaubius auratus,3700,75,0.643170052255213
Hartlaubius auratus,3706,75,0.183763859938979
Hartlaubius auratus,3715,75,0.183761555059075
Hartlaubius auratus,3716,75,1.65382056523675
Hartlaubius auratus,3750,75,0.826825480994821
Hartlaubius auratus,3794,75,0.459349671094894
Hartlaubius auratus,3825,75,0.367459639964223
Hartlaubius auratus,3847,75,0.183724619395971
Hartlaubius auratus,3848,75,0.275586929093957
Hartlaubius auratus,3858,75,1.46972063059181
Hartlaubius auratus,3859,75,0.275577679304183
Hartlaubius auratus,3987,75,0.367363554798603
Hartlaubius auratus,4125,75,366.147778927468
Hartlaubius auratus,4185,75,0.275443051051259
Hartlaubius auratus,10819,75,2609.35666769842
Hartlaubius auratus,31935,75,254.421082642661
Hartlaubius auratus,31937,75,0.645659265649438
Hartlaubius auratus,31948,75,0.733449546446324
Hartlaubius auratus,31949,75,28.7773817194842
Hartlaubius auratus,31950,75,234.708229999792
Hartlaubius auratus,31985,75,19.5821926010261
Hartlaubius auratus,31988,75,0.18402045498687
Hartlaubius auratus,31989,75,322.648436083532
Hartlaubius auratus,31990,75,1103.96343099271
Hartlaubius auratus,31991,75,0.3671433986426
Hartlaubius auratus,31992,75,4.95616607062131
Hartlaubius auratus,31993,75,19.8205211282898
Hartlaubius auratus,31994,75,0.367093046224117
Hartlaubius auratus,31997,75,0.367054338001192
Hartlaubius auratus,31998,75,0.642337166595399
Hartlaubius auratus,31999,75,7.43174190611184
Hartlaubius auratus,32000,75,3.11954769088572
Hartlaubius auratus,32001,75,1.37619193792719
Hartlaubius auratus,32005,75,1.19252978562158
Hartlaubius auratus,32006,75,59.2391267675772
Hartlaubius auratus,32007,75,0.550263871117234
Hartlaubius auratus,32009,75,19.4390238963762
Hartlaubius auratus,32010,75,58.1245802735148
Hartlaubius auratus,32012,75,5.77360824797505
Hartlaubius auratus,32013,75,0.457520320277393
Hartlaubius auratus,32028,75,3.30296723872322
Hartlaubius auratus,32029,75,7.8888975294175
Hartlaubius auratus,32030,75,0.366907192294359
Hartlaubius auratus,32031,75,118.514859144707
Hartlaubius auratus,32032,75,29.8631327553117
Hartlaubius auratus,32033,75,17.1974791608272
Hartlaubius auratus,32034,75,0.365857744152904
Hartlaubius auratus,32035,75,147.565898089784
Hartlaubius auratus,31753,97,208.855460188826
Hartlaubius auratus,31965,97,65.9968218823523
Hartlaubius auratus,32019,97,28.1809853154598
Hartlaubius auratus,32020,97,66.1899405958974
Hartlaubius auratus,32021,97,0.820644420907617
Hartlaubius auratus,32022,97,1.73194615611291
Hartlaubius auratus,32024,97,83.2026980152344
Hartlaubius auratus,32025,97,11.844067606982
Hartlaubius auratus,32038,97,15.032588320411
Hartlaubius auratus,32039,97,7.74432683949936
Hartlaubius auratus,32040,97,0.273353686598182
Hartlaubius auratus,31909,98,0.3690976892097
Hartlaubius auratus,31934,98,26.6587824925889
Hartlaubius auratus,31936,98,16.2380797407103
Hartlaubius auratus,31918,99,151.055431051786
Hartlaubius auratus,31964,100,90.3937869662622
Hartlaubius auratus,32036,100,62.6106702145676
Hartlaubius auratus,32037,100,5.74979056634986
Hartlaubius auratus,15515,85,0.812480411258936
Hartlaubius auratus,31772,85,16.6994855698657
Hartlaubius auratus,31804,85,61.2124982058693
Hartlaubius auratus,31846,85,59.0116196877182
Hartlaubius auratus,32026,85,1.17365293457222
Hartlaubius auratus,32027,85,0.180557963597178
Hemicentetes semispinosus,20,3,43.4528749465152
Hemicentetes semispinosus,6,2,0.463781360735595
Hemicentetes semispinosus,7,2,0.64914825101471
Hemicentetes semispinosus,8,2,94.4064369549154
Hemicentetes semispinosus,14109,2,56.8711675529887
Hemicentetes semispinosus,2134,29,16.1104772354463
Hemicentetes semispinosus,14014,329,0.604549703200459
Hemicentetes semispinosus,14025,329,0.777178853789091
Hemicentetes semispinosus,14190,329,19.9515621485635
Hemicentetes semispinosus,14186,330,27.2715936270507
Hemicentetes semispinosus,14187,331,29.4123165165292
Hemicentetes semispinosus,14188,332,29.3885406549345
Hemicentetes semispinosus,14189,333,20.6592519148769
Hemicentetes semispinosus,14260,375,61.2124982058693
Hemicentetes semispinosus,5063,334,0.179958904524803
Hemicentetes semispinosus,5102,334,2.87876883525968
Hemicentetes semispinosus,5108,334,0.899620833965421
Hemicentetes semispinosus,5134,334,0.269868277515173
Hemicentetes semispinosus,14242,334,45.3586244343983
Hemicentetes semispinosus,14243,334,33.0953660842072
Hemicentetes semispinosus,14342,378,52.0931107730117
Hemicentetes semispinosus,14334,379,31.1097970257607
Hemicentetes semispinosus,14335,379,29.6010280215059
Hemicentetes semispinosus,14052,355,48.282664278709
Hemicentetes semispinosus,14212,356,113.437646918732
Hemicentetes semispinosus,10596,345,0.265972006814122
Hemicentetes semispinosus,14262,345,138.846313450127
Hemicentetes semispinosus,14328,345,9.04229392746901
Hemicentetes semispinosus,14372,391,68.6631767822923
Hemicentetes semispinosus,280,297,19.9337849990107
Hemicentetes semispinosus,14375,297,254.421082642661
Hemicentetes semispinosus,14377,297,0.645659265649438
Hemicentetes semispinosus,4120,335,0.812480411258936
Hemicentetes semispinosus,14228,335,16.6994855698657
Hemicentetes semispinosus,14440,335,1.17365293457222
Hemicentetes semispinosus,14441,335,0.180557963597178
Hemicentetes semispinosus,14302,376,59.0116196877182
Hemicentetes semispinosus,14213,382,208.855460188826
Hemicentetes semispinosus,14433,382,28.1809853154598
Hemicentetes semispinosus,14434,382,66.1899405958974
Hemicentetes semispinosus,14435,382,0.820644420907617
Hemicentetes semispinosus,14436,382,1.73194615611291
Hemicentetes semispinosus,14438,382,83.2026980152344
Hemicentetes semispinosus,14439,392,11.844067606982
Hemicentetes semispinosus,1413,383,0.643524707942724
Hemicentetes semispinosus,1446,383,0.459616383672059
Hemicentetes semispinosus,1455,383,0.183841973942041
Hemicentetes semispinosus,1461,383,0.643432019172192
Hemicentetes semispinosus,1464,383,0.275752651619673
Hemicentetes semispinosus,1478,383,0.367655302864194
Hemicentetes semispinosus,1484,383,1.56243208603442
Hemicentetes semispinosus,1485,383,0.275729722221732
Hemicentetes semispinosus,1491,383,0.275717098941624
Hemicentetes semispinosus,1498,383,0.275709061498523
Hemicentetes semispinosus,1502,383,0.459508593737543
Hemicentetes semispinosus,1504,383,0.45949710468936
Hemicentetes semispinosus,1505,383,1.1946710927344
Hemicentetes semispinosus,1514,383,0.183794934333146
Hemicentetes semispinosus,1517,383,53.6769175645747
Hemicentetes semispinosus,1518,383,3.21620605602419
Hemicentetes semispinosus,1519,383,0.551364106284499
Hemicentetes semispinosus,1527,383,1.10266377710551
Hemicentetes semispinosus,1528,383,0.183781132994473
Hemicentetes semispinosus,1529,383,0.367564567481756
Hemicentetes semispinosus,1532,383,0.183777680330753
Hemicentetes semispinosus,1537,383,0.551319225258708
Hemicentetes semispinosus,1539,383,0.183773075227499
Hemicentetes semispinosus,1544,383,1.10259928914046
Hemicentetes semispinosus,1546,383,2.02137478975803
Hemicentetes semispinosus,1547,383,0.826945434479237
Hemicentetes semispinosus,1550,383,0.643170052255213
Hemicentetes semispinosus,1551,383,0.183763859938979
Hemicentetes semispinosus,1554,383,0.183761555059075
Hemicentetes semispinosus,1555,383,1.65382056523675
Hemicentetes semispinosus,1580,383,0.826825480995119
Hemicentetes semispinosus,1582,383,0.459349671094894
Hemicentetes semispinosus,1591,383,0.367459639964223
Hemicentetes semispinosus,1599,383,0.183724619395971
Hemicentetes semispinosus,1600,383,0.275586929093957
Hemicentetes semispinosus,1607,383,1.46972063059181
Hemicentetes semispinosus,1608,383,0.275577679304183
Hemicentetes semispinosus,1655,383,0.367363554798603
Hemicentetes semispinosus,1715,383,365.68830251526
Hemicentetes semispinosus,1736,383,0.275443051051259
Hemicentetes semispinosus,3070,383,2609.35666769842
Hemicentetes semispinosus,14388,383,0.733449546446324
Hemicentetes semispinosus,14389,383,28.7773817194842
Hemicentetes semispinosus,14407,383,0.18402045498687
Hemicentetes semispinosus,14409,383,1103.96343099271
Hemicentetes semispinosus,14428,383,19.4390238963762
Hemicentetes semispinosus,14360,393,151.055431051786
Hemicentetes semispinosus,14390,394,234.708229999792
Hemicentetes semispinosus,14432,394,0.457520320277393
Hemicentetes semispinosus,14447,394,17.1974791608272
Hemicentetes semispinosus,14404,395,90.3937869662622
Hemicentetes semispinosus,14408,396,322.648436083532
Hemicentetes semispinosus,14410,397,0.3671433986426
Hemicentetes semispinosus,14411,397,4.95616607062131
Hemicentetes semispinosus,14412,397,19.8205211282898
Hemicentetes semispinosus,14413,397,0.367093046224117
Hemicentetes semispinosus,14420,397,1.37619193792719
Hemicentetes semispinosus,14425,398,59.2391267675772
Hemicentetes semispinosus,14429,399,58.1245802735148
Hemicentetes semispinosus,14431,399,5.77360824797505
Hemicentetes semispinosus,14445,400,118.514859144707
Hemicentetes semispinosus,14446,401,29.8631327553117
Hemicentetes semispinosus,14448,402,0.365857744152904
Hemicentetes semispinosus,14449,402,147.565898089784
Hemicentetes semispinosus,14351,384,0.3690976892097
Hemicentetes semispinosus,14374,384,26.6587824925889
Hemicentetes semispinosus,14376,384,16.2380797407103
Hemicentetes semispinosus,14405,387,65.9968218823523
Hemicentetes semispinosus,14453,387,7.74432683949936
Hemicentetes semispinosus,14454,387,0.273353686598182
Hemicentetes semispinosus,14450,403,62.6106702145676
Hemicentetes semispinosus,14452,404,15.032588320411
Hypositta corallirostris,2,1,56.8711675529887
Hypositta corallirostris,8667,40,29.4123165165292
Hypositta corallirostris,8694,40,27.2715936270507
Hypositta corallirostris,8696,40,29.3885406549345
Hypositta corallirostris,8697,40,20.6592519148769
Hypositta corallirostris,2303,56,2.87876883525968
Hypositta corallirostris,2306,56,0.899620833965421
Hypositta corallirostris,2337,56,0.269868277515173
Hypositta corallirostris,8751,56,45.3586244343983
Hypositta corallirostris,8752,56,33.0953660842072
Hypositta corallirostris,8851,58,52.0931107730117
Hypositta corallirostris,8609,49,48.282664278709
Hypositta corallirostris,8720,50,113.437646918732
Hypositta corallirostris,8843,54,31.1097970257607
Hypositta corallirostris,8844,54,29.6010280215059
Hypositta corallirostris,6532,48,0.62064821295929
Hypositta corallirostris,6537,48,0.265972006814122
Hypositta corallirostris,6548,48,0.709200345668078
Hypositta corallirostris,8771,48,138.846313450127
Hypositta corallirostris,8837,48,9.04229392746901
Hypositta corallirostris,8882,48,68.6631767822923
Hypositta corallirostris,17,2,19.9337849990107
Hypositta corallirostris,8885,2,254.421082642661
Hypositta corallirostris,8887,2,0.645659265649438
Hypositta corallirostris,8860,60,0.3690976892097
Hypositta corallirostris,8884,60,26.6587824925889
Hypositta corallirostris,8886,60,16.2380797407103
Hypositta corallirostris,1720,25,0.812480411258936
Hypositta corallirostris,8736,25,16.6994855698657
Hypositta corallirostris,8769,25,61.2124982058693
Hypositta corallirostris,8811,25,59.0116196877182
Hypositta corallirostris,8950,25,1.17365293457222
Hypositta corallirostris,412,59,0.643524707942724
Hypositta corallirostris,430,59,0.459616383672059
Hypositta corallirostris,435,59,0.643432019172192
Hypositta corallirostris,436,59,0.275752651619673
Hypositta corallirostris,445,59,0.367655302864194
Hypositta corallirostris,452,59,1.56243208603442
Hypositta corallirostris,453,59,0.275729722221732
Hypositta corallirostris,456,59,0.275717098941624
Hypositta corallirostris,460,59,0.275709061498523
Hypositta corallirostris,462,59,0.459508593737543
Hypositta corallirostris,465,59,0.45949710468936
Hypositta corallirostris,466,59,1.1946710927344
Hypositta corallirostris,470,59,53.6769175645747
Hypositta corallirostris,471,59,3.21620605602419
Hypositta corallirostris,472,59,0.551364106284499
Hypositta corallirostris,476,59,1.10266377710527
Hypositta corallirostris,479,59,0.367564567481756
Hypositta corallirostris,484,59,0.551319225258708
Hypositta corallirostris,487,59,1.10259928914046
Hypositta corallirostris,489,59,2.02137478975803
Hypositta corallirostris,490,59,0.826945434479237
Hypositta corallirostris,493,59,0.643170052255213
Hypositta corallirostris,495,59,1.65382056523675
Hypositta corallirostris,514,59,0.826825480995119
Hypositta corallirostris,517,59,0.459349671094894
Hypositta corallirostris,522,59,0.367459639964223
Hypositta corallirostris,527,59,0.275586929093957
Hypositta corallirostris,529,59,1.46972063059181
Hypositta corallirostris,530,59,0.275577679304183
Hypositta corallirostris,560,59,0.367363554798603
Hypositta corallirostris,603,59,366.147778927468
Hypositta corallirostris,616,59,0.275443051051259
Hypositta corallirostris,806,59,0.733449546446562
Hypositta corallirostris,919,59,1.37162994920188
Hypositta corallirostris,1284,59,2609.35666769842
Hypositta corallirostris,8898,59,28.7773817194842
Hypositta corallirostris,8899,59,234.708229999792
Hypositta corallirostris,8915,59,19.5821926010261
Hypositta corallirostris,8918,59,322.648436083532
Hypositta corallirostris,8919,59,1103.96343099271
Hypositta corallirostris,8920,59,0.3671433986426
Hypositta corallirostris,8921,59,4.95616607062131
Hypositta corallirostris,8922,59,19.8205211282898
Hypositta corallirostris,8923,59,0.367093046224117
Hypositta corallirostris,8926,59,0.367054338001192
Hypositta corallirostris,8927,59,0.642337166595399
Hypositta corallirostris,8928,59,7.43174190611184
Hypositta corallirostris,8929,59,3.11954769088572
Hypositta corallirostris,8930,59,1.37619193792719
Hypositta corallirostris,8934,59,1.19252978562158
Hypositta corallirostris,8935,59,59.2391267675772
Hypositta corallirostris,8936,59,0.550263871117234
Hypositta corallirostris,8938,59,19.4390238963762
Hypositta corallirostris,8939,59,58.1245802735148
Hypositta corallirostris,8941,59,5.77360824797505
Hypositta corallirostris,8942,59,0.457520320277393
Hypositta corallirostris,8951,59,3.30296723872322
Hypositta corallirostris,8952,59,7.8888975294175
Hypositta corallirostris,8953,59,0.366907192294359
Hypositta corallirostris,8954,59,17.1974791608272
Hypositta corallirostris,8955,59,0.365857744152904
Hypositta corallirostris,8956,59,122.698098120143
Hypositta corallirostris,8721,61,208.855460188826
Hypositta corallirostris,8914,61,65.9968218823523
Hypositta corallirostris,8943,61,28.1809853154598
Hypositta corallirostris,8944,61,66.1899405958974
Hypositta corallirostris,8945,61,0.820644420907617
Hypositta corallirostris,8946,61,1.73194615611291
Hypositta corallirostris,8948,61,83.2026980152344
Hypositta corallirostris,8949,61,11.844067606982
Hypositta corallirostris,8959,61,15.032588320411
Hypositta corallirostris,8960,61,7.74432683949936
Hypositta corallirostris,8961,61,0.273353686598182
Hypositta corallirostris,8869,62,118.514859144707
Hypositta corallirostris,8871,63,129.19912881279
Hypositta corallirostris,8913,64,90.3937869662622
Hypositta corallirostris,8957,64,62.6106702145676
Hypositta corallirostris,8958,64,5.74979056634986
Indri indri,1,1,103.775520140199
Indri indri,2530,1,56.8711675529887
Indri indri,2675,51,61.2124982058693
Indri indri,936,38,2.87876883525968
Indri indri,2673,38,45.3586244343983
Indri indri,2674,38,33.0953660842072
Indri indri,2724,53,31.1097970257607
Indri indri,2725,53,29.6010280215059
Indri indri,2606,40,113.437646918732
Indri indri,2677,49,138.846313450127
Indri indri,2750,49,68.6631767822923
Indri indri,22,4,19.9337849990107
Indri indri,2753,4,254.421082642661
Indri indri,173,30,2.11438066261417
Indri indri,208,30,1.65325307838088
Indri indri,221,30,312.128482753848
Indri indri,2645,50,16.6994855698657
Indri indri,2710,50,59.0116196877182
Indri indri,2818,50,1.17365293457222
Indri indri,471,54,2576.90250934819
Indri indri,2767,54,28.7773817194842
Indri indri,2787,54,1103.96343099271
Indri indri,2806,54,19.4390238963762
Indri indri,2630,55,208.855460188826
Indri indri,2811,55,28.1809853154598
Indri indri,2812,55,66.1899405958974
Indri indri,2814,55,1.73194615611291
Indri indri,2816,55,83.2026980152344
Indri indri,2738,56,151.055431051786
Indri indri,2768,57,234.708229999792
Indri indri,2824,57,17.1974791608272
Indri indri,2826,57,147.565898089784
Indri indri,2782,58,90.3937869662622
Indri indri,2783,59,65.9968218823523
Indri indri,2830,59,7.74432683949936
Indri indri,2786,60,322.648436083532
Indri indri,2789,60,4.95616607062131
Indri indri,2790,60,19.8205211282898
Indri indri,2797,60,3.11954769088572
Indri indri,2798,60,1.37619193792719
Indri indri,2819,60,3.30296723872322
Indri indri,2803,61,59.2391267675772
Indri indri,2807,62,58.1245802735148
Indri indri,2809,62,5.77360824797505
Indri indri,2822,63,118.514859144707
Indri indri,2827,64,62.6106702145676
Lemur catta,166,442,0.184524029507697
Lemur catta,167,442,13.1011248301817
Lemur catta,168,442,0.0922603943370581
Lemur catta,713,394,0.0919324277412295
Lemur catta,714,394,6.25106651415205
Lemur catta,602,16,0.183948013583839
Lemur catta,603,16,0.367894891669035
Lemur catta,604,16,12.874966528949
Lemur catta,11523,149,68.4073900828574
Lemur catta,15934,459,44.4928427752445
Lemur catta,15949,464,112.468627701651
Lemur catta,15989,470,36.3826787541578
Lemur catta,15950,472,14.876475508235
Lemur catta,15160,466,0.777178853789091
Lemur catta,15463,466,19.9515621485635
Lemur catta,15974,466,0.604549703200817
Lemur catta,15316,467,20.6592519148769
Lemur catta,418,14,13.5284510739095
Lemur catta,16006,14,1.47231811580735
Lemur catta,860,412,0.275690677073717
Lemur catta,879,412,1.10266377710527
Lemur catta,880,412,1.28645181352198
Lemur catta,887,412,0.183781132994473
Lemur catta,907,412,9.73881683760441
Lemur catta,913,412,2.02137478975803
Lemur catta,914,412,0.826945434479237
Lemur catta,951,412,0.826825480994821
Lemur catta,981,412,0.459349671094894
Lemur catta,999,412,0.367459639964223
Lemur catta,1008,412,0.183724619395971
Lemur catta,1009,412,0.275586929093957
Lemur catta,1018,412,1.46972063059181
Lemur catta,1019,412,0.275577679304183
Lemur catta,1042,412,0.18370726844722
Lemur catta,1084,412,0.0918437876845598
Lemur catta,1091,412,0.367363554798603
Lemur catta,1149,412,0.642796241695881
Lemur catta,1185,412,40.037818363524
Lemur catta,1231,412,0.275443051051259
Lemur catta,13551,444,46.5723968884147
Lemur catta,14580,461,151.58511224908
Lemur catta,16001,461,9.98819568180025
Lemur catta,130,473,18.7342282877168
Lemur catta,273,366,64.4668550776845
Lemur catta,294,366,0.828846753884017
Lemur catta,295,366,5.15725681965875
Lemur catta,316,366,62.6248166029809
Lemur catta,331,366,21.7270555164749
Lemur catta,2025,452,33.8666662566687
Lemur catta,2044,452,0.3660581814937
Lemur catta,2052,452,0.366043563450038
Lemur catta,11507,299,42.4890235274736
Lemur catta,696,415,0.643524707942724
Lemur catta,737,415,0.459616383672059
Lemur catta,755,415,15.3519037113669
Lemur catta,756,415,0.183841973942041
Lemur catta,763,415,0.643432019172192
Lemur catta,767,415,0.275752651619673
Lemur catta,784,415,0.367655302864194
Lemur catta,802,415,1.56243208603442
Lemur catta,803,415,0.275729722221732
Lemur catta,815,415,0.275717098941624
Lemur catta,826,415,0.275709061498523
Lemur catta,833,415,0.459508593737543
Lemur catta,846,415,0.643297785346329
Lemur catta,847,415,0.45949710468936
Lemur catta,848,415,1.1946710927344
Lemur catta,861,415,0.183794934333146
Lemur catta,868,415,53.6769175645747
Lemur catta,872,415,3.21620605602419
Lemur catta,873,415,0.551364106284499
Lemur catta,881,415,18.5674680987519
Lemur catta,888,415,0.367564567481756
Lemur catta,897,415,0.183777680330753
Lemur catta,900,415,0.551319225258708
Lemur catta,903,415,0.183773075227499
Lemur catta,908,415,1.10259928914046
Lemur catta,920,415,0.643170052255213
Lemur catta,926,415,0.183763859938979
Lemur catta,934,415,0.183761555059075
Lemur catta,935,415,1.65382056523675
Lemur catta,960,415,7.90020332777613
Lemur catta,965,415,18.468422871011
Lemur catta,976,415,0.18374310077405
Lemur catta,1011,415,19.8389417544858
Lemur catta,1269,20,24.6020278093903
Lemur catta,2799,448,0.820644420907855
Lemur catta,16030,448,25.9731546361337
Lemur catta,16039,448,66.1899405958974
Lemur catta,16043,448,1.73194615611291
Lemur catta,16044,448,0.0911550613903999
Lemur catta,12044,476,6.13304144533789
Lemur catta,15986,481,16.8362046284112
Lemur catta,15987,481,7.1876479107902
Lemur catta,16028,481,5.43494208523166
Lemur catta,16040,481,1.57807103533185
Lemur catta,16041,481,0.0876650565292835
Lemur catta,16042,481,0.0876633013445139
Lemur catta,16011,485,180.120184813256
Lepidopygia nana,44130,299,42.3362076362427
Lepidopygia nana,44289,301,19.3775430370849
Lepidopygia nana,44290,308,76.4803060961314
Lepidopygia nana,39797,121,112.468627701651
Lepidopygia nana,44703,323,44.4928427752445
Lepidopygia nana,42646,327,45.9543252508428
Lepidopygia nana,656,297,0.370271373195231
Lepidopygia nana,658,297,0.462834125284791
Lepidopygia nana,662,297,43.0377824654073
Lepidopygia nana,663,297,0.18513059458977
Lepidopygia nana,695,297,1.48074673073471
Lepidopygia nana,701,297,1.66577102635694
Lepidopygia nana,708,297,0.277623898765862
Lepidopygia nana,715,297,0.277610584835947
Lepidopygia nana,770,297,1.38815019469857
Lepidopygia nana,44970,297,0.185083622752249
Lepidopygia nana,305,325,0.463597745714188
Lepidopygia nana,411,325,43.2038186617044
Lepidopygia nana,192,97,0.55664420881176
Lepidopygia nana,200,97,0.371099061261296
Lepidopygia nana,202,97,0.556625695955813
Lepidopygia nana,212,97,0.185535398295105
Lepidopygia nana,219,97,0.463806772104442
Lepidopygia nana,227,97,0.27827526928854
Lepidopygia nana,229,97,0.463781360735595
Lepidopygia nana,247,97,0.278243954662919
Lepidopygia nana,261,97,0.185478644791543
Lepidopygia nana,264,97,0.27820176096195
Lepidopygia nana,277,97,0.18546587502265
Lepidopygia nana,289,97,0.18545505566138
Lepidopygia nana,290,97,6.49089737985945
Lepidopygia nana,306,97,0.185438309593201
Lepidopygia nana,315,97,130.021860527528
Lepidopygia nana,318,97,0.185425482894003
Lepidopygia nana,324,97,8.4370977335708
Lepidopygia nana,42518,97,0.185474717534363
Lepidopygia nana,44050,97,0.64914825101459
Lepidopygia nana,44969,97,56.8711675529887
Lepidopygia nana,22315,218,38.2051651932399
Lepidopygia nana,43622,218,3.34846321159315
Lepidopygia nana,43623,218,0.723997986286044
Lepidopygia nana,43625,218,0.361958205401659
Lepidopygia nana,45149,218,0.452763459861636
Lepidopygia nana,44832,313,13.3829553466861
Lepidopygia nana,44834,313,6.06907414019537
Lepidopygia nana,45123,313,2.02272765648687
Lepidopygia nana,42167,335,0.777178853789091
Lepidopygia nana,45015,335,0.604549703200817
Lepidopygia nana,45225,335,27.2715936270507
Lepidopygia nana,45226,335,29.4123165165292
Lepidopygia nana,45227,335,29.3885406549345
Lepidopygia nana,45228,335,20.6592519148769
Lepidopygia nana,45229,335,19.9515621485635
Lepidopygia nana,45249,338,78.5054384879867
Lepidopygia nana,24732,295,36.331879859746
Lepidopygia nana,43088,295,0.449603298739195
Lepidopygia nana,43089,295,0.359686745625734
Lepidopygia nana,45151,295,0.449634089967847
Lepidopygia nana,45248,295,6.47518067736232
Lepidopygia nana,44671,318,15.479861985826
Lepidopygia nana,44754,318,46.5723968884147
Lepidopygia nana,38955,202,76.4973862589936
Lepidopygia nana,44748,202,19.4493472260612
Lepidopygia nana,44750,202,0.176716549232245
Lepidopygia nana,44751,202,7.50890607225883
Lepidopygia nana,44826,202,26.8667837100745
Lepidopygia nana,44827,202,0.795282153396249
Lepidopygia nana,44830,202,18.6823267181581
Lepidopygia nana,44861,202,2.12150208466887
Lepidopygia nana,44862,202,0.265184216719389
Lepidopygia nana,45119,202,9.52154744787466
Lepidopygia nana,45122,202,4.31856011909986
Lepidopygia nana,45276,202,16.438410019937
Lepidopygia nana,45277,202,2.03225787389851
Lepidopygia nana,27174,162,52.2268727901955
Lepidopygia nana,45467,162,39.1360013945309
Lepidopygia nana,7646,217,19.2038282113973
Lepidopygia nana,43966,217,16.3740665150672
Lepidopygia nana,40403,277,153.784858758273
Lepidopygia nana,40972,277,1.82724169255567
Lepidopygia nana,41746,277,229.537656955855
Lepidopygia nana,43542,277,10.2080852577503
Lepidopygia nana,43544,277,0.34735036917901
Lepidopygia nana,44000,277,0.260165493234396
Lepidopygia nana,44001,277,12.0483039035159
Lepidopygia nana,44002,277,1.64654338445532
Lepidopygia nana,45284,277,5.23129722183871
Lepidopygia nana,24123,358,0.899620833965421
Lepidopygia nana,24197,358,0.269868277515173
Lepidopygia nana,43933,358,0.179958904524803
Lepidopygia nana,43934,358,2.87876883525717
Lepidopygia nana,45375,358,45.3586244343983
Lepidopygia nana,45376,358,33.0953660842072
Lepidopygia nana,45512,361,52.0931107730117
Lepidopygia nana,45011,302,64.9869920614074
Lepidopygia nana,44321,337,137.443018218653
Lepidopygia nana,42328,349,48.282664278709
Lepidopygia nana,45318,350,113.437646918732
Lepidopygia nana,45474,356,31.1097970257607
Lepidopygia nana,45475,356,29.6010280215059
Lepidopygia nana,28099,257,3.3134309653126
Lepidopygia nana,31282,257,468.355482097602
Lepidopygia nana,43131,257,58.0431777097617
Lepidopygia nana,44705,257,21.5096479841157
Lepidopygia nana,44706,257,90.1463766941008
Lepidopygia nana,44773,257,3.75955498127008
Lepidopygia nana,45217,257,17.1081231937802
Lepidopygia nana,45302,257,43.0398890354153
Lepidopygia nana,45497,257,27.5139015001006
Lepidopygia nana,43515,273,64.7813755391271
Lepidopygia nana,44935,273,1.73570699889708
Lepidopygia nana,44753,312,42.5768022336077
Lepidopygia nana,34862,342,0.620648212959528
Lepidopygia nana,34889,342,0.265972006814122
Lepidopygia nana,34921,342,0.709200345668078
Lepidopygia nana,34952,342,0.177290677110672
Lepidopygia nana,45395,342,139.201165790879
Lepidopygia nana,45396,342,0.177275942426443
Lepidopygia nana,45397,342,0.177274304782152
Lepidopygia nana,45461,342,9.04229392746901
Lepidopygia nana,45546,342,68.6631767822923
Lepidopygia nana,1700,203,19.9337849990107
Lepidopygia nana,45555,203,254.421082642661
Lepidopygia nana,45557,203,0.645659265649438
Lepidopygia nana,45523,367,0.3690976892097
Lepidopygia nana,45554,367,26.6587824925889
Lepidopygia nana,45556,367,16.2380797407103
Lepidopygia nana,21056,291,0.812480411258936
Lepidopygia nana,45350,291,16.6994855698657
Lepidopygia nana,45393,291,61.2124982058693
Lepidopygia nana,45435,291,59.0116196877182
Lepidopygia nana,45635,291,1.17365293457222
Lepidopygia nana,45636,291,0.180557963597178
Lepidopygia nana,8006,363,5.85033975470352
Lepidopygia nana,8025,363,24.6792146248873
Lepidopygia nana,8087,363,1.0054375043211
Lepidopygia nana,8096,363,2.83342021114933
Lepidopygia nana,8108,363,0.182805694629431
Lepidopygia nana,8132,363,2.37624750380063
Lepidopygia nana,8147,363,1.00536820483017
Lepidopygia nana,8159,363,0.274192454328179
Lepidopygia nana,8204,363,0.182784649551272
Lepidopygia nana,8242,363,0.182778454094648
Lepidopygia nana,8260,363,7.67678403816092
Lepidopygia nana,8294,363,8.86332816260099
Lepidopygia nana,8512,363,0.274089461484194
Lepidopygia nana,9823,363,2.0072273404777
Lepidopygia nana,9875,363,0.364942030489326
Lepidopygia nana,13675,363,332.382020853097
Lepidopygia nana,44086,363,7.03434427333379
Lepidopygia nana,44088,363,4.567756926453
Lepidopygia nana,44507,363,16.905341212997
Lepidopygia nana,44891,363,1.55373825480127
Lepidopygia nana,45020,363,10.0499887125863
Lepidopygia nana,45088,363,0.456175956650376
Lepidopygia nana,45303,363,36.7996040886711
Lepidopygia nana,45518,363,100.812835919068
Lepidopygia nana,45547,363,61.7068263077051
Lepidopygia nana,45588,363,0.365072069038987
Lepidopygia nana,45589,363,1.82525826522207
Lepidopygia nana,45620,363,0.822074067883492
Lepidopygia nana,45621,363,5.11777562952042
Lepidopygia nana,45624,363,0.182767295484543
Lepidopygia nana,3806,364,0.459616383672059
Lepidopygia nana,3828,364,0.183841973942041
Lepidopygia nana,3840,364,0.643432019172192
Lepidopygia nana,3848,364,0.275752651619673
Lepidopygia nana,3877,364,0.367655302864194
Lepidopygia nana,3905,364,1.56243208603442
Lepidopygia nana,3906,364,0.275729722221732
Lepidopygia nana,3934,364,0.275717098941624
Lepidopygia nana,3953,364,0.275709061498523
Lepidopygia nana,3961,364,0.459508593737841
Lepidopygia nana,3973,364,0.45949710468936
Lepidopygia nana,3974,364,1.1946710927344
Lepidopygia nana,3991,364,0.183794934333146
Lepidopygia nana,4007,364,3.21620605602294
Lepidopygia nana,4008,364,0.551364106284499
Lepidopygia nana,4022,364,1.10266377710527
Lepidopygia nana,4037,364,0.183781132994473
Lepidopygia nana,4038,364,0.367564567481756
Lepidopygia nana,4054,364,0.183777680330634
Lepidopygia nana,4062,364,0.551319225258708
Lepidopygia nana,4070,364,0.183773075227499
Lepidopygia nana,4078,364,1.10259928914046
Lepidopygia nana,4085,364,2.02137478975803
Lepidopygia nana,4086,364,0.826945434479237
Lepidopygia nana,4095,364,0.643170052255213
Lepidopygia nana,4105,364,0.183763859938979
Lepidopygia nana,4114,364,0.183761555059075
Lepidopygia nana,4115,364,1.65382056523675
Lepidopygia nana,4160,364,0.826825480994821
Lepidopygia nana,4206,364,0.459349671094894
Lepidopygia nana,4242,364,0.367459639964223
Lepidopygia nana,4269,364,0.183724619395971
Lepidopygia nana,4270,364,0.275586929093957
Lepidopygia nana,4280,364,1.46972063059181
Lepidopygia nana,4281,364,0.275577679304183
Lepidopygia nana,4444,364,0.367363554798603
Lepidopygia nana,4625,364,366.239631982932
Lepidopygia nana,4675,364,0.275443051051259
Lepidopygia nana,14804,364,2611.56503320857
Lepidopygia nana,44268,364,53.6769175645747
Lepidopygia nana,44269,364,0.643524707942724
Lepidopygia nana,45057,364,86.9343049463478
Lepidopygia nana,45062,364,2.57736175300068
Lepidopygia nana,45064,364,2.20879511307001
Lepidopygia nana,45334,364,1.10433682509226
Lepidopygia nana,45568,364,0.733449546446324
Lepidopygia nana,45569,364,28.7773817194842
Lepidopygia nana,45570,364,235.440162164184
Lepidopygia nana,45586,364,19.5821926010261
Lepidopygia nana,45594,364,0.18402045498687
Lepidopygia nana,45595,364,322.740230993205
Lepidopygia nana,45596,364,1104.14660628995
Lepidopygia nana,45597,364,0.3671433986426
Lepidopygia nana,45598,364,4.95616607062131
Lepidopygia nana,45599,364,19.8205211282898
Lepidopygia nana,45600,364,0.367093046224117
Lepidopygia nana,45603,364,0.367054338001192
Lepidopygia nana,45604,364,0.642337166595399
Lepidopygia nana,45606,364,3.11954769088572
Lepidopygia nana,45607,364,1.37619193792719
Lepidopygia nana,45612,364,59.3308393847932
Lepidopygia nana,45613,364,0.550263871117234
Lepidopygia nana,45615,364,19.4390238963762
Lepidopygia nana,45616,364,58.1245802735148
Lepidopygia nana,45618,364,5.77360824797505
Lepidopygia nana,45619,364,0.457520320277393
Lepidopygia nana,45637,364,3.30296723872322
Lepidopygia nana,45638,364,7.8888975294175
Lepidopygia nana,45639,364,0.366907192294359
Lepidopygia nana,45642,364,17.1974791608272
Lepidopygia nana,45643,364,0.365857744152904
Lepidopygia nana,45644,364,147.748782739298
Lepidopygia nana,45335,368,208.855460188826
Lepidopygia nana,45585,368,65.9968218823523
Lepidopygia nana,45628,368,28.1809853154598
Lepidopygia nana,45629,368,66.1899405958974
Lepidopygia nana,45630,368,0.820644420907617
Lepidopygia nana,45631,368,1.73194615611291
Lepidopygia nana,45633,368,83.2026980152344
Lepidopygia nana,45634,368,11.844067606982
Lepidopygia nana,45647,368,15.032588320411
Lepidopygia nana,45648,368,7.74432683949936
Lepidopygia nana,45649,368,0.273353686598182
Lepidopygia nana,45532,369,151.055431051786
Lepidopygia nana,45584,370,90.3937869662622
Lepidopygia nana,45645,370,62.6106702145676
Lepidopygia nana,45646,370,5.74979056634986
Lepidopygia nana,45605,371,7.43174190611184
Lepidopygia nana,45611,371,1.19252978562158
Lepidopygia nana,45640,372,118.514859144707
Lepidopygia nana,45641,372,29.8631327553117
Lepidopygia nana,45117,366,16.8362046284112
Lepidopygia nana,45118,366,4.1197115746795
Lepidopygia nana,45625,366,1.57807103533185
Lepilemur edwardsi,1152,152,19.2038282113973
Lepilemur edwardsi,1046,149,16.3740665150672
Lepilemur edwardsi,3433,158,64.9869920614074
Lepilemur edwardsi,3280,56,38.5064169900915
Lepilemur edwardsi,3284,140,33.1691494210177
Lepilemur edwardsi,1255,148,5.85033975470352
Lepilemur edwardsi,1260,148,24.6792146248873
Lepilemur edwardsi,1273,148,2.83342021114933
Lepilemur edwardsi,1275,148,0.182805694629431
Lepilemur edwardsi,1283,148,1.00536820483017
Lepilemur edwardsi,1287,148,0.274192454328179
Lepilemur edwardsi,3428,148,1.55373825480127
Lepilemur edwardsi,1272,159,1.0054375043211
Lepilemur edwardsi,1284,159,2.37624750380063
Lepilemur edwardsi,1292,159,0.182784649551272
Lepilemur edwardsi,1299,159,0.182778454094648
Lepilemur edwardsi,1301,159,7.67678403816092
Lepilemur edwardsi,1332,159,8.49783825707888
Lepilemur edwardsi,1359,159,0.274089461484194
Lepilemur edwardsi,1369,159,9.5018882179122
Lepilemur edwardsi,1370,159,4.567756926453
Lepilemur edwardsi,3434,159,0.456749789226413
Lepilemur edwardsi,1252,155,7.03434427333379
Lepilemur edwardsi,3468,155,0.822074067883492
Lepilemur edwardsi,3306,160,16.631194611291
Lepilemur edwardsi,3475,160,5.11777562952042
Lepilemur edwardsi,3478,160,0.182767295484543
Lepilemur edwardsi,1771,156,330.648057244708
Lepilemur edwardsi,1778,156,2.0072273404777
Lepilemur edwardsi,1785,156,0.364942030489683
Lepilemur edwardsi,3464,156,0.456175956650376
Lepilemur edwardsi,3465,156,36.1603726523629
Lepilemur edwardsi,3466,156,100.812835919068
Lepilemur edwardsi,3467,156,61.2504145189477
Lepilemur edwardsi,3471,156,1.82525826522207
Lepilemur leucopus,1339,37,68.4073900828574
Lepilemur leucopus,3283,149,31.0182859874093
Lepilemur leucopus,3341,167,112.468627701651
Lepilemur leucopus,3349,169,14.876475508235
Lepilemur leucopus,3355,168,36.3826787541578
Lepilemur leucopus,1752,163,46.5723968884147
Lepilemur leucopus,2604,155,151.58511224908
Lepilemur leucopus,3279,155,45.1360753508905
Lepilemur leucopus,3360,155,9.98819568180025
Lepilemur leucopus,492,110,111.833847262936
Lepilemur leucopus,3,124,2.59390059166253
Lepilemur leucopus,73,124,199.022714022459
Lepilemur leucopus,3351,170,10.0035258189596
Lepilemur leucopus,1334,36,16.8362046284112
Lepilemur leucopus,3353,36,7.1876479107902
Lepilemur leucopus,3380,36,5.43494208523166
Lepilemur leucopus,3381,36,1.57807103533185
Lepilemur microdon,60,8,19.6108810678481
Lepilemur microdon,48,7,2.48649016338259
Lepilemur microdon,49,7,5.15725681965875
Lepilemur microdon,50,7,114.283875533425
Lepilemur microdon,56,7,35.5452614317083
Lepilemur microdon,73,7,1.47231811580676
Lepilemur microdon,74,7,131.42668452409
Lepilemur microdon,76,7,23.2776854783
Lepilemur microdon,853,7,21.7270555164749
Lepilemur microdon,78,9,22.0769148552077
Lepilemur microdon,79,9,0.367897162454665
Lepilemur microdon,80,9,62.2582651923044
Lepilemur microdon,93,9,0.643524707942724
Lepilemur microdon,95,9,0.459616383672059
Lepilemur microdon,96,9,173.861491117082
Lepilemur microdon,97,9,15.3519037113669
Lepilemur microdon,98,9,0.643432019172192
Lepilemur microdon,99,9,0.367655302864194
Lepilemur microdon,100,9,1.56243208603442
Lepilemur microdon,101,9,0.459508593737543
Lepilemur microdon,102,9,0.643297785346329
Lepilemur microdon,103,9,0.45949710468936
Lepilemur microdon,104,9,1.1946710927344
Lepilemur microdon,105,9,53.6769175645747
Lepilemur microdon,106,9,3.21620605602419
Lepilemur microdon,107,9,0.551364106284499
Lepilemur microdon,108,9,0.367564567481756
Lepilemur microdon,109,9,0.551319225258708
Lepilemur microdon,110,9,1.10259928914046
Lepilemur microdon,111,9,0.643170052255213
Lepilemur microdon,112,9,1.65382056523675
Lepilemur microdon,114,9,7.90020332777613
Lepilemur microdon,117,9,19.8389417544819
Lepilemur microdon,854,44,29.8631255431825
Lepilemur microdon,123,11,21.6030064475268
Lepilemur microdon,286,43,113.259438465062
Lepilemur microdon,527,22,37.3800479530444
Lepilemur microdon,180,13,1.73194615611291
Lepilemur microdon,181,13,8.02199676955664
Lepilemur microdon,183,13,25.9731546361337
Lepilemur microdon,855,13,0.546982757948041
Lepilemur mustelinus,15066,190,68.4073900828574
Lepilemur mustelinus,8618,591,26.1882757536098
Lepilemur mustelinus,9264,124,42.7215934479485
Lepilemur mustelinus,18049,124,3.75955498127008
Lepilemur mustelinus,18055,596,44.4928427752445
Lepilemur mustelinus,59,3,25.2178087537469
Lepilemur mustelinus,133,7,0.370271373195231
Lepilemur mustelinus,135,7,0.462834125284791
Lepilemur mustelinus,138,7,18.9744048029395
Lepilemur mustelinus,139,7,0.18513059458977
Lepilemur mustelinus,147,7,1.48074673073471
Lepilemur mustelinus,148,7,1.48068535666716
Lepilemur mustelinus,150,7,0.277623898765862
Lepilemur mustelinus,159,7,1.38815019469857
Lepilemur mustelinus,18144,7,0.185083622752249
Lepilemur mustelinus,67,391,21.0334598369182
Lepilemur mustelinus,8,1,0.55664420881176
Lepilemur mustelinus,9,1,0.371099061261296
Lepilemur mustelinus,11,1,0.556625695955515
Lepilemur mustelinus,12,1,0.185535398295105
Lepilemur mustelinus,14,1,0.463806772104681
Lepilemur mustelinus,17,1,0.27827526928854
Lepilemur mustelinus,18,1,0.463781360735595
Lepilemur mustelinus,28,1,0.64914825101471
Lepilemur mustelinus,32,1,103.775520140199
Lepilemur mustelinus,18143,1,56.8711675529887
Lepilemur mustelinus,1965,608,53.6385749434331
Lepilemur mustelinus,18123,618,14.876475508235
Lepilemur mustelinus,9523,123,88.5345907866701
Lepilemur mustelinus,9751,123,82.79071857814
Lepilemur mustelinus,18233,619,16.5405274979586
Lepilemur mustelinus,17313,623,0.777178853789091
Lepilemur mustelinus,18180,623,0.604549703200817
Lepilemur mustelinus,18333,623,19.9515621485635
Lepilemur mustelinus,18329,624,27.2715936270507
Lepilemur mustelinus,18330,625,29.4123165165292
Lepilemur mustelinus,18331,626,29.3885406549345
Lepilemur mustelinus,18332,627,20.6592519148769
Lepilemur mustelinus,6792,88,78.5054384879867
Lepilemur mustelinus,7167,102,0.449603298739433
Lepilemur mustelinus,7168,102,0.359686745625973
Lepilemur mustelinus,7245,102,36.331879859746
Lepilemur mustelinus,18318,102,0.449634089967847
Lepilemur mustelinus,18340,102,6.47518067736232
Lepilemur mustelinus,8702,119,43.0398890354153
Lepilemur mustelinus,9003,122,13.8841261984153
Lepilemur mustelinus,17159,217,126.739910429524
Lepilemur mustelinus,18408,671,61.2124982058693
Lepilemur mustelinus,7421,107,52.2268727901955
Lepilemur mustelinus,18339,628,18.7159821588671
Lepilemur mustelinus,6901,631,0.179958904524803
Lepilemur mustelinus,6960,631,2.87876883525968
Lepilemur mustelinus,6966,631,0.899620833965421
Lepilemur mustelinus,7000,631,0.269868277515173
Lepilemur mustelinus,18390,631,45.3586244343983
Lepilemur mustelinus,18391,631,33.0953660842072
Lepilemur mustelinus,18490,674,52.0931107730117
Lepilemur mustelinus,18472,675,31.1097970257607
Lepilemur mustelinus,18473,675,29.6010280215059
Lepilemur mustelinus,2436,46,140.739427247643
Lepilemur mustelinus,2493,46,0.364940765320778
Lepilemur mustelinus,11992,139,41.9135681366223
Lepilemur mustelinus,18324,139,17.6953107763127
Lepilemur mustelinus,18351,139,26.0622159711288
Lepilemur mustelinus,10644,453,104.893708448805
Lepilemur mustelinus,16464,651,48.282664278709
Lepilemur mustelinus,18359,652,113.437646918732
Lepilemur mustelinus,8736,592,16.3121433096236
Lepilemur mustelinus,18410,654,138.846313450127
Lepilemur mustelinus,18521,687,68.6631767822923
Lepilemur mustelinus,1519,29,28.4508000136163
Lepilemur mustelinus,412,291,19.9337849990107
Lepilemur mustelinus,18524,291,254.421082642661
Lepilemur mustelinus,18526,291,0.645659265649438
Lepilemur mustelinus,18052,597,7.1876479107902
Lepilemur mustelinus,18482,597,5.43494208523166
Lepilemur mustelinus,2445,605,0.365034251434088
Lepilemur mustelinus,18175,605,30.9416330095792
Lepilemur mustelinus,18228,605,29.1295754598171
Lepilemur mustelinus,18229,605,27.8442933033056
Lepilemur mustelinus,18558,605,3.2854141933409
Lepilemur mustelinus,18581,605,1.82525826522207
Lepilemur mustelinus,5640,633,0.812480411258936
Lepilemur mustelinus,18375,633,16.6994855698657
Lepilemur mustelinus,18378,633,0.180557963597178
Lepilemur mustelinus,18573,633,1.17365293457222
Lepilemur mustelinus,18447,672,59.0116196877182
Lepilemur mustelinus,18360,678,208.855460188826
Lepilemur mustelinus,18566,678,28.1809853154598
Lepilemur mustelinus,18567,678,66.1899405958974
Lepilemur mustelinus,18568,678,0.820644420907617
Lepilemur mustelinus,18569,678,1.73194615611291
Lepilemur mustelinus,18571,678,83.2026980152344
Lepilemur mustelinus,18572,688,11.844067606982
Lepilemur mustelinus,1212,679,0.643524707942724
Lepilemur mustelinus,1238,679,0.459616383672059
Lepilemur mustelinus,1243,679,0.183841973942041
Lepilemur mustelinus,1248,679,0.643432019172192
Lepilemur mustelinus,1251,679,0.275752651619673
Lepilemur mustelinus,1258,679,0.367655302864194
Lepilemur mustelinus,1263,679,1.56243208603442
Lepilemur mustelinus,1264,679,0.275729722221732
Lepilemur mustelinus,1273,679,0.275717098941624
Lepilemur mustelinus,1278,679,0.275709061498523
Lepilemur mustelinus,1280,679,0.459508593737543
Lepilemur mustelinus,1281,679,0.45949710468936
Lepilemur mustelinus,1282,679,1.1946710927344
Lepilemur mustelinus,1290,679,0.183794934333146
Lepilemur mustelinus,1293,679,53.6769175645747
Lepilemur mustelinus,1294,679,3.21620605602419
Lepilemur mustelinus,1295,679,0.551364106284499
Lepilemur mustelinus,1301,679,1.10266377710551
Lepilemur mustelinus,1302,679,0.183781132994473
Lepilemur mustelinus,1303,679,0.367564567481756
Lepilemur mustelinus,1307,679,0.183777680330753
Lepilemur mustelinus,1309,679,0.551319225258708
Lepilemur mustelinus,1311,679,0.183773075227499
Lepilemur mustelinus,1315,679,1.10259928914046
Lepilemur mustelinus,1316,679,2.02137478975803
Lepilemur mustelinus,1317,679,0.826945434479237
Lepilemur mustelinus,1319,679,0.643170052255213
Lepilemur mustelinus,1321,679,0.183763859938979
Lepilemur mustelinus,1323,679,0.183761555059075
Lepilemur mustelinus,1324,679,1.65382056523675
Lepilemur mustelinus,1340,679,0.18374310077405
Lepilemur mustelinus,1366,679,1.65325307838088
Lepilemur mustelinus,1375,679,0.367363554798603
Lepilemur mustelinus,1434,679,358.339854772849
Lepilemur mustelinus,1456,679,0.275443051051259
Lepilemur mustelinus,3268,679,2609.35666769842
Lepilemur mustelinus,18560,679,0.18402045498687
Lepilemur mustelinus,18561,679,1079.4336398615
Lepilemur mustelinus,18501,681,0.3690976892097
Lepilemur mustelinus,18523,681,26.6587824925889
Lepilemur mustelinus,18525,681,16.2380797407103
Lepilemur mustelinus,18536,684,216.318745159363
Lepilemur mustelinus,18550,689,90.3937869662622
Lepilemur mustelinus,18574,690,30.0798712901392
Lepilemur mustelinus,18575,690,25.8675714531479
Lepilemur mustelinus,18551,685,65.9968218823523
Lepilemur mustelinus,18579,685,7.74432683949936
Lepilemur mustelinus,18580,685,0.273353686598182
Lepilemur mustelinus,18576,691,62.6106702145676
Lepilemur mustelinus,18578,692,15.032588320411
Leptopterus chabert,4814,117,16.3740665150672
Leptopterus chabert,5016,117,2.19464777098459
Leptopterus chabert,5051,117,12.894550309714
Leptopterus chabert,418,93,0.370271373195231
Leptopterus chabert,419,93,0.462834125284791
Leptopterus chabert,423,93,43.0377824654073
Leptopterus chabert,440,93,1.48074673073471
Leptopterus chabert,443,93,1.66577102635694
Leptopterus chabert,450,93,0.277623898765862
Leptopterus chabert,457,93,0.277610584835947
Leptopterus chabert,491,93,1.38815019469857
Leptopterus chabert,369,124,43.4528749465152
Leptopterus chabert,212,119,0.463597745714188
Leptopterus chabert,264,119,43.2038186617044
Leptopterus chabert,135,102,0.55664420881176
Leptopterus chabert,139,102,0.371099061261296
Leptopterus chabert,142,102,0.556625695955813
Leptopterus chabert,155,102,0.463806772104442
Leptopterus chabert,162,102,0.27827526928854
Leptopterus chabert,164,102,0.463781360735595
Leptopterus chabert,178,102,0.278243954662919
Leptopterus chabert,192,102,0.27820176096195
Leptopterus chabert,195,102,0.64914825101471
Leptopterus chabert,202,102,130.021860527528
Leptopterus chabert,206,102,6.4908973798604
Leptopterus chabert,211,102,8.4370977335708
Leptopterus chabert,24494,102,56.8711675529887
Leptopterus chabert,10166,49,38.2051651932399
Leptopterus chabert,10230,49,3.07696966736627
Leptopterus chabert,10237,49,0.723997986286044
Leptopterus chabert,10277,49,0.361958205401897
Leptopterus chabert,24702,49,0.452763459861636
Leptopterus chabert,14432,95,42.3362076362427
Leptopterus chabert,23222,129,0.777178853789091
Leptopterus chabert,24543,129,0.604549703200817
Leptopterus chabert,24780,129,27.2715936270507
Leptopterus chabert,24781,129,29.4123165165292
Leptopterus chabert,24782,129,29.3885406549345
Leptopterus chabert,24783,129,20.6592519148769
Leptopterus chabert,24784,129,19.9515621485635
Leptopterus chabert,24204,130,44.4928427752445
Leptopterus chabert,24803,133,78.5054384879867
Leptopterus chabert,13069,61,0.449603298739433
Leptopterus chabert,13070,61,0.359686745625973
Leptopterus chabert,13132,61,36.331879859746
Leptopterus chabert,24704,61,0.449634089967847
Leptopterus chabert,24802,61,6.47518067736232
Leptopterus chabert,19803,55,1.67497890953279
Leptopterus chabert,20695,55,398.591937893312
Leptopterus chabert,24278,55,0.705425266772747
Leptopterus chabert,24343,55,13.0307413413469
Leptopterus chabert,24344,55,3.87195306908155
Leptopterus chabert,24345,55,6.06907414019537
Leptopterus chabert,24671,55,9.25706128804803
Leptopterus chabert,24674,55,4.31856011909986
Leptopterus chabert,24676,55,2.02272765648687
Leptopterus chabert,24845,55,17.5870851484947
Leptopterus chabert,24846,55,2.03225787389851
Leptopterus chabert,24847,55,1.94182639975023
Leptopterus chabert,13306,31,52.2268727901955
Leptopterus chabert,24992,31,39.1360013945309
Leptopterus chabert,12847,147,2.87876883525968
Leptopterus chabert,12853,147,0.899620833965421
Leptopterus chabert,12889,147,0.269868277515173
Leptopterus chabert,24904,147,45.3586244343983
Leptopterus chabert,24905,147,33.0953660842072
Leptopterus chabert,25041,149,52.0931107730117
Leptopterus chabert,22547,91,0.260165493234158
Leptopterus chabert,22596,91,7.36721759575951
Leptopterus chabert,22629,91,12.0483039035151
Leptopterus chabert,23127,91,151.58511224908
Leptopterus chabert,24065,91,17.8876522784661
Leptopterus chabert,24104,91,45.1360753508905
Leptopterus chabert,24178,91,445.611096910782
Leptopterus chabert,24477,91,14.876475508235
Leptopterus chabert,24658,91,9.98819568180025
Leptopterus chabert,24856,91,5.23129722183871
Leptopterus chabert,24536,118,64.9869920614074
Leptopterus chabert,17799,134,137.443018218653
Leptopterus chabert,24863,141,113.437646918732
Leptopterus chabert,25004,144,31.1097970257607
Leptopterus chabert,25005,144,29.6010280215059
Leptopterus chabert,23506,145,48.282664278709
Leptopterus chabert,5735,109,64.7813755391271
Leptopterus chabert,24460,109,1.73570699889708
Leptopterus chabert,14880,128,55.5362709867372
Leptopterus chabert,15003,128,3.3134309653126
Leptopterus chabert,15260,128,69.5634544487439
Leptopterus chabert,16260,128,420.270539517261
Leptopterus chabert,24191,128,21.5096479841157
Leptopterus chabert,24760,128,0.447673652347684
Leptopterus chabert,24772,128,17.1081231937802
Leptopterus chabert,24814,128,21.0801634665238
Leptopterus chabert,24857,128,43.0398890354153
Leptopterus chabert,25024,128,27.5139015001006
Leptopterus chabert,18550,140,0.620648212959528
Leptopterus chabert,18565,140,0.265972006814122
Leptopterus chabert,18589,140,0.709200345668078
Leptopterus chabert,24924,140,138.846313450127
Leptopterus chabert,24990,140,9.04229392746901
Leptopterus chabert,25072,140,68.6631767822923
Leptopterus chabert,11401,59,0.812480411258936
Leptopterus chabert,24886,59,16.6994855698657
Leptopterus chabert,24922,59,61.2124982058693
Leptopterus chabert,24964,59,59.0116196877182
Leptopterus chabert,25164,59,1.17365293457222
Leptopterus chabert,1135,60,19.9337849990107
Leptopterus chabert,25075,60,254.421082642661
Leptopterus chabert,25077,60,0.645659265649438
Leptopterus chabert,25050,151,0.3690976892097
Leptopterus chabert,25074,151,26.6587824925889
Leptopterus chabert,25076,151,16.2380797407103
Leptopterus chabert,5418,103,2.64969806134474
Leptopterus chabert,5448,103,0.274089461484194
Leptopterus chabert,5493,103,7.03479595916414
Leptopterus chabert,5503,103,4.567756926453
Leptopterus chabert,5562,103,0.822074067883492
Leptopterus chabert,6101,103,0.365034251434088
Leptopterus chabert,6170,103,318.511281266377
Leptopterus chabert,6210,103,0.547426328327894
Leptopterus chabert,6219,103,0.364942030489683
Leptopterus chabert,6229,103,0.456175956650972
Leptopterus chabert,24538,103,61.0679011777905
Leptopterus chabert,24546,103,0.456749789226413
Leptopterus chabert,24631,103,81.3668221959746
Leptopterus chabert,24870,103,36.1603726523629
Leptopterus chabert,25124,103,3.2854141933409
Leptopterus chabert,25180,103,0.365072069038987
Leptopterus chabert,25181,103,1.82525826522207
Leptopterus chabert,20900,106,6.13304144533789
Leptopterus chabert,21479,106,46.5723968884147
Leptopterus chabert,24281,106,42.4890235274736
Leptopterus chabert,24346,106,90.8511787162259
Leptopterus chabert,24647,106,36.3826787541578
Leptopterus chabert,24669,106,16.8362046284112
Leptopterus chabert,24670,106,7.1876479107902
Leptopterus chabert,25032,106,5.43494208523166
Leptopterus chabert,25154,106,1.57807103533185
Leptopterus chabert,2404,150,0.643524707942724
Leptopterus chabert,2460,150,0.459616383672059
Leptopterus chabert,2485,150,0.643432019172192
Leptopterus chabert,2493,150,0.275752651619673
Leptopterus chabert,2513,150,0.367655302864194
Leptopterus chabert,2534,150,1.56243208603442
Leptopterus chabert,2535,150,0.275729722221732
Leptopterus chabert,2559,150,0.275717098941624
Leptopterus chabert,2575,150,0.275709061498523
Leptopterus chabert,2579,150,0.459508593737543
Leptopterus chabert,2586,150,0.45949710468936
Leptopterus chabert,2587,150,1.1946710927344
Leptopterus chabert,2605,150,53.6769175645747
Leptopterus chabert,2609,150,3.21620605602419
Leptopterus chabert,2610,150,0.551364106284499
Leptopterus chabert,2617,150,1.10266377710527
Leptopterus chabert,2626,150,0.367564567481756
Leptopterus chabert,2636,150,0.551319225258708
Leptopterus chabert,2648,150,1.10259928914046
Leptopterus chabert,2654,150,2.02137478975803
Leptopterus chabert,2655,150,0.826945434479237
Leptopterus chabert,2663,150,0.643170052255213
Leptopterus chabert,2672,150,1.65382056523675
Leptopterus chabert,2694,150,0.826825480994821
Leptopterus chabert,2720,150,0.459349671094894
Leptopterus chabert,2744,150,0.367459639964223
Leptopterus chabert,2759,150,0.275586929093957
Leptopterus chabert,2763,150,1.46972063059181
Leptopterus chabert,2764,150,0.275577679304183
Leptopterus chabert,2853,150,0.367363554798603
Leptopterus chabert,2959,150,366.147778927468
Leptopterus chabert,3001,150,0.275443051051259
Leptopterus chabert,8506,150,2609.35666769842
Leptopterus chabert,25088,150,0.733449546446324
Leptopterus chabert,25089,150,28.7773817194842
Leptopterus chabert,25090,150,234.708229999792
Leptopterus chabert,25125,150,19.5821926010261
Leptopterus chabert,25129,150,322.648436083532
Leptopterus chabert,25130,150,1103.96343099271
Leptopterus chabert,25131,150,0.3671433986426
Leptopterus chabert,25132,150,4.95616607062131
Leptopterus chabert,25133,150,19.8205211282898
Leptopterus chabert,25134,150,0.367093046224117
Leptopterus chabert,25137,150,0.367054338001192
Leptopterus chabert,25138,150,0.642337166595399
Leptopterus chabert,25139,150,7.43174190611184
Leptopterus chabert,25140,150,3.11954769088572
Leptopterus chabert,25141,150,1.37619193792719
Leptopterus chabert,25145,150,1.19252978562158
Leptopterus chabert,25146,150,59.2391267675772
Leptopterus chabert,25147,150,0.550263871117234
Leptopterus chabert,25149,150,19.4390238963762
Leptopterus chabert,25150,150,58.1245802735148
Leptopterus chabert,25152,150,5.77360824797505
Leptopterus chabert,25153,150,0.457520320277393
Leptopterus chabert,25166,150,3.30296723872322
Leptopterus chabert,25167,150,7.8888975294175
Leptopterus chabert,25168,150,0.366907192294359
Leptopterus chabert,25171,150,17.1974791608272
Leptopterus chabert,25172,150,0.365857744152904
Leptopterus chabert,25173,150,147.565898089784
Leptopterus chabert,24871,152,208.855460188826
Leptopterus chabert,25105,152,65.9968218823523
Leptopterus chabert,25157,152,28.1809853154598
Leptopterus chabert,25158,152,66.1899405958974
Leptopterus chabert,25159,152,0.820644420907617
Leptopterus chabert,25160,152,1.73194615611291
Leptopterus chabert,25162,152,83.2026980152344
Leptopterus chabert,25163,152,11.844067606982
Leptopterus chabert,25176,152,15.032588320411
Leptopterus chabert,25177,152,7.74432683949936
Leptopterus chabert,25178,152,0.273353686598182
Leptopterus chabert,25059,153,151.055431051786
Leptopterus chabert,25104,154,90.3937869662622
Leptopterus chabert,25174,154,62.6106702145676
Leptopterus chabert,25175,154,5.74979056634986
Leptopterus chabert,25169,155,118.514859144707
Leptopterus chabert,25170,155,29.8631327553117
Lophotibis cristata,12,1,130.021860527528
Lophotibis cristata,13,1,6.4908973798604
Lophotibis cristata,14,1,8.4370977335708
Lophotibis cristata,18,1,43.2038186617044
Lophotibis cristata,20,1,43.2675847418705
Lophotibis cristata,35,1,43.0377824654073
Lophotibis cristata,1514,1,56.8711675529887
Lophotibis cristata,741,3,36.331879859746
Lophotibis cristata,777,3,51.8674302060766
Lophotibis cristata,869,3,27.5139015001006
Lophotibis cristata,875,3,41.0293049223326
Lophotibis cristata,879,3,42.1715901547037
Lophotibis cristata,910,3,240.346898243405
Lophotibis cristata,961,3,21.0801634665238
Lophotibis cristata,1702,3,17.1081231937802
Lophotibis cristata,1736,3,6.47518067736232
Lophotibis cristata,1737,3,78.5054384879867
Lophotibis cristata,1745,3,26.5383701396017
Lophotibis cristata,1877,3,39.1360013945309
Lophotibis cristata,1887,3,21.5096479841157
Lophotibis cristata,1752,5,113.437646918732
Lophotibis cristata,1810,5,138.846313450127
Lophotibis cristata,1876,5,9.04229392746901
Lophotibis cristata,1931,5,68.6631767822923
Lophotibis cristata,301,4,16.3740665150672
Lophotibis cristata,313,4,19.2038282113973
Lophotibis cristata,321,4,7.03434427333379
Lophotibis cristata,322,4,5.85033975470352
Lophotibis cristata,323,4,24.6792146248902
Lophotibis cristata,333,4,8.49783825707888
Lophotibis cristata,343,4,9.5018882179122
Lophotibis cristata,393,4,303.633820191223
Lophotibis cristata,1307,4,16.631194611291
Lophotibis cristata,1583,4,61.0679011777905
Lophotibis cristata,1759,4,36.1603726523629
Lophotibis cristata,1904,4,100.812835919068
Lophotibis cristata,2012,4,5.11777562952042
Lophotibis cristata,1775,6,16.6994855698657
Lophotibis cristata,1790,6,45.3586244343983
Lophotibis cristata,1791,6,33.0953660842072
Lophotibis cristata,1808,6,61.2124982058693
Lophotibis cristata,1850,6,59.0116196877182
Lophotibis cristata,1898,6,52.0931107730117
Lophotibis cristata,70,7,19.9337849990107
Lophotibis cristata,145,7,53.6769175645747
Lophotibis cristata,167,7,366.147778927468
Lophotibis cristata,520,7,2609.35666769842
Lophotibis cristata,1760,7,208.855460188826
Lophotibis cristata,1918,7,151.055431051786
Lophotibis cristata,1933,7,26.6587824925889
Lophotibis cristata,1934,7,254.421082642661
Lophotibis cristata,1935,7,16.2380797407103
Lophotibis cristata,1948,7,28.7773817194842
Lophotibis cristata,1949,7,234.708229999792
Lophotibis cristata,1963,7,90.3937869662622
Lophotibis cristata,1964,7,65.9968218823523
Lophotibis cristata,1983,7,19.5821926010261
Lophotibis cristata,1987,7,322.648436083532
Lophotibis cristata,1988,7,1103.96343099271
Lophotibis cristata,1990,7,4.95616607062131
Lophotibis cristata,1991,7,19.8205211282898
Lophotibis cristata,1997,7,7.43174190611184
Lophotibis cristata,2004,7,59.2391267675772
Lophotibis cristata,2007,7,19.4390238963762
Lophotibis cristata,2008,7,58.1245802735148
Lophotibis cristata,2010,7,5.77360824797505
Lophotibis cristata,2017,7,28.1809853154598
Lophotibis cristata,2018,7,66.1899405958974
Lophotibis cristata,2022,7,83.2026980152344
Lophotibis cristata,2023,7,11.844067606982
Lophotibis cristata,2026,7,7.8888975294175
Lophotibis cristata,2028,7,118.514859144707
Lophotibis cristata,2029,7,29.8631327553117
Lophotibis cristata,2030,7,17.1974791608272
Lophotibis cristata,2032,7,147.565898089784
Lophotibis cristata,2033,7,62.6106702145676
Lophotibis cristata,2034,7,5.74979056634986
Lophotibis cristata,2035,7,15.032588320411
Lophotibis cristata,2036,7,7.74432683949936
Macrotarsomys bastardi,55,13,16.3740665150728
Macrotarsomys bastardi,392,281,3.3134309653126
Macrotarsomys bastardi,437,95,89.7882265230072
Macrotarsomys bastardi,450,107,2.59390059166253
Macrotarsomys bastardi,825,186,16.9299596293051
Macrotarsomys bastardi,1077,106,3.75955498127008
Macrotarsomys bastardi,1096,292,35.7097522353754
Macrotarsomys bastardi,772,171,19.8638108735069
Macrotarsomys bastardi,857,201,21.4423868237228
Macrotarsomys bastardi,864,201,28.083902237051
Macrotarsomys bastardi,1115,201,0.0875363925478458
Macrotarsomys bastardi,446,99,64.8879679010838
Macrotarsomys bastardi,384,92,17.1081231937802
Macrotarsomys bastardi,389,96,16.2973978202194
Macrotarsomys bastardi,795,293,74.0374934909074
Macrotarsomys bastardi,664,138,41.9135681366223
Macrotarsomys bastardi,494,286,104.893708448805
Macrotarsomys bastardi,1080,300,71.4169472740113
Macrotarsomys bastardi,1120,295,28.9720579655188
Macrotarsomys bastardi,132,29,39.2537636907387
Macrotarsomys bastardi,1119,29,29.1295754598171
Margaroperdix madagarensis,10371,8,68.4073900828574
Margaroperdix madagarensis,41,1,0.55664420881176
Margaroperdix madagarensis,45,1,0.556625695955813
Margaroperdix madagarensis,69,1,26.7219759851387
Margaroperdix madagarensis,91,1,43.2038186617044
Margaroperdix madagarensis,97,1,21.1261124531245
Margaroperdix madagarensis,12963,1,9.36908318528281
Margaroperdix madagarensis,12965,1,20.2118844377252
Margaroperdix madagarensis,11259,13,112.468627701651
Margaroperdix madagarensis,13007,18,64.9869920614074
Margaroperdix madagarensis,11909,21,0.777178853789091
Margaroperdix madagarensis,12767,21,44.4928427752445
Margaroperdix madagarensis,13013,21,0.604549703200817
Margaroperdix madagarensis,13176,21,27.2715936270507
Margaroperdix madagarensis,13177,21,29.4123165165292
Margaroperdix madagarensis,13178,21,29.3885406549345
Margaroperdix madagarensis,13179,21,20.6592519148769
Margaroperdix madagarensis,13180,21,19.9515621485635
Margaroperdix madagarensis,4125,20,38.2051651932399
Margaroperdix madagarensis,4146,20,3.07696966736627
Margaroperdix madagarensis,4152,20,0.723997986286044
Margaroperdix madagarensis,13210,24,78.5054384879867
Margaroperdix madagarensis,10377,23,309.722719741664
Margaroperdix madagarensis,12819,23,7.59299903613198
Margaroperdix madagarensis,12820,23,64.5275165318067
Margaroperdix madagarensis,12821,23,43.5541700668897
Margaroperdix madagarensis,12822,23,2.02803748513663
Margaroperdix madagarensis,12823,23,2.11576712074435
Margaroperdix madagarensis,12879,23,17.5870851484947
Margaroperdix madagarensis,13232,23,1.94182639975023
Margaroperdix madagarensis,13242,23,1.06030598360229
Margaroperdix madagarensis,5500,30,0.899620833965421
Margaroperdix madagarensis,12184,30,2.87876883525717
Margaroperdix madagarensis,12438,31,19.3775430370849
Margaroperdix madagarensis,12439,31,76.4803060961314
Margaroperdix madagarensis,12445,31,4.52461721291769
Margaroperdix madagarensis,13289,30,45.3586244343983
Margaroperdix madagarensis,13290,30,33.0953660842072
Margaroperdix madagarensis,13356,30,52.0931107730117
Margaroperdix madagarensis,12463,25,137.443018218653
Margaroperdix madagarensis,13060,26,73.2653999949271
Margaroperdix madagarensis,13309,26,26.1848926319454
Margaroperdix madagarensis,11493,28,48.282664278709
Margaroperdix madagarensis,13359,29,31.1097970257607
Margaroperdix madagarensis,13360,29,29.6010280215059
Margaroperdix madagarensis,2051,14,64.7813755391271
Margaroperdix madagarensis,12952,14,1.73570699889708
Margaroperdix madagarensis,5660,22,26.9789444841768
Margaroperdix madagarensis,6360,22,52.2268727901955
Margaroperdix madagarensis,6591,22,57.9536162531174
Margaroperdix madagarensis,6650,22,3.3134309653126
Margaroperdix madagarensis,7125,22,89.7882265229853
Margaroperdix madagarensis,7477,22,468.355482097602
Margaroperdix madagarensis,12319,22,42.3362076362427
Margaroperdix madagarensis,12740,22,21.5096479841157
Margaroperdix madagarensis,12855,22,3.75955498127008
Margaroperdix madagarensis,13188,22,17.1081231937802
Margaroperdix madagarensis,13241,22,43.0398890354153
Margaroperdix madagarensis,13346,22,39.1360013945309
Margaroperdix madagarensis,13363,22,27.5139015001006
Margaroperdix madagarensis,8785,27,63.1928620869468
Margaroperdix madagarensis,8933,27,6.64366864740514
Margaroperdix madagarensis,1679,17,16.3740665150672
Margaroperdix madagarensis,1761,17,19.2038282113973
Margaroperdix madagarensis,1872,17,1.18809712456632
Margaroperdix madagarensis,1873,17,4.66084065057552
Margaroperdix madagarensis,1883,17,4.38649564416385
Margaroperdix madagarensis,1917,17,8.86332816260099
Margaroperdix madagarensis,2233,17,2.0072273404777
Margaroperdix madagarensis,2627,17,331.925755168368
Margaroperdix madagarensis,12243,17,7.03434427333379
Margaroperdix madagarensis,12244,17,4.567756926453
Margaroperdix madagarensis,13016,17,10.0499887125863
Margaroperdix madagarensis,13243,17,36.7996040886711
Margaroperdix madagarensis,13378,17,100.812835919068
Margaroperdix madagarensis,13397,17,61.4329530729631
Margaroperdix madagarensis,13432,17,1.82525826522207
Margaroperdix madagarensis,13460,17,0.822074067883492
Margaroperdix madagarensis,310,19,19.9337849990107
Margaroperdix madagarensis,338,19,26.6587824925889
Margaroperdix madagarensis,342,19,47.3320970961367
Margaroperdix madagarensis,353,19,115.589426177143
Margaroperdix madagarensis,372,19,43.8080324089263
Margaroperdix madagarensis,696,19,0.643432019172192
Margaroperdix madagarensis,713,19,1.56243208603442
Margaroperdix madagarensis,735,19,1.1946710927344
Margaroperdix madagarensis,742,19,3.21620605602294
Margaroperdix madagarensis,743,19,0.551364106284499
Margaroperdix madagarensis,746,19,1.10266377710527
Margaroperdix madagarensis,754,19,0.551319225258708
Margaroperdix madagarensis,759,19,1.10259928914046
Margaroperdix madagarensis,762,19,2.02137478975803
Margaroperdix madagarensis,763,19,0.826945434479237
Margaroperdix madagarensis,765,19,0.643170052255213
Margaroperdix madagarensis,769,19,1.65382056523675
Margaroperdix madagarensis,779,19,0.826825480994821
Margaroperdix madagarensis,816,19,1.46972063059181
Margaroperdix madagarensis,921,19,366.239631982932
Margaroperdix madagarensis,1137,19,3.30296723872137
Margaroperdix madagarensis,3305,19,2565.40807328985
Margaroperdix madagarensis,12299,19,4.94941971173108
Margaroperdix madagarensis,12415,19,53.6769175645747
Margaroperdix madagarensis,12416,19,0.643524707942724
Margaroperdix madagarensis,13046,19,2.57736175300068
Margaroperdix madagarensis,13048,19,2.20879511307001
Margaroperdix madagarensis,13062,19,86.9343049463478
Margaroperdix madagarensis,13204,19,208.855460188826
Margaroperdix madagarensis,13253,19,1.10433682509226
Margaroperdix madagarensis,13380,19,151.055431051786
Margaroperdix madagarensis,13381,19,59.3308393847932
Margaroperdix madagarensis,13394,19,16.2380797407103
Margaroperdix madagarensis,13395,19,0.645659265649438
Margaroperdix madagarensis,13410,19,0.733449546446324
Margaroperdix madagarensis,13411,19,28.7773817194842
Margaroperdix madagarensis,13412,19,235.440162164184
Margaroperdix madagarensis,13426,19,90.3937869662622
Margaroperdix madagarensis,13427,19,65.9968218823523
Margaroperdix madagarensis,13428,19,19.5821926010261
Margaroperdix madagarensis,13437,19,322.740230993205
Margaroperdix madagarensis,13438,19,1104.14660628995
Margaroperdix madagarensis,13440,19,4.95616607062131
Margaroperdix madagarensis,13441,19,19.8205211282898
Margaroperdix madagarensis,13446,19,0.642337166595399
Margaroperdix madagarensis,13447,19,7.43174190611184
Margaroperdix madagarensis,13448,19,3.11954769088572
Margaroperdix madagarensis,13449,19,1.37619193792719
Margaroperdix madagarensis,13453,19,1.19252978562158
Margaroperdix madagarensis,13456,19,19.4390238963762
Margaroperdix madagarensis,13457,19,29.4327473464405
Margaroperdix madagarensis,13461,19,28.1809853154598
Margaroperdix madagarensis,13462,19,66.1899405958974
Margaroperdix madagarensis,13463,19,0.820644420907617
Margaroperdix madagarensis,13464,19,1.73194615611291
Margaroperdix madagarensis,13466,19,83.2026980152344
Margaroperdix madagarensis,13467,19,11.844067606982
Margaroperdix madagarensis,13468,19,118.514859144707
Margaroperdix madagarensis,13469,19,29.8631327553117
Margaroperdix madagarensis,13470,19,5.77360824797505
Margaroperdix madagarensis,13471,19,17.1974791608272
Margaroperdix madagarensis,13473,19,147.748782739298
Margaroperdix madagarensis,13474,19,62.6106702145676
Margaroperdix madagarensis,13475,19,5.74979056634986
Margaroperdix madagarensis,13476,19,15.032588320411
Margaroperdix madagarensis,13477,19,7.74432683949936
Margaroperdix madagarensis,13323,32,61.2124982058693
Margaroperdix madagarensis,13340,32,59.0116196877182
Mentocrex kioloides,615,2,29.4123165165292
Mentocrex kioloides,643,2,27.2715936270507
Mentocrex kioloides,644,2,29.3885406549345
Mentocrex kioloides,645,2,20.6592519148769
Mentocrex kioloides,421,4,113.437646918732
Mentocrex kioloides,700,7,139.201165790879
Mentocrex kioloides,738,7,9.04229392746901
Mentocrex kioloides,771,7,68.6631767822923
Mentocrex kioloides,10,1,57.7213654392147
Mentocrex kioloides,16,1,29.9533284785289
Mentocrex kioloides,62,1,416.911428611874
Mentocrex kioloides,69,1,191.707112116678
Mentocrex kioloides,74,1,61.0887142109144
Mentocrex kioloides,81,1,31.6704292118326
Mentocrex kioloides,89,1,83.2026980152344
Mentocrex kioloides,659,1,15.032588320411
Mentocrex kioloides,748,1,151.055431051786
Mentocrex kioloides,772,1,1491.44573526792
Mentocrex kioloides,781,1,121.072059219332
Mentocrex kioloides,782,1,41.2839215929341
Mentocrex kioloides,783,1,29.4469988159243
Mentocrex kioloides,784,1,401.35630033969
Mentocrex kioloides,785,1,322.648436083532
Mentocrex kioloides,787,1,4.95616607062131
Mentocrex kioloides,788,1,19.8205211282898
Mentocrex kioloides,794,1,7.43174190611184
Mentocrex kioloides,795,1,3.11954769088572
Mentocrex kioloides,801,1,59.2391267675772
Mentocrex kioloides,804,1,19.4390238963762
Mentocrex kioloides,805,1,58.1245802735148
Mentocrex kioloides,808,1,5.77360824797505
Mentocrex kioloides,809,1,185.116632381658
Mentocrex kioloides,810,1,30.0798712901392
Mentocrex kioloides,811,1,5.74979056634986
Mentocrex kioloides,812,1,42.5747702322335
Mentocrex kioloides,813,1,1.73194615611291
Mentocrex kioloides,815,1,11.844067606982
Mentocrex kioloides,816,1,3.30296723872322
Mentocrex kioloides,817,1,7.8888975294175
Mentocrex kioloides,819,1,118.514859144707
Mentocrex kioloides,820,1,29.8631327553117
Mentocrex kioloides,821,1,87.7516679684219
Mentocrex kioloides,823,1,18.3894848404292
Mentocrex kioloides,686,3,61.2124982058693
Mentocrex kioloides,718,3,59.0116196877182
Mesitornis variegatus,91,5,137.443018218653
Mesitornis variegatus,59,6,27.5139015001006
Mesitornis variegatus,60,6,17.1081231937802
Mesitornis variegatus,62,6,3.3134309653126
Mesitornis variegatus,63,6,57.9536162531174
Mesitornis variegatus,65,6,3.75955498126924
Mesitornis variegatus,68,6,89.7882265229853
Mesitornis variegatus,81,6,468.355482097602
Mesitornis variegatus,103,6,5.19750467449212
Mesitornis variegatus,8,2,16.3740665150672
Mesitornis variegatus,10,2,19.2038282113973
Mesitornis variegatus,13,2,16.631194611291
Mesitornis variegatus,15,2,7.03434427333379
Mesitornis variegatus,19,2,1.36983741289043
Mesitornis variegatus,20,2,10.8662332925556
Mesitornis variegatus,21,2,1.73396250702786
Mesitornis variegatus,22,2,318.511281266377
Mesitornis variegatus,93,2,29.1295754598171
Mesitornis variegatus,94,2,19.4460137230934
Mesitornis variegatus,95,2,21.8141374870516
Mesitornis variegatus,104,2,5.11777562952042
Microcebus murinus,200,1768,0.18546587502265
Microcebus murinus,207,1768,6.4908973798604
Microcebus murinus,1909,136,12.3467417666571
Microcebus murinus,1921,136,0.0921358429681063
Microcebus murinus,1932,139,3.22456991307449
Microcebus murinus,2510,168,15.1777130100187
Microcebus murinus,2800,190,5.60608257632893
Microcebus murinus,2866,192,1.1946710927344
Microcebus murinus,2887,192,3.21620605602419
Microcebus murinus,2908,196,0.367564567481756
Microcebus murinus,2928,196,0.183777680330753
Microcebus murinus,3013,196,18.468422871011
Microcebus murinus,3027,196,0.18374310077405
Microcebus murinus,3298,1902,23.2302133941711
Microcebus murinus,465,41,0.370271373195231
Microcebus murinus,467,41,0.462834125284791
Microcebus murinus,470,41,0.0925668250995874
Microcebus murinus,472,41,43.0377824654073
Microcebus murinus,473,41,0.18513059458977
Microcebus murinus,487,41,1.48074673073471
Microcebus murinus,489,41,1.66577102635694
Microcebus murinus,492,41,0.277623898765862
Microcebus murinus,494,41,0.277610584835947
Microcebus murinus,496,41,0.0925361785190701
Microcebus murinus,214,16,8.4370977335708
Microcebus murinus,221,16,0.185438309593201
Microcebus murinus,2649,176,0.643524707942724
Microcebus murinus,2742,176,15.3519037113669
Microcebus murinus,2743,176,0.183841973942041
Microcebus murinus,2751,176,0.643432019172192
Microcebus murinus,2784,176,0.367655302864194
Microcebus murinus,2805,176,1.56243208603442
Microcebus murinus,2806,176,0.275729722221732
Microcebus murinus,2833,176,0.275717098941624
Microcebus murinus,2845,176,0.275709061498523
Microcebus murinus,2855,176,0.459508593737543
Microcebus murinus,2864,176,0.643297785346329
Microcebus murinus,2865,176,0.45949710468936
Microcebus murinus,32976,2451,17.8876522784661
Microcebus murinus,28115,1446,68.4073900828574
Microcebus murinus,25656,2258,13.1672804516124
Microcebus murinus,33195,2523,44.4928427752445
Microcebus murinus,33249,2536,43.5541700668897
Microcebus murinus,19687,2516,42.3362076362427
Microcebus murinus,33344,2551,3.87195306908155
Microcebus murinus,6057,2552,19.2038282113973
Microcebus murinus,33273,2539,3.75955498127008
Microcebus murinus,5713,2506,16.3740665150672
Microcebus murinus,33346,2541,112.468627701651
Microcebus murinus,220,17,0.463597745714188
Microcebus murinus,237,17,0.0927073077802658
Microcebus murinus,286,17,43.2038186617044
Microcebus murinus,309,24,0.0926675960290432
Microcebus murinus,321,24,0.0926606114119887
Microcebus murinus,330,24,0.0926476122773886
Microcebus murinus,337,24,0.0926436052986383
Microcebus murinus,402,24,43.4528749465152
Microcebus murinus,31956,2471,0.777178853789091
Microcebus murinus,33522,2471,19.9515621485635
Microcebus murinus,33523,2471,0.604549703200817
Microcebus murinus,144,2295,0.463806772104442
Microcebus murinus,151,2295,0.27827526928854
Microcebus murinus,153,2295,0.463781360735595
Microcebus murinus,167,2295,0.278243954662919
Microcebus murinus,184,2295,0.185478644791543
Microcebus murinus,188,2295,0.27820176096195
Microcebus murinus,192,2295,0.64914825101471
Microcebus murinus,203,2295,130.021860527528
Microcebus murinus,32826,2295,0.185474717534363
Microcebus murinus,33493,2295,56.8711675529887
Microcebus murinus,33518,2578,64.9869920614074
Microcebus murinus,33602,2585,36.3826787541578
Microcebus murinus,21218,2591,89.7882265229853
Microcebus murinus,33626,2593,9.25706128804803
Microcebus murinus,33629,2594,4.31856011909986
Microcebus murinus,33343,2550,13.0307413413469
Microcebus murinus,33345,2595,6.06907414019537
Microcebus murinus,33470,2567,14.876475508235
Microcebus murinus,14451,738,0.0905584602525234
Microcebus murinus,14530,738,0.0905447203236818
Microcebus murinus,14689,738,38.2051651932399
Microcebus murinus,14737,738,0.0905061372197867
Microcebus murinus,14756,738,3.07696966736627
Microcebus murinus,14762,738,0.723997986286044
Microcebus murinus,14805,738,0.361958205401897
Microcebus murinus,33640,738,0.452763459861636
Microcebus murinus,33710,2598,20.6592519148769
Microcebus murinus,18118,903,0.0899370735929012
Microcebus murinus,18172,903,0.0899238860028982
Microcebus murinus,18179,903,0.449603298739433
Microcebus murinus,18180,903,0.359686745625973
Microcebus murinus,18197,903,0.0899194863940477
Microcebus murinus,18256,903,36.331879859746
Microcebus murinus,33642,903,0.0899312145228386
Microcebus murinus,33643,903,0.449634089967847
Microcebus murinus,33736,903,6.47518067736232
Microcebus murinus,29735,1438,46.5723968884147
Microcebus murinus,33737,2609,78.5054384879867
Microcebus murinus,20334,2615,3.3134309653126
Microcebus murinus,33711,2615,17.1081231937802
Microcebus murinus,33770,2616,43.0398890354153
Microcebus murinus,2428,2617,138.98603618893
Microcebus murinus,33771,2617,21.7270555164749
Microcebus murinus,2765,185,47.0601219852866
Microcebus murinus,2889,185,1.10272016136467
Microcebus murinus,2890,185,1.01083246940482
Microcebus murinus,2901,185,0.183784584811091
Microcebus murinus,31811,2449,151.58511224908
Microcebus murinus,33610,2449,9.98819568180025
Microcebus murinus,33060,2621,45.1360753508905
Microcebus murinus,28107,2502,433.810619797173
Microcebus murinus,33251,2502,2.11576712074435
Microcebus murinus,33764,2502,17.5870851484947
Microcebus murinus,33766,2502,1.94182639975023
Microcebus murinus,24385,1243,0.265972006814122
Microcebus murinus,24461,1243,9.04229392746901
Microcebus murinus,31008,1619,7.36721759575951
Microcebus murinus,18508,2311,52.2268727901955
Microcebus murinus,33791,2311,0.0899356091371775
Microcebus murinus,33792,2311,0.0899341444739103
Microcebus murinus,33793,2311,0.0899326796025038
Microcebus murinus,33789,2624,39.1360013945309
Microcebus murinus,33790,2624,0.0899400018793345
Microcebus murinus,30942,2504,0.260165493234158
Microcebus murinus,31071,2504,12.0483039035151
Microcebus murinus,33156,2504,445.611096910782
Microcebus murinus,33769,2504,5.23129722183871
Microcebus murinus,23291,1142,137.443018218653
Microcebus murinus,6312,2179,0.0914152072402239
Microcebus murinus,6363,2179,5.85033975470352
Microcebus murinus,6378,2179,24.6792146248873
Microcebus murinus,6379,2179,0.0914115014762879
Microcebus murinus,6466,2179,2.83342021114933
Microcebus murinus,6482,2179,0.0914028473147154
Microcebus murinus,6483,2179,0.182805694629431
Microcebus murinus,6514,2179,1.00536820483017
Microcebus murinus,6526,2179,0.274192454328179
Microcebus murinus,6546,2179,0.0913954212394953
Microcebus murinus,6559,2179,0.0913941828228235
Microcebus murinus,33463,2179,1.55373825480127
Microcebus murinus,6453,2623,1.0054375043211
Microcebus murinus,6515,2623,2.37624750380063
Microcebus murinus,6571,2623,0.182784649551272
Microcebus murinus,6599,2623,0.0913904663075209
Microcebus murinus,6611,2623,0.0913892270473242
Microcebus murinus,6612,2623,0.182778454094648
Microcebus murinus,6634,2623,7.67678403816092
Microcebus murinus,6667,2623,8.86332816260099
Microcebus murinus,6917,2623,0.274089461484194
Microcebus murinus,6939,2623,0.0913631538983583
Microcebus murinus,7028,2623,9.5018882179122
Microcebus murinus,7029,2623,4.567756926453
Microcebus murinus,7142,2623,0.0913494594436884
Microcebus murinus,32855,2623,0.0913643975844383
Microcebus murinus,33525,2623,0.456749789226413
Microcebus murinus,1991,142,1.19747486800301
Microcebus murinus,1996,142,59.2231361404085
Microcebus murinus,2025,142,83.9973458819341
Microcebus murinus,2042,142,0.184211880049229
Microcebus murinus,2135,142,85.9299311413139
Microcebus murinus,2940,199,0.183773075227499
Microcebus murinus,2947,199,1.10259928914046
Microcebus murinus,2964,199,0.183763859938979
Microcebus murinus,2974,199,0.183761555059075
Microcebus murinus,2975,199,1.65382056523675
Microcebus murinus,3083,199,45.9238992682787
Microcebus murinus,3257,199,0.642796241695881
Microcebus murinus,7542,390,64.7813755391271
Microcebus murinus,33455,390,1.73570699889708
Microcebus murinus,33456,390,0.0913507054476738
Microcebus murinus,33892,390,0.0913581770466566
Microcebus murinus,1259,1901,19.9337849990107
Microcebus murinus,2920,2201,50.4255278827549
Microcebus murinus,33714,2628,48.2527069871619
Microcebus murinus,33893,2630,25.2209269263488
Microcebus murinus,1827,2353,17.2347893938358
Microcebus murinus,2723,2399,0.459616383672059
Microcebus murinus,2757,2399,0.275752651619673
Microcebus murinus,2877,2399,0.183794934333146
Microcebus murinus,2885,2399,52.0222894480601
Microcebus murinus,2888,2399,0.551364106284499
Microcebus murinus,2935,2399,0.551319225258708
Microcebus murinus,2958,2399,0.643170052255213
Microcebus murinus,20200,2507,57.9536162531174
Microcebus murinus,33168,2507,21.5096479841157
Microcebus murinus,33824,2507,27.5139015001006
Microcebus murinus,21755,2508,468.355482097602
Microcebus murinus,33255,2538,42.4890235274736
Microcebus murinus,28422,1494,6.13304144533789
Microcebus murinus,1538,2094,199.713422927767
Microcebus murinus,33846,2094,0.645659265649438
Microcebus murinus,4474,2326,5.77360824797505
Microcebus murinus,33926,2326,0.0917031464005113
Microcebus murinus,33928,2326,58.1245802735148
Microcebus murinus,11860,2641,322.648436083532
Microcebus murinus,33838,2642,151.055431051786
Microcebus murinus,33863,2643,0.733449546446324
Microcebus murinus,33864,2643,28.7773817194842
Microcebus murinus,33927,2643,19.4390238963762
Microcebus murinus,33930,2643,89.0040954003731
Microcebus murinus,33904,2644,29.932942723587
Microcebus murinus,33905,2645,24.6020278093903
Microcebus murinus,33906,2646,61.4830272845442
Microcebus murinus,33919,2646,29.8132933344442
Microcebus murinus,33908,2647,4.95616607062131
Microcebus murinus,33909,2648,19.8205211282898
Microcebus murinus,33917,2648,1.37619193792719
Microcebus murinus,33915,2649,7.43174190611184
Microcebus murinus,33916,2650,3.11954769088572
Microcebus murinus,33923,2651,9.08003030972684
Microcebus murinus,33924,2652,59.2391267675772
Microcebus murinus,33939,2653,3.30296723872322
Microcebus murinus,33940,2654,7.8888975294175
Microcebus murinus,33941,2654,0.366907192294359
Microcebus murinus,33942,2655,118.514859144707
Microcebus murinus,33943,2656,29.8631327553117
Microcebus murinus,6354,2381,7.03434427333379
Microcebus murinus,32965,2456,16.631194611291
Microcebus murinus,33931,2456,5.11777562952042
Microcebus murinus,33932,2456,0.0913867478950024
Microcebus murinus,33933,2456,0.091385508002162
Microcebus murinus,33935,2456,0.09138178706038
Microcebus murinus,8001,2564,0.0912806047910452
Microcebus murinus,8472,2564,330.648057244708
Microcebus murinus,8473,2564,0.0912402507441044
Microcebus murinus,8485,2564,2.0072273404777
Microcebus murinus,8509,2564,0.364942030489683
Microcebus murinus,33582,2564,0.456175956650376
Microcebus murinus,33773,2564,36.1603726523629
Microcebus murinus,33836,2564,100.812835919068
Microcebus murinus,33853,2564,61.2504145189477
Microcebus murinus,33900,2564,1.82525826522207
Microcebus murinus,33903,2564,0.0912604547177553
Microcebus murinus,33616,2592,16.8362046284112
Microcebus murinus,33617,2592,7.1876479107902
Microcebus murinus,33831,2592,5.43494208523166
Microcebus murinus,33936,2592,1.57807103533185
Microcebus murinus,33937,2592,0.0876650565292835
Microcebus murinus,33938,2592,0.0876633013445139
Microcebus murinus,33845,2611,25.9731546361337
Microcebus murinus,33896,2611,66.1899405958974
Microcebus murinus,33956,2611,0.820644420907617
Microcebus murinus,33957,2611,1.73194615611291
Microcebus murinus,33785,2627,11.844067606982
Microcebus murinus,33865,2631,270.719212992176
Microcebus murinus,33944,2631,30.6874973983106
Microcebus murinus,33945,2631,129.829628623509
Microcebus murinus,33866,2657,147.565898089784
Microcebus murinus,33949,2657,0.365857744152904
Microcebus murinus,33946,2658,0.457520320277393
Microcebus murinus,33947,2658,102.922755853614
Microcebus murinus,33948,2658,17.1974791608272
Microcebus murinus,33950,2659,31.2682529843574
Microcebus murinus,33876,2633,90.3937869662622
Microcebus murinus,33877,2634,65.9968218823523
Microcebus murinus,33951,2660,62.6106702145676
Microcebus murinus,33952,2661,5.74979056634986
Microcebus murinus,33953,2662,15.032588320411
Microcebus murinus,33954,2663,7.74432683949936
Microcebus murinus,33730,2640,208.855460188826
Microcebus rufus,962,144,3.21620605602419
Microcebus rufus,5,1,72.6104762396658
Microcebus rufus,8819,1,56.8711675529887
Microcebus rufus,8862,1484,0.604549703200817
Microcebus rufus,8933,1484,19.9515621485635
Microcebus rufus,8929,1485,27.2715936270507
Microcebus rufus,8930,1486,29.4123165165292
Microcebus rufus,8931,1487,29.3885406549345
Microcebus rufus,8932,1488,20.6592519148769
Microcebus rufus,9005,1525,61.2124982058693
Microcebus rufus,3709,1492,2.87876883525968
Microcebus rufus,3713,1492,0.899620833965421
Microcebus rufus,3728,1492,0.269868277515173
Microcebus rufus,8987,1492,45.3586244343983
Microcebus rufus,8988,1492,33.0953660842072
Microcebus rufus,9087,1553,52.0931107730117
Microcebus rufus,9079,1554,31.1097970257607
Microcebus rufus,9080,1554,29.6010280215059
Microcebus rufus,8550,1206,48.282664278709
Microcebus rufus,8956,1508,113.437646918732
Microcebus rufus,9122,1575,16.2380797407103
Microcebus rufus,6933,1405,0.265972006814122
Microcebus rufus,9007,1405,138.846313450127
Microcebus rufus,9073,1405,9.04229392746901
Microcebus rufus,9118,1571,68.6631767822923
Microcebus rufus,902,18,0.459616383672059
Microcebus rufus,920,18,0.275752651619673
Microcebus rufus,960,18,0.183794934333146
Microcebus rufus,961,18,53.6769175645747
Microcebus rufus,963,18,0.551364106284499
Microcebus rufus,976,18,0.551319225258708
Microcebus rufus,984,18,0.643170052255213
Microcebus rufus,2202,18,2609.35666769842
Microcebus rufus,9154,18,0.18402045498687
Microcebus rufus,9135,1582,28.7773817194842
Microcebus rufus,9156,1582,1103.96343099271
Microcebus rufus,9172,1582,19.4390238963762
Microcebus rufus,9155,1583,322.648436083532
Microcebus rufus,9158,1584,4.95616607062131
Microcebus rufus,9159,1585,19.8205211282898
Microcebus rufus,9165,1586,7.43174190611184
Microcebus rufus,9166,1587,3.11954769088572
Microcebus rufus,207,36,19.9337849990107
Microcebus rufus,913,126,0.183841973942041
Microcebus rufus,918,126,0.643432019172192
Microcebus rufus,942,126,0.275717098941624
Microcebus rufus,949,126,0.275709061498523
Microcebus rufus,953,126,0.459508593737543
Microcebus rufus,956,126,0.45949710468936
Microcebus rufus,966,126,1.10266377710527
Microcebus rufus,981,126,0.826945434479237
Microcebus rufus,1012,126,0.367459639964223
Microcebus rufus,1026,126,1.46972063059181
Microcebus rufus,1112,126,366.147778927468
Microcebus rufus,9152,1588,18.9386233360229
Microcebus rufus,1484,215,21.8563022389965
Microcebus rufus,2990,1472,0.812480411258936
Microcebus rufus,8972,1472,16.6994855698657
Microcebus rufus,9047,1546,59.0116196877182
Microcebus rufus,8957,1556,208.855460188826
Microcebus rufus,9175,1556,28.1809853154598
Microcebus rufus,9176,1556,66.1899405958974
Microcebus rufus,9177,1556,0.820644420907617
Microcebus rufus,9178,1589,1.73194615611291
Microcebus rufus,9180,1589,83.2026980152344
Microcebus rufus,9181,1590,11.844067606982
Microcebus rufus,9105,1564,118.514859144707
Microcebus rufus,9183,1591,3.30296723872322
Microcebus rufus,9184,1592,7.8888975294175
Microcebus rufus,9186,1593,29.8631327553117
Microcebus rufus,9106,1565,59.2391267675772
Microcebus rufus,1519,1572,0.0914152072403431
Microcebus rufus,9188,1572,0.365857744152904
Microcebus rufus,9189,1572,126.902982615365
Microcebus rufus,9136,1594,234.708229999792
Microcebus rufus,9187,1594,17.1974791608272
Microcebus rufus,9120,1573,26.6587824925889
Microcebus rufus,9121,1574,254.421082642661
Microcebus rufus,9123,1574,0.645659265649438
Microcebus rufus,9150,1580,90.3937869662622
Microcebus rufus,9151,1581,65.9968218823523
Microcebus rufus,9190,1595,62.6106702145676
Microcebus rufus,9191,1596,5.74979056634986
Microcebus rufus,9192,1597,15.032588320411
Microcebus rufus,9193,1598,7.74432683949936
Microgale brevicaudata,452,101,23.001548176319
Microgale brevicaudata,1512,273,2.46812535342741
Microgale brevicaudata,1520,273,16.0871950112846
Microgale brevicaudata,1531,273,0.0914028473147154
Microgale brevicaudata,1532,273,0.182805694629431
Microgale brevicaudata,1535,273,0.274201118186474
Microgale brevicaudata,114,29,0.370271373195231
Microgale brevicaudata,116,29,0.0925668250995874
Microgale brevicaudata,118,29,43.0377824654073
Microgale brevicaudata,119,29,0.18513059458977
Microgale brevicaudata,122,29,1.48074673073471
Microgale brevicaudata,123,29,1.66577102635694
Microgale brevicaudata,124,29,0.277623898765862
Microgale brevicaudata,5556,970,44.4928427752445
Microgale brevicaudata,4216,963,42.3362076362427
Microgale brevicaudata,5578,966,3.75955498127008
Microgale brevicaudata,1442,266,19.2038282113973
Microgale brevicaudata,5598,979,3.87195306908155
Microgale brevicaudata,5206,832,21.4423868237228
Microgale brevicaudata,5676,832,0.0875363925478458
Microgale brevicaudata,1373,934,16.3740665150672
Microgale brevicaudata,5678,986,20.2118844377252
Microgale brevicaudata,52,12,0.0927073077802658
Microgale brevicaudata,68,12,43.2038186617044
Microgale brevicaudata,78,18,21.1261124531245
Microgale brevicaudata,81,18,0.0926675960290432
Microgale brevicaudata,85,18,0.0926606114119887
Microgale brevicaudata,43,3,60.0101104185277
Microgale brevicaudata,5677,3,56.8711675529887
Microgale brevicaudata,5697,987,64.9869920614074
Microgale brevicaudata,4454,671,89.7882265229853
Microgale brevicaudata,5008,787,6.06907414019537
Microgale brevicaudata,4909,788,4.31856011909986
Microgale brevicaudata,3263,532,0.0905584602525234
Microgale brevicaudata,3269,532,0.0905447203236818
Microgale brevicaudata,3274,532,38.2051651932399
Microgale brevicaudata,3279,532,0.0905061372197867
Microgale brevicaudata,5487,985,29.4123165165292
Microgale brevicaudata,5702,1001,0.604549703200817
Microgale brevicaudata,5793,1001,19.9515621485635
Microgale brevicaudata,5791,1002,29.3885406549345
Microgale brevicaudata,5792,1003,20.6592519148769
Microgale brevicaudata,5796,1005,78.5054384879867
Microgale brevicaudata,3929,611,0.0899370735929012
Microgale brevicaudata,3946,611,0.449603298739433
Microgale brevicaudata,3947,611,0.359686745625973
Microgale brevicaudata,3964,611,36.331879859746
Microgale brevicaudata,3944,1006,0.0899238860028982
Microgale brevicaudata,5734,1006,0.449634089967847
Microgale brevicaudata,5795,1006,6.47518067736232
Microgale brevicaudata,4295,965,57.9536162531174
Microgale brevicaudata,5806,1009,43.0398890354153
Microgale brevicaudata,5794,1000,17.1081231937802
Microgale brevicaudata,4013,524,52.2268727901955
Microgale brevicaudata,5816,524,0.0899356091371775
Microgale brevicaudata,5817,524,0.0899341444739103
Microgale brevicaudata,5818,524,0.0899326796025038
Microgale brevicaudata,5814,1012,39.1360013945309
Microgale brevicaudata,5815,1012,0.0899400018793345
Microgale brevicaudata,3617,586,52.0931107730117
Microgale brevicaudata,5820,1014,16.2380797407103
Microgale brevicaudata,1556,277,4.38649564416385
Microgale brevicaudata,1587,277,8.86332816260099
Microgale brevicaudata,1610,277,0.274089461484194
Microgale brevicaudata,1614,277,0.0913631538983583
Microgale brevicaudata,1630,277,9.5018882179122
Microgale brevicaudata,1631,277,4.567756926453
Microgale brevicaudata,5495,277,0.0913643975844383
Microgale brevicaudata,5703,277,0.456749789226413
Microgale brevicaudata,461,103,0.4598808172791
Microgale brevicaudata,476,103,0.459616383672059
Microgale brevicaudata,483,103,0.275752651619673
Microgale brevicaudata,507,103,0.183794934333146
Microgale brevicaudata,508,103,52.573690723831
Microgale brevicaudata,510,103,0.551364106284499
Microgale brevicaudata,511,103,327.386365348246
Microgale brevicaudata,518,103,0.551319225258708
Microgale brevicaudata,521,103,0.643170052255213
Microgale brevicaudata,1709,275,64.7813755391271
Microgale brevicaudata,4440,675,266.738867483481
Microgale brevicaudata,5541,999,21.5096479841157
Microgale brevicaudata,5819,1016,27.5139015001006
Microgale brevicaudata,287,47,254.421082642661
Microgale brevicaudata,5828,47,0.645659265649438
Microgale brevicaudata,211,54,19.9337849990107
Microgale brevicaudata,376,79,279.159211866453
Microgale brevicaudata,443,79,29.9084594166067
Microgale brevicaudata,460,79,604.403283801093
Microgale brevicaudata,5807,79,21.7270555164749
Microgale brevicaudata,5831,79,0.18402045498687
Microgale brevicaudata,480,104,0.183841973942041
Microgale brevicaudata,482,104,0.643432019172192
Microgale brevicaudata,497,104,0.275717098941624
Microgale brevicaudata,501,104,0.275709061498523
Microgale brevicaudata,502,104,0.459508593737543
Microgale brevicaudata,504,104,0.45949710468936
Microgale brevicaudata,643,104,325.81066099183
Microgale brevicaudata,1547,278,4.66084065057552
Microgale brevicaudata,2195,321,208.855460188826
Microgale brevicaudata,5840,321,28.1809853154598
Microgale brevicaudata,5841,321,43.1267134439566
Microgale brevicaudata,5842,321,0.820644420907617
Microgale brevicaudata,1588,940,7.03434427333379
Microgale brevicaudata,1793,984,0.0912806047910452
Microgale brevicaudata,1880,984,330.648057244708
Microgale brevicaudata,1886,984,0.456175956650972
Microgale brevicaudata,5827,1015,26.6587824925889
Microgale brevicaudata,5808,1017,36.1603726523629
Microgale brevicaudata,5825,1017,100.812835919068
Microgale brevicaudata,5830,1017,61.2504145189477
Microgale cowani,1106,55,1.1946710927344
Microgale cowani,1133,55,3.21620605602419
Microgale cowani,6,1,72.6104762396658
Microgale cowani,11484,1,56.8711675529887
Microgale cowani,11423,849,0.604549703200459
Microgale cowani,11430,849,0.777178853789091
Microgale cowani,11539,849,19.9515621485635
Microgale cowani,11535,850,27.2715936270507
Microgale cowani,11536,851,29.4123165165292
Microgale cowani,11537,852,29.3885406549345
Microgale cowani,11538,853,20.6592519148769
Microgale cowani,11595,878,61.2124982058693
Microgale cowani,4575,856,2.87876883525968
Microgale cowani,4583,856,0.899620833965421
Microgale cowani,4609,856,0.269868277515173
Microgale cowani,11577,856,45.3586244343983
Microgale cowani,11578,856,33.0953660842072
Microgale cowani,11660,910,52.0931107730117
Microgale cowani,11652,911,31.1097970257607
Microgale cowani,11653,911,29.6010280215059
Microgale cowani,11187,747,48.282664278709
Microgale cowani,2213,760,15.032588320411
Microgale cowani,11547,881,113.437646918732
Microgale cowani,11698,935,29.9192284064455
Microgale cowani,11597,891,138.846313450127
Microgale cowani,11686,927,68.6631767822923
Microgale cowani,122,12,19.9337849990107
Microgale cowani,1010,632,0.459616383672059
Microgale cowani,1040,632,0.275752651619673
Microgale cowani,1121,632,0.183794934333146
Microgale cowani,1129,632,53.6769175645747
Microgale cowani,1134,632,0.551364106284499
Microgale cowani,1155,632,0.551319225258708
Microgale cowani,1169,632,0.643170052255213
Microgale cowani,2546,632,2473.54941432782
Microgale cowani,11715,632,0.18402045498687
Microgale cowani,957,832,0.643524707942724
Microgale cowani,1027,832,0.183841973942041
Microgale cowani,1035,832,0.643432019172192
Microgale cowani,1063,832,1.56243208603442
Microgale cowani,1064,832,0.275729722221732
Microgale cowani,1082,832,0.275717098941624
Microgale cowani,1091,832,0.275709061498523
Microgale cowani,1097,832,0.459508593737543
Microgale cowani,1105,832,0.45949710468936
Microgale cowani,1139,832,1.10266377710527
Microgale cowani,1145,832,0.183781132994473
Microgale cowani,1146,832,0.367564567481756
Microgale cowani,1162,832,2.02137478975803
Microgale cowani,1163,832,0.826945434479237
Microgale cowani,1214,832,0.367459639964223
Microgale cowani,1229,832,1.46972063059181
Microgale cowani,1230,832,0.275577679304183
Microgale cowani,1355,832,366.147778927468
Microgale cowani,11713,939,19.5821926010261
Microgale cowani,11545,855,208.855460188826
Microgale cowani,11716,855,28.1809853154598
Microgale cowani,11717,855,66.1899405958974
Microgale cowani,11718,855,0.820644420907617
Microgale cowani,11719,855,1.73194615611291
Microgale cowani,11721,855,83.2026980152344
Microgale cowani,11722,940,11.844067606982
Microgale cowani,3792,858,0.812480411258936
Microgale cowani,11560,858,16.6994855698657
Microgale cowani,11633,908,59.0116196877182
Microgale cowani,1388,928,94.7539712538144
Microgale cowani,11703,929,87.9891050634434
Microgale cowani,11688,930,26.6587824925889
Microgale cowani,11690,930,16.2380797407103
Microgale cowani,11689,931,254.421082642661
Microgale cowani,11691,931,0.645659265649438
Microgale cowani,11699,936,495.749739048718
Microgale cowani,11724,941,60.163082250062
Microgale cowani,11712,938,31.6704292118326
Microgale cowani,11725,942,5.74979056634986
Microgale drouhardi,106,18,26.2567140975431
Microgale drouhardi,116,18,0.644736027104974
Microgale drouhardi,119,18,90.7375465159783
Microgale drouhardi,120,19,3.68393426545006
Microgale drouhardi,278,40,0.091165282910943
Microgale drouhardi,284,40,15.861074865428
Microgale drouhardi,3,1,56.8711675529887
Microgale drouhardi,2468,361,9.36908318528281
Microgale drouhardi,205,31,33.8666662566687
Microgale drouhardi,207,31,0.3660581814937
Microgale drouhardi,208,31,0.366043563450038
Microgale drouhardi,2549,397,61.2124982058693
Microgale drouhardi,691,72,2.87876883525968
Microgale drouhardi,693,72,0.899620833965421
Microgale drouhardi,700,72,0.269868277515173
Microgale drouhardi,2517,72,45.3586244343983
Microgale drouhardi,2518,72,33.0953660842072
Microgale drouhardi,2493,371,52.0931107730117
Microgale drouhardi,2580,409,31.1097970257607
Microgale drouhardi,2581,409,29.6010280215059
Microgale drouhardi,2396,284,48.282664278709
Microgale drouhardi,2595,415,197.364352225011
Microgale drouhardi,194,29,89.8712606361253
Microgale drouhardi,1910,336,0.265972006814122
Microgale drouhardi,2527,336,138.846313450127
Microgale drouhardi,2574,336,9.04229392746901
Microgale drouhardi,2594,414,68.6631767822923
Microgale drouhardi,148,22,0.18402045498687
Microgale drouhardi,153,22,0.919496630984008
Microgale drouhardi,172,22,1200.42571165455
Microgale drouhardi,187,26,218.489161890473
Microgale drouhardi,2597,416,4.95616607062131
Microgale drouhardi,2598,417,19.8205211282898
Microgale drouhardi,2487,38,202.835694310129
Microgale drouhardi,2608,38,28.1809853154598
Microgale drouhardi,2609,38,21.3355397109577
Microgale drouhardi,2610,38,0.820644420907617
Microgale drouhardi,509,53,0.812480411258936
Microgale drouhardi,2499,53,16.6994855698657
Microgale drouhardi,2562,404,59.0116196877182
Microgale dryas,9,4,30.0587182645782
Microgale dryas,11,6,86.8019054917116
Microgale dryas,14,6,84.5717502941514
Microgale dryas,15,6,0.275470983039737
Microgale dryas,16,7,31.4720297234889
Microgale dryas,17,7,29.8132933344408
Microgale dryas,18,8,19.439023896375
Microgale dryas,19,8,0.733449546446562
Microgale dryas,20,8,58.8448757092026
Microgale dryas,22,8,28.7773817194793
Microgale dryas,68,23,45.3586244344044
Microgale dryas,69,23,0.179958904524803
Microgale dryas,71,23,2.87876883525968
Microgale dryas,72,23,0.899620833965421
Microgale dryas,73,23,0.269868277515173
Microgale dryas,75,23,33.0953660842019
Microgale dryas,158,39,57.2471492281184
Microgale dryas,45,14,10.5032452920052
Microgale fotsifotsy,13,1,56.8711675529887
Microgale fotsifotsy,3106,1,9.36908318528281
Microgale fotsifotsy,3107,1,28.8450665179954
Microgale fotsifotsy,3178,501,61.2124982058693
Microgale fotsifotsy,2240,179,52.5005638445029
Microgale fotsifotsy,3148,513,26.1848926319454
Microgale fotsifotsy,1151,469,2.87876883525968
Microgale fotsifotsy,1153,469,0.899620833965421
Microgale fotsifotsy,1164,469,0.269868277515173
Microgale fotsifotsy,3142,469,45.3586244343983
Microgale fotsifotsy,3143,469,33.0953660842072
Microgale fotsifotsy,3210,516,52.0931107730117
Microgale fotsifotsy,3219,517,31.1097970257607
Microgale fotsifotsy,3220,517,29.6010280215059
Microgale fotsifotsy,3021,356,48.282664278709
Microgale fotsifotsy,3251,529,114.065081012249
Microgale fotsifotsy,315,43,89.8712606361253
Microgale fotsifotsy,2501,428,0.265972006814122
Microgale fotsifotsy,3158,428,138.846313450127
Microgale fotsifotsy,3202,428,9.04229392746901
Microgale fotsifotsy,3243,523,57.9452893114559
Microgale fotsifotsy,127,16,0.6456592656492
Microgale fotsifotsy,3244,16,247.31927593812
Microgale fotsifotsy,303,39,78.3217054341078
Microgale fotsifotsy,3253,530,8.71907181817847
Microgale fotsifotsy,3255,531,4.95616607062131
Microgale fotsifotsy,3256,532,15.8749134409077
Microgale fotsifotsy,847,75,0.812480411258936
Microgale fotsifotsy,3126,75,16.6994855698657
Microgale fotsifotsy,488,452,53.0923373100671
Microgale fotsifotsy,3097,452,31.5791662362505
Microgale fotsifotsy,3262,452,28.5600100860078
Microgale fotsifotsy,3263,452,28.1809853154598
Microgale fotsifotsy,3264,452,8.57128369915081
Microgale fotsifotsy,3265,452,0.820644420907617
Microgale fotsifotsy,3125,510,59.0116196877182
Microgale fotsifotsy,230,525,1.74986507844758
Microgale fotsifotsy,267,525,0.18402045498687
Microgale fotsifotsy,296,525,1957.45076687327
Microgale fotsifotsy,3245,526,26.6587824925889
Microgale gracilis,11,4,16.7667195900946
Microgale gracilis,12,4,0.552705523771942
Microgale gracilis,115,15,25.7426805189337
Microgale gracilis,1378,166,31.423229277505
Microgale gracilis,125,178,2.24909224567234
Microgale gracilis,126,178,0.179934098074555
Microgale gracilis,128,178,2.87876883525968
Microgale gracilis,129,178,0.899620833965421
Microgale gracilis,135,178,0.269868277515173
Microgale gracilis,167,178,33.0953660842072
Microgale gracilis,31,7,29.8631255431825
Microgale gracilis,32,163,0.3660581814937
Microgale gracilis,33,163,0.366043563450038
Microgale gracilis,1375,163,33.8666662566687
Microgale gracilis,1110,168,0.265972006814122
Microgale gracilis,1165,168,138.846313450127
Microgale gracilis,1390,168,9.04229392746901
Microgale gracilis,1405,183,62.019508134887
Microgale gracilis,26,5,924.540772150662
Microgale gracilis,27,5,0.919496630984008
Microgale gracilis,1371,5,29.3755253240241
Microgale gracilis,1406,5,0.18402045498687
Microgale gracilis,1402,129,50.1217543502969
Microgale gracilis,1380,177,59.0116196877182
Microgale gymnorhyncha,3284,175,29.4123165165292
Microgale gymnorhyncha,3306,176,27.2715936270507
Microgale gymnorhyncha,3333,187,61.2124982058693
Microgale gymnorhyncha,302,23,0.179958904524803
Microgale gymnorhyncha,304,23,2.87876883525968
Microgale gymnorhyncha,305,23,0.899620833965421
Microgale gymnorhyncha,310,23,0.269868277515173
Microgale gymnorhyncha,3317,23,45.3586244343983
Microgale gymnorhyncha,3318,23,33.0953660842072
Microgale gymnorhyncha,3309,178,52.0931107730117
Microgale gymnorhyncha,3378,196,31.1097970257607
Microgale gymnorhyncha,3379,196,29.6010280215059
Microgale gymnorhyncha,3184,123,48.282664278709
Microgale gymnorhyncha,2516,184,113.437646918732
Microgale gymnorhyncha,3089,185,138.846313450127
Microgale gymnorhyncha,3384,201,68.6631767822923
Microgale gymnorhyncha,9,4,26.6587824925889
Microgale gymnorhyncha,3380,4,0.3690976892097
Microgale gymnorhyncha,3385,4,16.2380797407103
Microgale gymnorhyncha,92,6,782.916275257341
Microgale gymnorhyncha,3390,6,154.89606495298
Microgale gymnorhyncha,37,7,118.746055638139
Microgale gymnorhyncha,85,11,83.7037510136074
Microgale gymnorhyncha,123,11,0.0918507397885323
Microgale gymnorhyncha,3391,11,70.8794181292531
Microgale gymnorhyncha,196,180,0.812480411258936
Microgale gymnorhyncha,3313,180,16.6994855698657
Microgale gymnorhyncha,3314,180,0.180557963597178
Microgale gymnorhyncha,3392,180,1.17365293457222
Microgale gymnorhyncha,204,181,59.0116196877182
Microgale gymnorhyncha,3387,202,2.67266141879243
Microgale gymnorhyncha,3389,202,63.489192950349
Microgale longicaudata,36,6,0.18546587502265
Microgale longicaudata,40,6,6.4908973798604
Microgale longicaudata,113,23,9.25542923517722
Microgale longicaudata,114,23,1.48074673073471
Microgale longicaudata,1076,155,3.21620605602419
Microgale longicaudata,44,8,17.8933026001772
Microgale longicaudata,51,8,0.0927073077802658
Microgale longicaudata,60,11,0.0926675960290432
Microgale longicaudata,62,11,43.2675847418705
Microgale longicaudata,68,11,0.0926606114119887
Microgale longicaudata,73,11,0.0926476122773886
Microgale longicaudata,78,11,0.0926436052986383
Microgale longicaudata,23,1,0.278243954662919
Microgale longicaudata,37,1,120.652777342245
Microgale longicaudata,7698,1,56.8711675529887
Microgale longicaudata,1590,237,64.9869920614074
Microgale longicaudata,7648,1247,0.604549703200459
Microgale longicaudata,7809,1247,19.9515621485635
Microgale longicaudata,7805,1248,27.2715936270507
Microgale longicaudata,7806,1249,29.4123165165292
Microgale longicaudata,7807,1250,29.3885406549345
Microgale longicaudata,7808,1251,20.6592519148769
Microgale longicaudata,7871,1288,61.2124982058693
Microgale longicaudata,7928,1312,31.1097970257607
Microgale longicaudata,7929,1312,29.6010280215059
Microgale longicaudata,3630,1255,2.87876883525968
Microgale longicaudata,3634,1255,0.899620833965421
Microgale longicaudata,3649,1255,0.269868277515173
Microgale longicaudata,7853,1255,45.3586244343983
Microgale longicaudata,7854,1255,33.0953660842072
Microgale longicaudata,7936,1315,52.0931107730117
Microgale longicaudata,7469,1029,48.282664278709
Microgale longicaudata,7821,1291,113.437646918732
Microgale longicaudata,7748,1331,29.1295754598171
Microgale longicaudata,7749,1331,27.8442933033056
Microgale longicaudata,7968,1335,16.2380797407103
Microgale longicaudata,7873,1280,138.846313450127
Microgale longicaudata,7963,1330,68.6631767822923
Microgale longicaudata,326,58,19.9337849990107
Microgale longicaudata,1020,133,0.183841973942041
Microgale longicaudata,1025,133,0.643432019172192
Microgale longicaudata,1051,133,0.275717098941624
Microgale longicaudata,1058,133,0.275709061498523
Microgale longicaudata,1062,133,0.459508593737543
Microgale longicaudata,1065,133,0.45949710468936
Microgale longicaudata,1080,133,1.10266377710527
Microgale longicaudata,1097,133,0.826945434479237
Microgale longicaudata,1137,133,0.367459639964223
Microgale longicaudata,1151,133,1.46972063059181
Microgale longicaudata,1236,133,366.147778927468
Microgale longicaudata,7997,1344,19.5821926010261
Microgale longicaudata,1354,197,49.6465774041975
Microgale longicaudata,1921,268,30.9416330095792
Microgale longicaudata,1013,1224,0.459616383672059
Microgale longicaudata,1026,1224,0.275752651619673
Microgale longicaudata,1071,1224,0.183794934333146
Microgale longicaudata,1074,1224,53.6769175645747
Microgale longicaudata,1077,1224,0.551364106284499
Microgale longicaudata,1091,1224,0.551319225258708
Microgale longicaudata,1100,1224,0.643170052255213
Microgale longicaudata,2218,1224,2609.35666769842
Microgale longicaudata,8000,1224,0.18402045498687
Microgale longicaudata,8001,1345,1092.42940141559
Microgale longicaudata,8002,1345,19.4390238963762
Microgale longicaudata,2995,1237,0.812480411258936
Microgale longicaudata,7838,1237,16.6994855698657
Microgale longicaudata,7909,1307,59.0116196877182
Microgale longicaudata,7822,1318,208.855460188826
Microgale longicaudata,8004,1318,28.1809853154598
Microgale longicaudata,8005,1318,66.1899405958974
Microgale longicaudata,8006,1318,0.820644420907617
Microgale longicaudata,8007,1346,1.73194615611291
Microgale longicaudata,8009,1346,83.2026980152344
Microgale longicaudata,8010,1347,11.844067606982
Microgale longicaudata,7964,1332,3.2854141933409
Microgale longicaudata,7966,1333,26.6587824925889
Microgale longicaudata,7967,1334,254.421082642661
Microgale longicaudata,7969,1334,0.645659265649438
Microgale longicaudata,7981,1340,216.318745159363
Microgale longicaudata,8016,1348,30.0798712901392
Microgale longicaudata,8017,1348,25.8675714531479
Microgale longicaudata,7995,1342,90.3937869662622
Microgale longicaudata,7996,1343,65.9968218823523
Microgale longicaudata,8018,1349,62.6106702145676
Microgale longicaudata,8019,1350,5.74979056634986
Microgale longicaudata,8020,1351,15.032588320411
Microgale longicaudata,8021,1352,7.74432683949936
Microgale majori,4,1,28.8450665179954
Microgale majori,148,111,28.1809853154598
Microgale majori,598,115,52.0931107730117
Microgale majori,553,96,31.1097970257607
Microgale majori,605,96,29.6010280215059
Microgale majori,310,113,2.87876883525968
Microgale majori,311,113,0.899620833965421
Microgale majori,314,113,0.269868277515173
Microgale majori,593,113,45.3586244343983
Microgale majori,596,113,33.0953660842072
Microgale majori,610,117,59.8037401907951
Microgale majori,41,14,164.850226125621
Microgale majori,612,119,26.6587824925889
Microgale majori,47,15,57.67030692128
Microgale majori,54,15,416.709199273302
Microgale parvula,953,177,3.21620605602419
Microgale parvula,42,12,0.0926675960290432
Microgale parvula,44,12,43.2675847418705
Microgale parvula,47,12,0.0926606114119887
Microgale parvula,51,12,0.0926476122773886
Microgale parvula,56,12,0.0926436052986383
Microgale parvula,24,6,0.278243954662919
Microgale parvula,31,6,114.253922684143
Microgale parvula,7676,6,56.8711675529887
Microgale parvula,1545,276,41.9188143008253
Microgale parvula,7674,1432,0.604549703200459
Microgale parvula,7757,1432,19.9515621485635
Microgale parvula,7675,1433,29.4123165165292
Microgale parvula,7753,1434,27.2715936270507
Microgale parvula,7755,1435,29.3885406549345
Microgale parvula,7756,1436,20.6592519148769
Microgale parvula,7830,1472,61.2124982058693
Microgale parvula,3200,1440,2.87876883525968
Microgale parvula,3204,1440,0.899620833965421
Microgale parvula,3220,1440,0.269868277515173
Microgale parvula,7811,1440,45.3586244343983
Microgale parvula,7812,1440,33.0953660842072
Microgale parvula,7912,1502,52.0931107730117
Microgale parvula,7904,1503,31.1097970257607
Microgale parvula,7905,1503,29.6010280215059
Microgale parvula,7511,1201,48.282664278709
Microgale parvula,7780,1457,113.437646918732
Microgale parvula,7946,1522,16.2380797407103
Microgale parvula,6242,1370,0.265972006814122
Microgale parvula,7832,1370,138.846313450127
Microgale parvula,7898,1370,9.04229392746901
Microgale parvula,7942,1519,68.6631767822923
Microgale parvula,881,51,0.459616383672059
Microgale parvula,898,51,0.275752651619673
Microgale parvula,949,51,0.183794934333146
Microgale parvula,952,51,53.6769175645747
Microgale parvula,954,51,0.551364106284499
Microgale parvula,978,51,0.551319225258708
Microgale parvula,987,51,0.643170052255213
Microgale parvula,2119,51,2609.35666769842
Microgale parvula,7978,51,0.18402045498687
Microgale parvula,1438,1531,5.77360824797505
Microgale parvula,8000,1531,58.1245802735148
Microgale parvula,7959,1532,28.7773817194842
Microgale parvula,7980,1532,1103.96343099271
Microgale parvula,7999,1532,19.4390238963762
Microgale parvula,7979,1533,322.648436083532
Microgale parvula,7982,1534,4.95616607062131
Microgale parvula,7983,1535,19.8205211282898
Microgale parvula,7989,1536,7.43174190611184
Microgale parvula,7990,1537,3.11954769088572
Microgale parvula,7996,1538,59.2391267675772
Microgale parvula,233,56,19.9337849990107
Microgale parvula,890,146,0.183841973942041
Microgale parvula,895,146,0.643432019172192
Microgale parvula,924,146,0.275717098941624
Microgale parvula,932,146,0.275709061498523
Microgale parvula,939,146,0.459508593737543
Microgale parvula,945,146,0.45949710468936
Microgale parvula,961,146,1.10266377710527
Microgale parvula,985,146,0.826945434479237
Microgale parvula,1028,146,0.367459639964223
Microgale parvula,1045,146,1.46972063059181
Microgale parvula,1140,146,366.147778927468
Microgale parvula,7976,1539,19.5821926010261
Microgale parvula,2573,1421,0.812480411258936
Microgale parvula,7796,1421,16.6994855698657
Microgale parvula,7872,1495,59.0116196877182
Microgale parvula,7781,1505,208.855460188826
Microgale parvula,8003,1505,28.1809853154598
Microgale parvula,8004,1505,66.1899405958974
Microgale parvula,8005,1505,0.820644420907617
Microgale parvula,8006,1540,1.73194615611291
Microgale parvula,8008,1540,83.2026980152344
Microgale parvula,8009,1541,11.844067606982
Microgale parvula,7930,1513,151.055431051786
Microgale parvula,8011,1542,3.30296723872322
Microgale parvula,8012,1543,7.8888975294175
Microgale parvula,8014,1544,118.514859144707
Microgale parvula,8015,1545,29.8631327553117
Microgale parvula,7944,1520,26.6587824925889
Microgale parvula,7945,1521,254.421082642661
Microgale parvula,7947,1521,0.645659265649438
Microgale parvula,7960,1526,234.708229999792
Microgale parvula,8016,1526,17.1974791608272
Microgale parvula,8017,1546,0.365857744152904
Microgale parvula,8018,1546,147.565898089784
Microgale parvula,7974,1529,90.3937869662622
Microgale parvula,7975,1530,65.9968218823523
Microgale parvula,8019,1547,62.6106702145676
Microgale parvula,8020,1548,5.74979056634986
Microgale parvula,8021,1549,15.032588320411
Microgale parvula,8022,1550,7.74432683949936
Microgale principula,1,1,56.8711675529887
Microgale principula,4910,607,29.4123165165292
Microgale principula,4942,684,27.2715936270507
Microgale principula,4943,685,29.3885406549345
Microgale principula,4944,686,20.6592519148769
Microgale principula,5017,721,61.2124982058693
Microgale principula,5097,748,52.0931107730117
Microgale principula,1578,691,2.87876883525968
Microgale principula,1581,691,0.899620833965421
Microgale principula,1594,691,0.269868277515173
Microgale principula,4998,691,45.3586244343983
Microgale principula,4999,691,33.0953660842072
Microgale principula,5089,749,31.1097970257607
Microgale principula,5090,749,29.6010280215059
Microgale principula,4793,560,48.282664278709
Microgale principula,4967,707,113.437646918732
Microgale principula,5126,766,16.2380797407103
Microgale principula,3791,642,0.265972006814122
Microgale principula,5019,642,138.846313450127
Microgale principula,5083,642,9.04229392746901
Microgale principula,5123,764,68.6631767822923
Microgale principula,53,2,254.421082642661
Microgale principula,5127,2,0.645659265649438
Microgale principula,15,6,19.9337849990107
Microgale principula,231,28,0.183841973942041
Microgale principula,234,28,0.643432019172192
Microgale principula,261,28,254.819554707233
Microgale principula,394,46,41.9105469490677
Microgale principula,406,774,23.4169395760586
Microgale principula,1125,696,0.812480411258936
Microgale principula,4983,696,16.6994855698657
Microgale principula,5059,742,59.0116196877182
Microgale principula,100,754,0.644736027104974
Microgale principula,108,754,0.184197436095715
Microgale principula,115,754,149.498138390679
Microgale principula,190,754,0.4598808172791
Microgale principula,224,754,1.3788789025259
Microgale principula,794,754,2424.24713301839
Microgale principula,5156,754,0.18402045498687
Microgale principula,5139,775,28.7773817194842
Microgale principula,5158,775,1090.96766943862
Microgale principula,5174,775,19.4390238963762
Microgale principula,5157,776,322.648436083532
Microgale principula,5160,777,4.95616607062131
Microgale principula,5161,778,19.8205211282898
Microgale principula,5167,779,7.43174190611184
Microgale principula,5110,755,118.514859144707
Microgale principula,5185,780,7.8888975294175
Microgale principula,5187,781,29.8631327553117
Microgale principula,4968,756,205.571979465457
Microgale principula,5177,756,28.1809853154598
Microgale principula,5178,756,66.1899405958974
Microgale principula,5179,756,0.820644420907617
Microgale principula,5180,782,1.73194615611291
Microgale principula,5182,782,83.2026980152344
Microgale principula,5183,783,11.844067606982
Microgale principula,5111,758,59.2391267675772
Microgale principula,5125,765,26.6587824925889
Microgale principula,428,767,0.0914152072403431
Microgale principula,5189,767,0.365857744152904
Microgale principula,5190,767,126.902982615365
Microgale principula,5140,784,234.708229999792
Microgale principula,5188,784,17.1974791608272
Microgale principula,5153,772,86.1021201956665
Microgale principula,5154,773,65.9968218823523
Microgale principula,5191,785,62.6106702145676
Microgale principula,5192,786,5.74979056634986
Microgale principula,5193,787,15.032588320411
Microgale principula,5194,788,7.74432683949936
Microgale pusilla,42,7,4.33443217345184
Microgale pusilla,178,23,9.72594043660879
Microgale pusilla,453,68,22.5162443939922
Microgale pusilla,71,437,4.05232580194205
Microgale pusilla,2269,503,29.4123165165292
Microgale pusilla,2445,507,27.2715936270507
Microgale pusilla,168,509,18.9148983457139
Microgale pusilla,2452,512,52.0931107730117
Microgale pusilla,1997,337,31.1097970257607
Microgale pusilla,2450,510,42.9295980906537
Microgale pusilla,2480,527,29.3626977272841
Microgale pusilla,41,3,0.6456592656492
Microgale pusilla,2463,3,231.456379009161
Microgale pusilla,135,14,60.6757308631249
Microgale pusilla,303,29,219.655027319219
Microgale pusilla,2431,63,83.2026980152344
Microgale pusilla,2497,63,1.73194615611291
Microgale pusilla,2499,528,11.844067606982
Microgale pusilla,617,94,0.812480411258936
Microgale pusilla,632,94,16.6994855698657
Microgale pusilla,475,498,53.0923373100671
Microgale pusilla,2492,498,28.1809853154598
Microgale pusilla,2493,498,8.57128369915081
Microgale pusilla,2494,498,0.820644420907617
Microgale pusilla,424,506,5.74979056634986
Microgale pusilla,263,520,1931.7119272925
Microgale pusilla,2482,520,0.18402045498687
Microgale pusilla,2484,520,29.9397506544827
Microgale pusilla,2475,529,28.7773817194842
Microgale pusilla,2491,529,59.3949199460698
Microgale pusilla,2483,530,59.9645208859885
Microgale pusilla,2485,531,29.2902279122488
Microgale pusilla,2486,532,24.6020278093903
Microgale pusilla,2487,533,98.758413175274
Microgale pusilla,2488,534,267.515025077313
Microgale pusilla,2476,526,29.2147179712455
Microgale soricoides,309,171,1.8373651948179
Microgale soricoides,312,171,0.367459639964223
Microgale soricoides,318,171,0.183724619395971
Microgale soricoides,319,171,0.275586929093957
Microgale soricoides,326,171,1.46972063059181
Microgale soricoides,327,171,0.275577679304183
Microgale soricoides,339,171,2.75561017110461
Microgale soricoides,340,171,0.275553377308786
Microgale soricoides,376,15,29.9898296926292
Microgale soricoides,3879,142,29.4123165165292
Microgale soricoides,3960,217,27.2715936270507
Microgale soricoides,3961,218,29.3885406549345
Microgale soricoides,381,17,28.1809853154598
Microgale soricoides,3993,233,61.2124982058693
Microgale soricoides,4032,244,52.0931107730117
Microgale soricoides,971,220,0.179958904524803
Microgale soricoides,981,220,2.87876883525968
Microgale soricoides,983,220,0.899620833965421
Microgale soricoides,995,220,0.269868277515173
Microgale soricoides,3974,220,45.3586244343983
Microgale soricoides,3975,220,33.0953660842072
Microgale soricoides,4029,246,31.1097970257607
Microgale soricoides,4030,246,29.6010280215059
Microgale soricoides,4043,251,28.6147883524215
Microgale soricoides,2894,228,113.437646918732
Microgale soricoides,3758,231,48.282664278709
Microgale soricoides,4063,258,26.6591388056021
Microgale soricoides,4070,261,59.9645208859885
Microgale soricoides,379,262,60.0081350929425
Microgale soricoides,4007,242,138.846313450127
Microgale soricoides,4060,256,68.6631767822923
Microgale soricoides,56,4,0.460479690076709
Microgale soricoides,57,4,0.276287814046025
Microgale soricoides,131,4,0.18402045498687
Microgale soricoides,179,4,0.4598808172791
Microgale soricoides,260,4,1036.81783084877
Microgale soricoides,4065,4,2.67266141879243
Microgale soricoides,4067,4,155.901481917966
Microgale soricoides,58,6,148.654515054755
Microgale soricoides,4071,6,29.7439079649625
Microgale soricoides,241,9,210.354498426795
Microgale soricoides,341,9,0.551107912560761
Microgale soricoides,4072,263,18.9386233360229
Microgale soricoides,735,24,0.812480411258936
Microgale soricoides,3970,24,16.6994855698657
Microgale soricoides,3971,24,0.180557963597178
Microgale soricoides,4073,24,1.17365293457222
Microgale soricoides,1197,221,59.0116196877182
Microgale soricoides,4035,257,0.3690976892097
Microgale soricoides,4061,257,26.6587824925889
Microgale soricoides,4062,257,16.2380797407103
Microgale taiva,21,6,66.5158365371127
Microgale taiva,3526,307,29.4123165165292
Microgale taiva,3556,376,29.3885406549345
Microgale taiva,761,380,0.812480411258936
Microgale taiva,3570,380,16.6994855698657
Microgale taiva,3602,403,61.2124982058693
Microgale taiva,968,377,2.87876883525968
Microgale taiva,970,377,0.899620833965421
Microgale taiva,977,377,0.269868277515173
Microgale taiva,3583,377,45.3586244343983
Microgale taiva,3584,377,33.0953660842072
Microgale taiva,3684,432,52.0931107730117
Microgale taiva,3677,433,31.1097970257607
Microgale taiva,3678,433,29.6010280215059
Microgale taiva,3392,347,48.282664278709
Microgale taiva,3558,390,113.437646918732
Microgale taiva,3707,447,19.1031559591866
Microgale taiva,26,4,94.6503838187693
Microgale taiva,22,7,26.6587824925889
Microgale taiva,3708,449,16.2380797407103
Microgale taiva,2528,391,0.265972006814122
Microgale taiva,3604,391,138.846313450127
Microgale taiva,3671,391,9.04229392746901
Microgale taiva,3705,446,68.6631767822923
Microgale taiva,45,8,0.644736027104974
Microgale taiva,50,8,100.136196696791
Microgale taiva,111,8,0.18402045498687
Microgale taiva,225,8,0.459616383672059
Microgale taiva,235,8,0.275752651619673
Microgale taiva,262,8,0.183794934333146
Microgale taiva,263,8,53.6769175645747
Microgale taiva,265,8,0.551364106284499
Microgale taiva,270,8,0.551319225258708
Microgale taiva,276,8,0.643170052255213
Microgale taiva,663,8,2237.53029242412
Microgale taiva,3710,8,30.1057095869768
Microgale taiva,3733,457,1092.42940141559
Microgale taiva,3734,458,7.43174190611184
Microgale taiva,231,23,0.183841973942041
Microgale taiva,234,23,0.643432019172192
Microgale taiva,249,23,0.275717098941624
Microgale taiva,254,23,0.275709061498523
Microgale taiva,256,23,0.459508593737543
Microgale taiva,258,23,0.45949710468936
Microgale taiva,266,23,1.10266377710527
Microgale taiva,274,23,0.826945434479237
Microgale taiva,288,23,0.367459639964223
Microgale taiva,295,23,1.46972063059181
Microgale taiva,355,23,366.147778927468
Microgale taiva,3732,459,19.5821926010261
Microgale taiva,345,40,86.0996075503236
Microgale taiva,382,43,16.4322658197068
Microgale taiva,3532,372,208.855460188826
Microgale taiva,3737,372,28.1809853154598
Microgale taiva,3738,372,66.1899405958974
Microgale taiva,3739,372,0.820644420907617
Microgale taiva,3740,460,1.73194615611291
Microgale taiva,3742,460,83.2026980152344
Microgale taiva,3743,461,11.844067606982
Microgale taiva,3645,426,59.0116196877182
Microgale taiva,3580,440,15.032588320411
Microgale taiva,3717,453,233.793414136171
Microgale taiva,3744,462,30.0798712901392
Microgale taiva,3730,455,61.0887142109144
Microgale taiva,3731,456,62.6106702145676
Microgale taiva,3745,463,5.74979056634986
Microgale thomasi,1,1,30.1491915678553
Microgale thomasi,90,145,0.919496630984008
Microgale thomasi,97,145,6.25186649493766
Microgale thomasi,154,29,31.6875166683323
Microgale thomasi,1240,125,29.4123165165292
Microgale thomasi,1259,146,28.1809853154598
Microgale thomasi,1303,183,61.2124982058693
Microgale thomasi,1352,188,52.0931107730117
Microgale thomasi,717,159,0.179958904524803
Microgale thomasi,728,159,2.87876883525968
Microgale thomasi,730,159,0.899620833965421
Microgale thomasi,738,159,0.269868277515173
Microgale thomasi,1301,159,45.3586244343983
Microgale thomasi,1302,159,33.0953660842072
Microgale thomasi,1359,190,31.1097970257607
Microgale thomasi,147,27,29.8981383788189
Microgale thomasi,1192,134,48.282664278709
Microgale thomasi,1373,195,57.2295433791005
Microgale thomasi,1315,169,138.846313450127
Microgale thomasi,1386,201,73.9912359017386
Microgale thomasi,1380,197,57.9452893114559
Microgale thomasi,66,17,148.654515054755
Microgale thomasi,1381,17,30.1057095869768
Microgale thomasi,1388,17,29.7439079649625
Microgale thomasi,84,21,0.18402045498687
Microgale thomasi,86,21,18.8525092663892
Microgale thomasi,98,21,0.183868284008205
Microgale thomasi,140,21,805.748694228136
Microgale thomasi,143,25,16.4322658197068
Microgale thomasi,156,31,59.0909457006255
Microgale thomasi,1393,202,11.9793527918288
Microgale thomasi,523,162,0.812480411258936
Microgale thomasi,1288,162,16.6994855698657
Microgale thomasi,1290,162,0.180557963597178
Microgale thomasi,1394,162,1.17365293457222
Microgale thomasi,866,164,59.0116196877182
Microgale thomasi,59,191,40.2587459644453
Microgale thomasi,64,191,0.460479690076709
Microgale thomasi,65,191,0.276287814046025
Microgale thomasi,68,191,464.349705758663
Microgale thomasi,144,199,216.069990837043
Microgale thomasi,1390,199,61.5747341633764
Microgale thomasi,1391,199,30.0885079199013
Microgale thomasi,1392,203,151.421926931145
Microgale thomasi,1363,200,26.6587824925889
Microgale thomasi,1364,200,0.3690976892097
Microgale thomasi,1387,200,16.2380797407103
Monticola sharpei,24902,88,68.4073900828574
Monticola sharpei,26400,83,112.468627701651
Monticola sharpei,100,95,21.1261124531245
Monticola sharpei,133,2,9.25542923517722
Monticola sharpei,140,2,1.48074673073471
Monticola sharpei,142,2,1.48068535666716
Monticola sharpei,143,2,0.277623898765862
Monticola sharpei,150,2,1.38815019469857
Monticola sharpei,30725,2,0.185083622752249
Monticola sharpei,20,1,0.55664420881176
Monticola sharpei,23,1,0.371099061261296
Monticola sharpei,25,1,0.556625695955813
Monticola sharpei,27,1,0.185535398295105
Monticola sharpei,30,1,0.463806772104442
Monticola sharpei,32,1,0.27827526928854
Monticola sharpei,33,1,0.463781360735595
Monticola sharpei,39,1,0.278243954662919
Monticola sharpei,45,1,0.64914825101471
Monticola sharpei,47,1,120.469913094516
Monticola sharpei,30724,1,56.8711675529887
Monticola sharpei,29478,99,0.777178853789091
Monticola sharpei,30766,99,0.604549703200817
Monticola sharpei,30881,99,27.2715936270507
Monticola sharpei,30882,99,29.4123165165292
Monticola sharpei,30883,99,29.3885406549345
Monticola sharpei,30884,99,20.6592519148769
Monticola sharpei,30885,99,19.9515621485635
Monticola sharpei,30705,100,44.4928427752445
Monticola sharpei,12176,113,0.179958904524803
Monticola sharpei,12261,113,2.87876883525968
Monticola sharpei,12269,113,0.899620833965421
Monticola sharpei,12322,113,0.269868277515173
Monticola sharpei,30961,113,45.3586244343983
Monticola sharpei,30962,113,33.0953660842072
Monticola sharpei,31076,114,52.0931107730117
Monticola sharpei,30931,105,113.437646918732
Monticola sharpei,29834,108,48.282664278709
Monticola sharpei,31053,110,31.1097970257607
Monticola sharpei,31054,110,29.6010280215059
Monticola sharpei,20868,104,0.620648212959528
Monticola sharpei,20892,104,0.265972006814122
Monticola sharpei,20927,104,0.709200345668078
Monticola sharpei,20957,104,0.177290677110672
Monticola sharpei,30981,104,138.846313450127
Monticola sharpei,30982,104,0.177275942426443
Monticola sharpei,30983,104,0.177274304782152
Monticola sharpei,31047,104,9.04229392746901
Monticola sharpei,31106,104,68.6631767822923
Monticola sharpei,476,90,19.9337849990107
Monticola sharpei,31109,90,254.421082642661
Monticola sharpei,31111,90,0.645659265649438
Monticola sharpei,31085,116,0.3690976892097
Monticola sharpei,31108,116,26.6587824925889
Monticola sharpei,31110,116,16.2380797407103
Monticola sharpei,10132,102,0.812480411258936
Monticola sharpei,30947,102,16.6994855698657
Monticola sharpei,30979,102,61.2124982058693
Monticola sharpei,31021,102,59.0116196877182
Monticola sharpei,31175,102,1.17365293457222
Monticola sharpei,31176,102,0.180557963597178
Monticola sharpei,1701,115,0.643524707942724
Monticola sharpei,1753,115,0.459616383672059
Monticola sharpei,1765,115,0.183841973942041
Monticola sharpei,1774,115,0.643432019172192
Monticola sharpei,1780,115,0.275752651619673
Monticola sharpei,1799,115,0.367655302864194
Monticola sharpei,1813,115,1.56243208603442
Monticola sharpei,1814,115,0.275729722221732
Monticola sharpei,1831,115,0.275717098941624
Monticola sharpei,1842,115,0.275709061498523
Monticola sharpei,1847,115,0.459508593737543
Monticola sharpei,1854,115,0.45949710468936
Monticola sharpei,1855,115,1.1946710927344
Monticola sharpei,1867,115,0.183794934333146
Monticola sharpei,1873,115,53.6769175645747
Monticola sharpei,1875,115,3.21620605602419
Monticola sharpei,1876,115,0.551364106284499
Monticola sharpei,1888,115,1.10266377710527
Monticola sharpei,1895,115,0.183781132994473
Monticola sharpei,1896,115,0.367564567481756
Monticola sharpei,1905,115,0.183777680330753
Monticola sharpei,1910,115,0.551319225258708
Monticola sharpei,1915,115,0.183773075227499
Monticola sharpei,1922,115,1.10259928914046
Monticola sharpei,1926,115,2.02137478975803
Monticola sharpei,1927,115,0.826945434479237
Monticola sharpei,1933,115,0.643170052255213
Monticola sharpei,1936,115,0.183763859938979
Monticola sharpei,1942,115,0.183761555059075
Monticola sharpei,1943,115,1.65382056523675
Monticola sharpei,1966,115,0.826825480994821
Monticola sharpei,1998,115,0.459349671094894
Monticola sharpei,2017,115,0.367459639964223
Monticola sharpei,2029,115,0.183724619395971
Monticola sharpei,2030,115,0.275586929093957
Monticola sharpei,2037,115,1.46972063059181
Monticola sharpei,2038,115,0.275577679304183
Monticola sharpei,2096,115,0.367363554798603
Monticola sharpei,2183,115,366.147778927468
Monticola sharpei,2214,115,0.275443051051259
Monticola sharpei,5948,115,2609.35666769842
Monticola sharpei,31122,115,0.733449546446324
Monticola sharpei,31123,115,28.7773817194842
Monticola sharpei,31124,115,234.708229999792
Monticola sharpei,31140,115,19.5821926010261
Monticola sharpei,31142,115,0.18402045498687
Monticola sharpei,31143,115,322.648436083532
Monticola sharpei,31144,115,1103.96343099271
Monticola sharpei,31145,115,0.3671433986426
Monticola sharpei,31146,115,4.95616607062131
Monticola sharpei,31147,115,19.8205211282898
Monticola sharpei,31148,115,0.367093046224117
Monticola sharpei,31151,115,0.367054338001192
Monticola sharpei,31152,115,0.642337166595399
Monticola sharpei,31153,115,7.43174190611184
Monticola sharpei,31154,115,3.11954769088572
Monticola sharpei,31155,115,1.37619193792719
Monticola sharpei,31159,115,1.19252978562158
Monticola sharpei,31160,115,59.2391267675772
Monticola sharpei,31161,115,0.550263871117234
Monticola sharpei,31163,115,19.4390238963762
Monticola sharpei,31164,115,58.1245802735148
Monticola sharpei,31166,115,5.77360824797505
Monticola sharpei,31167,115,0.457520320277393
Monticola sharpei,31177,115,3.30296723872322
Monticola sharpei,31178,115,7.8888975294175
Monticola sharpei,31179,115,0.366907192294359
Monticola sharpei,31180,115,118.514859144707
Monticola sharpei,31181,115,29.8631327553117
Monticola sharpei,31182,115,17.1974791608272
Monticola sharpei,31183,115,0.365857744152904
Monticola sharpei,31184,115,147.565898089784
Monticola sharpei,30932,117,208.855460188826
Monticola sharpei,31139,117,65.9968218823523
Monticola sharpei,31168,117,28.1809853154598
Monticola sharpei,31169,117,66.1899405958974
Monticola sharpei,31170,117,0.820644420907617
Monticola sharpei,31171,117,1.73194615611291
Monticola sharpei,31173,117,83.2026980152344
Monticola sharpei,31174,117,11.844067606982
Monticola sharpei,31187,117,15.032588320411
Monticola sharpei,31188,117,7.74432683949936
Monticola sharpei,31189,117,0.273353686598182
Monticola sharpei,31094,118,129.19912881279
Monticola sharpei,31138,119,90.3937869662622
Monticola sharpei,31185,119,62.6106702145676
Monticola sharpei,31186,119,5.74979056634986
Mystacornis crossleyi,5245,8,29.4123165165292
Mystacornis crossleyi,5278,8,27.2715936270507
Mystacornis crossleyi,5279,8,29.3885406549345
Mystacornis crossleyi,5280,8,20.6592519148769
Mystacornis crossleyi,1131,21,2.87876883525968
Mystacornis crossleyi,1133,21,0.899620833965421
Mystacornis crossleyi,1151,21,0.269868277515173
Mystacornis crossleyi,5319,21,45.3586244343983
Mystacornis crossleyi,5320,21,33.0953660842072
Mystacornis crossleyi,5422,22,52.0931107730117
Mystacornis crossleyi,5298,14,113.437646918732
Mystacornis crossleyi,5232,17,48.282664278709
Mystacornis crossleyi,5415,18,31.1097970257607
Mystacornis crossleyi,5416,18,29.6010280215059
Mystacornis crossleyi,3887,13,0.62064821295929
Mystacornis crossleyi,3892,13,0.265972006814122
Mystacornis crossleyi,3902,13,0.709200345668078
Mystacornis crossleyi,5339,13,138.846313450127
Mystacornis crossleyi,5409,13,9.04229392746901
Mystacornis crossleyi,5449,13,68.6631767822923
Mystacornis crossleyi,28,1,0.6456592656492
Mystacornis crossleyi,5450,1,19.1031559591866
Mystacornis crossleyi,5452,1,254.144434891021
Mystacornis crossleyi,5430,24,0.3690976892097
Mystacornis crossleyi,5451,24,26.6587824925889
Mystacornis crossleyi,5453,24,16.2380797407103
Mystacornis crossleyi,731,11,0.812480411258936
Mystacornis crossleyi,5309,11,16.6994855698657
Mystacornis crossleyi,5337,11,61.2124982058693
Mystacornis crossleyi,5383,11,59.0116196877182
Mystacornis crossleyi,5511,11,1.17365293457222
Mystacornis crossleyi,72,23,1.74986507844758
Mystacornis crossleyi,73,23,93.4084023599993
Mystacornis crossleyi,108,23,0.4598808172791
Mystacornis crossleyi,130,23,0.643524707940877
Mystacornis crossleyi,131,23,2.11438066261417
Mystacornis crossleyi,136,23,0.459616383672059
Mystacornis crossleyi,141,23,0.643432019172192
Mystacornis crossleyi,142,23,0.275752651619673
Mystacornis crossleyi,147,23,0.367655302864194
Mystacornis crossleyi,149,23,1.56243208603442
Mystacornis crossleyi,150,23,0.275729722221732
Mystacornis crossleyi,151,23,0.275717098941624
Mystacornis crossleyi,153,23,0.275709061498523
Mystacornis crossleyi,154,23,0.459508593737543
Mystacornis crossleyi,155,23,0.275701020456195
Mystacornis crossleyi,156,23,0.45949710468936
Mystacornis crossleyi,157,23,1.1946710927344
Mystacornis crossleyi,162,23,1.47030313296086
Mystacornis crossleyi,185,23,257.944401628475
Mystacornis crossleyi,398,23,2338.91375318617
Mystacornis crossleyi,456,23,191.707112116678
Mystacornis crossleyi,5434,23,118.514859144707
Mystacornis crossleyi,5464,23,41.2839215929341
Mystacornis crossleyi,5479,23,322.648436083532
Mystacornis crossleyi,5480,23,831.691577252181
Mystacornis crossleyi,5481,23,0.3671433986426
Mystacornis crossleyi,5482,23,4.95616607062131
Mystacornis crossleyi,5483,23,19.8205211282898
Mystacornis crossleyi,5484,23,0.367093046224117
Mystacornis crossleyi,5487,23,0.367054338001192
Mystacornis crossleyi,5488,23,0.642337166595399
Mystacornis crossleyi,5489,23,7.43174190611184
Mystacornis crossleyi,5490,23,3.11954769088572
Mystacornis crossleyi,5491,23,1.37619193792719
Mystacornis crossleyi,5495,23,1.19252978562158
Mystacornis crossleyi,5496,23,59.2391267675772
Mystacornis crossleyi,5497,23,0.550263871117234
Mystacornis crossleyi,5499,23,58.1245802735148
Mystacornis crossleyi,5501,23,5.77360824797505
Mystacornis crossleyi,5502,23,30.0798712901392
Mystacornis crossleyi,5512,23,3.30296723872322
Mystacornis crossleyi,5513,23,7.8888975294175
Mystacornis crossleyi,5514,23,0.366907192294359
Mystacornis crossleyi,5515,23,29.8631327553117
Mystacornis crossleyi,482,25,0.273849359069586
Mystacornis crossleyi,547,25,62.6106702145676
Mystacornis crossleyi,5476,25,61.0887142109144
Mystacornis crossleyi,5503,25,5.74979056634986
Mystacornis crossleyi,622,26,145.788410841142
Mystacornis crossleyi,5299,26,15.032588320411
Mystacornis crossleyi,5504,26,28.1809853154598
Mystacornis crossleyi,5505,26,66.1899405958974
Mystacornis crossleyi,5506,26,0.820644420907617
Mystacornis crossleyi,5507,26,1.73194615611291
Mystacornis crossleyi,5509,26,83.2026980152344
Mystacornis crossleyi,5510,26,11.844067606982
Mystacornis crossleyi,5437,27,151.055431051786
Mystacornis crossleyi,5440,28,21.6948450795124
Neodrepanis coruscans,95,2,57.7213654392147
Neodrepanis coruscans,4639,22,29.4123165165292
Neodrepanis coruscans,4648,22,27.2715936270507
Neodrepanis coruscans,4649,22,29.3885406549345
Neodrepanis coruscans,4650,22,20.6592519148769
Neodrepanis coruscans,3254,28,113.437646918732
Neodrepanis coruscans,4629,33,48.282664278709
Neodrepanis coruscans,4750,41,31.1097970257607
Neodrepanis coruscans,4751,41,29.6010280215059
Neodrepanis coruscans,3462,37,0.62064821295929
Neodrepanis coruscans,3463,37,0.265972006814122
Neodrepanis coruscans,3464,37,0.709200345668078
Neodrepanis coruscans,3466,37,0.177290677110672
Neodrepanis coruscans,4697,37,138.846313450127
Neodrepanis coruscans,4698,37,0.177275942426443
Neodrepanis coruscans,4699,37,0.177274304782152
Neodrepanis coruscans,4741,37,9.04229392746901
Neodrepanis coruscans,4781,37,68.6631767822923
Neodrepanis coruscans,3,1,0.460479690076709
Neodrepanis coruscans,4,1,0.276287814046025
Neodrepanis coruscans,34,1,0.18402045498687
Neodrepanis coruscans,49,1,0.4598808172791
Neodrepanis coruscans,268,1,0.733449546446562
Neodrepanis coruscans,279,1,401.35630033969
Neodrepanis coruscans,292,1,91.4907269726863
Neodrepanis coruscans,306,1,41.2839215929341
Neodrepanis coruscans,4782,1,83.4071573637143
Neodrepanis coruscans,4783,1,1461.41901543452
Neodrepanis coruscans,4784,1,30.1057095869768
Neodrepanis coruscans,4785,1,286.304555832525
Neodrepanis coruscans,4786,1,162.120364605546
Neodrepanis coruscans,4787,1,0.3671433986426
Neodrepanis coruscans,4788,1,4.95616607062131
Neodrepanis coruscans,4789,1,6.14897300429445
Neodrepanis coruscans,4790,1,0.367093046224117
Neodrepanis coruscans,4791,1,0.0917644648573995
Neodrepanis coruscans,4792,1,0.367054338001192
Neodrepanis coruscans,4793,1,0.642337166595399
Neodrepanis coruscans,4795,1,3.11954769088572
Neodrepanis coruscans,4803,1,19.4390238963762
Neodrepanis coruscans,4805,1,0.091692475564003
Neodrepanis coruscans,4806,1,0.458405372225344
Neodrepanis coruscans,4813,1,29.9898296926183
Neodrepanis coruscans,4814,1,29.7439079649625
Neodrepanis coruscans,221,46,185.116632381658
Neodrepanis coruscans,4757,47,118.514859144707
Neodrepanis coruscans,4758,48,129.19912881279
Neodrepanis coruscans,4794,49,7.43174190611184
Neodrepanis coruscans,4796,49,0.0917480122808218
Neodrepanis coruscans,4797,49,0.0917397704514265
Neodrepanis coruscans,4798,49,0.0917385922011137
Neodrepanis coruscans,4799,49,1.19252978562158
Neodrepanis coruscans,4800,50,59.2391267675772
Neodrepanis coruscans,4801,50,0.550263871117234
Neodrepanis coruscans,4802,50,0.0917031464005113
Neodrepanis coruscans,4804,50,58.1245802735148
Neodrepanis coruscans,4807,50,5.77360824797505
Neodrepanis coruscans,371,4,161.696952363711
Neodrepanis coruscans,4808,4,0.914270528882623
Neodrepanis coruscans,514,5,5.74979056634986
Neodrepanis coruscans,4682,43,61.2124982058693
Neodrepanis coruscans,4722,43,59.0116196877182
Neodrepanis coruscans,608,44,83.2026980152344
Neodrepanis coruscans,4652,44,15.032588320411
Neodrepanis coruscans,4809,44,42.5747702322335
Neodrepanis coruscans,4810,44,1.73194615611291
Neodrepanis coruscans,4811,44,0.0911550613903999
Neodrepanis coruscans,4812,44,11.844067606982
Neodrepanis coruscans,430,45,61.0887142109144
Neodrepanis coruscans,443,45,0.273849359069586
Neodrepanis coruscans,444,45,0.182563724761963
Neomixis striatigula,1,1,56.8711675529887
Neomixis striatigula,10999,73,29.4123165165292
Neomixis striatigula,11015,73,27.2715936270507
Neomixis striatigula,11016,73,29.3885406549345
Neomixis striatigula,11017,73,20.6592519148769
Neomixis striatigula,2613,95,0.179958904524803
Neomixis striatigula,2670,95,2.87876883525968
Neomixis striatigula,2675,95,0.899620833965421
Neomixis striatigula,2707,95,0.269868277515173
Neomixis striatigula,11070,95,45.3586244343983
Neomixis striatigula,11071,95,33.0953660842072
Neomixis striatigula,11170,98,52.0931107730117
Neomixis striatigula,10894,85,48.282664278709
Neomixis striatigula,11039,86,113.437646918732
Neomixis striatigula,11162,92,31.1097970257607
Neomixis striatigula,11163,92,29.6010280215059
Neomixis striatigula,8079,78,0.620648212959528
Neomixis striatigula,8092,78,0.265972006814122
Neomixis striatigula,8109,78,0.709200345668078
Neomixis striatigula,8124,78,0.177290677110672
Neomixis striatigula,11090,78,138.846313450127
Neomixis striatigula,11091,78,0.177275942426443
Neomixis striatigula,11092,78,0.177274304782152
Neomixis striatigula,11156,78,9.04229392746901
Neomixis striatigula,11203,78,68.6631767822923
Neomixis striatigula,182,3,0.645659265649438
Neomixis striatigula,11204,3,19.1031559591866
Neomixis striatigula,11211,3,254.421082642661
Neomixis striatigula,11181,100,0.3690976892097
Neomixis striatigula,11210,100,26.6587824925889
Neomixis striatigula,11212,100,16.2380797407103
Neomixis striatigula,2011,79,0.812480411258936
Neomixis striatigula,11055,79,16.6994855698657
Neomixis striatigula,11058,79,0.180557963597178
Neomixis striatigula,11088,79,61.2124982058693
Neomixis striatigula,11130,79,59.0116196877182
Neomixis striatigula,11271,79,1.17365293457222
Neomixis striatigula,388,99,0.276354423903167
Neomixis striatigula,406,99,0.644736027104974
Neomixis striatigula,415,99,3.68393426545006
Neomixis striatigula,426,99,143.605007530349
Neomixis striatigula,449,99,1.19697195979726
Neomixis striatigula,627,99,0.643524707942724
Neomixis striatigula,645,99,0.459616383672059
Neomixis striatigula,649,99,0.183841973942041
Neomixis striatigula,652,99,0.643432019172192
Neomixis striatigula,654,99,0.275752651619673
Neomixis striatigula,660,99,0.367655302864194
Neomixis striatigula,664,99,1.56243208603442
Neomixis striatigula,665,99,0.275729722221732
Neomixis striatigula,666,99,0.275717098941624
Neomixis striatigula,670,99,0.275709061498523
Neomixis striatigula,672,99,0.459508593737543
Neomixis striatigula,673,99,0.45949710468936
Neomixis striatigula,674,99,1.1946710927344
Neomixis striatigula,679,99,0.183794934333146
Neomixis striatigula,681,99,48.3473901825234
Neomixis striatigula,682,99,3.21620605602419
Neomixis striatigula,683,99,0.551364106284499
Neomixis striatigula,691,99,1.10266377710551
Neomixis striatigula,692,99,0.183781132994473
Neomixis striatigula,693,99,0.367564567481756
Neomixis striatigula,698,99,0.183777680330753
Neomixis striatigula,700,99,0.183773075227499
Neomixis striatigula,704,99,1.10259928914046
Neomixis striatigula,706,99,2.02137478975803
Neomixis striatigula,707,99,0.826945434479237
Neomixis striatigula,710,99,0.183761555059075
Neomixis striatigula,711,99,1.65382056523675
Neomixis striatigula,721,99,0.826825480995119
Neomixis striatigula,725,99,0.459349671094894
Neomixis striatigula,731,99,0.367459639964223
Neomixis striatigula,735,99,0.183724619395971
Neomixis striatigula,736,99,0.275586929093957
Neomixis striatigula,742,99,1.46972063059181
Neomixis striatigula,743,99,0.275577679304183
Neomixis striatigula,750,99,2.11261448298192
Neomixis striatigula,770,99,0.367363554798603
Neomixis striatigula,796,99,331.800905461911
Neomixis striatigula,1593,99,2421.91310924304
Neomixis striatigula,11223,99,234.708229999792
Neomixis striatigula,11239,99,0.18402045498687
Neomixis striatigula,11240,99,322.648436083532
Neomixis striatigula,11241,99,1090.96766943862
Neomixis striatigula,11242,99,0.3671433986426
Neomixis striatigula,11243,99,4.95616607062131
Neomixis striatigula,11244,99,19.8205211282898
Neomixis striatigula,11245,99,0.367093046224117
Neomixis striatigula,11248,99,0.367054338001192
Neomixis striatigula,11249,99,0.642337166595399
Neomixis striatigula,11251,99,3.11954769088572
Neomixis striatigula,11252,99,1.37619193792719
Neomixis striatigula,11257,99,59.2391267675772
Neomixis striatigula,11258,99,0.550263871117234
Neomixis striatigula,11260,99,58.1245802735148
Neomixis striatigula,11262,99,5.77360824797505
Neomixis striatigula,11263,99,0.457520320277393
Neomixis striatigula,11272,99,3.30296723872322
Neomixis striatigula,11273,99,7.8888975294175
Neomixis striatigula,11274,99,0.366907192294359
Neomixis striatigula,11275,99,0.365857744152904
Neomixis striatigula,11276,99,90.8865284183637
Neomixis striatigula,11040,101,208.855460188826
Neomixis striatigula,11237,101,65.6323554393754
Neomixis striatigula,11264,101,28.1809853154598
Neomixis striatigula,11265,101,66.1899405958974
Neomixis striatigula,11266,101,0.820644420907617
Neomixis striatigula,11267,101,1.73194615611291
Neomixis striatigula,11269,101,83.2026980152344
Neomixis striatigula,11270,101,11.844067606982
Neomixis striatigula,11279,101,15.032588320411
Neomixis striatigula,11280,101,7.74432683949936
Neomixis striatigula,11281,101,0.273353686598182
Neomixis striatigula,11190,102,118.514859144707
Neomixis striatigula,11192,103,130.28619090203
Neomixis striatigula,11236,104,86.1021201956665
Neomixis striatigula,11277,104,62.6106702145676
Neomixis striatigula,11278,104,5.74979056634986
Neomixis striatigula,11250,105,7.43174190611184
Neomixis striatigula,11256,105,1.19252978562158
Neomixis tenella,39780,254,44.4928427752445
Neomixis tenella,39819,263,35.7097522353754
Neomixis tenella,22100,255,42.3362076362427
Neomixis tenella,6306,271,16.3740665150672
Neomixis tenella,6552,271,2.19464777098459
Neomixis tenella,6593,271,12.894550309714
Neomixis tenella,39866,272,112.468627701651
Neomixis tenella,302,276,21.1261124531245
Neomixis tenella,309,276,0.0926675960290432
Neomixis tenella,336,276,0.0926606114119887
Neomixis tenella,485,251,0.370271373195231
Neomixis tenella,487,251,0.462834125284791
Neomixis tenella,491,251,0.0925668250995874
Neomixis tenella,493,251,43.0377824654073
Neomixis tenella,494,251,0.18513059458977
Neomixis tenella,516,251,1.48074673073471
Neomixis tenella,519,251,1.66577102635694
Neomixis tenella,524,251,0.277623898765862
Neomixis tenella,527,251,0.277610584835947
Neomixis tenella,530,251,0.0925361785190701
Neomixis tenella,551,251,1.38815019469857
Neomixis tenella,39910,251,0.185083622752249
Neomixis tenella,213,274,0.463597745714188
Neomixis tenella,223,274,0.0927073077802658
Neomixis tenella,279,274,43.1111113539241
Neomixis tenella,96,84,0.55664420881176
Neomixis tenella,108,84,0.371099061261296
Neomixis tenella,112,84,0.556625695955813
Neomixis tenella,129,84,0.185535398295105
Neomixis tenella,141,84,0.463806772104442
Neomixis tenella,152,84,0.27827526928854
Neomixis tenella,155,84,0.463781360735595
Neomixis tenella,170,84,0.278243954662919
Neomixis tenella,183,84,0.64914825101471
Neomixis tenella,194,84,120.469913094516
Neomixis tenella,39909,84,56.8711675529887
Neomixis tenella,37141,244,42.7285134450907
Neomixis tenella,37499,244,32.1480221259206
Neomixis tenella,37699,244,0.0870729775416851
Neomixis tenella,37714,244,0.174136841906786
Neomixis tenella,37725,244,0.0870656864323616
Neomixis tenella,37734,244,0.261180647714615
Neomixis tenella,39730,244,17.5386823479733
Neomixis tenella,39863,267,13.0307413413469
Neomixis tenella,39865,267,6.06907414019537
Neomixis tenella,40048,267,2.02272765648687
Neomixis tenella,14416,192,0.0905584602525234
Neomixis tenella,14498,192,0.0905447203236818
Neomixis tenella,14662,192,38.2051651932399
Neomixis tenella,14707,192,0.0905061372197867
Neomixis tenella,14728,192,3.07696966736627
Neomixis tenella,14733,192,0.723997986286044
Neomixis tenella,14783,192,0.361958205401897
Neomixis tenella,40069,192,0.452763459861636
Neomixis tenella,38709,286,0.777178853789091
Neomixis tenella,39958,286,0.604549703200817
Neomixis tenella,40139,286,27.2715936270507
Neomixis tenella,40140,286,29.4123165165292
Neomixis tenella,40141,286,29.3885406549345
Neomixis tenella,40142,286,20.6592519148769
Neomixis tenella,40143,286,19.9515621485635
Neomixis tenella,38048,92,27.1197884867735
Neomixis tenella,40163,290,78.5054384879867
Neomixis tenella,19685,249,0.0899370735929012
Neomixis tenella,19798,249,0.0899238860028982
Neomixis tenella,19809,249,0.449603298739433
Neomixis tenella,19810,249,0.359686745625973
Neomixis tenella,19838,249,0.0899194863940477
Neomixis tenella,19945,249,36.331879859746
Neomixis tenella,40070,249,0.0899312145228386
Neomixis tenella,40071,249,0.449634089967847
Neomixis tenella,40162,249,6.47518067736232
Neomixis tenella,36868,282,46.5723968884147
Neomixis tenella,40022,282,36.3826787541578
Neomixis tenella,34838,204,433.810619797173
Neomixis tenella,39820,204,2.02803748513663
Neomixis tenella,39821,204,2.11576712074435
Neomixis tenella,40043,204,9.25706128804803
Neomixis tenella,40046,204,4.31856011909986
Neomixis tenella,40204,204,17.5870851484947
Neomixis tenella,40205,204,2.03225787389851
Neomixis tenella,40206,204,1.94182639975023
Neomixis tenella,20404,234,52.2268727901955
Neomixis tenella,40326,234,39.1360013945309
Neomixis tenella,40327,234,0.0899400018793345
Neomixis tenella,40328,234,0.0899356091371775
Neomixis tenella,40329,234,0.0899341444739103
Neomixis tenella,40330,234,0.0899326796025038
Neomixis tenella,39951,245,64.9869920614074
Neomixis tenella,19264,294,0.179958904524803
Neomixis tenella,19401,294,2.87876883525968
Neomixis tenella,19418,294,0.899620833965421
Neomixis tenella,19494,294,0.269868277515173
Neomixis tenella,40246,294,45.3586244343983
Neomixis tenella,40247,294,33.0953660842072
Neomixis tenella,40357,319,52.0931107730117
Neomixis tenella,27853,289,137.443018218653
Neomixis tenella,38065,306,48.282664278709
Neomixis tenella,40215,307,113.437646918732
Neomixis tenella,40339,312,31.1097970257607
Neomixis tenella,40340,312,29.6010280215059
Neomixis tenella,7485,14,64.7813755391271
Neomixis tenella,39894,14,1.73570699889708
Neomixis tenella,39895,14,0.0913507054476738
Neomixis tenella,40434,14,0.0913581770466566
Neomixis tenella,22820,284,57.9536162531174
Neomixis tenella,23037,284,3.3134309653126
Neomixis tenella,24505,284,89.7882265229853
Neomixis tenella,25188,284,468.355482097602
Neomixis tenella,39754,284,21.5096479841157
Neomixis tenella,39834,284,3.75955498127008
Neomixis tenella,40144,284,17.1081231937802
Neomixis tenella,40213,284,43.0398890354153
Neomixis tenella,40341,284,27.5139015001006
Neomixis tenella,29522,299,63.1928620869468
Neomixis tenella,29722,299,0.62064821295929
Neomixis tenella,29770,299,0.265972006814122
Neomixis tenella,29811,299,0.709200345668078
Neomixis tenella,29863,299,0.177290677110672
Neomixis tenella,40269,299,0.177275942426443
Neomixis tenella,40270,299,0.177274304782152
Neomixis tenella,40307,299,29.7182434685754
Neomixis tenella,40325,299,9.04229392746901
Neomixis tenella,39825,314,42.4890235274736
Neomixis tenella,29936,315,10.7178874708363
Neomixis tenella,7052,16,2.64969806134474
Neomixis tenella,7103,16,0.274089461484194
Neomixis tenella,7104,16,0.0913643975844383
Neomixis tenella,7116,16,0.0913631538983583
Neomixis tenella,7163,16,7.03479595916414
Neomixis tenella,7178,16,4.567756926453
Neomixis tenella,7219,16,0.0913494594436884
Neomixis tenella,7802,16,0.0912806047910452
Neomixis tenella,8056,16,309.463704208186
Neomixis tenella,8057,16,0.0912402507441044
Neomixis tenella,8063,16,2.00722734047782
Neomixis tenella,8073,16,0.364942030489683
Neomixis tenella,8083,16,0.456175956650972
Neomixis tenella,39899,16,0.456749789226413
Neomixis tenella,39988,16,81.3668221959746
Neomixis tenella,40214,16,36.1603726523629
Neomixis tenella,40381,16,61.2504145189477
Neomixis tenella,40437,16,0.0912705364927053
Neomixis tenella,40438,16,0.365072069038987
Neomixis tenella,40439,16,1.82525826522207
Neomixis tenella,40440,16,0.0912654972896576
Neomixis tenella,40441,16,0.0912642369625568
Neomixis tenella,40442,16,0.0912604547177553
Neomixis tenella,1014,150,19.9337849990107
Neomixis tenella,40389,150,254.421082642661
Neomixis tenella,40391,150,0.645659265649438
Neomixis tenella,40365,321,0.3690976892097
Neomixis tenella,40388,321,26.6587824925889
Neomixis tenella,40390,321,16.2380797407103
Neomixis tenella,35300,264,6.13304144533789
Neomixis tenella,40041,264,16.8362046284112
Neomixis tenella,40042,264,7.1876479107902
Neomixis tenella,40349,264,5.43494208523166
Neomixis tenella,40470,264,1.57807103533185
Neomixis tenella,40471,264,0.0876650565292835
Neomixis tenella,40472,264,0.0876633013445139
Neomixis tenella,40264,317,61.2124982058693
Neomixis tenella,40305,317,59.0116196877182
Neomixis tenella,2768,320,0.643524707942724
Neomixis tenella,2844,320,0.459616383672059
Neomixis tenella,2871,320,0.183841973942041
Neomixis tenella,2882,320,0.643432019172192
Neomixis tenella,2889,320,0.275752651619673
Neomixis tenella,2913,320,0.367655302864194
Neomixis tenella,2934,320,1.56243208603442
Neomixis tenella,2935,320,0.275729722221732
Neomixis tenella,2958,320,0.275717098941624
Neomixis tenella,2977,320,0.275709061498523
Neomixis tenella,2986,320,0.459508593737543
Neomixis tenella,3004,320,0.45949710468936
Neomixis tenella,3005,320,1.1946710927344
Neomixis tenella,3026,320,0.183794934333146
Neomixis tenella,3038,320,53.6769175645747
Neomixis tenella,3043,320,3.21620605602419
Neomixis tenella,3044,320,0.551364106284499
Neomixis tenella,3059,320,1.10266377710527
Neomixis tenella,3074,320,0.183781132994473
Neomixis tenella,3075,320,0.367564567481756
Neomixis tenella,3094,320,0.183777680330753
Neomixis tenella,3104,320,0.551319225258708
Neomixis tenella,3110,320,0.183773075227499
Neomixis tenella,3118,320,1.10259928914046
Neomixis tenella,3125,320,2.02137478975803
Neomixis tenella,3126,320,0.826945434479237
Neomixis tenella,3136,320,0.643170052255213
Neomixis tenella,3146,320,0.183763859938979
Neomixis tenella,3160,320,0.183761555059075
Neomixis tenella,3161,320,1.65382056523675
Neomixis tenella,3203,320,0.826825480994821
Neomixis tenella,3249,320,0.459349671094894
Neomixis tenella,3290,320,0.367459639964223
Neomixis tenella,3313,320,0.183724619395971
Neomixis tenella,3314,320,0.275586929093957
Neomixis tenella,3331,320,1.46972063059181
Neomixis tenella,3332,320,0.275577679304183
Neomixis tenella,3511,320,0.367363554798603
Neomixis tenella,3714,320,366.147778927468
Neomixis tenella,3799,320,0.275443051051259
Neomixis tenella,6583,320,1.37162994920188
Neomixis tenella,11842,320,2609.35666769842
Neomixis tenella,40402,320,0.733449546446324
Neomixis tenella,40403,320,28.7773817194842
Neomixis tenella,40404,320,234.708229999792
Neomixis tenella,40435,320,19.5821926010261
Neomixis tenella,40443,320,0.0921589938924909
Neomixis tenella,40444,320,0.18402045498687
Neomixis tenella,40445,320,322.648436083532
Neomixis tenella,40446,320,1103.96343099271
Neomixis tenella,40447,320,0.3671433986426
Neomixis tenella,40448,320,4.95616607062131
Neomixis tenella,40449,320,19.8205211282898
Neomixis tenella,40450,320,0.367093046224117
Neomixis tenella,40451,320,0.0917703307330608
Neomixis tenella,40452,320,0.0917644648573995
Neomixis tenella,40453,320,0.367054338001192
Neomixis tenella,40454,320,0.642337166595399
Neomixis tenella,40456,320,3.11954769088572
Neomixis tenella,40457,320,1.37619193792719
Neomixis tenella,40462,320,59.2391267675772
Neomixis tenella,40463,320,0.550263871117234
Neomixis tenella,40464,320,0.0917031464005113
Neomixis tenella,40465,320,19.4390238963762
Neomixis tenella,40466,320,58.1245802735148
Neomixis tenella,40467,320,0.091692475564003
Neomixis tenella,40468,320,5.77360824797505
Neomixis tenella,40469,320,0.457520320277393
Neomixis tenella,40480,320,3.30296723872322
Neomixis tenella,40481,320,7.8888975294175
Neomixis tenella,40482,320,0.366907192294359
Neomixis tenella,40484,320,0.365857744152904
Neomixis tenella,40485,320,122.698098120143
Neomixis tenella,40160,322,208.855460188826
Neomixis tenella,40419,322,65.9968218823523
Neomixis tenella,40473,322,28.1809853154598
Neomixis tenella,40474,322,66.1899405958974
Neomixis tenella,40475,322,0.820644420907617
Neomixis tenella,40476,322,1.73194615611291
Neomixis tenella,40477,322,0.0911550613903999
Neomixis tenella,40478,322,83.2026980152344
Neomixis tenella,40479,322,11.844067606982
Neomixis tenella,40488,322,15.032588320411
Neomixis tenella,40489,322,7.74432683949936
Neomixis tenella,40490,322,0.273353686598182
Neomixis tenella,40371,323,118.514859144707
Neomixis tenella,40483,323,29.8631327553117
Neomixis tenella,40373,324,85.0129490869749
Neomixis tenella,40418,325,90.3937869662622
Neomixis tenella,40486,325,62.6106702145676
Neomixis tenella,40455,326,7.43174190611184
Neomixis tenella,40458,326,0.0917480122808218
Neomixis tenella,40459,326,0.0917397704514265
Neomixis tenella,40460,326,0.0917385922011137
Neomixis tenella,40461,326,1.19252978562158
Neomixis tenella,40487,327,5.74979056634986
Neomixis viridis,8272,64,29.4123165165292
Neomixis viridis,8285,64,27.2715936270507
Neomixis viridis,8286,64,29.3885406549345
Neomixis viridis,8287,64,20.6592519148769
Neomixis viridis,1993,66,0.179958904524803
Neomixis viridis,2040,66,2.87876883525968
Neomixis viridis,2045,66,0.899620833965421
Neomixis viridis,2074,66,0.269868277515173
Neomixis viridis,8333,66,45.3586244343983
Neomixis viridis,8334,66,33.0953660842072
Neomixis viridis,8432,91,52.0931107730117
Neomixis viridis,8213,78,48.282664278709
Neomixis viridis,8304,79,113.437646918732
Neomixis viridis,8425,86,31.1097970257607
Neomixis viridis,8426,86,29.6010280215059
Neomixis viridis,6358,71,0.620648212959528
Neomixis viridis,6364,71,0.265972006814122
Neomixis viridis,6377,71,0.709200345668078
Neomixis viridis,6387,71,0.177290677110672
Neomixis viridis,8353,71,138.846313450127
Neomixis viridis,8354,71,0.177275942426443
Neomixis viridis,8355,71,0.177274304782152
Neomixis viridis,8419,71,9.04229392746901
Neomixis viridis,8464,71,68.6631767822923
Neomixis viridis,53,1,0.6456592656492
Neomixis viridis,8465,1,19.1031559591866
Neomixis viridis,8467,1,254.144434891021
Neomixis viridis,8443,93,0.3690976892097
Neomixis viridis,8466,93,26.6587824925889
Neomixis viridis,8468,93,16.2380797407103
Neomixis viridis,8300,65,208.855460188826
Neomixis viridis,8330,65,15.032588320411
Neomixis viridis,8523,65,28.1809853154598
Neomixis viridis,8524,65,66.1899405958974
Neomixis viridis,8525,65,0.820644420907617
Neomixis viridis,8526,65,1.73194615611291
Neomixis viridis,8528,65,83.2026980152344
Neomixis viridis,8529,65,11.844067606982
Neomixis viridis,1488,72,0.812480411258936
Neomixis viridis,8320,72,16.6994855698657
Neomixis viridis,8322,72,0.180557963597178
Neomixis viridis,8351,72,61.2124982058693
Neomixis viridis,8393,72,59.0116196877182
Neomixis viridis,8530,72,1.17365293457222
Neomixis viridis,163,92,1.74986507844758
Neomixis viridis,164,92,93.4084023599993
Neomixis viridis,317,92,0.643524707942724
Neomixis viridis,333,92,0.459616383672059
Neomixis viridis,337,92,0.183841973942041
Neomixis viridis,340,92,0.643432019172192
Neomixis viridis,341,92,0.275752651619673
Neomixis viridis,348,92,0.367655302864194
Neomixis viridis,351,92,1.56243208603442
Neomixis viridis,352,92,0.275729722221732
Neomixis viridis,353,92,0.275717098941624
Neomixis viridis,359,92,0.275709061498523
Neomixis viridis,361,92,0.459508593737543
Neomixis viridis,362,92,0.45949710468936
Neomixis viridis,363,92,1.1946710927344
Neomixis viridis,368,92,0.183794934333146
Neomixis viridis,370,92,53.6769175645747
Neomixis viridis,371,92,3.21620605602419
Neomixis viridis,372,92,0.551364106284499
Neomixis viridis,379,92,1.10266377710551
Neomixis viridis,380,92,0.183781132994473
Neomixis viridis,381,92,0.367564567481756
Neomixis viridis,387,92,0.183777680330753
Neomixis viridis,391,92,0.551319225258708
Neomixis viridis,393,92,0.183773075227499
Neomixis viridis,397,92,1.10259928914046
Neomixis viridis,399,92,2.02137478975803
Neomixis viridis,400,92,0.826945434479237
Neomixis viridis,402,92,0.643170052255213
Neomixis viridis,403,92,0.183763859938979
Neomixis viridis,405,92,0.183761555059075
Neomixis viridis,406,92,1.65382056523675
Neomixis viridis,429,92,0.826825480995119
Neomixis viridis,432,92,0.459349671094894
Neomixis viridis,439,92,0.367459639964223
Neomixis viridis,446,92,0.183724619395971
Neomixis viridis,447,92,0.275586929093957
Neomixis viridis,452,92,1.46972063059181
Neomixis viridis,453,92,0.275577679304183
Neomixis viridis,486,92,0.367363554798603
Neomixis viridis,523,92,352.007240909252
Neomixis viridis,763,92,0.733449546446562
Neomixis viridis,1251,92,2394.66543334009
Neomixis viridis,8479,92,234.708229999792
Neomixis viridis,8494,92,12.595624394125
Neomixis viridis,8496,92,0.18402045498687
Neomixis viridis,8497,92,322.648436083532
Neomixis viridis,8498,92,984.259399707359
Neomixis viridis,8499,92,0.3671433986426
Neomixis viridis,8500,92,4.95616607062131
Neomixis viridis,8501,92,19.8205211282898
Neomixis viridis,8502,92,0.367093046224117
Neomixis viridis,8505,92,0.367054338001192
Neomixis viridis,8506,92,0.642337166595399
Neomixis viridis,8508,92,3.11954769088572
Neomixis viridis,8509,92,1.37619193792719
Neomixis viridis,8514,92,59.2391267675772
Neomixis viridis,8515,92,0.550263871117234
Neomixis viridis,8517,92,19.4390238963762
Neomixis viridis,8518,92,58.1245802735148
Neomixis viridis,8520,92,5.77360824797505
Neomixis viridis,8521,92,24.0690321273829
Neomixis viridis,8522,92,0.457520320277393
Neomixis viridis,8531,92,3.30296723872322
Neomixis viridis,8532,92,7.8888975294175
Neomixis viridis,8533,92,0.366907192294359
Neomixis viridis,8534,92,0.365857744152904
Neomixis viridis,8535,92,29.4469988159243
Neomixis viridis,8536,92,30.0798712901392
Neomixis viridis,1031,94,0.273849359069586
Neomixis viridis,1033,94,0.182563724761963
Neomixis viridis,8492,94,61.0887142109144
Neomixis viridis,8493,94,62.6106702145676
Neomixis viridis,8450,95,118.514859144707
Neomixis viridis,8452,96,108.429888663034
Neomixis viridis,8455,97,21.6948450795124
Neomixis viridis,8507,98,7.43174190611184
Neomixis viridis,8513,98,1.19252978562158
Neomixis viridis,8537,99,5.74979056634986
Nesillas lantzii,93,6,0.959635746629
Nesillas lantzii,96,6,8.54688940804958
Nesillas lantzii,115,6,0.261418984541655
Nesillas lantzii,119,6,0.522798031426311
Nesillas lantzii,176,6,103.48826611094
Nesillas lantzii,180,6,31.4571395379628
Nesillas lantzii,181,6,0.347746593876839
Nesillas lantzii,185,6,10.5923656306142
Nesillas lantzii,190,6,102.281833427133
Nesillas lantzii,241,6,0.347687768672109
Nesillas lantzii,246,6,14.876475508235
Nesillas lantzii,253,6,25.3907382257994
Nesillas lantzii,257,6,9.98819568180025
Nesillas lantzii,2,1,42.4890235274736
Nesillas lantzii,45,1,6.13304144533789
Nesillas lantzii,57,1,46.5723968884147
Nesillas lantzii,248,1,16.8362046284112
Nesillas lantzii,249,1,7.1876479107902
Nesillas lantzii,251,1,36.3826787541578
Nesillas lantzii,264,1,5.43494208523166
Nesillas lantzii,265,1,1.57807103533185
Nesogale dobsoni,2,1,0.64914825101471
Nesogale dobsoni,3,1,72.6104762396658
Nesogale dobsoni,9028,1,56.8711675529887
Nesogale dobsoni,8971,633,0.604549703200459
Nesogale dobsoni,8973,633,0.777178853789091
Nesogale dobsoni,9093,633,19.9515621485635
Nesogale dobsoni,9089,634,27.2715936270507
Nesogale dobsoni,9090,635,29.4123165165292
Nesogale dobsoni,9091,636,29.3885406549345
Nesogale dobsoni,9092,637,20.6592519148769
Nesogale dobsoni,1110,690,29.3409883887578
Nesogale dobsoni,9165,662,61.2124982058693
Nesogale dobsoni,3820,638,0.179958904524803
Nesogale dobsoni,3839,638,2.87876883525968
Nesogale dobsoni,3841,638,0.899620833965421
Nesogale dobsoni,3855,638,0.269868277515173
Nesogale dobsoni,9147,638,45.3586244343983
Nesogale dobsoni,9148,638,33.0953660842072
Nesogale dobsoni,9230,687,52.0931107730117
Nesogale dobsoni,9222,688,31.1097970257607
Nesogale dobsoni,9223,688,29.6010280215059
Nesogale dobsoni,8784,567,48.282664278709
Nesogale dobsoni,9116,664,113.437646918732
Nesogale dobsoni,9167,672,138.846313450127
Nesogale dobsoni,9258,704,68.6631767822923
Nesogale dobsoni,1122,38,7.8888975294175
Nesogale dobsoni,9294,38,0.366907192294359
Nesogale dobsoni,70,479,19.9337849990107
Nesogale dobsoni,625,603,0.643524707942724
Nesogale dobsoni,666,603,0.183841973942041
Nesogale dobsoni,672,603,0.643432019172192
Nesogale dobsoni,689,603,0.367655302864194
Nesogale dobsoni,701,603,1.56243208603442
Nesogale dobsoni,702,603,0.275729722221732
Nesogale dobsoni,713,603,0.275717098941624
Nesogale dobsoni,721,603,0.275709061498523
Nesogale dobsoni,725,603,0.459508593737543
Nesogale dobsoni,730,603,0.45949710468936
Nesogale dobsoni,731,603,1.1946710927344
Nesogale dobsoni,744,603,3.21620605602419
Nesogale dobsoni,751,603,1.10266377710527
Nesogale dobsoni,756,603,0.183781132994473
Nesogale dobsoni,757,603,0.367564567481756
Nesogale dobsoni,763,603,0.183777680330753
Nesogale dobsoni,769,603,0.183773075227499
Nesogale dobsoni,775,603,1.10259928914046
Nesogale dobsoni,778,603,2.02137478975803
Nesogale dobsoni,779,603,0.826945434479237
Nesogale dobsoni,785,603,0.183763859938979
Nesogale dobsoni,789,603,0.183761555059075
Nesogale dobsoni,790,603,1.65382056523675
Nesogale dobsoni,823,603,0.367459639964223
Nesogale dobsoni,830,603,0.183724619395971
Nesogale dobsoni,831,603,0.275586929093957
Nesogale dobsoni,834,603,1.46972063059181
Nesogale dobsoni,835,603,0.275577679304183
Nesogale dobsoni,941,603,366.147778927468
Nesogale dobsoni,9292,713,19.5821926010261
Nesogale dobsoni,658,611,0.459616383672059
Nesogale dobsoni,676,611,0.275752651619673
Nesogale dobsoni,739,611,0.183794934333146
Nesogale dobsoni,743,611,53.6769175645747
Nesogale dobsoni,745,611,0.551364106284499
Nesogale dobsoni,766,611,0.551319225258708
Nesogale dobsoni,783,611,0.643170052255213
Nesogale dobsoni,2212,611,2609.35666769842
Nesogale dobsoni,9274,611,0.733449546446324
Nesogale dobsoni,9275,611,28.7773817194842
Nesogale dobsoni,9296,611,0.18402045498687
Nesogale dobsoni,9298,611,1103.96343099271
Nesogale dobsoni,9314,611,19.4390238963762
Nesogale dobsoni,9276,714,234.708229999792
Nesogale dobsoni,9316,714,0.457520320277393
Nesogale dobsoni,9297,715,322.648436083532
Nesogale dobsoni,9301,716,19.8205211282898
Nesogale dobsoni,9309,716,1.37619193792719
Nesogale dobsoni,9307,717,7.43174190611184
Nesogale dobsoni,9327,718,30.0798712901392
Nesogale dobsoni,9328,718,25.8675714531479
Nesogale dobsoni,3268,640,0.812480411258936
Nesogale dobsoni,9132,640,16.6994855698657
Nesogale dobsoni,9135,640,0.180557963597178
Nesogale dobsoni,9324,640,1.17365293457222
Nesogale dobsoni,9203,684,59.0116196877182
Nesogale dobsoni,9117,691,208.855460188826
Nesogale dobsoni,9317,691,28.1809853154598
Nesogale dobsoni,9318,691,66.1899405958974
Nesogale dobsoni,9319,691,0.820644420907617
Nesogale dobsoni,9320,691,1.73194615611291
Nesogale dobsoni,9322,691,83.2026980152344
Nesogale dobsoni,9323,719,11.844067606982
Nesogale dobsoni,9239,705,0.3690976892097
Nesogale dobsoni,9260,705,26.6587824925889
Nesogale dobsoni,9262,705,16.2380797407103
Nesogale dobsoni,9261,706,254.421082642661
Nesogale dobsoni,9263,706,0.645659265649438
Nesogale dobsoni,9290,711,90.3937869662622
Nesogale dobsoni,9291,712,65.9968218823523
Nesogale dobsoni,9329,720,62.6106702145676
Nesogale dobsoni,9330,721,5.74979056634986
Nesogale dobsoni,9331,722,15.032588320411
Nesogale dobsoni,9332,723,7.74432683949936
Nesogale talazaci,11,2,21.0334598369182
Nesogale talazaci,4,1,0.463781360735595
Nesogale talazaci,5,1,0.64914825101471
Nesogale talazaci,6,1,94.4064369549154
Nesogale talazaci,9738,1,56.8711675529887
Nesogale talazaci,9828,461,27.2715936270507
Nesogale talazaci,9829,462,29.4123165165292
Nesogale talazaci,9830,463,29.3885406549345
Nesogale talazaci,9831,464,20.6592519148769
Nesogale talazaci,9902,488,61.2124982058693
Nesogale talazaci,3615,466,0.179958904524803
Nesogale talazaci,3642,466,2.87876883525968
Nesogale talazaci,3646,466,0.899620833965421
Nesogale talazaci,3667,466,0.269868277515173
Nesogale talazaci,9884,466,45.3586244343983
Nesogale talazaci,9885,466,33.0953660842072
Nesogale talazaci,9984,513,52.0931107730117
Nesogale talazaci,9976,514,31.1097970257607
Nesogale talazaci,9977,514,29.6010280215059
Nesogale talazaci,9496,456,48.282664278709
Nesogale talazaci,9853,479,113.437646918732
Nesogale talazaci,7684,480,0.265972006814122
Nesogale talazaci,9904,480,138.846313450127
Nesogale talazaci,9970,480,9.04229392746901
Nesogale talazaci,10015,529,68.6631767822923
Nesogale talazaci,77,9,19.9337849990107
Nesogale talazaci,1369,42,41.9105469490677
Nesogale talazaci,704,465,0.643524707942724
Nesogale talazaci,747,465,0.459616383672059
Nesogale talazaci,758,465,0.183841973942041
Nesogale talazaci,766,465,0.643432019172192
Nesogale talazaci,771,465,0.275752651619673
Nesogale talazaci,785,465,0.367655302864194
Nesogale talazaci,795,465,1.56243208603442
Nesogale talazaci,796,465,0.275729722221732
Nesogale talazaci,807,465,0.275717098941624
Nesogale talazaci,814,465,0.275709061498523
Nesogale talazaci,818,465,0.459508593737543
Nesogale talazaci,820,465,0.45949710468936
Nesogale talazaci,821,465,1.1946710927344
Nesogale talazaci,831,465,0.183794934333146
Nesogale talazaci,834,465,53.6769175645747
Nesogale talazaci,835,465,3.21620605602419
Nesogale talazaci,836,465,0.551364106284499
Nesogale talazaci,842,465,1.10266377710527
Nesogale talazaci,845,465,0.183781132994473
Nesogale talazaci,846,465,0.367564567481756
Nesogale talazaci,850,465,0.183777680330753
Nesogale talazaci,853,465,0.551319225258708
Nesogale talazaci,855,465,0.183773075227499
Nesogale talazaci,861,465,1.10259928914046
Nesogale talazaci,864,465,2.02137478975803
Nesogale talazaci,865,465,0.826945434479237
Nesogale talazaci,868,465,0.643170052255213
Nesogale talazaci,870,465,0.183763859938979
Nesogale talazaci,874,465,0.183761555059075
Nesogale talazaci,875,465,1.65382056523675
Nesogale talazaci,896,465,0.826825480995119
Nesogale talazaci,898,465,0.459349671094894
Nesogale talazaci,906,465,0.367459639964223
Nesogale talazaci,912,465,0.183724619395971
Nesogale talazaci,913,465,0.275586929093957
Nesogale talazaci,919,465,1.46972063059181
Nesogale talazaci,920,465,0.275577679304183
Nesogale talazaci,953,465,0.367363554798603
Nesogale talazaci,1016,465,366.147778927468
Nesogale talazaci,2028,465,2609.35666769842
Nesogale talazaci,10031,465,0.733449546446324
Nesogale talazaci,10032,465,28.7773817194842
Nesogale talazaci,10051,465,0.18402045498687
Nesogale talazaci,10053,465,1103.96343099271
Nesogale talazaci,10069,465,19.4390238963762
Nesogale talazaci,10033,537,234.708229999792
Nesogale talazaci,10071,537,0.457520320277393
Nesogale talazaci,10084,537,17.1974791608272
Nesogale talazaci,10047,538,90.3937869662622
Nesogale talazaci,10049,539,19.5821926010261
Nesogale talazaci,10052,540,322.648436083532
Nesogale talazaci,10055,541,4.95616607062131
Nesogale talazaci,10056,541,19.8205211282898
Nesogale talazaci,10064,541,1.37619193792719
Nesogale talazaci,10062,542,7.43174190611184
Nesogale talazaci,10085,543,0.365857744152904
Nesogale talazaci,10086,543,147.565898089784
Nesogale talazaci,2819,467,0.812480411258936
Nesogale talazaci,9869,467,16.6994855698657
Nesogale talazaci,9872,467,0.180557963597178
Nesogale talazaci,10079,467,1.17365293457222
Nesogale talazaci,9944,510,59.0116196877182
Nesogale talazaci,9854,516,208.855460188826
Nesogale talazaci,10072,516,28.1809853154598
Nesogale talazaci,10073,516,66.1899405958974
Nesogale talazaci,10074,516,0.820644420907617
Nesogale talazaci,10075,516,1.73194615611291
Nesogale talazaci,10077,516,83.2026980152344
Nesogale talazaci,10078,544,11.844067606982
Nesogale talazaci,10002,522,118.514859144707
Nesogale talazaci,10003,545,59.2391267675772
Nesogale talazaci,10081,546,7.8888975294175
Nesogale talazaci,10082,546,0.366907192294359
Nesogale talazaci,10083,547,29.8631327553117
Nesogale talazaci,9993,530,0.3690976892097
Nesogale talazaci,10017,530,26.6587824925889
Nesogale talazaci,10019,530,16.2380797407103
Nesogale talazaci,10018,531,254.421082642661
Nesogale talazaci,10020,531,0.645659265649438
Nesogale talazaci,10048,536,65.9968218823523
Nesogale talazaci,10087,548,62.6106702145676
Nesogale talazaci,10089,549,15.032588320411
Nesogale talazaci,10090,550,7.74432683949936
Nesomys audeberti,34,6,26.8482161109069
Nesomys audeberti,43,8,10.964685349086
Nesomys audeberti,44,8,0.0921358429681063
Nesomys audeberti,45,9,19.254136380346
Nesomys audeberti,49,9,0.276354423903167
Nesomys audeberti,50,9,0.552705523771942
Nesomys audeberti,51,9,25.2373154232593
Nesomys audeberti,53,11,0.920947142538845
Nesomys audeberti,54,12,0.460479690076709
Nesomys audeberti,55,12,0.276287814046025
Nesomys audeberti,64,11,19.7063202487138
Nesomys audeberti,65,12,19.1535753317625
Nesomys audeberti,105,15,281.014195517025
Nesomys audeberti,122,15,41.019546612291
Nesomys audeberti,1553,110,29.4123165165292
Nesomys audeberti,1555,137,27.2715936270507
Nesomys audeberti,1556,138,29.3885406549345
Nesomys audeberti,1401,94,29.6010280215059
Nesomys audeberti,22,5,17.9035992478908
Nesomys audeberti,181,140,28.7773817194842
Nesomys audeberti,1155,81,11.247937165623
Nesomys audeberti,104,13,267.503962983495
Nesomys audeberti,131,16,70.8794181292531
Nesomys audeberti,173,22,29.8132933344442
Nesomys audeberti,1557,142,0.733449546446324
Nesomys audeberti,1560,142,19.4390238963762
Nesomys audeberti,137,141,29.932942723587
Nesomys audeberti,1558,143,29.7695576977943
Nesomys audeberti,1559,143,28.1094555150611
Nesomys rufus,10657,447,0.604549703200459
Nesomys rufus,10667,447,0.777178853789091
Nesomys rufus,10718,447,19.9515621485635
Nesomys rufus,10714,448,27.2715936270507
Nesomys rufus,10715,449,29.4123165165292
Nesomys rufus,10716,450,29.3885406549345
Nesomys rufus,10717,451,20.6592519148769
Nesomys rufus,2517,455,0.812480411258936
Nesomys rufus,10735,455,16.6994855698657
Nesomys rufus,10736,455,1.17365293457222
Nesomys rufus,10738,455,0.180557963597178
Nesomys rufus,10761,476,61.2124982058693
Nesomys rufus,3450,453,0.179958904524803
Nesomys rufus,3503,453,2.87876883525968
Nesomys rufus,3512,453,0.899620833965421
Nesomys rufus,3544,453,0.269868277515173
Nesomys rufus,10742,453,45.3586244343983
Nesomys rufus,10743,453,33.0953660842072
Nesomys rufus,10840,502,52.0931107730117
Nesomys rufus,10837,503,31.1097970257607
Nesomys rufus,10838,503,29.6010280215059
Nesomys rufus,10451,430,48.282664278709
Nesomys rufus,7351,466,113.437646918732
Nesomys rufus,7996,467,0.265972006814122
Nesomys rufus,10776,467,138.846313450127
Nesomys rufus,10828,467,9.04229392746901
Nesomys rufus,10870,513,68.6631767822923
Nesomys rufus,157,9,0.6456592656492
Nesomys rufus,10872,9,212.718004727706
Nesomys rufus,625,26,0.643524707940877
Nesomys rufus,647,26,0.183841973942041
Nesomys rufus,651,26,0.643432019172192
Nesomys rufus,660,26,0.367655302864194
Nesomys rufus,665,26,1.56243208603442
Nesomys rufus,666,26,0.275729722221732
Nesomys rufus,669,26,0.275717098941624
Nesomys rufus,674,26,0.275709061498523
Nesomys rufus,676,26,0.459508593737543
Nesomys rufus,680,26,0.45949710468936
Nesomys rufus,681,26,1.1946710927344
Nesomys rufus,691,26,1.47030313296086
Nesomys rufus,706,26,238.657265650975
Nesomys rufus,713,26,0.0918507397885323
Nesomys rufus,10804,499,59.0116196877182
Nesomys rufus,10719,505,142.504930117772
Nesomys rufus,10906,505,28.1809853154598
Nesomys rufus,10907,505,66.1899405958974
Nesomys rufus,10908,505,0.820644420907617
Nesomys rufus,10909,505,1.73194615611291
Nesomys rufus,10911,505,83.2026980152344
Nesomys rufus,10912,525,11.844067606982
Nesomys rufus,341,514,1.38205641757107
Nesomys rufus,356,514,11.423145542632
Nesomys rufus,547,514,0.4598808172791
Nesomys rufus,632,514,27.9446135478371
Nesomys rufus,640,514,0.459616383672059
Nesomys rufus,653,514,0.275752651619673
Nesomys rufus,663,514,0.183823638215899
Nesomys rufus,667,514,0.183819050049782
Nesomys rufus,1707,514,2375.17266051225
Nesomys rufus,10902,514,0.18402045498687
Nesomys rufus,10904,514,882.681709552324
Nesomys rufus,765,526,16.4322658197068
Nesomys rufus,10903,526,136.962556683724
Nesomys rufus,10883,521,216.318745159363
Nesomys rufus,10913,527,30.0798712901392
Nesomys rufus,10897,523,86.1021201956665
Nesomys rufus,10898,524,65.9968218823523
Nesomys rufus,10914,528,62.6106702145676
Nesomys rufus,10915,529,5.74979056634986
Nesomys rufus,10916,530,15.032588320411
Nesomys rufus,10917,531,7.74432683949936
Newtonia amphichroa,1,1,56.8711675529887
Newtonia amphichroa,3759,1,28.8450665179954
Newtonia amphichroa,3784,17,29.4123165165292
Newtonia amphichroa,3794,17,27.2715936270507
Newtonia amphichroa,3795,17,29.3885406549345
Newtonia amphichroa,779,36,2.87876883525968
Newtonia amphichroa,781,36,0.899620833965421
Newtonia amphichroa,800,36,0.269868277515173
Newtonia amphichroa,3826,36,45.3586244343983
Newtonia amphichroa,3827,36,33.0953660842072
Newtonia amphichroa,3928,38,52.0931107730117
Newtonia amphichroa,3754,27,48.282664278709
Newtonia amphichroa,3805,31,113.437646918732
Newtonia amphichroa,3921,34,31.1097970257607
Newtonia amphichroa,3922,34,29.6010280215059
Newtonia amphichroa,3195,30,0.620648212959528
Newtonia amphichroa,3198,30,0.265972006814122
Newtonia amphichroa,3203,30,0.709200345668078
Newtonia amphichroa,3846,30,138.846313450127
Newtonia amphichroa,3915,30,9.04229392746901
Newtonia amphichroa,3958,30,68.6631767822923
Newtonia amphichroa,18,2,1.1995567112959
Newtonia amphichroa,31,2,7.65654382250775
Newtonia amphichroa,33,2,0.6456592656492
Newtonia amphichroa,37,2,4.33443217345184
Newtonia amphichroa,3960,2,196.951619075751
Newtonia amphichroa,3938,40,0.3690976892097
Newtonia amphichroa,3959,40,26.6587824925889
Newtonia amphichroa,3961,40,16.2380797407103
Newtonia amphichroa,304,4,59.2391267675772
Newtonia amphichroa,3948,4,154.697961999217
Newtonia amphichroa,3949,4,1.37619193792719
Newtonia amphichroa,3971,4,0.550263871117234
Newtonia amphichroa,3973,4,58.1245802735148
Newtonia amphichroa,3974,4,5.77360824797505
Newtonia amphichroa,3984,4,0.3671433986426
Newtonia amphichroa,3985,4,4.95616607062131
Newtonia amphichroa,3986,4,19.8205211282898
Newtonia amphichroa,3987,4,0.367093046224117
Newtonia amphichroa,3989,4,0.367054338001192
Newtonia amphichroa,3990,4,0.642337166595399
Newtonia amphichroa,3991,4,1.101025548024
Newtonia amphichroa,3992,4,3.30296723872322
Newtonia amphichroa,3993,4,7.8888975294175
Newtonia amphichroa,3994,4,0.366907192294359
Newtonia amphichroa,3950,41,30.0675331480708
Newtonia amphichroa,328,6,161.696952363711
Newtonia amphichroa,520,7,0.812480411258936
Newtonia amphichroa,3815,7,16.6994855698657
Newtonia amphichroa,3844,7,61.2124982058693
Newtonia amphichroa,3889,7,59.0116196877182
Newtonia amphichroa,3983,7,1.17365293457222
Newtonia amphichroa,410,16,31.6704292118326
Newtonia amphichroa,3975,16,5.74979056634986
Newtonia amphichroa,448,18,145.788410841142
Newtonia amphichroa,3976,18,28.1809853154598
Newtonia amphichroa,3977,18,66.1899405958974
Newtonia amphichroa,3978,18,0.820644420907617
Newtonia amphichroa,3979,18,1.73194615611291
Newtonia amphichroa,3981,18,83.2026980152344
Newtonia amphichroa,3982,18,11.844067606982
Newtonia amphichroa,82,39,40.2587459644453
Newtonia amphichroa,89,39,0.276286701651156
Newtonia amphichroa,90,39,1.65764340949857
Newtonia amphichroa,114,39,0.4598808172791
Newtonia amphichroa,133,39,0.643524707940877
Newtonia amphichroa,135,39,27.9446135478371
Newtonia amphichroa,137,39,0.459616383672059
Newtonia amphichroa,138,39,0.643432019172192
Newtonia amphichroa,139,39,0.275752651619673
Newtonia amphichroa,141,39,0.367655302864194
Newtonia amphichroa,145,39,1.56243208603442
Newtonia amphichroa,146,39,0.275729722221732
Newtonia amphichroa,148,39,0.275717098941624
Newtonia amphichroa,150,39,0.275709061498523
Newtonia amphichroa,151,39,0.459508593737543
Newtonia amphichroa,152,39,0.275701020456195
Newtonia amphichroa,153,39,0.45949710468936
Newtonia amphichroa,154,39,1.1946710927344
Newtonia amphichroa,158,39,1.47030313296086
Newtonia amphichroa,162,39,1.10266377710551
Newtonia amphichroa,164,39,2.02137478975803
Newtonia amphichroa,165,39,0.826945434479237
Newtonia amphichroa,170,39,0.826825480995119
Newtonia amphichroa,171,39,0.459349671094894
Newtonia amphichroa,172,39,0.367459639964223
Newtonia amphichroa,174,39,0.275586929093957
Newtonia amphichroa,175,39,1.46972063059181
Newtonia amphichroa,176,39,0.275577679304183
Newtonia amphichroa,177,39,2.75561017110461
Newtonia amphichroa,178,39,0.275553377308786
Newtonia amphichroa,179,39,0.551107912560761
Newtonia amphichroa,193,39,297.438144768573
Newtonia amphichroa,282,39,1756.18139981116
Newtonia amphichroa,319,39,90.1243800056067
Newtonia amphichroa,3968,39,401.35630033969
Newtonia amphichroa,3970,39,87.7516679684219
Newtonia amphichroa,3995,39,182.959562702267
Newtonia amphichroa,3997,39,224.871835599886
Newtonia amphichroa,3999,39,185.116632381658
Newtonia archboldi,160,12,150.889593339244
Newtonia archboldi,262,12,14.876475508235
Newtonia archboldi,270,12,9.98819568180025
Newtonia archboldi,45,16,46.5723968884147
Newtonia archboldi,267,16,36.3826787541578
Newtonia archboldi,2,1,42.4890235274736
Newtonia archboldi,32,17,6.13304144533789
Newtonia archboldi,264,17,16.8362046284112
Newtonia archboldi,265,17,7.1876479107902
Newtonia archboldi,275,17,5.43494208523166
Newtonia archboldi,276,17,1.57807103533185
Newtonia brunneicauda,40684,227,13.4745567878347
Newtonia brunneicauda,24989,223,42.3362076362427
Newtonia brunneicauda,34178,239,10.3398139962552
Newtonia brunneicauda,40737,241,14.5508957098997
Newtonia brunneicauda,582,90,0.370271373195231
Newtonia brunneicauda,584,90,0.462834125284791
Newtonia brunneicauda,588,90,43.0377824654073
Newtonia brunneicauda,589,90,0.18513059458977
Newtonia brunneicauda,611,90,1.48074673073471
Newtonia brunneicauda,615,90,1.66577102635694
Newtonia brunneicauda,621,90,0.277623898765862
Newtonia brunneicauda,625,90,0.277610584835947
Newtonia brunneicauda,660,90,1.38815019469857
Newtonia brunneicauda,40951,90,0.185083622752249
Newtonia brunneicauda,515,254,43.4528749465152
Newtonia brunneicauda,284,249,0.463597745714188
Newtonia brunneicauda,363,249,43.2038186617044
Newtonia brunneicauda,188,149,0.55664420881176
Newtonia brunneicauda,195,149,0.371099061261296
Newtonia brunneicauda,198,149,0.556625695955813
Newtonia brunneicauda,208,149,0.185535398295105
Newtonia brunneicauda,215,149,0.463806772104442
Newtonia brunneicauda,223,149,0.27827526928854
Newtonia brunneicauda,225,149,0.463781360735595
Newtonia brunneicauda,240,149,0.278243954662919
Newtonia brunneicauda,253,149,0.185478644791543
Newtonia brunneicauda,256,149,0.27820176096195
Newtonia brunneicauda,259,149,0.64914825101471
Newtonia brunneicauda,264,149,0.18546587502265
Newtonia brunneicauda,269,149,130.021860527528
Newtonia brunneicauda,273,149,0.18545505566138
Newtonia brunneicauda,274,149,6.4908973798604
Newtonia brunneicauda,283,149,8.4370977335708
Newtonia brunneicauda,285,149,0.185438309593201
Newtonia brunneicauda,292,149,0.185425482894003
Newtonia brunneicauda,40232,149,0.185474717534363
Newtonia brunneicauda,40950,149,56.8711675529887
Newtonia brunneicauda,40741,258,13.0307413413469
Newtonia brunneicauda,40837,258,6.06907414019537
Newtonia brunneicauda,41107,258,2.02272765648687
Newtonia brunneicauda,40824,259,112.468627701651
Newtonia brunneicauda,16829,152,38.2051651932399
Newtonia brunneicauda,16948,152,3.07696966736627
Newtonia brunneicauda,16961,152,0.723997986286044
Newtonia brunneicauda,17055,152,0.361958205401897
Newtonia brunneicauda,41133,152,0.452763459861636
Newtonia brunneicauda,39426,264,0.777178853789091
Newtonia brunneicauda,40998,264,0.604549703200817
Newtonia brunneicauda,41211,264,27.2715936270507
Newtonia brunneicauda,41212,264,29.4123165165292
Newtonia brunneicauda,41213,264,29.3885406549345
Newtonia brunneicauda,41214,264,20.6592519148769
Newtonia brunneicauda,41215,264,19.9515621485635
Newtonia brunneicauda,41234,267,78.5054384879867
Newtonia brunneicauda,37848,260,46.5723968884147
Newtonia brunneicauda,41084,260,36.3826787541578
Newtonia brunneicauda,22487,261,0.449603298739433
Newtonia brunneicauda,22488,261,0.359686745625973
Newtonia brunneicauda,22634,261,36.331879859746
Newtonia brunneicauda,41135,261,0.449634089967847
Newtonia brunneicauda,41233,261,6.47518067736232
Newtonia brunneicauda,35056,234,428.524140957145
Newtonia brunneicauda,40738,234,2.02803748513663
Newtonia brunneicauda,40739,234,2.11576712074435
Newtonia brunneicauda,41102,234,9.25706128804803
Newtonia brunneicauda,41105,234,4.31856011909986
Newtonia brunneicauda,41277,234,17.5870851484947
Newtonia brunneicauda,41278,234,2.03225787389851
Newtonia brunneicauda,41279,234,1.94182639975023
Newtonia brunneicauda,23121,134,52.2268727901955
Newtonia brunneicauda,41418,134,39.1360013945309
Newtonia brunneicauda,38965,217,9.98819568180025
Newtonia brunneicauda,39075,217,0.260165493234158
Newtonia brunneicauda,39116,217,7.36721759575951
Newtonia brunneicauda,39148,217,12.0483039035151
Newtonia brunneicauda,39368,217,445.611096910782
Newtonia brunneicauda,40501,217,17.8876522784661
Newtonia brunneicauda,40547,217,45.1360753508905
Newtonia brunneicauda,40653,217,75.4428155354723
Newtonia brunneicauda,41287,217,5.23129722183871
Newtonia brunneicauda,40992,228,64.9869920614074
Newtonia brunneicauda,6480,246,16.3740665150672
Newtonia brunneicauda,6831,246,19.2038282113973
Newtonia brunneicauda,21982,287,0.179958904524803
Newtonia brunneicauda,22103,287,2.87876883525968
Newtonia brunneicauda,22115,287,0.899620833965421
Newtonia brunneicauda,22182,287,0.269868277515173
Newtonia brunneicauda,41330,287,45.3586244343983
Newtonia brunneicauda,41331,287,33.0953660842072
Newtonia brunneicauda,41465,290,52.0931107730117
Newtonia brunneicauda,31112,268,137.443018218653
Newtonia brunneicauda,39656,279,48.282664278709
Newtonia brunneicauda,41296,280,113.437646918732
Newtonia brunneicauda,41429,284,31.1097970257607
Newtonia brunneicauda,41430,284,29.6010280215059
Newtonia brunneicauda,8169,193,64.7813755391271
Newtonia brunneicauda,40927,193,1.73570699889708
Newtonia brunneicauda,25656,263,57.9536162531174
Newtonia brunneicauda,25862,263,3.3134309653126
Newtonia brunneicauda,27273,263,16.7138689349543
Newtonia brunneicauda,27382,263,89.7882265229853
Newtonia brunneicauda,27552,263,340.230088368782
Newtonia brunneicauda,28209,263,21.0801634665238
Newtonia brunneicauda,40668,263,21.5096479841157
Newtonia brunneicauda,40758,263,3.75955498127008
Newtonia brunneicauda,41203,263,17.1081231937802
Newtonia brunneicauda,41245,263,6.61121590080178
Newtonia brunneicauda,41289,263,43.0398890354153
Newtonia brunneicauda,41449,263,27.5139015001006
Newtonia brunneicauda,32684,272,0.620648212959528
Newtonia brunneicauda,32714,272,0.265972006814122
Newtonia brunneicauda,32754,272,0.709200345668078
Newtonia brunneicauda,32791,272,0.177290677110672
Newtonia brunneicauda,41350,272,138.846313450127
Newtonia brunneicauda,41351,272,0.177275942426443
Newtonia brunneicauda,41352,272,0.177274304782152
Newtonia brunneicauda,41416,272,9.04229392746901
Newtonia brunneicauda,41498,272,68.6631767822923
Newtonia brunneicauda,1264,97,19.9337849990107
Newtonia brunneicauda,41507,97,254.421082642661
Newtonia brunneicauda,41509,97,0.645659265649438
Newtonia brunneicauda,41476,293,0.3690976892097
Newtonia brunneicauda,41506,293,26.6587824925889
Newtonia brunneicauda,41508,293,16.2380797407103
Newtonia brunneicauda,36492,237,42.4890235274736
Newtonia brunneicauda,36801,237,6.13304144533789
Newtonia brunneicauda,41081,237,16.8362046284112
Newtonia brunneicauda,41082,237,7.1876479107902
Newtonia brunneicauda,41456,237,5.43494208523166
Newtonia brunneicauda,41578,237,1.57807103533185
Newtonia brunneicauda,19355,273,0.812480411258936
Newtonia brunneicauda,41312,273,16.6994855698657
Newtonia brunneicauda,41348,273,61.2124982058693
Newtonia brunneicauda,41390,273,59.0116196877182
Newtonia brunneicauda,41588,273,1.17365293457222
Newtonia brunneicauda,41589,273,0.180557963597178
Newtonia brunneicauda,7170,291,7.03434427333379
Newtonia brunneicauda,7178,291,5.85033975470352
Newtonia brunneicauda,7192,291,24.6792146248873
Newtonia brunneicauda,7262,291,1.0054375043211
Newtonia brunneicauda,7271,291,2.65062070312488
Newtonia brunneicauda,7287,291,0.182805694629431
Newtonia brunneicauda,7326,291,2.37624750380063
Newtonia brunneicauda,7335,291,0.274192454328179
Newtonia brunneicauda,7373,291,0.182784649551272
Newtonia brunneicauda,7409,291,0.182778454094648
Newtonia brunneicauda,7431,291,7.67678403816092
Newtonia brunneicauda,7460,291,8.86332816260099
Newtonia brunneicauda,7676,291,0.274089461484194
Newtonia brunneicauda,7769,291,9.5018882179122
Newtonia brunneicauda,7770,291,4.567756926453
Newtonia brunneicauda,8944,291,330.648057244708
Newtonia brunneicauda,8954,291,2.0072273404777
Newtonia brunneicauda,8970,291,0.364942030489683
Newtonia brunneicauda,40409,291,16.631194611291
Newtonia brunneicauda,40935,291,1.55373825480127
Newtonia brunneicauda,41001,291,0.456749789226413
Newtonia brunneicauda,41064,291,0.456175956650376
Newtonia brunneicauda,41290,291,36.1603726523629
Newtonia brunneicauda,41471,291,100.812835919068
Newtonia brunneicauda,41499,291,61.2504145189477
Newtonia brunneicauda,41539,291,0.822074067883492
Newtonia brunneicauda,41541,291,0.365072069038987
Newtonia brunneicauda,41542,291,1.82525826522207
Newtonia brunneicauda,41573,291,5.11777562952042
Newtonia brunneicauda,41576,291,0.182767295484543
Newtonia brunneicauda,3033,292,0.643524707942724
Newtonia brunneicauda,3110,292,0.459616383672059
Newtonia brunneicauda,3133,292,0.183841973942041
Newtonia brunneicauda,3145,292,0.643432019172192
Newtonia brunneicauda,3155,292,0.275752651619673
Newtonia brunneicauda,3180,292,0.367655302864194
Newtonia brunneicauda,3206,292,1.56243208603442
Newtonia brunneicauda,3207,292,0.275729722221732
Newtonia brunneicauda,3239,292,0.275717098941624
Newtonia brunneicauda,3259,292,0.275709061498523
Newtonia brunneicauda,3267,292,0.459508593737543
Newtonia brunneicauda,3280,292,0.45949710468936
Newtonia brunneicauda,3281,292,1.1946710927344
Newtonia brunneicauda,3302,292,0.183794934333146
Newtonia brunneicauda,3311,292,53.6769175645747
Newtonia brunneicauda,3316,292,3.21620605602419
Newtonia brunneicauda,3317,292,0.551364106284499
Newtonia brunneicauda,3329,292,1.10266377710527
Newtonia brunneicauda,3343,292,0.183781132994473
Newtonia brunneicauda,3344,292,0.367564567481756
Newtonia brunneicauda,3356,292,0.183777680330753
Newtonia brunneicauda,3364,292,0.551319225258708
Newtonia brunneicauda,3373,292,0.183773075227499
Newtonia brunneicauda,3384,292,1.10259928914046
Newtonia brunneicauda,3391,292,2.02137478975803
Newtonia brunneicauda,3392,292,0.826945434479237
Newtonia brunneicauda,3400,292,0.643170052255213
Newtonia brunneicauda,3406,292,0.183763859938979
Newtonia brunneicauda,3415,292,0.183761555059075
Newtonia brunneicauda,3416,292,1.65382056523675
Newtonia brunneicauda,3453,292,0.826825480994821
Newtonia brunneicauda,3499,292,0.459349671094894
Newtonia brunneicauda,3531,292,0.367459639964223
Newtonia brunneicauda,3554,292,0.183724619395971
Newtonia brunneicauda,3555,292,0.275586929093957
Newtonia brunneicauda,3564,292,1.46972063059181
Newtonia brunneicauda,3565,292,0.275577679304183
Newtonia brunneicauda,3693,292,0.367363554798603
Newtonia brunneicauda,3838,292,366.147778927468
Newtonia brunneicauda,3900,292,0.275443051051259
Newtonia brunneicauda,13658,292,2609.35666769842
Newtonia brunneicauda,41520,292,0.733449546446324
Newtonia brunneicauda,41521,292,28.7773817194842
Newtonia brunneicauda,41522,292,234.708229999792
Newtonia brunneicauda,41538,292,19.5821926010261
Newtonia brunneicauda,41547,292,0.18402045498687
Newtonia brunneicauda,41548,292,322.648436083532
Newtonia brunneicauda,41549,292,1103.96343099271
Newtonia brunneicauda,41550,292,0.3671433986426
Newtonia brunneicauda,41551,292,4.95616607062131
Newtonia brunneicauda,41552,292,19.8205211282898
Newtonia brunneicauda,41553,292,0.367093046224117
Newtonia brunneicauda,41556,292,0.367054338001192
Newtonia brunneicauda,41557,292,0.642337166595399
Newtonia brunneicauda,41559,292,3.11954769088572
Newtonia brunneicauda,41560,292,1.37619193792719
Newtonia brunneicauda,41565,292,59.2391267675772
Newtonia brunneicauda,41566,292,0.550263871117234
Newtonia brunneicauda,41568,292,19.4390238963762
Newtonia brunneicauda,41569,292,58.1245802735148
Newtonia brunneicauda,41571,292,5.77360824797505
Newtonia brunneicauda,41572,292,0.457520320277393
Newtonia brunneicauda,41590,292,3.30296723872322
Newtonia brunneicauda,41591,292,7.8888975294175
Newtonia brunneicauda,41592,292,0.366907192294359
Newtonia brunneicauda,41595,292,17.1974791608272
Newtonia brunneicauda,41596,292,0.365857744152904
Newtonia brunneicauda,41597,292,147.565898089784
Newtonia brunneicauda,41297,294,208.855460188826
Newtonia brunneicauda,41537,294,65.9968218823523
Newtonia brunneicauda,41581,294,28.1809853154598
Newtonia brunneicauda,41582,294,66.1899405958974
Newtonia brunneicauda,41583,294,0.820644420907617
Newtonia brunneicauda,41584,294,1.73194615611291
Newtonia brunneicauda,41586,294,83.2026980152344
Newtonia brunneicauda,41587,294,11.844067606982
Newtonia brunneicauda,41600,294,15.032588320411
Newtonia brunneicauda,41601,294,7.74432683949936
Newtonia brunneicauda,41602,294,0.273353686598182
Newtonia brunneicauda,41485,295,151.055431051786
Newtonia brunneicauda,41536,296,90.3937869662622
Newtonia brunneicauda,41598,296,62.6106702145676
Newtonia brunneicauda,41599,296,5.74979056634986
Newtonia brunneicauda,41558,297,7.43174190611184
Newtonia brunneicauda,41564,297,1.19252978562158
Newtonia brunneicauda,41593,298,118.514859144707
Newtonia brunneicauda,41594,298,29.8631327553117
Oriolia bernieri,2,2,0.369097689209938
Oriolia bernieri,4,2,16.2380797407139
Oriolia bernieri,747,12,0.539962693065524
Oriolia bernieri,751,12,16.6469548786582
Oriolia bernieri,802,12,25.4497781860946
Oriolia bernieri,2162,25,31.1097970257607
Oriolia bernieri,2163,25,29.6010280215059
Oriolia bernieri,1603,24,0.62064821295929
Oriolia bernieri,1604,24,0.709200345668078
Oriolia bernieri,1605,24,63.1928620869468
Oriolia bernieri,2150,24,31.3932447860877
Oriolia bernieri,2159,24,9.04229392746901
Oriolia bernieri,5,3,45.7864865830548
Oriolia bernieri,21,3,199.08004293751
Oriolia bernieri,23,3,444.205928954021
Oriolia bernieri,33,3,175.248917487665
Oriolia bernieri,37,3,174.148137201237
Oriolia bernieri,40,3,29.4327473464405
Oriolia bernieri,41,3,123.029336734778
Oriolia bernieri,46,3,29.2147179712455
Oriolia bernieri,56,3,11.5340295771191
Oriolia bernieri,2164,3,129.474395438755
Oriolia bernieri,2168,3,7.43174190611184
Oriolia bernieri,2169,3,28.7773817194842
Oriolia bernieri,2170,3,24.6020278093903
Oriolia bernieri,2173,3,1.19252978562158
Oriolia bernieri,2174,3,0.550263871117234
Oriolia bernieri,2177,3,59.3032810814328
Oriolia bernieri,2178,3,0.915983153844118
Oriolia bernieri,92,27,117.394564816981
Oriolia bernieri,52,26,129.19912881279
Oryzorictes hova,1,1,56.8711675529895
Oryzorictes hova,8324,539,0.604549703200459
Oryzorictes hova,8332,539,0.777178853789091
Oryzorictes hova,8752,539,19.9515621485635
Oryzorictes hova,8748,540,27.2715936270507
Oryzorictes hova,8749,541,29.4123165165292
Oryzorictes hova,8750,542,29.3885406549345
Oryzorictes hova,8751,543,20.6592519148769
Oryzorictes hova,8815,567,61.2124982058693
Oryzorictes hova,3070,544,0.899620833965421
Oryzorictes hova,3085,544,0.269868277515173
Oryzorictes hova,8598,544,0.179958904524803
Oryzorictes hova,8599,544,2.87876883525717
Oryzorictes hova,8797,544,45.3586244343983
Oryzorictes hova,8798,544,33.0953660842072
Oryzorictes hova,8880,590,52.0931107730117
Oryzorictes hova,8873,592,31.1097970257607
Oryzorictes hova,8874,592,29.6010280215059
Oryzorictes hova,8144,533,48.282664278709
Oryzorictes hova,8774,557,113.437646918732
Oryzorictes hova,8817,577,139.201165790879
Oryzorictes hova,8909,606,68.6631767822923
Oryzorictes hova,1230,49,41.9105469490677
Oryzorictes hova,85,357,19.9337849990107
Oryzorictes hova,2437,497,0.812480411258936
Oryzorictes hova,8787,497,16.6994855698657
Oryzorictes hova,8789,497,0.180557963597178
Oryzorictes hova,8972,497,1.17365293457222
Oryzorictes hova,774,511,0.183841973942041
Oryzorictes hova,780,511,0.643432019172192
Oryzorictes hova,795,511,0.367655302864194
Oryzorictes hova,799,511,1.56243208603442
Oryzorictes hova,800,511,0.275729722221732
Oryzorictes hova,802,511,0.275717098941624
Oryzorictes hova,806,511,0.275709061498523
Oryzorictes hova,810,511,0.459508593737841
Oryzorictes hova,813,511,0.45949710468936
Oryzorictes hova,814,511,1.1946710927344
Oryzorictes hova,823,511,3.21620605602294
Oryzorictes hova,829,511,0.367564567481756
Oryzorictes hova,836,511,0.183777680330634
Oryzorictes hova,842,511,0.183773075227499
Oryzorictes hova,845,511,1.10259928914046
Oryzorictes hova,854,511,0.183763859938979
Oryzorictes hova,856,511,0.183761555059075
Oryzorictes hova,857,511,1.65382056523675
Oryzorictes hova,982,511,324.174455023244
Oryzorictes hova,8645,511,0.643524707942724
Oryzorictes hova,767,521,0.459616383672059
Oryzorictes hova,782,521,0.275752651619673
Oryzorictes hova,818,521,0.183794934333146
Oryzorictes hova,824,521,0.551364106284499
Oryzorictes hova,840,521,0.551319225258708
Oryzorictes hova,850,521,0.643170052255213
Oryzorictes hova,1894,521,2604.01996006719
Oryzorictes hova,8644,521,53.6769175645747
Oryzorictes hova,8925,521,0.733449546446324
Oryzorictes hova,8926,521,28.7773817194842
Oryzorictes hova,8944,521,0.18402045498687
Oryzorictes hova,8946,521,1104.14660628995
Oryzorictes hova,8962,521,19.4390238963762
Oryzorictes hova,8927,615,235.440162164184
Oryzorictes hova,8964,615,0.457520320277393
Oryzorictes hova,8977,615,17.1974791608272
Oryzorictes hova,8945,616,322.740230993205
Oryzorictes hova,8949,617,19.8205211282898
Oryzorictes hova,8957,617,1.37619193792719
Oryzorictes hova,8955,618,7.43174190611184
Oryzorictes hova,8978,619,0.365857744152904
Oryzorictes hova,8979,619,147.748782739298
Oryzorictes hova,8711,537,21.8563022389965
Oryzorictes hova,8854,588,59.0116196877182
Oryzorictes hova,8775,594,208.855460188826
Oryzorictes hova,8965,594,28.1809853154598
Oryzorictes hova,8966,594,66.1899405958974
Oryzorictes hova,8967,594,0.820644420907617
Oryzorictes hova,8968,594,1.73194615611291
Oryzorictes hova,8970,594,83.2026980152344
Oryzorictes hova,8971,620,11.844067606982
Oryzorictes hova,8896,598,118.514859144707
Oryzorictes hova,8897,621,59.3308393847932
Oryzorictes hova,8974,622,7.8888975294175
Oryzorictes hova,8975,622,0.366907192294359
Oryzorictes hova,8976,623,29.8631327553117
Oryzorictes hova,8889,607,0.3690976892097
Oryzorictes hova,8911,607,26.6587824925889
Oryzorictes hova,8913,607,16.2380797407103
Oryzorictes hova,8912,608,254.421082642661
Oryzorictes hova,8914,608,0.645659265649438
Oryzorictes hova,8941,613,90.3937869662622
Oryzorictes hova,8942,614,65.9968218823523
Oryzorictes hova,8980,624,62.6106702145676
Oryzorictes hova,8981,625,5.74979056634986
Oryzorictes hova,8982,626,15.032588320411
Oryzorictes hova,8983,627,7.74432683949936
Oryzorictes tetradactylus,128,17,11.0677904937422
Oryzorictes tetradactylus,129,17,23.1488844918891
Oryzorictes tetradactylus,160,22,10.964685349086
Oryzorictes tetradactylus,162,24,1.19747486800301
Oryzorictes tetradactylus,165,24,0.368458156106472
Oryzorictes tetradactylus,166,24,4.97389831733626
Oryzorictes tetradactylus,167,24,4.23704192003936
Oryzorictes tetradactylus,169,24,6.63162645038044
Oryzorictes tetradactylus,174,25,14.9212984618512
Oryzorictes tetradactylus,176,24,0.184211880049229
Oryzorictes tetradactylus,179,24,1.74986507844758
Oryzorictes tetradactylus,181,24,68.3474855748302
Oryzorictes tetradactylus,185,25,29.7439079649721
Oryzorictes tetradactylus,189,26,19.6108810678481
Oryzorictes tetradactylus,197,29,27.3374724883207
Oryzorictes tetradactylus,200,31,29.8164373522979
Oryzorictes tetradactylus,243,34,0.367897162454665
Oryzorictes tetradactylus,244,210,32.5536096187773
Oryzorictes tetradactylus,277,34,47.6303711655117
Oryzorictes tetradactylus,278,210,0.183868284008205
Oryzorictes tetradactylus,1980,144,98.5473947674056
Oryzorictes tetradactylus,207,32,55.7561745491338
Oryzorictes tetradactylus,225,32,29.1594029263307
Oryzorictes tetradactylus,482,50,180.120184813256
Oryzorictes tetradactylus,1462,98,52.5005638445029
Oryzorictes tetradactylus,1537,217,26.1848926319454
Oryzorictes tetradactylus,496,211,0.820644420907855
Oryzorictes tetradactylus,501,211,1.73194615611374
Oryzorictes tetradactylus,509,211,66.1899405958974
Oryzorictes tetradactylus,2003,211,25.9731546361337
Oryzorictes tetradactylus,98,12,19.9337849990107
Oryzorictes tetradactylus,155,208,17.2347893938358
Oryzorictes tetradactylus,121,14,38.0118100940852
Oryzorictes tetradactylus,305,178,1.10266377710527
Oryzorictes tetradactylus,307,178,0.183781132994473
Oryzorictes tetradactylus,310,178,2.02137478975803
Oryzorictes tetradactylus,311,178,0.826945434479237
Oryzorictes tetradactylus,331,178,0.367459639964223
Oryzorictes tetradactylus,335,178,0.183724619395971
Oryzorictes tetradactylus,336,178,0.275586929093957
Oryzorictes tetradactylus,338,178,1.46972063059181
Oryzorictes tetradactylus,339,178,0.275577679304183
Oryzorictes tetradactylus,369,178,322.413432348492
Oryzorictes tetradactylus,2004,218,19.5821926010261
Otus rutilus,44,1,130.021860527528
Otus rutilus,45,1,6.4908973798604
Otus rutilus,48,1,8.4370977335708
Otus rutilus,90,1,43.4528749465152
Otus rutilus,5312,1,56.8711675529887
Otus rutilus,5093,21,44.4928427752445
Otus rutilus,5541,21,27.2715936270507
Otus rutilus,5542,21,29.4123165165292
Otus rutilus,5543,21,29.3885406549345
Otus rutilus,5544,21,20.6592519148769
Otus rutilus,5545,21,19.9515621485635
Otus rutilus,4740,12,10.0335984890005
Otus rutilus,4774,12,68.10678924646
Otus rutilus,4817,12,46.4243142196318
Otus rutilus,4837,12,39.125721504027
Otus rutilus,5610,12,61.6409603621128
Otus rutilus,5611,12,5.23129722183871
Otus rutilus,5564,24,78.5054384879867
Otus rutilus,2888,23,52.2268727901955
Otus rutilus,5740,23,39.1360013945309
Otus rutilus,2782,29,2.87876883525968
Otus rutilus,5653,29,45.3586244343983
Otus rutilus,5654,29,33.0953660842072
Otus rutilus,5768,29,52.0931107730117
Otus rutilus,3850,8,137.443018218653
Otus rutilus,5619,26,113.437646918732
Otus rutilus,3108,15,42.3362076362427
Otus rutilus,3212,15,57.9536162531174
Otus rutilus,3233,15,3.3134309653126
Otus rutilus,3308,15,89.7882265230072
Otus rutilus,3620,15,449.033259297131
Otus rutilus,5079,15,21.5096479841157
Otus rutilus,5129,15,3.75955498127008
Otus rutilus,5533,15,17.1081231937802
Otus rutilus,5612,15,43.0398890354153
Otus rutilus,5757,15,27.5139015001006
Otus rutilus,5673,28,138.846313450127
Otus rutilus,5739,28,9.04229392746901
Otus rutilus,5802,28,68.6631767822923
Otus rutilus,4279,3,17.1507284432224
Otus rutilus,4422,3,16.0848499706674
Otus rutilus,4482,3,42.4890235274736
Otus rutilus,4549,3,4.1197115746795
Otus rutilus,4670,3,46.5723968884147
Otus rutilus,5065,3,15.479861985826
Otus rutilus,5090,3,13.0307413413469
Otus rutilus,5143,3,7.50890607225883
Otus rutilus,5198,3,13.3958478781311
Otus rutilus,5204,3,3.87195306908155
Otus rutilus,5205,3,6.06907414019537
Otus rutilus,5427,3,16.8362046284112
Otus rutilus,5436,3,9.25706128804803
Otus rutilus,5439,3,4.31856011909986
Otus rutilus,5441,3,2.02272765648687
Otus rutilus,5532,3,44.8174905868982
Otus rutilus,5602,3,2.03225787389851
Otus rutilus,5603,3,8.03635703224694
Otus rutilus,5877,3,1.57807103533185
Otus rutilus,1005,18,16.3740665150672
Otus rutilus,1057,18,19.2038282113973
Otus rutilus,1106,18,7.03434427333379
Otus rutilus,1107,18,5.85033975470352
Otus rutilus,1109,18,24.6792146248873
Otus rutilus,1122,18,2.65062070312488
Otus rutilus,1129,18,2.37624750380063
Otus rutilus,1141,18,7.67678403816092
Otus rutilus,1147,18,8.86332816260099
Otus rutilus,1198,18,9.5018882179122
Otus rutilus,1199,18,4.567756926453
Otus rutilus,1371,18,330.648057244708
Otus rutilus,1372,18,2.00722734047782
Otus rutilus,4932,18,16.631194611291
Otus rutilus,5306,18,1.55373825480127
Otus rutilus,5613,18,36.1603726523629
Otus rutilus,5774,18,100.812835919068
Otus rutilus,5803,18,61.2504145189477
Otus rutilus,5846,18,1.82525826522207
Otus rutilus,5880,18,5.11777562952042
Otus rutilus,269,19,19.9337849990107
Otus rutilus,546,19,1.56243208603442
Otus rutilus,561,19,53.6769175645747
Otus rutilus,562,19,3.21620605602419
Otus rutilus,572,19,2.02137478975803
Otus rutilus,574,19,1.65382056523675
Otus rutilus,630,19,366.147778927468
Otus rutilus,1922,19,2609.35666769842
Otus rutilus,5620,19,208.855460188826
Otus rutilus,5810,19,26.6587824925889
Otus rutilus,5811,19,254.421082642661
Otus rutilus,5812,19,16.2380797407103
Otus rutilus,5825,19,28.7773817194842
Otus rutilus,5826,19,234.708229999792
Otus rutilus,5840,19,90.3937869662622
Otus rutilus,5841,19,65.9968218823523
Otus rutilus,5842,19,19.5821926010261
Otus rutilus,5852,19,322.648436083532
Otus rutilus,5853,19,1103.96343099271
Otus rutilus,5855,19,4.95616607062131
Otus rutilus,5856,19,19.8205211282898
Otus rutilus,5862,19,7.43174190611184
Otus rutilus,5863,19,3.11954769088572
Otus rutilus,5869,19,59.2391267675772
Otus rutilus,5872,19,19.4390238963762
Otus rutilus,5873,19,58.1245802735148
Otus rutilus,5875,19,5.77360824797505
Otus rutilus,5885,19,28.1809853154598
Otus rutilus,5886,19,66.1899405958974
Otus rutilus,5888,19,1.73194615611291
Otus rutilus,5890,19,83.2026980152344
Otus rutilus,5891,19,11.844067606982
Otus rutilus,5894,19,3.30296723872322
Otus rutilus,5895,19,7.8888975294175
Otus rutilus,5897,19,118.514859144707
Otus rutilus,5898,19,29.8631327553117
Otus rutilus,5899,19,17.1974791608272
Otus rutilus,5901,19,147.565898089784
Otus rutilus,5902,19,62.6106702145676
Otus rutilus,5903,19,5.74979056634986
Otus rutilus,5904,19,15.032588320411
Otus rutilus,5905,19,7.74432683949936
Otus rutilus,5788,31,151.055431051786
Otus rutilus,5635,30,16.6994855698657
Otus rutilus,5671,30,61.2124982058693
Otus rutilus,5713,30,59.0116196877182
Oxylabes madagascariensis,3,2,111.100829909233
Oxylabes madagascariensis,5,2,0.463781360735595
Oxylabes madagascariensis,6,2,0.278243954662919
Oxylabes madagascariensis,7,2,0.64914825101471
Oxylabes madagascariensis,6585,2,56.8711675529887
Oxylabes madagascariensis,13,39,21.0334598369182
Oxylabes madagascariensis,898,8,16.1104772354463
Oxylabes madagascariensis,925,8,11.3484171179743
Oxylabes madagascariensis,6443,40,29.4123165165292
Oxylabes madagascariensis,6627,40,27.2715936270507
Oxylabes madagascariensis,6628,40,29.3885406549345
Oxylabes madagascariensis,6629,40,20.6592519148769
Oxylabes madagascariensis,1953,56,2.87876883525968
Oxylabes madagascariensis,1955,56,0.899620833965421
Oxylabes madagascariensis,1980,56,0.269868277515173
Oxylabes madagascariensis,6673,56,45.3586244343983
Oxylabes madagascariensis,6674,56,33.0953660842072
Oxylabes madagascariensis,6777,57,52.0931107730117
Oxylabes madagascariensis,6652,48,113.437646918732
Oxylabes madagascariensis,6436,51,48.282664278709
Oxylabes madagascariensis,6770,53,31.1097970257607
Oxylabes madagascariensis,6771,53,29.6010280215059
Oxylabes madagascariensis,5125,47,0.620648212959528
Oxylabes madagascariensis,5128,47,0.265972006814122
Oxylabes madagascariensis,5136,47,0.709200345668078
Oxylabes madagascariensis,6693,47,138.846313450127
Oxylabes madagascariensis,6764,47,9.04229392746901
Oxylabes madagascariensis,6807,47,68.6631767822923
Oxylabes madagascariensis,168,27,1.1995567112959
Oxylabes madagascariensis,217,27,0.6456592656492
Oxylabes madagascariensis,6809,27,240.766525636997
Oxylabes madagascariensis,6787,60,0.3690976892097
Oxylabes madagascariensis,6808,60,26.6587824925889
Oxylabes madagascariensis,6810,60,16.2380797407103
Oxylabes madagascariensis,1469,44,0.812480411258936
Oxylabes madagascariensis,6663,44,16.6994855698657
Oxylabes madagascariensis,6691,44,61.2124982058693
Oxylabes madagascariensis,6738,44,59.0116196877182
Oxylabes madagascariensis,6847,44,1.17365293457222
Oxylabes madagascariensis,328,58,41.180127586423
Oxylabes madagascariensis,481,58,0.4598808172791
Oxylabes madagascariensis,527,58,0.643524707940877
Oxylabes madagascariensis,528,58,2.11438066261417
Oxylabes madagascariensis,538,58,0.459616383672059
Oxylabes madagascariensis,544,58,0.643432019172192
Oxylabes madagascariensis,547,58,0.275752651619673
Oxylabes madagascariensis,553,58,0.367655302864194
Oxylabes madagascariensis,556,58,1.56243208603442
Oxylabes madagascariensis,557,58,0.275729722221732
Oxylabes madagascariensis,559,58,0.275717098941624
Oxylabes madagascariensis,563,58,0.275709061498523
Oxylabes madagascariensis,565,58,0.459508593737543
Oxylabes madagascariensis,567,58,0.275701020456195
Oxylabes madagascariensis,568,58,0.45949710468936
Oxylabes madagascariensis,569,58,1.1946710927344
Oxylabes madagascariensis,574,58,1.47030313296086
Oxylabes madagascariensis,649,58,286.32110384435
Oxylabes madagascariensis,917,58,41.2839215929323
Oxylabes madagascariensis,950,58,2338.91375318617
Oxylabes madagascariensis,6813,58,322.648436083532
Oxylabes madagascariensis,6814,58,182.959562702267
Oxylabes madagascariensis,6815,58,0.3671433986426
Oxylabes madagascariensis,6816,58,4.95616607062131
Oxylabes madagascariensis,6817,58,19.8205211282898
Oxylabes madagascariensis,6818,58,0.367093046224117
Oxylabes madagascariensis,6821,58,0.367054338001192
Oxylabes madagascariensis,6822,58,0.642337166595399
Oxylabes madagascariensis,6823,58,7.43174190611184
Oxylabes madagascariensis,6824,58,3.11954769088572
Oxylabes madagascariensis,6825,58,1.37619193792719
Oxylabes madagascariensis,6829,58,1.19252978562158
Oxylabes madagascariensis,6830,58,360.234294508965
Oxylabes madagascariensis,6831,58,59.2391267675772
Oxylabes madagascariensis,6832,58,0.550263871117234
Oxylabes madagascariensis,6834,58,58.1245802735148
Oxylabes madagascariensis,6836,58,5.77360824797505
Oxylabes madagascariensis,6837,58,243.799845205986
Oxylabes madagascariensis,6848,58,3.30296723872322
Oxylabes madagascariensis,6849,58,7.8888975294175
Oxylabes madagascariensis,6850,58,0.366907192294359
Oxylabes madagascariensis,6851,58,118.514859144707
Oxylabes madagascariensis,6852,58,29.8631327553117
Oxylabes madagascariensis,989,61,161.696952363711
Oxylabes madagascariensis,6838,61,30.0798712901392
Oxylabes madagascariensis,1020,62,61.0887142109144
Oxylabes madagascariensis,1025,62,0.273849359069586
Oxylabes madagascariensis,1086,62,62.6106702145676
Oxylabes madagascariensis,6839,62,5.74979056634986
Oxylabes madagascariensis,6794,63,151.055431051786
Oxylabes madagascariensis,1221,59,145.788410841142
Oxylabes madagascariensis,6646,59,31.4878831114368
Oxylabes madagascariensis,6653,59,15.032588320411
Oxylabes madagascariensis,6840,59,28.1809853154598
Oxylabes madagascariensis,6841,59,66.1899405958974
Oxylabes madagascariensis,6842,59,0.820644420907617
Oxylabes madagascariensis,6843,59,1.73194615611291
Oxylabes madagascariensis,6845,59,83.2026980152344
Oxylabes madagascariensis,6846,59,11.844067606982
Philepitta castanea,4370,11,29.4123165165292
Philepitta castanea,4394,11,27.2715936270507
Philepitta castanea,4395,11,29.3885406549345
Philepitta castanea,4396,11,20.6592519148769
Philepitta castanea,1018,20,0.179958904524803
Philepitta castanea,1048,20,2.87876883525968
Philepitta castanea,1052,20,0.899620833965421
Philepitta castanea,1069,20,0.269868277515173
Philepitta castanea,4430,20,45.3586244343983
Philepitta castanea,4431,20,33.0953660842072
Philepitta castanea,4532,22,52.0931107730117
Philepitta castanea,3134,13,0.178258892614841
Philepitta castanea,3142,13,0.356448453989983
Philepitta castanea,4406,13,68.542247589293
Philepitta castanea,4548,13,0.178216341778278
Philepitta castanea,4549,13,40.1722469238046
Philepitta castanea,4205,17,48.282664278709
Philepitta castanea,4525,18,31.1097970257607
Philepitta castanea,4526,18,29.6010280215059
Philepitta castanea,40,23,26.6587824925889
Philepitta castanea,4539,23,0.3690976892097
Philepitta castanea,4555,23,16.2380797407103
Philepitta castanea,3509,15,0.62064821295929
Philepitta castanea,3510,15,0.265972006814122
Philepitta castanea,3511,15,0.709200345668078
Philepitta castanea,3512,15,0.177290677110672
Philepitta castanea,4451,15,138.846313450127
Philepitta castanea,4452,15,0.177275942426443
Philepitta castanea,4453,15,0.177274304782152
Philepitta castanea,4519,15,9.04229392746901
Philepitta castanea,4552,15,68.6631767822923
Philepitta castanea,43,1,104.429400195688
Philepitta castanea,45,1,0.6456592656492
Philepitta castanea,48,1,94.6503838187693
Philepitta castanea,98,1,1.74986507844758
Philepitta castanea,99,1,104.373087709085
Philepitta castanea,110,1,1.19697195979726
Philepitta castanea,218,1,3.21760750335884
Philepitta castanea,219,1,0.643524707942724
Philepitta castanea,236,1,0.459616383672059
Philepitta castanea,238,1,0.183841973942041
Philepitta castanea,239,1,0.183840828700006
Philepitta castanea,242,1,0.643432019172192
Philepitta castanea,243,1,0.275752651619673
Philepitta castanea,248,1,0.367655302864194
Philepitta castanea,262,1,0.643082380221069
Philepitta castanea,263,1,0.459349671094894
Philepitta castanea,264,1,1.8373651948179
Philepitta castanea,268,1,0.367459639964223
Philepitta castanea,271,1,0.183724619395971
Philepitta castanea,272,1,0.275586929093957
Philepitta castanea,274,1,1.46972063059181
Philepitta castanea,275,1,0.275577679304183
Philepitta castanea,292,1,0.367363554798603
Philepitta castanea,320,1,323.982827595775
Philepitta castanea,330,1,0.275443051051259
Philepitta castanea,369,1,7.43174190611184
Philepitta castanea,383,1,253.364580264818
Philepitta castanea,399,1,0.457520320277512
Philepitta castanea,589,1,2296.5559920978
Philepitta castanea,4554,1,19.1031559591866
Philepitta castanea,4563,1,29.749892015815
Philepitta castanea,4564,1,233.793414136171
Philepitta castanea,4579,1,0.275238152569652
Philepitta castanea,4580,1,0.18402045498687
Philepitta castanea,4581,1,931.408878011933
Philepitta castanea,4587,1,30.0798712901392
Philepitta castanea,517,25,0.273849359069586
Philepitta castanea,518,25,0.182563724761963
Philepitta castanea,4577,25,61.0887142109144
Philepitta castanea,4578,25,62.6106702145676
Philepitta castanea,4588,25,5.74979056634986
Philepitta castanea,756,10,0.812480411258936
Philepitta castanea,4419,10,16.6994855698657
Philepitta castanea,4420,10,1.17365293457222
Philepitta castanea,4422,10,0.180557963597178
Philepitta castanea,4449,10,61.2124982058693
Philepitta castanea,4493,10,59.0116196877182
Philepitta castanea,538,24,83.6664463016236
Philepitta castanea,631,24,83.2026980152344
Philepitta castanea,4407,24,15.032588320411
Philepitta castanea,4583,24,42.5747702322335
Philepitta castanea,4584,24,1.73194615611291
Philepitta castanea,4586,24,11.844067606982
Philepitta schlegeli,1077,11,33.9182954840018
Philepitta schlegeli,114,5,53.6385749434331
Philepitta schlegeli,748,21,0.452763459861875
Philepitta schlegeli,784,21,38.0240908844043
Philepitta schlegeli,792,21,3.07696966736638
Philepitta schlegeli,795,21,0.723997986286044
Philepitta schlegeli,807,21,0.361958205401897
Philepitta schlegeli,1637,14,24.1125028080204
Philepitta schlegeli,1178,19,18.7159821588671
Philepitta schlegeli,1214,19,33.5285920051366
Philepitta schlegeli,1445,24,43.0398890354153
Philepitta schlegeli,1485,24,21.5096479841157
Philepitta schlegeli,1516,24,55.5362709867372
Philepitta schlegeli,1523,24,13.8841261984153
Philepitta schlegeli,1547,24,0.447673652347684
Philepitta schlegeli,1584,24,88.5345907866488
Philepitta schlegeli,1589,24,310.796642880067
Philepitta schlegeli,1596,24,7.59324483305084
Philepitta schlegeli,1646,24,68.536408814274
Philepitta schlegeli,1648,24,10.842628340421
Philepitta schlegeli,1455,25,26.1882757536098
Philepitta schlegeli,119,6,16.3740665150728
Philepitta schlegeli,138,6,2.56021646885425
Philepitta schlegeli,139,6,1.28010022488046
Philepitta schlegeli,140,6,0.274313436967611
Philepitta schlegeli,163,6,4.66084065057552
Philepitta schlegeli,169,6,2.83342021114933
Philepitta schlegeli,172,6,8.31781849541915
Philepitta schlegeli,175,6,1.00536820483017
Philepitta schlegeli,183,6,4.29478634719432
Philepitta schlegeli,186,6,0.182759851703644
Philepitta schlegeli,197,6,7.03434427333379
Philepitta schlegeli,257,6,14.8774610751529
Philepitta schlegeli,263,6,274.507562000414
Philepitta schlegeli,264,6,2.00722734047782
Philepitta schlegeli,265,6,0.364942030489683
Philepitta schlegeli,267,6,0.456175956650972
Philepitta schlegeli,1647,6,36.1603726523629
Philepitta schlegeli,1649,6,100.812835919068
Philepitta schlegeli,1650,6,61.2504145189477
Philepitta schlegeli,1651,6,0.182767295484543
Philepitta schlegeli,1652,6,0.822074067883492
Philepitta schlegeli,1654,6,0.365072069038987
Philepitta schlegeli,1655,6,1.82525826522207
Ploceus nelicourvi,2,1,0.64914825101471
Ploceus nelicourvi,3,1,56.8711675529887
Ploceus nelicourvi,8821,1,52.3985918019408
Ploceus nelicourvi,8878,33,27.2715936270507
Ploceus nelicourvi,8879,33,29.4123165165292
Ploceus nelicourvi,8880,33,29.3885406549345
Ploceus nelicourvi,8881,33,20.6592519148769
Ploceus nelicourvi,2753,45,2.87876883525968
Ploceus nelicourvi,2755,45,0.899620833965421
Ploceus nelicourvi,2780,45,0.269868277515173
Ploceus nelicourvi,8925,45,45.3586244343983
Ploceus nelicourvi,8926,45,33.0953660842072
Ploceus nelicourvi,9024,46,52.0931107730117
Ploceus nelicourvi,8902,38,113.437646918732
Ploceus nelicourvi,8778,41,48.282664278709
Ploceus nelicourvi,9017,43,31.1097970257607
Ploceus nelicourvi,9018,43,29.6010280215059
Ploceus nelicourvi,6588,37,0.620648212959528
Ploceus nelicourvi,6594,37,0.265972006814122
Ploceus nelicourvi,6610,37,0.709200345668078
Ploceus nelicourvi,8945,37,138.846313450127
Ploceus nelicourvi,9011,37,9.04229392746901
Ploceus nelicourvi,9054,37,68.6631767822923
Ploceus nelicourvi,126,3,0.6456592656492
Ploceus nelicourvi,9055,3,19.1031559591866
Ploceus nelicourvi,9058,3,254.144434891021
Ploceus nelicourvi,9034,48,0.3690976892097
Ploceus nelicourvi,9057,48,26.6587824925889
Ploceus nelicourvi,9059,48,16.2380797407103
Ploceus nelicourvi,2013,24,0.812480411258936
Ploceus nelicourvi,8915,24,16.6994855698657
Ploceus nelicourvi,8943,24,61.2124982058693
Ploceus nelicourvi,8985,24,59.0116196877182
Ploceus nelicourvi,9122,24,1.17365293457222
Ploceus nelicourvi,220,47,0.276354423903167
Ploceus nelicourvi,230,47,0.644736027104974
Ploceus nelicourvi,233,47,1.74986507844758
Ploceus nelicourvi,234,47,112.203011880524
Ploceus nelicourvi,236,47,3.68393426545006
Ploceus nelicourvi,318,47,0.4598808172791
Ploceus nelicourvi,426,47,247.833423690444
Ploceus nelicourvi,1257,47,2362.21127498983
Ploceus nelicourvi,9070,47,0.733449546446324
Ploceus nelicourvi,9071,47,28.7773817194842
Ploceus nelicourvi,9072,47,234.708229999792
Ploceus nelicourvi,9090,47,322.648436083532
Ploceus nelicourvi,9091,47,1090.96766943862
Ploceus nelicourvi,9092,47,0.3671433986426
Ploceus nelicourvi,9093,47,4.95616607062131
Ploceus nelicourvi,9094,47,19.8205211282898
Ploceus nelicourvi,9095,47,0.367093046224117
Ploceus nelicourvi,9098,47,0.367054338001192
Ploceus nelicourvi,9099,47,0.642337166595399
Ploceus nelicourvi,9100,47,7.43174190611184
Ploceus nelicourvi,9101,47,3.11954769088572
Ploceus nelicourvi,9102,47,1.37619193792719
Ploceus nelicourvi,9106,47,1.19252978562158
Ploceus nelicourvi,9107,47,59.2391267675772
Ploceus nelicourvi,9108,47,0.550263871117234
Ploceus nelicourvi,9110,47,19.4390238963762
Ploceus nelicourvi,9111,47,58.1245802735148
Ploceus nelicourvi,9113,47,5.77360824797505
Ploceus nelicourvi,9114,47,0.457520320277393
Ploceus nelicourvi,9123,47,3.30296723872322
Ploceus nelicourvi,9124,47,7.8888975294175
Ploceus nelicourvi,9125,47,0.366907192294359
Ploceus nelicourvi,9126,47,118.514859144707
Ploceus nelicourvi,9127,47,29.8631327553117
Ploceus nelicourvi,9128,47,17.1974791608272
Ploceus nelicourvi,9129,47,0.365857744152904
Ploceus nelicourvi,9130,47,147.565898089784
Ploceus nelicourvi,8896,49,31.4878831114368
Ploceus nelicourvi,8903,49,145.788410841142
Ploceus nelicourvi,9087,49,65.9968218823523
Ploceus nelicourvi,9115,49,28.1809853154598
Ploceus nelicourvi,9116,49,66.1899405958974
Ploceus nelicourvi,9117,49,0.820644420907617
Ploceus nelicourvi,9118,49,1.73194615611291
Ploceus nelicourvi,9120,49,83.2026980152344
Ploceus nelicourvi,9121,49,11.844067606982
Ploceus nelicourvi,9133,49,15.032588320411
Ploceus nelicourvi,9134,49,7.74432683949936
Ploceus nelicourvi,9135,49,0.273353686598182
Ploceus nelicourvi,9042,50,151.055431051786
Ploceus nelicourvi,9086,51,90.3937869662622
Ploceus nelicourvi,9131,51,62.6106702145676
Ploceus nelicourvi,9132,51,5.74979056634986
Ploceus sakalava,13971,86,31.0182859874093
Ploceus sakalava,12533,30,25.2530937962923
Ploceus sakalava,208,47,0.185499234954476
Ploceus sakalava,212,47,0.278243954662919
Ploceus sakalava,216,47,26.0608411523744
Ploceus sakalava,225,47,0.185478644791543
Ploceus sakalava,231,47,0.27820176096195
Ploceus sakalava,237,47,0.18546587502265
Ploceus sakalava,252,47,0.18545505566138
Ploceus sakalava,253,47,6.49089737985945
Ploceus sakalava,269,47,0.185438309593201
Ploceus sakalava,277,47,0.185425482894003
Ploceus sakalava,283,47,8.4370977335708
Ploceus sakalava,14096,47,0.185474717534363
Ploceus sakalava,656,104,0.370271373195231
Ploceus sakalava,659,104,0.462834125284791
Ploceus sakalava,664,104,43.0377824654073
Ploceus sakalava,665,104,0.18513059458977
Ploceus sakalava,700,104,1.48074673073471
Ploceus sakalava,707,104,1.66577102635694
Ploceus sakalava,711,104,1.38815019469857
Ploceus sakalava,715,104,0.277623898765862
Ploceus sakalava,722,104,0.277610584835947
Ploceus sakalava,14876,104,0.185083622752249
Ploceus sakalava,268,116,0.463597745714188
Ploceus sakalava,368,116,43.2038186617044
Ploceus sakalava,560,117,43.4528749465152
Ploceus sakalava,6943,35,38.2051651932399
Ploceus sakalava,6959,35,3.07696966736627
Ploceus sakalava,6962,35,0.723997986286044
Ploceus sakalava,6990,35,0.361958205401897
Ploceus sakalava,14954,35,0.452763459861636
Ploceus sakalava,7590,96,57.2918905729155
Ploceus sakalava,8529,120,42.3362076362427
Ploceus sakalava,13136,101,9.85520655908297
Ploceus sakalava,14555,101,16.8407713442635
Ploceus sakalava,13252,124,0.261418984541655
Ploceus sakalava,13261,124,0.522798031426311
Ploceus sakalava,13271,124,6.62081308984315
Ploceus sakalava,13338,124,0.174136841906786
Ploceus sakalava,13346,124,0.261180647714615
Ploceus sakalava,14316,126,13.1672804516135
Ploceus sakalava,7950,118,0.449603298739433
Ploceus sakalava,7951,118,0.359686745625973
Ploceus sakalava,7996,118,36.331879859746
Ploceus sakalava,14962,118,0.449634089967847
Ploceus sakalava,14985,118,6.47518067736232
Ploceus sakalava,14314,105,435.931164999176
Ploceus sakalava,14720,105,43.5541700668897
Ploceus sakalava,14721,105,2.02803748513663
Ploceus sakalava,14722,105,2.11576712074435
Ploceus sakalava,14793,105,13.3829553466861
Ploceus sakalava,14794,105,3.87195306908155
Ploceus sakalava,14795,105,6.06907414019537
Ploceus sakalava,14945,105,9.25706128804803
Ploceus sakalava,14948,105,4.31856011909986
Ploceus sakalava,14950,105,2.02272765648687
Ploceus sakalava,15003,105,17.5870851484947
Ploceus sakalava,15004,105,2.03225787389851
Ploceus sakalava,15005,105,1.94182639975023
Ploceus sakalava,13468,114,0.347746593876839
Ploceus sakalava,13793,114,102.281833427133
Ploceus sakalava,14601,114,20.5755786330535
Ploceus sakalava,14634,114,0.347687768672109
Ploceus sakalava,14856,114,14.876475508235
Ploceus sakalava,14926,114,25.3907382257994
Ploceus sakalava,14930,114,9.98819568180025
Ploceus sakalava,14881,115,64.9869920614074
Ploceus sakalava,14381,119,45.6640702512723
Ploceus sakalava,14686,119,18.7159821588671
Ploceus sakalava,15021,119,0.539642938729286
Ploceus sakalava,14474,123,137.443018218653
Ploceus sakalava,3247,79,64.7813755391271
Ploceus sakalava,14847,79,1.73570699889708
Ploceus sakalava,8757,121,57.9536162531174
Ploceus sakalava,8820,121,3.3134309653126
Ploceus sakalava,9153,121,89.7882265229853
Ploceus sakalava,9413,121,468.355482097602
Ploceus sakalava,14646,121,21.5096479841157
Ploceus sakalava,14738,121,3.75955498127008
Ploceus sakalava,14984,121,17.1081231937802
Ploceus sakalava,15014,121,43.0398890354153
Ploceus sakalava,15026,121,27.5139015001006
Ploceus sakalava,12603,103,6.13304144533789
Ploceus sakalava,12654,103,0.175072785095453
Ploceus sakalava,14526,103,46.5723968884147
Ploceus sakalava,14725,103,42.4890235274736
Ploceus sakalava,14801,103,73.5944098629717
Ploceus sakalava,14933,103,36.3826787541578
Ploceus sakalava,14943,103,16.8362046284112
Ploceus sakalava,14944,103,7.1876479107902
Ploceus sakalava,15034,103,5.43494208523166
Ploceus sakalava,15049,103,1.57807103533185
Ploceus sakalava,2499,113,16.3740665150672
Ploceus sakalava,2676,113,19.2038282113973
Ploceus sakalava,2864,113,5.85033975470436
Ploceus sakalava,2872,113,16.0871950112846
Ploceus sakalava,2908,113,1.0054375043211
Ploceus sakalava,2915,113,0.182805694629431
Ploceus sakalava,2919,113,0.274201118186474
Ploceus sakalava,2931,113,2.37624750380063
Ploceus sakalava,2935,113,0.274192454328179
Ploceus sakalava,2953,113,0.182784649551272
Ploceus sakalava,2973,113,0.182778454094648
Ploceus sakalava,2983,113,7.67678403816092
Ploceus sakalava,2987,113,1.55373825480127
Ploceus sakalava,2996,113,6.21363010125625
Ploceus sakalava,3023,113,2.46709225874806
Ploceus sakalava,3349,113,7.03434427333379
Ploceus sakalava,3409,113,14.9687278325598
Ploceus sakalava,3557,113,2.0072273404777
Ploceus sakalava,3576,113,275.42016141617
Ploceus sakalava,3577,113,0.364942030489326
Ploceus sakalava,3586,113,0.456175956650972
Ploceus sakalava,14549,113,12.3364082640967
Ploceus sakalava,15015,113,36.7996040886711
Ploceus sakalava,15035,113,100.812835919068
Ploceus sakalava,15036,113,61.4329530729631
Ploceus sakalava,15037,113,0.822074067883492
Ploceus sakalava,15039,113,0.365072069038987
Ploceus sakalava,15040,113,1.82525826522207
Ploceus sakalava,15044,113,5.11777562952042
Ploceus sakalava,15047,113,0.182767295484543
Polyboroides radiatus,498,2,36.331879859746
Polyboroides radiatus,549,2,52.2268727901955
Polyboroides radiatus,610,2,468.355482097602
Polyboroides radiatus,1496,2,58.0431777097617
Polyboroides radiatus,2650,2,42.3362076362427
Polyboroides radiatus,3149,2,21.5096479841157
Polyboroides radiatus,3150,2,90.1463766941008
Polyboroides radiatus,3723,2,17.1081231937802
Polyboroides radiatus,3747,2,78.5054384879867
Polyboroides radiatus,3779,2,43.0398890354153
Polyboroides radiatus,3796,2,39.1360013945309
Polyboroides radiatus,3803,2,27.5139015001006
Polyboroides radiatus,851,4,119.12388846513
Polyboroides radiatus,905,4,151.58511224908
Polyboroides radiatus,2378,4,46.5723968884147
Polyboroides radiatus,2397,4,11.0948326900711
Polyboroides radiatus,3002,4,259.430068271501
Polyboroides radiatus,3074,4,45.1360753508905
Polyboroides radiatus,3258,4,41.698705479528
Polyboroides radiatus,3348,4,112.468627701651
Polyboroides radiatus,3400,4,14.876475508235
Polyboroides radiatus,3591,4,9.98819568180025
Polyboroides radiatus,3597,4,36.3826787541578
Polyboroides radiatus,3613,4,16.8362046284112
Polyboroides radiatus,71,1,19.9337849990107
Polyboroides radiatus,120,1,19.5821926010261
Polyboroides radiatus,144,1,354.105295176014
Polyboroides radiatus,347,1,1074.18481092571
Polyboroides radiatus,2829,1,32.5536096187775
Polyboroides radiatus,2833,1,53.6769175645747
Polyboroides radiatus,3555,1,86.9343049463478
Polyboroides radiatus,3792,1,208.855460188826
Polyboroides radiatus,3817,1,151.055431051786
Polyboroides radiatus,3824,1,26.6587824925889
Polyboroides radiatus,3825,1,254.421082642661
Polyboroides radiatus,3826,1,16.2380797407103
Polyboroides radiatus,3829,1,1272.31114505766
Polyboroides radiatus,3833,1,337.340770944684
Polyboroides radiatus,3840,1,28.7773817194842
Polyboroides radiatus,3841,1,235.440162164184
Polyboroides radiatus,3855,1,90.3937869662622
Polyboroides radiatus,3856,1,65.9968218823523
Polyboroides radiatus,3872,1,338.091647424762
Polyboroides radiatus,3873,1,322.740230993205
Polyboroides radiatus,3874,1,24.6020278093903
Polyboroides radiatus,3877,1,19.8205211282898
Polyboroides radiatus,3890,1,59.3308393847932
Polyboroides radiatus,3893,1,19.4390238963762
Polyboroides radiatus,3894,1,58.1245802735148
Polyboroides radiatus,3908,1,28.1809853154598
Polyboroides radiatus,3909,1,66.1899405958974
Polyboroides radiatus,3913,1,83.2026980152344
Polyboroides radiatus,3914,1,11.844067606982
Polyboroides radiatus,3918,1,118.514859144707
Polyboroides radiatus,3919,1,29.8631327553117
Polyboroides radiatus,3922,1,17.1974791608272
Polyboroides radiatus,3924,1,147.748782739298
Polyboroides radiatus,3925,1,62.6106702145676
Polyboroides radiatus,3927,1,15.032588320411
Polyboroides radiatus,219,3,19.2038282113973
Polyboroides radiatus,227,3,24.6792146248873
Polyboroides radiatus,350,3,332.382020853097
Polyboroides radiatus,2325,3,16.3740665150672
Polyboroides radiatus,3022,3,16.905341212997
Polyboroides radiatus,3525,3,10.0499887125863
Polyboroides radiatus,3782,3,36.7996040886711
Polyboroides radiatus,3822,3,100.812835919068
Polyboroides radiatus,3871,3,61.7068263077051
Pseudobias wardi,4316,25,29.4123165165292
Pseudobias wardi,4335,25,27.2715936270507
Pseudobias wardi,4336,25,29.3885406549345
Pseudobias wardi,4337,25,20.6592519148769
Pseudobias wardi,968,30,2.87876883525968
Pseudobias wardi,970,30,0.899620833965421
Pseudobias wardi,988,30,0.269868277515173
Pseudobias wardi,4376,30,45.3586244343983
Pseudobias wardi,4377,30,33.0953660842072
Pseudobias wardi,4478,46,52.0931107730117
Pseudobias wardi,4308,36,48.282664278709
Pseudobias wardi,4350,37,113.437646918732
Pseudobias wardi,4471,41,31.1097970257607
Pseudobias wardi,4472,41,29.6010280215059
Pseudobias wardi,25,3,16.2380797407103
Pseudobias wardi,4485,3,0.3690976892097
Pseudobias wardi,3222,35,0.620648212959528
Pseudobias wardi,3225,35,0.265972006814122
Pseudobias wardi,3231,35,0.709200345668078
Pseudobias wardi,4398,35,138.846313450127
Pseudobias wardi,4465,35,9.04229392746901
Pseudobias wardi,4500,35,68.6631767822923
Pseudobias wardi,18,1,19.2835761868453
Pseudobias wardi,28,1,90.5911314396111
Pseudobias wardi,29,1,0.6456592656492
Pseudobias wardi,4501,1,19.1031559591866
Pseudobias wardi,4502,1,20.6591479170306
Pseudobias wardi,431,6,161.696952363711
Pseudobias wardi,4527,6,30.0798712901392
Pseudobias wardi,451,47,61.0887142109144
Pseudobias wardi,453,47,0.273849359069586
Pseudobias wardi,508,48,31.6704292118326
Pseudobias wardi,4528,48,5.74979056634986
Pseudobias wardi,57,24,93.4084023599993
Pseudobias wardi,58,24,13.169071216873
Pseudobias wardi,108,24,0.4598808172791
Pseudobias wardi,123,24,0.36781642743516
Pseudobias wardi,141,24,0.643524707942724
Pseudobias wardi,155,24,0.459616383672059
Pseudobias wardi,162,24,0.643432019172192
Pseudobias wardi,163,24,0.275752651619673
Pseudobias wardi,170,24,0.367655302864194
Pseudobias wardi,173,24,1.56243208603442
Pseudobias wardi,174,24,0.275729722221732
Pseudobias wardi,175,24,0.275717098941624
Pseudobias wardi,177,24,0.275709061498523
Pseudobias wardi,178,24,0.459508593737543
Pseudobias wardi,179,24,0.45949710468936
Pseudobias wardi,180,24,1.1946710927344
Pseudobias wardi,184,24,53.6769175645747
Pseudobias wardi,185,24,3.21620605602419
Pseudobias wardi,186,24,0.551364106284499
Pseudobias wardi,190,24,1.10266377710551
Pseudobias wardi,191,24,0.367564567481756
Pseudobias wardi,195,24,0.551319225258708
Pseudobias wardi,198,24,1.10259928914046
Pseudobias wardi,200,24,2.02137478975803
Pseudobias wardi,201,24,0.826945434479237
Pseudobias wardi,202,24,0.643170052255213
Pseudobias wardi,203,24,1.65382056523675
Pseudobias wardi,210,24,0.826825480995119
Pseudobias wardi,211,24,0.459349671094894
Pseudobias wardi,218,24,0.367459639964223
Pseudobias wardi,223,24,0.275586929093957
Pseudobias wardi,225,24,1.46972063059181
Pseudobias wardi,226,24,0.275577679304183
Pseudobias wardi,243,24,0.367363554798603
Pseudobias wardi,252,24,342.082195700718
Pseudobias wardi,337,24,1.55979265927613
Pseudobias wardi,338,24,3.30296723872137
Pseudobias wardi,356,24,0.733449546446562
Pseudobias wardi,364,24,120.156076065488
Pseudobias wardi,365,24,2309.40085624351
Pseudobias wardi,370,24,41.2839215929341
Pseudobias wardi,4348,24,2.38581502810496
Pseudobias wardi,4488,24,1.101025548024
Pseudobias wardi,4504,24,2.67266141879243
Pseudobias wardi,4506,24,253.364580264818
Pseudobias wardi,4507,24,276.316869840155
Pseudobias wardi,4508,24,0.3671433986426
Pseudobias wardi,4509,24,4.95616607062131
Pseudobias wardi,4510,24,6.14897300429445
Pseudobias wardi,4511,24,0.367093046224117
Pseudobias wardi,4513,24,0.367054338001192
Pseudobias wardi,4514,24,0.642337166595399
Pseudobias wardi,4516,24,0.275238152569652
Pseudobias wardi,4517,24,59.2391267675772
Pseudobias wardi,4518,24,0.550263871117234
Pseudobias wardi,4520,24,19.4390238963762
Pseudobias wardi,4521,24,58.1245802735148
Pseudobias wardi,4523,24,0.550085971227527
Pseudobias wardi,4524,24,113.277328239443
Pseudobias wardi,4525,24,5.77360824797505
Pseudobias wardi,4526,24,243.799845205986
Pseudobias wardi,4533,24,1.37598456424815
Pseudobias wardi,4489,49,118.514859144707
Pseudobias wardi,4491,50,129.19912881279
Pseudobias wardi,492,27,0.820644420907855
Pseudobias wardi,545,27,83.2026980152344
Pseudobias wardi,4324,27,142.504930117772
Pseudobias wardi,4357,27,31.4878831114368
Pseudobias wardi,4358,27,15.032588320411
Pseudobias wardi,4529,27,66.1899405958974
Pseudobias wardi,4530,27,1.73194615611291
Pseudobias wardi,4532,27,11.844067606982
Pseudobias wardi,4396,45,61.2124982058693
Pseudobias wardi,4439,45,59.0116196877182
Rallus madagascariensis,397,8,139.201165790879
Rallus madagascariensis,490,8,9.04229392746901
Rallus madagascariensis,509,8,57.9452893114559
Rallus madagascariensis,17,2,231.456379009161
Rallus madagascariensis,19,2,4.33443217345184
Rallus madagascariensis,26,2,118.189647975998
Rallus madagascariensis,27,2,4.05232580194205
Rallus madagascariensis,28,2,1.65764340949857
Rallus madagascariensis,29,2,203.415967249531
Rallus madagascariensis,31,2,24.3872932737169
Rallus madagascariensis,32,2,964.561484564012
Rallus madagascariensis,33,2,18.8525092663892
Rallus madagascariensis,34,2,6.25186649493766
Rallus madagascariensis,510,2,108.102324539101
Rallus madagascariensis,137,9,59.0116196877182
Rallus madagascariensis,457,9,16.6994855698657
Rallus madagascariensis,469,9,61.2124982058693
Randia pseudozosterops,565,5,99.6139781935874
Randia pseudozosterops,9802,43,29.3885406549345
Randia pseudozosterops,9829,43,20.6592519148769
Randia pseudozosterops,6115,49,113.437646918732
Randia pseudozosterops,9934,56,31.1097970257607
Randia pseudozosterops,9935,56,29.6010280215059
Randia pseudozosterops,9792,57,48.282664278709
Randia pseudozosterops,9892,62,138.846313450127
Randia pseudozosterops,9964,62,68.6631767822923
Randia pseudozosterops,42,3,19.9337849990107
Randia pseudozosterops,103,3,179.054275010736
Randia pseudozosterops,9965,3,0.645659265649438
Randia pseudozosterops,213,21,0.276354423903167
Randia pseudozosterops,235,21,0.644736027104974
Randia pseudozosterops,244,21,0.184197436095715
Randia pseudozosterops,264,21,149.498138390679
Randia pseudozosterops,427,21,0.4598808172791
Randia pseudozosterops,1607,21,2282.62109132804
Randia pseudozosterops,9974,21,0.733449546446324
Randia pseudozosterops,9975,21,28.7773817194842
Randia pseudozosterops,9976,21,234.708229999792
Randia pseudozosterops,9992,21,0.18402045498687
Randia pseudozosterops,9993,21,322.648436083532
Randia pseudozosterops,9994,21,1090.96766943862
Randia pseudozosterops,9995,21,0.3671433986426
Randia pseudozosterops,9996,21,4.95616607062131
Randia pseudozosterops,9997,21,19.8205211282898
Randia pseudozosterops,9998,21,0.367093046224117
Randia pseudozosterops,10001,21,0.367054338001192
Randia pseudozosterops,10002,21,0.642337166595399
Randia pseudozosterops,10004,21,3.11954769088572
Randia pseudozosterops,10005,21,1.37619193792719
Randia pseudozosterops,10010,21,59.2391267675772
Randia pseudozosterops,10011,21,0.550263871117234
Randia pseudozosterops,10013,21,19.4390238963762
Randia pseudozosterops,10014,21,58.1245802735148
Randia pseudozosterops,10016,21,5.77360824797505
Randia pseudozosterops,10017,21,0.457520320277393
Randia pseudozosterops,10020,21,3.30296723872322
Randia pseudozosterops,10021,21,7.8888975294175
Randia pseudozosterops,10022,21,0.366907192294359
Randia pseudozosterops,10023,21,17.1974791608272
Randia pseudozosterops,10024,21,0.365857744152904
Randia pseudozosterops,10025,21,147.565898089784
Randia pseudozosterops,9848,63,57.2295433791005
Randia pseudozosterops,9991,63,65.9968218823523
Randia pseudozosterops,10019,63,11.844067606982
Randia pseudozosterops,10028,63,15.032588320411
Randia pseudozosterops,10029,63,7.74432683949936
Randia pseudozosterops,10030,63,0.273353686598182
Randia pseudozosterops,9941,64,118.514859144707
Randia pseudozosterops,9944,65,151.055431051786
Randia pseudozosterops,9990,66,90.3937869662622
Randia pseudozosterops,10026,66,62.6106702145676
Randia pseudozosterops,10027,66,5.74979056634986
Randia pseudozosterops,10003,67,7.43174190611184
Randia pseudozosterops,10009,67,1.19252978562158
Randia pseudozosterops,9879,50,61.2124982058693
Randia pseudozosterops,9916,50,59.0116196877182
Sarothrura insularis,1,1,72.6104762396658
Sarothrura insularis,4865,1,56.8711675529887
Sarothrura insularis,4937,25,27.2715936270507
Sarothrura insularis,4938,25,29.4123165165292
Sarothrura insularis,4939,25,29.3885406549345
Sarothrura insularis,4940,25,20.6592519148769
Sarothrura insularis,1742,33,0.899620833965421
Sarothrura insularis,4799,33,2.87876883525717
Sarothrura insularis,4997,33,45.3586244343983
Sarothrura insularis,4998,33,33.0953660842072
Sarothrura insularis,5092,34,52.0931107730117
Sarothrura insularis,5084,27,31.1097970257607
Sarothrura insularis,5085,27,29.6010280215059
Sarothrura insularis,4960,28,113.437646918732
Sarothrura insularis,4555,30,48.282664278709
Sarothrura insularis,5017,32,139.201165790879
Sarothrura insularis,5083,32,9.04229392746901
Sarothrura insularis,5122,32,68.6631767822923
Sarothrura insularis,8,2,19.9337849990107
Sarothrura insularis,5125,2,254.144434891021
Sarothrura insularis,5124,36,26.6587824925889
Sarothrura insularis,5126,36,16.2380797407103
Sarothrura insularis,1300,19,0.812480411258936
Sarothrura insularis,4983,19,16.6994855698657
Sarothrura insularis,5015,19,61.2124982058693
Sarothrura insularis,5057,19,59.0116196877182
Sarothrura insularis,5190,19,1.17365293457222
Sarothrura insularis,99,35,1.74986507844758
Sarothrura insularis,247,35,1.56243208603442
Sarothrura insularis,256,35,1.1946710927344
Sarothrura insularis,260,35,3.21620605602294
Sarothrura insularis,261,35,1.10266377710527
Sarothrura insularis,266,35,1.10259928914046
Sarothrura insularis,267,35,2.02137478975803
Sarothrura insularis,268,35,0.826945434479237
Sarothrura insularis,270,35,1.65382056523675
Sarothrura insularis,281,35,0.826825480995119
Sarothrura insularis,290,35,1.46972063059181
Sarothrura insularis,331,35,366.239631982932
Sarothrura insularis,824,35,2598.3038693915
Sarothrura insularis,4825,35,53.6769175645747
Sarothrura insularis,4878,35,1.38048064569426
Sarothrura insularis,4967,35,1.10433682509226
Sarothrura insularis,5138,35,28.7773817194842
Sarothrura insularis,5139,35,235.440162164184
Sarothrura insularis,5155,35,19.5821926010261
Sarothrura insularis,5158,35,322.740230993205
Sarothrura insularis,5159,35,1104.14660628995
Sarothrura insularis,5161,35,4.95616607062131
Sarothrura insularis,5162,35,19.8205211282898
Sarothrura insularis,5168,35,7.43174190611184
Sarothrura insularis,5169,35,3.11954769088572
Sarothrura insularis,5170,35,1.37619193792719
Sarothrura insularis,5174,35,1.19252978562158
Sarothrura insularis,5175,35,59.3308393847932
Sarothrura insularis,5178,35,19.4390238963762
Sarothrura insularis,5179,35,58.1245802735148
Sarothrura insularis,5181,35,5.77360824797505
Sarothrura insularis,5192,35,3.30296723872322
Sarothrura insularis,5193,35,7.8888975294175
Sarothrura insularis,5195,35,118.514859144707
Sarothrura insularis,5196,35,29.8631327553117
Sarothrura insularis,5197,35,17.1974791608272
Sarothrura insularis,5199,35,147.748782739298
Sarothrura insularis,4968,37,208.855460188826
Sarothrura insularis,5154,37,65.9968218823523
Sarothrura insularis,5183,37,28.1809853154598
Sarothrura insularis,5184,37,66.1899405958974
Sarothrura insularis,5185,37,0.820644420907617
Sarothrura insularis,5186,37,1.73194615611291
Sarothrura insularis,5188,37,83.2026980152344
Sarothrura insularis,5189,37,11.844067606982
Sarothrura insularis,5202,37,15.032588320411
Sarothrura insularis,5203,37,7.74432683949936
Sarothrura insularis,5110,38,151.055431051786
Sarothrura insularis,5153,39,90.3937869662622
Sarothrura insularis,5200,39,62.6106702145676
Sarothrura insularis,5201,39,5.74979056634986
Schetba rufa,8,1,0.55664420881176
Schetba rufa,9,1,0.371099061261296
Schetba rufa,10,1,0.556625695955515
Schetba rufa,11,1,9.3690831852839
Schetba rufa,13,1,0.463806772104681
Schetba rufa,16,1,0.27827526928854
Schetba rufa,5562,18,30.4260267755292
Schetba rufa,69,42,21.0334598369182
Schetba rufa,700,3,64.9869920614074
Schetba rufa,6285,20,0.777178853789091
Schetba rufa,6319,20,0.604549703200817
Schetba rufa,6361,20,29.4123165165292
Schetba rufa,6362,20,29.3885406549345
Schetba rufa,6363,20,20.6592519148769
Schetba rufa,6364,20,19.9515621485635
Schetba rufa,1743,11,63.2626418560651
Schetba rufa,3828,14,41.9135681366223
Schetba rufa,1761,13,52.0931107730117
Schetba rufa,2236,36,33.5285920051366
Schetba rufa,2106,39,45.3586244343983
Schetba rufa,2140,39,2.87876883525968
Schetba rufa,2145,39,0.899620833965421
Schetba rufa,2163,39,0.269868277515173
Schetba rufa,2170,39,33.0953660842072
Schetba rufa,1712,44,29.8625855308015
Schetba rufa,2722,45,26.1882757536098
Schetba rufa,4373,53,63.1928620869468
Schetba rufa,4407,53,0.62064821295929
Schetba rufa,4412,53,0.265972006814122
Schetba rufa,4421,53,0.709200345668078
Schetba rufa,6397,53,9.04229392746901
Schetba rufa,471,38,6.61398661988985
Schetba rufa,482,38,14.5111671973782
Schetba rufa,2768,54,43.0398890354153
Schetba rufa,2907,54,13.8841261984153
Schetba rufa,2911,54,40.3042481815683
Schetba rufa,3015,54,0.447673652347684
Schetba rufa,3137,54,88.5345907866488
Schetba rufa,3146,54,123.764666301145
Schetba rufa,3181,54,2.59390059166253
Schetba rufa,3278,54,0.98336395385921
Schetba rufa,6360,54,22.9626920597587
Schetba rufa,6400,54,49.9893787735443
Schetba rufa,994,5,0.365034251434088
Schetba rufa,995,5,61.0679011777905
Schetba rufa,1012,5,94.7218113163201
Schetba rufa,1020,5,50.5501472631775
Schetba rufa,1021,5,0.547426328327894
Schetba rufa,1024,5,0.364942030489683
Schetba rufa,1027,5,0.456175956650972
Schetba rufa,6335,5,59.2635538920963
Schetba rufa,6375,5,36.1603726523629
Schetba rufa,6434,5,3.2854141933409
Schetba rufa,6466,5,0.365072069038987
Schetba rufa,6467,5,1.82525826522207
Schetba rufa,214,26,19.9337849990107
Schetba rufa,245,26,19.2835761868453
Schetba rufa,253,26,77.6758625185613
Schetba rufa,254,26,20.6591479170306
Schetba rufa,259,26,7.19359772695065
Schetba rufa,269,26,0.276647751640141
Schetba rufa,358,26,1.10513790659881
Schetba rufa,608,26,29.3409883887585
Schetba rufa,967,26,792.942083412888
Schetba rufa,6365,26,25.2209269263488
Schetba rufa,6405,26,1115.83411572864
Schetba rufa,6411,26,0.733449546446324
Schetba rufa,6412,26,28.7773817194842
Schetba rufa,6413,26,99.7979325636272
Schetba rufa,6414,26,47.86339402205
Schetba rufa,6415,26,147.565898089784
Schetba rufa,6436,26,303.733537737818
Schetba rufa,6437,26,222.212845569436
Schetba rufa,6440,26,0.367054338001192
Schetba rufa,6441,26,0.642337166595399
Schetba rufa,6442,26,7.43174190611184
Schetba rufa,6443,26,3.11954769088572
Schetba rufa,6447,26,1.19252978562158
Schetba rufa,6448,26,0.550263871117234
Schetba rufa,6450,26,19.4390238963762
Schetba rufa,6451,26,29.4327473464405
Schetba rufa,6453,26,82.5824539634436
Schetba rufa,6457,26,30.6874973983106
Schetba rufa,6458,26,0.366016744080901
Schetba rufa,6459,26,29.757032203134
Schetba rufa,6460,26,18.3894848404292
Schetba rufa,6461,26,102.606006663087
Schetba rufa,6462,26,17.1974791608272
Schetba rufa,6463,26,0.365857744152904
Schetba rufa,6464,26,0.548763306547165
Schetba rufa,648,56,58.4714591694896
Schetba rufa,6435,56,29.8631327553117
Schetba rufa,976,57,90.3937869662622
Schetba rufa,6404,58,151.055431051786
Schetba rufa,1091,55,13.2143774025927
Schetba rufa,1097,55,11.8440676069835
Schetba rufa,1104,55,15.0325883204132
Schetba rufa,1143,55,30.996455854159
Schetba rufa,6454,55,7.74432683949936
Schetba rufa,6455,55,0.273353686598182
Setifer setosus,17702,164,63.2344571036203
Setifer setosus,21420,551,15.479861985826
Setifer setosus,21454,556,44.4928427752445
Setifer setosus,11237,129,42.3362076362427
Setifer setosus,21524,558,14.5508957098997
Setifer setosus,3962,562,2.19464777098459
Setifer setosus,3987,562,12.8945503097101
Setifer setosus,3812,571,16.3740665150672
Setifer setosus,169,6,0.463597745714188
Setifer setosus,212,6,43.2038186617044
Setifer setosus,341,13,0.370271373195231
Setifer setosus,342,13,0.462834125284791
Setifer setosus,345,13,43.0377824654073
Setifer setosus,356,13,1.48074673073471
Setifer setosus,357,13,1.66577102635694
Setifer setosus,360,13,0.277623898765862
Setifer setosus,361,13,0.277610584835947
Setifer setosus,378,13,1.38815019469857
Setifer setosus,4255,56,2.64969806134474
Setifer setosus,4289,56,0.274089461484194
Setifer setosus,4325,56,7.03479595916414
Setifer setosus,4326,56,4.567756926453
Setifer setosus,21669,56,0.456749789226413
Setifer setosus,294,396,43.4528749465152
Setifer setosus,97,4,0.55664420881176
Setifer setosus,101,4,0.371099061261296
Setifer setosus,104,4,0.556625695955813
Setifer setosus,117,4,0.463806772104442
Setifer setosus,124,4,0.27827526928854
Setifer setosus,126,4,0.463781360735595
Setifer setosus,136,4,0.278243954662919
Setifer setosus,149,4,0.27820176096195
Setifer setosus,152,4,0.64914825101471
Setifer setosus,159,4,130.021860527528
Setifer setosus,163,4,6.4908973798604
Setifer setosus,168,4,8.4370977335708
Setifer setosus,21693,4,56.8711675529887
Setifer setosus,21676,579,14.876475508235
Setifer setosus,21578,563,13.0307413413469
Setifer setosus,7444,99,38.2051651932399
Setifer setosus,7507,99,3.07696966736627
Setifer setosus,7515,99,0.723997986286044
Setifer setosus,7549,99,0.361958205401897
Setifer setosus,21868,99,0.452763459861636
Setifer setosus,20480,582,0.777178853789091
Setifer setosus,21741,582,0.604549703200817
Setifer setosus,21946,582,19.9515621485635
Setifer setosus,21942,583,27.2715936270507
Setifer setosus,21943,584,29.4123165165292
Setifer setosus,21944,585,29.3885406549345
Setifer setosus,21945,586,20.6592519148769
Setifer setosus,21965,587,78.5054384879867
Setifer setosus,11757,588,3.3134309653126
Setifer setosus,21934,588,17.1081231937802
Setifer setosus,22011,589,43.0398890354153
Setifer setosus,18306,351,46.5723968884147
Setifer setosus,9943,553,0.449603298739433
Setifer setosus,9944,553,0.359686745625973
Setifer setosus,10005,553,36.331879859746
Setifer setosus,21870,553,0.449634089967847
Setifer setosus,21964,553,6.47518067736232
Setifer setosus,20396,595,151.58511224908
Setifer setosus,21329,595,45.1360753508905
Setifer setosus,21821,595,9.98819568180025
Setifer setosus,17698,530,161.189708643699
Setifer setosus,21519,530,19.2725371855396
Setifer setosus,21523,530,51.207011634227
Setifer setosus,21525,530,2.02803748513663
Setifer setosus,21526,530,2.11576712074435
Setifer setosus,21574,530,26.8667837100745
Setifer setosus,21601,530,2.12150208466887
Setifer setosus,21602,530,0.265184216719389
Setifer setosus,22006,530,17.5870851484947
Setifer setosus,22012,530,1.94182639975023
Setifer setosus,22077,623,61.2124982058693
Setifer setosus,10175,108,52.2268727901955
Setifer setosus,22146,108,39.1360013945309
Setifer setosus,19744,488,0.260165493234158
Setifer setosus,19859,488,12.0483039035151
Setifer setosus,21421,488,445.611096910782
Setifer setosus,22010,488,5.23129722183871
Setifer setosus,21735,625,64.9869920614074
Setifer setosus,9763,598,2.87876883525968
Setifer setosus,9767,598,0.899620833965421
Setifer setosus,9798,598,0.269868277515173
Setifer setosus,22059,598,45.3586244343983
Setifer setosus,22060,598,33.0953660842072
Setifer setosus,22200,628,52.0931107730117
Setifer setosus,22158,629,31.1097970257607
Setifer setosus,22159,629,29.6010280215059
Setifer setosus,14458,505,137.443018218653
Setifer setosus,20754,617,48.282664278709
Setifer setosus,22023,618,113.437646918732
Setifer setosus,4513,52,64.7813755391271
Setifer setosus,21661,52,1.73570699889708
Setifer setosus,11639,340,57.9536162531174
Setifer setosus,21436,340,21.5096479841157
Setifer setosus,21505,340,3.75955498127008
Setifer setosus,22183,340,27.5139015001006
Setifer setosus,12113,555,89.7882265230072
Setifer setosus,13269,555,449.033259297131
Setifer setosus,21530,560,42.4890235274736
Setifer setosus,15554,610,0.62064821295929
Setifer setosus,15568,610,0.265972006814122
Setifer setosus,15586,610,0.709200345668078
Setifer setosus,22079,610,138.846313450127
Setifer setosus,22145,610,9.04229392746901
Setifer setosus,22234,610,68.6631767822923
Setifer setosus,921,392,19.9337849990107
Setifer setosus,22237,392,254.421082642661
Setifer setosus,22239,392,0.645659265649438
Setifer setosus,8540,514,0.812480411258936
Setifer setosus,22041,514,16.6994855698657
Setifer setosus,22119,514,59.0116196877182
Setifer setosus,22325,514,1.17365293457222
Setifer setosus,4748,570,0.365034251434088
Setifer setosus,4775,570,297.429462978741
Setifer setosus,4791,570,0.547426328327894
Setifer setosus,4795,570,0.364942030489683
Setifer setosus,4799,570,0.456175956650972
Setifer setosus,21771,570,61.0679011777905
Setifer setosus,22025,570,36.1603726523629
Setifer setosus,22206,570,100.812835919068
Setifer setosus,22286,570,3.2854141933409
Setifer setosus,22341,570,0.365072069038987
Setifer setosus,22342,570,1.82525826522207
Setifer setosus,21835,593,16.8362046284112
Setifer setosus,21836,593,7.1876479107902
Setifer setosus,22191,593,5.43494208523166
Setifer setosus,22315,593,1.57807103533185
Setifer setosus,22026,630,208.855460188826
Setifer setosus,22318,630,28.1809853154598
Setifer setosus,22319,630,66.1899405958974
Setifer setosus,22320,630,0.820644420907617
Setifer setosus,22321,630,1.73194615611291
Setifer setosus,22323,630,83.2026980152344
Setifer setosus,22324,633,11.844067606982
Setifer setosus,2101,631,0.643524707942724
Setifer setosus,2151,631,0.459616383672059
Setifer setosus,2169,631,0.643432019172192
Setifer setosus,2174,631,0.275752651619673
Setifer setosus,2193,631,0.367655302864194
Setifer setosus,2206,631,1.56243208603442
Setifer setosus,2207,631,0.275729722221732
Setifer setosus,2224,631,0.275717098941624
Setifer setosus,2232,631,0.275709061498523
Setifer setosus,2236,631,0.459508593737543
Setifer setosus,2241,631,0.45949710468936
Setifer setosus,2242,631,1.1946710927344
Setifer setosus,2252,631,53.6769175645747
Setifer setosus,2254,631,3.21620605602419
Setifer setosus,2255,631,0.551364106284499
Setifer setosus,2262,631,1.10266377710527
Setifer setosus,2270,631,0.367564567481756
Setifer setosus,2278,631,0.551319225258708
Setifer setosus,2288,631,1.10259928914046
Setifer setosus,2292,631,2.02137478975803
Setifer setosus,2293,631,0.826945434479237
Setifer setosus,2299,631,0.643170052255213
Setifer setosus,2308,631,1.65382056523675
Setifer setosus,2325,631,0.826825480994821
Setifer setosus,2345,631,0.459349671094894
Setifer setosus,2366,631,0.367459639964223
Setifer setosus,2381,631,0.275586929093957
Setifer setosus,2385,631,1.46972063059181
Setifer setosus,2386,631,0.275577679304183
Setifer setosus,2465,631,0.367363554798603
Setifer setosus,2545,631,366.147778927468
Setifer setosus,2576,631,0.275443051051259
Setifer setosus,6073,631,2609.35666769842
Setifer setosus,22250,631,0.733449546446324
Setifer setosus,22251,631,28.7773817194842
Setifer setosus,22287,631,19.5821926010261
Setifer setosus,22291,631,1103.96343099271
Setifer setosus,22310,631,19.4390238963762
Setifer setosus,22220,634,151.055431051786
Setifer setosus,22252,635,234.708229999792
Setifer setosus,22314,635,0.457520320277393
Setifer setosus,22332,635,17.1974791608272
Setifer setosus,22333,635,0.365857744152904
Setifer setosus,22334,635,147.565898089784
Setifer setosus,22266,636,90.3937869662622
Setifer setosus,22267,637,65.9968218823523
Setifer setosus,22338,637,7.74432683949936
Setifer setosus,22339,637,0.273353686598182
Setifer setosus,22290,638,322.648436083532
Setifer setosus,22292,638,0.3671433986426
Setifer setosus,22293,638,4.95616607062131
Setifer setosus,22294,638,19.8205211282898
Setifer setosus,22295,638,0.367093046224117
Setifer setosus,22302,638,1.37619193792719
Setifer setosus,22307,639,59.2391267675772
Setifer setosus,22311,640,58.1245802735148
Setifer setosus,22313,640,5.77360824797505
Setifer setosus,22330,641,118.514859144707
Setifer setosus,22331,642,29.8631327553117
Setifer setosus,22335,643,62.6106702145676
Setifer setosus,22337,644,15.032588320411
Setifer setosus,22211,632,0.3690976892097
Setifer setosus,22236,632,26.6587824925889
Setifer setosus,22238,632,16.2380797407103
Tenrec ecaudatus,23062,370,15.479861985826
Tenrec ecaudatus,23095,380,44.4928427752445
Tenrec ecaudatus,22762,312,19.3775430370849
Tenrec ecaudatus,22763,313,76.4803060961314
Tenrec ecaudatus,22618,383,42.3362076362427
Tenrec ecaudatus,20678,45,112.468627701651
Tenrec ecaudatus,4366,392,19.2038282113973
Tenrec ecaudatus,22248,392,16.3740665150672
Tenrec ecaudatus,201,155,0.463597745714188
Tenrec ecaudatus,248,155,43.2038186617044
Tenrec ecaudatus,389,206,0.370271373195231
Tenrec ecaudatus,390,206,0.462834125284791
Tenrec ecaudatus,393,206,43.0377824654073
Tenrec ecaudatus,418,206,1.48074673073471
Tenrec ecaudatus,421,206,1.66577102635694
Tenrec ecaudatus,469,206,1.38815019469857
Tenrec ecaudatus,337,325,43.4528749465152
Tenrec ecaudatus,130,122,0.55664420881176
Tenrec ecaudatus,135,122,0.371099061261296
Tenrec ecaudatus,138,122,0.556625695955813
Tenrec ecaudatus,148,122,0.463806772104442
Tenrec ecaudatus,157,122,0.463781360735595
Tenrec ecaudatus,187,122,130.021860527528
Tenrec ecaudatus,193,122,6.49089737985945
Tenrec ecaudatus,209,122,8.4370977335708
Tenrec ecaudatus,22502,122,0.64914825101459
Tenrec ecaudatus,23330,122,56.8711675529887
Tenrec ecaudatus,23197,387,13.3829553466861
Tenrec ecaudatus,23199,387,6.06907414019537
Tenrec ecaudatus,23484,387,2.02272765648687
Tenrec ecaudatus,9784,125,38.2051651932399
Tenrec ecaudatus,9818,125,3.07696966736627
Tenrec ecaudatus,9828,125,0.723997986286044
Tenrec ecaudatus,9866,125,0.361958205401897
Tenrec ecaudatus,23510,125,0.452763459861636
Tenrec ecaudatus,21943,403,0.777178853789091
Tenrec ecaudatus,23374,403,0.604549703200817
Tenrec ecaudatus,23591,403,19.9515621485635
Tenrec ecaudatus,23587,404,27.2715936270507
Tenrec ecaudatus,23588,405,29.4123165165292
Tenrec ecaudatus,23589,406,29.3885406549345
Tenrec ecaudatus,23590,407,20.6592519148769
Tenrec ecaudatus,23611,411,78.5054384879867
Tenrec ecaudatus,12576,373,0.449603298739433
Tenrec ecaudatus,12577,373,0.359686745625973
Tenrec ecaudatus,12683,373,36.331879859746
Tenrec ecaudatus,23512,373,0.449634089967847
Tenrec ecaudatus,23610,373,6.47518067736232
Tenrec ecaudatus,23659,412,43.0398890354153
Tenrec ecaudatus,23139,390,46.5723968884147
Tenrec ecaudatus,20213,35,76.4973862589936
Tenrec ecaudatus,23133,35,19.4493472260612
Tenrec ecaudatus,23136,35,7.50890607225883
Tenrec ecaudatus,23191,35,26.8667837100745
Tenrec ecaudatus,23192,35,0.795282153396249
Tenrec ecaudatus,23195,35,18.6823267181581
Tenrec ecaudatus,23226,35,2.12150208466887
Tenrec ecaudatus,23479,35,9.25706128804803
Tenrec ecaudatus,23482,35,4.31856011909986
Tenrec ecaudatus,23649,35,16.438410019937
Tenrec ecaudatus,23650,35,2.03225787389851
Tenrec ecaudatus,23724,436,61.2124982058693
Tenrec ecaudatus,23368,437,64.9869920614074
Tenrec ecaudatus,23823,439,52.0931107730117
Tenrec ecaudatus,21042,340,153.697738467596
Tenrec ecaudatus,21318,340,1.82724169255567
Tenrec ecaudatus,21528,340,0.34735036917913
Tenrec ecaudatus,21708,340,229.276895727163
Tenrec ecaudatus,22457,340,12.0483039035159
Tenrec ecaudatus,23652,340,5.23129722183871
Tenrec ecaudatus,13996,345,52.2268727901955
Tenrec ecaudatus,23782,345,39.1360013945309
Tenrec ecaudatus,12371,416,0.899620833965421
Tenrec ecaudatus,22407,416,2.87876883525717
Tenrec ecaudatus,23706,416,45.3586244343983
Tenrec ecaudatus,23707,416,33.0953660842072
Tenrec ecaudatus,23789,442,31.1097970257607
Tenrec ecaudatus,23790,442,29.6010280215059
Tenrec ecaudatus,4584,393,5.85033975470352
Tenrec ecaudatus,4597,393,24.6792146248873
Tenrec ecaudatus,4632,393,1.0054375043211
Tenrec ecaudatus,4636,393,2.83342021114933
Tenrec ecaudatus,4664,393,1.00536820483017
Tenrec ecaudatus,4665,393,2.37624750380063
Tenrec ecaudatus,4725,393,7.67678403816092
Tenrec ecaudatus,4748,393,8.86332816260099
Tenrec ecaudatus,22555,393,4.567756926453
Tenrec ecaudatus,23317,393,1.55373825480127
Tenrec ecaudatus,23377,393,10.0499887125863
Tenrec ecaudatus,22785,401,137.443018218653
Tenrec ecaudatus,22061,429,48.282664278709
Tenrec ecaudatus,23668,430,113.437646918732
Tenrec ecaudatus,23417,446,86.9343049463478
Tenrec ecaudatus,5178,253,64.7813755391271
Tenrec ecaudatus,23315,253,1.73570699889708
Tenrec ecaudatus,14410,379,57.9536162531174
Tenrec ecaudatus,23077,379,21.5096479841157
Tenrec ecaudatus,23160,379,3.75955498127008
Tenrec ecaudatus,23808,379,27.5139015001006
Tenrec ecaudatus,23138,386,42.4890235274736
Tenrec ecaudatus,23726,432,138.846313450127
Tenrec ecaudatus,23857,432,68.6631767822923
Tenrec ecaudatus,14545,444,3.3134309653126
Tenrec ecaudatus,15271,444,89.7882265229853
Tenrec ecaudatus,16027,444,468.355482097602
Tenrec ecaudatus,23579,444,17.1081231937802
Tenrec ecaudatus,1024,211,19.9337849990107
Tenrec ecaudatus,23866,211,254.421082642661
Tenrec ecaudatus,23868,211,0.645659265649438
Tenrec ecaudatus,10950,334,0.812480411258936
Tenrec ecaudatus,23688,334,16.6994855698657
Tenrec ecaudatus,23763,334,59.0116196877182
Tenrec ecaudatus,23947,334,1.17365293457222
Tenrec ecaudatus,5644,396,2.0072273404777
Tenrec ecaudatus,5664,396,0.364942030489326
Tenrec ecaudatus,7103,396,331.925755168368
Tenrec ecaudatus,23448,396,0.456175956650376
Tenrec ecaudatus,23660,396,36.7996040886711
Tenrec ecaudatus,23829,396,100.812835919068
Tenrec ecaudatus,23858,396,61.4329530729631
Tenrec ecaudatus,23899,396,0.365072069038987
Tenrec ecaudatus,23900,396,1.82525826522207
Tenrec ecaudatus,23477,413,16.8362046284112
Tenrec ecaudatus,23478,413,4.1197115746795
Tenrec ecaudatus,23937,413,1.57807103533185
Tenrec ecaudatus,22553,443,7.03434427333379
Tenrec ecaudatus,22923,443,16.631194611291
Tenrec ecaudatus,23931,443,0.822074067883492
Tenrec ecaudatus,23932,443,5.11777562952042
Tenrec ecaudatus,2129,445,0.459616383672059
Tenrec ecaudatus,2154,445,0.643432019172192
Tenrec ecaudatus,2176,445,0.367655302864194
Tenrec ecaudatus,2195,445,1.56243208603442
Tenrec ecaudatus,2227,445,0.459508593737841
Tenrec ecaudatus,2233,445,0.45949710468936
Tenrec ecaudatus,2234,445,1.1946710927344
Tenrec ecaudatus,2248,445,3.21620605602294
Tenrec ecaudatus,2249,445,0.551364106284499
Tenrec ecaudatus,2256,445,1.10266377710527
Tenrec ecaudatus,2263,445,0.367564567481756
Tenrec ecaudatus,2268,445,0.551319225258708
Tenrec ecaudatus,2279,445,1.10259928914046
Tenrec ecaudatus,2284,445,2.02137478975803
Tenrec ecaudatus,2285,445,0.826945434479237
Tenrec ecaudatus,2291,445,0.643170052255213
Tenrec ecaudatus,2300,445,1.65382056523675
Tenrec ecaudatus,2320,445,0.826825480994821
Tenrec ecaudatus,2339,445,0.459349671094894
Tenrec ecaudatus,2361,445,0.367459639964223
Tenrec ecaudatus,2379,445,1.46972063059181
Tenrec ecaudatus,2469,445,0.367363554798603
Tenrec ecaudatus,2566,445,366.239631982932
Tenrec ecaudatus,8194,445,2611.56503320857
Tenrec ecaudatus,22737,445,53.6769175645747
Tenrec ecaudatus,22738,445,0.643524707942724
Tenrec ecaudatus,23424,445,2.20879511307001
Tenrec ecaudatus,23672,445,1.10433682509226
Tenrec ecaudatus,23879,445,0.733449546446324
Tenrec ecaudatus,23880,445,28.7773817194842
Tenrec ecaudatus,23897,445,19.5821926010261
Tenrec ecaudatus,23907,445,1104.14660628995
Tenrec ecaudatus,23926,445,19.4390238963762
Tenrec ecaudatus,23673,448,208.855460188826
Tenrec ecaudatus,23940,448,28.1809853154598
Tenrec ecaudatus,23941,448,66.1899405958974
Tenrec ecaudatus,23942,448,0.820644420907617
Tenrec ecaudatus,23943,448,1.73194615611291
Tenrec ecaudatus,23945,448,83.2026980152344
Tenrec ecaudatus,23843,449,151.055431051786
Tenrec ecaudatus,23881,450,235.440162164184
Tenrec ecaudatus,23930,450,0.457520320277393
Tenrec ecaudatus,23954,450,17.1974791608272
Tenrec ecaudatus,23955,450,0.365857744152904
Tenrec ecaudatus,23956,450,147.748782739298
Tenrec ecaudatus,23895,451,90.3937869662622
Tenrec ecaudatus,23896,452,65.9968218823523
Tenrec ecaudatus,23960,452,7.74432683949936
Tenrec ecaudatus,23906,453,322.740230993205
Tenrec ecaudatus,23908,453,0.3671433986426
Tenrec ecaudatus,23909,453,4.95616607062131
Tenrec ecaudatus,23910,453,19.8205211282898
Tenrec ecaudatus,23911,453,0.367093046224117
Tenrec ecaudatus,23914,453,0.367054338001192
Tenrec ecaudatus,23915,453,0.642337166595399
Tenrec ecaudatus,23917,453,3.11954769088572
Tenrec ecaudatus,23918,453,1.37619193792719
Tenrec ecaudatus,23949,453,3.30296723872322
Tenrec ecaudatus,23923,454,59.3308393847932
Tenrec ecaudatus,23924,455,0.550263871117234
Tenrec ecaudatus,23927,455,58.1245802735148
Tenrec ecaudatus,23929,455,5.77360824797505
Tenrec ecaudatus,23946,456,11.844067606982
Tenrec ecaudatus,23959,456,15.032588320411
Tenrec ecaudatus,23952,457,118.514859144707
Tenrec ecaudatus,23953,458,29.8631327553117
Tenrec ecaudatus,23957,459,62.6106702145676
Tenrec ecaudatus,23834,447,0.3690976892097
Tenrec ecaudatus,23865,447,26.6587824925889
Tenrec ecaudatus,23867,447,16.2380797407103
Treron australis,5580,5,68.4073900828574
Treron australis,65,1,130.021860527528
Treron australis,66,1,6.4908973798604
Treron australis,68,1,8.4370977335708
Treron australis,86,1,43.2038186617044
Treron australis,123,1,43.4528749465152
Treron australis,142,1,43.0377824654073
Treron australis,148,1,1.48074673073471
Treron australis,149,1,1.66577102635694
Treron australis,160,1,1.38815019469857
Treron australis,7306,1,56.8711675529887
Treron australis,7344,13,64.9869920614074
Treron australis,7005,15,44.4928427752445
Treron australis,7517,15,27.2715936270507
Treron australis,7518,15,29.4123165165292
Treron australis,7519,15,29.3885406549345
Treron australis,7520,15,20.6592519148769
Treron australis,7521,15,19.9515621485635
Treron australis,7539,17,78.5054384879867
Treron australis,3311,24,45.3586244343983
Treron australis,3322,24,2.87876883525968
Treron australis,7582,24,33.0953660842072
Treron australis,7668,24,52.0931107730117
Treron australis,4455,18,137.443018218653
Treron australis,7690,20,31.1097970257607
Treron australis,7691,20,29.6010280215059
Treron australis,3363,9,36.331879859746
Treron australis,3412,9,52.2268727901955
Treron australis,3611,9,42.3362076362427
Treron australis,3708,9,57.9536162531174
Treron australis,3729,9,3.3134309653126
Treron australis,3910,9,89.7882265229853
Treron australis,4022,9,468.355482097602
Treron australis,6981,9,21.5096479841157
Treron australis,7081,9,3.75955498127008
Treron australis,7514,9,17.1081231937802
Treron australis,7538,9,6.47518067736232
Treron australis,7578,9,43.0398890354153
Treron australis,7670,9,39.1360013945309
Treron australis,7716,9,27.5139015001006
Treron australis,1695,11,64.7813755391271
Treron australis,7266,11,1.73570699889708
Treron australis,7617,22,73.4351889969512
Treron australis,7655,22,63.1928620869468
Treron australis,7663,22,9.04229392746901
Treron australis,7752,22,68.6631767822923
Treron australis,1392,12,16.3740665150672
Treron australis,1472,12,19.2038282113973
Treron australis,1566,12,1.18809712456632
Treron australis,1567,12,4.66084065057552
Treron australis,1579,12,4.38649564416385
Treron australis,1585,12,8.86332816260146
Treron australis,1632,12,9.5018882179122
Treron australis,1635,12,4.567756926453
Treron australis,1818,12,221.564334601657
Treron australis,1851,12,2.00722734047782
Treron australis,7380,12,59.2635538920963
Treron australis,7579,12,36.1603726523629
Treron australis,7753,12,61.2504145189477
Treron australis,7800,12,1.82525826522207
Treron australis,364,14,19.9337849990107
Treron australis,789,14,1.56243208603442
Treron australis,806,14,1.1946710927344
Treron australis,814,14,53.6769175645747
Treron australis,816,14,3.21620605602419
Treron australis,819,14,1.10266377710527
Treron australis,830,14,1.10259928914046
Treron australis,832,14,2.02137478975803
Treron australis,835,14,1.65382056523675
Treron australis,866,14,1.46972063059181
Treron australis,910,14,366.147778927468
Treron australis,1989,14,1.73194615611374
Treron australis,1996,14,208.855460188826
Treron australis,2000,14,3.09900984286463
Treron australis,2053,14,57.2295433791005
Treron australis,2270,14,2581.47262161247
Treron australis,7738,14,151.055431051786
Treron australis,7761,14,26.6587824925889
Treron australis,7762,14,254.421082642661
Treron australis,7763,14,16.2380797407103
Treron australis,7777,14,28.7773817194842
Treron australis,7778,14,296.10251684913
Treron australis,7779,14,234.708229999792
Treron australis,7793,14,90.3937869662622
Treron australis,7794,14,65.9968218823523
Treron australis,7795,14,19.5821926010261
Treron australis,7804,14,28.1809853154598
Treron australis,7805,14,51.6956929714613
Treron australis,7807,14,11.844067606982
Treron australis,7810,14,322.648436083532
Treron australis,7811,14,252.202675262053
Treron australis,7813,14,4.95616607062131
Treron australis,7814,14,19.8205211282898
Treron australis,7820,14,7.43174190611184
Treron australis,7821,14,3.11954769088572
Treron australis,7822,14,1.37619193792719
Treron australis,7826,14,1.19252978562158
Treron australis,7827,14,59.2391267675772
Treron australis,7830,14,19.4390238963762
Treron australis,7831,14,58.1245802735148
Treron australis,7832,14,181.199084556589
Treron australis,7834,14,5.77360824797505
Treron australis,7838,14,3.30296723872322
Treron australis,7839,14,7.8888975294175
Treron australis,7841,14,118.514859144707
Treron australis,7842,14,29.8631327553117
Treron australis,7843,14,220.869991782959
Treron australis,7845,14,17.1974791608272
Treron australis,7847,14,147.565898089784
Treron australis,7848,14,62.6106702145676
Treron australis,7849,14,5.74979056634986
Treron australis,7850,14,15.032588320411
Treron australis,7851,14,7.74432683949936
Treron australis,5044,16,13.1672804516124
Treron australis,5575,16,433.810619797173
Treron australis,5648,16,6.13304144533789
Treron australis,5959,16,46.5723968884147
Treron australis,6292,16,7.36721759575951
Treron australis,6307,16,12.0483039035151
Treron australis,6474,16,151.58511224908
Treron australis,6842,16,17.8876522784661
Treron australis,6892,16,45.1360753508905
Treron australis,6964,16,445.611096910782
Treron australis,7060,16,43.5541700668897
Treron australis,7061,16,2.02803748513663
Treron australis,7062,16,2.11576712074435
Treron australis,7066,16,42.4890235274736
Treron australis,7151,16,13.0307413413469
Treron australis,7152,16,3.87195306908155
Treron australis,7153,16,6.06907414019537
Treron australis,7154,16,112.468627701651
Treron australis,7281,16,14.876475508235
Treron australis,7396,16,36.3826787541578
Treron australis,7401,16,9.98819568180025
Treron australis,7408,16,16.8362046284112
Treron australis,7409,16,7.1876479107902
Treron australis,7418,16,9.25706128804803
Treron australis,7421,16,4.31856011909986
Treron australis,7423,16,2.02272765648687
Treron australis,7566,16,17.5870851484947
Treron australis,7567,16,2.03225787389851
Treron australis,7568,16,1.94182639975023
Treron australis,7577,16,5.23129722183871
Treron australis,7723,16,5.43494208523166
Treron australis,7835,16,1.57807103533185
Turnix nigricollis,7081,16,68.4073900828574
Turnix nigricollis,77,1,130.021860527528
Turnix nigricollis,81,1,6.49089737985945
Turnix nigricollis,89,1,8.4370977335708
Turnix nigricollis,150,1,43.4528749465152
Turnix nigricollis,9931,1,56.8711675529887
Turnix nigricollis,9970,29,64.9869920614074
Turnix nigricollis,8212,33,29.4123165165292
Turnix nigricollis,9590,33,44.4928427752445
Turnix nigricollis,10174,33,27.2715936270507
Turnix nigricollis,10175,33,29.3885406549345
Turnix nigricollis,10176,33,20.6592519148769
Turnix nigricollis,10177,33,19.9515621485635
Turnix nigricollis,10199,37,78.5054384879867
Turnix nigricollis,8691,38,435.931164999176
Turnix nigricollis,8693,38,13.1672804516135
Turnix nigricollis,9675,38,43.5541700668897
Turnix nigricollis,9676,38,2.02803748513663
Turnix nigricollis,9677,38,2.11576712074435
Turnix nigricollis,9794,38,13.3829553466861
Turnix nigricollis,9795,38,3.87195306908155
Turnix nigricollis,9796,38,6.06907414019537
Turnix nigricollis,10082,38,9.25706128804803
Turnix nigricollis,10085,38,4.31856011909986
Turnix nigricollis,10087,38,2.02272765648687
Turnix nigricollis,10245,38,17.5870851484947
Turnix nigricollis,10246,38,2.03225787389851
Turnix nigricollis,10247,38,1.94182639975023
Turnix nigricollis,8138,32,151.58511224908
Turnix nigricollis,8714,32,12.0483039035159
Turnix nigricollis,8715,32,7.36721759575951
Turnix nigricollis,9377,32,17.8876522784661
Turnix nigricollis,9469,32,45.1360753508905
Turnix nigricollis,9551,32,448.998273922438
Turnix nigricollis,9904,32,14.876475508235
Turnix nigricollis,10067,32,9.98819568180025
Turnix nigricollis,10256,32,5.23129722183871
Turnix nigricollis,4478,34,52.2268727901955
Turnix nigricollis,10393,34,39.1360013945309
Turnix nigricollis,8620,45,2.87876883525717
Turnix nigricollis,10307,45,45.3586244343983
Turnix nigricollis,10308,45,33.0953660842072
Turnix nigricollis,10438,45,52.0931107730117
Turnix nigricollis,9087,46,19.3775430370849
Turnix nigricollis,9088,46,76.4803060961314
Turnix nigricollis,9094,46,4.52461721291769
Turnix nigricollis,9110,24,137.443018218653
Turnix nigricollis,10400,40,31.1097970257607
Turnix nigricollis,10401,40,29.6010280215059
Turnix nigricollis,10264,41,113.437646918732
Turnix nigricollis,1865,25,64.7813755391271
Turnix nigricollis,9897,25,1.73570699889708
Turnix nigricollis,4615,36,57.9536162531174
Turnix nigricollis,4656,36,3.3134309653126
Turnix nigricollis,4997,36,89.7882265229853
Turnix nigricollis,5223,36,468.355482097602
Turnix nigricollis,8925,36,42.3362076362427
Turnix nigricollis,9569,36,21.5096479841157
Turnix nigricollis,9712,36,3.75955498127008
Turnix nigricollis,10181,36,17.1081231937802
Turnix nigricollis,10257,36,43.0398890354153
Turnix nigricollis,10423,36,27.5139015001006
Turnix nigricollis,10327,43,138.846313450127
Turnix nigricollis,10392,43,9.04229392746901
Turnix nigricollis,10469,43,68.6631767822923
Turnix nigricollis,7241,23,6.13304144533789
Turnix nigricollis,9210,23,46.5723968884147
Turnix nigricollis,9680,23,42.4890235274736
Turnix nigricollis,9802,23,112.468627701651
Turnix nigricollis,10070,23,36.3826787541578
Turnix nigricollis,10080,23,16.8362046284112
Turnix nigricollis,10081,23,7.1876479107902
Turnix nigricollis,10430,23,5.43494208523166
Turnix nigricollis,10522,23,1.57807103533185
Turnix nigricollis,1599,27,19.2038282113973
Turnix nigricollis,1672,27,5.85033975470352
Turnix nigricollis,1676,27,24.6792146248873
Turnix nigricollis,1692,27,2.83342021114933
Turnix nigricollis,1700,27,2.37624750380063
Turnix nigricollis,1721,27,7.67678403816092
Turnix nigricollis,1731,27,8.86332816260099
Turnix nigricollis,2009,27,2.0072273404777
Turnix nigricollis,2217,27,331.925755168368
Turnix nigricollis,8492,27,16.3740665150672
Turnix nigricollis,8868,27,7.03434427333379
Turnix nigricollis,8870,27,4.567756926453
Turnix nigricollis,9389,27,16.631194611291
Turnix nigricollis,9899,27,1.55373825480127
Turnix nigricollis,9979,27,10.0499887125863
Turnix nigricollis,10259,27,36.7996040886711
Turnix nigricollis,10458,27,100.812835919068
Turnix nigricollis,10494,27,61.4329530729631
Turnix nigricollis,10505,27,1.82525826522207
Turnix nigricollis,10517,27,5.11777562952042
Turnix nigricollis,407,28,19.9337849990107
Turnix nigricollis,818,28,1.56243208603442
Turnix nigricollis,832,28,1.1946710927344
Turnix nigricollis,840,28,3.21620605602294
Turnix nigricollis,841,28,1.10266377710527
Turnix nigricollis,852,28,1.10259928914046
Turnix nigricollis,854,28,2.02137478975803
Turnix nigricollis,856,28,1.65382056523675
Turnix nigricollis,892,28,1.46972063059181
Turnix nigricollis,953,28,366.239631982932
Turnix nigricollis,1475,28,2472.91745820709
Turnix nigricollis,9058,28,53.6769175645747
Turnix nigricollis,10000,28,86.9343049463478
Turnix nigricollis,10005,28,2.57736175300068
Turnix nigricollis,10007,28,2.20879511307001
Turnix nigricollis,10276,28,1.10433682509226
Turnix nigricollis,10480,28,26.6587824925889
Turnix nigricollis,10481,28,254.421082642661
Turnix nigricollis,10482,28,16.2380797407103
Turnix nigricollis,10495,28,19.5821926010261
Turnix nigricollis,983,49,78.3217054341078
Turnix nigricollis,1233,49,7.8888975294175
Turnix nigricollis,10444,49,1.37619193792719
Turnix nigricollis,10497,49,4.95616607062131
Turnix nigricollis,10498,49,19.8205211282898
Turnix nigricollis,10499,49,3.30296723872322
Turnix nigricollis,10289,47,16.6994855698657
Turnix nigricollis,10325,47,61.2124982058693
Turnix nigricollis,10366,47,59.0116196877182
Turnix nigricollis,10526,47,1.17365293457222
Turnix nigricollis,2791,48,208.855460188826
Turnix nigricollis,10195,48,31.6704292118326
Turnix nigricollis,10509,48,28.1809853154598
Turnix nigricollis,10510,48,66.1899405958974
Turnix nigricollis,10512,48,1.73194615611291
Turnix nigricollis,10514,48,83.2026980152344
Turnix nigricollis,10515,48,11.844067606982
Turnix nigricollis,10525,48,5.74979056634986
Turnix nigricollis,9400,50,59.3584008869
Turnix nigricollis,10492,50,29.9898296926183
Turnix nigricollis,10493,50,361.879851754886
Turnix nigricollis,10528,50,29.9758644450714
Tylas eduardi,1,1,56.8711675529887
Tylas eduardi,6594,24,29.4123165165292
Tylas eduardi,6609,24,27.2715936270507
Tylas eduardi,6611,24,29.3885406549345
Tylas eduardi,6612,24,20.6592519148769
Tylas eduardi,1993,33,2.87876883525968
Tylas eduardi,1995,33,0.899620833965421
Tylas eduardi,6656,33,45.3586244343983
Tylas eduardi,6657,33,33.0953660842072
Tylas eduardi,6755,34,52.0931107730117
Tylas eduardi,6634,28,113.437646918732
Tylas eduardi,6495,30,48.282664278709
Tylas eduardi,6748,31,31.1097970257607
Tylas eduardi,6749,31,29.6010280215059
Tylas eduardi,4808,27,0.620648212959528
Tylas eduardi,4826,27,0.709200345668078
Tylas eduardi,6676,27,138.846313450127
Tylas eduardi,6742,27,9.04229392746901
Tylas eduardi,6783,27,68.6631767822923
Tylas eduardi,38,2,0.6456592656492
Tylas eduardi,109,2,0.644736027104974
Tylas eduardi,112,2,3.68393426545006
Tylas eduardi,117,2,143.605007530349
Tylas eduardi,128,2,1.19697195979726
Tylas eduardi,179,2,0.4598808172791
Tylas eduardi,216,2,0.643524707940877
Tylas eduardi,217,2,2.11438066261417
Tylas eduardi,223,2,0.459616383672059
Tylas eduardi,228,2,0.643432019172192
Tylas eduardi,235,2,0.367655302864194
Tylas eduardi,237,2,1.56243208603442
Tylas eduardi,238,2,0.459508593737543
Tylas eduardi,239,2,0.45949710468936
Tylas eduardi,240,2,1.1946710927344
Tylas eduardi,242,2,1.47030313296086
Tylas eduardi,292,2,286.32110384435
Tylas eduardi,954,2,2393.33261641498
Tylas eduardi,6784,2,19.1031559591866
Tylas eduardi,6787,2,254.421082642661
Tylas eduardi,6799,2,0.733449546446324
Tylas eduardi,6800,2,28.7773817194842
Tylas eduardi,6801,2,234.708229999792
Tylas eduardi,6819,2,322.648436083532
Tylas eduardi,6820,2,1090.96766943862
Tylas eduardi,6821,2,0.3671433986426
Tylas eduardi,6822,2,4.95616607062131
Tylas eduardi,6823,2,19.8205211282898
Tylas eduardi,6824,2,0.367093046224117
Tylas eduardi,6827,2,0.367054338001192
Tylas eduardi,6828,2,0.642337166595399
Tylas eduardi,6829,2,7.43174190611184
Tylas eduardi,6830,2,3.11954769088572
Tylas eduardi,6831,2,1.37619193792719
Tylas eduardi,6835,2,1.19252978562158
Tylas eduardi,6836,2,59.2391267675772
Tylas eduardi,6837,2,0.550263871117234
Tylas eduardi,6839,2,19.4390238963762
Tylas eduardi,6840,2,58.1245802735148
Tylas eduardi,6842,2,5.77360824797505
Tylas eduardi,6843,2,0.457520320277393
Tylas eduardi,6852,2,3.30296723872322
Tylas eduardi,6853,2,7.8888975294175
Tylas eduardi,6854,2,0.366907192294359
Tylas eduardi,6855,2,118.514859144707
Tylas eduardi,6856,2,29.8631327553117
Tylas eduardi,6857,2,17.1974791608272
Tylas eduardi,6858,2,0.365857744152904
Tylas eduardi,6859,2,147.565898089784
Tylas eduardi,6627,35,31.4878831114368
Tylas eduardi,6635,35,145.788410841142
Tylas eduardi,6816,35,65.9968218823523
Tylas eduardi,6844,35,28.1809853154598
Tylas eduardi,6845,35,66.1899405958974
Tylas eduardi,6846,35,0.820644420907617
Tylas eduardi,6847,35,1.73194615611291
Tylas eduardi,6849,35,83.2026980152344
Tylas eduardi,6850,35,11.844067606982
Tylas eduardi,6862,35,15.032588320411
Tylas eduardi,6863,35,7.74432683949936
Tylas eduardi,6764,36,0.3690976892097
Tylas eduardi,6786,36,26.6587824925889
Tylas eduardi,6788,36,16.2380797407103
Tylas eduardi,6771,37,151.055431051786
Tylas eduardi,6815,38,90.3937869662622
Tylas eduardi,6860,38,62.6106702145676
Tylas eduardi,6861,38,5.74979056634986
Tylas eduardi,1516,16,0.812480411258936
Tylas eduardi,6646,16,16.6994855698657
Tylas eduardi,6674,16,61.2124982058693
Tylas eduardi,6716,16,59.0116196877182
Tylas eduardi,6851,16,1.17365293457222
Upupa marginata,9797,27,68.4073900828574
Upupa marginata,242,45,43.0377824654073
Upupa marginata,259,45,1.48074673073471
Upupa marginata,260,45,1.66577102635694
Upupa marginata,279,45,1.38815019469857
Upupa marginata,146,49,43.2038186617044
Upupa marginata,110,1,130.021860527528
Upupa marginata,114,1,6.49089737985945
Upupa marginata,125,1,8.4370977335708
Upupa marginata,155,1,43.2675847418705
Upupa marginata,12878,1,56.8711675529887
Upupa marginata,12916,47,64.9869920614074
Upupa marginata,4487,20,38.0240908844043
Upupa marginata,4501,20,3.07696966736627
Upupa marginata,4505,20,0.723997986286044
Upupa marginata,12540,23,44.4928427752445
Upupa marginata,5614,22,36.331879859746
Upupa marginata,13110,22,6.47518067736232
Upupa marginata,13111,57,78.5054384879867
Upupa marginata,12059,16,19.3775430370849
Upupa marginata,12060,16,76.4803060961314
Upupa marginata,12066,16,4.52461721291769
Upupa marginata,5506,29,0.899620833965421
Upupa marginata,11579,29,2.87876883525717
Upupa marginata,13155,29,45.3586244343983
Upupa marginata,13179,29,33.0953660842072
Upupa marginata,13193,29,52.0931107730117
Upupa marginata,10418,53,1.30912096210873
Upupa marginata,10445,53,1.04702337229478
Upupa marginata,10452,53,0.697930843771815
Upupa marginata,10487,53,2.17984381179476
Upupa marginata,10538,53,1.56809616759455
Upupa marginata,10543,53,119.036768174453
Upupa marginata,11175,53,151.58511224908
Upupa marginata,11656,53,1.47393099119222
Upupa marginata,11657,53,11.0948326900711
Upupa marginata,11663,53,0.866604338243127
Upupa marginata,12327,53,1.13414415884197
Upupa marginata,12328,53,259.430068271501
Upupa marginata,12417,53,45.1360753508905
Upupa marginata,12506,53,1.04307801828969
Upupa marginata,12857,53,14.876475508235
Upupa marginata,13000,53,9.98819568180025
Upupa marginata,6175,55,52.2268727901955
Upupa marginata,13195,55,39.1360013945309
Upupa marginata,12101,33,137.443018218653
Upupa marginata,7680,60,63.0930746866972
Upupa marginata,2405,40,64.7813755391271
Upupa marginata,12845,40,1.73570699889708
Upupa marginata,6308,58,57.9536162531174
Upupa marginata,6357,58,3.3134309653126
Upupa marginata,6759,58,89.7882265229853
Upupa marginata,7052,58,468.355482097602
Upupa marginata,11891,58,42.3362076362427
Upupa marginata,12529,58,21.5096479841157
Upupa marginata,12663,58,3.75955498127008
Upupa marginata,13107,58,17.1081231937802
Upupa marginata,13152,58,43.0398890354153
Upupa marginata,13236,58,27.5139015001006
Upupa marginata,8332,61,44.1604221573974
Upupa marginata,13188,61,37.3800479530444
Upupa marginata,3138,28,208.855460188826
Upupa marginata,13276,28,28.1809853154598
Upupa marginata,13277,28,57.6209610683928
Upupa marginata,13278,28,0.820644420907617
Upupa marginata,2061,44,19.2038282113973
Upupa marginata,2142,44,5.85033975470352
Upupa marginata,2147,44,24.6792146248873
Upupa marginata,2169,44,1.0054375043211
Upupa marginata,2171,44,2.83342021114933
Upupa marginata,2182,44,1.00536820483017
Upupa marginata,2183,44,2.37624750380063
Upupa marginata,2213,44,7.67678403816092
Upupa marginata,2224,44,8.86332816260099
Upupa marginata,2610,44,2.0072273404777
Upupa marginata,3017,44,331.925755168368
Upupa marginata,11461,44,16.3740665150672
Upupa marginata,11852,44,7.03434427333379
Upupa marginata,11854,44,4.567756926453
Upupa marginata,12350,44,16.631194611291
Upupa marginata,12853,44,1.55373825480127
Upupa marginata,12923,44,10.0499887125863
Upupa marginata,13153,44,36.7996040886711
Upupa marginata,13255,44,100.812835919068
Upupa marginata,13266,44,61.4329530729631
Upupa marginata,13272,44,1.82525826522207
Upupa marginata,13279,44,0.822074067883492
Upupa marginata,13280,44,5.11777562952042
Upupa marginata,586,46,19.9337849990107
Upupa marginata,1069,46,1.56243208603442
Upupa marginata,1083,46,1.1946710927344
Upupa marginata,1090,46,3.21620605602294
Upupa marginata,1092,46,1.10266377710527
Upupa marginata,1093,46,2100.74059021383
Upupa marginata,1103,46,1.10259928914046
Upupa marginata,1104,46,2.02137478975803
Upupa marginata,1105,46,0.826945434479237
Upupa marginata,1107,46,1.65382056523675
Upupa marginata,1113,46,0.826825480994821
Upupa marginata,1141,46,1.46972063059181
Upupa marginata,1211,46,366.239631982932
Upupa marginata,12036,46,53.6769175645747
Upupa marginata,12934,46,86.9343049463478
Upupa marginata,12939,46,2.57736175300068
Upupa marginata,12941,46,2.20879511307001
Upupa marginata,13161,46,1.10433682509226
Upupa marginata,13257,46,26.6587824925889
Upupa marginata,13258,46,254.421082642661
Upupa marginata,13259,46,16.2380797407103
Upupa marginata,13269,46,18.9386233360229
Upupa marginata,10005,54,6.13304144533789
Upupa marginata,11636,54,46.5723968884147
Upupa marginata,12635,54,41.6109267733939
Upupa marginata,12748,54,112.468627701651
Upupa marginata,13003,54,36.3826787541578
Upupa marginata,13016,54,16.8362046284112
Upupa marginata,13017,54,7.1876479107902
Upupa marginata,13242,54,5.43494208523166
Upupa marginata,13285,54,1.57807103533185
Vanga curvirostris,3614,44,16.3740665150672
Vanga curvirostris,3757,44,19.2038282114016
Vanga curvirostris,331,45,0.370271373195231
Vanga curvirostris,332,45,0.462834125284791
Vanga curvirostris,335,45,43.0377824654073
Vanga curvirostris,351,45,1.48074673073471
Vanga curvirostris,352,45,1.66577102635694
Vanga curvirostris,386,45,1.38815019469857
Vanga curvirostris,179,48,0.463597745714188
Vanga curvirostris,215,48,43.2038186617044
Vanga curvirostris,119,1,0.55664420881176
Vanga curvirostris,122,1,0.371099061261296
Vanga curvirostris,125,1,0.556625695955813
Vanga curvirostris,133,1,0.463806772104442
Vanga curvirostris,141,1,0.463781360735595
Vanga curvirostris,165,1,0.64914825101471
Vanga curvirostris,171,1,130.021860527528
Vanga curvirostris,174,1,6.4908973798604
Vanga curvirostris,178,1,8.4370977335708
Vanga curvirostris,224,1,43.2675847418705
Vanga curvirostris,18358,1,56.8711675529887
Vanga curvirostris,7439,19,38.0240908844043
Vanga curvirostris,7476,19,3.07696966736627
Vanga curvirostris,7481,19,0.723997986286044
Vanga curvirostris,7505,19,0.361958205401897
Vanga curvirostris,18544,19,0.452763459861636
Vanga curvirostris,17247,54,0.777178853789091
Vanga curvirostris,18054,54,44.4928427752445
Vanga curvirostris,18406,54,0.604549703200817
Vanga curvirostris,18620,54,27.2715936270507
Vanga curvirostris,18621,54,29.4123165165292
Vanga curvirostris,18622,54,29.3885406549345
Vanga curvirostris,18623,54,20.6592519148769
Vanga curvirostris,18624,54,19.9515621485635
Vanga curvirostris,9341,21,0.449603298739433
Vanga curvirostris,9342,21,0.359686745625973
Vanga curvirostris,9394,21,36.331879859746
Vanga curvirostris,18546,21,0.449634089967847
Vanga curvirostris,18642,21,6.47518067736232
Vanga curvirostris,18643,57,78.5054384879867
Vanga curvirostris,18400,47,64.9869920614074
Vanga curvirostris,15895,51,0.523638666577697
Vanga curvirostris,15917,51,0.523563038836241
Vanga curvirostris,15927,51,0.698019186100006
Vanga curvirostris,15944,51,0.436189867799282
Vanga curvirostris,15989,51,2.17984381179476
Vanga curvirostris,16099,51,1.39385740344095
Vanga curvirostris,16113,51,118.514144622728
Vanga curvirostris,16143,51,0.348321061425805
Vanga curvirostris,16224,51,0.34803445176816
Vanga curvirostris,16360,51,0.434623503267407
Vanga curvirostris,16663,51,1.47393099119139
Vanga curvirostris,16732,51,11.0948326900705
Vanga curvirostris,16748,51,0.866604338243127
Vanga curvirostris,17174,51,151.58511224908
Vanga curvirostris,17897,51,1.13414415884197
Vanga curvirostris,17898,51,256.826351227335
Vanga curvirostris,17932,51,45.1360753508905
Vanga curvirostris,18021,51,0.521531653210759
Vanga curvirostris,18337,51,14.876475508235
Vanga curvirostris,18495,51,9.98819568180025
Vanga curvirostris,9579,53,52.2268727901955
Vanga curvirostris,18818,53,39.1360013945309
Vanga curvirostris,9178,65,2.87876883525968
Vanga curvirostris,9182,65,0.899620833965421
Vanga curvirostris,18731,65,45.3586244343983
Vanga curvirostris,18732,65,33.0953660842072
Vanga curvirostris,18890,65,52.0931107730117
Vanga curvirostris,12530,26,137.443018218653
Vanga curvirostris,18697,61,113.437646918732
Vanga curvirostris,17461,62,48.282664278709
Vanga curvirostris,18830,63,31.1097970257607
Vanga curvirostris,18831,63,29.6010280215059
Vanga curvirostris,4238,37,64.7813755391271
Vanga curvirostris,18319,37,1.73570699889708
Vanga curvirostris,10196,56,42.3362076362427
Vanga curvirostris,10475,56,57.9536162531174
Vanga curvirostris,10545,56,3.3134309653126
Vanga curvirostris,11106,56,89.7882265229853
Vanga curvirostris,11393,56,468.355482097602
Vanga curvirostris,18038,56,21.5096479841157
Vanga curvirostris,18158,56,3.75955498127008
Vanga curvirostris,18614,56,17.1081231937802
Vanga curvirostris,18690,56,43.0398890354153
Vanga curvirostris,18875,56,27.5139015001006
Vanga curvirostris,13203,60,0.620648212959528
Vanga curvirostris,13239,60,0.709200345668078
Vanga curvirostris,18751,60,138.846313450127
Vanga curvirostris,18817,60,9.04229392746901
Vanga curvirostris,18922,60,68.6631767822923
Vanga curvirostris,4025,17,2.64969806134474
Vanga curvirostris,4079,17,7.03479595916414
Vanga curvirostris,4085,17,4.567756926453
Vanga curvirostris,4126,17,0.822074067883492
Vanga curvirostris,4530,17,250.770407736056
Vanga curvirostris,4607,17,2.00722734047782
Vanga curvirostris,4612,17,0.364942030489683
Vanga curvirostris,4621,17,0.456175956650972
Vanga curvirostris,18409,17,0.456749789226413
Vanga curvirostris,18439,17,81.3668221959746
Vanga curvirostris,18691,17,36.1603726523629
Vanga curvirostris,18923,17,61.2504145189477
Vanga curvirostris,18965,17,0.365072069038987
Vanga curvirostris,18966,17,1.82525826522207
Vanga curvirostris,875,46,19.9337849990107
Vanga curvirostris,1853,46,0.643524707942724
Vanga curvirostris,1899,46,0.459616383672059
Vanga curvirostris,1921,46,0.643432019172192
Vanga curvirostris,1941,46,0.367655302864194
Vanga curvirostris,1958,46,1.56243208603442
Vanga curvirostris,1990,46,0.459508593737543
Vanga curvirostris,1996,46,0.45949710468936
Vanga curvirostris,1997,46,1.1946710927344
Vanga curvirostris,2009,46,53.6769175645747
Vanga curvirostris,2012,46,3.21620605602419
Vanga curvirostris,2013,46,0.551364106284499
Vanga curvirostris,2019,46,1.10266377710527
Vanga curvirostris,2026,46,0.367564567481756
Vanga curvirostris,2031,46,0.551319225258708
Vanga curvirostris,2041,46,1.10259928914046
Vanga curvirostris,2047,46,2.02137478975803
Vanga curvirostris,2048,46,0.826945434479237
Vanga curvirostris,2054,46,0.643170052255213
Vanga curvirostris,2061,46,1.65382056523675
Vanga curvirostris,2077,46,0.826825480994821
Vanga curvirostris,2097,46,0.459349671094894
Vanga curvirostris,2118,46,0.367459639964223
Vanga curvirostris,2132,46,1.46972063059181
Vanga curvirostris,2205,46,0.367363554798603
Vanga curvirostris,2284,46,366.147778927468
Vanga curvirostris,6357,46,2609.35666769842
Vanga curvirostris,18698,46,208.855460188826
Vanga curvirostris,18899,46,0.3690976892097
Vanga curvirostris,18930,46,26.6587824925889
Vanga curvirostris,18931,46,254.421082642661
Vanga curvirostris,18932,46,16.2380797407103
Vanga curvirostris,18933,46,0.645659265649438
Vanga curvirostris,18944,46,0.733449546446324
Vanga curvirostris,18945,46,28.7773817194842
Vanga curvirostris,18946,46,234.708229999792
Vanga curvirostris,18960,46,90.3937869662622
Vanga curvirostris,18961,46,65.9968218823523
Vanga curvirostris,18962,46,19.5821926010261
Vanga curvirostris,18972,46,322.648436083532
Vanga curvirostris,18973,46,1103.96343099271
Vanga curvirostris,18974,46,0.3671433986426
Vanga curvirostris,18975,46,4.95616607062131
Vanga curvirostris,18976,46,19.8205211282898
Vanga curvirostris,18977,46,0.367093046224117
Vanga curvirostris,18980,46,0.367054338001192
Vanga curvirostris,18981,46,0.642337166595399
Vanga curvirostris,18982,46,7.43174190611184
Vanga curvirostris,18983,46,3.11954769088572
Vanga curvirostris,18984,46,1.37619193792719
Vanga curvirostris,18988,46,1.19252978562158
Vanga curvirostris,18989,46,59.2391267675772
Vanga curvirostris,18990,46,0.550263871117234
Vanga curvirostris,18992,46,19.4390238963762
Vanga curvirostris,18993,46,58.1245802735148
Vanga curvirostris,18995,46,5.77360824797505
Vanga curvirostris,18996,46,0.457520320277393
Vanga curvirostris,19000,46,28.1809853154598
Vanga curvirostris,19001,46,66.1899405958974
Vanga curvirostris,19002,46,0.820644420907617
Vanga curvirostris,19003,46,1.73194615611291
Vanga curvirostris,19005,46,83.2026980152344
Vanga curvirostris,19006,46,11.844067606982
Vanga curvirostris,19009,46,3.30296723872322
Vanga curvirostris,19010,46,7.8888975294175
Vanga curvirostris,19011,46,0.366907192294359
Vanga curvirostris,19012,46,118.514859144707
Vanga curvirostris,19013,46,29.8631327553117
Vanga curvirostris,19014,46,17.1974791608272
Vanga curvirostris,19015,46,0.365857744152904
Vanga curvirostris,19016,46,147.565898089784
Vanga curvirostris,19017,46,62.6106702145676
Vanga curvirostris,19018,46,5.74979056634986
Vanga curvirostris,19019,46,15.032588320411
Vanga curvirostris,19020,46,7.74432683949936
Vanga curvirostris,18908,66,151.055431051786
Vanga curvirostris,15249,52,6.13304144533789
Vanga curvirostris,15906,52,46.5723968884147
Vanga curvirostris,18140,52,41.6109267733939
Vanga curvirostris,18228,52,112.468627701651
Vanga curvirostris,18490,52,36.3826787541578
Vanga curvirostris,18509,52,16.8362046284112
Vanga curvirostris,18510,52,7.1876479107902
Vanga curvirostris,18882,52,5.43494208523166
Vanga curvirostris,18997,52,1.57807103533185
Vanga curvirostris,8214,64,0.812480411258936
Vanga curvirostris,18713,64,16.6994855698657
Vanga curvirostris,18749,64,61.2124982058693
Vanga curvirostris,18791,64,59.0116196877182
Vanga curvirostris,19007,64,1.17365293457222
Varecia rubra,1,1,0.460479690076709
Varecia rubra,2,1,0.276287814046025
Varecia rubra,4,1,19.1535753317625
Varecia rubra,5,2,58.627025391596
Varecia rubra,6,3,31.720629655785
Varecia rubra,7,4,50.8733620368133
Varecia rubra,9,4,0.275470983039737
Varecia rubra,10,6,87.5687991782385
Varecia rubra,13,8,19.439023896375
Varecia rubra,15,8,0.733449546446562
Varecia rubra,46,12,59.3584008869071
Varecia rubra,66,12,31.2682529843551
Varecia rubra,210,59,11.8440676069835
Varecia rubra,126,13,90.3937869662622
Varecia rubra,125,73,62.6106702145802
Varecia rubra,12,7,29.4327473464405
Varecia rubra,220,7,0.550263871117234
Varecia rubra,16,9,60.0222909123515
Varecia rubra,18,9,29.7715142444786
Varecia rubra,29,9,129.829628623509
Varecia rubra,23,11,148.67812387281
Varecia rubra,40,64,0.457520320277512
Varecia rubra,47,64,72.0964617724581
Varecia rubra,71,64,56.679369671421
Varecia rubra,222,64,17.1974791608272
Varecia rubra,206,71,65.9968218823523
Varecia rubra,212,71,0.273353686598539
Varecia rubra,223,71,7.74432683949936
Varecia rubra,219,74,15.032588320411
Varecia variegata,2,1,0.55664420881176
Varecia variegata,3,1,0.371099061261296
Varecia variegata,5,1,0.556625695955515
Varecia variegata,6,1,0.463806772104681
Varecia variegata,7,1,0.463781360735595
Varecia variegata,14,1,0.64914825101471
Varecia variegata,16,1,103.775520140199
Varecia variegata,9831,1,56.8711675529887
Varecia variegata,9771,144,0.777178853789091
Varecia variegata,9864,144,0.604549703200817
Varecia variegata,9930,144,19.9515621485635
Varecia variegata,9926,145,27.2715936270507
Varecia variegata,9927,146,29.4123165165292
Varecia variegata,9928,147,29.3885406549345
Varecia variegata,9929,148,20.6592519148769
Varecia variegata,10001,171,61.2124982058693
Varecia variegata,10083,173,52.0931107730117
Varecia variegata,3444,151,2.87876883525968
Varecia variegata,3447,151,0.899620833965421
Varecia variegata,9983,151,45.3586244343983
Varecia variegata,9984,151,33.0953660842072
Varecia variegata,10075,176,31.1097970257607
Varecia variegata,10076,176,29.6010280215059
Varecia variegata,9491,165,48.282664278709
Varecia variegata,9952,166,113.437646918732
Varecia variegata,7404,159,0.620648212959528
Varecia variegata,7431,159,0.709200345668078
Varecia variegata,10003,159,138.846313450127
Varecia variegata,10069,159,9.04229392746901
Varecia variegata,10112,159,68.6631767822923
Varecia variegata,312,11,19.9337849990107
Varecia variegata,10115,11,254.421082642661
Varecia variegata,10117,11,0.645659265649438
Varecia variegata,2808,96,0.812480411258936
Varecia variegata,9968,96,16.6994855698657
Varecia variegata,10043,96,59.0116196877182
Varecia variegata,10180,96,1.17365293457222
Varecia variegata,9953,178,205.571979465457
Varecia variegata,10173,178,28.1809853154598
Varecia variegata,10174,178,66.1899405958974
Varecia variegata,10175,178,0.820644420907617
Varecia variegata,10176,178,1.73194615611291
Varecia variegata,10178,178,83.2026980152344
Varecia variegata,1088,179,0.643524707942724
Varecia variegata,1108,179,0.459616383672059
Varecia variegata,1116,179,0.643432019172192
Varecia variegata,1126,179,0.367655302864194
Varecia variegata,1133,179,1.56243208603442
Varecia variegata,1144,179,0.459508593737543
Varecia variegata,1146,179,0.45949710468936
Varecia variegata,1147,179,1.1946710927344
Varecia variegata,1154,179,53.6769175645747
Varecia variegata,1155,179,3.21620605602419
Varecia variegata,1156,179,0.551364106284499
Varecia variegata,1162,179,1.10266377710551
Varecia variegata,1163,179,0.367564567481756
Varecia variegata,1166,179,0.551319225258708
Varecia variegata,1171,179,1.10259928914046
Varecia variegata,1174,179,2.02137478975803
Varecia variegata,1175,179,0.826945434479237
Varecia variegata,1178,179,0.643170052255213
Varecia variegata,1182,179,1.65382056523675
Varecia variegata,1200,179,0.826825480995119
Varecia variegata,1204,179,0.459349671094894
Varecia variegata,1211,179,0.367459639964223
Varecia variegata,1217,179,1.46972063059181
Varecia variegata,1245,179,0.367363554798603
Varecia variegata,1288,179,365.68830251526
Varecia variegata,2067,179,2609.35666769842
Varecia variegata,10128,179,0.733449546446324
Varecia variegata,10129,179,28.7773817194842
Varecia variegata,10149,179,1103.96343099271
Varecia variegata,10168,179,19.4390238963762
Varecia variegata,10100,181,151.055431051786
Varecia variegata,10130,182,234.708229999792
Varecia variegata,10172,182,0.457520320277393
Varecia variegata,10186,182,17.1974791608272
Varecia variegata,10187,182,0.365857744152904
Varecia variegata,10188,182,147.565898089784
Varecia variegata,10144,183,90.3937869662622
Varecia variegata,10145,184,65.9968218823523
Varecia variegata,10148,185,322.648436083532
Varecia variegata,10150,185,0.3671433986426
Varecia variegata,10151,185,4.95616607062131
Varecia variegata,10152,185,19.8205211282898
Varecia variegata,10153,185,0.367093046224117
Varecia variegata,10156,185,0.367054338001192
Varecia variegata,10157,185,0.642337166595399
Varecia variegata,10159,185,3.11954769088572
Varecia variegata,10160,185,1.37619193792719
Varecia variegata,10165,186,59.2391267675772
Varecia variegata,10166,187,0.550263871117234
Varecia variegata,10169,187,58.1245802735148
Varecia variegata,10171,187,5.77360824797505
Varecia variegata,10184,188,118.514859144707
Varecia variegata,10185,189,29.8631327553117
Varecia variegata,10189,190,62.6106702145676
Varecia variegata,10092,180,0.3690976892097
Varecia variegata,10114,180,26.6587824925889
Varecia variegata,10116,180,16.2380797407103
Xanthomixis cinereiceps,35,4,29.966803009745
Xanthomixis cinereiceps,40,4,56.6048410376553
Xanthomixis cinereiceps,1837,25,29.4123165165292
Xanthomixis cinereiceps,1851,25,27.2715936270507
Xanthomixis cinereiceps,198,11,2.87876883525968
Xanthomixis cinereiceps,199,11,0.899620833965421
Xanthomixis cinereiceps,204,11,0.269868277515173
Xanthomixis cinereiceps,1860,11,45.3586244343983
Xanthomixis cinereiceps,1861,11,33.0953660842072
Xanthomixis cinereiceps,1853,28,52.0931107730117
Xanthomixis cinereiceps,1719,20,48.282664278709
Xanthomixis cinereiceps,1332,27,113.437646918732
Xanthomixis cinereiceps,1920,33,31.1097970257607
Xanthomixis cinereiceps,1921,33,29.6010280215059
Xanthomixis cinereiceps,1531,30,138.846313450127
Xanthomixis cinereiceps,1929,30,68.6631767822923
Xanthomixis cinereiceps,11,2,26.6587824925889
Xanthomixis cinereiceps,1922,2,0.3690976892097
Xanthomixis cinereiceps,1930,2,16.2380797407103
Xanthomixis cinereiceps,21,3,118.746055638139
Xanthomixis cinereiceps,105,26,0.812480411258936
Xanthomixis cinereiceps,108,26,59.0116196877182
Xanthomixis cinereiceps,1857,26,16.6994855698657
Xanthomixis cinereiceps,1875,26,61.2124982058693
Xanthomixis cinereiceps,1941,26,1.17365293457222
Xanthomixis cinereiceps,18,34,53.9621798086533
Xanthomixis cinereiceps,46,34,753.133302758944
Xanthomixis cinereiceps,1932,34,2.67266141879243
Xanthomixis cinereiceps,1934,34,63.489192950349
Xanthomixis cinereiceps,1935,34,26.4347103706265
Xanthomixis cinereiceps,1939,34,59.8147369787491
Xanthomixis cinereiceps,1940,34,59.9645208859885
Xanthomixis zosterops,2,1,0.64914825101471
Xanthomixis zosterops,3,1,56.8711675529887
Xanthomixis zosterops,12755,1,52.3985918019408
Xanthomixis zosterops,12812,66,27.2715936270507
Xanthomixis zosterops,12813,66,29.4123165165292
Xanthomixis zosterops,12814,66,29.3885406549345
Xanthomixis zosterops,12815,66,20.6592519148769
Xanthomixis zosterops,4144,85,0.179958904524803
Xanthomixis zosterops,4198,85,2.87876883525968
Xanthomixis zosterops,4203,85,0.899620833965421
Xanthomixis zosterops,4235,85,0.269868277515173
Xanthomixis zosterops,12859,85,45.3586244343983
Xanthomixis zosterops,12860,85,33.0953660842072
Xanthomixis zosterops,12958,87,52.0931107730117
Xanthomixis zosterops,12710,77,48.282664278709
Xanthomixis zosterops,12836,78,113.437646918732
Xanthomixis zosterops,12951,82,31.1097970257607
Xanthomixis zosterops,12952,82,29.6010280215059
Xanthomixis zosterops,9472,70,0.620648212959528
Xanthomixis zosterops,9483,70,0.265972006814122
Xanthomixis zosterops,9501,70,0.709200345668078
Xanthomixis zosterops,9515,70,0.177290677110672
Xanthomixis zosterops,12879,70,138.846313450127
Xanthomixis zosterops,12880,70,0.177275942426443
Xanthomixis zosterops,12881,70,0.177274304782152
Xanthomixis zosterops,12945,70,9.04229392746901
Xanthomixis zosterops,12987,70,68.6631767822923
Xanthomixis zosterops,223,5,0.6456592656492
Xanthomixis zosterops,12988,5,19.1031559591866
Xanthomixis zosterops,12991,5,254.144434891021
Xanthomixis zosterops,12968,89,0.3690976892097
Xanthomixis zosterops,12990,89,26.6587824925889
Xanthomixis zosterops,12992,89,16.2380797407103
Xanthomixis zosterops,717,7,247.833423690444
Xanthomixis zosterops,3130,71,0.812480411258936
Xanthomixis zosterops,12849,71,16.6994855698657
Xanthomixis zosterops,12851,71,0.180557963597178
Xanthomixis zosterops,12877,71,61.2124982058693
Xanthomixis zosterops,12919,71,59.0116196877182
Xanthomixis zosterops,13055,71,1.17365293457222
Xanthomixis zosterops,381,88,0.276354423903167
Xanthomixis zosterops,393,88,0.644736027104974
Xanthomixis zosterops,399,88,1.74986507844758
Xanthomixis zosterops,400,88,112.203011880524
Xanthomixis zosterops,402,88,3.68393426545006
Xanthomixis zosterops,432,88,1.19697195979726
Xanthomixis zosterops,537,88,0.4598808172791
Xanthomixis zosterops,1987,88,2383.9383305063
Xanthomixis zosterops,13003,88,0.733449546446324
Xanthomixis zosterops,13004,88,28.7773817194842
Xanthomixis zosterops,13005,88,234.708229999792
Xanthomixis zosterops,13022,88,0.18402045498687
Xanthomixis zosterops,13023,88,322.648436083532
Xanthomixis zosterops,13024,88,1090.96766943862
Xanthomixis zosterops,13025,88,0.3671433986426
Xanthomixis zosterops,13026,88,4.95616607062131
Xanthomixis zosterops,13027,88,19.8205211282898
Xanthomixis zosterops,13028,88,0.367093046224117
Xanthomixis zosterops,13031,88,0.367054338001192
Xanthomixis zosterops,13032,88,0.642337166595399
Xanthomixis zosterops,13034,88,3.11954769088572
Xanthomixis zosterops,13035,88,1.37619193792719
Xanthomixis zosterops,13040,88,59.2391267675772
Xanthomixis zosterops,13041,88,0.550263871117234
Xanthomixis zosterops,13043,88,19.4390238963762
Xanthomixis zosterops,13044,88,58.1245802735148
Xanthomixis zosterops,13046,88,5.77360824797505
Xanthomixis zosterops,13047,88,0.457520320277393
Xanthomixis zosterops,13056,88,3.30296723872322
Xanthomixis zosterops,13057,88,7.8888975294175
Xanthomixis zosterops,13058,88,0.366907192294359
Xanthomixis zosterops,13061,88,17.1974791608272
Xanthomixis zosterops,13062,88,0.365857744152904
Xanthomixis zosterops,13063,88,147.565898089784
Xanthomixis zosterops,12830,90,31.4878831114368
Xanthomixis zosterops,12837,90,145.788410841142
Xanthomixis zosterops,13020,90,65.9968218823523
Xanthomixis zosterops,13048,90,28.1809853154598
Xanthomixis zosterops,13049,90,66.1899405958974
Xanthomixis zosterops,13050,90,0.820644420907617
Xanthomixis zosterops,13051,90,1.73194615611291
Xanthomixis zosterops,13053,90,83.2026980152344
Xanthomixis zosterops,13054,90,11.844067606982
Xanthomixis zosterops,13066,90,15.032588320411
Xanthomixis zosterops,13067,90,7.74432683949936
Xanthomixis zosterops,13068,90,0.273353686598182
Xanthomixis zosterops,12975,91,151.055431051786
Xanthomixis zosterops,13019,92,90.3937869662622
Xanthomixis zosterops,13064,92,62.6106702145676
Xanthomixis zosterops,13065,92,5.74979056634986
Xanthomixis zosterops,13033,93,7.43174190611184
Xanthomixis zosterops,13039,93,1.19252978562158
Xanthomixis zosterops,13059,94,118.514859144707
Xanthomixis zosterops,13060,94,29.8631327553117
Xenopirostris polleni,51,2,30.1778725338534
Xenopirostris polleni,2120,9,27.2715936270423
Xenopirostris polleni,409,25,25.4497781860939
Xenopirostris polleni,1625,21,63.1928620869468
Xenopirostris polleni,2161,21,29.274766839554
Xenopirostris polleni,2113,24,48.282664278709
Xenopirostris polleni,100,14,28.6147883524204
Xenopirostris polleni,14,1,169.005854082251
Xenopirostris polleni,16,1,0.6456592656492
Xenopirostris polleni,189,17,0.812480411258936
Xenopirostris polleni,433,17,59.0116196877182
Xenopirostris polleni,2126,17,61.2124982058693
Xenopirostris polleni,2127,17,16.6994855698657
Xenopirostris polleni,2182,17,1.17365293457222
Xenopirostris polleni,37,26,0.644736027104974
Xenopirostris polleni,39,26,102.623613487042
Xenopirostris polleni,41,26,3.68393426545006
Xenopirostris polleni,42,26,186.113432307392
Xenopirostris polleni,43,26,0.460479690076709
Xenopirostris polleni,44,26,87.7516679684219
Xenopirostris polleni,46,26,19.1535753317625
Xenopirostris polleni,47,26,16.1117845097304
Xenopirostris polleni,48,26,29.6453323973265
Xenopirostris polleni,49,26,29.8164373522979
Xenopirostris polleni,50,26,29.9084594166067
Xenopirostris polleni,57,28,375.69374687728
Xenopirostris polleni,58,28,61.5747341633676
Xenopirostris polleni,60,28,30.0885079199013
Xenopirostris polleni,75,28,479.196330254599
Xenopirostris polleni,2177,28,84.5332710131858
Xenopirostris polleni,2178,28,29.9397506544827
Xenopirostris polleni,2179,28,29.9898296926183
Xenopirostris polleni,2180,28,30.0316960598813
Xenopirostris polleni,2181,28,24.0690321273829
Xenopirostris polleni,109,27,62.6106702145676
Xenopirostris polleni,2172,29,21.6948450795124
Xenopirostris xenopirostris,29,2,5.23129722184014
Xenopirostris xenopirostris,30,2,0.435904342787385
Xenopirostris xenopirostris,36,2,0.522798031426311
Xenopirostris xenopirostris,37,2,34.402900319892
Xenopirostris xenopirostris,55,3,14.8764755082375
Xenopirostris xenopirostris,69,3,114.57591099721
Xenopirostris xenopirostris,71,3,16.3289195382351
Xenopirostris xenopirostris,72,3,0.34735036917913
Xenopirostris xenopirostris,76,3,17.4705439539317
Xenopirostris xenopirostris,1,1,42.4890235274736
Xenopirostris xenopirostris,2,1,7.1876479107902
Xenopirostris xenopirostris,10,1,6.13304144533789
Xenopirostris xenopirostris,18,1,46.5723968884147
Xenopirostris xenopirostris,73,1,16.8362046284112
Xenopirostris xenopirostris,74,1,36.3826787541578
Xenopirostris xenopirostris,79,1,5.43494208523166
Xenopirostris xenopirostris,80,1,1.57807103533185
