species,patch_id,pu_id,patch_area_km2
Monticolomys koopmani,6,5,27.2715936270423
Monticolomys koopmani,7,6,29.4123165165314
Hypogeomys antimena,10,3,28.8514752628876
Nesomys lambertoni,328,25,46.6540592851467
Nesomys lambertoni,331,25,0.0899356091371775
Nesomys lambertoni,332,25,0.0899341444739103
Nesomys lambertoni,333,25,0.0899326796025038
Nesomys lambertoni,334,25,0.0898650706012249
Nesomys lambertoni,335,25,0.0898635959522724
Nesomys lambertoni,336,25,0.0898621210949421
Eliurus grandidieri,2,1,16.2380797407139
Eliurus grandidieri,5,1,26.6587824925881
Eliurus grandidieri,6,2,30.0991205968232
Eliurus grandidieri,7,3,28.9945355610176
Eliurus grandidieri,13,6,28.1094555150568
Microcebus tavaratra,31,9,0.370271373195231
Microcebus tavaratra,33,9,0.462834125284791
Microcebus tavaratra,37,9,43.0377824654073
Microcebus tavaratra,38,9,0.18513059458977
Microcebus tavaratra,43,9,1.48074673073471
Microcebus tavaratra,45,9,1.66577102635789
Microcebus tavaratra,47,9,0.27762389876622
Microcebus tavaratra,48,9,0.277610584835947
Accipiter henstii,6,1,57.8717585106773
Accipiter henstii,14,1,43.0377824654073
Accipiter henstii,56,1,50.551453219145
Accipiter henstii,183,1,211.697744572212
Accipiter henstii,456,1,29.3167998436829
Accipiter henstii,854,1,26.6587824925889
Accipiter henstii,892,1,18.8183790778868
Accipiter henstii,893,1,162.094219258716
Accipiter henstii,938,1,30.0296278397191
Accipiter henstii,947,1,105.02396653668
Accipiter henstii,948,1,77.941507276654
Accipiter henstii,950,1,124.088483499845
Accipiter henstii,952,1,62.2582651923038
Accipiter henstii,959,1,43.9123990712638
Accipiter henstii,965,1,56.0661895643025
Accipiter henstii,969,1,19.5664778138609
Accipiter henstii,970,1,24.5940684182199
Accipiter henstii,971,1,22.4907523126593
Accipiter henstii,978,1,23.6784079112986
Accipiter henstii,980,1,19.4429561790174
Accipiter henstii,982,1,19.0670525600537
Accipiter henstii,984,1,31.6875166683302
Accipiter henstii,997,1,29.8748831680267
Accipiter henstii,999,1,28.7459032692887
Accipiter henstii,1000,1,27.545424416823
Accipiter madagascariensis,94,1,50.551453219145
Accipiter madagascariensis,300,1,211.697744572212
Accipiter madagascariensis,1629,1,26.6587824925889
Accipiter madagascariensis,1631,1,16.2380797407103
Accipiter madagascariensis,1651,1,16.0995421292329
Accipiter madagascariensis,1657,1,18.8183790778868
Accipiter madagascariensis,1658,1,162.094219258716
Accipiter madagascariensis,1700,1,9.73881683759956
Accipiter madagascariensis,1705,1,30.0296278397191
Accipiter madagascariensis,1714,1,105.02396653668
Accipiter madagascariensis,1715,1,77.941507276654
Accipiter madagascariensis,1717,1,124.088483499845
Accipiter madagascariensis,1719,1,62.2582651923038
Accipiter madagascariensis,1726,1,43.9123990712638
Accipiter madagascariensis,1748,1,56.0661895643025
Accipiter madagascariensis,1752,1,19.5664778138609
Accipiter madagascariensis,1753,1,24.5940684182199
Accipiter madagascariensis,1754,1,22.4907523126593
Accipiter madagascariensis,1761,1,23.6784079112986
Accipiter madagascariensis,1762,1,16.6035814809212
Accipiter madagascariensis,1763,1,19.4429561790174
Accipiter madagascariensis,1765,1,19.0670525600537
Accipiter madagascariensis,1767,1,31.6875166683302
Accipiter madagascariensis,1776,1,29.8748831680267
Accipiter madagascariensis,1778,1,28.7459032692887
Accipiter madagascariensis,1779,1,27.545424416823
Acrocephalus newtoni,363,105,0.370271373195231
Acrocephalus newtoni,364,105,0.462834125284791
Acrocephalus newtoni,368,105,43.0377824654073
Acrocephalus newtoni,389,105,1.48074673073471
Acrocephalus newtoni,391,105,1.66577102635694
Acrocephalus newtoni,395,105,0.277623898765862
Acrocephalus newtoni,401,105,0.277610584835947
Acrocephalus newtoni,14041,147,20.0419721460526
Acrocephalus newtoni,24615,147,4.85579742656708
Acrocephalus newtoni,24644,143,26.6587824925889
Acrocephalus newtoni,24646,143,16.2380797407103
Acrocephalus newtoni,2465,174,1.10266377710527
Acrocephalus newtoni,2498,174,2.02137478975803
Acrocephalus newtoni,2499,174,0.826945434479237
Acrocephalus newtoni,2588,174,0.367459639964223
Acrocephalus newtoni,2601,174,0.275586929093957
Acrocephalus newtoni,2606,174,1.46972063059181
Acrocephalus newtoni,2607,174,0.275577679304183
Acrocephalus newtoni,24738,174,1.10266607838708
Acrocephalus newtoni,24739,174,9.73881683759956
Acrocephalus newtoni,24744,174,30.0296278397191
Acrocephalus newtoni,174,71,57.8717585106773
Acrocephalus newtoni,24133,71,29.3167998436829
Acrocephalus newtoni,15933,139,17.4667180712485
Acrocephalus newtoni,24370,149,27.2715936270507
Acrocephalus newtoni,24371,149,29.4123165165292
Acrocephalus newtoni,24372,149,27.6594821549596
Acrocephalus newtoni,24373,149,11.7562021209623
Acrocephalus newtoni,24374,149,13.4738257842991
Acrocephalus newtoni,24815,149,0.259287194254398
Acrocephalus newtoni,24563,157,29.6296191803066
Acrocephalus newtoni,24570,157,4.87570953246022
Acrocephalus newtoni,24693,157,6.82379882420909
Acrocephalus newtoni,24817,157,23.7666194395043
Acrocephalus newtoni,21820,163,19.2122661348475
Acrocephalus newtoni,24594,163,18.148249547828
Acrocephalus newtoni,5999,164,58.5835993688454
Acrocephalus newtoni,6021,164,0.364940765320301
Acrocephalus newtoni,24804,164,31.7616470487364
Acrocephalus newtoni,24807,164,25.9138646790086
Acrocephalus newtoni,2451,165,50.551453219145
Acrocephalus newtoni,24757,165,105.02396653668
Acrocephalus newtoni,24758,165,77.941507276654
Acrocephalus newtoni,24760,165,124.088483499845
Acrocephalus newtoni,24762,165,62.2582651923038
Acrocephalus newtoni,24766,165,6.25186649493641
Acrocephalus newtoni,24769,165,43.9123990712638
Acrocephalus newtoni,24823,165,0.276032375240743
Acrocephalus newtoni,24825,165,29.8748831680267
Acrocephalus newtoni,24826,165,1.47043301236653
Acrocephalus newtoni,24827,165,28.7459032692887
Acrocephalus newtoni,24828,165,27.545424416823
Acrocephalus newtoni,8564,177,211.697744572212
Acrocephalus newtoni,24697,178,162.094219258716
Acrocephalus newtoni,24799,178,31.6875166683302
Acrocephalus newtoni,24793,179,23.6784079112986
Acrocephalus newtoni,24794,179,16.6035814809212
Acrocephalus newtoni,24795,179,19.4429561790174
Acrocephalus newtoni,24797,179,19.0670525600537
Acrocephalus newtoni,24696,172,18.8183790778868
Acrocephalus newtoni,24821,172,2.11083364651418
Acrocephalus newtoni,16171,175,86.2629835085398
Acrocephalus newtoni,24813,175,0.536578449850679
Acrocephalus newtoni,24666,176,16.0995421292329
Acrocephalus newtoni,24779,176,56.0661895643025
Acrocephalus newtoni,24783,176,19.5664778138609
Acrocephalus newtoni,24784,176,24.5940684182199
Acrocephalus newtoni,24785,176,22.4907523126593
Acrocephalus newtoni,24786,176,2.2857108314302
Alectroenas madagascariensis,3,1,56.9441684159139
Alectroenas madagascariensis,5865,1,29.3167998436829
Alectroenas madagascariensis,751,9,50.551453219145
Alectroenas madagascariensis,756,9,1.10266377710527
Alectroenas madagascariensis,764,9,2.02137478975803
Alectroenas madagascariensis,765,9,0.826945434479237
Alectroenas madagascariensis,793,9,1.46972063059181
Alectroenas madagascariensis,1379,9,211.697744572212
Alectroenas madagascariensis,6191,9,26.6587824925889
Alectroenas madagascariensis,6193,9,16.2380797407103
Alectroenas madagascariensis,6213,9,16.0995421292329
Alectroenas madagascariensis,6225,9,18.8183790778868
Alectroenas madagascariensis,6226,9,162.094219258716
Alectroenas madagascariensis,6266,9,1.10266607838708
Alectroenas madagascariensis,6267,9,9.73881683759956
Alectroenas madagascariensis,6272,9,30.0296278397191
Alectroenas madagascariensis,6278,9,105.02396653668
Alectroenas madagascariensis,6279,9,77.941507276654
Alectroenas madagascariensis,6281,9,124.088483499845
Alectroenas madagascariensis,6283,9,62.2582651923038
Alectroenas madagascariensis,6287,9,6.25186649493641
Alectroenas madagascariensis,6290,9,43.9123990712638
Alectroenas madagascariensis,6296,9,56.0661895643025
Alectroenas madagascariensis,6300,9,19.5664778138609
Alectroenas madagascariensis,6301,9,24.5940684182199
Alectroenas madagascariensis,6302,9,2.2857108314302
Alectroenas madagascariensis,6308,9,23.6784079112986
Alectroenas madagascariensis,6309,9,16.6035814809212
Alectroenas madagascariensis,6310,9,19.4429561790174
Alectroenas madagascariensis,6312,9,19.0670525600537
Alectroenas madagascariensis,6314,9,31.6875166683302
Alectroenas madagascariensis,6328,9,2.11083364651418
Alectroenas madagascariensis,6332,9,29.8748831680267
Alectroenas madagascariensis,6333,9,1.47043301236653
Alectroenas madagascariensis,6334,9,28.7459032692887
Alectroenas madagascariensis,6335,9,27.545424416823
Alectroenas madagascariensis,5978,10,29.4123165165292
Alectroenas madagascariensis,5979,10,27.2715936270507
Alectroenas madagascariensis,5980,10,27.6594821549596
Alectroenas madagascariensis,5981,10,11.7562021209623
Alectroenas madagascariensis,6133,14,29.274766839554
Alectroenas madagascariensis,6140,14,4.87570953246022
Alectroenas madagascariensis,6223,14,6.82379882420909
Alectroenas madagascariensis,6324,14,23.7666194395043
Alectroenas madagascariensis,5511,15,19.2122661348475
Alectroenas madagascariensis,6158,15,18.148249547828
Apus balstoni,162,43,43.0377824654073
Apus balstoni,168,43,1.48074673073471
Apus balstoni,169,43,1.66577102635694
Apus balstoni,4228,15,46.6540592851467
Apus balstoni,838,60,1.10266377710527
Apus balstoni,850,60,2.02137478975803
Apus balstoni,884,60,1.46972063059181
Apus balstoni,7931,60,1.10266607838708
Apus balstoni,7932,60,9.73881683759956
Apus balstoni,7937,60,30.0296278397191
Apus balstoni,76,13,57.8717585106773
Apus balstoni,7344,13,29.3167998436829
Apus balstoni,4953,18,86.2629835085398
Apus balstoni,5187,61,58.694687036291
Apus balstoni,1919,37,58.5835993688454
Apus balstoni,7994,37,16.8841859735829
Apus balstoni,7997,37,25.4575989942786
Apus balstoni,833,44,50.551453219145
Apus balstoni,7898,44,162.094219258716
Apus balstoni,7950,44,105.02396653668
Apus balstoni,7951,44,77.941507276654
Apus balstoni,7953,44,124.088483499845
Apus balstoni,7955,44,62.2582651923038
Apus balstoni,7959,44,6.25186649493641
Apus balstoni,7962,44,43.9123990712638
Apus balstoni,7983,44,23.6784079112986
Apus balstoni,7984,44,16.6035814809212
Apus balstoni,7985,44,19.4429561790174
Apus balstoni,7987,44,19.0670525600537
Apus balstoni,7989,44,31.6875166683302
Apus balstoni,8012,44,29.8748831680267
Apus balstoni,8013,44,1.47043301236653
Apus balstoni,8014,44,28.7459032692887
Apus balstoni,8015,44,27.545424416823
Apus balstoni,2656,62,211.697744572212
Apus balstoni,7866,63,16.0995421292329
Apus balstoni,7969,63,56.0661895643025
Apus balstoni,7973,63,19.5664778138609
Apus balstoni,7974,63,24.5940684182199
Apus balstoni,7975,63,22.4907523126593
Apus balstoni,7976,63,2.2857108314302
Apus balstoni,7609,46,27.2715936270507
Apus balstoni,7610,46,29.4123165165292
Apus balstoni,7611,46,27.6594821549596
Apus balstoni,7612,46,11.7562021209623
Apus balstoni,7613,46,13.4738257842991
Apus balstoni,7788,55,29.274766839554
Apus balstoni,7795,55,4.87570953246022
Apus balstoni,7894,55,6.82379882420909
Apus balstoni,8007,55,23.7666194395043
Artamella viridis,305,62,0.370271373195231
Artamella viridis,306,62,0.462834125284791
Artamella viridis,309,62,43.0377824654073
Artamella viridis,325,62,1.48074673073471
Artamella viridis,326,62,1.66577102635694
Artamella viridis,7754,66,46.6540592851467
Artamella viridis,15918,82,26.6587824925889
Artamella viridis,15920,82,16.2380797407103
Artamella viridis,144,16,57.8717585106773
Artamella viridis,15344,16,29.3167998436829
Artamella viridis,13382,38,22.2120112317333
Artamella viridis,14354,38,34.5077461519358
Artamella viridis,15090,38,12.7629415674419
Artamella viridis,15196,38,25.3907382257994
Artamella viridis,16088,38,8.28450515110804
Artamella viridis,16090,38,2.44082853370917
Artamella viridis,16091,38,0.608441640821219
Artamella viridis,16092,38,7.82027605935955
Artamella viridis,16093,38,6.16877974064255
Artamella viridis,16094,38,3.47957565452278
Artamella viridis,16096,38,7.30048270038617
Artamella viridis,16099,38,8.25182039185715
Artamella viridis,2079,63,50.551453219145
Artamella viridis,2089,63,1.10266377710527
Artamella viridis,2114,63,2.02137478975803
Artamella viridis,2115,63,0.826945434479237
Artamella viridis,2182,63,0.367459639964223
Artamella viridis,2196,63,1.46972063059181
Artamella viridis,15971,63,162.094219258716
Artamella viridis,16013,63,1.10266607838708
Artamella viridis,16014,63,9.73881683759956
Artamella viridis,16019,63,30.0296278397191
Artamella viridis,16028,63,105.02396653668
Artamella viridis,16029,63,77.941507276654
Artamella viridis,16031,63,124.088483499845
Artamella viridis,16033,63,62.2582651923038
Artamella viridis,16037,63,6.25186649493641
Artamella viridis,16040,63,43.9123990712638
Artamella viridis,16071,63,23.6784079112986
Artamella viridis,16072,63,16.6035814809212
Artamella viridis,16073,63,19.4429561790174
Artamella viridis,16075,63,19.0670525600537
Artamella viridis,16077,63,31.6875166683302
Artamella viridis,16111,63,29.8748831680267
Artamella viridis,16112,63,1.47043301236653
Artamella viridis,16113,63,28.7459032692887
Artamella viridis,16114,63,27.545424416823
Artamella viridis,5287,83,211.697744572212
Artamella viridis,15940,84,16.0995421292329
Artamella viridis,16056,84,56.0661895643025
Artamella viridis,16060,84,19.5664778138609
Artamella viridis,16061,84,24.5940684182199
Artamella viridis,16062,84,22.4907523126593
Artamella viridis,16063,84,2.2857108314302
Artamella viridis,15970,85,18.8183790778868
Artamella viridis,16107,85,2.11083364651418
Artamella viridis,15648,68,27.2715936270507
Artamella viridis,15649,68,29.4123165165292
Artamella viridis,15650,68,27.6594821549596
Artamella viridis,15651,68,11.7562021209623
Artamella viridis,15652,68,13.4738257842991
Artamella viridis,8763,69,17.4667180712485
Artamella viridis,9840,69,86.2629835085398
Artamella viridis,15962,69,0.357354327606916
Artamella viridis,16042,69,114.365959897449
Artamella viridis,16087,69,0.536578449850679
Artamella viridis,15833,75,29.274766839554
Artamella viridis,15840,75,4.87570953246022
Artamella viridis,15968,75,6.82379882420909
Artamella viridis,16103,75,23.7666194395043
Artamella viridis,13081,77,19.2122661348475
Artamella viridis,15869,77,18.148249547828
Asio madagascariensis,122,1,50.551453219145
Asio madagascariensis,234,1,211.697744572212
Asio madagascariensis,1465,1,26.6587824925889
Asio madagascariensis,1467,1,16.2380797407103
Asio madagascariensis,1487,1,16.0995421292329
Asio madagascariensis,1505,1,18.8183790778868
Asio madagascariensis,1506,1,162.094219258716
Asio madagascariensis,1546,1,9.73881683759956
Asio madagascariensis,1551,1,30.0296278397191
Asio madagascariensis,1560,1,105.02396653668
Asio madagascariensis,1561,1,77.941507276654
Asio madagascariensis,1563,1,124.088483499845
Asio madagascariensis,1565,1,62.2582651923038
Asio madagascariensis,1569,1,6.25186649493641
Asio madagascariensis,1572,1,43.9123990712638
Asio madagascariensis,1576,1,56.0661895643025
Asio madagascariensis,1580,1,19.5664778138609
Asio madagascariensis,1581,1,24.5940684182199
Asio madagascariensis,1582,1,22.4907523126593
Asio madagascariensis,1590,1,23.6784079112986
Asio madagascariensis,1591,1,16.6035814809212
Asio madagascariensis,1592,1,19.4429561790174
Asio madagascariensis,1594,1,19.0670525600537
Asio madagascariensis,1596,1,31.6875166683302
Asio madagascariensis,1605,1,29.8748831680267
Asio madagascariensis,1607,1,28.7459032692887
Asio madagascariensis,1608,1,27.545424416823
Atelornis crossleyi,3,1,58.6054087219563
Atelornis crossleyi,207,1,82.3436727737423
Atelornis crossleyi,4,3,77.6864940483404
Atelornis crossleyi,6,3,18.8525092663892
Atelornis crossleyi,7,3,62.2582651923038
Atelornis crossleyi,211,3,53.5542140029307
Atelornis crossleyi,218,3,6.25186649493641
Atelornis crossleyi,221,3,29.8748831680267
Atelornis crossleyi,8,2,79.5050890418108
Atelornis pittoides,1,1,44.5157082169882
Atelornis pittoides,955,1,29.3167998436829
Atelornis pittoides,53,2,2.11438066261417
Atelornis pittoides,63,2,1.8373651948179
Atelornis pittoides,66,2,1.46972063059181
Atelornis pittoides,69,2,2.75561017110461
Atelornis pittoides,100,2,211.697744572212
Atelornis pittoides,1145,2,43.9123990712638
Atelornis pittoides,1147,2,18.8183790778868
Atelornis pittoides,1203,2,105.02396653668
Atelornis pittoides,1204,2,77.941507276654
Atelornis pittoides,1206,2,121.788253211748
Atelornis pittoides,1208,2,62.2582651923038
Atelornis pittoides,1212,2,6.25186649493641
Atelornis pittoides,1239,2,28.7459032692887
Atelornis pittoides,1240,2,27.545424416823
Atelornis pittoides,1243,2,2.11083364651418
Atelornis pittoides,1245,2,29.8748831680267
Atelornis pittoides,1246,2,1.47043301236653
Atelornis pittoides,953,6,29.4123165165292
Atelornis pittoides,990,6,27.2715936270507
Atelornis pittoides,991,6,27.6594821549596
Atelornis pittoides,992,6,11.7562021209623
Atelornis pittoides,109,13,31.6875166683302
Atelornis pittoides,124,13,56.0661895643025
Atelornis pittoides,1183,13,19.0670525600537
Atelornis pittoides,1188,13,113.750610530536
Atelornis pittoides,1215,13,16.0995421292329
Atelornis pittoides,1216,13,24.5940684182199
Atelornis pittoides,1232,13,19.4429561790174
Athene superciliaris,488,13,29.757032203134
Athene superciliaris,548,13,26.7034918370186
Athene superciliaris,604,13,22.4907523126593
Athene superciliaris,3782,13,19.5664778138609
Athene superciliaris,3783,13,2.2857108314302
Athene superciliaris,1570,16,17.4667180712485
Athene superciliaris,1731,16,86.2629835085398
Athene superciliaris,3787,16,114.365959897449
Athene superciliaris,2710,18,31.4426003062769
Athene superciliaris,3216,18,68.9415191745416
Athene superciliaris,3832,18,8.63333606819333
Athene superciliaris,3834,18,2.44082853370917
Athene superciliaris,3835,18,3.47957565452278
Athene superciliaris,3837,18,9.56038329291046
Athene superciliaris,3839,18,8.25182039185715
Athene superciliaris,3840,18,12.7629415674419
Athene superciliaris,3842,18,7.82027605935955
Athene superciliaris,3843,18,6.16877974064255
Athene superciliaris,558,19,43.9123990712638
Athene superciliaris,3673,19,156.341452274816
Athene superciliaris,3733,19,18.8183790778868
Athene superciliaris,3766,19,29.159402926331
Athene superciliaris,3768,19,32.5536096187775
Athene superciliaris,3771,19,18.8525092663866
Athene superciliaris,3772,19,6.25186649493641
Athene superciliaris,3814,19,57.4365930851843
Athene superciliaris,3815,19,77.941507276654
Athene superciliaris,3825,19,16.6035814809212
Athene superciliaris,3826,19,28.7459032692887
Athene superciliaris,3827,19,27.545424416823
Athene superciliaris,3848,19,2.11083364651418
Athene superciliaris,3849,19,29.8748831680267
Avahi laniger,5506,108,27.2715936270507
Avahi laniger,5586,209,29.4123165165292
Avahi laniger,275,248,1.65325307838088
Avahi laniger,285,248,24.7022525605728
Avahi laniger,618,232,22.4907523126593
Avahi laniger,155,8,0.367843747830391
Avahi laniger,5764,8,62.2582651923038
Avahi laniger,5767,8,6.25186649493641
Avahi laniger,5773,8,29.8748831680267
Avahi laniger,5718,249,43.9123990712638
Avahi laniger,5770,249,28.7459032692887
Avahi laniger,5771,250,27.545424416823
Avahi laniger,344,17,13.2186397100113
Avahi laniger,94,208,76.0294309756416
Avahi laniger,5587,210,27.6594821549596
Avahi laniger,4514,225,19.2122661348475
Avahi laniger,5690,251,18.148249547828
Avahi laniger,4313,227,29.274766839554
Avahi laniger,5768,227,23.7666194395043
Avahi laniger,1275,237,162.094219258716
Avahi laniger,5710,239,16.0995421292329
Avahi laniger,5742,240,23.6784079112986
Avahi laniger,5743,241,16.6035814809212
Avahi laniger,5744,252,19.4429561790174
Avahi laniger,5746,242,19.0670525600537
Avahi laniger,5748,243,31.6875166683302
Avahi laniger,5756,244,56.0661895643025
Avahi laniger,5757,244,24.5940684182199
Avahi occidentalis,40,4,36.6842183048497
Avahi occidentalis,56,4,0.364940765320301
Avahi occidentalis,57,5,31.7616470487364
Avahi occidentalis,60,5,25.4575989942786
Aviceda madagascariensis,6,1,57.8717585106773
Aviceda madagascariensis,18,1,43.0377824654073
Aviceda madagascariensis,82,1,50.551453219145
Aviceda madagascariensis,257,1,211.697744572212
Aviceda madagascariensis,1221,1,29.3167998436829
Aviceda madagascariensis,1472,1,26.6587824925889
Aviceda madagascariensis,1474,1,16.2380797407103
Aviceda madagascariensis,1494,1,16.0995421292329
Aviceda madagascariensis,1500,1,18.8183790778868
Aviceda madagascariensis,1501,1,23.6784079112986
Aviceda madagascariensis,1516,1,162.094219258716
Aviceda madagascariensis,1550,1,30.0296278397191
Aviceda madagascariensis,1559,1,105.02396653668
Aviceda madagascariensis,1560,1,77.941507276654
Aviceda madagascariensis,1562,1,124.088483499845
Aviceda madagascariensis,1564,1,62.2582651923038
Aviceda madagascariensis,1571,1,43.9123990712638
Aviceda madagascariensis,1594,1,56.0661895643025
Aviceda madagascariensis,1598,1,19.5664778138609
Aviceda madagascariensis,1599,1,24.5940684182199
Aviceda madagascariensis,1600,1,22.4907523126593
Aviceda madagascariensis,1607,1,16.6035814809212
Aviceda madagascariensis,1608,1,19.4429561790174
Aviceda madagascariensis,1610,1,19.0670525600537
Aviceda madagascariensis,1612,1,31.6875166683302
Aviceda madagascariensis,1625,1,29.8748831680267
Aviceda madagascariensis,1627,1,28.7459032692887
Aviceda madagascariensis,1628,1,27.545424416823
Bernieria madagascariensis,379,86,0.370271373195231
Bernieria madagascariensis,380,86,0.462834125284791
Bernieria madagascariensis,384,86,43.0377824654073
Bernieria madagascariensis,400,86,1.48074673073471
Bernieria madagascariensis,401,86,1.66577102635694
Bernieria madagascariensis,405,86,0.277623898765862
Bernieria madagascariensis,408,86,0.277610584835947
Bernieria madagascariensis,12348,112,39.7318141621048
Bernieria madagascariensis,22184,107,26.6587824925889
Bernieria madagascariensis,22186,107,16.2380797407103
Bernieria madagascariensis,2256,134,1.10266377710527
Bernieria madagascariensis,2293,134,2.02137478975803
Bernieria madagascariensis,2294,134,0.826945434479237
Bernieria madagascariensis,2383,134,0.367459639964223
Bernieria madagascariensis,2398,134,0.275586929093957
Bernieria madagascariensis,2402,134,1.46972063059181
Bernieria madagascariensis,2403,134,0.275577679304183
Bernieria madagascariensis,22274,134,1.10266607838708
Bernieria madagascariensis,22275,134,9.73881683759956
Bernieria madagascariensis,22280,134,30.0296278397191
Bernieria madagascariensis,189,32,57.8717585106773
Bernieria madagascariensis,21658,32,29.3167998436829
Bernieria madagascariensis,21931,110,27.2715936270507
Bernieria madagascariensis,21932,110,29.4123165165292
Bernieria madagascariensis,21933,110,27.6594821549596
Bernieria madagascariensis,21934,110,11.7562021209623
Bernieria madagascariensis,21935,110,13.4738257842991
Bernieria madagascariensis,22348,110,0.259287194254398
Bernieria madagascariensis,13861,114,17.4667180712485
Bernieria madagascariensis,22112,120,29.274766839554
Bernieria madagascariensis,22119,120,4.87570953246022
Bernieria madagascariensis,22229,120,6.82379882420909
Bernieria madagascariensis,22350,120,23.7666194395043
Bernieria madagascariensis,20458,123,19.2122661348475
Bernieria madagascariensis,22144,123,18.148249547828
Bernieria madagascariensis,2244,124,50.551453219145
Bernieria madagascariensis,22293,124,105.02396653668
Bernieria madagascariensis,22294,124,77.941507276654
Bernieria madagascariensis,22296,124,124.088483499845
Bernieria madagascariensis,22298,124,62.2582651923038
Bernieria madagascariensis,22302,124,6.25186649493641
Bernieria madagascariensis,22305,124,43.9123990712638
Bernieria madagascariensis,22356,124,0.276032375240743
Bernieria madagascariensis,22358,124,29.8748831680267
Bernieria madagascariensis,22359,124,1.47043301236653
Bernieria madagascariensis,22360,124,28.7459032692887
Bernieria madagascariensis,22361,124,27.545424416823
Bernieria madagascariensis,7283,136,211.697744572212
Bernieria madagascariensis,22206,137,16.0995421292329
Bernieria madagascariensis,22312,137,56.0661895643025
Bernieria madagascariensis,22316,137,19.5664778138609
Bernieria madagascariensis,22317,137,24.5940684182199
Bernieria madagascariensis,22318,137,22.4907523126593
Bernieria madagascariensis,22319,137,2.2857108314302
Bernieria madagascariensis,22233,138,162.094219258716
Bernieria madagascariensis,22332,138,31.6875166683302
Bernieria madagascariensis,22326,139,23.6784079112986
Bernieria madagascariensis,22327,139,16.6035814809212
Bernieria madagascariensis,22328,139,19.4429561790174
Bernieria madagascariensis,22330,139,19.0670525600537
Bernieria madagascariensis,5434,130,58.5835993688454
Bernieria madagascariensis,5481,130,0.364940765320301
Bernieria madagascariensis,22337,130,16.8841859735829
Bernieria madagascariensis,22340,130,25.4575989942786
Bernieria madagascariensis,22232,132,18.8183790778868
Bernieria madagascariensis,22354,132,2.11083364651418
Bernieria madagascariensis,14484,135,86.2629835085398
Bernieria madagascariensis,22346,135,0.536578449850679
Brachypteracias leptosomus,91,1,43.9123990712638
Brachypteracias leptosomus,917,1,16.0995421292329
Brachypteracias leptosomus,928,1,18.8183790778868
Brachypteracias leptosomus,929,1,162.094219258716
Brachypteracias leptosomus,962,1,77.768125949136
Brachypteracias leptosomus,963,1,2.57936223117161
Brachypteracias leptosomus,964,1,82.3436727737423
Brachypteracias leptosomus,968,1,105.02396653668
Brachypteracias leptosomus,969,1,77.941507276654
Brachypteracias leptosomus,971,1,61.4532006051214
Brachypteracias leptosomus,973,1,62.2582651923038
Brachypteracias leptosomus,976,1,18.8525092663866
Brachypteracias leptosomus,979,1,6.25186649493641
Brachypteracias leptosomus,981,1,56.0661895643025
Brachypteracias leptosomus,985,1,19.5664778138609
Brachypteracias leptosomus,986,1,24.5940684182199
Brachypteracias leptosomus,987,1,2.2857108314302
Brachypteracias leptosomus,993,1,23.6784079112986
Brachypteracias leptosomus,994,1,16.6035814809212
Brachypteracias leptosomus,995,1,19.4429561790174
Brachypteracias leptosomus,997,1,19.0670525600537
Brachypteracias leptosomus,999,1,31.6875166683302
Brachypteracias leptosomus,1000,1,28.7459032692887
Brachypteracias leptosomus,1001,1,27.545424416823
Brachypteracias leptosomus,1007,1,2.11083364651418
Brachypteracias leptosomus,1008,1,29.8748831680267
Brachypteracias leptosomus,760,2,29.4123165165292
Brachypteracias leptosomus,788,2,27.2715936270507
Brachypteracias leptosomus,789,2,27.6594821549596
Brachypteracias leptosomus,790,2,11.7562021209623
Brachytarsomys albicauda,61,23,65.8560897193711
Brachyuromys betsileoensis,471,25,27.3374724883207
Brachyuromys betsileoensis,586,28,1.10266377710527
Brachyuromys betsileoensis,587,28,0.183781132994473
Brachyuromys betsileoensis,588,28,2.02137478975803
Brachyuromys betsileoensis,589,28,0.826945434479237
Brachyuromys betsileoensis,597,28,0.367459639964223
Brachyuromys betsileoensis,600,28,0.183724619395971
Brachyuromys betsileoensis,601,28,0.275586929093957
Brachyuromys betsileoensis,603,28,1.46972063059181
Brachyuromys betsileoensis,604,28,0.275577679304183
Brachyuromys betsileoensis,3203,28,1.10266607838708
Brachyuromys betsileoensis,3204,28,9.73881683759956
Brachyuromys betsileoensis,3207,28,30.0296278397191
Brachyuromys betsileoensis,3208,28,0.18370726844728
Brachyuromys betsileoensis,483,215,29.8164373522979
Brachyuromys betsileoensis,539,205,18.8525092663892
Brachyuromys betsileoensis,2802,152,6.82379882420909
Brachyuromys betsileoensis,3121,200,17.8628102375012
Brachyuromys betsileoensis,3198,208,23.7666194395043
Brachyuromys betsileoensis,526,216,211.697744572212
Brachyuromys betsileoensis,3214,218,21.3361365445335
Brachyuromys betsileoensis,3148,220,78.2906209846031
Brachyuromys betsileoensis,3217,220,0.0920119200412631
Brachyuromys betsileoensis,3218,220,0.276032375240743
Brachyuromys betsileoensis,3219,220,0.0920085345218182
Brachyuromys ramirohitra,1,1,29.874883168016
Brachyuromys ramirohitra,2,2,19.2122661348475
Brachyuromys ramirohitra,3,3,18.148249547828
Bradypterus brunneus,1,1,12.7113015768179
Bradypterus brunneus,2,1,28.8450665179956
Bradypterus brunneus,168,9,19.4429561790174
Bradypterus brunneus,1240,49,29.274766839554
Bradypterus brunneus,1473,49,4.87570953246022
Bradypterus brunneus,100,54,31.6985197321689
Bradypterus brunneus,105,54,55.3562922973957
Bradypterus brunneus,1313,60,19.2122661348475
Bradypterus brunneus,176,61,113.750610530536
Bradypterus brunneus,119,62,29.8748831680267
Bradypterus brunneus,1476,62,1.47043301236653
Bradypterus brunneus,121,64,29.4874756572244
Bradypterus brunneus,1477,64,28.7459032692887
Bradypterus brunneus,114,63,105.02396653668
Bradypterus brunneus,115,63,53.5542140029307
Bradypterus seebohmi,1,1,29.6296191803173
Bradypterus seebohmi,2,1,23.7666194395043
Bradypterus seebohmi,3,1,4.87570953246022
Buteo brachypterus,7,1,57.8717585106773
Buteo brachypterus,21,1,43.0377824654073
Buteo brachypterus,262,1,211.697744572212
Buteo brachypterus,1209,1,50.551453219145
Buteo brachypterus,1337,1,66.489778000425
Buteo brachypterus,1761,1,29.3167998436829
Buteo brachypterus,2221,1,26.6587824925889
Buteo brachypterus,2223,1,16.2380797407103
Buteo brachypterus,2243,1,16.0995421292329
Buteo brachypterus,2249,1,18.8183790778868
Buteo brachypterus,2250,1,162.094219258716
Buteo brachypterus,2297,1,30.0296278397191
Buteo brachypterus,2306,1,105.02396653668
Buteo brachypterus,2307,1,77.941507276654
Buteo brachypterus,2309,1,124.088483499845
Buteo brachypterus,2311,1,62.2582651923038
Buteo brachypterus,2318,1,43.9123990712638
Buteo brachypterus,2341,1,56.0661895643025
Buteo brachypterus,2345,1,19.5664778138609
Buteo brachypterus,2346,1,24.5940684182199
Buteo brachypterus,2347,1,22.4907523126593
Buteo brachypterus,2354,1,23.6784079112986
Buteo brachypterus,2355,1,16.6035814809212
Buteo brachypterus,2356,1,19.4429561790174
Buteo brachypterus,2358,1,19.0670525600537
Buteo brachypterus,2360,1,31.6875166683302
Buteo brachypterus,2373,1,29.8748831680267
Buteo brachypterus,2375,1,28.7459032692887
Buteo brachypterus,2376,1,27.545424416823
Calicalicus madagascariensis,407,106,0.370271373195231
Calicalicus madagascariensis,408,106,0.462834125284791
Calicalicus madagascariensis,412,106,43.0377824654073
Calicalicus madagascariensis,428,106,1.48074673073471
Calicalicus madagascariensis,430,106,1.66577102635694
Calicalicus madagascariensis,436,106,0.277623898765862
Calicalicus madagascariensis,439,106,0.277610584835947
Calicalicus madagascariensis,12424,137,46.6540592851467
Calicalicus madagascariensis,22681,131,26.6587824925889
Calicalicus madagascariensis,22683,131,16.2380797407103
Calicalicus madagascariensis,2312,166,1.10266377710527
Calicalicus madagascariensis,2347,166,2.02137478975803
Calicalicus madagascariensis,2348,166,0.826945434479237
Calicalicus madagascariensis,2429,166,0.367459639964223
Calicalicus madagascariensis,2444,166,0.275586929093957
Calicalicus madagascariensis,2448,166,1.46972063059181
Calicalicus madagascariensis,2449,166,0.275577679304183
Calicalicus madagascariensis,22775,166,1.10266607838708
Calicalicus madagascariensis,22776,166,9.73881683759956
Calicalicus madagascariensis,22781,166,30.0296278397191
Calicalicus madagascariensis,202,47,57.8717585106773
Calicalicus madagascariensis,22141,47,29.3167998436829
Calicalicus madagascariensis,13937,82,17.4667180712485
Calicalicus madagascariensis,22427,140,27.2715936270507
Calicalicus madagascariensis,22428,140,29.4123165165292
Calicalicus madagascariensis,22429,140,27.6594821549596
Calicalicus madagascariensis,22430,140,11.7562021209623
Calicalicus madagascariensis,22431,140,13.4738257842991
Calicalicus madagascariensis,22845,140,0.259287194254398
Calicalicus madagascariensis,15189,141,29.8432117734118
Calicalicus madagascariensis,22419,141,0.357354327606916
Calicalicus madagascariensis,22610,149,29.274766839554
Calicalicus madagascariensis,22617,149,4.87570953246022
Calicalicus madagascariensis,22730,149,6.82379882420909
Calicalicus madagascariensis,22847,149,23.7666194395043
Calicalicus madagascariensis,20921,154,19.2122661348475
Calicalicus madagascariensis,22641,154,18.148249547828
Calicalicus madagascariensis,5220,156,58.5835993688454
Calicalicus madagascariensis,5246,156,0.364940765320301
Calicalicus madagascariensis,22837,156,25.4575989942786
Calicalicus madagascariensis,2300,157,50.551453219145
Calicalicus madagascariensis,22790,157,105.02396653668
Calicalicus madagascariensis,22791,157,77.941507276654
Calicalicus madagascariensis,22793,157,124.088483499845
Calicalicus madagascariensis,22795,157,62.2582651923038
Calicalicus madagascariensis,22799,157,6.25186649493641
Calicalicus madagascariensis,22802,157,43.9123990712638
Calicalicus madagascariensis,22853,157,0.276032375240743
Calicalicus madagascariensis,22855,157,29.8748831680267
Calicalicus madagascariensis,22856,157,1.47043301236653
Calicalicus madagascariensis,22857,157,28.7459032692887
Calicalicus madagascariensis,22858,157,27.545424416823
Calicalicus madagascariensis,6959,169,211.697744572212
Calicalicus madagascariensis,22734,170,162.094219258716
Calicalicus madagascariensis,22830,170,31.6875166683302
Calicalicus madagascariensis,22824,171,23.6784079112986
Calicalicus madagascariensis,22825,171,16.6035814809212
Calicalicus madagascariensis,22826,171,19.4429561790174
Calicalicus madagascariensis,22828,171,19.0670525600537
Calicalicus madagascariensis,22733,164,18.8183790778868
Calicalicus madagascariensis,22851,164,2.11083364651418
Calicalicus madagascariensis,14707,167,86.2629835085398
Calicalicus madagascariensis,22843,167,0.536578449850679
Calicalicus madagascariensis,22703,168,16.0995421292329
Calicalicus madagascariensis,22810,168,56.0661895643025
Calicalicus madagascariensis,22814,168,19.5664778138609
Calicalicus madagascariensis,22815,168,24.5940684182199
Calicalicus madagascariensis,22816,168,22.4907523126593
Calicalicus madagascariensis,22817,168,2.2857108314302
Ceblepyris cinereus,1,1,31.6985197321722
Ceblepyris cinereus,10,4,61.6276496492877
Ceblepyris cinereus,11,4,29.7570322031286
Ceblepyris cinereus,55,11,29.8432117734118
Ceblepyris cinereus,6,12,23.6784079112986
Ceblepyris cinereus,7,12,16.6035814809212
Ceblepyris cinereus,8,12,19.4429561790174
Ceblepyris cinereus,9,12,19.0670525600537
Cheirogaleus crossleyi,61,12,46.1148628669553
Cheirogaleus crossleyi,63,14,28.7459032692887
Cheirogaleus crossleyi,532,76,24.6990569160862
Cheirogaleus crossleyi,106,24,56.0661895643025
Cheirogaleus crossleyi,107,24,24.5940684182199
Cheirogaleus crossleyi,530,75,23.7666194395043
Cheirogaleus major,14909,643,27.2715936270507
Cheirogaleus major,14910,644,29.4123165165292
Cheirogaleus major,14903,661,6.56280253892302
Cheirogaleus major,15132,691,26.6587824925889
Cheirogaleus major,15134,691,16.2380797407103
Cheirogaleus major,1117,701,1.8373651948179
Cheirogaleus major,1126,701,0.367459639964223
Cheirogaleus major,1136,701,0.183724619395971
Cheirogaleus major,1137,701,0.275586929093957
Cheirogaleus major,1143,701,1.46972063059181
Cheirogaleus major,1144,701,0.275577679304183
Cheirogaleus major,15209,701,30.0296278397191
Cheirogaleus major,15210,701,0.18370726844728
Cheirogaleus major,15238,714,19.5664778138609
Cheirogaleus major,15240,715,22.4907523126593
Cheirogaleus major,28,502,57.8717585106773
Cheirogaleus major,14796,720,29.3167998436829
Cheirogaleus major,14913,642,13.4738257842991
Cheirogaleus major,14911,645,27.6594821549596
Cheirogaleus major,14912,646,11.7562021209623
Cheirogaleus major,15070,662,29.274766839554
Cheirogaleus major,15263,662,23.7666194395043
Cheirogaleus major,13745,680,19.2122661348475
Cheirogaleus major,15093,721,18.148249547828
Cheirogaleus major,3518,686,211.697744572212
Cheirogaleus major,15218,722,105.02396653668
Cheirogaleus major,15219,722,77.941507276654
Cheirogaleus major,15173,696,18.8183790778868
Cheirogaleus major,15171,704,6.82379882420909
Cheirogaleus major,15155,707,16.0995421292329
Cheirogaleus major,15174,708,162.094219258716
Cheirogaleus major,15221,711,124.088483499845
Cheirogaleus major,15269,711,0.276032375240743
Cheirogaleus major,15223,712,62.2582651923038
Cheirogaleus major,15227,712,6.25186649493641
Cheirogaleus major,15271,712,29.8748831680267
Cheirogaleus major,15230,723,43.9123990712638
Cheirogaleus major,15273,723,28.7459032692887
Cheirogaleus major,15274,724,27.545424416823
Cheirogaleus major,15234,713,56.0661895643025
Cheirogaleus major,15239,713,24.5940684182199
Cheirogaleus major,15248,716,23.6784079112986
Cheirogaleus major,15249,717,16.6035814809212
Cheirogaleus major,15250,725,19.4429561790174
Cheirogaleus major,15252,718,19.0670525600537
Cheirogaleus major,15254,719,31.6875166683302
Cheirogaleus medius,501,52,0.370271373195231
Cheirogaleus medius,503,52,0.462834125284791
Cheirogaleus medius,508,52,43.0377824654073
Cheirogaleus medius,509,52,0.18513059458977
Cheirogaleus medius,519,52,1.48074673073471
Cheirogaleus medius,520,52,1.66577102635694
Cheirogaleus medius,522,52,0.277623898765862
Cheirogaleus medius,527,52,0.277610584835947
Cheirogaleus medius,23443,2503,29.4123165165292
Cheirogaleus medius,13787,2506,46.6540592851467
Cheirogaleus medius,24577,2506,0.0899356091371775
Cheirogaleus medius,24578,2506,0.0899341444739103
Cheirogaleus medius,24579,2506,0.0899326796025038
Cheirogaleus medius,24580,2506,0.0898650706012249
Cheirogaleus medius,24581,2506,0.0898635959522724
Cheirogaleus medius,24582,2506,0.0898621210949421
Cheirogaleus medius,1435,129,16.2380797407103
Cheirogaleus medius,24629,2439,114.365959897449
Cheirogaleus medius,20100,1437,52.9723472372599
Cheirogaleus medius,24642,1437,0.0876808440184593
Cheirogaleus medius,24544,1571,13.4738257842991
Cheirogaleus medius,204,2235,57.8717585106773
Cheirogaleus medius,24631,2235,0.0927427567195296
Cheirogaleus medius,24632,2235,0.0927417757584453
Cheirogaleus medius,24633,2235,0.0927240819920898
Cheirogaleus medius,22941,2373,68.9415191745416
Cheirogaleus medius,24644,2373,7.82027605935955
Cheirogaleus medius,24645,2373,6.16877974064255
Cheirogaleus medius,14658,2438,17.4667180712485
Cheirogaleus medius,5608,2486,58.5835993688454
Cheirogaleus medius,24435,2486,0.364940765320301
Cheirogaleus medius,24634,2539,31.7616470487364
Cheirogaleus medius,24637,2540,25.4575989942786
Cheirogaleus medius,24346,2489,12.7113015768179
Cheirogaleus medius,24542,2504,27.6594821549596
Cheirogaleus medius,24543,2505,11.7562021209623
Cheirogaleus medius,15310,2538,86.2629835085398
Cheirogaleus medius,24638,2538,0.0894990973969698
Cheirogaleus medius,24639,2538,0.089497572085619
Cheirogaleus medius,24640,2538,0.0894960465672016
Cinnyris notatus,892,74,0.370271373195231
Cinnyris notatus,894,74,0.462834125284791
Cinnyris notatus,900,74,43.0377824654073
Cinnyris notatus,901,74,0.18513059458977
Cinnyris notatus,936,74,1.48074673073471
Cinnyris notatus,939,74,1.66577102635694
Cinnyris notatus,943,74,0.277623898765862
Cinnyris notatus,947,74,0.277610584835947
Cinnyris notatus,32843,207,46.6540592851467
Cinnyris notatus,55466,207,0.0899356091371775
Cinnyris notatus,55467,207,0.0899341444739103
Cinnyris notatus,55468,207,0.0899326796025038
Cinnyris notatus,55469,207,0.0898650706012249
Cinnyris notatus,55470,207,0.0898635959522724
Cinnyris notatus,55471,207,0.0898621210949421
Cinnyris notatus,55510,199,26.6587824925889
Cinnyris notatus,55512,199,16.2380797407103
Cinnyris notatus,5342,234,1.10266377710527
Cinnyris notatus,5367,234,0.183781132994473
Cinnyris notatus,5450,234,2.02137478975803
Cinnyris notatus,5451,234,0.826945434479237
Cinnyris notatus,5688,234,0.367459639964223
Cinnyris notatus,5725,234,0.183724619395971
Cinnyris notatus,5726,234,0.275586929093957
Cinnyris notatus,5751,234,1.46972063059181
Cinnyris notatus,5752,234,0.275577679304183
Cinnyris notatus,55606,234,1.10266607838708
Cinnyris notatus,55607,234,9.73881683759956
Cinnyris notatus,55612,234,30.0296278397191
Cinnyris notatus,55613,234,0.18370726844728
Cinnyris notatus,453,70,57.8717585106773
Cinnyris notatus,54961,70,29.3167998436829
Cinnyris notatus,55667,70,0.0927447180024385
Cinnyris notatus,55668,70,0.0927427567195296
Cinnyris notatus,55669,70,0.0927417757584453
Cinnyris notatus,55670,70,0.0927240819920898
Cinnyris notatus,36451,132,17.4667180712485
Cinnyris notatus,55252,210,27.2715936270507
Cinnyris notatus,55253,210,29.4123165165292
Cinnyris notatus,55254,210,27.6594821549596
Cinnyris notatus,55255,210,11.7562021209623
Cinnyris notatus,55256,210,13.4738257842991
Cinnyris notatus,55681,210,0.0864341105604172
Cinnyris notatus,55682,210,0.259287194254398
Cinnyris notatus,55683,210,0.0864246485347748
Cinnyris notatus,55435,217,29.274766839554
Cinnyris notatus,55442,217,4.87570953246022
Cinnyris notatus,55561,217,6.82379882420909
Cinnyris notatus,55684,217,23.7666194395043
Cinnyris notatus,55685,217,0.0886616954565048
Cinnyris notatus,52108,222,19.2122661348475
Cinnyris notatus,55474,222,18.148249547828
Cinnyris notatus,13362,224,58.5835993688454
Cinnyris notatus,13413,224,0.364940765320301
Cinnyris notatus,55671,224,31.7616470487364
Cinnyris notatus,55672,224,0.0912768307586908
Cinnyris notatus,55673,224,0.182548627367735
Cinnyris notatus,55674,224,25.4575989942786
Cinnyris notatus,5306,225,50.551453219145
Cinnyris notatus,55625,225,105.02396653668
Cinnyris notatus,55626,225,77.941507276654
Cinnyris notatus,55628,225,124.088483499845
Cinnyris notatus,55630,225,62.2582651923038
Cinnyris notatus,55634,225,6.25186649493641
Cinnyris notatus,55637,225,43.9123990712638
Cinnyris notatus,55689,225,0.0920119200412631
Cinnyris notatus,55690,225,0.276032375240743
Cinnyris notatus,55691,225,0.0920085345218182
Cinnyris notatus,55692,225,29.8748831680267
Cinnyris notatus,55693,225,1.47043301236653
Cinnyris notatus,55694,225,28.7459032692887
Cinnyris notatus,55695,225,27.545424416823
Cinnyris notatus,19058,237,211.697744572212
Cinnyris notatus,55675,237,0.0921512873141766
Cinnyris notatus,55676,237,0.0921457762500048
Cinnyris notatus,55565,238,162.094219258716
Cinnyris notatus,55666,238,31.6875166683302
Cinnyris notatus,55660,239,23.6784079112986
Cinnyris notatus,55661,239,16.6035814809212
Cinnyris notatus,55662,239,19.4429561790174
Cinnyris notatus,55664,239,19.0670525600537
Cinnyris notatus,55696,239,0.0917031464005113
Cinnyris notatus,55564,232,18.8183790778868
Cinnyris notatus,55686,232,0.0917843872631192
Cinnyris notatus,55687,232,0.0917832170488834
Cinnyris notatus,55688,232,2.11083364651418
Cinnyris notatus,37807,235,86.2629835085398
Cinnyris notatus,38761,235,15.7305049810951
Cinnyris notatus,39151,235,72.6339325493399
Cinnyris notatus,55234,235,0.357354327606916
Cinnyris notatus,55677,235,0.0894990973969698
Cinnyris notatus,55678,235,0.089497572085619
Cinnyris notatus,55679,235,0.0894960465672016
Cinnyris notatus,55680,235,0.536578449850679
Cinnyris notatus,55532,236,16.0995421292329
Cinnyris notatus,55646,236,56.0661895643025
Cinnyris notatus,55650,236,19.5664778138609
Cinnyris notatus,55651,236,24.5940684182199
Cinnyris notatus,55652,236,22.4907523126593
Cinnyris notatus,55653,236,2.2857108314302
Copsychus albospecularis,497,40,1.65325307838088
Copsychus albospecularis,9799,40,24.7022525605728
Copsychus albospecularis,5,1,44.5157082169882
Copsychus albospecularis,9463,1,12.7113015768179
Copsychus albospecularis,9523,24,27.6594821549596
Copsychus albospecularis,9524,24,11.7562021209623
Copsychus albospecularis,9847,24,0.259287194254398
Copsychus albospecularis,9679,33,29.274766839554
Copsychus albospecularis,9686,33,4.87570953246022
Copsychus albospecularis,9756,33,6.82379882420909
Copsychus albospecularis,9849,33,23.7666194395043
Copsychus albospecularis,8809,34,19.2122661348475
Copsychus albospecularis,9700,34,18.148249547828
Copsychus albospecularis,1923,35,211.697744572212
Copsychus albospecularis,9759,44,162.094219258716
Copsychus albospecularis,9842,44,31.6875166683302
Copsychus albospecularis,9806,45,105.02396653668
Copsychus albospecularis,9807,45,77.941507276654
Copsychus albospecularis,9809,45,124.088483499845
Copsychus albospecularis,9811,45,62.2582651923038
Copsychus albospecularis,9815,45,6.25186649493641
Copsychus albospecularis,9818,45,43.9123990712638
Copsychus albospecularis,9855,45,0.276032375240743
Copsychus albospecularis,9857,45,29.8748831680267
Copsychus albospecularis,9858,45,1.47043301236653
Copsychus albospecularis,9859,45,28.7459032692887
Copsychus albospecularis,9860,45,27.545424416823
Copsychus albospecularis,9836,46,23.6784079112986
Copsychus albospecularis,9837,46,16.6035814809212
Copsychus albospecularis,9838,46,19.4429561790174
Copsychus albospecularis,9840,46,19.0670525600537
Copsychus albospecularis,9758,42,18.8183790778868
Copsychus albospecularis,9853,42,2.11083364651418
Copsychus albospecularis,9740,43,16.0995421292329
Copsychus albospecularis,9822,43,56.0661895643025
Copsychus albospecularis,9826,43,19.5664778138609
Copsychus albospecularis,9827,43,24.5940684182199
Copsychus albospecularis,9828,43,22.4907523126593
Copsychus albospecularis,9829,43,2.2857108314302
Coracopsis nigra,65,1,57.8717585106773
Coracopsis nigra,7468,1,29.3167998436829
Coracopsis nigra,6420,7,22.2120112317333
Coracopsis nigra,6823,7,34.5077461519358
Coracopsis nigra,7202,7,12.7629415674419
Coracopsis nigra,7352,7,25.3907382257994
Coracopsis nigra,8196,7,8.28450515110804
Coracopsis nigra,8198,7,2.44082853370917
Coracopsis nigra,8200,7,7.82027605935955
Coracopsis nigra,8201,7,6.16877974064255
Coracopsis nigra,8202,7,3.47957565452278
Coracopsis nigra,8204,7,7.30048270038617
Coracopsis nigra,8207,7,8.25182039185715
Coracopsis nigra,811,20,50.551453219145
Coracopsis nigra,816,20,1.10266377710527
Coracopsis nigra,829,20,2.02137478975803
Coracopsis nigra,863,20,1.46972063059181
Coracopsis nigra,2388,20,211.697744572212
Coracopsis nigra,8015,20,26.6587824925889
Coracopsis nigra,8017,20,16.2380797407103
Coracopsis nigra,8037,20,16.0995421292329
Coracopsis nigra,8071,20,18.8183790778868
Coracopsis nigra,8072,20,162.094219258716
Coracopsis nigra,8114,20,1.10266607838708
Coracopsis nigra,8115,20,9.73881683759956
Coracopsis nigra,8120,20,30.0296278397191
Coracopsis nigra,8133,20,105.02396653668
Coracopsis nigra,8134,20,77.941507276654
Coracopsis nigra,8136,20,124.088483499845
Coracopsis nigra,8138,20,62.2582651923038
Coracopsis nigra,8142,20,6.25186649493641
Coracopsis nigra,8145,20,43.9123990712638
Coracopsis nigra,8161,20,56.0661895643025
Coracopsis nigra,8165,20,19.5664778138609
Coracopsis nigra,8166,20,24.5940684182199
Coracopsis nigra,8167,20,22.4907523126593
Coracopsis nigra,8168,20,2.2857108314302
Coracopsis nigra,8177,20,23.6784079112986
Coracopsis nigra,8178,20,16.6035814809212
Coracopsis nigra,8179,20,19.4429561790174
Coracopsis nigra,8181,20,19.0670525600537
Coracopsis nigra,8183,20,31.6875166683302
Coracopsis nigra,8215,20,2.11083364651418
Coracopsis nigra,8219,20,29.8748831680267
Coracopsis nigra,8220,20,1.47043301236653
Coracopsis nigra,8221,20,28.7459032692887
Coracopsis nigra,8222,20,27.545424416823
Coracopsis nigra,1840,21,58.5835993688454
Coracopsis nigra,7953,21,24.7276188530575
Coracopsis nigra,4190,23,17.4667180712485
Coracopsis nigra,4771,23,86.2629835085398
Coracopsis nigra,8147,23,114.365959897449
Coracopsis nigra,7760,24,27.2715936270507
Coracopsis nigra,7761,24,29.4123165165292
Coracopsis nigra,7762,24,27.6594821549596
Coracopsis nigra,7763,24,11.7562021209623
Coracopsis nigra,7764,24,13.4738257842991
Coracopsis nigra,7944,32,29.274766839554
Coracopsis nigra,7951,32,4.87570953246022
Coracopsis nigra,8068,32,6.82379882420909
Coracopsis nigra,8211,32,23.7666194395043
Corythornis madagascariensis,36,1,57.8717585106773
Corythornis madagascariensis,4632,1,29.3167998436829
Corythornis madagascariensis,2877,3,17.4667180712485
Corythornis madagascariensis,3041,3,85.7259416594108
Corythornis madagascariensis,1393,20,58.5835993688454
Corythornis madagascariensis,5222,20,25.4575989942786
Corythornis madagascariensis,601,23,50.551453219145
Corythornis madagascariensis,615,23,2.02137478975803
Corythornis madagascariensis,641,23,1.46972063059181
Corythornis madagascariensis,5092,23,16.0995421292329
Corythornis madagascariensis,5117,23,162.094219258716
Corythornis madagascariensis,5159,23,9.73881683759956
Corythornis madagascariensis,5164,23,30.0296278397191
Corythornis madagascariensis,5177,23,105.02396653668
Corythornis madagascariensis,5178,23,77.941507276654
Corythornis madagascariensis,5180,23,124.088483499845
Corythornis madagascariensis,5182,23,62.2582651923038
Corythornis madagascariensis,5186,23,6.25186649493641
Corythornis madagascariensis,5189,23,43.9123990712638
Corythornis madagascariensis,5195,23,56.0661895643025
Corythornis madagascariensis,5199,23,19.5664778138609
Corythornis madagascariensis,5200,23,24.5940684182199
Corythornis madagascariensis,5201,23,22.4907523126593
Corythornis madagascariensis,5202,23,2.2857108314302
Corythornis madagascariensis,5209,23,23.6784079112986
Corythornis madagascariensis,5210,23,16.6035814809212
Corythornis madagascariensis,5211,23,19.4429561790174
Corythornis madagascariensis,5213,23,19.0670525600537
Corythornis madagascariensis,5215,23,31.6875166683302
Corythornis madagascariensis,5238,23,29.8748831680267
Corythornis madagascariensis,5239,23,1.47043301236653
Corythornis madagascariensis,5240,23,28.7459032692887
Corythornis madagascariensis,5241,23,27.545424416823
Corythornis madagascariensis,1733,26,211.697744572212
Corythornis madagascariensis,4849,25,27.2715936270507
Corythornis madagascariensis,4850,25,29.4123165165292
Corythornis madagascariensis,4851,25,27.6594821549596
Corythornis madagascariensis,4852,25,11.7562021209623
Corythornis madagascariensis,4853,25,13.4738257842991
Coua caerulea,121,2,211.697744572212
Coua caerulea,975,2,26.6587824925889
Coua caerulea,976,2,16.2380797407103
Coua caerulea,996,2,16.0995421292329
Coua caerulea,1009,2,18.8183790778868
Coua caerulea,1010,2,162.094219258716
Coua caerulea,1046,2,105.02396653668
Coua caerulea,1047,2,77.941507276654
Coua caerulea,1051,2,62.2582651923038
Coua caerulea,1054,2,18.8525092663866
Coua caerulea,1057,2,6.25186649493641
Coua caerulea,1059,2,43.9123990712638
Coua caerulea,1060,2,56.0661895643025
Coua caerulea,1064,2,19.5664778138609
Coua caerulea,1065,2,24.5940684182199
Coua caerulea,1066,2,22.4907523126593
Coua caerulea,1074,2,23.6784079112986
Coua caerulea,1075,2,16.6035814809212
Coua caerulea,1076,2,19.4429561790174
Coua caerulea,1078,2,19.0670525600537
Coua caerulea,1080,2,31.6875166683302
Coua caerulea,1086,2,29.8748831680267
Coua caerulea,1088,2,28.7459032692887
Coua caerulea,1089,2,27.545424416823
Coua coquereli,625,13,58.5835993688454
Coua coquereli,2658,13,31.7616470487364
Coua coquereli,2661,13,25.4575989942786
Coua coquereli,1595,15,17.4667180712485
Coua coquereli,1674,15,86.2629835085398
Coua coquereli,2657,15,114.365959897449
Coua cristata,51,1,57.8717585106773
Coua cristata,4533,1,29.3167998436829
Coua cristata,4028,10,31.4426003062769
Coua cristata,4364,10,10.1701180718572
Coua cristata,5037,10,8.63333606819333
Coua cristata,5039,10,2.44082853370917
Coua cristata,5040,10,3.47957565452278
Coua cristata,5042,10,9.56038329291046
Coua cristata,5044,10,8.25182039185715
Coua cristata,5045,10,12.7629415674419
Coua cristata,5048,10,7.82027605935955
Coua cristata,5049,10,6.16877974064255
Coua cristata,688,21,50.551453219145
Coua cristata,692,21,1.10266377710527
Coua cristata,703,21,2.02137478975803
Coua cristata,733,21,1.46972063059181
Coua cristata,1692,21,211.697744572212
Coua cristata,4871,21,26.6587824925889
Coua cristata,4873,21,16.2380797407103
Coua cristata,4892,21,16.0995421292329
Coua cristata,4920,21,18.8183790778868
Coua cristata,4921,21,23.6784079112986
Coua cristata,4936,21,162.094219258716
Coua cristata,4937,21,31.6875166683302
Coua cristata,4966,21,1.10266607838708
Coua cristata,4967,21,9.73881683759956
Coua cristata,4972,21,30.0296278397191
Coua cristata,4983,21,105.02396653668
Coua cristata,4984,21,77.941507276654
Coua cristata,4986,21,124.088483499845
Coua cristata,4988,21,62.2582651923038
Coua cristata,4992,21,6.25186649493641
Coua cristata,4995,21,43.9123990712638
Coua cristata,5008,21,56.0661895643025
Coua cristata,5012,21,19.5664778138609
Coua cristata,5013,21,24.5940684182199
Coua cristata,5014,21,22.4907523126593
Coua cristata,5015,21,2.2857108314302
Coua cristata,5023,21,16.6035814809212
Coua cristata,5024,21,19.4429561790174
Coua cristata,5026,21,19.0670525600537
Coua cristata,5055,21,2.11083364651418
Coua cristata,5059,21,29.8748831680267
Coua cristata,5060,21,1.47043301236653
Coua cristata,5061,21,28.7459032692887
Coua cristata,5062,21,27.545424416823
Coua cristata,4778,23,27.2715936270507
Coua cristata,4779,23,29.4123165165292
Coua cristata,4780,23,27.6594821549596
Coua cristata,4781,23,11.7562021209623
Coua cristata,4782,23,13.4738257842991
Coua cristata,2723,24,17.4667180712485
Coua cristata,2926,24,86.2629835085398
Coua cristata,4997,24,114.365959897449
Coua cursor,286,4,31.4426003062769
Coua cursor,572,4,68.9415191745416
Coua cursor,573,4,8.63333606819333
Coua cursor,575,4,2.44082853370917
Coua cursor,576,4,3.47957565452278
Coua cursor,578,4,9.56038329291046
Coua cursor,580,4,8.25182039185715
Coua cursor,581,4,12.7629415674419
Coua cursor,583,4,7.82027605935955
Coua cursor,584,4,6.16877974064255
Coua gigas,578,4,17.4667180712485
Coua gigas,606,4,86.2629835085398
Coua gigas,1347,4,114.365959897449
Coua gigas,964,7,31.4426003062769
Coua gigas,1129,7,68.9415191745416
Coua gigas,1352,7,8.63333606819333
Coua gigas,1355,7,3.47957565452278
Coua gigas,1357,7,9.56038329291046
Coua gigas,1359,7,8.25182039185715
Coua gigas,1360,7,12.7629415674419
Coua gigas,1362,7,7.82027605935955
Coua gigas,1363,7,6.16877974064255
Coua reynaudii,47,2,31.6985197321689
Coua reynaudii,54,2,105.02396653668
Coua reynaudii,59,2,6.25186649493766
Coua reynaudii,64,2,77.941507276654
Coua reynaudii,792,2,26.6587824925889
Coua reynaudii,903,2,43.9123990712638
Coua reynaudii,909,2,16.2380797407103
Coua reynaudii,911,2,18.8183790778868
Coua reynaudii,944,2,82.3436727737423
Coua reynaudii,949,2,32.5536096187775
Coua reynaudii,968,2,28.7459032692887
Coua reynaudii,969,2,27.545424416823
Coua reynaudii,90,3,132.337187055582
Coua reynaudii,97,3,56.0661895643025
Coua reynaudii,955,3,19.4429561790174
Coua reynaudii,956,3,19.0670525600537
Coua reynaudii,957,3,31.6875166683302
Coua reynaudii,958,3,16.0995421292329
Coua reynaudii,963,3,19.5664778138609
Coua reynaudii,964,3,24.5940684182199
Coua reynaudii,965,3,2.2857108314302
Coua ruficeps,18,1,58.5835993688454
Coua ruficeps,37,1,25.4575989942786
Coua ruficeps,26,3,17.4667180712485
Coua ruficeps,32,3,25.8613022009168
Coua ruficeps,34,3,69.5197727681215
Coua ruficeps,38,3,9.48729912717651
Coua serriana,12,1,58.6054087219563
Coua serriana,134,1,43.9123990712638
Coua serriana,1046,1,17.8628102375012
Coua serriana,1174,1,16.0995421292329
Coua serriana,1180,1,18.8183790778868
Coua serriana,1181,1,23.6784079112986
Coua serriana,1194,1,61.627649649291
Coua serriana,1197,1,105.02396653668
Coua serriana,1198,1,77.941507276654
Coua serriana,1200,1,2.39195639336878
Coua serriana,1203,1,29.7046555735262
Coua serriana,1208,1,56.0661895643025
Coua serriana,1212,1,19.5664778138609
Coua serriana,1213,1,24.5940684182199
Coua serriana,1214,1,22.4907523126593
Coua serriana,1215,1,2.2857108314302
Coua serriana,1221,1,16.6035814809212
Coua serriana,1222,1,19.4429561790174
Coua serriana,1224,1,19.0670525600537
Coua serriana,1226,1,31.6875166683302
Coua serriana,1229,1,4.21381091506183
Coua serriana,1232,1,28.7459032692887
Coua serriana,1233,1,27.545424416823
Coua serriana,1236,1,2.11083364651418
Crossleyia xanthophrys,450,45,27.2715936270423
Crossleyia xanthophrys,412,47,29.274766839554
Crossleyia xanthophrys,22,7,31.6985197321722
Crossleyia xanthophrys,24,7,55.3562922973957
Crossleyia xanthophrys,26,8,28.9945355610379
Crossleyia xanthophrys,74,15,30.0463397286814
Crossleyia xanthophrys,29,10,28.1094555150611
Crossleyia xanthophrys,451,10,28.7459032692887
Crossleyia xanthophrys,423,38,19.2122661348475
Cryptosylvicola randrianasoloi,5,2,16.2380797407139
Cryptosylvicola randrianasoloi,42,9,21.336136544534
Cryptosylvicola randrianasoloi,45,9,0.367843747830391
Cryptosylvicola randrianasoloi,15,4,30.0991205968451
Cryptosylvicola randrianasoloi,22,4,28.9945355610176
Cryptosylvicola randrianasoloi,416,41,29.274766839554
Cryptosylvicola randrianasoloi,525,41,23.7666194395043
Cryptosylvicola randrianasoloi,13,42,26.9068889897869
Cryptosylvicola randrianasoloi,14,42,25.3295724640318
Cryptosylvicola randrianasoloi,52,43,29.4874756572244
Cyanolanius madagascarinus,401,80,0.370271373195231
Cyanolanius madagascarinus,402,80,0.462834125284791
Cyanolanius madagascarinus,406,80,43.0377824654073
Cyanolanius madagascarinus,423,80,1.48074673073471
Cyanolanius madagascarinus,424,80,1.66577102635694
Cyanolanius madagascarinus,428,80,0.277623898765862
Cyanolanius madagascarinus,434,80,0.277610584835947
Cyanolanius madagascarinus,13262,115,46.6540592851467
Cyanolanius madagascarinus,23234,111,26.6587824925889
Cyanolanius madagascarinus,23236,111,16.2380797407103
Cyanolanius madagascarinus,2568,140,1.10266377710527
Cyanolanius madagascarinus,2605,140,2.02137478975803
Cyanolanius madagascarinus,2606,140,0.826945434479237
Cyanolanius madagascarinus,2695,140,0.367459639964223
Cyanolanius madagascarinus,2710,140,0.275586929093957
Cyanolanius madagascarinus,2714,140,1.46972063059181
Cyanolanius madagascarinus,2715,140,0.275577679304183
Cyanolanius madagascarinus,23330,140,1.10266607838708
Cyanolanius madagascarinus,23331,140,9.73881683759956
Cyanolanius madagascarinus,23336,140,30.0296278397191
Cyanolanius madagascarinus,197,35,57.8717585106773
Cyanolanius madagascarinus,22700,35,29.3167998436829
Cyanolanius madagascarinus,16572,84,95.5966246090985
Cyanolanius madagascarinus,23278,84,0.446690589020967
Cyanolanius madagascarinus,22980,118,27.2715936270507
Cyanolanius madagascarinus,22981,118,29.4123165165292
Cyanolanius madagascarinus,22982,118,27.6594821549596
Cyanolanius madagascarinus,22983,118,11.7562021209623
Cyanolanius madagascarinus,22984,118,13.4738257842991
Cyanolanius madagascarinus,23406,118,0.259287194254398
Cyanolanius madagascarinus,14831,119,17.4667180712485
Cyanolanius madagascarinus,23163,125,29.274766839554
Cyanolanius madagascarinus,23170,125,4.87570953246022
Cyanolanius madagascarinus,23285,125,6.82379882420909
Cyanolanius madagascarinus,23408,125,23.7666194395043
Cyanolanius madagascarinus,21539,129,19.2122661348475
Cyanolanius madagascarinus,23194,129,18.148249547828
Cyanolanius madagascarinus,5852,130,58.5835993688454
Cyanolanius madagascarinus,5900,130,0.364940765320301
Cyanolanius madagascarinus,23395,130,31.7616470487364
Cyanolanius madagascarinus,23398,130,25.4575989942786
Cyanolanius madagascarinus,2556,131,50.551453219145
Cyanolanius madagascarinus,23349,131,105.02396653668
Cyanolanius madagascarinus,23350,131,77.941507276654
Cyanolanius madagascarinus,23352,131,124.088483499845
Cyanolanius madagascarinus,23354,131,62.2582651923038
Cyanolanius madagascarinus,23358,131,6.25186649493641
Cyanolanius madagascarinus,23361,131,43.9123990712638
Cyanolanius madagascarinus,23414,131,0.276032375240743
Cyanolanius madagascarinus,23416,131,29.8748831680267
Cyanolanius madagascarinus,23417,131,1.47043301236653
Cyanolanius madagascarinus,23418,131,28.7459032692887
Cyanolanius madagascarinus,23419,131,27.545424416823
Cyanolanius madagascarinus,7993,143,211.697744572212
Cyanolanius madagascarinus,23289,144,162.094219258716
Cyanolanius madagascarinus,23390,144,31.6875166683302
Cyanolanius madagascarinus,23384,145,23.6784079112986
Cyanolanius madagascarinus,23385,145,16.6035814809212
Cyanolanius madagascarinus,23386,145,19.4429561790174
Cyanolanius madagascarinus,23388,145,19.0670525600537
Cyanolanius madagascarinus,23288,138,18.8183790778868
Cyanolanius madagascarinus,23412,138,2.11083364651418
Cyanolanius madagascarinus,15472,141,86.2629835085398
Cyanolanius madagascarinus,23404,141,0.536578449850679
Cyanolanius madagascarinus,23256,142,16.0995421292329
Cyanolanius madagascarinus,23368,142,56.0661895643025
Cyanolanius madagascarinus,23372,142,19.5664778138609
Cyanolanius madagascarinus,23373,142,24.5940684182199
Cyanolanius madagascarinus,23374,142,22.4907523126593
Cyanolanius madagascarinus,23375,142,2.2857108314302
Daubentonia madagascariensis,2921,37,46.2946167010278
Daubentonia madagascariensis,5486,178,27.3374724883393
Daubentonia madagascariensis,5488,178,24.3872932737225
Daubentonia madagascariensis,717,167,50.551453219145
Daubentonia madagascariensis,727,179,1.10266377710527
Daubentonia madagascariensis,728,179,1.10266607838708
Daubentonia madagascariensis,737,179,9.73881683760441
Daubentonia madagascariensis,740,179,2.02137478975803
Daubentonia madagascariensis,741,179,0.826945434479237
Daubentonia madagascariensis,774,179,1.46972063059181
Daubentonia madagascariensis,822,179,30.0296278397191
Daubentonia madagascariensis,28,1,57.8717585106773
Daubentonia madagascariensis,5437,172,162.094219258716
Echinops telfairi,279,45,29.1594029263307
Echinops telfairi,88,15,9.25542923517722
Echinops telfairi,89,15,1.48074673073471
Echinops telfairi,90,15,1.48068535666716
Echinops telfairi,91,15,0.277623898765862
Echinops telfairi,7318,667,46.6540592851467
Echinops telfairi,7812,660,114.365959897449
Echinops telfairi,5677,395,52.9723472372599
Echinops telfairi,1347,590,31.7616470487364
Echinops telfairi,7813,731,25.4575989942786
Echinops telfairi,6604,634,31.4426003062769
Echinops telfairi,7827,732,12.7629415674419
Echinops telfairi,3689,659,17.4667180712485
Echinops telfairi,7412,716,68.9415191745416
Echinops telfairi,7829,716,7.82027605935955
Echinops telfairi,7830,716,6.16877974064255
Echinops telfairi,3955,730,86.2629835085398
Eliurus majori,9335,557,29.4123165165292
Eliurus majori,9412,558,27.2715936270507
Eliurus majori,9644,614,26.6587824925889
Eliurus majori,9646,614,16.2380797407103
Eliurus majori,787,622,1.10266377710527
Eliurus majori,792,622,0.183781132994473
Eliurus majori,813,622,2.02137478975803
Eliurus majori,814,622,0.826945434479237
Eliurus majori,868,622,0.367459639964223
Eliurus majori,878,622,0.183724619395971
Eliurus majori,879,622,0.275586929093957
Eliurus majori,889,622,1.46972063059181
Eliurus majori,890,622,0.275577679304183
Eliurus majori,9665,622,1.10266607838708
Eliurus majori,9666,622,9.73881683759956
Eliurus majori,9671,622,30.0296278397191
Eliurus majori,9672,622,0.18370726844728
Eliurus majori,778,628,50.551453219145
Eliurus majori,3,1,29.3167998436829
Eliurus majori,9340,636,28.8450665179954
Eliurus majori,9415,556,13.4738257842991
Eliurus majori,9413,559,27.6594821549596
Eliurus majori,9414,560,11.7562021209623
Eliurus majori,8194,603,19.2122661348475
Eliurus majori,9623,637,18.148249547828
Eliurus majori,9506,604,6.82379882420909
Eliurus majori,9653,618,113.750610530536
Eliurus majori,9609,621,29.274766839554
Eliurus majori,9656,638,23.7666194395043
Eliurus majori,1296,629,211.697744572212
Eliurus majori,9676,632,105.02396653668
Eliurus majori,9677,632,77.941507276654
Eliurus majori,9679,633,124.088483499845
Eliurus majori,9691,633,0.0920119200412631
Eliurus majori,9692,633,0.276032375240743
Eliurus majori,9693,633,0.0920085345218182
Eliurus majori,9681,634,62.2582651923038
Eliurus majori,9694,639,29.8748831680267
Eliurus majori,9685,635,6.25186649493641
Eliurus minor,202,49,43.0377824654073
Eliurus minor,213,49,1.48074673073471
Eliurus minor,214,49,1.66577102635694
Eliurus minor,215,49,0.277623898765862
Eliurus minor,9974,1827,27.2715936270507
Eliurus minor,9975,1828,29.4123165165292
Eliurus minor,10211,1899,16.2380797407103
Eliurus minor,10209,1897,26.6587824925889
Eliurus minor,1274,1932,1.10266377710527
Eliurus minor,1300,1932,0.826945434479237
Eliurus minor,1340,1932,0.367459639964223
Eliurus minor,10285,1932,9.73881683759956
Eliurus minor,1356,1933,1.46972063059181
Eliurus minor,10290,1933,30.0296278397191
Eliurus minor,10291,1933,0.18370726844728
Eliurus minor,1269,1651,50.551453219145
Eliurus minor,10322,1956,19.5664778138609
Eliurus minor,10324,1957,22.4907523126593
Eliurus minor,83,6,57.8717585106773
Eliurus minor,9786,1958,29.3167998436829
Eliurus minor,2619,415,14.8757578723696
Eliurus minor,6036,981,56.1952981718971
Eliurus minor,10347,981,0.0894990973969698
Eliurus minor,10348,981,0.089497572085619
Eliurus minor,10349,981,0.0894960465672016
Eliurus minor,10146,1709,29.274766839554
Eliurus minor,10153,1959,4.87570953246022
Eliurus minor,10354,1959,0.0886616954565048
Eliurus minor,10353,1960,23.7666194395043
Eliurus minor,9978,1826,13.4738257842991
Eliurus minor,9976,1829,27.6594821549596
Eliurus minor,9977,1830,11.7562021209623
Eliurus minor,9220,1879,19.2122661348475
Eliurus minor,10170,1961,18.148249547828
Eliurus minor,10232,1905,16.0995421292329
Eliurus minor,10248,1912,6.82379882420909
Eliurus minor,10255,1923,18.8183790778868
Eliurus minor,3138,1935,211.697744572212
Eliurus minor,10256,1937,162.094219258716
Eliurus minor,10299,1942,105.02396653668
Eliurus minor,10300,1942,77.941507276654
Eliurus minor,10302,1943,124.088483499845
Eliurus minor,10358,1943,0.0920119200412631
Eliurus minor,10359,1943,0.276032375240743
Eliurus minor,10360,1943,0.0920085345218182
Eliurus minor,10304,1944,62.2582651923038
Eliurus minor,10311,1962,43.9123990712638
Eliurus minor,10361,1963,29.8748831680267
Eliurus minor,10363,1964,28.7459032692887
Eliurus minor,10364,1965,27.545424416823
Eliurus minor,10308,1945,6.25186649493641
Eliurus minor,10332,1946,23.6784079112986
Eliurus minor,10333,1947,16.6035814809212
Eliurus minor,10334,1966,19.4429561790174
Eliurus minor,10365,1966,0.0917031464005113
Eliurus minor,10336,1948,19.0670525600537
Eliurus minor,10338,1949,31.6875166683302
Eliurus minor,10318,1954,56.0661895643025
Eliurus minor,10323,1967,24.5940684182199
Eliurus myoxinus,318,29,0.370271373195231
Eliurus myoxinus,320,29,0.462834125284791
Eliurus myoxinus,325,29,43.0377824654073
Eliurus myoxinus,326,29,0.18513059458977
Eliurus myoxinus,340,29,1.48074673073471
Eliurus myoxinus,341,29,1.66577102635694
Eliurus myoxinus,343,29,0.277623898765862
Eliurus myoxinus,345,29,0.277610584835947
Eliurus myoxinus,24768,1892,27.2715936270507
Eliurus myoxinus,24769,1893,29.4123165165292
Eliurus myoxinus,12552,1896,46.6540592851467
Eliurus myoxinus,24891,1896,0.0899356091371775
Eliurus myoxinus,24892,1896,0.0899341444739103
Eliurus myoxinus,24893,1896,0.0899326796025038
Eliurus myoxinus,24894,1896,0.0898650706012249
Eliurus myoxinus,24895,1896,0.0898635959522724
Eliurus myoxinus,24896,1896,0.0898621210949421
Eliurus myoxinus,24934,1962,26.6587824925889
Eliurus myoxinus,24936,1962,16.2380797407103
Eliurus myoxinus,2410,1982,1.10266377710527
Eliurus myoxinus,2419,1982,0.183781132994473
Eliurus myoxinus,2446,1982,2.02137478975803
Eliurus myoxinus,2447,1982,0.826945434479237
Eliurus myoxinus,2525,1982,0.367459639964223
Eliurus myoxinus,2537,1982,0.183724619395971
Eliurus myoxinus,2538,1982,0.275586929093957
Eliurus myoxinus,2546,1982,1.46972063059181
Eliurus myoxinus,2547,1982,0.275577679304183
Eliurus myoxinus,25008,1982,1.10266607838708
Eliurus myoxinus,25009,1982,9.73881683759956
Eliurus myoxinus,25014,1982,30.0296278397191
Eliurus myoxinus,25015,1982,0.18370726844728
Eliurus myoxinus,2399,1790,50.551453219145
Eliurus myoxinus,25041,1820,114.365959897449
Eliurus myoxinus,69,2,57.8717585106773
Eliurus myoxinus,25068,2,0.0927427567195296
Eliurus myoxinus,25069,2,0.0927417757584453
Eliurus myoxinus,25070,2,0.0927240819920898
Eliurus myoxinus,24543,2004,29.3167998436829
Eliurus myoxinus,17026,887,4.87570953246022
Eliurus myoxinus,25081,887,0.0886616954565048
Eliurus myoxinus,21382,916,19.2122661348475
Eliurus myoxinus,20279,1067,52.9723472372599
Eliurus myoxinus,25082,1067,0.0876808440184593
Eliurus myoxinus,22891,1766,68.9415191745416
Eliurus myoxinus,25084,1766,7.82027605935955
Eliurus myoxinus,25085,1766,6.16877974064255
Eliurus myoxinus,13902,1819,17.4667180712485
Eliurus myoxinus,5192,1866,58.5835993688454
Eliurus myoxinus,5247,1866,0.364940765320301
Eliurus myoxinus,25071,2005,31.7616470487364
Eliurus myoxinus,25074,2006,25.4575989942786
Eliurus myoxinus,24772,1891,13.4738257842991
Eliurus myoxinus,24770,1894,27.6594821549596
Eliurus myoxinus,24771,1895,11.7562021209623
Eliurus myoxinus,24951,1966,16.0995421292329
Eliurus myoxinus,24940,1980,162.094219258716
Eliurus myoxinus,7422,1985,211.697744572212
Eliurus myoxinus,24994,1986,28.7459032692887
Eliurus myoxinus,25033,2007,62.2582651923038
Eliurus myoxinus,25089,2008,4.13464996355617
Eliurus myoxinus,25095,2009,29.8748831680267
Eliurus myoxinus,25027,1990,57.4365930851843
Eliurus myoxinus,25028,1990,77.941507276654
Eliurus myoxinus,25029,2010,28.9945355610379
Eliurus myoxinus,25031,1991,124.088483499845
Eliurus myoxinus,25092,1991,0.0920119200412631
Eliurus myoxinus,25093,1991,0.276032375240743
Eliurus myoxinus,25094,1991,0.0920085345218182
Eliurus myoxinus,25037,1992,6.25186649493641
Eliurus myoxinus,25065,1997,56.0661895643025
Eliurus myoxinus,25066,2011,24.5940684182199
Eliurus myoxinus,25056,1998,23.6784079112986
Eliurus myoxinus,25057,1999,16.6035814809212
Eliurus myoxinus,25058,2012,19.4429561790174
Eliurus myoxinus,25097,2012,0.0917031464005113
Eliurus myoxinus,25060,2001,19.0670525600537
Eliurus myoxinus,14713,2003,86.2629835085398
Eliurus myoxinus,25077,2003,0.0894990973969698
Eliurus myoxinus,25078,2003,0.089497572085619
Eliurus myoxinus,25079,2003,0.0894960465672016
Eliurus tanala,11357,726,29.4123165165292
Eliurus tanala,11451,727,27.2715936270507
Eliurus tanala,11636,779,26.6587824925889
Eliurus tanala,11637,779,16.2380797407103
Eliurus tanala,969,705,50.551453219145
Eliurus tanala,979,797,1.10266377710527
Eliurus tanala,986,797,0.183781132994473
Eliurus tanala,1014,797,2.02137478975803
Eliurus tanala,1015,797,0.826945434479237
Eliurus tanala,1080,797,0.367459639964223
Eliurus tanala,1091,797,0.183724619395971
Eliurus tanala,1092,797,0.275586929093957
Eliurus tanala,1098,797,1.46972063059181
Eliurus tanala,1099,797,0.275577679304183
Eliurus tanala,11669,797,1.10266607838708
Eliurus tanala,11670,797,9.73881683759956
Eliurus tanala,11675,797,30.0296278397191
Eliurus tanala,11676,797,0.18370726844728
Eliurus tanala,7,1,29.3167998436829
Eliurus tanala,12,715,3.89408806911629
Eliurus tanala,11697,715,0.556330699643254
Eliurus tanala,11454,725,13.4738257842991
Eliurus tanala,11452,728,27.6594821549596
Eliurus tanala,11453,729,11.7562021209623
Eliurus tanala,11597,749,29.274766839554
Eliurus tanala,11604,798,4.87570953246022
Eliurus tanala,11704,798,0.0886616954565048
Eliurus tanala,11703,799,23.7666194395043
Eliurus tanala,10785,770,19.2122661348475
Eliurus tanala,11615,800,18.148249547828
Eliurus tanala,11649,783,19.4429561790174
Eliurus tanala,11705,783,0.0917031464005113
Eliurus tanala,11652,784,132.337187055582
Eliurus tanala,11657,788,6.82379882420909
Eliurus tanala,1592,789,211.697744572212
Eliurus tanala,11684,793,105.02396653668
Eliurus tanala,11685,793,77.941507276654
Eliurus tanala,11687,794,124.088483499845
Eliurus tanala,11706,794,0.0920119200412631
Eliurus tanala,11707,794,0.276032375240743
Eliurus tanala,11708,794,0.0920085345218182
Eliurus tanala,11689,795,62.2582651923038
Eliurus tanala,11696,801,4.13464996355617
Eliurus tanala,11709,802,29.8748831680267
Eliurus tanala,11693,796,6.25186649493641
Eliurus webbi,14838,870,27.2715936270507
Eliurus webbi,14839,871,29.4123165165292
Eliurus webbi,15054,927,26.6587824925889
Eliurus webbi,15056,927,16.2380797407103
Eliurus webbi,1416,674,50.551453219145
Eliurus webbi,15169,963,19.5664778138609
Eliurus webbi,15171,964,22.4907523126593
Eliurus webbi,1428,971,1.10266377710551
Eliurus webbi,1429,971,0.183781132994473
Eliurus webbi,1449,971,2.02137478975803
Eliurus webbi,1450,971,0.826945434479237
Eliurus webbi,1499,971,0.367459639964223
Eliurus webbi,1508,971,0.183724619395971
Eliurus webbi,1509,971,0.275586929093957
Eliurus webbi,1514,971,1.46972063059181
Eliurus webbi,1515,971,0.275577679304183
Eliurus webbi,15134,971,1.10266607838708
Eliurus webbi,15135,971,9.73881683759956
Eliurus webbi,15140,971,30.0296278397191
Eliurus webbi,15141,971,0.18370726844728
Eliurus webbi,14842,869,13.4738257842991
Eliurus webbi,14840,872,27.6594821549596
Eliurus webbi,14841,873,11.7562021209623
Eliurus webbi,15001,897,29.274766839554
Eliurus webbi,15008,972,4.87570953246022
Eliurus webbi,15192,972,0.0886616954565048
Eliurus webbi,15191,973,23.7666194395043
Eliurus webbi,13645,918,19.2122661348475
Eliurus webbi,15024,974,18.148249547828
Eliurus webbi,15092,937,6.82379882420909
Eliurus webbi,15094,940,18.8183790778868
Eliurus webbi,15193,940,0.0917843872631192
Eliurus webbi,15194,940,0.0917832170488834
Eliurus webbi,3597,951,211.697744572212
Eliurus webbi,15076,953,16.0995421292329
Eliurus webbi,15095,954,162.094219258716
Eliurus webbi,15149,958,105.02396653668
Eliurus webbi,15150,958,77.941507276654
Eliurus webbi,15152,959,124.088483499845
Eliurus webbi,15196,959,0.0920119200412631
Eliurus webbi,15197,959,0.276032375240743
Eliurus webbi,15198,959,0.0920085345218182
Eliurus webbi,15154,960,62.2582651923038
Eliurus webbi,15161,975,43.9123990712638
Eliurus webbi,15199,976,29.8748831680267
Eliurus webbi,15201,977,28.7459032692887
Eliurus webbi,15202,978,27.545424416823
Eliurus webbi,15158,961,6.25186649493641
Eliurus webbi,15165,962,56.0661895643025
Eliurus webbi,15170,979,24.5940684182199
Eliurus webbi,15179,966,23.6784079112986
Eliurus webbi,15180,967,16.6035814809212
Eliurus webbi,15181,980,19.4429561790174
Eliurus webbi,15203,980,0.0917031464005113
Eliurus webbi,15183,968,19.0670525600537
Eliurus webbi,15185,969,31.6875166683302
Eremopterix hova,1602,35,31.4426003062769
Eremopterix hova,1603,35,8.63333606819333
Eremopterix hova,1605,35,2.44082853370917
Eremopterix hova,1606,35,3.47957565452278
Eremopterix hova,1608,35,9.56038329291046
Eremopterix hova,1609,35,0.52152061849916
Eremopterix hova,1610,35,8.25182039185715
Eremopterix hova,1611,35,12.7629415674419
Eulemur albifrons,501,6,82.3436727737423
Eulemur albifrons,861,126,45.2219258370937
Eulemur albifrons,870,141,1.10266377710527
Eulemur albifrons,876,141,0.183781132994473
Eulemur albifrons,890,141,2.02137478975803
Eulemur albifrons,891,141,0.826945434479237
Eulemur albifrons,936,141,0.367459639964223
Eulemur albifrons,943,141,0.183724619395971
Eulemur albifrons,944,141,0.275586929093957
Eulemur albifrons,947,141,1.46972063059181
Eulemur albifrons,948,141,0.275577679304183
Eulemur albifrons,1014,141,30.0296278397191
Eulemur albifrons,4576,141,1.10266607838708
Eulemur albifrons,4577,141,9.73881683759956
Eulemur albifrons,4580,141,0.18370726844728
Eulemur albifrons,4522,91,105.02396653668
Eulemur albifrons,4588,91,24.3872932737225
Eulemur albifrons,1682,130,23.6784079112986
Eulemur albifrons,4572,138,58.6054087219563
Eulemur albifrons,4513,140,105.235974233459
Eulemur albifrons,4597,140,0.276032375240743
Eulemur albifrons,4546,144,43.9123990712638
Eulemur albifrons,4599,144,28.7459032692887
Eulemur albifrons,4600,144,27.545424416823
Eulemur albifrons,4547,145,18.8183790778868
Eulemur albifrons,4603,145,2.11083364651418
Eulemur albifrons,4562,146,162.094219258716
Eulemur albifrons,4564,148,31.6875166683302
Eulemur albifrons,4582,149,16.6035814809212
Eulemur albifrons,4589,150,56.0661895643025
Eulemur albifrons,4593,151,19.5664778138609
Eulemur albifrons,4594,151,22.4907523126593
Eulemur albifrons,4595,151,2.2857108314302
Eulemur collaris,1411,49,29.4123165165292
Eulemur collaris,1419,51,27.6594821549596
Eulemur collaris,455,68,32.5536096187775
Eulemur collaris,496,68,29.8748831680267
Eulemur collaris,1462,68,29.159402926331
Eulemur collaris,1466,68,18.8525092663866
Eulemur collaris,1467,68,6.25186649493641
Eulemur collaris,1448,71,13.4738257842991
Eulemur collaris,1450,75,17.8628102375012
Eulemur collaris,1451,79,26.9068889897869
Eulemur collaris,1470,79,19.1627172271797
Eulemur collaris,1471,79,2.57936223117161
Eulemur collaris,1472,79,26.9873804763462
Eulemur collaris,414,84,54.2037306260302
Eulemur collaris,457,84,23.2776854782997
Eulemur collaris,1460,84,57.4365930851843
Eulemur coronatus,463,177,0.370271373195231
Eulemur coronatus,465,177,0.462834125284791
Eulemur coronatus,468,177,43.0377824654073
Eulemur coronatus,469,177,0.18513059458977
Eulemur coronatus,483,177,1.48074673073471
Eulemur coronatus,484,177,1.66577102635694
Eulemur coronatus,486,177,0.277623898765862
Eulemur coronatus,488,177,0.277610584835947
Eulemur coronatus,6561,171,20.4014147301714
Eulemur coronatus,11334,452,27.3374724883393
Eulemur coronatus,11336,452,24.3872932737225
Eulemur coronatus,210,5,57.8717585106773
Eulemur coronatus,11184,5,29.3167998436829
Eulemur coronatus,3206,64,24.5940684182199
Eulemur coronatus,7445,121,17.4667180712485
Eulemur coronatus,11067,164,11.7562021209623
Eulemur coronatus,11344,164,0.259287194254398
Eulemur coronatus,2035,380,97.7360435528609
Eulemur coronatus,7573,441,2.86430954257846
Eulemur coronatus,7649,441,74.448483731532
Eulemur coronatus,11293,446,31.6875166683302
Eulemur coronatus,11337,453,16.6035814809212
Eulemur fulvus,468,186,0.370271373195231
Eulemur fulvus,470,186,0.462834125284791
Eulemur fulvus,473,186,43.0377824654073
Eulemur fulvus,474,186,0.18513059458977
Eulemur fulvus,494,186,1.48074673073471
Eulemur fulvus,497,186,1.66577102635694
Eulemur fulvus,501,186,0.277623898765862
Eulemur fulvus,504,186,0.277610584835947
Eulemur fulvus,32567,565,27.2715936270507
Eulemur fulvus,32568,566,29.4123165165292
Eulemur fulvus,18949,559,46.6540592851467
Eulemur fulvus,32840,606,26.6587824925889
Eulemur fulvus,32842,606,16.2380797407103
Eulemur fulvus,2782,593,50.551453219145
Eulemur fulvus,2793,626,1.10266377710527
Eulemur fulvus,2804,626,0.183781132994473
Eulemur fulvus,2841,626,2.02137478975803
Eulemur fulvus,2842,626,0.826945434479237
Eulemur fulvus,2951,626,0.367459639964223
Eulemur fulvus,2967,626,0.183724619395971
Eulemur fulvus,2968,626,0.275586929093957
Eulemur fulvus,2975,626,1.46972063059181
Eulemur fulvus,2976,626,0.275577679304183
Eulemur fulvus,32926,626,1.10266607838708
Eulemur fulvus,32927,626,9.73881683759956
Eulemur fulvus,32932,626,30.0296278397191
Eulemur fulvus,32933,626,0.18370726844728
Eulemur fulvus,221,185,57.8717585106773
Eulemur fulvus,32299,185,29.3167998436829
Eulemur fulvus,23410,327,86.2629835085398
Eulemur fulvus,32886,627,0.446690589020967
Eulemur fulvus,32955,627,113.38259594359
Eulemur fulvus,21117,523,17.4667180712485
Eulemur fulvus,7428,551,58.5835993688454
Eulemur fulvus,7462,551,0.364940765320301
Eulemur fulvus,32992,551,0.182548627367735
Eulemur fulvus,32990,628,31.7616470487364
Eulemur fulvus,32993,628,25.4575989942786
Eulemur fulvus,32571,564,13.4738257842991
Eulemur fulvus,32569,567,27.6594821549596
Eulemur fulvus,32570,568,11.7562021209623
Eulemur fulvus,33001,568,0.259287194254398
Eulemur fulvus,32758,577,29.274766839554
Eulemur fulvus,32765,577,4.87570953246022
Eulemur fulvus,33003,577,23.7666194395043
Eulemur fulvus,30545,591,19.2122661348475
Eulemur fulvus,32802,591,18.148249547828
Eulemur fulvus,11143,613,211.697744572212
Eulemur fulvus,32941,629,105.02396653668
Eulemur fulvus,32942,629,77.941507276654
Eulemur fulvus,32861,615,16.0995421292329
Eulemur fulvus,32897,616,13.2186397100113
Eulemur fulvus,32898,617,162.094219258716
Eulemur fulvus,32944,619,124.088483499845
Eulemur fulvus,32946,619,62.2582651923038
Eulemur fulvus,32950,619,6.25186649493641
Eulemur fulvus,33006,619,0.276032375240743
Eulemur fulvus,33008,619,29.8748831680267
Eulemur fulvus,32953,630,43.9123990712638
Eulemur fulvus,33010,630,28.7459032692887
Eulemur fulvus,33011,630,27.545424416823
Eulemur fulvus,32967,620,56.0661895643025
Eulemur fulvus,32972,620,24.5940684182199
Eulemur fulvus,32971,621,19.5664778138609
Eulemur fulvus,32973,621,22.4907523126593
Eulemur fulvus,32974,621,2.2857108314302
Eulemur fulvus,32979,622,23.6784079112986
Eulemur fulvus,32980,623,16.6035814809212
Eulemur fulvus,32981,631,19.4429561790174
Eulemur fulvus,32983,624,19.0670525600537
Eulemur fulvus,32985,625,31.6875166683302
Eulemur macaco,800,170,1.10266377710527
Eulemur macaco,803,170,0.183781132994473
Eulemur macaco,807,170,2.02137478975803
Eulemur macaco,808,170,0.826945434479237
Eulemur macaco,814,170,0.367459639964223
Eulemur macaco,817,170,0.183724619395971
Eulemur macaco,818,170,0.275586929093957
Eulemur macaco,820,170,1.46972063059181
Eulemur macaco,821,170,0.275577679304183
Eulemur macaco,8341,170,1.10266607838708
Eulemur macaco,8342,170,9.73881683759956
Eulemur macaco,8345,170,30.0296278397191
Eulemur macaco,8346,170,0.18370726844728
Eulemur macaco,1034,13,47.9091499661826
Eulemur macaco,7128,197,29.274766839554
Eulemur macaco,8284,197,4.87570953246022
Eulemur macaco,8349,197,23.7666194395043
Eulemur macaco,8324,229,6.82379882420909
Eulemur macaco,8298,221,19.2122661348475
Eulemur macaco,8301,221,18.148249547828
Eulemur macaco,776,222,211.697744572212
Eulemur macaco,8331,230,105.02396653668
Eulemur macaco,8332,230,77.941507276654
Eulemur macaco,8334,228,122.065506818785
Eulemur macaco,8336,228,62.2582651923038
Eulemur macaco,8340,228,6.25186649493641
Eulemur macaco,8352,228,0.276032375240743
Eulemur mongoz,248,41,14.8774610751529
Eulemur mongoz,252,42,58.5835993688454
Eulemur mongoz,266,42,0.364940765320301
Eulemur mongoz,269,43,25.4575989942786
Eulemur rubriventer,359,15,0.370271373195231
Eulemur rubriventer,361,15,0.462834125284791
Eulemur rubriventer,364,15,43.0377824654073
Eulemur rubriventer,365,15,0.18513059458977
Eulemur rubriventer,378,15,1.48074673073471
Eulemur rubriventer,379,15,1.66577102635694
Eulemur rubriventer,381,15,0.277623898765862
Eulemur rubriventer,383,15,0.277610584835947
Eulemur rubriventer,23410,725,27.2715936270507
Eulemur rubriventer,23411,726,29.4123165165292
Eulemur rubriventer,11697,152,20.4014147301714
Eulemur rubriventer,23641,775,26.6587824925889
Eulemur rubriventer,23643,775,16.2380797407103
Eulemur rubriventer,2308,764,50.551453219145
Eulemur rubriventer,2321,797,1.10266377710527
Eulemur rubriventer,2330,797,0.183781132994473
Eulemur rubriventer,2364,797,2.02137478975803
Eulemur rubriventer,2365,797,0.826945434479237
Eulemur rubriventer,2465,797,0.367459639964223
Eulemur rubriventer,2479,797,0.183724619395971
Eulemur rubriventer,2480,797,0.275586929093957
Eulemur rubriventer,2487,797,1.46972063059181
Eulemur rubriventer,2488,797,0.275577679304183
Eulemur rubriventer,23726,797,1.10266607838708
Eulemur rubriventer,23727,797,9.73881683759956
Eulemur rubriventer,23732,797,30.0296278397191
Eulemur rubriventer,23733,797,0.18370726844728
Eulemur rubriventer,131,4,57.8717585106773
Eulemur rubriventer,23192,4,29.3167998436829
Eulemur rubriventer,13801,475,76.9582211732747
Eulemur rubriventer,4877,708,58.5835993688454
Eulemur rubriventer,4908,708,0.364940765320301
Eulemur rubriventer,23782,708,0.182548627367735
Eulemur rubriventer,23414,724,13.4738257842991
Eulemur rubriventer,23412,727,27.6594821549596
Eulemur rubriventer,23413,728,11.7562021209623
Eulemur rubriventer,23789,728,0.259287194254398
Eulemur rubriventer,23576,740,29.274766839554
Eulemur rubriventer,23583,740,4.87570953246022
Eulemur rubriventer,23791,740,23.7666194395043
Eulemur rubriventer,23687,798,6.82379882420909
Eulemur rubriventer,21773,757,19.2122661348475
Eulemur rubriventer,23613,757,18.148249547828
Eulemur rubriventer,6059,784,211.697744572212
Eulemur rubriventer,23741,799,105.02396653668
Eulemur rubriventer,23742,799,77.941507276654
Eulemur rubriventer,23662,786,16.0995421292329
Eulemur rubriventer,23696,787,18.8183790778868
Eulemur rubriventer,23697,788,162.094219258716
Eulemur rubriventer,23744,790,124.088483499845
Eulemur rubriventer,23746,790,62.2582651923038
Eulemur rubriventer,23750,790,6.25186649493641
Eulemur rubriventer,23797,790,0.276032375240743
Eulemur rubriventer,23799,790,29.8748831680267
Eulemur rubriventer,23753,800,43.9123990712638
Eulemur rubriventer,23801,800,28.7459032692887
Eulemur rubriventer,23802,800,27.545424416823
Eulemur rubriventer,23760,791,56.0661895643025
Eulemur rubriventer,23761,791,24.5940684182199
Eulemur rubriventer,23770,793,23.6784079112986
Eulemur rubriventer,23771,794,16.6035814809212
Eulemur rubriventer,23772,801,19.4429561790174
Eulemur rubriventer,23774,795,19.0670525600537
Eulemur rubriventer,23776,796,31.6875166683302
Eulemur rufifrons,157,9,38.8725107153612
Eulemur rufifrons,166,9,1.48074673073471
Eulemur rufifrons,167,9,1.66577102635694
Eulemur rufifrons,172,9,0.277623898765862
Eulemur rufifrons,174,9,0.277610584835947
Eulemur rufifrons,18414,520,27.2715936270507
Eulemur rufifrons,18415,521,29.4123165165292
Eulemur rufifrons,7946,514,46.6540592851467
Eulemur rufifrons,284,551,16.2380797407103
Eulemur rufifrons,18668,27,29.8748831680267
Eulemur rufifrons,782,32,19.4429561790174
Eulemur rufifrons,14584,185,52.9723472372599
Eulemur rufifrons,1968,285,24.5940684182199
Eulemur rufifrons,17104,444,68.9415191745416
Eulemur rufifrons,18699,444,0.608441640821219
Eulemur rufifrons,18700,444,7.82027605935955
Eulemur rufifrons,18701,444,6.16877974064255
Eulemur rufifrons,8679,473,17.4667180712485
Eulemur rufifrons,9524,474,86.2629835085398
Eulemur rufifrons,18660,565,0.446690589020967
Eulemur rufifrons,18688,565,114.365959897449
Eulemur rufifrons,2751,504,58.5835993688454
Eulemur rufifrons,18302,504,0.364940765320301
Eulemur rufifrons,18690,566,31.7616470487364
Eulemur rufifrons,18693,566,25.4575989942786
Eulemur rufifrons,49,509,12.7113015768179
Eulemur rufifrons,18418,519,13.4738257842991
Eulemur rufifrons,18416,522,27.6594821549596
Eulemur rufifrons,18417,523,11.7562021209623
Eulemur rufifrons,18703,523,0.259287194254398
Eulemur rufifrons,18580,537,29.274766839554
Eulemur rufifrons,18587,537,4.87570953246022
Eulemur rufifrons,18705,537,23.7666194395043
Eulemur rufifrons,15618,550,19.2122661348475
Eulemur rufifrons,18606,550,18.148249547828
Eulemur rufifrons,18686,562,19.0670525600537
Eulemur rufifrons,413,564,51.0407921180598
Eulemur rufifrons,416,564,0.367843747830391
Eulemur rufus,13520,473,29.4123165165292
Eulemur rufus,13837,474,27.2715936270507
Eulemur rufus,13586,468,46.2946167010278
Eulemur rufus,12161,218,52.9723472372599
Eulemur rufus,356,333,0.184211880049229
Eulemur rufus,13990,333,75.8225440330549
Eulemur rufus,458,505,53.5542140029307
Eulemur rufus,13617,445,9.48729912717651
Eulemur rufus,13840,457,13.4738257842991
Eulemur rufus,2547,458,58.5835993688454
Eulemur rufus,2570,458,0.364940765320301
Eulemur rufus,14002,458,0.182548627367735
Eulemur rufus,14000,506,31.7616470487364
Eulemur rufus,14003,506,25.4575989942786
Eulemur rufus,7167,471,17.4667180712485
Eulemur rufus,13838,475,27.6594821549596
Eulemur rufus,13839,476,11.7562021209623
Eulemur rufus,14014,476,0.259287194254398
Eulemur rufus,10955,489,29.274766839554
Eulemur rufus,13939,489,4.87570953246022
Eulemur rufus,14004,489,23.7666194395043
Eulemur rufus,12007,497,19.2122661348475
Eulemur rufus,13957,497,18.148249547828
Eulemur rufus,8024,501,39.6765609947187
Eulemur rufus,13795,501,28.8514752628771
Eulemur rufus,13973,501,0.446690589020967
Eulemur rufus,384,503,30.0991205968451
Eulemur rufus,13995,504,62.2582651923038
Eulemur rufus,13998,504,18.8525092663866
Eulemur rufus,13999,504,6.25186649493641
Eulemur rufus,14020,504,29.8748831680267
Eulemur sanfordi,172,76,0.370271373195231
Eulemur sanfordi,174,76,0.462834125284791
Eulemur sanfordi,176,76,43.0377824654073
Eulemur sanfordi,177,76,0.18513059458977
Eulemur sanfordi,183,76,1.48074673073471
Eulemur sanfordi,184,76,1.66577102635694
Eulemur sanfordi,185,76,0.277623898765862
Eulemur sanfordi,186,76,0.277610584835947
Eulemur sanfordi,2624,133,46.6540592851467
Eulemur sanfordi,1112,135,43.707841496476
Eulemur sanfordi,2918,135,0.364940765320301
Eulemur sanfordi,2919,136,31.7616470487364
Eulemur sanfordi,2920,136,25.4575989942786
Euryceros prevostii,1,1,24.6990569160829
Euryceros prevostii,7,3,31.6875166683323
Euryceros prevostii,11,3,22.4907523126593
Euryceros prevostii,53,3,16.0995421292329
Euryceros prevostii,63,3,19.5664778138609
Euryceros prevostii,64,3,2.2857108314302
Falco zoniventris,55,1,16.2380797407139
Falco zoniventris,86,1,50.551453219145
Falco zoniventris,185,1,211.697744572212
Falco zoniventris,1436,1,16.0995421292329
Falco zoniventris,1446,1,18.8183790778868
Falco zoniventris,1447,1,162.094219258716
Falco zoniventris,1485,1,9.73881683759956
Falco zoniventris,1490,1,30.0296278397191
Falco zoniventris,1499,1,105.02396653668
Falco zoniventris,1500,1,77.941507276654
Falco zoniventris,1502,1,74.9572654415728
Falco zoniventris,1504,1,62.2582651923038
Falco zoniventris,1508,1,6.25186649493641
Falco zoniventris,1511,1,43.9123990712638
Falco zoniventris,1533,1,56.0661895643025
Falco zoniventris,1537,1,19.5664778138609
Falco zoniventris,1538,1,24.5940684182199
Falco zoniventris,1539,1,22.4907523126593
Falco zoniventris,1546,1,23.6784079112986
Falco zoniventris,1547,1,16.6035814809212
Falco zoniventris,1548,1,19.4429561790174
Falco zoniventris,1550,1,19.0670525600537
Falco zoniventris,1552,1,31.6875166683302
Falco zoniventris,1558,1,46.7392616649034
Falco zoniventris,1562,1,29.8748831680267
Falco zoniventris,1564,1,28.7459032692887
Falco zoniventris,1565,1,27.545424416823
Falculea palliata,113,31,0.462834125284791
Falculea palliata,116,31,43.0377824654073
Falculea palliata,129,31,1.48074673073471
Falculea palliata,131,31,1.66577102635694
Falculea palliata,1828,7,40.0912567462236
Falculea palliata,595,11,43.707841496476
Falculea palliata,4539,11,25.4575989942786
Falculea palliata,3854,21,68.9415191745416
Falculea palliata,4544,21,0.608441640821219
Falculea palliata,4545,21,7.82027605935955
Falculea palliata,4546,21,6.16877974064255
Falculea palliata,2017,34,17.4667180712485
Falculea palliata,2205,34,86.2629835085398
Falculea palliata,4532,34,0.446690589020967
Falculea palliata,4538,34,114.365959897449
Falculea palliata,4543,34,0.536578449850679
Foudia madagascariensis,783,149,0.370271373195231
Foudia madagascariensis,785,149,0.462834125284791
Foudia madagascariensis,789,149,43.0377824654073
Foudia madagascariensis,790,149,0.18513059458977
Foudia madagascariensis,825,149,1.48074673073471
Foudia madagascariensis,831,149,1.66577102635694
Foudia madagascariensis,838,149,0.277623898765862
Foudia madagascariensis,845,149,0.277610584835947
Foudia madagascariensis,23416,197,46.6540592851467
Foudia madagascariensis,42400,191,26.6587824925889
Foudia madagascariensis,42402,191,16.2380797407103
Foudia madagascariensis,4476,220,1.10266377710527
Foudia madagascariensis,4490,220,0.183781132994473
Foudia madagascariensis,4540,220,2.02137478975803
Foudia madagascariensis,4541,220,0.826945434479237
Foudia madagascariensis,4704,220,0.367459639964223
Foudia madagascariensis,4732,220,0.183724619395971
Foudia madagascariensis,4733,220,0.275586929093957
Foudia madagascariensis,4745,220,1.46972063059181
Foudia madagascariensis,4746,220,0.275577679304183
Foudia madagascariensis,42520,220,1.10266607838708
Foudia madagascariensis,42521,220,9.73881683759956
Foudia madagascariensis,42526,220,30.0296278397191
Foudia madagascariensis,42527,220,0.18370726844728
Foudia madagascariensis,349,50,57.8717585106773
Foudia madagascariensis,41773,50,29.3167998436829
Foudia madagascariensis,24168,112,17.4667180712485
Foudia madagascariensis,39746,158,31.6167790476316
Foudia madagascariensis,42615,158,8.63333606819333
Foudia madagascariensis,42617,158,2.44082853370917
Foudia madagascariensis,41473,233,68.9415191745416
Foudia madagascariensis,42618,233,3.47957565452278
Foudia madagascariensis,42620,233,9.56038329291046
Foudia madagascariensis,42621,233,0.52152061849916
Foudia madagascariensis,42622,233,8.25182039185715
Foudia madagascariensis,42623,233,12.7629415674419
Foudia madagascariensis,42624,233,0.608441640821219
Foudia madagascariensis,42625,233,7.82027605935955
Foudia madagascariensis,42626,233,6.16877974064255
Foudia madagascariensis,42101,201,27.2715936270507
Foudia madagascariensis,42102,201,29.4123165165292
Foudia madagascariensis,42103,201,27.6594821549596
Foudia madagascariensis,42104,201,11.7562021209623
Foudia madagascariensis,42105,201,13.4738257842991
Foudia madagascariensis,42629,201,0.259287194254398
Foudia madagascariensis,42311,213,29.274766839554
Foudia madagascariensis,42318,213,4.87570953246022
Foudia madagascariensis,42469,213,6.82379882420909
Foudia madagascariensis,42631,213,23.7666194395043
Foudia madagascariensis,36074,218,19.2122661348475
Foudia madagascariensis,42350,218,18.148249547828
Foudia madagascariensis,10413,219,0.364940765320301
Foudia madagascariensis,10747,219,58.7661152331824
Foudia madagascariensis,42605,219,32.0354674676601
Foudia madagascariensis,42607,219,0.182548627367735
Foudia madagascariensis,42608,219,25.4575989942786
Foudia madagascariensis,42472,228,18.8183790778868
Foudia madagascariensis,42635,228,2.11083364651418
Foudia madagascariensis,13853,230,211.697744572212
Foudia madagascariensis,41038,234,50.551453219145
Foudia madagascariensis,41934,234,0.368126523456812
Foudia madagascariensis,42539,234,105.02396653668
Foudia madagascariensis,42540,234,77.941507276654
Foudia madagascariensis,42542,234,124.088483499845
Foudia madagascariensis,42544,234,62.2582651923038
Foudia madagascariensis,42548,234,6.25186649493641
Foudia madagascariensis,42551,234,43.9123990712638
Foudia madagascariensis,42637,234,0.276032375240743
Foudia madagascariensis,42639,234,29.8748831680267
Foudia madagascariensis,42640,234,1.47043301236653
Foudia madagascariensis,42641,234,28.7459032692887
Foudia madagascariensis,42642,234,27.545424416823
Foudia madagascariensis,41307,235,66.489778000425
Foudia madagascariensis,42473,236,162.094219258716
Foudia madagascariensis,42600,236,31.6875166683302
Foudia madagascariensis,42594,237,23.6784079112986
Foudia madagascariensis,42595,237,16.6035814809212
Foudia madagascariensis,42596,237,19.4429561790174
Foudia madagascariensis,42598,237,19.0670525600537
Foudia madagascariensis,26786,231,86.2629835085398
Foudia madagascariensis,42452,231,0.446690589020967
Foudia madagascariensis,42553,231,114.365959897449
Foudia madagascariensis,42614,231,0.536578449850679
Foudia madagascariensis,42422,232,16.0995421292329
Foudia madagascariensis,42578,232,56.0661895643025
Foudia madagascariensis,42582,232,19.5664778138609
Foudia madagascariensis,42583,232,24.5940684182199
Foudia madagascariensis,42584,232,22.4907523126593
Foudia madagascariensis,42585,232,2.2857108314302
Foudia omissa,8410,40,26.6587824925889
Foudia omissa,8412,40,16.2380797407103
Foudia omissa,1,1,29.3167998436829
Foudia omissa,8142,1,40.0652894482287
Foudia omissa,927,9,56.0661895643025
Foudia omissa,8480,9,16.0995421292329
Foudia omissa,8481,9,24.5940684182199
Foudia omissa,8482,9,0.64002363332057
Foudia omissa,8483,9,2.2857108314302
Foudia omissa,8502,9,2.74324513354385
Foudia omissa,8109,25,29.4123165165292
Foudia omissa,8198,25,27.2715936270507
Foudia omissa,8199,25,27.6594821549596
Foudia omissa,8200,25,11.7562021209623
Foudia omissa,8507,25,0.259287194254398
Foudia omissa,8353,33,29.274766839554
Foudia omissa,8360,33,4.87570953246022
Foudia omissa,8436,33,6.82379882420909
Foudia omissa,8509,33,23.7666194395043
Foudia omissa,6960,37,19.2122661348475
Foudia omissa,8377,37,18.148249547828
Foudia omissa,879,38,43.9123990712638
Foudia omissa,8488,38,105.02396653668
Foudia omissa,8489,38,77.941507276654
Foudia omissa,8491,38,121.788253211748
Foudia omissa,8493,38,62.2582651923038
Foudia omissa,8497,38,6.25186649493641
Foudia omissa,8503,38,28.7459032692887
Foudia omissa,8504,38,27.545424416823
Foudia omissa,8518,38,29.8748831680267
Foudia omissa,8519,38,1.47043301236653
Foudia omissa,8414,48,211.697744572212
Foudia omissa,691,45,19.0670525600537
Foudia omissa,8478,45,19.4429561790174
Foudia omissa,8437,49,113.750610530536
Foudia omissa,8479,50,31.6875166683302
Foudia omissa,8438,47,18.8183790778868
Foudia omissa,8515,47,2.11083364651418
Gactornis enarratus,1808,7,29.4123165165292
Gactornis enarratus,1833,7,27.2715936270507
Gactornis enarratus,1,1,29.3167998436829
Gactornis enarratus,1818,1,28.8450665179954
Gactornis enarratus,1961,14,29.274766839554
Gactornis enarratus,1968,14,4.87570953246022
Gactornis enarratus,2020,14,6.82379882420909
Gactornis enarratus,2088,14,23.7666194395043
Gactornis enarratus,197,15,211.697744572212
Gactornis enarratus,2005,16,16.0995421292329
Gactornis enarratus,2026,16,162.094219258716
Gactornis enarratus,2052,16,105.02396653668
Gactornis enarratus,2053,16,77.941507276654
Gactornis enarratus,2055,16,61.4532006051214
Gactornis enarratus,2057,16,62.2582651923038
Gactornis enarratus,2060,16,18.8525092663866
Gactornis enarratus,2063,16,6.25186649493641
Gactornis enarratus,2065,16,43.9123990712638
Gactornis enarratus,2066,16,56.0661895643025
Gactornis enarratus,2070,16,19.5664778138609
Gactornis enarratus,2071,16,24.5940684182199
Gactornis enarratus,2072,16,22.4907523126593
Gactornis enarratus,2073,16,2.2857108314302
Gactornis enarratus,2080,16,23.6784079112986
Gactornis enarratus,2081,16,16.6035814809212
Gactornis enarratus,2082,16,19.4429561790174
Gactornis enarratus,2083,16,19.0670525600537
Gactornis enarratus,2085,16,31.6875166683302
Gactornis enarratus,2093,16,29.8748831680267
Gactornis enarratus,2094,16,1.47043301236653
Gactornis enarratus,2095,16,28.7459032692887
Gactornis enarratus,2096,16,27.545424416823
Geobiastes squamiger,8,1,77.6864940483404
Geobiastes squamiger,9,1,23.2776854783
Geobiastes squamiger,11,1,29.7046555735262
Geobiastes squamiger,36,2,31.6875166683302
Geobiastes squamiger,47,2,22.4907523126593
Geobiastes squamiger,68,2,56.0661895643025
Geobiastes squamiger,69,2,24.5940684182199
Geogale aurita,71,20,18.9744048029395
Geogale aurita,79,20,1.48074673073471
Geogale aurita,4006,848,29.4123165165292
Geogale aurita,4412,896,27.2715936270507
Geogale aurita,264,85,82.3436727737423
Geogale aurita,600,919,1.10266377710527
Geogale aurita,615,919,0.826945434479237
Geogale aurita,641,919,0.367459639964223
Geogale aurita,4481,919,9.73881683759956
Geogale aurita,654,920,1.46972063059181
Geogale aurita,4486,920,30.0296278397191
Geogale aurita,4487,920,0.18370726844728
Geogale aurita,2020,361,114.365959897449
Geogale aurita,591,905,50.551453219145
Geogale aurita,11,4,3.89408806911629
Geogale aurita,1810,337,17.4667180712485
Geogale aurita,3032,574,52.9723472372599
Geogale aurita,4493,574,0.0876808440184593
Geogale aurita,3726,704,0.0869155042579174
Geogale aurita,3794,704,24.163776846084
Geogale aurita,4310,704,25.3907382257994
Geogale aurita,4313,883,58.5835993688454
Geogale aurita,4415,895,13.4738257842991
Geogale aurita,4413,897,27.6594821549596
Geogale aurita,4414,898,11.7562021209623
Geogale aurita,608,899,54.2037306260302
Geogale aurita,4466,899,23.2776854782997
Geogale aurita,4476,899,27.3374724883393
Geogale aurita,4429,913,16.8374203794817
Geogale aurita,4499,913,0.0920119200412631
Geogale aurita,4500,913,0.276032375240743
Geogale aurita,4501,913,0.0920085345218182
Geogale aurita,601,924,74.9572654415728
Geogale aurita,4471,925,32.5536096187775
Geogale aurita,4502,927,29.8748831680267
Geogale aurita,4473,926,6.25186649493641
Gymnuromys roberti,3549,169,29.4123165165292
Gymnuromys roberti,3621,236,27.2715936270507
Gymnuromys roberti,28,7,26.6587824925889
Gymnuromys roberti,3726,7,16.2380797407103
Gymnuromys roberti,423,20,1.10266377710551
Gymnuromys roberti,424,20,0.183781132994473
Gymnuromys roberti,428,20,2.02137478975803
Gymnuromys roberti,429,20,0.826945434479237
Gymnuromys roberti,439,20,0.367459639964223
Gymnuromys roberti,444,20,0.183724619395971
Gymnuromys roberti,445,20,0.275586929093957
Gymnuromys roberti,451,20,1.46972063059181
Gymnuromys roberti,452,20,0.275577679304183
Gymnuromys roberti,3755,20,1.10266607838708
Gymnuromys roberti,3756,20,9.73881683759956
Gymnuromys roberti,3759,20,16.8076049693545
Gymnuromys roberti,3760,20,0.18370726844728
Gymnuromys roberti,56,12,76.2139834638012
Gymnuromys roberti,3622,237,27.6594821549596
Gymnuromys roberti,2977,246,19.2122661348475
Gymnuromys roberti,3710,291,18.148249547828
Gymnuromys roberti,3677,273,29.274766839554
Gymnuromys roberti,3763,292,23.7666194395043
Gymnuromys roberti,3732,280,83.7188999568725
Gymnuromys roberti,3737,284,6.82379882420909
Gymnuromys roberti,407,285,62.2582651923038
Gymnuromys roberti,3761,293,29.8748831680267
Gymnuromys roberti,3740,286,104.208552844716
Gymnuromys roberti,3741,286,2.57936223117161
Gymnuromys roberti,3742,286,82.3436727737423
Gymnuromys roberti,3746,288,53.5542140029307
Gymnuromys roberti,3747,289,124.088483499845
Gymnuromys roberti,3766,289,0.0920119200412631
Gymnuromys roberti,3767,289,0.276032375240743
Gymnuromys roberti,3768,289,0.0920085345218182
Gymnuromys roberti,3752,290,6.25186649493641
Hapalemur aureus,333,20,4.87570953246022
Hapalemur aureus,369,20,29.6296191803066
Hapalemur aureus,414,20,23.7666194395043
Hapalemur griseus,429,13,0.370271373195231
Hapalemur griseus,431,13,0.462834125284791
Hapalemur griseus,434,13,43.0377824654073
Hapalemur griseus,435,13,0.18513059458977
Hapalemur griseus,449,13,1.48074673073471
Hapalemur griseus,450,13,1.66577102635694
Hapalemur griseus,452,13,0.277623898765862
Hapalemur griseus,454,13,0.277610584835947
Hapalemur griseus,19309,551,27.2715936270507
Hapalemur griseus,19310,552,29.4123165165292
Hapalemur griseus,11118,546,46.2946167010278
Hapalemur griseus,19560,599,26.6587824925889
Hapalemur griseus,19562,599,16.2380797407103
Hapalemur griseus,3036,590,50.551453219145
Hapalemur griseus,3046,623,1.10266377710527
Hapalemur griseus,3078,623,2.02137478975803
Hapalemur griseus,3079,623,0.826945434479237
Hapalemur griseus,3159,623,0.367459639964223
Hapalemur griseus,3173,623,0.275586929093957
Hapalemur griseus,3177,623,1.46972063059181
Hapalemur griseus,3178,623,0.275577679304183
Hapalemur griseus,19645,623,1.10266607838708
Hapalemur griseus,19646,623,9.73881683759956
Hapalemur griseus,19651,623,30.0296278397191
Hapalemur griseus,189,3,57.8717585106773
Hapalemur griseus,19056,3,29.3167998436829
Hapalemur griseus,5724,537,58.5835993688454
Hapalemur griseus,5764,537,0.364940765320301
Hapalemur griseus,19706,624,25.4575989942786
Hapalemur griseus,19313,550,13.4738257842991
Hapalemur griseus,19311,553,27.6594821549596
Hapalemur griseus,19312,554,11.7562021209623
Hapalemur griseus,19714,554,0.259287194254398
Hapalemur griseus,12400,567,17.4667180712485
Hapalemur griseus,19490,569,29.274766839554
Hapalemur griseus,19497,569,4.87570953246022
Hapalemur griseus,19716,569,23.7666194395043
Hapalemur griseus,18011,585,19.2122661348475
Hapalemur griseus,19522,585,18.148249547828
Hapalemur griseus,12936,589,85.7259416594108
Hapalemur griseus,7236,610,211.697744572212
Hapalemur griseus,19660,625,105.02396653668
Hapalemur griseus,19661,625,77.941507276654
Hapalemur griseus,19582,612,16.0995421292329
Hapalemur griseus,19606,613,18.8183790778868
Hapalemur griseus,19607,614,162.094219258716
Hapalemur griseus,19663,616,124.088483499845
Hapalemur griseus,19665,616,62.2582651923038
Hapalemur griseus,19669,616,6.25186649493641
Hapalemur griseus,19722,616,0.276032375240743
Hapalemur griseus,19724,616,29.8748831680267
Hapalemur griseus,19672,626,43.9123990712638
Hapalemur griseus,19726,626,28.7459032692887
Hapalemur griseus,19727,626,27.545424416823
Hapalemur griseus,19679,617,56.0661895643025
Hapalemur griseus,19684,617,24.5940684182199
Hapalemur griseus,19683,618,19.5664778138609
Hapalemur griseus,19685,618,22.4907523126593
Hapalemur griseus,19686,618,2.2857108314302
Hapalemur griseus,19693,619,23.6784079112986
Hapalemur griseus,19694,620,16.6035814809212
Hapalemur griseus,19695,627,19.4429561790174
Hapalemur griseus,19697,621,19.0670525600537
Hapalemur griseus,19699,622,31.6875166683302
Hapalemur occidentalis,21,7,13.2186397100113
Hapalemur occidentalis,22,8,23.6784079112986
Hapalemur occidentalis,23,9,16.6035814809212
Hapalemur occidentalis,34,13,17.8628102375012
Hapalemur occidentalis,40,13,31.5959390756302
Hapalemur occidentalis,41,19,18.586576525046
Hapalemur occidentalis,20,18,10.2902734504831
Hartertula flavoviridis,49,6,31.6985197321722
Hartertula flavoviridis,110,16,30.0463397286814
Hartertula flavoviridis,50,52,55.3562922973957
Hartertula flavoviridis,55,10,29.4874756572244
Hartertula flavoviridis,807,10,28.7459032692887
Hartertula flavoviridis,806,41,19.2122661348475
Hartertula flavoviridis,772,47,29.274766839554
Hartlaubius auratus,582,75,0.370271373195231
Hartlaubius auratus,584,75,0.462834125284791
Hartlaubius auratus,588,75,43.0377824654073
Hartlaubius auratus,589,75,0.18513059458977
Hartlaubius auratus,614,75,1.48074673073471
Hartlaubius auratus,620,75,1.66577102635694
Hartlaubius auratus,627,75,0.277623898765862
Hartlaubius auratus,636,75,0.277610584835947
Hartlaubius auratus,18525,82,20.0419721460526
Hartlaubius auratus,31922,82,4.85579742656708
Hartlaubius auratus,31952,98,26.6587824925889
Hartlaubius auratus,31954,98,16.2380797407103
Hartlaubius auratus,3634,105,1.10266377710527
Hartlaubius auratus,3647,105,0.183781132994473
Hartlaubius auratus,3692,105,2.02137478975803
Hartlaubius auratus,3693,105,0.826945434479237
Hartlaubius auratus,3825,105,0.367459639964223
Hartlaubius auratus,3847,105,0.183724619395971
Hartlaubius auratus,3848,105,0.275586929093957
Hartlaubius auratus,3858,105,1.46972063059181
Hartlaubius auratus,3859,105,0.275577679304183
Hartlaubius auratus,32046,105,1.10266607838708
Hartlaubius auratus,32047,105,9.73881683759956
Hartlaubius auratus,32052,105,30.0296278397191
Hartlaubius auratus,32053,105,0.18370726844728
Hartlaubius auratus,269,19,57.8717585106773
Hartlaubius auratus,31419,19,29.3167998436829
Hartlaubius auratus,3617,76,50.551453219145
Hartlaubius auratus,32065,76,105.02396653668
Hartlaubius auratus,32066,76,77.941507276654
Hartlaubius auratus,32068,76,124.088483499845
Hartlaubius auratus,32070,76,62.2582651923038
Hartlaubius auratus,32074,76,6.25186649493641
Hartlaubius auratus,32077,76,43.9123990712638
Hartlaubius auratus,32100,76,23.6784079112986
Hartlaubius auratus,32101,76,16.6035814809212
Hartlaubius auratus,32102,76,19.4429561790174
Hartlaubius auratus,32104,76,19.0670525600537
Hartlaubius auratus,32129,76,0.276032375240743
Hartlaubius auratus,32131,76,29.8748831680267
Hartlaubius auratus,32132,76,1.47043301236653
Hartlaubius auratus,32133,76,28.7459032692887
Hartlaubius auratus,32134,76,27.545424416823
Hartlaubius auratus,10819,106,211.697744572212
Hartlaubius auratus,31974,107,16.0995421292329
Hartlaubius auratus,32084,107,56.0661895643025
Hartlaubius auratus,32088,107,19.5664778138609
Hartlaubius auratus,32089,107,24.5940684182199
Hartlaubius auratus,32090,107,22.4907523126593
Hartlaubius auratus,32091,107,2.2857108314302
Hartlaubius auratus,32005,108,162.094219258716
Hartlaubius auratus,32106,108,31.6875166683302
Hartlaubius auratus,31691,84,27.2715936270507
Hartlaubius auratus,31692,84,29.4123165165292
Hartlaubius auratus,31693,84,27.6594821549596
Hartlaubius auratus,31694,84,11.7562021209623
Hartlaubius auratus,31695,84,13.4738257842991
Hartlaubius auratus,32121,84,0.259287194254398
Hartlaubius auratus,20613,85,17.4667180712485
Hartlaubius auratus,21663,109,85.5474050124261
Hartlaubius auratus,23045,86,95.5966246090985
Hartlaubius auratus,31994,86,0.446690589020967
Hartlaubius auratus,31876,92,29.274766839554
Hartlaubius auratus,31883,92,4.87570953246022
Hartlaubius auratus,32001,92,6.82379882420909
Hartlaubius auratus,32123,92,23.7666194395043
Hartlaubius auratus,29861,95,19.2122661348475
Hartlaubius auratus,31908,95,18.148249547828
Hartlaubius auratus,32004,102,18.8183790778868
Hartlaubius auratus,32127,102,2.11083364651418
Hartlaubius auratus,7946,104,58.5835993688454
Hartlaubius auratus,8005,104,0.364940765320301
Hartlaubius auratus,32111,104,31.7616470487364
Hartlaubius auratus,32113,104,0.182548627367735
Hartlaubius auratus,32114,104,25.4575989942786
Hemicentetes nigriceps,88,38,42.2803606370557
Hemicentetes nigriceps,66,5,97.7360435528609
Hemicentetes nigriceps,67,6,58.496712568555
Hemicentetes semispinosus,14170,322,27.2715936270507
Hemicentetes semispinosus,14171,323,29.4123165165292
Hemicentetes semispinosus,14388,363,26.6587824925889
Hemicentetes semispinosus,14390,363,16.2380797407103
Hemicentetes semispinosus,1517,390,50.551453219145
Hemicentetes semispinosus,1527,358,1.10266377710551
Hemicentetes semispinosus,1528,358,0.183781132994473
Hemicentetes semispinosus,1546,358,2.02137478975803
Hemicentetes semispinosus,1547,358,0.826945434479237
Hemicentetes semispinosus,1591,358,0.367459639964223
Hemicentetes semispinosus,1599,358,0.183724619395971
Hemicentetes semispinosus,1600,358,0.275586929093957
Hemicentetes semispinosus,1607,358,1.46972063059181
Hemicentetes semispinosus,1608,358,0.275577679304183
Hemicentetes semispinosus,14468,358,1.10266607838708
Hemicentetes semispinosus,14469,358,9.73881683759956
Hemicentetes semispinosus,14474,358,30.0296278397191
Hemicentetes semispinosus,14475,358,0.18370726844728
Hemicentetes semispinosus,8,2,56.9441684159139
Hemicentetes semispinosus,14086,391,29.3167998436829
Hemicentetes semispinosus,14174,321,13.4738257842991
Hemicentetes semispinosus,14172,324,27.6594821549596
Hemicentetes semispinosus,14173,325,11.7562021209623
Hemicentetes semispinosus,14332,338,29.274766839554
Hemicentetes semispinosus,14528,338,23.7666194395043
Hemicentetes semispinosus,13018,355,19.2122661348475
Hemicentetes semispinosus,14357,392,18.148249547828
Hemicentetes semispinosus,3070,377,211.697744572212
Hemicentetes semispinosus,14483,393,105.02396653668
Hemicentetes semispinosus,14484,393,77.941507276654
Hemicentetes semispinosus,14410,379,16.0995421292329
Hemicentetes semispinosus,14428,380,18.8183790778868
Hemicentetes semispinosus,14429,381,162.094219258716
Hemicentetes semispinosus,14486,383,124.088483499845
Hemicentetes semispinosus,14488,383,62.2582651923038
Hemicentetes semispinosus,14492,383,6.25186649493641
Hemicentetes semispinosus,14534,383,0.276032375240743
Hemicentetes semispinosus,14536,383,29.8748831680267
Hemicentetes semispinosus,14495,394,43.9123990712638
Hemicentetes semispinosus,14538,394,28.7459032692887
Hemicentetes semispinosus,14539,395,27.545424416823
Hemicentetes semispinosus,14499,384,56.0661895643025
Hemicentetes semispinosus,14504,384,24.5940684182199
Hemicentetes semispinosus,14503,385,19.5664778138609
Hemicentetes semispinosus,14505,385,22.4907523126593
Hemicentetes semispinosus,14513,386,23.6784079112986
Hemicentetes semispinosus,14514,387,16.6035814809212
Hemicentetes semispinosus,14515,396,19.4429561790174
Hemicentetes semispinosus,14517,388,19.0670525600537
Hemicentetes semispinosus,14519,389,31.6875166683302
Hypositta corallirostris,8929,2,26.6587824925889
Hypositta corallirostris,8931,2,16.2380797407103
Hypositta corallirostris,476,62,1.10266377710527
Hypositta corallirostris,489,62,2.02137478975803
Hypositta corallirostris,490,62,0.826945434479237
Hypositta corallirostris,522,62,0.367459639964223
Hypositta corallirostris,527,62,0.275586929093957
Hypositta corallirostris,529,62,1.46972063059181
Hypositta corallirostris,530,62,0.275577679304183
Hypositta corallirostris,9006,62,1.10266607838708
Hypositta corallirostris,9007,62,9.73881683759956
Hypositta corallirostris,9012,62,30.0296278397191
Hypositta corallirostris,2,1,29.3167998436829
Hypositta corallirostris,8690,40,29.4123165165292
Hypositta corallirostris,8715,40,27.2715936270507
Hypositta corallirostris,8717,40,27.6594821549596
Hypositta corallirostris,8718,40,11.7562021209623
Hypositta corallirostris,9059,40,0.259287194254398
Hypositta corallirostris,8874,48,29.274766839554
Hypositta corallirostris,8881,48,4.87570953246022
Hypositta corallirostris,8967,48,6.82379882420909
Hypositta corallirostris,9061,48,23.7666194395043
Hypositta corallirostris,7922,52,19.2122661348475
Hypositta corallirostris,8896,52,18.148249547828
Hypositta corallirostris,470,53,50.551453219145
Hypositta corallirostris,9021,53,105.02396653668
Hypositta corallirostris,9022,53,77.941507276654
Hypositta corallirostris,9024,53,124.088483499845
Hypositta corallirostris,9026,53,62.2582651923038
Hypositta corallirostris,9030,53,6.25186649493641
Hypositta corallirostris,9033,53,43.9123990712638
Hypositta corallirostris,9067,53,0.276032375240743
Hypositta corallirostris,9069,53,29.8748831680267
Hypositta corallirostris,9070,53,1.47043301236653
Hypositta corallirostris,9071,53,28.7459032692887
Hypositta corallirostris,9072,53,27.545424416823
Hypositta corallirostris,1284,64,211.697744572212
Hypositta corallirostris,8970,65,162.094219258716
Hypositta corallirostris,9055,65,31.6875166683302
Hypositta corallirostris,9049,66,23.6784079112986
Hypositta corallirostris,9050,66,16.6035814809212
Hypositta corallirostris,9051,66,19.4429561790174
Hypositta corallirostris,9053,66,19.0670525600537
Hypositta corallirostris,8969,60,18.8183790778868
Hypositta corallirostris,9065,60,2.11083364651418
Hypositta corallirostris,8950,63,16.0995421292329
Hypositta corallirostris,9037,63,56.0661895643025
Hypositta corallirostris,9041,63,19.5664778138609
Hypositta corallirostris,9042,63,24.5940684182199
Hypositta corallirostris,9043,63,2.2857108314302
Indri indri,1,1,57.8717585106773
Indri indri,2543,1,29.3167998436829
Indri indri,471,56,211.697744572212
Indri indri,2896,69,105.02396653668
Indri indri,2897,69,77.941507276654
Indri indri,2899,70,124.088483499845
Indri indri,2901,70,62.2582651923038
Indri indri,2905,70,6.25186649493641
Indri indri,2938,70,29.8748831680267
Indri indri,2939,70,1.47043301236653
Indri indri,2908,71,43.9123990712638
Indri indri,2940,71,28.7459032692887
Indri indri,2941,71,27.545424416823
Indri indri,2856,66,162.094219258716
Indri indri,2912,67,56.0661895643025
Indri indri,2917,67,24.5940684182199
Lemur catta,868,413,50.551453219145
Lemur catta,879,418,1.10266377710527
Lemur catta,880,418,1.10266607838708
Lemur catta,887,418,0.183781132994473
Lemur catta,907,418,9.73881683760441
Lemur catta,913,418,2.02137478975803
Lemur catta,914,418,0.826945434479237
Lemur catta,999,418,0.367459639964223
Lemur catta,1008,418,0.183724619395971
Lemur catta,1009,418,0.275586929093957
Lemur catta,1018,418,1.46972063059181
Lemur catta,1019,418,0.275577679304183
Lemur catta,1042,418,0.18370726844722
Lemur catta,1185,418,30.0296278397191
Lemur catta,11523,149,52.9723472372599
Lemur catta,15464,149,0.0876808440184593
Lemur catta,14580,465,68.9415191745416
Lemur catta,15465,465,0.608441640821219
Lemur catta,15466,465,7.82027605935955
Lemur catta,15467,465,6.16877974064255
Lemur catta,15463,475,13.4738257842991
Lemur catta,15316,476,11.7562021209623
Lemur catta,15468,476,0.0864341105604172
Lemur catta,15469,476,0.259287194254398
Lemur catta,15470,476,0.0864246485347748
Lepidopygia nana,656,282,0.370271373195231
Lepidopygia nana,658,282,0.462834125284791
Lepidopygia nana,662,282,43.0377824654073
Lepidopygia nana,663,282,0.18513059458977
Lepidopygia nana,695,282,1.48074673073471
Lepidopygia nana,701,282,1.66577102635694
Lepidopygia nana,708,282,0.277623898765862
Lepidopygia nana,715,282,0.277610584835947
Lepidopygia nana,27174,333,46.6540592851467
Lepidopygia nana,44242,358,66.489778000425
Lepidopygia nana,45270,211,26.6587824925889
Lepidopygia nana,45272,211,16.2380797407103
Lepidopygia nana,4022,357,1.10266377710527
Lepidopygia nana,4037,357,0.183781132994473
Lepidopygia nana,4085,357,2.02137478975803
Lepidopygia nana,4086,357,0.826945434479237
Lepidopygia nana,4242,357,0.367459639964223
Lepidopygia nana,4269,357,0.183724619395971
Lepidopygia nana,4270,357,0.275586929093957
Lepidopygia nana,4280,357,1.46972063059181
Lepidopygia nana,4281,357,0.275577679304183
Lepidopygia nana,45382,357,1.10266607838708
Lepidopygia nana,45383,357,9.73881683759956
Lepidopygia nana,45388,357,30.0296278397191
Lepidopygia nana,45389,357,0.18370726844728
Lepidopygia nana,315,111,57.8717585106773
Lepidopygia nana,44667,111,29.3167998436829
Lepidopygia nana,31282,247,86.2629835085398
Lepidopygia nana,45466,247,0.536578449850679
Lepidopygia nana,45312,372,0.446690589020967
Lepidopygia nana,45415,372,114.365959897449
Lepidopygia nana,40403,284,31.6167790476316
Lepidopygia nana,45467,284,8.63333606819333
Lepidopygia nana,45469,284,2.44082853370917
Lepidopygia nana,41746,373,9.56038329291046
Lepidopygia nana,45470,373,0.52152061849916
Lepidopygia nana,45471,373,8.25182039185715
Lepidopygia nana,44947,337,27.2715936270507
Lepidopygia nana,44948,337,29.4123165165292
Lepidopygia nana,44949,337,27.6594821549596
Lepidopygia nana,44950,337,11.7562021209623
Lepidopygia nana,44951,337,13.4738257842991
Lepidopygia nana,45474,337,0.259287194254398
Lepidopygia nana,45186,345,29.6296191803066
Lepidopygia nana,45193,345,4.87570953246022
Lepidopygia nana,45476,345,23.7666194395043
Lepidopygia nana,45336,374,6.82379882420909
Lepidopygia nana,40082,348,19.2122661348475
Lepidopygia nana,45225,348,18.148249547828
Lepidopygia nana,13675,356,58.7661152331824
Lepidopygia nana,44822,356,0.364940765320301
Lepidopygia nana,45457,356,32.0354674676601
Lepidopygia nana,45459,356,0.182548627367735
Lepidopygia nana,45460,356,25.9138646790086
Lepidopygia nana,45339,367,18.8183790778868
Lepidopygia nana,45480,367,2.11083364651418
Lepidopygia nana,14804,369,211.697744572212
Lepidopygia nana,44069,375,50.551453219145
Lepidopygia nana,44832,375,0.368126523456812
Lepidopygia nana,45401,375,105.02396653668
Lepidopygia nana,45402,375,77.941507276654
Lepidopygia nana,45404,375,124.088483499845
Lepidopygia nana,45406,375,62.2582651923038
Lepidopygia nana,45410,375,6.25186649493641
Lepidopygia nana,45413,375,43.9123990712638
Lepidopygia nana,45482,375,0.276032375240743
Lepidopygia nana,45484,375,29.8748831680267
Lepidopygia nana,45485,375,1.47043301236653
Lepidopygia nana,45486,375,28.7459032692887
Lepidopygia nana,45487,375,27.545424416823
Lepidopygia nana,45340,376,162.094219258716
Lepidopygia nana,45452,376,31.6875166683302
Lepidopygia nana,45446,377,23.6784079112986
Lepidopygia nana,45447,378,16.6035814809212
Lepidopygia nana,45448,378,19.4429561790174
Lepidopygia nana,45450,379,19.0670525600537
Lepidopygia nana,43048,370,17.4667180712485
Lepidopygia nana,45292,371,16.0995421292329
Lepidopygia nana,45430,371,56.0661895643025
Lepidopygia nana,45434,371,19.5664778138609
Lepidopygia nana,45435,371,24.5940684182199
Lepidopygia nana,45436,371,22.4907523126593
Lepidopygia nana,45437,371,2.2857108314302
Lepilemur ankaranensis,33,7,0.370271373195231
Lepilemur ankaranensis,34,7,0.462834125284791
Lepilemur ankaranensis,35,7,43.0377824654073
Lepilemur ankaranensis,36,7,0.18513059458977
Lepilemur ankaranensis,37,7,1.48074673073471
Lepilemur ankaranensis,39,7,1.66577102635789
Lepilemur ankaranensis,41,7,0.27762389876622
Lepilemur ankaranensis,42,7,0.277610584835947
Lepilemur ankaranensis,11,2,56.9441684159139
Lepilemur edwardsi,3284,140,27.596335915969
Lepilemur edwardsi,1771,155,58.5835993688454
Lepilemur edwardsi,3427,155,0.364940765320301
Lepilemur edwardsi,3430,155,0.182548627367735
Lepilemur edwardsi,3428,156,31.7616470487364
Lepilemur edwardsi,3431,156,25.4575989942786
Lepilemur leucopus,1339,37,52.9723472372599
Lepilemur leucopus,2604,150,68.9415191745416
Lepilemur leucopus,3533,150,0.608441640821219
Lepilemur leucopus,3534,150,7.82027605935955
Lepilemur leucopus,3535,150,6.16877974064255
Lepilemur leucopus,73,174,114.365959897449
Lepilemur microdon,105,49,50.551453219145
Lepilemur microdon,856,45,17.8628102375012
Lepilemur microdon,80,47,62.2582651923044
Lepilemur microdon,96,47,45.7978625152418
Lepilemur microdon,860,47,6.25186649493641
Lepilemur microdon,74,48,54.2037306260302
Lepilemur microdon,76,48,23.2776854783
Lepilemur microdon,858,48,27.3374724883393
Lepilemur mustelinus,133,7,0.370271373195231
Lepilemur mustelinus,135,7,0.462834125284791
Lepilemur mustelinus,138,7,18.9744048029395
Lepilemur mustelinus,139,7,0.18513059458977
Lepilemur mustelinus,147,7,1.48074673073471
Lepilemur mustelinus,148,7,1.48068535666716
Lepilemur mustelinus,150,7,0.277623898765862
Lepilemur mustelinus,18226,626,27.2715936270507
Lepilemur mustelinus,18227,627,29.4123165165292
Lepilemur mustelinus,7421,107,46.6540592851467
Lepilemur mustelinus,18441,674,26.6587824925889
Lepilemur mustelinus,18443,674,16.2380797407103
Lepilemur mustelinus,1293,696,50.551453219145
Lepilemur mustelinus,1301,669,1.10266377710551
Lepilemur mustelinus,1302,669,0.183781132994473
Lepilemur mustelinus,1316,669,2.02137478975803
Lepilemur mustelinus,1317,669,0.826945434479237
Lepilemur mustelinus,18493,669,1.10266607838708
Lepilemur mustelinus,18494,669,7.90145164278173
Lepilemur mustelinus,1366,685,1.65325307838088
Lepilemur mustelinus,18499,685,24.7022525605728
Lepilemur mustelinus,32,1,57.8717585106773
Lepilemur mustelinus,18048,697,29.3167998436829
Lepilemur mustelinus,2436,46,36.6842183048497
Lepilemur mustelinus,2493,46,0.364940765320778
Lepilemur mustelinus,18545,46,0.182548627367735
Lepilemur mustelinus,9264,124,17.4667180712485
Lepilemur mustelinus,15066,190,52.9723472372599
Lepilemur mustelinus,17159,217,68.9415191745416
Lepilemur mustelinus,18553,217,0.608441640821219
Lepilemur mustelinus,10644,448,69.519772768133
Lepilemur mustelinus,18230,625,13.4738257842991
Lepilemur mustelinus,18228,628,27.6594821549596
Lepilemur mustelinus,18229,629,11.7562021209623
Lepilemur mustelinus,15754,642,19.2122661348475
Lepilemur mustelinus,18411,698,18.148249547828
Lepilemur mustelinus,18387,659,29.274766839554
Lepilemur mustelinus,18558,659,23.7666194395043
Lepilemur mustelinus,9751,668,17.898613458799
Lepilemur mustelinus,18549,668,0.358028407441616
Lepilemur mustelinus,18448,677,16.0995421292329
Lepilemur mustelinus,3268,686,211.697744572212
Lepilemur mustelinus,18507,699,105.02396653668
Lepilemur mustelinus,18508,699,77.941507276654
Lepilemur mustelinus,18476,687,162.094219258716
Lepilemur mustelinus,18510,689,124.088483499845
Lepilemur mustelinus,18512,689,62.2582651923038
Lepilemur mustelinus,18516,689,6.25186649493641
Lepilemur mustelinus,18560,689,0.276032375240743
Lepilemur mustelinus,18562,689,29.8748831680267
Lepilemur mustelinus,18519,700,43.9123990712638
Lepilemur mustelinus,18564,700,28.7459032692887
Lepilemur mustelinus,18565,701,27.545424416823
Lepilemur mustelinus,18535,690,23.6784079112986
Lepilemur mustelinus,18536,691,16.6035814809212
Lepilemur mustelinus,18537,702,19.4429561790174
Lepilemur mustelinus,18538,692,19.0670525600537
Lepilemur mustelinus,18540,694,31.6875166683302
Lepilemur mustelinus,18527,695,56.0661895643025
Lepilemur mustelinus,18528,695,24.5940684182199
Lepilemur ruficaudatus,3749,262,17.4667180712485
Lepilemur ruficaudatus,6185,349,114.365959897449
Lepilemur ruficaudatus,4125,350,86.2629835085398
Leptopterus chabert,418,85,0.370271373195231
Leptopterus chabert,419,85,0.462834125284791
Leptopterus chabert,423,85,43.0377824654073
Leptopterus chabert,440,85,1.48074673073471
Leptopterus chabert,443,85,1.66577102635694
Leptopterus chabert,450,85,0.277623898765862
Leptopterus chabert,457,85,0.277610584835947
Leptopterus chabert,13306,128,46.6540592851467
Leptopterus chabert,25016,124,26.6587824925889
Leptopterus chabert,25018,124,16.2380797407103
Leptopterus chabert,2617,155,1.10266377710527
Leptopterus chabert,2654,155,2.02137478975803
Leptopterus chabert,2655,155,0.826945434479237
Leptopterus chabert,2744,155,0.367459639964223
Leptopterus chabert,2759,155,0.275586929093957
Leptopterus chabert,2763,155,1.46972063059181
Leptopterus chabert,2764,155,0.275577679304183
Leptopterus chabert,25130,155,1.10266607838708
Leptopterus chabert,25131,155,9.73881683759956
Leptopterus chabert,25136,155,30.0296278397191
Leptopterus chabert,202,29,57.8717585106773
Leptopterus chabert,24428,29,29.3167998436829
Leptopterus chabert,14880,92,17.4667180712485
Leptopterus chabert,23127,95,31.4426003062769
Leptopterus chabert,24181,95,68.9415191745416
Leptopterus chabert,25213,95,8.63333606819333
Leptopterus chabert,25215,95,2.44082853370917
Leptopterus chabert,25216,95,3.47957565452278
Leptopterus chabert,25218,95,9.56038329291046
Leptopterus chabert,25219,95,0.52152061849916
Leptopterus chabert,25220,95,8.25182039185715
Leptopterus chabert,25221,95,12.7629415674419
Leptopterus chabert,25222,95,0.608441640821219
Leptopterus chabert,25223,95,7.82027605935955
Leptopterus chabert,25224,95,6.16877974064255
Leptopterus chabert,24738,132,27.2715936270507
Leptopterus chabert,24739,132,29.4123165165292
Leptopterus chabert,24740,132,27.6594821549596
Leptopterus chabert,24741,132,11.7562021209623
Leptopterus chabert,24742,132,13.4738257842991
Leptopterus chabert,25230,132,0.259287194254398
Leptopterus chabert,24931,140,29.274766839554
Leptopterus chabert,24938,140,4.87570953246022
Leptopterus chabert,25078,140,6.82379882420909
Leptopterus chabert,25232,140,23.7666194395043
Leptopterus chabert,21535,144,19.2122661348475
Leptopterus chabert,24967,144,18.148249547828
Leptopterus chabert,6229,145,0.364940765320301
Leptopterus chabert,24295,145,58.5835993688454
Leptopterus chabert,25225,145,31.7616470487364
Leptopterus chabert,25228,145,25.4575989942786
Leptopterus chabert,2605,146,50.551453219145
Leptopterus chabert,25145,146,105.02396653668
Leptopterus chabert,25146,146,77.941507276654
Leptopterus chabert,25148,146,124.088483499845
Leptopterus chabert,25150,146,62.2582651923038
Leptopterus chabert,25154,146,6.25186649493641
Leptopterus chabert,25157,146,43.9123990712638
Leptopterus chabert,25238,146,0.276032375240743
Leptopterus chabert,25240,146,29.8748831680267
Leptopterus chabert,25241,146,1.47043301236653
Leptopterus chabert,25242,146,28.7459032692887
Leptopterus chabert,25243,146,27.545424416823
Leptopterus chabert,8506,158,211.697744572212
Leptopterus chabert,25081,159,162.094219258716
Leptopterus chabert,25202,159,31.6875166683302
Leptopterus chabert,25196,160,23.6784079112986
Leptopterus chabert,25197,160,16.6035814809212
Leptopterus chabert,25198,160,19.4429561790174
Leptopterus chabert,25200,160,19.0670525600537
Leptopterus chabert,25080,153,18.8183790778868
Leptopterus chabert,25236,153,2.11083364651418
Leptopterus chabert,16260,156,86.2629835085398
Leptopterus chabert,25062,156,0.357354327606916
Leptopterus chabert,25159,156,114.365959897449
Leptopterus chabert,25212,156,0.536578449850679
Leptopterus chabert,25038,157,16.0995421292329
Leptopterus chabert,25181,157,56.0661895643025
Leptopterus chabert,25185,157,19.5664778138609
Leptopterus chabert,25186,157,24.5940684182199
Leptopterus chabert,25187,157,22.4907523126593
Leptopterus chabert,25188,157,2.2857108314302
Lophotibis cristata,145,5,50.551453219145
Lophotibis cristata,520,5,211.697744572212
Lophotibis cristata,1691,5,26.6587824925889
Lophotibis cristata,1693,5,16.2380797407103
Lophotibis cristata,1713,5,16.0995421292329
Lophotibis cristata,1736,5,18.8183790778868
Lophotibis cristata,1737,5,162.094219258716
Lophotibis cristata,1777,5,9.73881683759956
Lophotibis cristata,1782,5,30.0296278397191
Lophotibis cristata,1795,5,105.02396653668
Lophotibis cristata,1796,5,77.941507276654
Lophotibis cristata,1798,5,124.088483499845
Lophotibis cristata,1800,5,62.2582651923038
Lophotibis cristata,1804,5,6.25186649493641
Lophotibis cristata,1807,5,43.9123990712638
Lophotibis cristata,1814,5,56.0661895643025
Lophotibis cristata,1818,5,19.5664778138609
Lophotibis cristata,1819,5,24.5940684182199
Lophotibis cristata,1820,5,22.4907523126593
Lophotibis cristata,1827,5,23.6784079112986
Lophotibis cristata,1828,5,16.6035814809212
Lophotibis cristata,1829,5,19.4429561790174
Lophotibis cristata,1831,5,19.0670525600537
Lophotibis cristata,1833,5,31.6875166683302
Lophotibis cristata,1842,5,29.8748831680267
Lophotibis cristata,1844,5,28.7459032692887
Lophotibis cristata,1845,5,27.545424416823
Macrotarsomys bastardi,494,286,98.3712480310103
Macrotarsomys bastardi,446,99,2.86430954257846
Macrotarsomys bastardi,825,186,13.7719838999938
Margaroperdix madagarensis,6360,23,46.6540592851467
Margaroperdix madagarensis,10371,7,52.9723472372599
Margaroperdix madagarensis,338,18,26.6587824925889
Margaroperdix madagarensis,746,18,1.10266377710527
Margaroperdix madagarensis,762,18,2.02137478975803
Margaroperdix madagarensis,763,18,0.826945434479237
Margaroperdix madagarensis,816,18,1.46972063059181
Margaroperdix madagarensis,3305,18,211.697744572212
Margaroperdix madagarensis,12409,18,50.551453219145
Margaroperdix madagarensis,12661,18,66.489778000425
Margaroperdix madagarensis,13396,18,16.2380797407103
Margaroperdix madagarensis,13417,18,16.0995421292329
Margaroperdix madagarensis,13466,18,18.8183790778868
Margaroperdix madagarensis,13467,18,162.094219258716
Margaroperdix madagarensis,13502,18,1.10266607838708
Margaroperdix madagarensis,13503,18,9.73881683759956
Margaroperdix madagarensis,13508,18,30.0296278397191
Margaroperdix madagarensis,13521,18,105.02396653668
Margaroperdix madagarensis,13522,18,77.941507276654
Margaroperdix madagarensis,13524,18,124.088483499845
Margaroperdix madagarensis,13526,18,62.2582651923038
Margaroperdix madagarensis,13530,18,6.25186649493641
Margaroperdix madagarensis,13533,18,43.9123990712638
Margaroperdix madagarensis,13555,18,56.0661895643025
Margaroperdix madagarensis,13559,18,19.5664778138609
Margaroperdix madagarensis,13560,18,24.5940684182199
Margaroperdix madagarensis,13561,18,22.4907523126593
Margaroperdix madagarensis,13562,18,2.2857108314302
Margaroperdix madagarensis,13570,18,23.6784079112986
Margaroperdix madagarensis,13571,18,16.6035814809212
Margaroperdix madagarensis,13572,18,19.4429561790174
Margaroperdix madagarensis,13574,18,19.0670525600537
Margaroperdix madagarensis,13576,18,31.6875166683302
Margaroperdix madagarensis,13593,18,2.11083364651418
Margaroperdix madagarensis,13597,18,29.8748831680267
Margaroperdix madagarensis,13598,18,1.47043301236653
Margaroperdix madagarensis,13599,18,28.7459032692887
Margaroperdix madagarensis,13600,18,27.545424416823
Margaroperdix madagarensis,2627,20,58.7661152331824
Margaroperdix madagarensis,13577,20,32.0354674676601
Margaroperdix madagarensis,13580,20,25.4575989942786
Margaroperdix madagarensis,13199,25,27.2715936270507
Margaroperdix madagarensis,13200,25,29.4123165165292
Margaroperdix madagarensis,13201,25,27.6594821549596
Margaroperdix madagarensis,13202,25,11.7562021209623
Margaroperdix madagarensis,13203,25,13.4738257842991
Margaroperdix madagarensis,6591,26,17.4667180712485
Margaroperdix madagarensis,7477,26,86.2629835085398
Margaroperdix madagarensis,13534,26,114.365959897449
Margaroperdix madagarensis,10389,34,19.2122661348475
Margaroperdix madagarensis,13375,34,18.148249547828
Mentocrex kioloides,62,1,23.6784079112986
Mentocrex kioloides,69,1,56.0661895643025
Mentocrex kioloides,773,1,62.2582651923038
Mentocrex kioloides,792,1,43.9123990712638
Mentocrex kioloides,793,1,18.8183790778868
Mentocrex kioloides,808,1,113.750610530536
Mentocrex kioloides,809,1,31.6875166683302
Mentocrex kioloides,827,1,16.6035814809212
Mentocrex kioloides,828,1,19.4429561790174
Mentocrex kioloides,830,1,19.0670525600537
Mentocrex kioloides,831,1,16.0995421292329
Mentocrex kioloides,832,1,24.5940684182199
Mentocrex kioloides,834,1,2.2857108314302
Mentocrex kioloides,837,1,77.768125949136
Mentocrex kioloides,838,1,2.57936223117161
Mentocrex kioloides,839,1,82.3436727737423
Mentocrex kioloides,843,1,77.6864940483404
Mentocrex kioloides,844,1,77.941507276654
Mentocrex kioloides,846,1,61.4532006051214
Mentocrex kioloides,850,1,18.8525092663866
Mentocrex kioloides,853,1,6.25186649493641
Mentocrex kioloides,858,1,2.74324513354385
Mentocrex kioloides,862,1,29.8748831680267
Mentocrex kioloides,864,1,28.7459032692887
Mentocrex kioloides,865,1,27.545424416823
Mentocrex kioloides,868,1,2.11083364651418
Mentocrex kioloides,615,2,29.4123165165292
Mentocrex kioloides,643,2,27.2715936270507
Mentocrex kioloides,644,2,27.6594821549596
Mentocrex kioloides,645,2,11.7562021209623
Mesitornis variegatus,22,2,58.5835993688454
Mesitornis variegatus,134,2,31.7616470487364
Mesitornis variegatus,137,2,25.4575989942786
Mesitornis variegatus,63,6,17.4667180712485
Mesitornis variegatus,81,6,86.2629835085398
Mesitornis variegatus,133,6,85.5144846345712
Microcebus griseorufus,3,3,25.3907382258116
Microcebus griseorufus,9,3,0.0869155042579174
Microcebus griseorufus,10,3,24.163776846084
Microcebus griseorufus,18,3,6.16877974064255
Microcebus griseorufus,19,3,7.73337159750509
Microcebus murinus,465,41,0.370271373195231
Microcebus murinus,467,41,0.462834125284791
Microcebus murinus,472,41,43.0377824654073
Microcebus murinus,473,41,0.18513059458977
Microcebus murinus,487,41,1.48074673073471
Microcebus murinus,489,41,1.66577102635694
Microcebus murinus,492,41,0.277623898765862
Microcebus murinus,494,41,0.277610584835947
Microcebus murinus,18508,2597,46.6540592851467
Microcebus murinus,33901,2597,0.0899356091371775
Microcebus murinus,33902,2597,0.0899341444739103
Microcebus murinus,33903,2597,0.0899326796025038
Microcebus murinus,33904,2597,0.0898650706012249
Microcebus murinus,33905,2597,0.0898635959522724
Microcebus murinus,33906,2597,0.0898621210949421
Microcebus murinus,3298,1902,13.2220228703647
Microcebus murinus,2885,2410,50.551453219145
Microcebus murinus,34039,2501,114.365959897449
Microcebus murinus,34025,2669,27.3374724883393
Microcebus murinus,34027,2669,24.3872932737225
Microcebus murinus,34069,2672,19.5664778138609
Microcebus murinus,34071,2674,22.4907523126593
Microcebus murinus,1996,142,22.3819448425346
Microcebus murinus,2042,142,0.184211880049229
Microcebus murinus,24461,1243,4.87570953246022
Microcebus murinus,34087,1243,0.0886616954565048
Microcebus murinus,28115,1446,52.9723472372599
Microcebus murinus,34088,1446,0.0876808440184593
Microcebus murinus,203,2291,57.8717585106773
Microcebus murinus,34073,2291,0.0927427567195296
Microcebus murinus,34074,2291,0.0927417757584453
Microcebus murinus,34075,2291,0.0927240819920898
Microcebus murinus,33552,2682,29.3167998436829
Microcebus murinus,33629,2433,13.4738257842991
Microcebus murinus,31811,2463,31.4426003062769
Microcebus murinus,34089,2683,8.63333606819333
Microcebus murinus,34092,2684,3.47957565452278
Microcebus murinus,34093,2684,0.0869761071947813
Microcebus murinus,34094,2685,9.56038329291046
Microcebus murinus,34095,2685,0.52152061849916
Microcebus murinus,34096,2686,8.25182039185715
Microcebus murinus,34097,2687,12.7629415674419
Microcebus murinus,20200,2500,17.4667180712485
Microcebus murinus,8472,2563,58.5835993688454
Microcebus murinus,33672,2563,0.364940765320301
Microcebus murinus,34076,2688,31.7616470487364
Microcebus murinus,34079,2689,25.4575989942786
Microcebus murinus,33818,2596,11.7562021209623
Microcebus murinus,33325,2606,68.9415191745416
Microcebus murinus,34099,2606,7.82027605935955
Microcebus murinus,34100,2606,6.16877974064255
Microcebus murinus,33932,2638,109.971258377471
Microcebus murinus,11860,2648,18.8183790778868
Microcebus murinus,34080,2648,0.0917843872631192
Microcebus murinus,34081,2648,0.0917832170488834
Microcebus murinus,33936,2670,16.0995421292329
Microcebus murinus,34070,2673,24.5940684182199
Microcebus murinus,21755,2681,86.2629835085398
Microcebus murinus,34083,2681,0.0894990973969698
Microcebus murinus,34084,2681,0.089497572085619
Microcebus murinus,34085,2681,0.0894960465672016
Microcebus myoxinus,370,101,17.4667180712485
Microcebus myoxinus,371,102,22.0085212594846
Microcebus ravelobensis,45,9,24.7276188530539
Microcebus ravelobensis,44,7,31.7616470487364
Microcebus ravelobensis,46,10,43.707841496476
Microcebus rufus,8917,1486,27.2715936270507
Microcebus rufus,8918,1487,29.4123165165292
Microcebus rufus,9134,1556,16.2380797407103
Microcebus rufus,9132,1554,26.6587824925889
Microcebus rufus,961,18,50.551453219145
Microcebus rufus,966,1601,1.10266377710527
Microcebus rufus,981,1601,0.826945434479237
Microcebus rufus,1012,1601,0.367459639964223
Microcebus rufus,9208,1601,9.73881683759956
Microcebus rufus,1026,1602,1.46972063059181
Microcebus rufus,9213,1602,30.0296278397191
Microcebus rufus,9214,1602,0.18370726844728
Microcebus rufus,1519,1550,0.0914152072403431
Microcebus rufus,9245,1550,3.19946678744328
Microcebus rufus,9242,1609,19.5664778138609
Microcebus rufus,5,1,44.5157082169882
Microcebus rufus,8823,1610,29.3167998436829
Microcebus rufus,9077,1395,29.274766839554
Microcebus rufus,9084,1611,4.87570953246022
Microcebus rufus,9266,1611,0.0886616954565048
Microcebus rufus,9265,1612,23.7666194395043
Microcebus rufus,8921,1485,13.4738257842991
Microcebus rufus,8919,1488,27.6594821549596
Microcebus rufus,8920,1489,11.7562021209623
Microcebus rufus,8270,1542,19.2122661348475
Microcebus rufus,9109,1613,18.148249547828
Microcebus rufus,9171,1567,6.82379882420909
Microcebus rufus,9173,1571,18.8183790778868
Microcebus rufus,2202,1584,211.697744572212
Microcebus rufus,9174,1586,162.094219258716
Microcebus rufus,9222,1591,105.02396653668
Microcebus rufus,9223,1591,77.941507276654
Microcebus rufus,9225,1592,124.088483499845
Microcebus rufus,9270,1592,0.0920119200412631
Microcebus rufus,9271,1592,0.276032375240743
Microcebus rufus,9272,1592,0.0920085345218182
Microcebus rufus,9227,1593,62.2582651923038
Microcebus rufus,9234,1614,43.9123990712638
Microcebus rufus,9273,1615,29.8748831680267
Microcebus rufus,9275,1616,28.7459032692887
Microcebus rufus,9276,1617,27.545424416823
Microcebus rufus,9231,1594,6.25186649493641
Microcebus rufus,9252,1595,23.6784079112986
Microcebus rufus,9253,1596,16.6035814809212
Microcebus rufus,9254,1618,19.4429561790174
Microcebus rufus,9277,1618,0.0917031464005113
Microcebus rufus,9256,1597,19.0670525600537
Microcebus rufus,9258,1598,31.6875166683302
Microcebus rufus,9155,1606,16.0995421292329
Microcebus rufus,9238,1607,56.0661895643025
Microcebus rufus,9243,1619,24.5940684182199
Microgale brevicaudata,118,29,43.0377824654073
Microgale brevicaudata,122,29,1.48074673073471
Microgale brevicaudata,123,29,1.66577102635694
Microgale brevicaudata,124,29,0.277623898765862
Microgale brevicaudata,5487,972,29.4123165165292
Microgale brevicaudata,4013,524,46.6540592851467
Microgale brevicaudata,5844,524,0.0899356091371775
Microgale brevicaudata,5845,524,0.0899341444739103
Microgale brevicaudata,5846,524,0.0899326796025038
Microgale brevicaudata,5847,524,0.0898650706012249
Microgale brevicaudata,5848,524,0.0898635959522724
Microgale brevicaudata,5849,524,0.0898621210949421
Microgale brevicaudata,256,68,16.2380797407103
Microgale brevicaudata,5854,1014,26.6587824925889
Microgale brevicaudata,508,103,50.551453219145
Microgale brevicaudata,5902,1026,13.2220228703647
Microgale brevicaudata,43,3,42.2011168116845
Microgale brevicaudata,5663,1027,29.3167998436829
Microgale brevicaudata,4440,675,86.2629835085398
Microgale brevicaudata,5912,675,0.0894990973969698
Microgale brevicaudata,5913,675,0.089497572085619
Microgale brevicaudata,5914,675,0.0894960465672016
Microgale brevicaudata,4295,965,17.4667180712485
Microgale brevicaudata,5644,975,3.89408806911629
Microgale brevicaudata,1880,980,58.5835993688454
Microgale brevicaudata,5908,1028,31.7616470487364
Microgale brevicaudata,5911,1029,25.4575989942786
Microgale brevicaudata,5824,1000,13.4738257842991
Microgale brevicaudata,5822,1001,27.6594821549596
Microgale brevicaudata,5823,1002,11.7562021209623
Microgale brevicaudata,460,1017,181.671024738844
Microgale brevicaudata,5887,1021,77.941507276654
Microgale brevicaudata,5888,1021,27.3374724883393
Microgale brevicaudata,511,1022,74.9572654415728
Microgale brevicaudata,5907,1022,29.9018412854218
Microgale brevicaudata,5891,1023,32.5536096187775
Microgale brevicaudata,5893,1024,6.25186649493641
Microgale cowani,11502,850,27.2715936270507
Microgale cowani,11503,851,29.4123165165292
Microgale cowani,11693,915,26.6587824925889
Microgale cowani,11695,915,16.2380797407103
Microgale cowani,1129,605,50.551453219145
Microgale cowani,1139,934,1.10266377710527
Microgale cowani,1145,934,0.183781132994473
Microgale cowani,1162,934,2.02137478975803
Microgale cowani,1163,934,0.826945434479237
Microgale cowani,1214,934,0.367459639964223
Microgale cowani,11717,934,1.10266607838708
Microgale cowani,11718,934,9.73881683759956
Microgale cowani,1229,935,1.46972063059181
Microgale cowani,1230,935,0.275577679304183
Microgale cowani,11723,935,30.0296278397191
Microgale cowani,11724,935,0.18370726844728
Microgale cowani,6,1,44.5157082169882
Microgale cowani,11450,942,29.3167998436829
Microgale cowani,11506,849,13.4738257842991
Microgale cowani,11504,852,27.6594821549596
Microgale cowani,11505,853,11.7562021209623
Microgale cowani,10833,878,19.2122661348475
Microgale cowani,11669,943,18.148249547828
Microgale cowani,11658,904,29.274766839554
Microgale cowani,11757,944,23.7666194395043
Microgale cowani,11704,911,56.0661895643025
Microgale cowani,11710,922,6.82379882420909
Microgale cowani,11713,923,23.6784079112986
Microgale cowani,11714,924,162.094219258716
Microgale cowani,2546,925,211.697744572212
Microgale cowani,11732,930,105.02396653668
Microgale cowani,11733,930,77.941507276654
Microgale cowani,11735,931,124.088483499845
Microgale cowani,11758,931,0.0920119200412631
Microgale cowani,11759,931,0.276032375240743
Microgale cowani,11760,931,0.0920085345218182
Microgale cowani,11737,932,62.2582651923038
Microgale cowani,11744,945,43.9123990712638
Microgale cowani,11761,946,29.8748831680267
Microgale cowani,11763,947,28.7459032692887
Microgale cowani,11741,933,6.25186649493641
Microgale cowani,11749,940,19.4429561790174
Microgale cowani,11764,940,0.0917031464005113
Microgale cowani,11750,941,19.0670525600537
Microgale drouhardi,3,1,29.3167998436829
Microgale drouhardi,172,22,62.2582651923038
Microgale drouhardi,2639,422,29.8748831680267
Microgale drouhardi,187,26,18.8183790778868
Microgale drouhardi,194,29,47.9091499661826
Microgale drouhardi,2583,336,29.274766839554
Microgale drouhardi,2590,423,4.87570953246022
Microgale drouhardi,2645,423,0.0886616954565048
Microgale drouhardi,2644,424,23.7666194395043
Microgale drouhardi,2196,411,19.2122661348475
Microgale drouhardi,2600,425,18.148249547828
Microgale drouhardi,2618,415,29.4874756572244
Microgale drouhardi,2646,426,28.7459032692887
Microgale drouhardi,2647,427,24.6990569160862
Microgale drouhardi,2622,416,6.82379882420909
Microgale drouhardi,2631,419,105.02396653668
Microgale drouhardi,2632,419,77.941507276654
Microgale drouhardi,2638,421,6.25186649493641
Microgale dryas,11,6,29.4874756572244
Microgale dryas,15,6,28.7459032692887
Microgale dryas,14,7,27.545424416823
Microgale fotsifotsy,3229,509,26.6587824925889
Microgale fotsifotsy,3259,524,18.8525092663866
Microgale fotsifotsy,13,1,29.3167998436829
Microgale fotsifotsy,3099,526,28.8450665179954
Microgale fotsifotsy,315,43,47.9091499661826
Microgale fotsifotsy,3196,425,29.274766839554
Microgale fotsifotsy,3203,527,4.87570953246022
Microgale fotsifotsy,3266,527,0.0886616954565048
Microgale fotsifotsy,3265,528,23.7666194395043
Microgale fotsifotsy,2752,507,19.2122661348475
Microgale fotsifotsy,3213,529,18.148249547828
Microgale fotsifotsy,3232,511,28.7459032692887
Microgale fotsifotsy,3235,512,6.82379882420909
Microgale fotsifotsy,296,516,211.697744572212
Microgale fotsifotsy,3251,520,105.02396653668
Microgale fotsifotsy,3252,521,53.5542140029307
Microgale fotsifotsy,3254,522,31.5513593196998
Microgale fotsifotsy,3256,523,62.2582651923038
Microgale fotsifotsy,3268,530,29.8748831680267
Microgale fotsifotsy,3262,525,6.25186649493641
Microgale gracilis,26,5,77.941507276654
Microgale gracilis,1375,5,105.02396653668
Microgale gracilis,31,7,17.8628102375012
Microgale gracilis,1165,176,29.274766839554
Microgale gracilis,1368,183,4.87570953246022
Microgale gracilis,1380,184,23.7666194395043
Microgale gracilis,1372,178,6.82379882420909
Microgale gracilis,1378,181,62.2582651923038
Microgale gracilis,1382,185,29.8748831680267
Microgale gracilis,1379,182,6.25186649493641
Microgale gymnorhyncha,3284,174,29.4123165165292
Microgale gymnorhyncha,3304,175,27.2715936270507
Microgale gymnorhyncha,9,4,26.6587824925889
Microgale gymnorhyncha,3359,4,16.2380797407103
Microgale gymnorhyncha,3362,203,55.3562922973957
Microgale gymnorhyncha,92,6,62.2582651923038
Microgale gymnorhyncha,3378,208,29.8748831680267
Microgale gymnorhyncha,37,7,76.2139834638012
Microgale gymnorhyncha,3089,197,19.2122661348475
Microgale gymnorhyncha,3344,209,18.148249547828
Microgale gymnorhyncha,3335,199,29.274766839554
Microgale gymnorhyncha,3380,210,23.7666194395043
Microgale gymnorhyncha,3361,200,58.6054087219563
Microgale gymnorhyncha,3366,202,6.82379882420909
Microgale gymnorhyncha,3371,206,105.228086439303
Microgale gymnorhyncha,3377,207,6.25186649493641
Microgale longicaudata,113,23,9.25542923517722
Microgale longicaudata,114,23,1.48074673073471
Microgale longicaudata,7803,1247,27.2715936270507
Microgale longicaudata,7804,1248,29.4123165165292
Microgale longicaudata,8007,1323,16.2380797407103
Microgale longicaudata,8005,1321,26.6587824925889
Microgale longicaudata,1080,1333,1.10266377710527
Microgale longicaudata,1097,1333,0.826945434479237
Microgale longicaudata,1137,1333,0.367459639964223
Microgale longicaudata,8054,1333,9.73881683759956
Microgale longicaudata,1151,1334,1.46972063059181
Microgale longicaudata,8059,1334,30.0296278397191
Microgale longicaudata,8060,1334,0.18370726844728
Microgale longicaudata,1074,1221,50.551453219145
Microgale longicaudata,37,1,56.9441684159139
Microgale longicaudata,7693,1356,29.3167998436829
Microgale longicaudata,7290,1159,19.2122661348475
Microgale longicaudata,7979,1357,18.148249547828
Microgale longicaudata,7807,1246,13.4738257842991
Microgale longicaudata,7805,1249,27.6594821549596
Microgale longicaudata,7806,1250,11.7562021209623
Microgale longicaudata,7965,1303,29.274766839554
Microgale longicaudata,8108,1358,23.7666194395043
Microgale longicaudata,8021,1325,16.0995421292329
Microgale longicaudata,8031,1330,6.82379882420909
Microgale longicaudata,2218,1336,211.697744572212
Microgale longicaudata,8033,1337,162.094219258716
Microgale longicaudata,8068,1342,105.02396653668
Microgale longicaudata,8069,1342,77.941507276654
Microgale longicaudata,8071,1343,124.088483499845
Microgale longicaudata,8109,1343,0.0920119200412631
Microgale longicaudata,8110,1343,0.276032375240743
Microgale longicaudata,8111,1343,0.0920085345218182
Microgale longicaudata,8073,1344,62.2582651923038
Microgale longicaudata,8080,1359,43.9123990712638
Microgale longicaudata,8112,1360,29.8748831680267
Microgale longicaudata,8114,1361,28.7459032692887
Microgale longicaudata,8115,1362,27.545424416823
Microgale longicaudata,8077,1345,6.25186649493641
Microgale longicaudata,8092,1346,23.6784079112986
Microgale longicaudata,8093,1347,16.6035814809212
Microgale longicaudata,8094,1363,19.4429561790174
Microgale longicaudata,8116,1363,0.0917031464005113
Microgale longicaudata,8096,1349,19.0670525600537
Microgale longicaudata,8098,1350,31.6875166683302
Microgale longicaudata,8086,1355,56.0661895643025
Microgale longicaudata,8087,1364,24.5940684182199
Microgale majori,4,1,28.8450665179954
Microgale majori,631,118,26.6587824925889
Microgale majori,632,120,82.3436727737423
Microgale majori,553,96,19.2122661348475
Microgale majori,617,121,18.148249547828
Microgale majori,54,119,58.6054087219563
Microgale majori,635,122,26.4404268955793
Microgale mergulus,10,2,27.3374724883207
Microgale mergulus,12,2,54.2037306260149
Microgale mergulus,17,2,23.2776854783
Microgale mergulus,26,92,91.6739893779726
Microgale mergulus,19,4,62.2582651923038
Microgale mergulus,23,4,6.25186649493766
Microgale mergulus,1274,59,19.2122661348475
Microgale parvula,7675,1432,29.4123165165292
Microgale parvula,7794,1433,27.2715936270507
Microgale parvula,8007,1499,16.2380797407103
Microgale parvula,8005,1497,26.6587824925889
Microgale parvula,952,51,50.551453219145
Microgale parvula,961,1548,1.10266377710527
Microgale parvula,985,1548,0.826945434479237
Microgale parvula,1028,1548,0.367459639964223
Microgale parvula,8083,1548,9.73881683759956
Microgale parvula,1045,1549,1.46972063059181
Microgale parvula,8088,1549,30.0296278397191
Microgale parvula,8089,1549,0.18370726844728
Microgale parvula,8117,1555,19.5664778138609
Microgale parvula,8119,1556,22.4907523126593
Microgale parvula,31,6,56.9441684159139
Microgale parvula,7685,1557,29.3167998436829
Microgale parvula,7950,1366,29.274766839554
Microgale parvula,7957,1558,4.87570953246022
Microgale parvula,8144,1558,0.0886616954565048
Microgale parvula,8143,1559,23.7666194395043
Microgale parvula,7798,1431,13.4738257842991
Microgale parvula,7796,1434,27.6594821549596
Microgale parvula,7797,1435,11.7562021209623
Microgale parvula,7246,1486,19.2122661348475
Microgale parvula,7982,1560,18.148249547828
Microgale parvula,8027,1504,16.0995421292329
Microgale parvula,8043,1512,6.82379882420909
Microgale parvula,8045,1517,18.8183790778868
Microgale parvula,2119,1531,211.697744572212
Microgale parvula,8046,1533,162.094219258716
Microgale parvula,8097,1538,105.02396653668
Microgale parvula,8098,1538,77.941507276654
Microgale parvula,8100,1539,124.088483499845
Microgale parvula,8148,1539,0.0920119200412631
Microgale parvula,8149,1539,0.276032375240743
Microgale parvula,8150,1539,0.0920085345218182
Microgale parvula,8102,1540,62.2582651923038
Microgale parvula,8109,1561,43.9123990712638
Microgale parvula,8151,1562,29.8748831680267
Microgale parvula,8153,1563,28.7459032692887
Microgale parvula,8154,1564,27.545424416823
Microgale parvula,8106,1541,6.25186649493641
Microgale parvula,8127,1542,23.6784079112986
Microgale parvula,8128,1543,16.6035814809212
Microgale parvula,8129,1565,19.4429561790174
Microgale parvula,8155,1565,0.0917031464005113
Microgale parvula,8131,1544,19.0670525600537
Microgale parvula,8133,1545,31.6875166683302
Microgale parvula,8113,1553,56.0661895643025
Microgale parvula,8118,1566,24.5940684182199
Microgale principula,4910,607,29.4123165165292
Microgale principula,4969,686,27.2715936270507
Microgale principula,5166,755,16.2380797407103
Microgale principula,5165,754,26.6587824925889
Microgale principula,5265,803,19.5664778138609
Microgale principula,1,1,29.3167998436829
Microgale principula,5118,640,29.274766839554
Microgale principula,5125,804,4.87570953246022
Microgale principula,5288,804,0.0886616954565048
Microgale principula,5287,805,23.7666194395043
Microgale principula,4970,687,27.6594821549596
Microgale principula,4971,688,11.7562021209623
Microgale principula,4604,745,19.2122661348475
Microgale principula,5144,806,18.148249547828
Microgale principula,5186,757,16.0995421292329
Microgale principula,5201,765,6.82379882420909
Microgale principula,5207,771,18.8183790778868
Microgale principula,794,782,211.697744572212
Microgale principula,5208,784,162.094219258716
Microgale principula,5245,788,105.02396653668
Microgale principula,5246,788,77.941507276654
Microgale principula,5248,789,124.088483499845
Microgale principula,5292,789,0.0920119200412631
Microgale principula,5293,789,0.276032375240743
Microgale principula,5294,789,0.0920085345218182
Microgale principula,5250,790,62.2582651923038
Microgale principula,5257,807,43.9123990712638
Microgale principula,5295,808,29.8748831680267
Microgale principula,5297,809,28.7459032692887
Microgale principula,5298,810,27.545424416823
Microgale principula,5254,791,6.25186649493641
Microgale principula,5275,792,23.6784079112986
Microgale principula,5276,793,16.6035814809212
Microgale principula,5277,811,19.4429561790174
Microgale principula,5299,811,0.0917031464005113
Microgale principula,5279,794,19.0670525600537
Microgale principula,5281,795,31.6875166683302
Microgale principula,5261,802,56.0661895643025
Microgale principula,5266,812,24.5940684182199
Microgale pusilla,2269,499,29.4123165165292
Microgale pusilla,2479,504,27.2715936270507
Microgale pusilla,2516,535,29.3626977272841
Microgale pusilla,2548,546,18.8525092663866
Microgale pusilla,303,29,109.536799615474
Microgale pusilla,1997,337,19.2122661348475
Microgale pusilla,263,529,62.2582651923038
Microgale pusilla,2553,550,42.5343789291005
Microgale pusilla,2559,551,29.8748831680267
Microgale pusilla,2523,536,23.6784079112986
Microgale pusilla,2532,539,104.208552844716
Microgale pusilla,2534,539,2.57936223117161
Microgale pusilla,2535,539,82.3436727737423
Microgale pusilla,2541,544,105.02396653668
Microgale pusilla,2542,544,77.941507276654
Microgale pusilla,2551,547,6.25186649493641
Microgale pusilla,2557,549,16.6035814809212
Microgale pusilla,2558,552,19.4429561790174
Microgale pusilla,2563,552,0.0917031464005113
Microgale soricoides,309,171,1.8373651948179
Microgale soricoides,312,171,0.367459639964223
Microgale soricoides,318,171,0.183724619395971
Microgale soricoides,319,171,0.275586929093957
Microgale soricoides,326,171,1.46972063059181
Microgale soricoides,327,171,0.275577679304183
Microgale soricoides,339,171,2.75561017110461
Microgale soricoides,340,171,0.275553377308786
Microgale soricoides,3879,142,29.4123165165292
Microgale soricoides,3964,216,27.2715936270507
Microgale soricoides,4048,253,26.6587824925889
Microgale soricoides,4049,253,16.2380797407103
Microgale soricoides,4065,262,55.3562922973957
Microgale soricoides,379,258,30.0463397286814
Microgale soricoides,260,4,62.2582651923038
Microgale soricoides,4075,268,29.8748831680267
Microgale soricoides,58,6,76.2139834638012
Microgale soricoides,376,15,19.4429561790174
Microgale soricoides,4077,15,0.0917031464005113
Microgale soricoides,3965,217,27.6594821549596
Microgale soricoides,3431,228,19.2122661348475
Microgale soricoides,4030,269,18.148249547828
Microgale soricoides,4015,248,29.274766839554
Microgale soricoides,4078,270,23.7666194395043
Microgale soricoides,4058,260,6.82379882420909
Microgale soricoides,4051,261,58.6054087219563
Microgale soricoides,4068,265,23.7377766506236
Microgale soricoides,4069,266,124.088483499845
Microgale soricoides,4081,266,0.0920119200412631
Microgale soricoides,4082,266,0.276032375240743
Microgale soricoides,4083,266,0.0920085345218182
Microgale soricoides,4074,267,6.25186649493641
Microgale taiva,3526,307,29.4123165165292
Microgale taiva,22,7,26.6587824925889
Microgale taiva,3721,425,16.2380797407103
Microgale taiva,263,437,50.551453219145
Microgale taiva,266,453,1.10266377710527
Microgale taiva,274,453,0.826945434479237
Microgale taiva,288,453,0.367459639964223
Microgale taiva,3753,453,9.73881683759956
Microgale taiva,295,454,1.46972063059181
Microgale taiva,3758,454,30.0296278397191
Microgale taiva,3759,454,0.18370726844728
Microgale taiva,345,40,13.2186397100113
Microgale taiva,3540,364,27.6594821549596
Microgale taiva,3683,395,29.274766839554
Microgale taiva,3690,459,4.87570953246022
Microgale taiva,3794,459,0.0886616954565048
Microgale taiva,3793,460,23.7666194395043
Microgale taiva,2836,415,19.2122661348475
Microgale taiva,3699,461,18.148249547828
Microgale taiva,3729,427,16.0995421292329
Microgale taiva,3736,432,6.82379882420909
Microgale taiva,663,438,211.697744572212
Microgale taiva,3738,439,162.094219258716
Microgale taiva,3763,442,105.02396653668
Microgale taiva,3764,442,77.941507276654
Microgale taiva,3766,443,124.088483499845
Microgale taiva,3795,443,0.0920119200412631
Microgale taiva,3796,443,0.276032375240743
Microgale taiva,3797,443,0.0920085345218182
Microgale taiva,3768,444,62.2582651923038
Microgale taiva,3775,462,43.9123990712638
Microgale taiva,3798,463,29.8748831680267
Microgale taiva,3800,464,28.7459032692887
Microgale taiva,3801,465,27.545424416823
Microgale taiva,3772,445,6.25186649493641
Microgale taiva,3785,446,23.6784079112986
Microgale taiva,3786,447,16.6035814809212
Microgale taiva,3787,466,19.4429561790174
Microgale taiva,3802,466,0.0917031464005113
Microgale taiva,3788,448,19.0670525600537
Microgale taiva,3790,450,31.6875166683302
Microgale taiva,3779,458,56.0661895643025
Microgale taiva,3780,467,24.5940684182199
Microgale thomasi,97,145,6.25186649493766
Microgale thomasi,154,29,31.6875166683323
Microgale thomasi,1240,125,29.4123165165292
Microgale thomasi,1353,202,26.6587824925889
Microgale thomasi,1398,202,16.2380797407103
Microgale thomasi,86,21,18.8525092663892
Microgale thomasi,156,31,16.0995421292329
Microgale thomasi,1,1,16.605498266865
Microgale thomasi,66,17,76.2139834638012
Microgale thomasi,1096,175,19.2122661348475
Microgale thomasi,1332,190,29.274766839554
Microgale thomasi,1423,214,23.7666194395043
Microgale thomasi,1395,201,6.82379882420909
Microgale thomasi,144,203,19.0670525600537
Microgale thomasi,1402,204,83.7188999568725
Microgale thomasi,140,206,43.9123990712638
Microgale thomasi,1416,215,29.8748831680267
Microgale thomasi,1421,216,28.7459032692887
Microgale thomasi,1422,217,24.6990569160862
Microgale thomasi,1408,207,53.5542140029307
Microgale thomasi,68,208,104.208552844716
Microgale thomasi,1403,208,2.57936223117161
Microgale thomasi,1404,208,82.3436727737423
Microgale thomasi,1401,211,23.6784079112986
Microgale thomasi,1417,212,16.6035814809212
Microgale thomasi,1418,218,19.4429561790174
Microgale thomasi,1411,213,62.2582651923038
Mirza coquereli,64,9,47.6098880191004
Mirza coquereli,209,56,114.365959897449
Monticola erythronotus,1,1,29.3167998436829
Monticola erythronotus,5,1,0.927590094763458
Monticola erythronotus,9,1,28.8450665179956
Monticola imerina,56,8,31.6167790476316
Monticola imerina,77,8,3.47957565452278
Monticola imerina,81,8,8.63333606819333
Monticola imerina,83,8,2.44082853370917
Monticola imerina,79,9,1.2165961779443
Monticola imerina,80,9,12.7629415674419
Monticola imerina,85,9,0.69498877190876
Monticola sharpei,133,2,9.25542923517722
Monticola sharpei,140,2,1.48074673073471
Monticola sharpei,142,2,1.48068535666716
Monticola sharpei,143,2,0.277623898765862
Monticola sharpei,31058,74,26.6587824925889
Monticola sharpei,31060,74,16.2380797407103
Monticola sharpei,1888,118,1.10266377710527
Monticola sharpei,1895,118,0.183781132994473
Monticola sharpei,1926,118,2.02137478975803
Monticola sharpei,1927,118,0.826945434479237
Monticola sharpei,2017,118,0.367459639964223
Monticola sharpei,2029,118,0.183724619395971
Monticola sharpei,2030,118,0.275586929093957
Monticola sharpei,2037,118,1.46972063059181
Monticola sharpei,2038,118,0.275577679304183
Monticola sharpei,31138,118,1.10266607838708
Monticola sharpei,31139,118,9.73881683759956
Monticola sharpei,31144,118,30.0296278397191
Monticola sharpei,31145,118,0.18370726844728
Monticola sharpei,47,1,57.8717585106773
Monticola sharpei,30711,1,29.3167998436829
Monticola sharpei,24902,78,52.9723472372599
Monticola sharpei,30839,98,27.2715936270507
Monticola sharpei,30840,98,29.4123165165292
Monticola sharpei,30841,98,27.6594821549596
Monticola sharpei,30842,98,11.7562021209623
Monticola sharpei,30843,98,13.4738257842991
Monticola sharpei,31198,98,0.259287194254398
Monticola sharpei,30999,105,29.274766839554
Monticola sharpei,31006,105,4.87570953246022
Monticola sharpei,31096,105,6.82379882420909
Monticola sharpei,31200,105,23.7666194395043
Monticola sharpei,26727,108,19.2122661348475
Monticola sharpei,31024,108,18.148249547828
Monticola sharpei,1873,109,50.551453219145
Monticola sharpei,31153,109,105.02396653668
Monticola sharpei,31154,109,77.941507276654
Monticola sharpei,31156,109,124.088483499845
Monticola sharpei,31158,109,62.2582651923038
Monticola sharpei,31162,109,6.25186649493641
Monticola sharpei,31165,109,43.9123990712638
Monticola sharpei,31206,109,0.276032375240743
Monticola sharpei,31208,109,29.8748831680267
Monticola sharpei,31209,109,1.47043301236653
Monticola sharpei,31210,109,28.7459032692887
Monticola sharpei,31211,109,27.545424416823
Monticola sharpei,5948,119,211.697744572212
Monticola sharpei,31080,120,16.0995421292329
Monticola sharpei,31169,120,56.0661895643025
Monticola sharpei,31173,120,19.5664778138609
Monticola sharpei,31174,120,24.5940684182199
Monticola sharpei,31175,120,22.4907523126593
Monticola sharpei,31176,120,2.2857108314302
Monticola sharpei,31099,121,162.094219258716
Monticola sharpei,31189,121,31.6875166683302
Monticola sharpei,31183,122,23.6784079112986
Monticola sharpei,31184,122,16.6035814809212
Monticola sharpei,31185,122,19.4429561790174
Monticola sharpei,31187,122,19.0670525600537
Monticola sharpei,31098,116,18.8183790778868
Monticola sharpei,31204,116,2.11083364651418
Motacilla flaviventris,137,3,66.489778000425
Motacilla flaviventris,155,3,0.368126523456812
Mystacornis crossleyi,5480,1,26.6587824925889
Mystacornis crossleyi,5482,1,16.2380797407103
Mystacornis crossleyi,5245,5,29.4123165165292
Mystacornis crossleyi,5293,5,27.2715936270507
Mystacornis crossleyi,5294,5,27.6594821549596
Mystacornis crossleyi,5295,5,11.7562021209623
Mystacornis crossleyi,5573,5,0.259287194254398
Mystacornis crossleyi,5438,12,29.274766839554
Mystacornis crossleyi,5445,12,4.87570953246022
Mystacornis crossleyi,5505,12,6.82379882420909
Mystacornis crossleyi,5575,12,23.7666194395043
Mystacornis crossleyi,4876,14,19.2122661348475
Mystacornis crossleyi,5460,14,18.148249547828
Mystacornis crossleyi,131,15,2.11438066261417
Mystacornis crossleyi,155,15,0.275701020456195
Mystacornis crossleyi,5542,15,105.02396653668
Mystacornis crossleyi,5543,15,77.941507276654
Mystacornis crossleyi,5545,15,121.788253211748
Mystacornis crossleyi,5547,15,62.2582651923038
Mystacornis crossleyi,5551,15,6.25186649493641
Mystacornis crossleyi,5554,15,43.9123990712638
Mystacornis crossleyi,5581,15,29.8748831680267
Mystacornis crossleyi,5582,15,1.47043301236653
Mystacornis crossleyi,5583,15,28.7459032692887
Mystacornis crossleyi,5584,15,27.545424416823
Mystacornis crossleyi,398,24,211.697744572212
Mystacornis crossleyi,456,25,56.0661895643025
Mystacornis crossleyi,5555,25,16.0995421292329
Mystacornis crossleyi,5556,25,24.5940684182199
Mystacornis crossleyi,5557,25,0.64002363332057
Mystacornis crossleyi,5558,25,2.2857108314302
Mystacornis crossleyi,5508,26,162.094219258716
Mystacornis crossleyi,5569,26,31.6875166683302
Mystacornis crossleyi,5565,27,23.6784079112986
Mystacornis crossleyi,5566,27,16.6035814809212
Mystacornis crossleyi,5567,27,19.4429561790174
Mystacornis crossleyi,5568,27,19.0670525600537
Mystacornis crossleyi,5507,23,18.8183790778868
Mystacornis crossleyi,5579,23,2.11083364651418
Neodrepanis coruscans,279,1,43.9123990712638
Neodrepanis coruscans,4863,1,28.7459032692887
Neodrepanis coruscans,4864,1,27.545424416823
Neodrepanis coruscans,4789,48,62.2582651923038
Neodrepanis coruscans,4843,48,77.6864940483404
Neodrepanis coruscans,4844,48,77.941507276654
Neodrepanis coruscans,4846,48,61.4532006051214
Neodrepanis coruscans,4850,48,18.8525092663866
Neodrepanis coruscans,4853,48,6.25186649493641
Neodrepanis coruscans,4870,48,29.8748831680267
Neodrepanis coruscans,4871,48,1.47043301236653
Neodrepanis coruscans,371,4,56.0661895643025
Neodrepanis coruscans,4834,4,16.0995421292329
Neodrepanis coruscans,4835,4,24.5940684182199
Neodrepanis coruscans,4639,23,29.4123165165292
Neodrepanis coruscans,4654,23,27.2715936270507
Neodrepanis coruscans,4655,49,27.6594821549596
Neodrepanis coruscans,4656,49,11.7562021209623
Neodrepanis coruscans,4865,49,0.0864341105604172
Neodrepanis coruscans,4866,49,0.259287194254398
Neodrepanis coruscans,4867,49,0.0864246485347748
Neodrepanis coruscans,4693,30,29.274766839554
Neodrepanis coruscans,4781,30,4.87570953246022
Neodrepanis coruscans,4868,30,23.7666194395043
Neodrepanis coruscans,4869,30,0.0886616954565048
Neodrepanis coruscans,4805,50,6.82379882420909
Neodrepanis coruscans,3813,36,19.2122661348475
Neodrepanis coruscans,4788,36,18.148249547828
Neodrepanis coruscans,221,39,113.750610530536
Neodrepanis coruscans,292,42,31.6875166683302
Neodrepanis coruscans,4807,43,18.7265923508299
Neodrepanis coruscans,4806,46,19.0670525600537
Neodrepanis coruscans,4856,51,19.4429561790174
Neodrepanis coruscans,4872,51,0.0917031464005113
Neodrepanis coruscans,4862,52,16.6035814809212
Neodrepanis coruscans,4837,47,77.768125949136
Neodrepanis coruscans,4838,47,2.57936223117161
Neodrepanis coruscans,4839,47,52.3169529403744
Neodrepanis hypoxantha,1,1,29.874883168016
Neodrepanis hypoxantha,3,3,27.2715936270423
Neodrepanis hypoxantha,2,2,6.82379882420909
Neomixis striatigula,11200,3,26.6587824925889
Neomixis striatigula,11202,3,16.2380797407103
Neomixis striatigula,691,96,1.10266377710551
Neomixis striatigula,692,96,0.183781132994473
Neomixis striatigula,706,96,2.02137478975803
Neomixis striatigula,707,96,0.826945434479237
Neomixis striatigula,731,96,0.367459639964223
Neomixis striatigula,735,96,0.183724619395971
Neomixis striatigula,736,96,0.275586929093957
Neomixis striatigula,742,96,1.46972063059181
Neomixis striatigula,743,96,0.275577679304183
Neomixis striatigula,11263,96,1.10266607838708
Neomixis striatigula,11264,96,9.73881683759956
Neomixis striatigula,11269,96,16.8076049693545
Neomixis striatigula,11270,96,0.18370726844728
Neomixis striatigula,1,1,29.3167998436829
Neomixis striatigula,10972,73,29.4123165165292
Neomixis striatigula,10990,73,27.2715936270507
Neomixis striatigula,10991,73,27.6594821549596
Neomixis striatigula,10992,73,11.7562021209623
Neomixis striatigula,11312,73,0.259287194254398
Neomixis striatigula,11150,81,29.274766839554
Neomixis striatigula,11157,81,4.87570953246022
Neomixis striatigula,11314,81,23.7666194395043
Neomixis striatigula,11225,98,6.82379882420909
Neomixis striatigula,10144,84,19.2122661348475
Neomixis striatigula,11176,84,18.148249547828
Neomixis striatigula,681,86,45.2219258370937
Neomixis striatigula,11275,86,105.02396653668
Neomixis striatigula,11276,86,77.941507276654
Neomixis striatigula,11278,86,124.088483499845
Neomixis striatigula,11280,86,62.2582651923038
Neomixis striatigula,11284,86,6.25186649493641
Neomixis striatigula,11287,86,43.9123990712638
Neomixis striatigula,11320,86,0.276032375240743
Neomixis striatigula,11322,86,29.8748831680267
Neomixis striatigula,11323,86,1.47043301236653
Neomixis striatigula,11324,86,28.7459032692887
Neomixis striatigula,11325,86,27.545424416823
Neomixis striatigula,1593,99,211.697744572212
Neomixis striatigula,11228,100,162.094219258716
Neomixis striatigula,11308,100,31.6875166683302
Neomixis striatigula,11303,101,23.6784079112986
Neomixis striatigula,11304,102,16.6035814809212
Neomixis striatigula,11305,102,19.4429561790174
Neomixis striatigula,11306,103,19.0670525600537
Neomixis striatigula,11227,94,18.8183790778868
Neomixis striatigula,11318,94,2.11083364651418
Neomixis striatigula,11217,97,16.0995421292329
Neomixis striatigula,11291,97,56.0661895643025
Neomixis striatigula,11295,97,19.5664778138609
Neomixis striatigula,11296,97,24.5940684182199
Neomixis striatigula,11297,97,2.2857108314302
Neomixis tenella,485,241,0.370271373195231
Neomixis tenella,487,241,0.462834125284791
Neomixis tenella,493,241,43.0377824654073
Neomixis tenella,494,241,0.18513059458977
Neomixis tenella,516,241,1.48074673073471
Neomixis tenella,519,241,1.66577102635694
Neomixis tenella,524,241,0.277623898765862
Neomixis tenella,527,241,0.277610584835947
Neomixis tenella,20404,283,46.6540592851467
Neomixis tenella,40532,283,0.0899356091371775
Neomixis tenella,40533,283,0.0899341444739103
Neomixis tenella,40534,283,0.0899326796025038
Neomixis tenella,40535,283,0.0898650706012249
Neomixis tenella,40536,283,0.0898635959522724
Neomixis tenella,40537,283,0.0898621210949421
Neomixis tenella,40577,148,26.6587824925889
Neomixis tenella,40579,148,16.2380797407103
Neomixis tenella,3059,321,1.10266377710527
Neomixis tenella,3074,321,0.183781132994473
Neomixis tenella,3125,321,2.02137478975803
Neomixis tenella,3126,321,0.826945434479237
Neomixis tenella,3290,321,0.367459639964223
Neomixis tenella,3313,321,0.183724619395971
Neomixis tenella,3314,321,0.275586929093957
Neomixis tenella,3331,321,1.46972063059181
Neomixis tenella,3332,321,0.275577679304183
Neomixis tenella,40667,321,1.10266607838708
Neomixis tenella,40668,321,9.73881683759956
Neomixis tenella,40673,321,30.0296278397191
Neomixis tenella,40674,321,0.18370726844728
Neomixis tenella,194,83,57.8717585106773
Neomixis tenella,40013,83,29.3167998436829
Neomixis tenella,40744,83,0.0927447180024385
Neomixis tenella,40745,83,0.0927427567195296
Neomixis tenella,40746,83,0.0927417757584453
Neomixis tenella,40747,83,0.0927240819920898
Neomixis tenella,38048,88,10.1701180718572
Neomixis tenella,40760,88,0.086935729736805
Neomixis tenella,40761,88,0.608441640821219
Neomixis tenella,40762,88,0.0869044618544579
Neomixis tenella,37141,253,8.63333606819333
Neomixis tenella,40758,253,0.0871819548202753
Neomixis tenella,40759,253,1.22047313570952
Neomixis tenella,37499,324,12.5448636819012
Neomixis tenella,22820,282,17.4667180712485
Neomixis tenella,40289,288,27.2715936270507
Neomixis tenella,40290,288,29.4123165165292
Neomixis tenella,40291,325,27.6594821549596
Neomixis tenella,40292,325,11.7562021209623
Neomixis tenella,40763,325,0.0864341105604172
Neomixis tenella,40764,325,0.259287194254398
Neomixis tenella,40765,325,0.0864246485347748
Neomixis tenella,40293,326,13.4738257842991
Neomixis tenella,40448,298,29.274766839554
Neomixis tenella,40506,327,4.87570953246022
Neomixis tenella,40766,327,0.0886616954565048
Neomixis tenella,35944,303,19.2122661348475
Neomixis tenella,40541,303,18.148249547828
Neomixis tenella,8056,311,58.5835993688454
Neomixis tenella,8083,311,0.364940765320301
Neomixis tenella,40748,311,31.7616470487364
Neomixis tenella,40749,311,0.0912768307586908
Neomixis tenella,40750,311,0.182548627367735
Neomixis tenella,40751,311,25.4575989942786
Neomixis tenella,3038,312,50.551453219145
Neomixis tenella,40686,312,105.02396653668
Neomixis tenella,40687,312,77.941507276654
Neomixis tenella,40689,312,124.088483499845
Neomixis tenella,40691,312,62.2582651923038
Neomixis tenella,40695,312,6.25186649493641
Neomixis tenella,40770,312,0.0920119200412631
Neomixis tenella,40771,312,0.276032375240743
Neomixis tenella,40772,312,0.0920085345218182
Neomixis tenella,40773,312,29.8748831680267
Neomixis tenella,40774,312,1.47043301236653
Neomixis tenella,11842,328,211.697744572212
Neomixis tenella,40752,328,0.0921512873141766
Neomixis tenella,40753,328,0.0921457762500048
Neomixis tenella,40630,329,162.094219258716
Neomixis tenella,40743,329,31.6875166683302
Neomixis tenella,40698,330,43.9123990712638
Neomixis tenella,40775,330,28.7459032692887
Neomixis tenella,40776,330,27.545424416823
Neomixis tenella,40737,331,23.6784079112986
Neomixis tenella,40738,332,16.6035814809212
Neomixis tenella,40739,333,19.4429561790174
Neomixis tenella,40777,333,0.0917031464005113
Neomixis tenella,40741,334,19.0670525600537
Neomixis tenella,40629,319,18.8183790778868
Neomixis tenella,40767,319,0.0917843872631192
Neomixis tenella,40768,319,0.0917832170488834
Neomixis tenella,40769,319,2.11083364651418
Neomixis tenella,25188,322,86.2629835085398
Neomixis tenella,40754,322,0.0894990973969698
Neomixis tenella,40755,322,0.089497572085619
Neomixis tenella,40756,322,0.0894960465672016
Neomixis tenella,40757,322,0.536578449850679
Neomixis tenella,40627,335,0.446690589020967
Neomixis tenella,40700,335,114.365959897449
Neomixis tenella,40599,323,16.0995421292329
Neomixis tenella,40724,323,56.0661895643025
Neomixis tenella,40729,323,24.5940684182199
Neomixis tenella,40728,336,19.5664778138609
Neomixis tenella,40730,336,2.2857108314302
Neomixis viridis,8466,1,26.6587824925889
Neomixis viridis,8468,1,16.2380797407103
Neomixis viridis,379,85,1.10266377710551
Neomixis viridis,380,85,0.183781132994473
Neomixis viridis,399,85,2.02137478975803
Neomixis viridis,400,85,0.826945434479237
Neomixis viridis,439,85,0.367459639964223
Neomixis viridis,446,85,0.183724619395971
Neomixis viridis,447,85,0.275586929093957
Neomixis viridis,452,85,1.46972063059181
Neomixis viridis,453,85,0.275577679304183
Neomixis viridis,8530,85,1.10266607838708
Neomixis viridis,8531,85,9.73881683759956
Neomixis viridis,8536,85,16.8076049693545
Neomixis viridis,8537,85,0.18370726844728
Neomixis viridis,8261,64,29.4123165165292
Neomixis viridis,8262,64,27.2715936270507
Neomixis viridis,8263,87,27.6594821549596
Neomixis viridis,8264,87,11.7562021209623
Neomixis viridis,8581,87,0.259287194254398
Neomixis viridis,8415,71,29.274766839554
Neomixis viridis,8422,71,4.87570953246022
Neomixis viridis,8583,71,23.7666194395043
Neomixis viridis,8490,88,6.82379882420909
Neomixis viridis,7642,75,19.2122661348475
Neomixis viridis,8440,75,18.148249547828
Neomixis viridis,370,77,50.551453219145
Neomixis viridis,8542,77,105.02396653668
Neomixis viridis,8543,77,77.941507276654
Neomixis viridis,8545,77,121.788253211748
Neomixis viridis,8547,77,62.2582651923038
Neomixis viridis,8551,77,6.25186649493641
Neomixis viridis,8589,77,29.8748831680267
Neomixis viridis,8590,77,1.47043301236653
Neomixis viridis,1251,89,211.697744572212
Neomixis viridis,8493,90,162.094219258716
Neomixis viridis,8577,90,31.6875166683302
Neomixis viridis,8554,91,43.9123990712638
Neomixis viridis,8591,91,28.7459032692887
Neomixis viridis,8592,91,27.545424416823
Neomixis viridis,8572,92,23.6784079112986
Neomixis viridis,8573,93,16.6035814809212
Neomixis viridis,8574,93,19.4429561790174
Neomixis viridis,8576,94,19.0670525600537
Neomixis viridis,8492,83,18.8183790778868
Neomixis viridis,8587,83,2.11083364651418
Neomixis viridis,8483,86,16.0995421292329
Neomixis viridis,8558,86,56.0661895643025
Neomixis viridis,8563,86,24.5940684182199
Neomixis viridis,8562,95,2.74324513354385
Neomixis viridis,8564,95,0.64002363332057
Neomixis viridis,8565,95,2.2857108314302
Nesillas lantzii,176,8,20.5528785577279
Nesillas lantzii,265,8,3.47957565452278
Nesillas lantzii,190,9,34.5077461519358
Nesillas lantzii,264,9,25.3907382257994
Nesillas lantzii,267,9,0.608441640821219
Nesillas lantzii,268,9,7.82027605935955
Nesillas lantzii,269,9,6.16877974064255
Nesogale dobsoni,9052,626,27.2715936270507
Nesogale dobsoni,9053,627,29.4123165165292
Nesogale dobsoni,9252,692,26.6587824925889
Nesogale dobsoni,9254,692,16.2380797407103
Nesogale dobsoni,751,707,1.10266377710527
Nesogale dobsoni,756,707,0.183781132994473
Nesogale dobsoni,778,707,2.02137478975803
Nesogale dobsoni,779,707,0.826945434479237
Nesogale dobsoni,823,707,0.367459639964223
Nesogale dobsoni,830,707,0.183724619395971
Nesogale dobsoni,831,707,0.275586929093957
Nesogale dobsoni,834,707,1.46972063059181
Nesogale dobsoni,835,707,0.275577679304183
Nesogale dobsoni,9320,707,1.10266607838708
Nesogale dobsoni,9321,707,9.73881683759956
Nesogale dobsoni,9326,707,30.0296278397191
Nesogale dobsoni,9327,707,0.18370726844728
Nesogale dobsoni,743,607,50.551453219145
Nesogale dobsoni,3,1,44.5157082169882
Nesogale dobsoni,8991,722,29.3167998436829
Nesogale dobsoni,9056,625,13.4738257842991
Nesogale dobsoni,9054,628,27.6594821549596
Nesogale dobsoni,9055,629,11.7562021209623
Nesogale dobsoni,8384,650,19.2122661348475
Nesogale dobsoni,9227,723,18.148249547828
Nesogale dobsoni,9211,674,29.274766839554
Nesogale dobsoni,9374,674,23.7666194395043
Nesogale dobsoni,9287,701,6.82379882420909
Nesogale dobsoni,9292,703,18.8183790778868
Nesogale dobsoni,2212,708,211.697744572212
Nesogale dobsoni,9335,724,105.02396653668
Nesogale dobsoni,9336,724,77.941507276654
Nesogale dobsoni,9272,710,16.0995421292329
Nesogale dobsoni,9293,711,162.094219258716
Nesogale dobsoni,9338,714,124.088483499845
Nesogale dobsoni,9379,714,0.276032375240743
Nesogale dobsoni,9340,715,62.2582651923038
Nesogale dobsoni,9347,725,43.9123990712638
Nesogale dobsoni,9383,725,28.7459032692887
Nesogale dobsoni,9381,726,29.8748831680267
Nesogale dobsoni,9384,727,27.545424416823
Nesogale dobsoni,9344,716,6.25186649493641
Nesogale dobsoni,9351,717,56.0661895643025
Nesogale dobsoni,9352,717,24.5940684182199
Nesogale dobsoni,9361,718,23.6784079112986
Nesogale dobsoni,9362,719,16.6035814809212
Nesogale dobsoni,9363,728,19.4429561790174
Nesogale dobsoni,9365,720,19.0670525600537
Nesogale dobsoni,9367,721,31.6875166683302
Nesogale talazaci,9813,461,27.2715936270507
Nesogale talazaci,9814,462,29.4123165165292
Nesogale talazaci,10028,520,26.6587824925889
Nesogale talazaci,10030,520,16.2380797407103
Nesogale talazaci,834,548,50.551453219145
Nesogale talazaci,842,470,1.10266377710527
Nesogale talazaci,845,470,0.183781132994473
Nesogale talazaci,864,470,2.02137478975803
Nesogale talazaci,865,470,0.826945434479237
Nesogale talazaci,906,470,0.367459639964223
Nesogale talazaci,912,470,0.183724619395971
Nesogale talazaci,913,470,0.275586929093957
Nesogale talazaci,919,470,1.46972063059181
Nesogale talazaci,920,470,0.275577679304183
Nesogale talazaci,10103,470,1.10266607838708
Nesogale talazaci,10104,470,9.73881683759956
Nesogale talazaci,10109,470,30.0296278397191
Nesogale talazaci,10110,470,0.18370726844728
Nesogale talazaci,10138,539,19.5664778138609
Nesogale talazaci,10140,540,22.4907523126593
Nesogale talazaci,6,1,56.9441684159139
Nesogale talazaci,9715,549,29.3167998436829
Nesogale talazaci,9815,463,27.6594821549596
Nesogale talazaci,9816,464,11.7562021209623
Nesogale talazaci,9971,483,29.274766839554
Nesogale talazaci,10163,483,23.7666194395043
Nesogale talazaci,9050,504,19.2122661348475
Nesogale talazaci,9996,550,18.148249547828
Nesogale talazaci,10069,525,18.8183790778868
Nesogale talazaci,2028,529,211.697744572212
Nesogale talazaci,10118,551,105.02396653668
Nesogale talazaci,10119,551,77.941507276654
Nesogale talazaci,10051,531,16.0995421292329
Nesogale talazaci,10070,532,162.094219258716
Nesogale talazaci,10121,535,124.088483499845
Nesogale talazaci,10169,535,0.276032375240743
Nesogale talazaci,10123,536,62.2582651923038
Nesogale talazaci,10130,552,43.9123990712638
Nesogale talazaci,10173,552,28.7459032692887
Nesogale talazaci,10171,553,29.8748831680267
Nesogale talazaci,10174,554,27.545424416823
Nesogale talazaci,10127,537,6.25186649493641
Nesogale talazaci,10134,538,56.0661895643025
Nesogale talazaci,10139,538,24.5940684182199
Nesogale talazaci,10148,541,23.6784079112986
Nesogale talazaci,10149,542,16.6035814809212
Nesogale talazaci,10150,555,19.4429561790174
Nesogale talazaci,10152,543,19.0670525600537
Nesogale talazaci,10154,544,31.6875166683302
Nesogale talazaci,10067,546,6.82379882420909
Nesomys audeberti,1553,110,29.4123165165292
Nesomys audeberti,1556,137,27.2715936270507
Nesomys audeberti,1574,147,18.8525092663866
Nesomys audeberti,137,139,28.1094555150611
Nesomys audeberti,104,13,57.4365930851843
Nesomys audeberti,1568,13,24.3872932737225
Nesomys audeberti,105,15,32.5536096187775
Nesomys audeberti,1576,149,29.8748831680267
Nesomys audeberti,1401,94,18.148249547828
Nesomys audeberti,1557,138,27.6594821549596
Nesomys audeberti,1575,148,6.25186649493641
Nesomys rufus,10717,452,27.2715936270507
Nesomys rufus,10718,453,29.4123165165292
Nesomys rufus,632,525,26.2899854313305
Nesomys rufus,663,525,0.183823638215899
Nesomys rufus,667,525,0.183819050049782
Nesomys rufus,10721,451,13.4738257842991
Nesomys rufus,10719,454,27.6594821549596
Nesomys rufus,10720,455,11.7562021209623
Nesomys rufus,10863,479,29.274766839554
Nesomys rufus,10963,479,23.7666194395043
Nesomys rufus,10870,539,4.87570953246022
Nesomys rufus,10964,539,0.0886616954565048
Nesomys rufus,9959,500,19.2122661348475
Nesomys rufus,10874,540,18.148249547828
Nesomys rufus,10909,515,6.82379882420909
Nesomys rufus,10911,518,13.2186397100113
Nesomys rufus,10900,519,16.0995421292329
Nesomys rufus,1707,526,211.697744572212
Nesomys rufus,10934,541,105.02396653668
Nesomys rufus,10935,541,77.941507276654
Nesomys rufus,10912,527,162.094219258716
Nesomys rufus,10937,530,121.788253211748
Nesomys rufus,10965,530,0.0920085345218182
Nesomys rufus,10939,531,62.2582651923038
Nesomys rufus,10946,542,43.9123990712638
Nesomys rufus,10968,542,28.7459032692887
Nesomys rufus,10966,543,29.8748831680267
Nesomys rufus,10969,544,27.545424416823
Nesomys rufus,10943,532,6.25186649493641
Nesomys rufus,10953,533,23.6784079112986
Nesomys rufus,10954,534,16.6035814809212
Nesomys rufus,10955,545,19.4429561790174
Nesomys rufus,10970,545,0.0917031464005113
Nesomys rufus,10956,535,19.0670525600537
Nesomys rufus,10957,536,31.6875166683302
Nesomys rufus,10947,538,56.0661895643025
Nesomys rufus,10948,538,24.5940684182199
Newtonia amphichroa,3971,36,26.6587824925889
Newtonia amphichroa,3973,36,16.2380797407103
Newtonia amphichroa,162,39,1.10266377710551
Newtonia amphichroa,164,39,2.02137478975803
Newtonia amphichroa,165,39,0.826945434479237
Newtonia amphichroa,172,39,0.367459639964223
Newtonia amphichroa,174,39,0.275586929093957
Newtonia amphichroa,175,39,1.46972063059181
Newtonia amphichroa,176,39,0.275577679304183
Newtonia amphichroa,177,39,2.75561017110461
Newtonia amphichroa,178,39,0.275553377308786
Newtonia amphichroa,179,39,0.551107912560761
Newtonia amphichroa,4009,39,1.10266607838708
Newtonia amphichroa,4010,39,9.73881683759956
Newtonia amphichroa,1,1,29.3167998436829
Newtonia amphichroa,3758,1,28.8450665179954
Newtonia amphichroa,328,6,56.0661895643025
Newtonia amphichroa,4029,6,16.0995421292329
Newtonia amphichroa,4030,6,24.5940684182199
Newtonia amphichroa,3781,17,29.4123165165292
Newtonia amphichroa,3782,17,27.2715936270507
Newtonia amphichroa,3783,17,27.6594821549596
Newtonia amphichroa,3927,31,29.274766839554
Newtonia amphichroa,3934,31,4.87570953246022
Newtonia amphichroa,3988,31,6.82379882420909
Newtonia amphichroa,4036,31,23.7666194395043
Newtonia amphichroa,3402,33,19.2122661348475
Newtonia amphichroa,3952,33,18.148249547828
Newtonia amphichroa,135,34,26.2899854313305
Newtonia amphichroa,152,34,0.275701020456195
Newtonia amphichroa,4004,34,43.9123990712638
Newtonia amphichroa,4017,34,105.02396653668
Newtonia amphichroa,4018,34,77.941507276654
Newtonia amphichroa,4020,34,121.788253211748
Newtonia amphichroa,4022,34,62.2582651923038
Newtonia amphichroa,4026,34,6.25186649493641
Newtonia amphichroa,4038,34,28.7459032692887
Newtonia amphichroa,4039,34,27.545424416823
Newtonia amphichroa,4041,34,29.8748831680267
Newtonia amphichroa,4042,34,1.47043301236653
Newtonia amphichroa,282,40,211.697744572212
Newtonia amphichroa,319,41,31.6875166683302
Newtonia amphichroa,3977,42,23.6784079112986
Newtonia amphichroa,4031,42,16.6035814809212
Newtonia amphichroa,4032,42,19.4429561790174
Newtonia amphichroa,4033,42,19.0670525600537
Newtonia amphichroa,4007,43,113.750610530536
Newtonia amphichroa,3980,37,18.7265923508299
Newtonia archboldi,160,12,68.9415191745416
Newtonia archboldi,161,12,0.608441640821219
Newtonia archboldi,162,12,7.82027605935955
Newtonia archboldi,163,12,6.16877974064255
Newtonia brunneicauda,582,86,0.370271373195231
Newtonia brunneicauda,584,86,0.462834125284791
Newtonia brunneicauda,588,86,43.0377824654073
Newtonia brunneicauda,589,86,0.18513059458977
Newtonia brunneicauda,611,86,1.48074673073471
Newtonia brunneicauda,615,86,1.66577102635694
Newtonia brunneicauda,621,86,0.277623898765862
Newtonia brunneicauda,625,86,0.277610584835947
Newtonia brunneicauda,23121,254,46.6540592851467
Newtonia brunneicauda,41345,94,26.6587824925889
Newtonia brunneicauda,41347,94,16.2380797407103
Newtonia brunneicauda,3329,288,1.10266377710527
Newtonia brunneicauda,3343,288,0.183781132994473
Newtonia brunneicauda,3391,288,2.02137478975803
Newtonia brunneicauda,3392,288,0.826945434479237
Newtonia brunneicauda,3531,288,0.367459639964223
Newtonia brunneicauda,3554,288,0.183724619395971
Newtonia brunneicauda,3555,288,0.275586929093957
Newtonia brunneicauda,3564,288,1.46972063059181
Newtonia brunneicauda,3565,288,0.275577679304183
Newtonia brunneicauda,41466,288,1.10266607838708
Newtonia brunneicauda,41467,288,9.73881683759956
Newtonia brunneicauda,41472,288,30.0296278397191
Newtonia brunneicauda,41473,288,0.18370726844728
Newtonia brunneicauda,269,79,57.8717585106773
Newtonia brunneicauda,40747,79,29.3167998436829
Newtonia brunneicauda,25656,252,17.4667180712485
Newtonia brunneicauda,41059,259,27.2715936270507
Newtonia brunneicauda,41060,259,29.4123165165292
Newtonia brunneicauda,41061,259,27.6594821549596
Newtonia brunneicauda,41062,259,11.7562021209623
Newtonia brunneicauda,41063,259,13.4738257842991
Newtonia brunneicauda,41572,259,0.259287194254398
Newtonia brunneicauda,39368,262,31.4426003062769
Newtonia brunneicauda,41557,262,8.63333606819333
Newtonia brunneicauda,41559,262,2.44082853370917
Newtonia brunneicauda,40513,291,10.1701180718572
Newtonia brunneicauda,41054,291,0.347816380904317
Newtonia brunneicauda,41055,291,1.56493132447529
Newtonia brunneicauda,41562,291,9.56038329291046
Newtonia brunneicauda,41563,291,0.52152061849916
Newtonia brunneicauda,41564,291,8.25182039185715
Newtonia brunneicauda,41565,291,12.7629415674419
Newtonia brunneicauda,41566,291,7.13028709142649
Newtonia brunneicauda,41568,291,0.608441640821219
Newtonia brunneicauda,41569,291,7.82027605935955
Newtonia brunneicauda,41570,291,6.16877974064255
Newtonia brunneicauda,41258,270,29.274766839554
Newtonia brunneicauda,41265,270,4.87570953246022
Newtonia brunneicauda,41412,270,6.82379882420909
Newtonia brunneicauda,41574,270,23.7666194395043
Newtonia brunneicauda,37716,273,19.2122661348475
Newtonia brunneicauda,41297,273,18.148249547828
Newtonia brunneicauda,8944,277,58.5835993688454
Newtonia brunneicauda,40900,277,0.364940765320301
Newtonia brunneicauda,41547,277,31.7616470487364
Newtonia brunneicauda,41549,277,0.182548627367735
Newtonia brunneicauda,41550,277,25.4575989942786
Newtonia brunneicauda,3311,278,50.551453219145
Newtonia brunneicauda,41485,278,105.02396653668
Newtonia brunneicauda,41486,278,77.941507276654
Newtonia brunneicauda,41488,278,124.088483499845
Newtonia brunneicauda,41490,278,62.2582651923038
Newtonia brunneicauda,41494,278,6.25186649493641
Newtonia brunneicauda,41497,278,43.9123990712638
Newtonia brunneicauda,41580,278,0.276032375240743
Newtonia brunneicauda,41582,278,29.8748831680267
Newtonia brunneicauda,41583,278,1.47043301236653
Newtonia brunneicauda,41584,278,28.7459032692887
Newtonia brunneicauda,41585,278,27.545424416823
Newtonia brunneicauda,13658,292,211.697744572212
Newtonia brunneicauda,41416,293,162.094219258716
Newtonia brunneicauda,41542,293,31.6875166683302
Newtonia brunneicauda,41536,294,23.6784079112986
Newtonia brunneicauda,41537,294,16.6035814809212
Newtonia brunneicauda,41538,294,19.4429561790174
Newtonia brunneicauda,41540,294,19.0670525600537
Newtonia brunneicauda,41415,286,18.8183790778868
Newtonia brunneicauda,41578,286,2.11083364651418
Newtonia brunneicauda,27273,289,16.7138689349543
Newtonia brunneicauda,41027,289,0.357354327606916
Newtonia brunneicauda,27552,295,86.2629835085398
Newtonia brunneicauda,41556,295,0.536578449850679
Newtonia brunneicauda,41367,290,16.0995421292329
Newtonia brunneicauda,41522,290,56.0661895643025
Newtonia brunneicauda,41526,290,19.5664778138609
Newtonia brunneicauda,41527,290,24.5940684182199
Newtonia brunneicauda,41528,290,22.4907523126593
Newtonia brunneicauda,41529,290,2.2857108314302
Newtonia fanovanae,2,2,27.6594821549596
Newtonia fanovanae,3,2,11.7562021209623
Newtonia fanovanae,4,2,13.4738257842991
Newtonia fanovanae,6,2,0.259287194254398
Oriolia bernieri,2149,31,30.0267198333675
Oriolia bernieri,92,28,22.4907523126593
Oriolia bernieri,2239,28,18.8350254017322
Oriolia bernieri,2150,24,23.7666194395043
Oriolia bernieri,2203,24,4.87570953246022
Oriolia bernieri,1767,26,19.2122661348475
Oriolia bernieri,2215,26,18.148249547828
Oriolia bernieri,21,29,77.6864940483404
Oriolia bernieri,23,29,29.7046555735262
Oriolia bernieri,37,29,29.4874756572244
Oriolia bernieri,2227,29,0.460091172323883
Oriolia bernieri,2233,29,1.47043301236653
Oriolia bernieri,2240,29,4.13464996355617
Oriolia bernieri,2241,29,2.84636750073677
Oriolia bernieri,33,32,18.7265923508299
Oriolia bernieri,41,30,16.6035814809212
Oryzorictes hova,8822,547,27.2715936270507
Oryzorictes hova,8823,548,29.4123165165292
Oryzorictes hova,9030,603,26.6587824925889
Oryzorictes hova,9032,603,16.2380797407103
Oryzorictes hova,8713,521,50.551453219145
Oryzorictes hova,9135,632,19.5664778138609
Oryzorictes hova,9137,633,22.4907523126593
Oryzorictes hova,1,1,29.3167998436829
Oryzorictes hova,8826,546,13.4738257842991
Oryzorictes hova,8824,549,27.6594821549596
Oryzorictes hova,8825,550,11.7562021209623
Oryzorictes hova,7719,570,19.2122661348475
Oryzorictes hova,8998,638,18.148249547828
Oryzorictes hova,8981,591,29.6296191803066
Oryzorictes hova,9157,591,23.7666194395043
Oryzorictes hova,9069,616,6.82379882420909
Oryzorictes hova,9071,618,18.8183790778868
Oryzorictes hova,1894,622,211.697744572212
Oryzorictes hova,9115,639,105.02396653668
Oryzorictes hova,9116,639,77.941507276654
Oryzorictes hova,9053,624,16.0995421292329
Oryzorictes hova,9072,625,162.094219258716
Oryzorictes hova,9118,628,121.788253211748
Oryzorictes hova,9120,629,62.2582651923038
Oryzorictes hova,9127,640,43.9123990712638
Oryzorictes hova,9164,640,28.7459032692887
Oryzorictes hova,9162,641,29.8748831680267
Oryzorictes hova,9165,642,27.545424416823
Oryzorictes hova,9124,630,6.25186649493641
Oryzorictes hova,9131,631,56.0661895643025
Oryzorictes hova,9136,631,24.5940684182199
Oryzorictes hova,9145,634,23.6784079112986
Oryzorictes hova,9146,635,16.6035814809212
Oryzorictes hova,9147,643,19.4429561790174
Oryzorictes hova,9149,636,19.0670525600537
Oryzorictes hova,9151,637,31.6875166683302
Oryzorictes tetradactylus,197,29,27.3374724883207
Oryzorictes tetradactylus,200,31,29.8164373522979
Oryzorictes tetradactylus,244,210,32.5536096187773
Oryzorictes tetradactylus,277,34,18.8525092663866
Oryzorictes tetradactylus,483,211,6.25186649493641
Oryzorictes tetradactylus,305,179,1.10266377710527
Oryzorictes tetradactylus,307,179,0.183781132994473
Oryzorictes tetradactylus,310,179,2.02137478975803
Oryzorictes tetradactylus,311,179,0.826945434479237
Oryzorictes tetradactylus,331,179,0.367459639964223
Oryzorictes tetradactylus,335,179,0.183724619395971
Oryzorictes tetradactylus,336,179,0.275586929093957
Oryzorictes tetradactylus,338,179,1.46972063059181
Oryzorictes tetradactylus,339,179,0.275577679304183
Oryzorictes tetradactylus,484,179,1.10266607838708
Oryzorictes tetradactylus,485,179,9.73881683759956
Oryzorictes tetradactylus,488,179,30.0296278397191
Oryzorictes tetradactylus,489,179,0.18370726844728
Oryzorictes tetradactylus,207,32,46.7392616649034
Oryzorictes tetradactylus,225,32,29.1594029263307
Oryzorictes tetradactylus,491,32,0.276032375240743
Oryzorictes tetradactylus,176,212,0.184211880049229
Oryzorictes tetradactylus,181,212,44.1240243008861
Otus rutilus,44,1,57.8717585106773
Otus rutilus,5201,1,29.3167998436829
Otus rutilus,1371,18,58.5835993688454
Otus rutilus,5894,18,31.7616470487364
Otus rutilus,5897,18,25.4575989942786
Otus rutilus,561,19,50.551453219145
Otus rutilus,572,19,2.02137478975803
Otus rutilus,1922,19,211.697744572212
Otus rutilus,5715,19,26.6587824925889
Otus rutilus,5717,19,16.2380797407103
Otus rutilus,5737,19,16.0995421292329
Otus rutilus,5779,19,18.8183790778868
Otus rutilus,5780,19,162.094219258716
Otus rutilus,5823,19,9.73881683759956
Otus rutilus,5828,19,30.0296278397191
Otus rutilus,5841,19,105.02396653668
Otus rutilus,5842,19,77.941507276654
Otus rutilus,5844,19,124.088483499845
Otus rutilus,5846,19,62.2582651923038
Otus rutilus,5850,19,6.25186649493641
Otus rutilus,5853,19,43.9123990712638
Otus rutilus,5867,19,56.0661895643025
Otus rutilus,5871,19,19.5664778138609
Otus rutilus,5872,19,24.5940684182199
Otus rutilus,5873,19,22.4907523126593
Otus rutilus,5874,19,2.2857108314302
Otus rutilus,5883,19,23.6784079112986
Otus rutilus,5884,19,16.6035814809212
Otus rutilus,5885,19,19.4429561790174
Otus rutilus,5887,19,19.0670525600537
Otus rutilus,5889,19,31.6875166683302
Otus rutilus,5909,19,2.11083364651418
Otus rutilus,5913,19,29.8748831680267
Otus rutilus,5915,19,28.7459032692887
Otus rutilus,5916,19,27.545424416823
Otus rutilus,3212,21,17.4667180712485
Otus rutilus,3620,21,86.2629835085398
Otus rutilus,5854,21,114.365959897449
Otus rutilus,5469,22,27.2715936270507
Otus rutilus,5470,22,29.4123165165292
Otus rutilus,5471,22,27.6594821549596
Otus rutilus,5472,22,11.7562021209623
Otus rutilus,5473,22,13.4738257842991
Oxylabes madagascariensis,6763,27,26.6587824925889
Oxylabes madagascariensis,6765,27,16.2380797407103
Oxylabes madagascariensis,3,2,56.9441684159139
Oxylabes madagascariensis,6481,2,29.3167998436829
Oxylabes madagascariensis,6443,40,29.4123165165292
Oxylabes madagascariensis,6562,40,27.2715936270507
Oxylabes madagascariensis,6563,40,27.6594821549596
Oxylabes madagascariensis,6564,40,11.7562021209623
Oxylabes madagascariensis,6867,40,0.259287194254398
Oxylabes madagascariensis,6716,47,29.274766839554
Oxylabes madagascariensis,6723,47,4.87570953246022
Oxylabes madagascariensis,6785,47,6.82379882420909
Oxylabes madagascariensis,6869,47,23.7666194395043
Oxylabes madagascariensis,6062,49,19.2122661348475
Oxylabes madagascariensis,6739,49,18.148249547828
Oxylabes madagascariensis,528,50,2.11438066261417
Oxylabes madagascariensis,567,50,0.275701020456195
Oxylabes madagascariensis,6832,50,105.02396653668
Oxylabes madagascariensis,6833,50,77.941507276654
Oxylabes madagascariensis,6835,50,121.788253211748
Oxylabes madagascariensis,6837,50,62.2582651923038
Oxylabes madagascariensis,6841,50,6.25186649493641
Oxylabes madagascariensis,6844,50,43.9123990712638
Oxylabes madagascariensis,6875,50,29.8748831680267
Oxylabes madagascariensis,6876,50,1.47043301236653
Oxylabes madagascariensis,6877,50,28.7459032692887
Oxylabes madagascariensis,6878,50,27.545424416823
Oxylabes madagascariensis,950,60,211.697744572212
Oxylabes madagascariensis,6788,61,23.6784079112986
Oxylabes madagascariensis,6856,61,16.6035814809212
Oxylabes madagascariensis,6857,61,19.4429561790174
Oxylabes madagascariensis,6858,61,19.0670525600537
Oxylabes madagascariensis,6803,62,132.337187055582
Oxylabes madagascariensis,6859,62,31.6875166683302
Oxylabes madagascariensis,989,54,56.0661895643025
Oxylabes madagascariensis,6845,54,16.0995421292329
Oxylabes madagascariensis,6846,54,24.5940684182199
Oxylabes madagascariensis,6847,54,0.64002363332057
Oxylabes madagascariensis,6848,54,2.2857108314302
Oxylabes madagascariensis,6787,59,18.8183790778868
Oxylabes madagascariensis,6873,59,2.11083364651418
Phaner furcifer,16,7,9.25542923517722
Phaner furcifer,17,7,1.48074673073471
Phaner furcifer,20,7,1.480685356668
Phaner furcifer,22,7,0.27762389876622
Phaner furcifer,73,18,50.5514532191364
Phaner furcifer,76,17,1.10266377710551
Phaner furcifer,77,17,0.183781132994473
Phaner furcifer,78,17,1.10266607838744
Phaner furcifer,83,17,9.73881683760441
Phaner furcifer,85,17,2.02137478975803
Phaner furcifer,86,17,0.826945434479237
Phaner furcifer,95,17,0.367459639964223
Phaner furcifer,96,17,0.183724619395971
Phaner furcifer,97,17,0.275586929093957
Phaner furcifer,98,17,1.46972063059181
Phaner furcifer,99,17,0.275577679304183
Phaner furcifer,100,17,0.18370726844722
Phaner furcifer,102,17,30.0296278397165
Phaner furcifer,1,1,12.7113015768179
Phaner pallescens,470,52,114.365959897449
Phaner pallescens,308,53,86.2629835085398
Philepitta castanea,40,19,26.6587824925889
Philepitta castanea,4557,19,16.2380797407103
Philepitta castanea,264,24,1.8373651948179
Philepitta castanea,268,24,0.367459639964223
Philepitta castanea,271,24,0.183724619395971
Philepitta castanea,272,24,0.275586929093957
Philepitta castanea,274,24,1.46972063059181
Philepitta castanea,275,24,0.275577679304183
Philepitta castanea,4587,24,30.0296278397191
Philepitta castanea,4588,24,0.18370726844728
Philepitta castanea,4370,10,29.4123165165292
Philepitta castanea,4384,10,27.2715936270507
Philepitta castanea,4385,10,27.6594821549596
Philepitta castanea,4386,10,11.7562021209623
Philepitta castanea,4624,10,0.259287194254398
Philepitta castanea,4518,16,29.274766839554
Philepitta castanea,4525,16,4.87570953246022
Philepitta castanea,4569,16,6.82379882420909
Philepitta castanea,4626,16,23.7666194395043
Philepitta castanea,4014,18,19.2122661348475
Philepitta castanea,4538,18,18.148249547828
Philepitta castanea,218,20,2.11438066261589
Philepitta castanea,239,20,0.183840828700006
Philepitta castanea,4597,20,105.02396653668
Philepitta castanea,4598,20,77.941507276654
Philepitta castanea,4600,20,124.088483499845
Philepitta castanea,4602,20,62.2582651923038
Philepitta castanea,4606,20,6.25186649493641
Philepitta castanea,4609,20,43.9123990712638
Philepitta castanea,4616,20,23.6784079112986
Philepitta castanea,4617,20,16.6035814809212
Philepitta castanea,4618,20,19.4429561790174
Philepitta castanea,4619,20,19.0670525600537
Philepitta castanea,4629,20,0.276032375240743
Philepitta castanea,4631,20,29.8748831680267
Philepitta castanea,4632,20,1.47043301236653
Philepitta castanea,4633,20,28.7459032692887
Philepitta castanea,4634,20,27.545424416823
Philepitta castanea,589,25,211.697744572212
Philepitta castanea,4565,26,16.0995421292329
Philepitta castanea,4610,26,56.0661895643025
Philepitta castanea,4611,26,24.5940684182199
Philepitta castanea,4612,26,0.64002363332057
Philepitta castanea,4613,26,2.2857108314302
Philepitta castanea,4571,27,162.094219258716
Philepitta castanea,4620,27,31.6875166683302
Philepitta castanea,383,23,18.7265923508299
Philepitta schlegeli,1214,19,27.9557785000879
Philepitta schlegeli,1516,24,17.4667180712485
Philepitta schlegeli,257,26,14.8774610751529
Philepitta schlegeli,263,26,58.5835993688454
Philepitta schlegeli,267,26,0.364940765320301
Philepitta schlegeli,1679,26,0.182548627367735
Philepitta schlegeli,1680,26,25.4575989942786
Philepitta schlegeli,1589,27,64.1650090011505
Philepitta schlegeli,1639,27,68.536408814274
Philepitta schlegeli,1677,27,2.05546635338998
Philepitta schlegeli,1685,27,0.715578496113658
Philepitta schlegeli,1686,27,0.536578449850679
Ploceus nelicourvi,9096,3,26.6587824925889
Ploceus nelicourvi,9098,3,16.2380797407103
Ploceus nelicourvi,3,1,29.3167998436829
Ploceus nelicourvi,8794,1,40.0652894482287
Ploceus nelicourvi,8884,32,27.2715936270507
Ploceus nelicourvi,8885,32,29.4123165165292
Ploceus nelicourvi,8886,32,27.6594821549596
Ploceus nelicourvi,8887,32,11.7562021209623
Ploceus nelicourvi,9219,32,0.259287194254398
Ploceus nelicourvi,9042,38,29.274766839554
Ploceus nelicourvi,9049,38,4.87570953246022
Ploceus nelicourvi,9133,38,6.82379882420909
Ploceus nelicourvi,9221,38,23.7666194395043
Ploceus nelicourvi,8177,40,19.2122661348475
Ploceus nelicourvi,9067,40,18.148249547828
Ploceus nelicourvi,1257,41,211.697744572212
Ploceus nelicourvi,9136,51,162.094219258716
Ploceus nelicourvi,9214,51,31.6875166683302
Ploceus nelicourvi,9181,52,105.02396653668
Ploceus nelicourvi,9182,52,77.941507276654
Ploceus nelicourvi,9184,52,121.788253211748
Ploceus nelicourvi,9186,52,62.2582651923038
Ploceus nelicourvi,9190,52,6.25186649493641
Ploceus nelicourvi,9193,52,43.9123990712638
Ploceus nelicourvi,9227,52,29.8748831680267
Ploceus nelicourvi,9228,52,1.47043301236653
Ploceus nelicourvi,9229,52,28.7459032692887
Ploceus nelicourvi,9230,52,27.545424416823
Ploceus nelicourvi,9208,53,23.6784079112986
Ploceus nelicourvi,9209,53,16.6035814809212
Ploceus nelicourvi,9210,53,19.4429561790174
Ploceus nelicourvi,9212,53,19.0670525600537
Ploceus nelicourvi,9135,49,18.8183790778868
Ploceus nelicourvi,9225,49,2.11083364651418
Ploceus nelicourvi,9117,50,16.0995421292329
Ploceus nelicourvi,9194,50,56.0661895643025
Ploceus nelicourvi,9198,50,19.5664778138609
Ploceus nelicourvi,9199,50,24.5940684182199
Ploceus nelicourvi,9200,50,22.4907523126593
Ploceus nelicourvi,9201,50,2.2857108314302
Ploceus sakalava,656,113,0.370271373195231
Ploceus sakalava,659,113,0.462834125284791
Ploceus sakalava,664,113,43.0377824654073
Ploceus sakalava,665,113,0.18513059458977
Ploceus sakalava,700,113,1.48074673073471
Ploceus sakalava,707,113,1.66577102635694
Ploceus sakalava,715,113,0.277623898765862
Ploceus sakalava,722,113,0.277610584835947
Ploceus sakalava,14310,118,40.0912567462236
Ploceus sakalava,12533,30,18.3258972673746
Ploceus sakalava,15045,30,0.876992418378592
Ploceus sakalava,13793,100,34.5077461519358
Ploceus sakalava,14722,100,25.3907382257994
Ploceus sakalava,15047,100,0.608441640821219
Ploceus sakalava,15048,100,7.82027605935955
Ploceus sakalava,15049,100,6.16877974064255
Ploceus sakalava,8757,120,17.4667180712485
Ploceus sakalava,3409,124,14.9687278325598
Ploceus sakalava,3576,124,58.7661152331824
Ploceus sakalava,3586,124,0.364940765320301
Ploceus sakalava,15039,124,0.182548627367735
Ploceus sakalava,15040,124,25.4575989942786
Ploceus sakalava,9413,125,86.2629835085398
Ploceus sakalava,15017,125,0.446690589020967
Ploceus sakalava,15037,125,114.365959897449
Ploceus sakalava,15044,125,0.536578449850679
Polyboroides radiatus,347,1,162.094219258716
Polyboroides radiatus,2562,1,32.5536096187775
Polyboroides radiatus,2563,1,50.551453219145
Polyboroides radiatus,2839,1,66.489778000425
Polyboroides radiatus,3569,1,26.6587824925889
Polyboroides radiatus,3571,1,16.2380797407103
Polyboroides radiatus,3575,1,124.088483499845
Polyboroides radiatus,3592,1,16.0995421292329
Polyboroides radiatus,3625,1,181.671024738844
Polyboroides radiatus,3627,1,42.5343789291005
Polyboroides radiatus,3628,1,18.8183790778868
Polyboroides radiatus,3668,1,9.73881683759956
Polyboroides radiatus,3673,1,30.0296278397191
Polyboroides radiatus,3675,1,23.6784079112986
Polyboroides radiatus,3676,1,16.6035814809212
Polyboroides radiatus,3677,1,19.4429561790174
Polyboroides radiatus,3679,1,19.0670525600537
Polyboroides radiatus,3681,1,31.6875166683302
Polyboroides radiatus,3704,1,56.0661895643025
Polyboroides radiatus,3708,1,19.5664778138609
Polyboroides radiatus,3709,1,24.5940684182199
Polyboroides radiatus,3710,1,22.4907523126593
Polyboroides radiatus,3719,1,105.02396653668
Polyboroides radiatus,3720,1,77.941507276654
Polyboroides radiatus,3726,1,27.545424416823
Pseudobias wardi,25,3,16.2380797407103
Pseudobias wardi,190,50,1.10266377710551
Pseudobias wardi,200,50,2.02137478975803
Pseudobias wardi,201,50,0.826945434479237
Pseudobias wardi,218,50,0.367459639964223
Pseudobias wardi,223,50,0.275586929093957
Pseudobias wardi,225,50,1.46972063059181
Pseudobias wardi,226,50,0.275577679304183
Pseudobias wardi,4553,50,1.10266607838708
Pseudobias wardi,4554,50,9.73881683759956
Pseudobias wardi,4559,50,16.8076049693545
Pseudobias wardi,431,6,56.0661895643025
Pseudobias wardi,4578,6,16.0995421292329
Pseudobias wardi,4579,6,24.5940684182199
Pseudobias wardi,4580,6,0.64002363332057
Pseudobias wardi,4581,6,2.2857108314302
Pseudobias wardi,184,24,50.551453219145
Pseudobias wardi,4565,24,105.02396653668
Pseudobias wardi,4566,24,77.941507276654
Pseudobias wardi,4568,24,121.788253211748
Pseudobias wardi,4570,24,62.2582651923038
Pseudobias wardi,4574,24,6.25186649493641
Pseudobias wardi,4577,24,43.9123990712638
Pseudobias wardi,4601,24,29.8748831680267
Pseudobias wardi,4602,24,1.47043301236653
Pseudobias wardi,4603,24,28.7459032692887
Pseudobias wardi,4604,24,27.545424416823
Pseudobias wardi,364,51,31.6875166683302
Pseudobias wardi,365,52,211.697744572212
Pseudobias wardi,4536,53,23.6784079112986
Pseudobias wardi,4589,53,16.6035814809212
Pseudobias wardi,4590,53,19.4429561790174
Pseudobias wardi,4592,53,19.0670525600537
Pseudobias wardi,4551,54,132.337187055582
Pseudobias wardi,4316,25,29.4123165165292
Pseudobias wardi,4338,25,27.2715936270507
Pseudobias wardi,4339,25,27.6594821549596
Pseudobias wardi,4340,25,11.7562021209623
Pseudobias wardi,4596,25,0.259287194254398
Pseudobias wardi,4474,35,29.274766839554
Pseudobias wardi,4481,35,4.87570953246022
Pseudobias wardi,4532,35,6.82379882420909
Pseudobias wardi,4598,35,23.7666194395043
Pseudobias wardi,3985,43,19.2122661348475
Pseudobias wardi,4491,43,18.148249547828
Pseudobias wardi,4535,48,18.7265923508299
Pterocles personatus,316,6,31.4426003062769
Pterocles personatus,317,6,8.63333606819333
Pterocles personatus,319,6,2.44082853370917
Pterocles personatus,320,6,3.47957565452278
Pterocles personatus,322,6,9.56038329291046
Pterocles personatus,324,6,8.25182039185715
Pterocles personatus,325,6,12.7629415674419
Rallus madagascariensis,29,11,105.02396653668
Rallus madagascariensis,31,11,24.3872932737169
Rallus madagascariensis,32,11,211.697744572212
Rallus madagascariensis,33,11,18.8525092663892
Rallus madagascariensis,34,11,6.25186649493766
Rallus madagascariensis,526,11,23.7377766506236
Rallus madagascariensis,528,11,2.39195639336878
Rallus madagascariensis,530,11,62.2582651923038
Randia pseudozosterops,1607,21,43.9123990712638
Randia pseudozosterops,10015,21,105.02396653668
Randia pseudozosterops,10016,21,77.941507276654
Randia pseudozosterops,10018,21,75.9903906965061
Randia pseudozosterops,10020,21,62.2582651923038
Randia pseudozosterops,10023,21,18.8525092663866
Randia pseudozosterops,10026,21,6.25186649493641
Randia pseudozosterops,10049,21,28.7459032692887
Randia pseudozosterops,10050,21,27.545424416823
Randia pseudozosterops,10061,21,29.8748831680267
Randia pseudozosterops,10062,21,1.47043301236653
Randia pseudozosterops,9979,70,162.094219258716
Randia pseudozosterops,10048,70,31.6875166683302
Randia pseudozosterops,10010,71,181.671024738844
Randia pseudozosterops,10042,72,23.6784079112986
Randia pseudozosterops,10043,72,16.6035814809212
Randia pseudozosterops,10044,72,19.4429561790174
Randia pseudozosterops,10046,72,19.0670525600537
Randia pseudozosterops,9802,44,27.6594821549596
Randia pseudozosterops,9830,44,11.7562021209623
Randia pseudozosterops,10052,44,0.259287194254398
Randia pseudozosterops,9326,59,19.2122661348475
Randia pseudozosterops,9939,59,18.148249547828
Randia pseudozosterops,9932,63,29.274766839554
Randia pseudozosterops,9972,63,6.82379882420909
Randia pseudozosterops,10054,63,23.7666194395043
Randia pseudozosterops,9978,68,18.8183790778868
Randia pseudozosterops,10057,68,2.11083364651418
Randia pseudozosterops,9958,69,16.0995421292329
Randia pseudozosterops,10028,69,56.0661895643025
Randia pseudozosterops,10032,69,19.5664778138609
Randia pseudozosterops,10033,69,24.5940684182199
Randia pseudozosterops,10034,69,22.4907523126593
Randia pseudozosterops,10035,69,2.2857108314302
Riparia cowani,12,1,66.489778000425
Sarothrura insularis,5214,2,26.6587824925889
Sarothrura insularis,5216,2,16.2380797407103
Sarothrura insularis,261,34,1.10266377710527
Sarothrura insularis,267,34,2.02137478975803
Sarothrura insularis,268,34,0.826945434479237
Sarothrura insularis,290,34,1.46972063059181
Sarothrura insularis,5285,34,1.10266607838708
Sarothrura insularis,5286,34,9.73881683759956
Sarothrura insularis,5291,34,30.0296278397191
Sarothrura insularis,1,1,44.5157082169882
Sarothrura insularis,4907,1,29.3167998436829
Sarothrura insularis,5001,25,27.2715936270507
Sarothrura insularis,5002,25,29.4123165165292
Sarothrura insularis,5003,25,27.6594821549596
Sarothrura insularis,5004,25,11.7562021209623
Sarothrura insularis,5161,33,29.6296191803066
Sarothrura insularis,5168,33,4.87570953246022
Sarothrura insularis,5251,33,6.82379882420909
Sarothrura insularis,5342,33,23.7666194395043
Sarothrura insularis,824,40,211.697744572212
Sarothrura insularis,4871,41,50.551453219145
Sarothrura insularis,5299,41,105.02396653668
Sarothrura insularis,5300,41,77.941507276654
Sarothrura insularis,5302,41,124.088483499845
Sarothrura insularis,5304,41,62.2582651923038
Sarothrura insularis,5308,41,6.25186649493641
Sarothrura insularis,5311,41,43.9123990712638
Sarothrura insularis,5329,41,23.6784079112986
Sarothrura insularis,5330,41,16.6035814809212
Sarothrura insularis,5331,41,19.4429561790174
Sarothrura insularis,5333,41,19.0670525600537
Sarothrura insularis,5347,41,29.8748831680267
Sarothrura insularis,5348,41,1.47043301236653
Sarothrura insularis,5349,41,28.7459032692887
Sarothrura insularis,5350,41,27.545424416823
Sarothrura insularis,5235,42,16.0995421292329
Sarothrura insularis,5315,42,56.0661895643025
Sarothrura insularis,5319,42,19.5664778138609
Sarothrura insularis,5320,42,24.5940684182199
Sarothrura insularis,5321,42,22.4907523126593
Sarothrura insularis,5322,42,2.2857108314302
Sarothrura insularis,5254,43,162.094219258716
Sarothrura insularis,5335,43,31.6875166683302
Schetba rufa,2236,36,27.9557785000879
Schetba rufa,6479,58,29.757032203134
Schetba rufa,1012,5,50.643709147896
Schetba rufa,1020,5,24.7276188530575
Schetba rufa,1027,5,0.364940765320301
Schetba rufa,5562,18,21.219249369319
Schetba rufa,6527,18,0.876992418378592
Schetba rufa,6374,20,29.4123165165292
Schetba rufa,6375,20,27.6594821549596
Schetba rufa,6376,20,11.7562021209623
Schetba rufa,6377,20,13.4738257842991
Schetba rufa,6530,20,0.259287194254398
Schetba rufa,2911,45,17.4667180712485
Schetba rufa,3146,59,9.48729912717651
Schetba rufa,3278,59,0.98336395385921
Schetba rufa,3344,59,28.8514752628771
Schetba rufa,6354,59,22.9626920597587
Schetba rufa,6380,59,0.715578496113658
Schetba rufa,6520,59,1.7901588007021
Schetba rufa,6521,59,0.358028407441616
Schetba rufa,6532,59,0.536578449850679
Schetba rufa,967,52,43.9123990712638
Schetba rufa,6464,52,23.6784079112986
Schetba rufa,6480,52,29.159402926331
Schetba rufa,6482,52,32.5536096187775
Schetba rufa,6485,52,18.8525092663866
Schetba rufa,6486,52,6.25186649493641
Schetba rufa,6499,52,57.4365930851843
Schetba rufa,6500,52,77.941507276654
Schetba rufa,6515,52,16.6035814809212
Schetba rufa,6516,52,28.7459032692887
Schetba rufa,6517,52,27.545424416823
Schetba rufa,6538,52,29.8748831680267
Schetba rufa,6539,52,1.47043301236653
Schetba rufa,6540,52,1.47251058453923
Schetba rufa,6414,60,156.341452274816
Schetba rufa,6463,56,18.8183790778868
Schetba rufa,6537,56,2.11083364651418
Schetba rufa,6432,57,56.0661895643025
Schetba rufa,6506,57,19.5664778138609
Schetba rufa,6507,57,24.5940684182199
Schetba rufa,6508,57,22.4907523126593
Schetba rufa,6509,57,2.2857108314302
Setifer setosus,341,13,0.370271373195231
Setifer setosus,342,13,0.462834125284791
Setifer setosus,345,13,43.0377824654073
Setifer setosus,356,13,1.48074673073471
Setifer setosus,357,13,1.66577102635694
Setifer setosus,360,13,0.277623898765862
Setifer setosus,361,13,0.277610584835947
Setifer setosus,21934,598,27.2715936270507
Setifer setosus,21935,599,29.4123165165292
Setifer setosus,10175,589,46.6540592851467
Setifer setosus,22220,642,26.6587824925889
Setifer setosus,22222,642,16.2380797407103
Setifer setosus,2252,633,50.551453219145
Setifer setosus,2262,668,1.10266377710527
Setifer setosus,2292,668,2.02137478975803
Setifer setosus,2293,668,0.826945434479237
Setifer setosus,2366,668,0.367459639964223
Setifer setosus,2381,668,0.275586929093957
Setifer setosus,2385,668,1.46972063059181
Setifer setosus,2386,668,0.275577679304183
Setifer setosus,22328,668,1.10266607838708
Setifer setosus,22329,668,9.73881683759956
Setifer setosus,22334,668,30.0296278397191
Setifer setosus,159,4,57.8717585106773
Setifer setosus,21631,4,29.3167998436829
Setifer setosus,17702,164,50.0789951353154
Setifer setosus,11639,338,17.4667180712485
Setifer setosus,20396,494,31.4426003062769
Setifer setosus,22423,669,12.7629415674419
Setifer setosus,13269,558,86.2629835085398
Setifer setosus,22267,670,0.446690589020967
Setifer setosus,22357,670,114.365959897449
Setifer setosus,4775,579,58.5835993688454
Setifer setosus,4799,579,0.364940765320301
Setifer setosus,22404,671,16.8841859735829
Setifer setosus,22407,671,25.4575989942786
Setifer setosus,21938,597,13.4738257842991
Setifer setosus,21936,600,27.6594821549596
Setifer setosus,21937,601,11.7562021209623
Setifer setosus,22428,601,0.259287194254398
Setifer setosus,22134,615,29.274766839554
Setifer setosus,22141,615,4.87570953246022
Setifer setosus,22430,615,23.7666194395043
Setifer setosus,18480,627,19.2122661348475
Setifer setosus,22166,627,18.148249547828
Setifer setosus,21424,631,68.9415191745416
Setifer setosus,22424,631,0.608441640821219
Setifer setosus,22425,631,7.82027605935955
Setifer setosus,22426,631,6.16877974064255
Setifer setosus,6073,655,211.697744572212
Setifer setosus,22343,672,105.02396653668
Setifer setosus,22344,672,77.941507276654
Setifer setosus,22242,657,16.0995421292329
Setifer setosus,22283,658,18.8183790778868
Setifer setosus,22434,658,2.11083364651418
Setifer setosus,22284,659,162.094219258716
Setifer setosus,22346,661,124.088483499845
Setifer setosus,22348,661,62.2582651923038
Setifer setosus,22352,661,6.25186649493641
Setifer setosus,22436,661,0.276032375240743
Setifer setosus,22438,661,29.8748831680267
Setifer setosus,22355,673,43.9123990712638
Setifer setosus,22440,673,28.7459032692887
Setifer setosus,22441,673,27.545424416823
Setifer setosus,22377,662,56.0661895643025
Setifer setosus,22382,662,24.5940684182199
Setifer setosus,22381,663,19.5664778138609
Setifer setosus,22383,663,22.4907523126593
Setifer setosus,22384,663,2.2857108314302
Setifer setosus,22393,664,23.6784079112986
Setifer setosus,22394,665,16.6035814809212
Setifer setosus,22395,674,19.4429561790174
Setifer setosus,22397,666,19.0670525600537
Setifer setosus,22399,667,31.6875166683302
Tenrec ecaudatus,389,205,0.370271373195231
Tenrec ecaudatus,390,205,0.462834125284791
Tenrec ecaudatus,393,205,43.0377824654073
Tenrec ecaudatus,418,205,1.48074673073471
Tenrec ecaudatus,421,205,1.66577102635694
Tenrec ecaudatus,23394,407,27.2715936270507
Tenrec ecaudatus,23395,408,29.4123165165292
Tenrec ecaudatus,13996,403,46.6540592851467
Tenrec ecaudatus,22780,438,66.489778000425
Tenrec ecaudatus,23671,446,26.6587824925889
Tenrec ecaudatus,23673,446,16.2380797407103
Tenrec ecaudatus,2256,437,1.10266377710527
Tenrec ecaudatus,2284,437,2.02137478975803
Tenrec ecaudatus,2285,437,0.826945434479237
Tenrec ecaudatus,2361,437,0.367459639964223
Tenrec ecaudatus,2379,437,1.46972063059181
Tenrec ecaudatus,22698,469,50.551453219145
Tenrec ecaudatus,23783,437,1.10266607838708
Tenrec ecaudatus,23784,437,9.73881683759956
Tenrec ecaudatus,23789,437,30.0296278397191
Tenrec ecaudatus,187,121,57.8717585106773
Tenrec ecaudatus,23083,121,29.3167998436829
Tenrec ecaudatus,21042,342,31.6167790476316
Tenrec ecaudatus,21708,470,9.56038329291046
Tenrec ecaudatus,23863,470,0.52152061849916
Tenrec ecaudatus,23864,470,8.25182039185715
Tenrec ecaudatus,14410,382,17.4667180712485
Tenrec ecaudatus,7103,396,58.7661152331824
Tenrec ecaudatus,23227,396,0.364940765320301
Tenrec ecaudatus,23850,471,32.0354674676601
Tenrec ecaudatus,23853,471,25.4575989942786
Tenrec ecaudatus,23396,409,27.6594821549596
Tenrec ecaudatus,20854,424,19.2122661348475
Tenrec ecaudatus,23629,424,18.148249547828
Tenrec ecaudatus,23599,434,29.274766839554
Tenrec ecaudatus,23865,434,23.7666194395043
Tenrec ecaudatus,16027,435,86.2629835085398
Tenrec ecaudatus,23859,435,0.536578449850679
Tenrec ecaudatus,23723,472,0.446690589020967
Tenrec ecaudatus,23812,472,114.365959897449
Tenrec ecaudatus,8194,458,211.697744572212
Tenrec ecaudatus,23798,473,105.02396653668
Tenrec ecaudatus,23799,473,77.941507276654
Tenrec ecaudatus,23801,474,124.088483499845
Tenrec ecaudatus,23803,474,62.2582651923038
Tenrec ecaudatus,23807,474,6.25186649493641
Tenrec ecaudatus,23872,474,29.8748831680267
Tenrec ecaudatus,23810,475,43.9123990712638
Tenrec ecaudatus,23874,475,28.7459032692887
Tenrec ecaudatus,23875,475,27.545424416823
Tenrec ecaudatus,23693,460,16.0995421292329
Tenrec ecaudatus,23740,461,18.8183790778868
Tenrec ecaudatus,23868,461,2.11083364651418
Tenrec ecaudatus,23741,462,162.094219258716
Tenrec ecaudatus,23823,464,56.0661895643025
Tenrec ecaudatus,23828,464,24.5940684182199
Tenrec ecaudatus,23827,465,19.5664778138609
Tenrec ecaudatus,23829,465,22.4907523126593
Tenrec ecaudatus,23830,465,2.2857108314302
Tenrec ecaudatus,23839,466,23.6784079112986
Tenrec ecaudatus,23840,476,16.6035814809212
Tenrec ecaudatus,23841,477,19.4429561790174
Tenrec ecaudatus,23843,467,19.0670525600537
Tenrec ecaudatus,23845,468,31.6875166683302
Thamnornis chloropetoides,9,3,18.3258972673746
Thamnornis chloropetoides,245,3,0.876992418378592
Thamnornis chloropetoides,187,6,31.4426003062769
Thamnornis chloropetoides,247,6,8.63333606819333
Thamnornis chloropetoides,249,6,2.44082853370917
Thamnornis chloropetoides,244,7,68.9415191745416
Thamnornis chloropetoides,252,7,0.608441640821219
Thamnornis chloropetoides,253,7,7.82027605935955
Thamnornis chloropetoides,254,7,6.16877974064255
Treron australis,65,1,57.8717585106773
Treron australis,7373,1,29.3167998436829
Treron australis,5580,4,52.9723472372599
Treron australis,1818,15,43.707841496476
Treron australis,8019,15,31.7616470487364
Treron australis,8020,15,25.4575989942786
Treron australis,814,17,50.551453219145
Treron australis,819,17,1.10266377710527
Treron australis,832,17,2.02137478975803
Treron australis,866,17,1.46972063059181
Treron australis,2270,17,211.697744572212
Treron australis,7818,17,26.6587824925889
Treron australis,7820,17,16.2380797407103
Treron australis,7840,17,16.0995421292329
Treron australis,7891,17,18.8183790778868
Treron australis,7892,17,23.6784079112986
Treron australis,7907,17,157.880408343654
Treron australis,7908,17,31.6875166683302
Treron australis,7934,17,1.10266607838708
Treron australis,7935,17,9.73881683759956
Treron australis,7940,17,30.0296278397191
Treron australis,7956,17,105.02396653668
Treron australis,7957,17,77.941507276654
Treron australis,7959,17,124.088483499845
Treron australis,7961,17,62.2582651923038
Treron australis,7965,17,6.25186649493641
Treron australis,7968,17,43.9123990712638
Treron australis,7992,17,56.0661895643025
Treron australis,7996,17,19.5664778138609
Treron australis,7997,17,24.5940684182199
Treron australis,7998,17,22.4907523126593
Treron australis,7999,17,2.2857108314302
Treron australis,8013,17,16.6035814809212
Treron australis,8014,17,19.4429561790174
Treron australis,8047,17,2.11083364651418
Treron australis,8051,17,29.8748831680267
Treron australis,8052,17,1.47043301236653
Treron australis,8053,17,28.7459032692887
Treron australis,8054,17,27.545424416823
Treron australis,3708,19,17.4667180712485
Treron australis,4022,19,86.2629835085398
Treron australis,7970,19,114.365959897449
Treron australis,7615,20,27.2715936270507
Treron australis,7616,20,29.4123165165292
Treron australis,7617,20,27.6594821549596
Treron australis,7618,20,11.7562021209623
Treron australis,7619,20,13.4738257842991
Treron australis,7762,29,29.274766839554
Treron australis,7764,29,4.87570953246022
Treron australis,7885,29,6.82379882420909
Treron australis,8043,29,23.7666194395043
Treron australis,6474,32,31.4426003062769
Treron australis,7151,32,68.9415191745416
Treron australis,8028,32,8.63333606819333
Treron australis,8030,32,2.44082853370917
Treron australis,8031,32,3.47957565452278
Treron australis,8033,32,9.56038329291046
Treron australis,8035,32,8.25182039185715
Treron australis,8036,32,12.7629415674419
Treron australis,8038,32,7.82027605935955
Treron australis,8039,32,6.16877974064255
Turnix nigricollis,77,1,57.8717585106773
Turnix nigricollis,9867,1,29.3167998436829
Turnix nigricollis,8138,23,31.6167790476316
Turnix nigricollis,9594,23,68.9415191745416
Turnix nigricollis,10543,23,8.63333606819333
Turnix nigricollis,10545,23,2.44082853370917
Turnix nigricollis,10546,23,3.47957565452278
Turnix nigricollis,10548,23,9.56038329291046
Turnix nigricollis,10550,23,8.25182039185715
Turnix nigricollis,10551,23,12.7629415674419
Turnix nigricollis,10553,23,7.82027605935955
Turnix nigricollis,10554,23,6.16877974064255
Turnix nigricollis,4615,27,17.4667180712485
Turnix nigricollis,5223,27,86.2629835085398
Turnix nigricollis,10506,27,114.365959897449
Turnix nigricollis,2217,34,58.7661152331824
Turnix nigricollis,10535,34,32.0354674676601
Turnix nigricollis,10538,34,25.4575989942786
Turnix nigricollis,841,38,1.10266377710527
Turnix nigricollis,854,38,2.02137478975803
Turnix nigricollis,892,38,1.46972063059181
Turnix nigricollis,9059,38,50.551453219145
Turnix nigricollis,9405,38,66.489778000425
Turnix nigricollis,10471,38,1.10266607838708
Turnix nigricollis,10472,38,9.73881683759956
Turnix nigricollis,10477,38,30.0296278397191
Turnix nigricollis,10486,38,105.02396653668
Turnix nigricollis,10487,38,77.941507276654
Turnix nigricollis,10489,38,124.088483499845
Turnix nigricollis,10491,38,62.2582651923038
Turnix nigricollis,10495,38,6.25186649493641
Turnix nigricollis,10498,38,43.9123990712638
Turnix nigricollis,10564,38,29.8748831680267
Turnix nigricollis,10565,38,1.47043301236653
Turnix nigricollis,10566,38,28.7459032692887
Turnix nigricollis,1475,54,211.697744572212
Turnix nigricollis,8212,39,29.4123165165292
Turnix nigricollis,10145,39,27.2715936270507
Turnix nigricollis,10146,39,27.6594821549596
Turnix nigricollis,10147,39,11.7562021209623
Turnix nigricollis,10148,39,13.4738257842991
Turnix nigricollis,10343,50,29.274766839554
Turnix nigricollis,10350,50,4.87570953246022
Turnix nigricollis,10457,50,6.82379882420909
Turnix nigricollis,10558,50,23.7666194395043
Turnix nigricollis,9480,53,56.0661895643025
Turnix nigricollis,10417,53,19.4429561790174
Turnix nigricollis,10420,53,162.094219258716
Turnix nigricollis,10528,53,19.0670525600537
Tylas eduardi,6792,27,26.6587824925889
Tylas eduardi,6794,27,16.2380797407103
Tylas eduardi,1,1,29.3167998436829
Tylas eduardi,217,2,2.11438066261417
Tylas eduardi,6832,2,162.094219258716
Tylas eduardi,6878,2,105.02396653668
Tylas eduardi,6879,2,77.941507276654
Tylas eduardi,6881,2,121.788253211748
Tylas eduardi,6883,2,62.2582651923038
Tylas eduardi,6887,2,6.25186649493641
Tylas eduardi,6890,2,43.9123990712638
Tylas eduardi,6905,2,23.6784079112986
Tylas eduardi,6906,2,16.6035814809212
Tylas eduardi,6907,2,19.4429561790174
Tylas eduardi,6909,2,19.0670525600537
Tylas eduardi,6911,2,31.6875166683302
Tylas eduardi,6923,2,29.8748831680267
Tylas eduardi,6924,2,1.47043301236653
Tylas eduardi,6925,2,28.7459032692887
Tylas eduardi,6926,2,27.545424416823
Tylas eduardi,954,32,211.697744572212
Tylas eduardi,6813,33,16.0995421292329
Tylas eduardi,6891,33,56.0661895643025
Tylas eduardi,6895,33,19.5664778138609
Tylas eduardi,6896,33,24.5940684182199
Tylas eduardi,6897,33,22.4907523126593
Tylas eduardi,6898,33,2.2857108314302
Tylas eduardi,6581,17,29.4123165165292
Tylas eduardi,6582,17,27.2715936270507
Tylas eduardi,6584,17,27.6594821549596
Tylas eduardi,6585,17,11.7562021209623
Tylas eduardi,6739,22,29.274766839554
Tylas eduardi,6746,22,4.87570953246022
Tylas eduardi,6829,22,6.82379882420909
Tylas eduardi,6917,22,23.7666194395043
Tylas eduardi,6042,24,19.2122661348475
Tylas eduardi,6761,24,18.148249547828
Tylas eduardi,6831,31,18.8183790778868
Tylas eduardi,6921,31,2.11083364651418
Upupa marginata,242,50,43.0377824654073
Upupa marginata,259,50,1.48074673073471
Upupa marginata,260,50,1.66577102635694
Upupa marginata,6175,55,46.6540592851467
Upupa marginata,13162,64,26.6587824925889
Upupa marginata,13164,64,16.2380797407103
Upupa marginata,110,1,57.8717585106773
Upupa marginata,12791,1,29.3167998436829
Upupa marginata,9797,23,52.9723472372599
Upupa marginata,10543,37,22.386189973088
Upupa marginata,11175,37,68.9415191745416
Upupa marginata,12387,37,12.7629415674419
Upupa marginata,13248,37,8.28450515110804
Upupa marginata,13250,37,2.44082853370917
Upupa marginata,13252,37,7.82027605935955
Upupa marginata,13253,37,6.16877974064255
Upupa marginata,13254,37,3.47957565452278
Upupa marginata,13256,37,7.30048270038617
Upupa marginata,13260,37,8.25182039185715
Upupa marginata,3017,45,58.7661152331824
Upupa marginata,13239,45,32.0354674676601
Upupa marginata,13242,45,25.4575989942786
Upupa marginata,1092,51,1.10266377710527
Upupa marginata,1093,51,211.697744572212
Upupa marginata,1104,51,2.02137478975803
Upupa marginata,1105,51,0.826945434479237
Upupa marginata,1141,51,1.46972063059181
Upupa marginata,12044,51,50.551453219145
Upupa marginata,12368,51,66.489778000425
Upupa marginata,13204,51,105.02396653668
Upupa marginata,13205,51,77.941507276654
Upupa marginata,13207,51,124.088483499845
Upupa marginata,13209,51,62.2582651923038
Upupa marginata,13213,51,6.25186649493641
Upupa marginata,13217,51,1.10266607838708
Upupa marginata,13218,51,9.73881683759956
Upupa marginata,13223,51,30.0296278397191
Upupa marginata,13264,51,29.8748831680267
Upupa marginata,6308,59,17.4667180712485
Upupa marginata,7052,59,86.2629835085398
Upupa marginata,13232,59,114.365959897449
Vanga curvirostris,331,51,0.370271373195231
Vanga curvirostris,332,51,0.462834125284791
Vanga curvirostris,335,51,43.0377824654073
Vanga curvirostris,351,51,1.48074673073471
Vanga curvirostris,352,51,1.66577102635694
Vanga curvirostris,9579,55,46.6540592851467
Vanga curvirostris,18958,72,26.6587824925889
Vanga curvirostris,18960,72,16.2380797407103
Vanga curvirostris,171,1,57.8717585106773
Vanga curvirostris,18375,1,29.3167998436829
Vanga curvirostris,16113,31,22.2120112317333
Vanga curvirostris,17174,31,68.9415191745416
Vanga curvirostris,18048,31,12.7629415674419
Vanga curvirostris,19143,31,8.28450515110804
Vanga curvirostris,19145,31,2.44082853370917
Vanga curvirostris,19146,31,0.608441640821219
Vanga curvirostris,19147,31,7.82027605935955
Vanga curvirostris,19148,31,6.16877974064255
Vanga curvirostris,19149,31,3.47957565452278
Vanga curvirostris,19151,31,7.30048270038617
Vanga curvirostris,19154,31,8.25182039185715
Vanga curvirostris,4530,48,50.643709147896
Vanga curvirostris,4621,48,0.364940765320301
Vanga curvirostris,19133,48,31.7616470487364
Vanga curvirostris,19136,48,25.4575989942786
Vanga curvirostris,2009,52,50.551453219145
Vanga curvirostris,2019,52,1.10266377710527
Vanga curvirostris,2047,52,2.02137478975803
Vanga curvirostris,2048,52,0.826945434479237
Vanga curvirostris,2118,52,0.367459639964223
Vanga curvirostris,2132,52,1.46972063059181
Vanga curvirostris,6357,52,211.697744572212
Vanga curvirostris,18980,52,16.0995421292329
Vanga curvirostris,19020,52,162.094219258716
Vanga curvirostris,19062,52,1.10266607838708
Vanga curvirostris,19063,52,9.73881683759956
Vanga curvirostris,19068,52,30.0296278397191
Vanga curvirostris,19077,52,105.02396653668
Vanga curvirostris,19078,52,77.941507276654
Vanga curvirostris,19080,52,124.088483499845
Vanga curvirostris,19082,52,62.2582651923038
Vanga curvirostris,19086,52,6.25186649493641
Vanga curvirostris,19089,52,43.9123990712638
Vanga curvirostris,19106,52,56.0661895643025
Vanga curvirostris,19110,52,19.5664778138609
Vanga curvirostris,19111,52,24.5940684182199
Vanga curvirostris,19112,52,22.4907523126593
Vanga curvirostris,19113,52,2.2857108314302
Vanga curvirostris,19122,52,23.6784079112986
Vanga curvirostris,19123,52,16.6035814809212
Vanga curvirostris,19124,52,19.4429561790174
Vanga curvirostris,19126,52,19.0670525600537
Vanga curvirostris,19128,52,31.6875166683302
Vanga curvirostris,19166,52,29.8748831680267
Vanga curvirostris,19167,52,1.47043301236653
Vanga curvirostris,19168,52,28.7459032692887
Vanga curvirostris,19169,52,27.545424416823
Vanga curvirostris,19019,73,18.8183790778868
Vanga curvirostris,19162,73,2.11083364651418
Vanga curvirostris,18689,57,27.2715936270507
Vanga curvirostris,18690,57,29.4123165165292
Vanga curvirostris,18691,57,27.6594821549596
Vanga curvirostris,18692,57,11.7562021209623
Vanga curvirostris,18693,57,13.4738257842991
Vanga curvirostris,10475,58,17.4667180712485
Vanga curvirostris,11393,58,86.2629835085398
Vanga curvirostris,19010,58,0.446690589020967
Vanga curvirostris,19091,58,114.365959897449
Vanga curvirostris,19142,58,0.536578449850679
Vanga curvirostris,18873,64,29.274766839554
Vanga curvirostris,18880,64,4.87570953246022
Vanga curvirostris,19017,64,6.82379882420909
Vanga curvirostris,19158,64,23.7666194395043
Vanga curvirostris,15770,66,19.2122661348475
Vanga curvirostris,18909,66,18.148249547828
Varecia rubra,71,74,22.4907523126593
Varecia rubra,7,4,24.6990569160862
Varecia rubra,10,6,18.8183790778868
Varecia rubra,74,6,2.11083364651418
Varecia rubra,46,12,56.0661895643025
Varecia rubra,66,12,24.5940684182199
Varecia variegata,9900,145,27.2715936270507
Varecia variegata,9901,146,29.4123165165292
Varecia variegata,10115,175,26.6587824925889
Varecia variegata,10117,175,16.2380797407103
Varecia variegata,1154,172,50.551453219145
Varecia variegata,1162,198,1.10266377710551
Varecia variegata,1174,198,2.02137478975803
Varecia variegata,1175,198,0.826945434479237
Varecia variegata,1211,198,0.367459639964223
Varecia variegata,1217,198,1.46972063059181
Varecia variegata,10195,198,1.10266607838708
Varecia variegata,10196,198,9.73881683759956
Varecia variegata,10201,198,30.0296278397191
Varecia variegata,16,1,57.8717585106773
Varecia variegata,9803,1,29.3167998436829
Varecia variegata,9902,147,27.6594821549596
Varecia variegata,10061,160,29.274766839554
Varecia variegata,10068,160,4.87570953246022
Varecia variegata,10252,160,23.7666194395043
Varecia variegata,9098,171,19.2122661348475
Varecia variegata,10085,171,18.148249547828
Varecia variegata,2067,186,211.697744572212
Varecia variegata,10210,199,105.02396653668
Varecia variegata,10211,199,77.941507276654
Varecia variegata,10213,200,124.088483499845
Varecia variegata,10215,200,62.2582651923038
Varecia variegata,10219,200,6.25186649493641
Varecia variegata,10260,200,29.8748831680267
Varecia variegata,10222,201,43.9123990712638
Varecia variegata,10262,201,28.7459032692887
Varecia variegata,10263,201,27.545424416823
Varecia variegata,10155,189,18.8183790778868
Varecia variegata,10256,189,2.11083364651418
Varecia variegata,10156,190,162.094219258716
Varecia variegata,10226,192,56.0661895643025
Varecia variegata,10231,192,24.5940684182199
Varecia variegata,10230,193,19.5664778138609
Varecia variegata,10232,193,22.4907523126593
Varecia variegata,10233,193,2.2857108314302
Varecia variegata,10240,194,23.6784079112986
Varecia variegata,10242,195,19.4429561790174
Varecia variegata,10244,196,19.0670525600537
Varecia variegata,10246,197,31.6875166683302
Xanthomixis apperti,1,1,52.9723472372599
Xanthomixis cinereiceps,1837,25,29.4123165165292
Xanthomixis cinereiceps,1838,25,27.2715936270507
Xanthomixis cinereiceps,1902,34,26.6587824925889
Xanthomixis cinereiceps,1903,34,16.2380797407103
Xanthomixis cinereiceps,11,2,58.6054087219563
Xanthomixis cinereiceps,1904,2,25.3295724640279
Xanthomixis cinereiceps,21,3,76.2139834638012
Xanthomixis cinereiceps,1531,31,29.274766839554
Xanthomixis cinereiceps,1909,31,6.82379882420909
Xanthomixis cinereiceps,1921,31,23.7666194395043
Xanthomixis cinereiceps,1874,33,19.2122661348475
Xanthomixis cinereiceps,1901,33,18.148249547828
Xanthomixis cinereiceps,46,35,62.2582651923038
Xanthomixis cinereiceps,1905,35,14.4249234140393
Xanthomixis cinereiceps,1912,35,105.228086439303
Xanthomixis cinereiceps,1918,35,6.25186649493641
Xanthomixis cinereiceps,1919,35,29.8748831680267
Xanthomixis cinereiceps,1920,35,1.47043301236653
Xanthomixis zosterops,13033,5,26.6587824925889
Xanthomixis zosterops,13035,5,16.2380797407103
Xanthomixis zosterops,3,1,29.3167998436829
Xanthomixis zosterops,12727,1,40.0652894482287
Xanthomixis zosterops,12817,63,27.2715936270507
Xanthomixis zosterops,12818,63,29.4123165165292
Xanthomixis zosterops,12819,63,27.6594821549596
Xanthomixis zosterops,12820,63,11.7562021209623
Xanthomixis zosterops,13156,63,0.259287194254398
Xanthomixis zosterops,12976,72,29.274766839554
Xanthomixis zosterops,12983,72,4.87570953246022
Xanthomixis zosterops,13070,72,6.82379882420909
Xanthomixis zosterops,13158,72,23.7666194395043
Xanthomixis zosterops,11850,73,19.2122661348475
Xanthomixis zosterops,13003,73,18.148249547828
Xanthomixis zosterops,1987,74,211.697744572212
Xanthomixis zosterops,13073,83,162.094219258716
Xanthomixis zosterops,13151,83,31.6875166683302
Xanthomixis zosterops,13118,84,105.02396653668
Xanthomixis zosterops,13119,84,77.941507276654
Xanthomixis zosterops,13121,84,121.788253211748
Xanthomixis zosterops,13123,84,62.2582651923038
Xanthomixis zosterops,13127,84,6.25186649493641
Xanthomixis zosterops,13130,84,43.9123990712638
Xanthomixis zosterops,13164,84,29.8748831680267
Xanthomixis zosterops,13165,84,1.47043301236653
Xanthomixis zosterops,13166,84,28.7459032692887
Xanthomixis zosterops,13167,84,27.545424416823
Xanthomixis zosterops,13145,85,23.6784079112986
Xanthomixis zosterops,13146,85,16.6035814809212
Xanthomixis zosterops,13147,85,19.4429561790174
Xanthomixis zosterops,13149,85,19.0670525600537
Xanthomixis zosterops,13072,81,18.8183790778868
Xanthomixis zosterops,13162,81,2.11083364651418
Xanthomixis zosterops,13054,82,16.0995421292329
Xanthomixis zosterops,13131,82,56.0661895643025
Xanthomixis zosterops,13135,82,19.5664778138609
Xanthomixis zosterops,13136,82,24.5940684182199
Xanthomixis zosterops,13137,82,22.4907523126593
Xanthomixis zosterops,13138,82,2.2857108314302
Xenopirostris polleni,2120,9,27.2715936270423
Xenopirostris polleni,2186,23,29.274766839554
Xenopirostris polleni,49,28,29.8164373522979
Xenopirostris polleni,42,24,58.6054087219563
Xenopirostris polleni,2218,24,26.9873804763462
Xenopirostris polleni,57,27,43.9123990712638
Xenopirostris polleni,58,27,23.6784079112986
Xenopirostris polleni,60,27,16.6035814809212
Xenopirostris polleni,75,27,162.094219258716
Xenopirostris polleni,2213,27,16.0995421292329
Xenopirostris polleni,2219,27,29.8748831680267
Xenopirostris polleni,2221,27,19.4429561790174
Xenopirostris polleni,2222,27,19.0670525600537
Xenopirostris polleni,2225,27,28.7459032692887
Xenopirostris polleni,2226,27,1.47043301236653
Xenopirostris xenopirostris,69,3,68.9415191745416
Xenopirostris xenopirostris,71,3,7.55683161994839
Xenopirostris xenopirostris,76,3,8.34378711496616
Xenopirostris xenopirostris,77,3,0.608441640821219
Xenopirostris xenopirostris,78,3,7.82027605935955
Xenopirostris xenopirostris,79,3,6.16877974064255
Xenopirostris xenopirostris,80,3,0.52152061849916
