species,patch_id,pu_id,patch_area_km2
Allocebus trichotis,1,1,29.7379084643435
Allocebus trichotis,2,2,2.87885793996942
Allocebus trichotis,3,2,17.5407431045376
Avahi peyrierasi,4,2,31.3717594256851
Brachyuromys ramirohitra,1,1,29.874883168016
Brachyuromys ramirohitra,2,2,31.1097970257719
Brachyuromys ramirohitra,3,2,29.6010280214969
Bradypterus seebohmi,1,1,29.6296191803173
Bradypterus seebohmi,2,1,30.9497681570648
Bradypterus seebohmi,3,1,9.04229392746949
Bradypterus seebohmi,4,1,0.62064821295929
Bradypterus seebohmi,5,1,0.265972006814122
Bradypterus seebohmi,6,1,0.709200345668078
Bradypterus seebohmi,7,1,0.177290677110672
Bradypterus seebohmi,8,1,0.177275942426443
Bradypterus seebohmi,9,1,0.177274304782391
Eliurus grandidieri,1,1,0.369097689209938
Eliurus grandidieri,2,1,16.2380797407139
Eliurus grandidieri,5,1,26.6587824925881
Eliurus grandidieri,6,2,30.0991205968232
Eliurus grandidieri,7,3,28.9945355610176
Eliurus grandidieri,8,4,30.0587182645782
Eliurus grandidieri,13,6,28.1094555150568
Eliurus grandidieri,18,7,29.1983259148607
Eliurus grandidieri,19,8,31.5815648439707
Eliurus grandidieri,20,9,29.8980611397107
Eliurus grandidieri,23,12,29.7723925005927
Eliurus grandidieri,33,15,52.0931107730174
Eliurus grandidieri,34,16,2.24909224567234
Eliurus grandidieri,35,16,0.179934098074555
Eliurus grandidieri,36,17,2.87885793996942
Eliurus grandidieri,37,16,2.87876883525968
Eliurus grandidieri,38,16,0.899620833965421
Eliurus grandidieri,39,16,0.269868277515173
Eliurus grandidieri,40,17,17.5407431045376
Eliurus grandidieri,41,16,33.0953660842019
Eliurus grandidieri,45,19,26.5957620119
Eliurus grandidieri,47,19,0.0895341223353148
Eliurus grandidieri,48,20,86.4429060506233
Eliurus grandidieri,49,21,31.3717594256851
Eliurus grandidieri,50,22,29.2933770460047
Eliurus grandidieri,51,23,27.2103975337671
Eliurus grandidieri,52,24,23.3869369832728
Eliurus grandidieri,53,24,0.0882398636196852
Eliurus grandidieri,54,25,29.4458484051926
Eliurus grandidieri,55,25,31.2860684973484
Eliurus grandidieri,56,26,30.8233521124446
Eliurus grandidieri,57,27,81.7525025867106
Lepilemur ankaranensis,10,2,0.463781360735595
Lepilemur ankaranensis,11,2,120.652777342255
Lepilemur ankaranensis,12,2,0.278243954662919
Lepilemur ankaranensis,13,2,0.185478644791543
Lepilemur ankaranensis,14,2,0.185474717534482
Lepilemur ankaranensis,15,2,0.64914825101471
Lepilemur ankaranensis,16,2,0.27820176096189
Lepilemur ankaranensis,17,2,0.18546587502265
Lepilemur ankaranensis,18,2,0.18545505566138
Lepilemur ankaranensis,19,2,6.4908973798604
Lepilemur ankaranensis,20,2,8.437097733572
Lepilemur ankaranensis,21,2,0.185438309593201
Lepilemur ankaranensis,22,2,0.185425482894003
Lepilemur ankaranensis,33,7,0.370271373195231
Lepilemur ankaranensis,34,7,0.462834125284791
Lepilemur ankaranensis,35,7,43.0377824654073
Lepilemur ankaranensis,36,7,0.18513059458977
Lepilemur ankaranensis,37,7,1.48074673073471
Lepilemur ankaranensis,38,7,1.38815019469893
Lepilemur ankaranensis,39,7,1.66577102635789
Lepilemur ankaranensis,40,7,0.185083622752428
Lepilemur ankaranensis,41,7,0.27762389876622
Lepilemur ankaranensis,42,7,0.277610584835947
Microcebus ravelobensis,2,2,0.0914152072403431
Microcebus ravelobensis,3,2,5.85033975470436
Microcebus ravelobensis,4,2,24.6792146248902
Microcebus ravelobensis,5,2,0.0914115014762879
Microcebus ravelobensis,6,3,1.0054375043211
Microcebus ravelobensis,7,2,2.83342021114933
Microcebus ravelobensis,8,2,0.0914028473147154
Microcebus ravelobensis,9,2,0.182805694629431
Microcebus ravelobensis,10,2,1.00536820483017
Microcebus ravelobensis,11,2,1.55373825480211
Microcebus ravelobensis,12,3,2.37624750380075
Microcebus ravelobensis,13,2,0.274192454328179
Microcebus ravelobensis,14,2,0.0913954212394953
Microcebus ravelobensis,15,2,0.0913941828228235
Microcebus ravelobensis,16,3,0.182784649551272
Microcebus ravelobensis,17,3,0.0913904663075209
Microcebus ravelobensis,18,3,0.0913892270473242
Microcebus ravelobensis,19,3,0.182778454094648
Microcebus ravelobensis,20,3,7.67678403816379
Microcebus ravelobensis,21,3,8.49783825707936
Microcebus ravelobensis,23,3,0.274089461484194
Microcebus ravelobensis,24,3,0.0913643975844383
Microcebus ravelobensis,25,3,0.0913631538983583
Microcebus ravelobensis,27,3,9.50188821791184
Microcebus ravelobensis,28,3,4.56775692645169
Microcebus ravelobensis,29,3,0.456749789226651
Microcebus ravelobensis,30,3,0.0913494594436884
Microcebus ravelobensis,33,6,19.4460137230993
Microcebus ravelobensis,36,7,0.0912806047910452
Microcebus ravelobensis,37,8,0.18256120958209
Microcebus ravelobensis,38,8,2.64711363947523
Microcebus ravelobensis,39,8,2.28180747323132
Microcebus ravelobensis,44,7,34.9561422077832
Microcebus ravelobensis,45,9,24.7276188530539
Microcebus ravelobensis,46,10,47.905131750668
Microcebus ravelobensis,47,11,8.48632753355539
Microcebus ravelobensis,58,9,0.0912427791885138
Microcebus ravelobensis,59,10,0.0912402507441044
Microcebus ravelobensis,60,10,0.364942030489683
Microcebus ravelobensis,61,10,0.456175956650972
Monticola erythronotus,1,1,56.8711675529895
Monticola erythronotus,2,1,0.55664420881176
Monticola erythronotus,3,1,0.371099061261296
Monticola erythronotus,4,1,0.556625695955515
Monticola erythronotus,5,1,9.3690831852839
Monticola erythronotus,6,1,0.185535398295105
Monticola erythronotus,7,1,0.463806772104681
Monticola erythronotus,8,1,0.27827526928854
Monticola erythronotus,9,1,28.8450665179956
Monticolomys koopmani,2,2,20.7455502793206
Monticolomys koopmani,3,2,0.0879156733250618
Monticolomys koopmani,6,5,27.2715936270423
Monticolomys koopmani,7,6,29.4123165165314
Neodrepanis hypoxantha,1,1,29.874883168016
Neodrepanis hypoxantha,2,2,31.2831288292182
Neodrepanis hypoxantha,3,3,27.2715936270423
Newtonia fanovanae,2,2,29.3885406549368
Newtonia fanovanae,3,2,20.6592519148784
Newtonia fanovanae,4,2,19.9515621485482
Newtonia fanovanae,5,2,0.604549703200459
Newtonia fanovanae,6,2,0.777178853789091
Xanthomixis apperti,1,1,68.4073900828678
Phaner furcifer,1,1,26.7219759851342
Phaner furcifer,16,7,9.25542923517722
Phaner furcifer,17,7,1.48074673073471
Phaner furcifer,18,7,1.38815019469893
Phaner furcifer,20,7,1.480685356668
Phaner furcifer,21,7,0.185083622752428
Phaner furcifer,22,7,0.27762389876622
Phaner furcifer,31,13,29.671471531807
Phaner furcifer,57,16,0.643524707940877
Phaner furcifer,58,16,0.459616383672059
Phaner furcifer,59,16,9.46768015268075
Phaner furcifer,60,16,0.183841973942041
Phaner furcifer,61,16,0.643432019172192
Phaner furcifer,62,16,0.275752651619673
Phaner furcifer,63,16,0.367655302864194
Phaner furcifer,64,16,1.56243208603442
Phaner furcifer,65,16,0.275729722221732
Phaner furcifer,66,16,0.275717098941624
Phaner furcifer,67,16,0.275709061498523
Phaner furcifer,68,16,0.459508593737543
Phaner furcifer,69,16,0.643297785346329
Phaner furcifer,70,16,0.45949710468936
Phaner furcifer,71,16,1.1946710927344
Phaner furcifer,72,16,0.183794934333146
Phaner furcifer,73,16,50.5514532191364
Phaner furcifer,74,16,3.21620605602419
Phaner furcifer,75,16,0.551364106284499
Phaner furcifer,76,17,1.10266377710551
Phaner furcifer,77,17,0.183781132994473
Phaner furcifer,78,17,1.10266607838744
Phaner furcifer,79,16,0.367564567481756
Phaner furcifer,80,16,0.183777680330753
Phaner furcifer,81,16,0.551319225258708
Phaner furcifer,82,16,0.183773075227499
Phaner furcifer,83,17,9.73881683760441
Phaner furcifer,84,16,1.10259928914046
Phaner furcifer,85,17,2.02137478975803
Phaner furcifer,86,17,0.826945434479237
Phaner furcifer,87,16,0.643170052255213
Phaner furcifer,88,16,0.183763859938979
Phaner furcifer,89,16,0.183761555059075
Phaner furcifer,90,16,1.65382056523675
Phaner furcifer,91,16,1.01060090259159
Phaner furcifer,92,16,0.275615805294693
Phaner furcifer,93,17,0.826825480995119
Phaner furcifer,94,17,0.459349671094894
Phaner furcifer,95,17,0.367459639964223
Phaner furcifer,96,17,0.183724619395971
Phaner furcifer,97,17,0.275586929093957
Phaner furcifer,98,17,1.46972063059181
Phaner furcifer,99,17,0.275577679304183
Phaner furcifer,100,17,0.18370726844722
Phaner furcifer,101,18,18.1847541860198
Phaner furcifer,102,17,30.0296278397165
Phaner furcifer,103,17,0.367363554798603
Phaner furcifer,107,19,18.0890314559538
Phaner furcifer,115,17,0.275443051051259
Phaner furcifer,183,33,29.3041924637738
Phaner furcifer,325,57,44.4928427752215
Hypogeomys antimena,1,1,16.5405274979631
Hypogeomys antimena,10,3,28.8514752628876
Hypogeomys antimena,12,3,7.14406051427138
Hypogeomys antimena,15,3,0.714404974959851
Hypogeomys antimena,17,3,0.535747839347601
Hypogeomys antimena,18,3,0.178579506715775
Hypogeomys antimena,19,3,1.87495118889713
Hypogeomys antimena,20,3,0.446428569326758
Hypogeomys antimena,21,3,0.446413028153062
Monticola imerina,54,8,0.26172474291873
Monticola imerina,56,8,158.502368871225
Monticola imerina,59,8,0.261578436938167
Monticola imerina,77,8,19.1378909890882
Monticola imerina,79,8,16.8560353044994
Monticola imerina,80,8,28.9974828240835
Monticola imerina,2,1,9.25706128804803
Monticola imerina,214,1,4.31856011909986
Monticola imerina,10,2,23.0620316261801
Monticola imerina,17,2,4.90631056789207
Monticola imerina,32,2,46.5723968884147
Monticola imerina,164,2,1.92878389436269
Monticola imerina,216,2,41.0899696207646
Monticola imerina,217,2,0.526030696397066
Monticola imerina,218,2,16.4798331569069
Monticola imerina,222,2,36.3826787541578
Microgale dryas,9,4,30.0587182645782
Microgale dryas,11,6,86.8019054917116
Microgale dryas,14,6,84.5717502941514
Microgale dryas,15,6,0.275470983039737
Microgale dryas,16,7,31.4720297234889
Microgale dryas,17,7,29.8132933344408
Microgale dryas,18,8,19.439023896375
Microgale dryas,19,8,0.733449546446562
Microgale dryas,20,8,58.8448757092026
Microgale dryas,21,9,25.7528153259714
Microgale dryas,22,8,28.7773817194793
Microgale dryas,23,10,27.3898332410564
Microgale dryas,26,11,22.1470734063995
Microgale dryas,28,12,0.548483832757473
Microgale dryas,29,12,0.274244386677384
Microgale dryas,30,12,5.30132175810611
Microgale dryas,38,15,7.67238536788142
Microgale dryas,39,14,0.182695180032492
Microgale dryas,45,14,14.0655761934762
Microgale dryas,47,16,2.73830994216502
Microgale dryas,50,16,10.4953631187687
Microgale dryas,51,17,30.0199160086855
Microgale dryas,58,19,0.181274117312074
Microgale dryas,59,19,30.8125924480566
Microgale dryas,60,19,29.8980611397107
Microgale dryas,61,20,11.5351376852355
Microgale dryas,62,21,29.6392652591924
Microgale dryas,68,23,45.3586244344044
Microgale dryas,69,23,0.179958904524803
Microgale dryas,70,24,2.87885793996942
Microgale dryas,71,23,2.87876883525968
Microgale dryas,72,23,0.899620833965421
Microgale dryas,73,23,0.269868277515173
Microgale dryas,74,24,17.5407431045376
Microgale dryas,75,23,33.0953660842019
Microgale dryas,134,34,5.80579014358365
Microgale dryas,135,34,1.33965979937696
Microgale dryas,136,35,0.625091935809255
Microgale dryas,137,35,14.2828846739303
Microgale dryas,142,36,0.356880130990148
Microgale dryas,143,36,8.47422071402585
Microgale dryas,144,36,2.4083891803335
Microgale dryas,149,37,2.22619413036621
Microgale dryas,150,37,8.45769562496112
Microgale dryas,154,38,25.9711413333481
Microgale dryas,155,38,0.177858824382067
Microgale dryas,157,38,9.60259051152742
Microgale dryas,158,39,57.2471492281184
Microgale dryas,159,40,31.3717594256851
Microgale dryas,160,41,58.7538227883091
Microgale dryas,164,42,1.85141498457396
Microgale dryas,165,42,7.22831769303799
Microgale dryas,166,43,29.5491653866547
Microgale dryas,168,45,2.33597082442749
Microgale dryas,169,45,0.173038084078312
Microgale dryas,170,45,57.1920356452319
Eliurus antsingy,3,2,21.2443070814914
Eliurus antsingy,4,2,0.0911691125099659
Microcebus berthae,5,2,4.82402039028657
Nesomys lambertoni,200,20,78.5054384879891
Nesomys lambertoni,328,25,130.568218715013
Microcebus tavaratra,10,3,0.463597745714188
Microcebus tavaratra,11,3,43.2038186617151
Microcebus tavaratra,12,3,0.0927073077802658
Microcebus tavaratra,14,5,0.0926675960290432
Microcebus tavaratra,15,5,0.0926606114119887
Microcebus tavaratra,16,5,0.0926476122773886
Microcebus tavaratra,17,5,43.4528749465184
Microcebus tavaratra,18,5,0.0926436052986383
Microcebus tavaratra,31,9,0.370271373195231
Microcebus tavaratra,33,9,0.462834125284791
Microcebus tavaratra,37,9,43.0377824654073
Microcebus tavaratra,38,9,0.18513059458977
Microcebus tavaratra,43,9,1.48074673073471
Microcebus tavaratra,45,9,1.66577102635789
Microcebus tavaratra,47,9,0.27762389876622
Microcebus tavaratra,48,9,0.277610584835947
Microcebus tavaratra,63,13,0.0918911418704391
Microcebus tavaratra,64,13,0.0918911418704391
Microcebus tavaratra,65,13,0.183782283740878
Microcebus tavaratra,66,13,0.0918911418704391
Microcebus tavaratra,67,13,0.275667671454787
Microcebus tavaratra,68,13,1.92954817861235
Microcebus tavaratra,69,13,0.367500048400223
Microcebus tavaratra,70,13,0.0918715503870249
Microcebus tavaratra,71,13,0.0918703960417509
Microcebus tavaratra,72,13,0.275591552190423
Microcebus tavaratra,73,13,0.0918623096979857
Microcebus tavaratra,74,13,0.0918623096979857
Microcebus tavaratra,76,13,0.367434207116008
Microcebus tavaratra,77,13,0.183716525221109
Microcebus tavaratra,78,13,33.8991079803628
Microcebus tavaratra,180,29,0.0905584602525234
Microcebus tavaratra,181,29,0.452763459861875
Microcebus tavaratra,182,29,0.0905447203236818
Microcebus tavaratra,183,29,38.2051651932297
Microcebus tavaratra,184,29,0.0905061372197867
Microcebus tavaratra,185,29,3.07696966736638
Microcebus tavaratra,186,29,0.723997986286044
Microcebus tavaratra,188,29,0.361958205401897
Microcebus tavaratra,236,38,6.4751806773603
Microcebus tavaratra,237,38,36.3318798597431
Microcebus tavaratra,238,38,0.0899370735929012
Microcebus tavaratra,239,38,0.0899312145227194
Microcebus tavaratra,240,38,0.449634089968205
Microcebus tavaratra,241,38,0.0899238860028982
Microcebus tavaratra,242,38,0.449603298739433
Microcebus tavaratra,243,38,0.359686745625973
Microcebus tavaratra,244,38,0.0899194863940477
Nesillas lantzii,2,1,58.4639144571832
Nesillas lantzii,45,1,16.1215402504437
Nesillas lantzii,57,1,46.5723968884147
Nesillas lantzii,259,1,31.4692072683324
Nesillas lantzii,262,1,36.3826787541578
Nesillas lantzii,267,1,23.0620316261801
Nesillas lantzii,93,8,0.959635746629
Nesillas lantzii,96,8,8.54688940804958
Nesillas lantzii,109,8,12.7243852658726
Nesillas lantzii,115,8,0.261418984541655
Nesillas lantzii,119,8,0.522798031426311
Nesillas lantzii,163,8,0.434814517434597
Nesillas lantzii,176,8,103.48826611094
Nesillas lantzii,180,8,31.4571395379628
Nesillas lantzii,181,8,0.347746593876839
Nesillas lantzii,185,8,10.5923656306142
Nesillas lantzii,190,8,98.3713379626257
Nesillas lantzii,258,8,0.347687768672109
Nesillas lantzii,264,8,25.3907382257994
Nesomys audeberti,5,2,39.808832249399
Nesomys audeberti,10,2,0.0923535899510384
Nesomys audeberti,13,2,9.78885034124469
Nesomys audeberti,14,2,0.184702931169152
Nesomys audeberti,16,4,16.7109386026331
Nesomys audeberti,22,5,47.5331545653718
Nesomys audeberti,34,6,26.8482161109069
Nesomys audeberti,43,8,10.964685349086
Nesomys audeberti,44,8,0.0921358429681063
Nesomys audeberti,45,9,19.254136380346
Nesomys audeberti,49,9,0.276354423903167
Nesomys audeberti,50,9,0.552705523771942
Nesomys audeberti,51,9,25.2373154232593
Nesomys audeberti,53,11,0.920947142538845
Nesomys audeberti,54,12,0.460479690076709
Nesomys audeberti,55,12,0.276287814046025
Nesomys audeberti,64,11,19.7063202487138
Nesomys audeberti,65,12,19.1535753317625
Nesomys audeberti,105,15,281.014195517025
Nesomys audeberti,122,15,41.019546612291
Nesomys audeberti,132,15,27.1236302449286
Nesomys audeberti,148,18,28.3589301142147
Nesomys audeberti,152,18,0.0917785340768695
Nesomys audeberti,154,20,19.0896275904197
Nesomys audeberti,160,21,21.1952284617382
Nesomys audeberti,172,22,0.0916924755638242
Nesomys audeberti,173,22,205.374224164484
Nesomys audeberti,180,22,0.091668701308012
Nesomys audeberti,181,22,49.4026256800068
Nesomys audeberti,182,24,27.3898332410564
Nesomys audeberti,237,30,26.7580247753003
Nesomys audeberti,502,49,0.268263126891017
Nesomys audeberti,503,49,0.715356050514937
Nesomys audeberti,504,49,7.15316099739838
Nesomys audeberti,533,49,0.0894041362342835
Nesomys audeberti,545,49,1.96673406490374
Nesomys audeberti,693,62,9.72704076610935
Nesomys audeberti,700,62,0.356898879014611
Nesomys audeberti,708,62,0.356880130990148
Nesomys audeberti,710,62,8.47422071402585
Nesomys audeberti,712,62,0.981214316613197
Nesomys audeberti,724,62,11.1471543368874
Nesomys audeberti,736,62,0.535034442315459
Nesomys audeberti,739,63,0.178273059561968
Nesomys audeberti,741,63,2.22686077615953
Nesomys audeberti,748,63,2.67168173740828
Nesomys audeberti,749,63,95.9470650118183
Nesomys audeberti,750,63,2.04824535180938
Nesomys audeberti,785,67,7.47719265585076
Nesomys audeberti,790,64,32.5033506781079
Nesomys audeberti,796,67,29.4606174763533
Nesomys audeberti,811,70,14.6775891612542
Nesomys audeberti,1018,75,29.9258769405396
Nesomys audeberti,1112,77,27.8556197308008
Nesomys audeberti,1124,77,26.6050361725919
Nesomys audeberti,1150,79,29.6094616040561
Nesomys audeberti,1155,81,56.2269940387501
Nesomys audeberti,1204,81,0.265536269318342
Nesomys audeberti,1220,81,17.1679916088279
Nesomys audeberti,1307,88,30.3134123069997
Nesomys audeberti,1308,89,24.0306143004422
Nesomys audeberti,1310,90,21.4604261837732
Nesomys audeberti,1326,92,0.0883004561549425
Nesomys audeberti,1327,92,1.32446653053212
Nesomys audeberti,1328,92,38.9251549886243
Nesomys audeberti,1334,92,0.0882398636196852
Nesomys audeberti,1335,92,16.7616877255436
Nesomys audeberti,1362,92,0.352837870779514
Nesomys audeberti,1369,92,18.5195332796564
Nesomys audeberti,1401,94,59.5651701901496
Nesomys audeberti,1407,94,54.8552774273227
Nesomys audeberti,1419,96,19.968964950618
Nesomys audeberti,1433,97,44.7072269239938
Nesomys audeberti,1441,97,25.3661091543095
Nesomys audeberti,1471,99,17.081330381768
Nesomys audeberti,1507,102,11.5564136641994
Nesomys audeberti,1546,106,4.87634729720127
Nesomys audeberti,835,71,2.40106290664852
Nesomys audeberti,836,71,0.0889318128432035
Nesomys audeberti,841,71,0.177858824382067
Nesomys audeberti,842,71,34.5884724114306
Nesomys audeberti,863,71,12.002940350133
Nesomys audeberti,1520,136,2.45062763333797
Nesomys audeberti,1530,136,15.3109534877646
Nesomys audeberti,21,3,27.8797654553578
Nesomys audeberti,23,3,0.0923130816246867
Nesomys audeberti,25,3,0.0923098705308437
Nesomys audeberti,131,16,117.582119323478
Nesomys audeberti,1553,110,29.4123165165292
Nesomys audeberti,1556,137,27.2715936270507
Nesomys audeberti,1557,138,29.3885406549345
Nesomys audeberti,104,13,267.595990677408
Nesomys audeberti,1555,140,19.5013252115963
Nesomys audeberti,128,139,107.268960086694
Nesomys audeberti,137,139,206.017035075513
Newtonia archboldi,45,16,46.5723968884147
Newtonia archboldi,268,16,36.3826787541578
Newtonia archboldi,2,1,58.4639144571832
Newtonia archboldi,32,1,16.1215402504437
Newtonia archboldi,266,1,29.6282884787502
Newtonia archboldi,271,1,23.0620316261801
Newtonia archboldi,160,12,134.19692352737
Newtonia archboldi,274,12,0.347746593876839
Thamnornis chloropetoides,9,3,25.2530937962928
Thamnornis chloropetoides,29,4,46.5723968884147
Thamnornis chloropetoides,283,4,36.3826787541578
Thamnornis chloropetoides,7,2,23.0620316261801
Thamnornis chloropetoides,12,2,1.92878389436472
Thamnornis chloropetoides,280,2,0.526030696397066
Thamnornis chloropetoides,281,2,14.6389143673247
Thamnornis chloropetoides,136,5,47.9151920474066
Thamnornis chloropetoides,187,6,212.535195769576
Thamnornis chloropetoides,244,6,138.804967227073
Thamnornis chloropetoides,245,6,16.8407713442635
Thamnornis chloropetoides,279,6,0.347687768672109
Thamnornis chloropetoides,288,6,0.347746593876839
Avahi occidentalis,26,3,1.36983741289043
Avahi occidentalis,32,3,62.5364411378372
Avahi occidentalis,5,1,5.85033975470436
Avahi occidentalis,6,1,24.6792146248902
Avahi occidentalis,7,1,1.0054375043211
Avahi occidentalis,8,1,2.83342021114933
Avahi occidentalis,9,1,1.00536820483017
Avahi occidentalis,10,1,2.37624750380075
Avahi occidentalis,11,1,0.274192454328179
Avahi occidentalis,15,1,8.31651482316256
Avahi occidentalis,18,1,16.5402429724617
Avahi occidentalis,19,1,8.49783825707936
Avahi occidentalis,20,1,0.274089461484194
Avahi occidentalis,21,1,10.9639024804161
Avahi occidentalis,22,1,4.56775692645169
Avahi occidentalis,23,1,0.456749789226651
Avahi occidentalis,24,2,21.6411507311388
Avahi occidentalis,40,4,339.142783437443
Avahi occidentalis,46,4,2.0072273404777
Avahi occidentalis,56,4,0.364940765320301
Ceblepyris cinereus,1,1,31.6985197321722
Ceblepyris cinereus,2,2,25.2373154232593
Ceblepyris cinereus,3,3,30.0519651895546
Ceblepyris cinereus,4,3,59.8147369787795
Ceblepyris cinereus,5,3,59.9645208859875
Ceblepyris cinereus,6,3,29.9192284064497
Ceblepyris cinereus,7,3,30.088507919898
Ceblepyris cinereus,8,3,29.9898296926292
Ceblepyris cinereus,9,3,29.9758644450726
Ceblepyris cinereus,10,4,61.6276496492877
Ceblepyris cinereus,11,4,29.7570322031286
Ceblepyris cinereus,12,5,28.7010213411973
Ceblepyris cinereus,15,6,27.1204312739907
Ceblepyris cinereus,17,7,29.7238530124769
Ceblepyris cinereus,18,8,38.3946948622825
Ceblepyris cinereus,19,8,1.35457540027249
Ceblepyris cinereus,20,8,0.812480411258936
Ceblepyris cinereus,21,8,38.8224120711299
Ceblepyris cinereus,22,8,29.7639165075691
Ceblepyris cinereus,23,8,29.8365955454092
Ceblepyris cinereus,55,11,29.8432117734118
Ceblepyris cinereus,69,13,47.9724179387192
Ceblepyris cinereus,75,13,0.876075560681462
Coua coquereli,2201,4,68.4073900828574
Coua coquereli,1489,8,36.331879859746
Coua coquereli,1510,8,130.568218715013
Coua coquereli,2549,8,6.47518067736232
Coua coquereli,2553,16,78.5054384879867
Coua coquereli,2018,7,2.73910567240655
Coua coquereli,2066,7,354.116732481142
Coua coquereli,2607,7,17.5870851484947
Coua coquereli,2611,7,2.03225787389851
Coua coquereli,337,12,36.3372512144693
Coua coquereli,2527,12,5.86001237088037
Coua coquereli,2538,12,30.5684495112349
Coua coquereli,345,13,16.3740665150672
Coua coquereli,388,13,19.2038282113973
Coua coquereli,418,13,1.91988596975887
Coua coquereli,419,13,4.2053427026192
Coua coquereli,435,13,22.2892814174211
Coua coquereli,436,13,5.85033975470352
Coua coquereli,438,13,24.6792146248873
Coua coquereli,446,13,2.83342021114933
Coua coquereli,452,13,2.37624750380063
Coua coquereli,461,13,8.3165148231597
Coua coquereli,465,13,8.86332816260099
Coua coquereli,498,13,10.9639024804163
Coua coquereli,499,13,4.567756926453
Coua coquereli,625,13,693.921992462519
Coua coquereli,626,13,2.0072273404777
Coua coquereli,2353,13,2.19383277368414
Coua coquereli,2354,13,37.6497033879563
Coua coquereli,2467,13,9.30640563301087
Coua coquereli,2509,13,16.5402429724604
Coua coquereli,1820,14,171.071344628696
Coua coquereli,1980,14,35.9142155788532
Coua coquereli,2582,14,15.4450147414067
Coua coquereli,2602,14,8.19087994073701
Coua coquereli,2605,14,9.49462234218203
Coua coquereli,2606,14,23.5087072345356
Coua coquereli,1595,15,57.9536162531174
Coua coquereli,1597,15,2.32886922907722
Coua coquereli,1600,15,3.3134309653126
Coua coquereli,1608,15,2.32767118465054
Coua coquereli,1610,15,2.05895008530676
Coua coquereli,1625,15,1.78860352420616
Coua coquereli,1640,15,89.7882265229853
Coua coquereli,1672,15,1.87495118889725
Coua coquereli,1674,15,466.568559868034
Coua coquereli,2390,15,35.8509582239029
Coua coquereli,2490,15,3.75955498127008
Coua coquereli,2573,15,1.79238486696017
Coua coquereli,2580,15,7.14406051427484
Coua coquereli,2601,15,17.1081231937802
Coua coquereli,2613,15,27.5139015001006
Coua cursor,88,3,13.1672804516124
Coua cursor,136,3,433.103828882698
Coua cursor,139,3,16.1215402504437
Coua cursor,172,3,46.5723968884147
Coua cursor,536,3,1.94182639975023
Coua cursor,538,3,43.5541700668897
Coua cursor,543,3,13.0307413413469
Coua cursor,547,3,6.06907414019537
Coua cursor,548,3,58.4639144571832
Coua cursor,592,3,36.3826787541578
Coua cursor,612,3,9.25706128804803
Coua cursor,615,3,4.31856011909986
Coua cursor,617,3,2.02272765648687
Coua cursor,618,3,31.4692072683324
Coua cursor,641,3,23.0620316261801
Coua cursor,642,3,15.2003871725972
Coua cursor,644,3,2.03225787389851
Coua cursor,211,4,9.79969941269683
Coua cursor,220,4,3.38022994819081
Coua cursor,222,4,12.0483039035151
Coua cursor,286,4,407.359013290818
Coua cursor,484,4,17.8876522784661
Coua cursor,504,4,45.1360753508905
Coua cursor,558,4,47.9151920474066
Coua cursor,572,4,138.804967227073
Coua gigas,138,3,16.3740665150672
Coua gigas,150,3,19.2038282113973
Coua gigas,156,3,4.2053427026192
Coua gigas,159,3,5.85033975470436
Coua gigas,160,3,16.0871950112846
Coua gigas,168,3,5.0262264291631
Coua gigas,169,3,8.86332816260146
Coua gigas,171,3,16.5402429724617
Coua gigas,180,3,10.9639024804163
Coua gigas,181,3,4.567756926453
Coua gigas,186,3,9.04258868397665
Coua gigas,228,3,454.339155428506
Coua gigas,1243,3,59.2635538920963
Coua gigas,540,4,36.331879859746
Coua gigas,547,4,130.568218715013
Coua gigas,578,4,57.9536162531174
Coua gigas,580,4,3.3134309653126
Coua gigas,591,4,89.7882265229853
Coua gigas,606,4,466.568559868034
Coua gigas,1091,4,35.8509582239029
Coua gigas,1239,4,3.75955498127008
Coua gigas,1244,4,6.47518067736232
Coua gigas,1248,4,78.5054384879867
Coua gigas,1273,4,7.14406051427484
Coua gigas,1291,4,17.1081231937802
Coua gigas,1298,4,27.5139015001006
Coua gigas,682,5,171.071344628696
Coua gigas,759,5,35.9142155788532
Coua gigas,1276,5,11.9837631239951
Coua gigas,1292,5,8.19087994073701
Coua gigas,1295,5,23.5087072345356
Coua gigas,784,6,13.1672804516124
Coua gigas,872,6,126.208445257514
Coua gigas,884,6,16.1215402504437
Coua gigas,933,6,46.5723968884147
Coua gigas,964,6,419.940353694152
Coua gigas,1048,6,17.8876522784661
Coua gigas,1081,6,45.1360753508905
Coua gigas,1096,6,29.0032743569901
Coua gigas,1100,6,13.0307413413469
Coua gigas,1104,6,6.06907414019537
Coua gigas,1105,6,58.4639144571832
Coua gigas,1115,6,47.9151920474066
Coua gigas,1129,6,138.804967227073
Coua gigas,1168,6,201.007449783058
Coua gigas,1176,6,36.3826787541578
Coua gigas,1179,6,9.25706128804803
Coua gigas,1182,6,4.31856011909986
Coua gigas,1185,6,31.4692072683324
Coua gigas,1242,6,23.0620316261801
Coua gigas,1296,6,17.4103685992625
Coua ruficeps,21,3,35.4924869900704
Coua ruficeps,22,3,1.79238486695898
Coua ruficeps,23,3,17.1081231937802
Coua ruficeps,24,3,2.32886922907722
Coua ruficeps,25,3,3.3134309653126
Coua ruficeps,26,3,57.9536162531294
Coua ruficeps,27,3,2.32767118465054
Coua ruficeps,28,3,2.05895008530676
Coua ruficeps,29,3,3.75955498126924
Coua ruficeps,30,3,89.7882265230072
Coua ruficeps,31,3,2.50550766269684
Coua ruficeps,32,3,216.889884187565
Coua ruficeps,33,3,1.78860352420652
Coua ruficeps,34,3,69.5197727681215
Coua ruficeps,1,1,16.3740665150728
Coua ruficeps,2,1,19.2038282114016
Coua ruficeps,3,1,1.91988596975875
Coua ruficeps,4,1,4.2053427026192
Coua ruficeps,5,1,2.19383277368402
Coua ruficeps,7,1,37.6497033879563
Coua ruficeps,8,1,22.2892814174185
Coua ruficeps,15,1,36.160372652361
Coua ruficeps,16,1,27.8442933033095
Coua ruficeps,17,1,21.9966508282123
Coua ruficeps,18,1,453.845650875997
Coua ruficeps,19,1,2.00722734047782
Coua ruficeps,20,1,9.30640563301087
Eremopterix hova,1280,42,13.1672804516135
Eremopterix hova,1267,19,17.5870851484933
Eremopterix hova,1281,19,2.03225787389851
Eremopterix hova,1352,19,9.2570612880466
Eremopterix hova,1356,19,431.958966123478
Eremopterix hova,1361,19,4.31856011909926
Eremopterix hova,1398,19,13.0307413413458
Eremopterix hova,1411,19,6.06907414019739
Eremopterix hova,1418,19,2.0227276564877
Eremopterix hova,1618,19,1.94182639975023
Eremopterix hova,1339,43,43.5541700668897
Eremopterix hova,1541,35,17.8876522784661
Eremopterix hova,1602,35,462.354759214358
Eremopterix hova,1610,35,3.38022994819081
Eremopterix hova,1617,35,12.0483039035151
Eulemur mongoz,4,2,9.55194743301518
Eulemur mongoz,5,2,0.27820176096189
Eulemur mongoz,6,2,6.4908973798604
Eulemur mongoz,7,2,8.437097733572
Eulemur mongoz,208,37,37.6497033879563
Eulemur mongoz,432,37,22.2892814174211
Eulemur mongoz,193,40,19.2038282113973
Eulemur mongoz,205,40,1.91988596975887
Eulemur mongoz,206,40,4.2053427026192
Eulemur mongoz,431,40,2.19383277368414
Eulemur mongoz,170,39,16.3740665150672
Eulemur mongoz,229,15,1.36983741289043
Eulemur mongoz,243,15,62.5364411378372
Eulemur mongoz,248,15,14.8774610751529
Eulemur mongoz,252,15,304.992751573646
Eulemur mongoz,264,15,2.00722734047782
Eulemur mongoz,265,15,0.364942030489683
Eulemur mongoz,266,15,0.456175956650972
Eulemur mongoz,478,15,19.4460137230934
Eulemur mongoz,154,9,36.3372512144693
Eulemur mongoz,450,9,5.86001237088037
Eulemur mongoz,461,9,30.5684495112349
Eulemur sanfordi,31,99,0.55664420881176
Eulemur sanfordi,34,99,0.371099061261296
Eulemur sanfordi,35,99,0.556625695955813
Eulemur sanfordi,39,99,9.3690831852839
Eulemur sanfordi,40,99,0.185535398295105
Eulemur sanfordi,44,99,0.463806772104442
Eulemur sanfordi,48,99,0.27827526928854
Eulemur sanfordi,50,99,0.185499234954476
Eulemur sanfordi,51,99,0.278243954662919
Eulemur sanfordi,52,99,26.0608411523744
Eulemur sanfordi,58,99,0.185478644791543
Eulemur sanfordi,59,99,0.27820176096195
Eulemur sanfordi,62,99,0.18546587502265
Eulemur sanfordi,67,99,0.18545505566138
Eulemur sanfordi,68,99,6.4908973798604
Eulemur sanfordi,75,99,8.437097733572
Eulemur sanfordi,76,99,0.185438309593201
Eulemur sanfordi,82,99,0.185425482894003
Eulemur sanfordi,2864,99,0.185474717534363
Eulemur sanfordi,911,128,22.2892814174211
Eulemur sanfordi,2866,128,37.6497033879563
Eulemur sanfordi,273,9,0.275667671454787
Eulemur sanfordi,275,9,1.92954817861235
Eulemur sanfordi,278,9,0.275591552190423
Eulemur sanfordi,280,9,0.367434207116008
Eulemur sanfordi,281,9,0.183716525221109
Eulemur sanfordi,282,9,33.8991079803611
Eulemur sanfordi,2875,9,0.183782283741117
Eulemur sanfordi,2915,9,0.367500048400104
Eulemur sanfordi,172,76,0.370271373195231
Eulemur sanfordi,174,76,0.462834125284791
Eulemur sanfordi,176,76,43.0377824654073
Eulemur sanfordi,177,76,0.18513059458977
Eulemur sanfordi,183,76,1.48074673073471
Eulemur sanfordi,184,76,1.66577102635694
Eulemur sanfordi,185,76,0.277623898765862
Eulemur sanfordi,186,76,0.277610584835947
Eulemur sanfordi,194,76,1.38815019469857
Eulemur sanfordi,2914,76,0.185083622752249
Eulemur sanfordi,828,119,16.3740665150672
Eulemur sanfordi,874,130,19.2038282113973
Eulemur sanfordi,897,130,1.91988596975887
Eulemur sanfordi,898,130,4.2053427026192
Eulemur sanfordi,2865,130,2.19383277368414
Eulemur sanfordi,2897,131,9.30640563301087
Eulemur sanfordi,119,4,21.0334598369182
Eulemur sanfordi,2598,134,78.5054384879867
Eulemur sanfordi,2624,133,81.8050664248328
Eulemur sanfordi,1078,129,0.18256120958209
Eulemur sanfordi,1079,129,2.64711363947523
Eulemur sanfordi,1080,129,21.5440890958488
Eulemur sanfordi,1104,129,41.071587639967
Eulemur sanfordi,1111,129,0.182513341157198
Eulemur sanfordi,1112,129,186.88228894826
Eulemur sanfordi,1143,129,2.0072273404777
Eulemur sanfordi,1146,129,0.364942030489683
Eulemur sanfordi,2918,129,0.456175956650376
Eulemur sanfordi,2919,129,0.18256120958209
Eulemur sanfordi,913,127,5.85033975470352
Eulemur sanfordi,915,127,24.6792146248873
Eulemur sanfordi,920,127,1.0054375043211
Eulemur sanfordi,921,127,2.83342021114933
Eulemur sanfordi,923,127,0.182805694629431
Eulemur sanfordi,928,127,1.00536820483017
Eulemur sanfordi,929,127,2.37624750380063
Eulemur sanfordi,931,127,0.274192454328179
Eulemur sanfordi,935,127,0.182784649551272
Eulemur sanfordi,944,127,0.182778454094648
Eulemur sanfordi,947,127,8.31651482316256
Eulemur sanfordi,959,127,16.5402429724617
Eulemur sanfordi,974,127,8.49783825707888
Eulemur sanfordi,988,127,0.274089461484194
Eulemur sanfordi,1001,127,10.9639024804161
Eulemur sanfordi,1002,127,4.567756926453
Eulemur sanfordi,1012,127,0.456749789226651
Euryceros prevostii,1,1,24.6990569160829
Euryceros prevostii,7,3,31.6875166683323
Euryceros prevostii,11,3,201.641486281506
Euryceros prevostii,14,3,0.914022286538959
Euryceros prevostii,21,3,3.10483766981149
Euryceros prevostii,22,3,19.1757271733138
Euryceros prevostii,49,3,8.94254393267929
Euryceros prevostii,2,2,30.1165791761407
Euryceros prevostii,3,2,7.33885625368941
Euryceros prevostii,8,2,1717.09292730151
Euryceros prevostii,50,2,25.8267574798966
Falculea palliata,3380,13,25.2530937962923
Falculea palliata,4122,17,31.0182859874093
Falculea palliata,33,23,0.463597745714188
Falculea palliata,34,23,43.2038186617044
Falculea palliata,113,31,0.462834125284791
Falculea palliata,116,31,43.0377824654073
Falculea palliata,129,31,1.48074673073471
Falculea palliata,131,31,1.66577102635694
Falculea palliata,132,31,1.38815019469857
Falculea palliata,1738,7,24.5650064690377
Falculea palliata,1828,7,70.387351555331
Falculea palliata,1782,33,0.449603298739433
Falculea palliata,1797,33,36.331879859746
Falculea palliata,4423,33,6.47518067736232
Falculea palliata,4425,33,0.449634089967847
Falculea palliata,1511,15,0.452763459861875
Falculea palliata,1530,15,38.2051651932399
Falculea palliata,1535,15,3.07696966736638
Falculea palliata,1538,15,0.723997986286044
Falculea palliata,3854,21,138.804967227073
Falculea palliata,4161,21,17.5386823479733
Falculea palliata,4257,21,47.9151920474066
Falculea palliata,2974,35,35.9142155788532
Falculea palliata,4450,35,15.4450147414067
Falculea palliata,4481,35,9.49462234218203
Falculea palliata,4482,35,23.5087072345356
Falculea palliata,396,3,36.3372512144693
Falculea palliata,4392,3,5.86001237088037
Falculea palliata,4403,3,30.5684495112349
Falculea palliata,399,11,16.3740665150672
Falculea palliata,418,11,19.2038282113973
Falculea palliata,432,11,1.91988596975875
Falculea palliata,433,11,4.2053427026192
Falculea palliata,445,11,2.19383277368402
Falculea palliata,459,11,9.23022386336541
Falculea palliata,466,11,0.548279554689765
Falculea palliata,502,11,9.04258868397665
Falculea palliata,595,11,365.529358261261
Falculea palliata,607,11,2.00722734047782
Falculea palliata,611,11,0.456175956650972
Falculea palliata,4420,11,80.9047046232345
Falculea palliata,3051,22,13.1672804516124
Falculea palliata,3381,22,433.810619797173
Falculea palliata,3386,22,1.92878389436472
Falculea palliata,3426,22,16.1215402504437
Falculea palliata,3659,22,46.5723968884147
Falculea palliata,4237,22,43.5541700668897
Falculea palliata,4242,22,13.0307413413469
Falculea palliata,4246,22,6.06907414019537
Falculea palliata,4247,22,58.4639144571832
Falculea palliata,4302,22,36.3826787541578
Falculea palliata,4308,22,9.25706128804803
Falculea palliata,4311,22,4.31856011909986
Falculea palliata,4313,22,2.02272765648687
Falculea palliata,4314,22,0.526030696397066
Falculea palliata,4315,22,16.4798331569069
Falculea palliata,4361,22,23.0620316261801
Falculea palliata,4483,22,17.5870851484947
Falculea palliata,4487,22,2.03225787389851
Falculea palliata,4492,22,1.94182639975023
Falculea palliata,2576,32,171.071344628696
Falculea palliata,4478,32,8.19087994073701
Falculea palliata,2006,34,35.8509582239029
Falculea palliata,2017,34,57.9536162531174
Falculea palliata,2022,34,2.32886922907722
Falculea palliata,2038,34,3.3134309653126
Falculea palliata,2061,34,2.32767118465054
Falculea palliata,2069,34,2.05895008530676
Falculea palliata,2101,34,2.50550766269672
Falculea palliata,2113,34,0.89446200739193
Falculea palliata,2119,34,1.78860352420616
Falculea palliata,2129,34,0.536503212695122
Falculea palliata,2141,34,89.7882265229853
Falculea palliata,2176,34,0.714404974959851
Falculea palliata,2178,34,0.535747839347601
Falculea palliata,2182,34,0.446428569326758
Falculea palliata,2185,34,0.4464130281533
Falculea palliata,2198,34,1.87495118889725
Falculea palliata,2205,34,466.568559868034
Falculea palliata,4358,34,3.75955498127008
Falculea palliata,4439,34,17.1081231937802
Falculea palliata,4440,34,1.79238486696017
Falculea palliata,4448,34,7.14406051427484
Falculea palliata,4488,34,27.5139015001006
Galidictis fasciata,3,2,32.5536096187773
Galidictis fasciata,5,2,53.7688087064452
Galidictis fasciata,7,2,630.949978989393
Galidictis fasciata,8,2,319.33520330014
Galidictis fasciata,9,2,58.6780858784226
Galidictis fasciata,10,2,432.708220309255
Hapalemur occidentalis,1,1,29.5434105097123
Hapalemur occidentalis,2,2,1.10513790659881
Hapalemur occidentalis,3,2,24.4945574344214
Hapalemur occidentalis,4,3,30.1057062332529
Hapalemur occidentalis,5,4,29.9084594166067
Hapalemur occidentalis,15,6,47.0601219852737
Hapalemur occidentalis,17,6,1.10272016136467
Hapalemur occidentalis,18,6,1.01083246940535
Hapalemur occidentalis,19,6,0.183784584811091
Hapalemur occidentalis,20,6,59.7228573598288
Hapalemur occidentalis,21,7,30.2014878964591
Hapalemur occidentalis,22,8,59.9302259674964
Hapalemur occidentalis,23,9,30.088507919898
Hapalemur occidentalis,24,10,13.2035962254266
Hapalemur occidentalis,44,15,29.9258557544395
Hapalemur occidentalis,48,16,7.95854425664389
Hapalemur occidentalis,58,16,2.65253485462314
Hapalemur occidentalis,34,13,29.8631255431946
Hapalemur occidentalis,40,13,31.5959390756302
Hapalemur occidentalis,41,13,30.0317008958326
Hapalemur occidentalis,43,17,21.6030064475268
Hapalemur occidentalis,45,17,47.8633940220644
Hemicentetes nigriceps,11,2,19.9337849990127
Hemicentetes nigriceps,22,2,115.589426177144
Hemicentetes nigriceps,25,2,0.6456592656492
Hemicentetes nigriceps,28,2,23.1488844918891
Hemicentetes nigriceps,53,4,38.8041023822686
Hemicentetes nigriceps,63,39,20.2762758478829
Hemicentetes nigriceps,66,5,97.9202387652237
Hemicentetes nigriceps,90,7,0.367564567481756
Hemicentetes nigriceps,91,7,1.74590292306334
Hemicentetes nigriceps,92,7,0.183777680330753
Hemicentetes nigriceps,93,7,0.183773075227499
Hemicentetes nigriceps,94,7,1.10259928914046
Hemicentetes nigriceps,95,7,0.183761555059075
Hemicentetes nigriceps,96,7,1.65382056523675
Hemicentetes nigriceps,98,7,7.53280963491958
Hemicentetes nigriceps,100,7,18.1847541860198
Hemicentetes nigriceps,445,26,5.3372996624496
Hemicentetes nigriceps,450,26,12.2738633200339
Hemicentetes nigriceps,460,29,2.38087210702729
Hemicentetes nigriceps,462,29,25.6547716717133
Hemicentetes nigriceps,464,30,1.6731160765605
Hemicentetes nigriceps,468,30,39.0058094284829
Hemicentetes nigriceps,308,19,96.0048449014712
Hemicentetes nigriceps,354,41,19.8869286027707
Hemicentetes nigriceps,405,41,139.719936607709
Hemicentetes nigriceps,438,41,38.8119348857594
Hemicentetes nigriceps,442,41,0.622952094381929
Hemicentetes nigriceps,7,1,27.8797654553578
Hemicentetes nigriceps,87,38,0.183794934333146
Hemicentetes nigriceps,88,38,42.2803606370557
Hemicentetes nigriceps,89,38,0.551364106284499
Hemicentetes nigriceps,67,6,118.106956017223
Hemicentetes nigriceps,85,6,1.37902412587541
Lepilemur edwardsi,2302,144,21.2443070814972
Lepilemur edwardsi,1252,151,22.2892814174211
Lepilemur edwardsi,3296,151,37.6497033879563
Lepilemur edwardsi,1152,152,19.2038282113973
Lepilemur edwardsi,1213,152,1.91988596975887
Lepilemur edwardsi,1214,152,4.2053427026192
Lepilemur edwardsi,3295,152,2.19383277368414
Lepilemur edwardsi,21,2,0.275667671454787
Lepilemur edwardsi,24,2,1.92954817861235
Lepilemur edwardsi,36,2,0.275591552190423
Lepilemur edwardsi,40,2,0.367434207116008
Lepilemur edwardsi,41,2,0.183716525221109
Lepilemur edwardsi,48,2,33.8991079803611
Lepilemur edwardsi,3304,2,0.183782283741117
Lepilemur edwardsi,3339,2,0.367500048400104
Lepilemur edwardsi,3335,156,9.30640563301087
Lepilemur edwardsi,1046,147,16.3740665150672
Lepilemur edwardsi,3280,56,48.7631522901805
Lepilemur edwardsi,3284,140,39.1016409219862
Lepilemur edwardsi,1255,145,5.85033975470352
Lepilemur edwardsi,1260,145,24.6792146248873
Lepilemur edwardsi,1272,145,1.0054375043211
Lepilemur edwardsi,1273,145,2.83342021114933
Lepilemur edwardsi,1275,145,0.182805694629431
Lepilemur edwardsi,1283,145,1.00536820483017
Lepilemur edwardsi,1284,145,2.37624750380063
Lepilemur edwardsi,1287,145,0.274192454328179
Lepilemur edwardsi,1292,145,0.182784649551272
Lepilemur edwardsi,1299,145,0.182778454094648
Lepilemur edwardsi,1301,145,8.31651482316256
Lepilemur edwardsi,1332,145,8.49783825707888
Lepilemur edwardsi,1359,145,0.274089461484194
Lepilemur edwardsi,1369,145,10.9639024804161
Lepilemur edwardsi,1370,145,4.567756926453
Lepilemur edwardsi,3352,145,16.5402429724604
Lepilemur edwardsi,3420,145,0.456749789226413
Lepilemur edwardsi,1771,155,693.921992462519
Lepilemur edwardsi,1778,155,2.0072273404777
Lepilemur edwardsi,1785,155,0.364942030489683
Lepilemur edwardsi,3427,155,0.456175956650376
Lepilemur edwardsi,1028,157,36.3372512144693
Lepilemur edwardsi,3381,157,30.5684495112349
Lepilemur leucopus,1339,37,68.4073900828574
Lepilemur leucopus,3291,139,31.0182859874093
Lepilemur leucopus,1407,42,16.1215402504437
Lepilemur leucopus,1752,164,46.5723968884147
Lepilemur leucopus,3491,169,36.3826787541578
Lepilemur leucopus,1334,36,17.7252477862863
Lepilemur leucopus,3488,171,29.6282884787502
Lepilemur leucopus,3498,171,23.0620316261801
Lepilemur leucopus,619,10,11.9837631239951
Lepilemur leucopus,3,119,2.59390059166253
Lepilemur leucopus,42,119,0.714404974959851
Lepilemur leucopus,45,119,0.535747839347601
Lepilemur leucopus,48,119,0.178579506715775
Lepilemur leucopus,52,119,0.446428569326758
Lepilemur leucopus,54,119,0.4464130281533
Lepilemur leucopus,69,119,1.87495118889725
Lepilemur leucopus,73,119,193.300534042933
Lepilemur leucopus,3502,119,7.14406051427484
Lepilemur leucopus,3465,166,47.9151920474066
Lepilemur leucopus,2604,150,138.804967227073
Lepilemur leucopus,3429,150,45.1360753508905
Lepilemur leucopus,3522,150,0.347746593876839
Lepilemur leucopus,492,110,136.481322468032
Lepilemur leucopus,3523,110,8.19087994073701
Lepilemur ruficaudatus,490,23,27.9151185107575
Lepilemur ruficaudatus,6140,23,0.457694301266968
Lepilemur ruficaudatus,6141,23,23.8864637221833
Lepilemur ruficaudatus,2945,88,0.452763459861875
Lepilemur ruficaudatus,2972,88,38.0240908844043
Lepilemur ruficaudatus,2976,88,3.07696966736638
Lepilemur ruficaudatus,2979,88,0.723997986286044
Lepilemur ruficaudatus,2987,88,0.361958205401897
Lepilemur ruficaudatus,3349,97,0.449603298739433
Lepilemur ruficaudatus,3350,97,0.359686745625973
Lepilemur ruficaudatus,3361,97,36.331879859746
Lepilemur ruficaudatus,6147,97,6.47518067736232
Lepilemur ruficaudatus,6149,97,0.449634089967847
Lepilemur ruficaudatus,4818,131,11.9837631239951
Lepilemur ruficaudatus,3774,346,3.3134309653126
Lepilemur ruficaudatus,6150,346,17.1081231937802
Lepilemur ruficaudatus,559,36,5.85033975470436
Lepilemur ruficaudatus,562,36,16.0871950112846
Lepilemur ruficaudatus,572,36,0.182805694629431
Lepilemur ruficaudatus,575,36,0.274201118186474
Lepilemur ruficaudatus,578,36,0.274192454328179
Lepilemur ruficaudatus,580,36,0.182784649551272
Lepilemur ruficaudatus,581,36,1.18809712456632
Lepilemur ruficaudatus,586,36,0.182778454094648
Lepilemur ruficaudatus,587,36,5.0262264291631
Lepilemur ruficaudatus,590,36,5.7567683404597
Lepilemur ruficaudatus,593,36,16.5402429724617
Lepilemur ruficaudatus,600,36,3.92910652125299
Lepilemur ruficaudatus,705,41,26.1945259000672
Lepilemur ruficaudatus,3731,262,35.8509582239029
Lepilemur ruficaudatus,3749,262,57.9536162531174
Lepilemur ruficaudatus,3816,262,0.268576509485722
Lepilemur ruficaudatus,6151,262,1.79238486696017
Lepilemur ruficaudatus,6164,262,27.5139015001006
Lepilemur ruficaudatus,4560,275,13.9604468280428
Lepilemur ruficaudatus,4617,275,136.481322468032
Lepilemur ruficaudatus,6160,275,8.19087994073701
Lepilemur ruficaudatus,3803,343,2.32767118465054
Lepilemur ruficaudatus,3977,343,89.7882265229853
Lepilemur ruficaudatus,4075,343,0.714404974959851
Lepilemur ruficaudatus,4083,343,0.535747839347601
Lepilemur ruficaudatus,4090,343,0.178579506715775
Lepilemur ruficaudatus,4096,343,0.446428569326758
Lepilemur ruficaudatus,4101,343,0.4464130281533
Lepilemur ruficaudatus,4119,343,1.87495118889725
Lepilemur ruficaudatus,4125,343,466.300212378207
Lepilemur ruficaudatus,6155,343,7.14406051427484
Macrotarsomys bastardi,55,13,16.3740665150728
Macrotarsomys bastardi,387,94,2.32886922907722
Macrotarsomys bastardi,392,281,3.3134309653126
Macrotarsomys bastardi,437,95,89.7882265230072
Macrotarsomys bastardi,450,107,2.59390059166253
Macrotarsomys bastardi,825,186,16.9299596293051
Macrotarsomys bastardi,1085,106,3.75955498127008
Macrotarsomys bastardi,772,171,19.8638108735069
Macrotarsomys bastardi,1086,291,35.7097522353754
Macrotarsomys bastardi,1095,301,29.061505086066
Macrotarsomys bastardi,21,9,6.22429148778463
Macrotarsomys bastardi,129,29,0.639108668503046
Macrotarsomys bastardi,132,29,95.4819595045631
Macrotarsomys bastardi,1128,29,29.1295754598171
Macrotarsomys bastardi,384,92,17.1081231937802
Macrotarsomys bastardi,389,96,16.2973978202194
Macrotarsomys bastardi,407,99,2.32767118465054
Macrotarsomys bastardi,446,99,64.8879679010838
Macrotarsomys bastardi,494,286,108.108970072502
Macrotarsomys bastardi,1137,286,7.14406051427484
Macrotarsomys bastardi,1139,306,15.4450147414067
Macrotarsomys bastardi,720,296,35.9142155788532
Macrotarsomys bastardi,1143,308,9.49462234218203
Macrotarsomys bastardi,1144,309,23.5087072345356
Macrotarsomys bastardi,795,300,74.0374934909074
Macrotarsomys bastardi,664,138,57.1323743617906
Macrotarsomys bastardi,1083,138,87.9578852588152
Macrotarsomys bastardi,1140,310,8.19087994073701
Mesitornis variegatus,8,2,16.3740665150672
Mesitornis variegatus,10,2,19.2038282113973
Mesitornis variegatus,11,2,1.91988596975887
Mesitornis variegatus,12,2,4.2053427026192
Mesitornis variegatus,13,2,37.6497033879563
Mesitornis variegatus,15,2,22.2892814174185
Mesitornis variegatus,19,2,1.36983741289043
Mesitornis variegatus,20,2,10.8662332925556
Mesitornis variegatus,21,2,1.73396250702786
Mesitornis variegatus,22,2,344.888368376024
Mesitornis variegatus,23,2,9.30640563301085
Mesitornis variegatus,92,2,2.19383277368414
Mesitornis variegatus,93,2,29.1295754598171
Mesitornis variegatus,94,2,19.4460137230934
Mesitornis variegatus,101,2,21.8141374870516
Mesitornis variegatus,91,5,171.071344628696
Mesitornis variegatus,104,5,8.19087994073701
Mesitornis variegatus,59,6,27.5139015001006
Mesitornis variegatus,60,6,17.1081231937802
Mesitornis variegatus,62,6,3.3134309653126
Mesitornis variegatus,63,6,57.9536162531174
Mesitornis variegatus,64,6,2.32767118465054
Mesitornis variegatus,65,6,3.75955498126924
Mesitornis variegatus,66,6,2.50550766269684
Mesitornis variegatus,68,6,89.7882265229853
Mesitornis variegatus,69,6,1.78860352420616
Mesitornis variegatus,81,6,437.448737115329
Mesitornis variegatus,108,6,5.46634791741026
Microcebus griseorufus,1,1,18.2045818278743
Microcebus griseorufus,2,2,15.4798619858229
Microcebus griseorufus,23,5,38.9439751978007
Microcebus griseorufus,29,5,12.0483039035151
Microcebus griseorufus,3,3,25.3907382258116
Microcebus griseorufus,6,3,0.347746593876839
Microcebus griseorufus,9,3,0.0869155042579174
Microcebus griseorufus,10,3,58.0501686602482
Microcebus griseorufus,18,3,17.0249607758761
Microcebus griseorufus,19,15,45.1360753508905
Microcebus griseorufus,20,4,0.34714118342638
Microcebus griseorufus,21,4,5.11911445809031
Microcebus myoxinus,370,101,25.7972821171587
Microcebus myoxinus,368,100,27.5139015001006
Microcebus myoxinus,374,100,16.4017713005327
Microcebus myoxinus,371,102,54.1176765568717
Mirza coquereli,64,9,47.6098880191004
Mirza coquereli,65,9,0.551364106284499
Mirza coquereli,67,9,0.551319225258708
Mirza coquereli,71,9,0.643170052255213
Mirza coquereli,85,10,32.3214563358051
Mirza coquereli,366,43,15.4450147414067
Mirza coquereli,368,43,23.5087072345356
Mirza coquereli,369,43,35.9142155788532
Mirza coquereli,379,43,9.49462234218203
Mirza coquereli,177,55,2.59390059166253
Mirza coquereli,209,55,193.300534042933
Mirza coquereli,290,35,8.19087994073701
Mirza coquereli,303,35,171.071344628696
Motacilla flaviventris,1942,53,66.7058754952273
Motacilla flaviventris,6378,53,18.1098317564155
Motacilla flaviventris,137,3,66.489778000425
Motacilla flaviventris,155,3,2.20879511307001
Motacilla flaviventris,6410,3,1.10433682509226
Motacilla flaviventris,2949,37,13.3489735764035
Motacilla flaviventris,3039,37,1.96992547541308
Motacilla flaviventris,3078,37,13.4284515956752
Motacilla flaviventris,3092,37,0.716024801795125
Motacilla flaviventris,3221,37,21.3042246955787
Motacilla flaviventris,5753,37,0.26860692801261
Motacilla flaviventris,6402,37,12.2656330127326
Motacilla flaviventris,6414,37,0.626874057329774
Motacilla flaviventris,6415,37,0.358209410696507
Motacilla flaviventris,6417,37,3.04429691804922
Motacilla flaviventris,6422,37,0.268664646841049
Motacilla flaviventris,1535,8,15.4630855073963
Motacilla flaviventris,1552,8,0.63653351254344
Motacilla flaviventris,3238,73,40.6018207139486
Motacilla flaviventris,6310,73,1.96823623427296
Motacilla flaviventris,6424,73,13.1557593179999
Motacilla flaviventris,6429,73,0.268385767887235
Motacilla flaviventris,6430,73,0.536556962044954
Phaner pallescens,180,28,30.2949823155835
Phaner pallescens,189,28,1.79238486696017
Phaner pallescens,194,29,17.1081231937802
Phaner pallescens,202,29,3.3134309653126
Phaner pallescens,208,30,2.32767118465054
Phaner pallescens,227,30,89.7882265229853
Phaner pallescens,276,30,0.714404974959851
Phaner pallescens,281,30,0.535747839347601
Phaner pallescens,285,30,0.178579506715775
Phaner pallescens,291,30,0.446428569326758
Phaner pallescens,305,30,1.87495118889725
Phaner pallescens,308,30,466.300212378207
Phaner pallescens,450,30,7.14406051427484
Phaner pallescens,418,50,57.1323743617906
Phaner pallescens,432,50,34.590022160663
Phaner pallescens,446,50,31.3985773238593
Philepitta schlegeli,1077,11,33.9182954840018
Philepitta schlegeli,1178,19,24.5650064690377
Philepitta schlegeli,1214,19,41.4379911630145
Philepitta schlegeli,748,21,0.452763459861875
Philepitta schlegeli,784,21,38.0240908844043
Philepitta schlegeli,792,21,3.07696966736638
Philepitta schlegeli,795,21,0.723997986286044
Philepitta schlegeli,807,21,0.361958205401897
Philepitta schlegeli,119,6,16.3740665150728
Philepitta schlegeli,138,6,2.56021646885425
Philepitta schlegeli,139,6,1.28010022488046
Philepitta schlegeli,140,6,0.274313436967611
Philepitta schlegeli,154,6,1.91988596975887
Philepitta schlegeli,155,6,4.2053427026192
Philepitta schlegeli,163,6,9.23022386336661
Philepitta schlegeli,169,6,2.83342021114933
Philepitta schlegeli,172,6,8.31781849541915
Philepitta schlegeli,175,6,1.00536820483017
Philepitta schlegeli,183,6,7.03614931428945
Philepitta schlegeli,186,6,0.548279554689765
Philepitta schlegeli,197,6,22.2892814174211
Philepitta schlegeli,257,6,14.8774610751529
Philepitta schlegeli,263,6,613.13391539319
Philepitta schlegeli,264,6,2.00722734047782
Philepitta schlegeli,265,6,0.364942030489683
Philepitta schlegeli,267,6,0.456175956650972
Philepitta schlegeli,1638,6,2.19383277368414
Philepitta schlegeli,1637,14,25.9810850080907
Philepitta schlegeli,1485,24,35.7613302329938
Philepitta schlegeli,1516,24,55.5362709867372
Philepitta schlegeli,1523,24,13.8841261984153
Philepitta schlegeli,1535,24,0.985282145026565
Philepitta schlegeli,1547,24,0.447673652347684
Philepitta schlegeli,1549,24,2.32767118465054
Philepitta schlegeli,1574,24,1.78860352420616
Philepitta schlegeli,1584,24,88.5345907866488
Philepitta schlegeli,1589,24,308.295611285445
Philepitta schlegeli,1596,24,4.82402039028657
Philepitta schlegeli,1639,24,68.536408814274
Philepitta schlegeli,1646,24,1.79238486696017
Philepitta schlegeli,1647,24,10.842628340421
Ploceus sakalava,13971,74,31.0182859874093
Ploceus sakalava,12533,30,25.2530937962923
Ploceus sakalava,208,43,0.185499234954476
Ploceus sakalava,212,43,0.278243954662919
Ploceus sakalava,216,43,26.0608411523744
Ploceus sakalava,225,43,0.185478644791543
Ploceus sakalava,231,43,0.27820176096195
Ploceus sakalava,237,43,0.18546587502265
Ploceus sakalava,252,43,0.18545505566138
Ploceus sakalava,253,43,6.49089737985945
Ploceus sakalava,269,43,0.185438309593201
Ploceus sakalava,277,43,0.185425482894003
Ploceus sakalava,283,43,8.4370977335708
Ploceus sakalava,14096,43,0.185474717534363
Ploceus sakalava,3970,109,21.2443070814972
Ploceus sakalava,656,113,0.370271373195231
Ploceus sakalava,659,113,0.462834125284791
Ploceus sakalava,664,113,43.0377824654073
Ploceus sakalava,665,113,0.18513059458977
Ploceus sakalava,700,113,1.48074673073471
Ploceus sakalava,707,113,1.66577102635694
Ploceus sakalava,711,113,1.38815019469857
Ploceus sakalava,715,113,0.277623898765862
Ploceus sakalava,722,113,0.277610584835947
Ploceus sakalava,14821,113,0.185083622752249
Ploceus sakalava,268,114,0.463597745714188
Ploceus sakalava,368,114,43.2038186617044
Ploceus sakalava,560,115,43.4528749465152
Ploceus sakalava,13252,117,0.261418984541655
Ploceus sakalava,13261,117,0.522798031426311
Ploceus sakalava,13271,117,6.62081308984315
Ploceus sakalava,13338,117,0.174136841906786
Ploceus sakalava,13346,117,0.261180647714615
Ploceus sakalava,6943,33,38.2051651932399
Ploceus sakalava,6959,33,3.07696966736627
Ploceus sakalava,6962,33,0.723997986286044
Ploceus sakalava,6990,33,0.361958205401897
Ploceus sakalava,14904,33,0.452763459861636
Ploceus sakalava,7590,91,57.2918905729155
Ploceus sakalava,13136,93,9.85520655908297
Ploceus sakalava,14542,93,16.8407713442635
Ploceus sakalava,14629,123,47.9151920474066
Ploceus sakalava,13444,100,0.434814517434597
Ploceus sakalava,13468,100,0.347746593876839
Ploceus sakalava,13793,100,98.3713379626257
Ploceus sakalava,14565,100,20.5755786330535
Ploceus sakalava,14659,100,0.347687768672109
Ploceus sakalava,14722,100,25.3907382257994
Ploceus sakalava,7950,116,0.449603298739433
Ploceus sakalava,7951,116,0.359686745625973
Ploceus sakalava,7996,116,36.331879859746
Ploceus sakalava,14907,116,6.47518067736232
Ploceus sakalava,14909,116,0.449634089967847
Ploceus sakalava,14310,118,70.387351555331
Ploceus sakalava,14621,118,24.5650064690377
Ploceus sakalava,11696,76,35.9142155788532
Ploceus sakalava,14922,76,15.4450147414067
Ploceus sakalava,14959,76,9.49462234218203
Ploceus sakalava,14960,76,23.5087072345356
Ploceus sakalava,14239,122,13.1672804516135
Ploceus sakalava,12603,92,16.1215402504437
Ploceus sakalava,14439,92,46.5723968884147
Ploceus sakalava,14679,92,58.9907033186641
Ploceus sakalava,14733,92,36.3826787541578
Ploceus sakalava,14754,92,31.4692072683324
Ploceus sakalava,14809,92,23.0620316261801
Ploceus sakalava,14237,95,435.931164999176
Ploceus sakalava,14669,95,43.5541700668897
Ploceus sakalava,14674,95,13.3829553466861
Ploceus sakalava,14678,95,6.06907414019537
Ploceus sakalava,14748,95,9.25706128804803
Ploceus sakalava,14751,95,4.31856011909986
Ploceus sakalava,14753,95,2.02272765648687
Ploceus sakalava,14961,95,17.5870851484947
Ploceus sakalava,14965,95,2.03225787389851
Ploceus sakalava,14971,95,1.94182639975023
Ploceus sakalava,2477,110,36.3372512144693
Ploceus sakalava,14851,110,5.86001237088037
Ploceus sakalava,14862,110,30.5684495112349
Ploceus sakalava,2499,111,16.3740665150672
Ploceus sakalava,2676,111,19.2038282113973
Ploceus sakalava,2787,111,1.91988596975875
Ploceus sakalava,2788,111,4.2053427026192
Ploceus sakalava,2864,111,5.85033975470436
Ploceus sakalava,2872,111,16.0871950112846
Ploceus sakalava,2908,111,1.0054375043211
Ploceus sakalava,2915,111,0.182805694629431
Ploceus sakalava,2919,111,0.274201118186474
Ploceus sakalava,2931,111,2.37624750380063
Ploceus sakalava,2935,111,0.274192454328179
Ploceus sakalava,2953,111,0.182784649551272
Ploceus sakalava,2973,111,0.182778454094648
Ploceus sakalava,2983,111,8.3165148231597
Ploceus sakalava,2987,111,16.5402429724604
Ploceus sakalava,2996,111,6.21363010125625
Ploceus sakalava,3023,111,3.92910652125299
Ploceus sakalava,3057,111,0.182741225706577
Ploceus sakalava,3349,111,22.3806283842244
Ploceus sakalava,3409,111,14.9687278325598
Ploceus sakalava,3550,111,9.30640563301087
Ploceus sakalava,3557,111,2.0072273404777
Ploceus sakalava,3576,111,588.765015569786
Ploceus sakalava,3577,111,0.364942030489326
Ploceus sakalava,3586,111,0.456175956650972
Ploceus sakalava,14546,111,2.19383277368414
Ploceus sakalava,14547,111,30.6135540736676
Ploceus sakalava,8757,120,57.9536162531174
Ploceus sakalava,8759,120,2.32886922907841
Ploceus sakalava,8820,120,3.3134309653126
Ploceus sakalava,8879,120,2.32767118465054
Ploceus sakalava,9075,120,1.78860352420616
Ploceus sakalava,9153,120,89.7882265229853
Ploceus sakalava,9307,120,0.714404974959851
Ploceus sakalava,9320,120,0.535747839347601
Ploceus sakalava,9332,120,0.178579506715775
Ploceus sakalava,9339,120,0.446428569326758
Ploceus sakalava,9348,120,0.4464130281533
Ploceus sakalava,9383,120,1.87495118889725
Ploceus sakalava,9413,120,466.568559868034
Ploceus sakalava,14321,120,2.05895008530629
Ploceus sakalava,14600,120,35.8509582239029
Ploceus sakalava,14796,120,3.75955498127008
Ploceus sakalava,14913,120,1.79238486696017
Ploceus sakalava,14921,120,7.14406051427484
Ploceus sakalava,14952,120,17.1081231937802
Ploceus sakalava,14974,120,27.5139015001006
Ploceus sakalava,14358,121,171.071344628696
Ploceus sakalava,14967,121,8.19087994073701
Pterocles personatus,266,5,17.5870851484947
Pterocles personatus,270,5,2.03225787389851
Pterocles personatus,278,5,434.521298229057
Pterocles personatus,279,5,43.730528077876
Pterocles personatus,282,5,9.52154744787466
Pterocles personatus,287,5,4.31856011909986
Pterocles personatus,293,5,13.0307413413469
Pterocles personatus,295,5,2.02272765648687
Pterocles personatus,408,5,13.1672804516135
Pterocles personatus,430,5,6.06907414019537
Pterocles personatus,470,5,1.94182639975023
Pterocles personatus,316,6,462.702640733727
Pterocles personatus,319,6,3.38022994819081
Pterocles personatus,320,6,12.0483039035159
Pterocles personatus,469,6,18.0621390472158
Riparia cowani,520,4,66.7058754952273
Riparia cowani,2461,4,18.1098317564155
Riparia cowani,12,1,66.489778000425
Riparia cowani,36,1,2.20879511307001
Riparia cowani,2466,1,1.10433682509226
Riparia cowani,165,3,16.4635599028283
Riparia cowani,2467,3,15.0956876044398
Riparia cowani,2468,3,0.181896922919273
Riparia cowani,2470,3,0.272832916727901
Riparia cowani,2471,3,0.272832916727901
Riparia cowani,2474,3,2.09148697000587
Xenopirostris xenopirostris,29,2,5.23129722184014
Xenopirostris xenopirostris,30,2,0.435904342787385
Xenopirostris xenopirostris,36,2,0.522798031426311
Xenopirostris xenopirostris,37,2,34.402900319892
Xenopirostris xenopirostris,40,2,47.9151920474066
Xenopirostris xenopirostris,69,3,101.795765975203
Xenopirostris xenopirostris,71,3,16.3289195382351
Xenopirostris xenopirostris,72,3,0.34735036917913
Xenopirostris xenopirostris,76,3,17.4705439539317
Xenopirostris xenopirostris,81,3,0.347746593876839
Xenopirostris xenopirostris,1,1,58.4639144571832
Xenopirostris xenopirostris,2,1,31.4692072683515
Xenopirostris xenopirostris,10,1,16.1215402504492
Xenopirostris xenopirostris,18,1,46.5723968884147
Xenopirostris xenopirostris,73,1,23.0620316261801
Xenopirostris xenopirostris,74,1,36.3826787541578
Cryptoprocta ferox,1,1,175.204558120961
Cryptoprocta ferox,2,1,179.54495541553
Cryptoprocta ferox,3,1,187.304666016253
Cryptoprocta ferox,4,1,425.721652102356
Cryptoprocta ferox,5,1,6276.91750543314
Cryptoprocta ferox,23,1,311.260937914146
Fossa fossana,1,1,175.20455812096
Fossa fossana,2,1,179.54495541553
Fossa fossana,3,1,38.9884159684163
Fossa fossana,5,1,53.7688087064452
Fossa fossana,6,1,58.6780858784226
Fossa fossana,7,1,432.708220309255
Fossa fossana,8,1,15251.979542863
Fossa fossana,57,1,77.4065442805075
Fossa fossana,72,1,47.8541654373711
Fossa fossana,84,1,54.2551765402825
Fossa fossana,85,1,587.522437766301
Fossa fossana,86,1,257.987775640312
Fossa fossana,14,3,176.465112044449
Fossa fossana,20,3,170.785426053188
Fossa fossana,21,3,224.299706164179
Fossa fossana,24,3,4568.53645333932
Fossa fossana,27,3,1320.72290065696
Fossa fossana,49,3,234.81411045919
Fossa fossana,54,3,72.7284184850583
Fossa fossana,70,3,1633.8566839868
Fossa fossana,103,3,1264.80094030401
Accipiter henstii,204,2,38.0240908844043
Accipiter henstii,227,2,36.331879859746
Accipiter henstii,231,2,130.568218715013
Accipiter henstii,256,2,35.8509582239029
Accipiter henstii,260,2,57.9536162531174
Accipiter henstii,268,2,69.5634544487439
Accipiter henstii,282,2,414.428667066697
Accipiter henstii,293,2,142.945480670389
Accipiter henstii,611,2,78.5054384879867
Accipiter henstii,629,2,17.1081231937802
Accipiter henstii,681,2,27.5139015001006
Accipiter henstii,6,1,130.021860527528
Accipiter henstii,7,1,43.2038186617044
Accipiter henstii,8,1,43.2675847418705
Accipiter henstii,14,1,43.0377824654073
Accipiter henstii,35,1,175.204558120961
Accipiter henstii,41,1,179.54495541553
Accipiter henstii,49,1,38.9884159684163
Accipiter henstii,56,1,53.7688087064452
Accipiter henstii,59,1,33.8991079803611
Accipiter henstii,61,1,58.6780858784226
Accipiter henstii,63,1,432.708220309259
Accipiter henstii,105,1,36.3372512144693
Accipiter henstii,113,1,19.2038282113973
Accipiter henstii,115,1,22.2892814174211
Accipiter henstii,117,1,24.6792146248873
Accipiter henstii,141,1,693.830735791941
Accipiter henstii,146,1,21.2443070814972
Accipiter henstii,183,1,15252.0716421369
Accipiter henstii,224,1,158.705818376245
Accipiter henstii,226,1,70.171205546759
Accipiter henstii,234,1,176.465112044449
Accipiter henstii,288,1,170.785426053185
Accipiter henstii,289,1,224.299706164179
Accipiter henstii,296,1,465.807169794926
Accipiter henstii,336,1,4568.80264222246
Accipiter henstii,348,1,1320.72290065696
Accipiter henstii,350,1,37.6497033879563
Accipiter henstii,456,1,56.8711675529887
Accipiter henstii,468,1,30.5684495112349
Accipiter henstii,514,1,38.3946948622806
Accipiter henstii,595,1,20.7455502793244
Accipiter henstii,596,1,234.81411045919
Accipiter henstii,601,1,72.7284184850583
Accipiter henstii,604,1,57.1920356452289
Accipiter henstii,638,1,27.2715936270507
Accipiter henstii,639,1,29.4123165165292
Accipiter henstii,640,1,29.3885406549345
Accipiter henstii,641,1,20.6592519148769
Accipiter henstii,642,1,19.9515621485635
Accipiter henstii,649,1,77.4065442805075
Accipiter henstii,650,1,132.962781072095
Accipiter henstii,660,1,122.701643372855
Accipiter henstii,664,1,1633.8566839868
Accipiter henstii,666,1,47.8541654373711
Accipiter henstii,678,1,54.2551765402825
Accipiter henstii,679,1,587.522437766301
Accipiter henstii,680,1,257.987775640312
Accipiter henstii,694,1,45.4757890931116
Accipiter henstii,700,1,56.9706430520978
Accipiter henstii,701,1,1264.80094030401
Accipiter henstii,706,1,26.0164300679771
Accipiter henstii,707,1,308.475605014956
Accipiter henstii,708,1,20.6443376237523
Accipiter henstii,709,1,185.208699387767
Accipiter henstii,710,1,38.8224120711257
Accipiter henstii,711,1,23.6377044755612
Accipiter henstii,712,1,110.070037848945
Accipiter henstii,713,1,18.5469218373579
Accipiter henstii,716,1,29.7723925005817
Accipiter henstii,725,1,67.5307001400677
Accipiter henstii,728,1,47.3336670441899
Accipiter henstii,731,1,65.1599201313749
Accipiter henstii,738,1,26.8481144580816
Accipiter henstii,741,1,19.9889174229442
Accipiter henstii,743,1,33.0953660842072
Accipiter madagascariensis,173,2,36.3372512144693
Accipiter madagascariensis,174,2,16.3740665150672
Accipiter madagascariensis,186,2,19.2038282114016
Accipiter madagascariensis,225,2,173.722750508177
Accipiter madagascariensis,231,2,65.5157381819169
Accipiter madagascariensis,233,2,107.776270371874
Accipiter madagascariensis,1308,2,14.9865047176591
Accipiter madagascariensis,1338,2,30.5684495112349
Accipiter madagascariensis,1355,2,29.1295754598171
Accipiter madagascariensis,396,3,36.331879859746
Accipiter madagascariensis,400,3,130.568218715013
Accipiter madagascariensis,446,3,57.9536162531174
Accipiter madagascariensis,472,3,89.7882265229853
Accipiter madagascariensis,483,3,466.568559868034
Accipiter madagascariensis,1083,3,35.8509582239029
Accipiter madagascariensis,1469,3,78.5054384879867
Accipiter madagascariensis,1514,3,17.1081231937802
Accipiter madagascariensis,1574,3,27.5139015001006
Accipiter madagascariensis,539,4,171.071344628696
Accipiter madagascariensis,586,4,35.9142155788532
Accipiter madagascariensis,598,4,13.1672804516124
Accipiter madagascariensis,656,4,433.810619797173
Accipiter madagascariensis,661,4,16.1215402504437
Accipiter madagascariensis,699,4,46.5723968884147
Accipiter madagascariensis,727,4,12.0483039035151
Accipiter madagascariensis,749,4,462.354759214358
Accipiter madagascariensis,1000,4,17.8876522784661
Accipiter madagascariensis,1067,4,45.1360753508905
Accipiter madagascariensis,1113,4,43.5541700668897
Accipiter madagascariensis,1118,4,13.0307413413469
Accipiter madagascariensis,1123,4,58.4639144571832
Accipiter madagascariensis,1133,4,47.9151920474066
Accipiter madagascariensis,1147,4,138.804967227073
Accipiter madagascariensis,1166,4,36.3826787541578
Accipiter madagascariensis,1194,4,31.4692072683324
Accipiter madagascariensis,1274,4,23.0620316261801
Accipiter madagascariensis,1496,4,15.4450147414067
Accipiter madagascariensis,1537,4,9.49462234218203
Accipiter madagascariensis,1538,4,23.5087072345356
Accipiter madagascariensis,1539,4,17.5870851484947
Accipiter madagascariensis,7,1,130.021860527528
Accipiter madagascariensis,9,1,43.2038186617044
Accipiter madagascariensis,17,1,43.4528749465152
Accipiter madagascariensis,21,1,43.0377824654073
Accipiter madagascariensis,51,1,175.204558120961
Accipiter madagascariensis,70,1,38.9884159684163
Accipiter madagascariensis,94,1,53.7688087064452
Accipiter madagascariensis,105,1,58.6780858784187
Accipiter madagascariensis,107,1,432.708220309259
Accipiter madagascariensis,284,1,77.4065442805075
Accipiter madagascariensis,300,1,15222.7024602908
Accipiter madagascariensis,379,1,158.705818376245
Accipiter madagascariensis,387,1,70.171205546759
Accipiter madagascariensis,402,1,465.807169794926
Accipiter madagascariensis,405,1,176.465112044449
Accipiter madagascariensis,498,1,170.785426053188
Accipiter madagascariensis,508,1,224.299706164179
Accipiter madagascariensis,533,1,1633.8566839868
Accipiter madagascariensis,683,1,4510.74643819863
Accipiter madagascariensis,756,1,1320.72290065696
Accipiter madagascariensis,971,1,179.54495541553
Accipiter madagascariensis,1069,1,44.4928427752445
Accipiter madagascariensis,1318,1,56.8711675529887
Accipiter madagascariensis,1369,1,57.1920356452289
Accipiter madagascariensis,1417,1,132.962781072095
Accipiter madagascariensis,1435,1,20.7455502793244
Accipiter madagascariensis,1436,1,234.81411045919
Accipiter madagascariensis,1441,1,23.1220312933113
Accipiter madagascariensis,1464,1,16.0684737306582
Accipiter madagascariensis,1525,1,27.2715936270507
Accipiter madagascariensis,1526,1,29.4123165165292
Accipiter madagascariensis,1527,1,29.3885406549345
Accipiter madagascariensis,1528,1,20.6592519148769
Accipiter madagascariensis,1529,1,19.9515621485635
Accipiter madagascariensis,1533,1,122.701643372855
Accipiter madagascariensis,1543,1,47.8541654373711
Accipiter madagascariensis,1555,1,54.2551765402825
Accipiter madagascariensis,1556,1,587.522437766301
Accipiter madagascariensis,1557,1,257.987775640312
Accipiter madagascariensis,1564,1,45.4757890931116
Accipiter madagascariensis,1568,1,56.9706430520978
Accipiter madagascariensis,1569,1,1264.80094030401
Accipiter madagascariensis,1577,1,16.4163595908247
Accipiter madagascariensis,1578,1,14.8692397176668
Accipiter madagascariensis,1579,1,26.0164300679771
Accipiter madagascariensis,1580,1,308.475605014956
Accipiter madagascariensis,1581,1,20.6443376237523
Accipiter madagascariensis,1582,1,185.208699387767
Accipiter madagascariensis,1583,1,23.6377044755612
Accipiter madagascariensis,1584,1,110.070037848945
Accipiter madagascariensis,1585,1,18.5469218373579
Accipiter madagascariensis,1588,1,29.7723925005817
Accipiter madagascariensis,1597,1,67.5307001400677
Accipiter madagascariensis,1600,1,47.3336670441899
Accipiter madagascariensis,1601,1,15.2341434265082
Accipiter madagascariensis,1603,1,65.1599201313749
Accipiter madagascariensis,1609,1,11.8039994628603
Accipiter madagascariensis,1610,1,26.8481144580816
Accipiter madagascariensis,1613,1,19.9889174229442
Accipiter madagascariensis,1614,1,14.2635312602702
Accipiter madagascariensis,1615,1,33.0953660842072
Acrocephalus newtoni,6612,128,21.2443070814972
Acrocephalus newtoni,2476,92,0.275667671454787
Acrocephalus newtoni,2590,92,0.275591552190423
Acrocephalus newtoni,2608,92,0.367434207116008
Acrocephalus newtoni,3078,92,34.4503061052001
Acrocephalus newtoni,24019,92,1.92954817861176
Acrocephalus newtoni,24096,92,0.367500048400104
Acrocephalus newtoni,363,105,0.370271373195231
Acrocephalus newtoni,364,105,0.462834125284791
Acrocephalus newtoni,368,105,43.0377824654073
Acrocephalus newtoni,389,105,1.48074673073471
Acrocephalus newtoni,391,105,1.66577102635694
Acrocephalus newtoni,395,105,0.277623898765862
Acrocephalus newtoni,401,105,0.277610584835947
Acrocephalus newtoni,442,105,1.38815019469857
Acrocephalus newtoni,169,137,0.463597745714188
Acrocephalus newtoni,213,137,43.2038186617044
Acrocephalus newtoni,104,71,0.55664420881176
Acrocephalus newtoni,106,71,0.371099061261296
Acrocephalus newtoni,108,71,0.556625695955813
Acrocephalus newtoni,118,71,0.463806772104442
Acrocephalus newtoni,124,71,0.27827526928854
Acrocephalus newtoni,126,71,0.463781360735595
Acrocephalus newtoni,141,71,0.278243954662919
Acrocephalus newtoni,153,71,0.27820176096195
Acrocephalus newtoni,156,71,0.64914825101471
Acrocephalus newtoni,164,71,6.4908973798604
Acrocephalus newtoni,168,71,8.4370977335708
Acrocephalus newtoni,174,71,130.021860527528
Acrocephalus newtoni,24133,71,56.8711675529887
Acrocephalus newtoni,307,138,45.7690350461981
Acrocephalus newtoni,12582,29,38.0240908844043
Acrocephalus newtoni,24118,29,3.34846321159315
Acrocephalus newtoni,24119,29,0.723997986286044
Acrocephalus newtoni,24120,29,0.361958205401659
Acrocephalus newtoni,24292,29,0.452763459861636
Acrocephalus newtoni,13683,146,78.5054384879867
Acrocephalus newtoni,14041,147,31.635531341863
Acrocephalus newtoni,24349,147,65.5797173258648
Acrocephalus newtoni,13871,73,36.331879859746
Acrocephalus newtoni,23322,73,0.449603298739195
Acrocephalus newtoni,23323,73,0.359686745625734
Acrocephalus newtoni,24357,73,6.47518067736232
Acrocephalus newtoni,24359,73,0.449634089967847
Acrocephalus newtoni,22670,145,2.33597082442749
Acrocephalus newtoni,24341,145,57.1920356452289
Acrocephalus newtoni,22723,149,0.777178853789091
Acrocephalus newtoni,24256,149,0.604549703200817
Acrocephalus newtoni,24370,149,27.2715936270507
Acrocephalus newtoni,24371,149,29.4123165165292
Acrocephalus newtoni,24372,149,29.3885406549345
Acrocephalus newtoni,24373,149,20.6592519148769
Acrocephalus newtoni,24374,149,19.9515621485635
Acrocephalus newtoni,21197,113,55.3908265174327
Acrocephalus newtoni,21282,113,11.2152296825547
Acrocephalus newtoni,21641,113,46.5723968884147
Acrocephalus newtoni,23918,113,15.479861985826
Acrocephalus newtoni,23941,113,29.6282884787502
Acrocephalus newtoni,24011,113,23.0620316261801
Acrocephalus newtoni,5074,130,36.3372512144693
Acrocephalus newtoni,24150,130,5.86001237088037
Acrocephalus newtoni,24161,130,30.5684495112349
Acrocephalus newtoni,4564,132,16.3740665150672
Acrocephalus newtoni,4736,132,19.2038282113973
Acrocephalus newtoni,4860,132,1.91988596975887
Acrocephalus newtoni,4861,132,4.2053427026192
Acrocephalus newtoni,4940,132,22.2892814174211
Acrocephalus newtoni,4944,132,5.85033975470352
Acrocephalus newtoni,4955,132,24.6792146248873
Acrocephalus newtoni,4985,132,1.0054375043211
Acrocephalus newtoni,4993,132,2.83342021114933
Acrocephalus newtoni,5016,132,2.37624750380063
Acrocephalus newtoni,5024,132,1.00536820483017
Acrocephalus newtoni,5030,132,0.274192454328179
Acrocephalus newtoni,5081,132,8.31651482316256
Acrocephalus newtoni,5168,132,8.49783825707888
Acrocephalus newtoni,5220,132,0.274089461484194
Acrocephalus newtoni,5266,132,10.9639024804161
Acrocephalus newtoni,5267,132,4.567756926453
Acrocephalus newtoni,5999,132,694.560874711413
Acrocephalus newtoni,6004,132,2.00722734047782
Acrocephalus newtoni,6013,132,0.364942030489683
Acrocephalus newtoni,6021,132,0.456175956650972
Acrocephalus newtoni,23862,132,2.19383277368414
Acrocephalus newtoni,23863,132,37.832468202602
Acrocephalus newtoni,23984,132,9.30640563301087
Acrocephalus newtoni,24114,132,16.5402429724604
Acrocephalus newtoni,24280,132,0.456749789226413
Acrocephalus newtoni,15383,139,0.98528214502728
Acrocephalus newtoni,15683,139,3.3134309653126
Acrocephalus newtoni,15800,139,2.32767118465054
Acrocephalus newtoni,15933,139,55.6258324433815
Acrocephalus newtoni,16083,139,2.59498997027063
Acrocephalus newtoni,16171,139,244.013808503537
Acrocephalus newtoni,23344,139,60.7930477369982
Acrocephalus newtoni,23433,139,12.7084287416288
Acrocephalus newtoni,23908,139,27.5139015001006
Acrocephalus newtoni,24006,139,1.96992547541308
Acrocephalus newtoni,24083,139,6.27084742429388
Acrocephalus newtoni,24084,139,3.04429691804922
Acrocephalus newtoni,24365,139,0.26860692801261
Acrocephalus newtoni,24366,139,0.447673652347684
Acrocephalus newtoni,24369,139,17.1081231937802
Acrocephalus newtoni,24404,139,0.626874057329774
Acrocephalus newtoni,24405,139,0.26865705802238
Acrocephalus newtoni,24437,139,21.8681192179429
Acrocephalus newtoni,1047,143,175.204558120961
Acrocephalus newtoni,1488,143,38.9884159684163
Acrocephalus newtoni,2269,143,0.643524707942724
Acrocephalus newtoni,2321,143,0.459616383672059
Acrocephalus newtoni,2343,143,0.643432019172192
Acrocephalus newtoni,2350,143,0.275752651619673
Acrocephalus newtoni,2371,143,0.367655302864194
Acrocephalus newtoni,2391,143,1.56243208603442
Acrocephalus newtoni,2392,143,0.275729722221732
Acrocephalus newtoni,2412,143,0.275717098941624
Acrocephalus newtoni,2425,143,0.275709061498523
Acrocephalus newtoni,2430,143,0.459508593737543
Acrocephalus newtoni,2436,143,0.45949710468936
Acrocephalus newtoni,2437,143,1.1946710927344
Acrocephalus newtoni,2451,143,53.7688087064452
Acrocephalus newtoni,2456,143,3.21620605602419
Acrocephalus newtoni,2457,143,0.551364106284499
Acrocephalus newtoni,2465,143,1.10266377710527
Acrocephalus newtoni,2474,143,0.367564567481756
Acrocephalus newtoni,2482,143,0.551319225258708
Acrocephalus newtoni,2491,143,1.10259928914046
Acrocephalus newtoni,2498,143,2.02137478975803
Acrocephalus newtoni,2499,143,0.826945434479237
Acrocephalus newtoni,2504,143,0.643170052255213
Acrocephalus newtoni,2513,143,1.65382056523675
Acrocephalus newtoni,2537,143,0.826825480994821
Acrocephalus newtoni,2564,143,0.459349671094894
Acrocephalus newtoni,2588,143,0.367459639964223
Acrocephalus newtoni,2601,143,0.275586929093957
Acrocephalus newtoni,2606,143,1.46972063059181
Acrocephalus newtoni,2607,143,0.275577679304183
Acrocephalus newtoni,2696,143,0.367363554798603
Acrocephalus newtoni,2719,143,58.6780858784226
Acrocephalus newtoni,2801,143,432.708220309259
Acrocephalus newtoni,2841,143,0.275443051051259
Acrocephalus newtoni,8564,143,15282.5643731454
Acrocephalus newtoni,23857,143,179.54495541553
Acrocephalus newtoni,24381,143,77.4065442805075
Acrocephalus newtoni,24407,143,47.8541654373711
Acrocephalus newtoni,24419,143,54.2551765402825
Acrocephalus newtoni,24420,143,587.522437766301
Acrocephalus newtoni,24421,143,257.987775640312
Acrocephalus newtoni,11957,83,0.812480411258936
Acrocephalus newtoni,18468,83,465.807169794926
Acrocephalus newtoni,24221,83,38.5754106344105
Acrocephalus newtoni,24230,83,1.35457540027201
Acrocephalus newtoni,24390,83,122.701643372855
Acrocephalus newtoni,24456,83,39.0933882275617
Acrocephalus newtoni,24459,83,110.070037848945
Acrocephalus newtoni,24463,83,29.7723925005817
Acrocephalus newtoni,24468,83,2.70596556277776
Acrocephalus newtoni,24471,83,0.360754872067451
Acrocephalus newtoni,24472,83,67.5307001400677
Acrocephalus newtoni,24475,83,47.3336670441899
Acrocephalus newtoni,24476,83,15.2341434265082
Acrocephalus newtoni,24477,83,3.15564838214624
Acrocephalus newtoni,24478,83,65.1599201313749
Acrocephalus newtoni,24479,83,3.15489428832662
Acrocephalus newtoni,24484,83,11.8039994628603
Acrocephalus newtoni,24485,83,26.8481144580816
Acrocephalus newtoni,24487,83,2.34215426115477
Acrocephalus newtoni,24488,83,19.9889174229442
Acrocephalus newtoni,12976,151,158.705818376245
Acrocephalus newtoni,13259,151,70.1712055467508
Acrocephalus newtoni,13578,152,2.87876883525968
Acrocephalus newtoni,13584,152,0.899620833965421
Acrocephalus newtoni,13630,152,0.269868277515173
Acrocephalus newtoni,14337,152,176.465112044449
Acrocephalus newtoni,16797,152,3.03774835122001
Acrocephalus newtoni,17058,152,5.17860213789487
Acrocephalus newtoni,17064,152,3.83926049733389
Acrocephalus newtoni,17569,152,127.840606665033
Acrocephalus newtoni,17709,152,224.656451715722
Acrocephalus newtoni,17999,152,0.801343932428241
Acrocephalus newtoni,19365,152,0.62064821295929
Acrocephalus newtoni,19380,152,0.265972006814122
Acrocephalus newtoni,19400,152,0.709200345668078
Acrocephalus newtoni,21820,152,4568.89177790808
Acrocephalus newtoni,22751,152,1320.72290065696
Acrocephalus newtoni,24332,152,20.7455502793244
Acrocephalus newtoni,24333,152,234.81411045919
Acrocephalus newtoni,24338,152,72.7284184850583
Acrocephalus newtoni,24394,152,1633.8566839868
Acrocephalus newtoni,24446,152,56.9706430520978
Acrocephalus newtoni,24447,152,1245.12263367133
Acrocephalus newtoni,24490,152,33.0953660842072
Acrocephalus newtoni,24431,153,45.4757890931116
Acrocephalus newtoni,24458,153,23.6377044755612
Acrocephalus newtoni,24489,153,14.2635312602702
Acrocephalus newtoni,24450,154,16.4163595908247
Acrocephalus newtoni,24451,154,14.8692397176668
Acrocephalus newtoni,24452,154,26.0164300679771
Acrocephalus newtoni,24453,154,308.475605014956
Acrocephalus newtoni,24454,154,20.6443376237523
Acrocephalus newtoni,24455,155,185.208699387767
Acrocephalus newtoni,24382,150,132.962781072095
Acrocephalus newtoni,24461,150,0.453956211002231
Acrocephalus newtoni,24460,156,18.5469218373579
Alectroenas madagascariensis,3,1,111.100829909233
Alectroenas madagascariensis,4,1,0.64914825101471
Alectroenas madagascariensis,16,1,21.0334598369182
Alectroenas madagascariensis,5865,1,56.8711675529887
Alectroenas madagascariensis,1177,2,79.0650391505938
Alectroenas madagascariensis,1199,2,1.73396250702786
Alectroenas madagascariensis,5884,2,29.1295754598171
Alectroenas madagascariensis,5885,2,21.8141374870516
Alectroenas madagascariensis,5978,10,29.4123165165292
Alectroenas madagascariensis,5979,10,27.2715936270507
Alectroenas madagascariensis,5980,10,29.3885406549345
Alectroenas madagascariensis,5981,10,20.6592519148769
Alectroenas madagascariensis,200,9,175.20455812096
Alectroenas madagascariensis,417,9,38.9884159684163
Alectroenas madagascariensis,510,9,0.644736027104974
Alectroenas madagascariensis,539,9,149.682332491075
Alectroenas madagascariensis,712,9,0.643524707942724
Alectroenas madagascariensis,732,9,0.643432019172192
Alectroenas madagascariensis,742,9,1.56243208603442
Alectroenas madagascariensis,748,9,1.1946710927344
Alectroenas madagascariensis,751,9,53.7688087064452
Alectroenas madagascariensis,752,9,3.21620605602419
Alectroenas madagascariensis,753,9,0.551364106284499
Alectroenas madagascariensis,756,9,1.10266377710527
Alectroenas madagascariensis,760,9,0.551319225258708
Alectroenas madagascariensis,762,9,1.10259928914046
Alectroenas madagascariensis,764,9,2.02137478975803
Alectroenas madagascariensis,765,9,0.826945434479237
Alectroenas madagascariensis,767,9,0.643170052255213
Alectroenas madagascariensis,769,9,1.65382056523675
Alectroenas madagascariensis,781,9,0.826825480995119
Alectroenas madagascariensis,793,9,1.46972063059181
Alectroenas madagascariensis,821,9,58.6780858784226
Alectroenas madagascariensis,839,9,432.708220309255
Alectroenas madagascariensis,1126,9,1.37162994920188
Alectroenas madagascariensis,1138,9,5.30132175810611
Alectroenas madagascariensis,1216,9,18.7867803754567
Alectroenas madagascariensis,1242,9,3.82909888804102
Alectroenas madagascariensis,1246,9,21.7001741978295
Alectroenas madagascariensis,1269,9,4.64662316187906
Alectroenas madagascariensis,1287,9,25.0430807721813
Alectroenas madagascariensis,1288,9,19.0366080186534
Alectroenas madagascariensis,1297,9,5.73678236568976
Alectroenas madagascariensis,1379,9,14501.538508828
Alectroenas madagascariensis,1711,9,0.812480411258936
Alectroenas madagascariensis,1882,9,94.5483809044096
Alectroenas madagascariensis,1884,9,0.991438515083671
Alectroenas madagascariensis,1895,9,11.1771037265234
Alectroenas madagascariensis,1897,9,0.811125368205309
Alectroenas madagascariensis,1918,9,1.71203832214892
Alectroenas madagascariensis,1961,9,7.38669548398626
Alectroenas madagascariensis,2038,9,70.171205546759
Alectroenas madagascariensis,2148,9,2.87876883525968
Alectroenas madagascariensis,2151,9,0.899620833965421
Alectroenas madagascariensis,2410,9,176.465112044449
Alectroenas madagascariensis,3958,9,170.785426053188
Alectroenas madagascariensis,4010,9,224.299706164179
Alectroenas madagascariensis,4355,9,465.807169794926
Alectroenas madagascariensis,4642,9,0.620648212959528
Alectroenas madagascariensis,4655,9,0.709200345668078
Alectroenas madagascariensis,5511,9,4568.53645333932
Alectroenas madagascariensis,5842,9,1312.93882768606
Alectroenas madagascariensis,5847,9,179.54495541553
Alectroenas madagascariensis,5933,9,13.0070758246177
Alectroenas madagascariensis,5937,9,1.35457540027201
Alectroenas madagascariensis,5971,9,234.81411045919
Alectroenas madagascariensis,5976,9,72.7284184850583
Alectroenas madagascariensis,5984,9,74.313995003305
Alectroenas madagascariensis,5985,9,129.966271154985
Alectroenas madagascariensis,5993,9,122.701643372855
Alectroenas madagascariensis,5997,9,1633.8566839868
Alectroenas madagascariensis,5998,9,47.8541654373711
Alectroenas madagascariensis,6010,9,54.2551765402825
Alectroenas madagascariensis,6011,9,587.522437766301
Alectroenas madagascariensis,6012,9,257.987775640312
Alectroenas madagascariensis,6022,9,45.4757890931116
Alectroenas madagascariensis,6026,9,56.9706430520978
Alectroenas madagascariensis,6027,9,1264.80094030401
Alectroenas madagascariensis,6028,9,16.4163595908247
Alectroenas madagascariensis,6029,9,14.8692397176668
Alectroenas madagascariensis,6030,9,26.0164300679771
Alectroenas madagascariensis,6031,9,308.475605014956
Alectroenas madagascariensis,6032,9,20.6443376237523
Alectroenas madagascariensis,6033,9,185.208699387767
Alectroenas madagascariensis,6034,9,38.4612961439313
Alectroenas madagascariensis,6036,9,23.6377044755612
Alectroenas madagascariensis,6037,9,110.070037848945
Alectroenas madagascariensis,6038,9,18.5469218373579
Alectroenas madagascariensis,6040,9,29.7723925005817
Alectroenas madagascariensis,6045,9,2.70596556277776
Alectroenas madagascariensis,6049,9,67.6208545236654
Alectroenas madagascariensis,6052,9,47.3336670441899
Alectroenas madagascariensis,6053,9,15.2341434265082
Alectroenas madagascariensis,6054,9,3.15564838214624
Alectroenas madagascariensis,6055,9,65.1599201313749
Alectroenas madagascariensis,6056,9,3.15489428832662
Alectroenas madagascariensis,6060,9,11.8039994628603
Alectroenas madagascariensis,6061,9,26.8481144580816
Alectroenas madagascariensis,6063,9,2.34215426115477
Alectroenas madagascariensis,6064,9,19.9889174229442
Alectroenas madagascariensis,6065,9,14.2635312602702
Alectroenas madagascariensis,6066,9,33.0953660842072
Apus balstoni,162,43,43.0377824654073
Apus balstoni,168,43,1.48074673073471
Apus balstoni,169,43,1.66577102635694
Apus balstoni,178,43,1.38815019469857
Apus balstoni,76,13,130.021860527528
Apus balstoni,77,13,6.4908973798604
Apus balstoni,79,13,8.4370977335708
Apus balstoni,103,13,43.2675847418705
Apus balstoni,7344,13,56.8711675529887
Apus balstoni,4228,15,130.568218715013
Apus balstoni,7575,45,78.5054384879867
Apus balstoni,7166,46,2.33597082442749
Apus balstoni,7568,46,57.1920356452289
Apus balstoni,7609,46,27.2715936270507
Apus balstoni,7610,46,29.4123165165292
Apus balstoni,7611,46,29.3885406549345
Apus balstoni,7612,46,20.6592519148769
Apus balstoni,7613,46,19.9515621485635
Apus balstoni,5747,5,108.355458509726
Apus balstoni,5835,5,13.9604468280428
Apus balstoni,7626,5,8.19087994073701
Apus balstoni,4719,18,35.8509582239029
Apus balstoni,4739,18,55.5362709867372
Apus balstoni,4753,18,0.985282145026565
Apus balstoni,4781,18,3.3134309653126
Apus balstoni,4829,18,2.32767118465054
Apus balstoni,4865,18,69.5634544487439
Apus balstoni,4953,18,251.083554943141
Apus balstoni,5187,18,58.694687036291
Apus balstoni,7595,18,17.1081231937802
Apus balstoni,7596,18,1.79238486696017
Apus balstoni,7599,18,4.82436848453331
Apus balstoni,7648,18,27.5139015001006
Apus balstoni,1495,37,16.3740665150672
Apus balstoni,1555,37,19.2038282113973
Apus balstoni,1582,37,1.91988596975887
Apus balstoni,1583,37,4.2053427026192
Apus balstoni,1604,37,22.2892814174211
Apus balstoni,1606,37,5.85033975470352
Apus balstoni,1608,37,24.6792146248902
Apus balstoni,1615,37,1.0054375043211
Apus balstoni,1618,37,2.65062070312488
Apus balstoni,1625,37,2.37624750380063
Apus balstoni,1634,37,8.31651482316256
Apus balstoni,1667,37,8.49783825707888
Apus balstoni,1696,37,10.9639024804161
Apus balstoni,1697,37,4.567756926453
Apus balstoni,1919,37,678.953274716794
Apus balstoni,1922,37,2.00722734047782
Apus balstoni,7205,37,2.19383277368414
Apus balstoni,7206,37,37.6497033879563
Apus balstoni,7334,37,16.5402429724604
Apus balstoni,1477,40,36.3372512144693
Apus balstoni,7361,40,5.86001237088037
Apus balstoni,7372,40,30.5684495112349
Apus balstoni,359,44,175.204558120961
Apus balstoni,509,44,38.9884159684163
Apus balstoni,810,44,1.56243208603442
Apus balstoni,827,44,1.1946710927344
Apus balstoni,833,44,53.7688087064452
Apus balstoni,835,44,3.21620605602419
Apus balstoni,838,44,1.10266377710527
Apus balstoni,848,44,1.10259928914046
Apus balstoni,850,44,2.02137478975803
Apus balstoni,853,44,1.65382056523675
Apus balstoni,884,44,1.46972063059181
Apus balstoni,912,44,58.6780858784226
Apus balstoni,936,44,432.708220309259
Apus balstoni,2656,44,15282.0127610389
Apus balstoni,7203,44,179.54495541553
Apus balstoni,7616,44,77.4065442805075
Apus balstoni,7633,44,47.8541654373711
Apus balstoni,7645,44,54.2551765402825
Apus balstoni,7646,44,587.522437766301
Apus balstoni,7647,44,257.987775640312
Apus balstoni,3908,26,158.705818376245
Apus balstoni,3998,26,70.171205546759
Apus balstoni,4091,26,2.87876883525968
Apus balstoni,4093,26,0.899620833965421
Apus balstoni,4301,26,176.465112044449
Apus balstoni,5483,26,170.785426053188
Apus balstoni,5528,26,224.299706164179
Apus balstoni,5840,26,465.807169794926
Apus balstoni,6920,26,4568.53645333932
Apus balstoni,7193,26,1320.72290065696
Apus balstoni,7431,26,38.3946948622806
Apus balstoni,7439,26,1.35457540027201
Apus balstoni,7559,26,20.7455502793244
Apus balstoni,7560,26,234.81411045919
Apus balstoni,7565,26,72.7284184850583
Apus balstoni,7628,26,122.701643372855
Apus balstoni,7632,26,1633.8566839868
Apus balstoni,7661,26,45.4757890931116
Apus balstoni,7670,26,56.9706430520978
Apus balstoni,7671,26,1264.80094030401
Apus balstoni,7680,26,38.4612961439313
Apus balstoni,7682,26,23.6377044755612
Apus balstoni,7683,26,110.070037848945
Apus balstoni,7687,26,29.7723925005817
Apus balstoni,7692,26,2.70596556277776
Apus balstoni,7696,26,67.5307001400677
Apus balstoni,7699,26,47.3336670441899
Apus balstoni,7700,26,15.2341434265082
Apus balstoni,7701,26,3.15564838214624
Apus balstoni,7702,26,65.1599201313749
Apus balstoni,7703,26,3.15489428832662
Apus balstoni,7708,26,11.8039994628603
Apus balstoni,7709,26,26.8481144580816
Apus balstoni,7711,26,2.34215426115477
Apus balstoni,7712,26,19.9889174229442
Apus balstoni,7713,26,14.2635312602702
Apus balstoni,7714,26,33.0953660842072
Apus balstoni,7674,48,16.4163595908247
Apus balstoni,7675,48,14.8692397176668
Apus balstoni,7676,48,26.0164300679771
Apus balstoni,7677,48,308.475605014956
Apus balstoni,7678,48,20.6443376237523
Apus balstoni,7679,48,185.208699387767
Apus balstoni,7617,47,132.962781072095
Apus balstoni,7684,47,18.5469218373579
Artamella viridis,4593,52,21.2443070814972
Artamella viridis,3531,55,16.3740665150672
Artamella viridis,3649,55,2.19464777098459
Artamella viridis,3669,55,12.894550309714
Artamella viridis,2105,26,1.92954817861235
Artamella viridis,2197,26,0.367434207116008
Artamella viridis,2212,26,33.8991079803611
Artamella viridis,15315,26,0.367500048400104
Artamella viridis,305,62,0.370271373195231
Artamella viridis,306,62,0.462834125284791
Artamella viridis,309,62,43.0377824654073
Artamella viridis,325,62,1.48074673073471
Artamella viridis,326,62,1.66577102635694
Artamella viridis,360,62,1.38815019469857
Artamella viridis,152,64,0.463597745714188
Artamella viridis,188,64,43.2038186617044
Artamella viridis,100,16,0.55664420881176
Artamella viridis,103,16,0.371099061261296
Artamella viridis,106,16,0.556625695955813
Artamella viridis,114,16,0.463806772104442
Artamella viridis,121,16,0.463781360735595
Artamella viridis,139,16,0.64914825101471
Artamella viridis,144,16,130.021860527528
Artamella viridis,147,16,6.4908973798604
Artamella viridis,151,16,8.4370977335708
Artamella viridis,197,16,43.2675847418705
Artamella viridis,15344,16,56.8711675529887
Artamella viridis,3793,27,0.639730784998775
Artamella viridis,3819,27,1.46201426250422
Artamella viridis,3837,27,2.64969806134474
Artamella viridis,3879,27,7.03479595916414
Artamella viridis,3884,27,4.567756926453
Artamella viridis,3922,27,9.04258868397665
Artamella viridis,4206,27,2.28180747323132
Artamella viridis,4227,27,60.2376703430335
Artamella viridis,4273,27,0.365034251434088
Artamella viridis,4274,27,173.722750508177
Artamella viridis,15331,27,14.9865047176591
Artamella viridis,15480,27,0.456749789226413
Artamella viridis,15481,27,81.3668221959746
Artamella viridis,6031,20,38.0240908844043
Artamella viridis,6062,20,3.07696966736627
Artamella viridis,6066,20,0.723997986286044
Artamella viridis,6081,20,0.361958205401897
Artamella viridis,15493,20,0.452763459861636
Artamella viridis,7754,66,130.568218715013
Artamella viridis,15595,67,78.5054384879867
Artamella viridis,14155,68,2.33597082442749
Artamella viridis,14427,68,0.777178853789091
Artamella viridis,15094,68,44.4928427752445
Artamella viridis,15449,68,0.604549703200817
Artamella viridis,15588,68,57.1920356452289
Artamella viridis,15648,68,27.2715936270507
Artamella viridis,15649,68,29.4123165165292
Artamella viridis,15650,68,29.3885406549345
Artamella viridis,15651,68,20.6592519148769
Artamella viridis,15652,68,19.9515621485635
Artamella viridis,7610,65,0.449603298739433
Artamella viridis,7611,65,0.359686745625973
Artamella viridis,7652,65,36.331879859746
Artamella viridis,15591,65,6.47518067736232
Artamella viridis,15593,65,0.449634089967847
Artamella viridis,11416,70,35.9142155788532
Artamella viridis,15623,70,11.9837631239951
Artamella viridis,15681,70,23.5087072345356
Artamella viridis,10623,21,171.071344628696
Artamella viridis,15668,21,8.19087994073701
Artamella viridis,13193,38,0.523638666577697
Artamella viridis,13213,38,0.523563038836241
Artamella viridis,13221,38,0.698019186100006
Artamella viridis,13236,38,0.436189867799282
Artamella viridis,13281,38,2.61582415019357
Artamella viridis,13371,38,1.39385740344095
Artamella viridis,13382,38,129.582523862221
Artamella viridis,13411,38,0.348321061425805
Artamella viridis,13474,38,0.34803445176816
Artamella viridis,13528,38,0.434814517434597
Artamella viridis,13570,38,0.347746593876839
Artamella viridis,13590,38,0.434623503267407
Artamella viridis,13849,38,1.47393099119139
Artamella viridis,13917,38,11.0948326900705
Artamella viridis,14354,38,98.3713379626257
Artamella viridis,15051,38,1.13414415884197
Artamella viridis,15090,38,255.091175992409
Artamella viridis,15093,38,45.1360753508905
Artamella viridis,15165,38,0.521531653210759
Artamella viridis,15196,38,25.3907382257994
Artamella viridis,12777,41,16.1215402504437
Artamella viridis,12970,41,46.5723968884147
Artamella viridis,15088,41,55.3030478112986
Artamella viridis,15194,41,36.3826787541578
Artamella viridis,15220,41,29.6282884787502
Artamella viridis,15295,41,23.0620316261801
Artamella viridis,3502,58,36.3372512144693
Artamella viridis,15361,58,5.86001237088037
Artamella viridis,15372,58,30.5684495112349
Artamella viridis,865,63,175.204558120961
Artamella viridis,1249,63,38.9884159684163
Artamella viridis,1923,63,0.643524707942724
Artamella viridis,1971,63,0.459616383672059
Artamella viridis,1992,63,0.643432019172192
Artamella viridis,2012,63,0.367655302864194
Artamella viridis,2029,63,1.56243208603442
Artamella viridis,2061,63,0.459508593737543
Artamella viridis,2067,63,0.45949710468936
Artamella viridis,2068,63,1.1946710927344
Artamella viridis,2079,63,53.7688087064452
Artamella viridis,2082,63,3.21620605602419
Artamella viridis,2083,63,0.551364106284499
Artamella viridis,2089,63,1.10266377710527
Artamella viridis,2096,63,0.367564567481756
Artamella viridis,2100,63,0.551319225258708
Artamella viridis,2109,63,1.10259928914046
Artamella viridis,2114,63,2.02137478975803
Artamella viridis,2115,63,0.826945434479237
Artamella viridis,2120,63,0.643170052255213
Artamella viridis,2126,63,1.65382056523675
Artamella viridis,2142,63,0.826825480994821
Artamella viridis,2161,63,0.459349671094894
Artamella viridis,2182,63,0.367459639964223
Artamella viridis,2196,63,1.46972063059181
Artamella viridis,2272,63,0.367363554798603
Artamella viridis,2292,63,58.6780858784226
Artamella viridis,2344,63,432.708220309259
Artamella viridis,5287,63,15252.0716421369
Artamella viridis,15033,63,179.54495541553
Artamella viridis,15659,63,77.4065442805075
Artamella viridis,15682,63,47.8541654373711
Artamella viridis,15694,63,54.2551765402825
Artamella viridis,15695,63,587.522437766301
Artamella viridis,15696,63,257.987775640312
Artamella viridis,8718,69,35.8509582239029
Artamella viridis,8763,69,55.5362709867372
Artamella viridis,8786,69,0.985282145026565
Artamella viridis,8845,69,3.3134309653126
Artamella viridis,8901,69,57.120418073331
Artamella viridis,8930,69,2.32767118465054
Artamella viridis,9127,69,2.50550766269672
Artamella viridis,9840,69,442.064636020778
Artamella viridis,15615,69,17.1081231937802
Artamella viridis,15616,69,1.79238486696017
Artamella viridis,15617,69,0.447673652347684
Artamella viridis,15697,69,27.5139015001006
Artamella viridis,6580,40,0.812480411258936
Artamella viridis,7126,40,158.705818376245
Artamella viridis,7267,40,70.171205546759
Artamella viridis,7456,40,2.87876883525968
Artamella viridis,7459,40,0.899620833965421
Artamella viridis,7910,40,176.465112044449
Artamella viridis,10181,40,170.785426053188
Artamella viridis,10287,40,224.299706164179
Artamella viridis,10767,40,465.807169794926
Artamella viridis,11295,40,0.620648212959528
Artamella viridis,11321,40,0.709200345668078
Artamella viridis,13081,40,4568.80264222246
Artamella viridis,14642,40,1320.72290065696
Artamella viridis,15577,40,20.7455502793244
Artamella viridis,15580,40,234.81411045919
Artamella viridis,15585,40,72.7284184850583
Artamella viridis,15671,40,122.701643372855
Artamella viridis,15675,40,1633.8566839868
Artamella viridis,15710,40,45.4757890931116
Artamella viridis,15719,40,56.9706430520978
Artamella viridis,15720,40,1264.80094030401
Artamella viridis,15729,40,16.6994855698657
Artamella viridis,15730,40,1.53476886176658
Artamella viridis,15731,40,23.6377044755612
Artamella viridis,15732,40,110.070037848945
Artamella viridis,15736,40,29.7723925005817
Artamella viridis,15741,40,2.70596556277776
Artamella viridis,15744,40,0.360754872067451
Artamella viridis,15745,40,67.5307001400677
Artamella viridis,15748,40,47.3336670441899
Artamella viridis,15749,40,15.2341434265082
Artamella viridis,15750,40,3.15564838214624
Artamella viridis,15751,40,65.1599201313749
Artamella viridis,15752,40,3.15489428832662
Artamella viridis,15757,40,11.8039994628603
Artamella viridis,15758,40,26.8481144580816
Artamella viridis,15760,40,2.34215426115477
Artamella viridis,15761,40,19.9889174229442
Artamella viridis,15762,40,14.2635312602702
Artamella viridis,15763,40,33.0953660842072
Artamella viridis,15723,72,16.4163595908247
Artamella viridis,15724,72,14.8692397176668
Artamella viridis,15725,72,26.0164300679771
Artamella viridis,15726,72,308.475605014956
Artamella viridis,15727,72,20.6443376237523
Artamella viridis,15728,72,185.208699387767
Artamella viridis,15660,71,132.962781072095
Artamella viridis,15733,71,18.5469218373579
Artamella viridis,15734,71,0.453956211002231
Asio madagascariensis,645,2,73.3607772988073
Asio madagascariensis,809,2,113.938970266905
Asio madagascariensis,1,1,72.6104762396658
Asio madagascariensis,32,1,175.204558120961
Asio madagascariensis,41,1,179.54495541553
Asio madagascariensis,51,1,47.8541654373711
Asio madagascariensis,58,1,38.9884159684163
Asio madagascariensis,87,1,553.986096916008
Asio madagascariensis,122,1,53.7688087064452
Asio madagascariensis,133,1,58.6780858784226
Asio madagascariensis,138,1,432.708220309259
Asio madagascariensis,234,1,14637.433341092
Asio madagascariensis,396,1,158.705818376245
Asio madagascariensis,409,1,70.171205546759
Asio madagascariensis,458,1,176.465112044449
Asio madagascariensis,744,1,170.785426053188
Asio madagascariensis,754,1,224.299706164179
Asio madagascariensis,833,1,465.807169794926
Asio madagascariensis,1104,1,4568.53645333932
Asio madagascariensis,1170,1,1320.72290065696
Asio madagascariensis,1195,1,56.8711675529887
Asio madagascariensis,1219,1,13.0070758246177
Asio madagascariensis,1242,1,20.7455502793244
Asio madagascariensis,1243,1,234.81411045919
Asio madagascariensis,1248,1,72.7284184850583
Asio madagascariensis,1251,1,57.1920356452289
Asio madagascariensis,1259,1,27.2715936270507
Asio madagascariensis,1260,1,29.4123165165292
Asio madagascariensis,1261,1,29.3885406549345
Asio madagascariensis,1262,1,20.6592519148769
Asio madagascariensis,1263,1,19.9515621485635
Asio madagascariensis,1266,1,77.4065442805075
Asio madagascariensis,1267,1,132.962781072095
Asio madagascariensis,1275,1,122.701643372855
Asio madagascariensis,1279,1,1633.8566839868
Asio madagascariensis,1291,1,54.2551765402825
Asio madagascariensis,1292,1,587.522437766301
Asio madagascariensis,1293,1,257.987775640312
Asio madagascariensis,1304,1,45.4757890931116
Asio madagascariensis,1310,1,56.9706430520978
Asio madagascariensis,1311,1,1264.80094030401
Asio madagascariensis,1314,1,16.4163595908247
Asio madagascariensis,1315,1,14.8692397176668
Asio madagascariensis,1316,1,26.0164300679771
Asio madagascariensis,1317,1,308.475605014956
Asio madagascariensis,1318,1,20.6443376237523
Asio madagascariensis,1319,1,185.208699387767
Asio madagascariensis,1320,1,38.4612961439313
Asio madagascariensis,1322,1,23.6377044755612
Asio madagascariensis,1323,1,110.070037848945
Asio madagascariensis,1324,1,18.5469218373579
Asio madagascariensis,1327,1,29.7723925005817
Asio madagascariensis,1336,1,67.5307001400677
Asio madagascariensis,1339,1,47.3336670441899
Asio madagascariensis,1340,1,15.2341434265082
Asio madagascariensis,1342,1,65.1599201313749
Asio madagascariensis,1348,1,11.8039994628603
Asio madagascariensis,1349,1,26.8481144580816
Asio madagascariensis,1352,1,19.9889174229442
Asio madagascariensis,1353,1,14.2635312602702
Asio madagascariensis,1354,1,33.0953660842072
Atelornis crossleyi,187,6,9.10585069831289
Atelornis crossleyi,188,6,11.7315271312761
Atelornis crossleyi,189,6,4.11440865191126
Atelornis crossleyi,190,6,15.299799150718
Atelornis crossleyi,191,6,539.357673064952
Atelornis crossleyi,193,6,13.7963225029579
Atelornis crossleyi,194,6,7.15726590577268
Atelornis crossleyi,195,6,4.96759020573807
Atelornis crossleyi,1,1,117.630551552853
Atelornis crossleyi,2,1,20.1800623718063
Atelornis crossleyi,3,1,354.196578546947
Atelornis crossleyi,4,1,235.928108959333
Atelornis crossleyi,6,1,18.8525092663892
Atelornis crossleyi,7,1,978.339315333265
Atelornis crossleyi,197,1,10.7686104373094
Atelornis crossleyi,8,2,167.297609525588
Atelornis crossleyi,11,3,3.19109242600811
Atelornis crossleyi,13,3,8.02199676955664
Atelornis crossleyi,16,3,115.680491709968
Atelornis crossleyi,199,3,75.7358565929478
Atelornis crossleyi,55,9,21.462615630047
Atelornis crossleyi,56,9,43.5405804868447
Atelornis crossleyi,66,9,13.4602921012942
Atelornis crossleyi,77,9,2.96166088926137
Atelornis crossleyi,96,9,26.3690466206299
Atelornis crossleyi,106,9,3.31648883063078
Atelornis crossleyi,107,9,30.0074979593105
Atelornis crossleyi,204,9,26.2352514991942
Atelornis crossleyi,18,8,22.7155726543109
Atelornis crossleyi,21,8,3.24106556468964
Atelornis crossleyi,25,8,42.9295980906537
Atelornis crossleyi,128,7,38.1776667744011
Atelornis crossleyi,136,7,10.3650947225828
Atelornis crossleyi,139,7,2.85906809391654
Atelornis crossleyi,141,7,4.64537103983664
Atelornis crossleyi,142,7,7.32466932599294
Atelornis crossleyi,143,7,15.8078429702332
Atelornis crossleyi,146,7,5.17860213789487
Atelornis crossleyi,147,7,3.83926049733389
Atelornis crossleyi,148,7,18.661799738426
Atelornis crossleyi,151,7,10.0843859371828
Atelornis crossleyi,155,7,3.03338654372942
Atelornis crossleyi,157,7,31.4015248306567
Atelornis crossleyi,159,7,135.11275313691
Atelornis crossleyi,163,7,2.04824535180938
Atelornis crossleyi,164,7,438.525815475433
Atelornis crossleyi,170,7,241.398599180367
Atelornis crossleyi,171,7,64.1921890918337
Atelornis crossleyi,180,7,59.430869974448
Atelornis crossleyi,181,7,1345.25561059848
Atelornis crossleyi,182,7,31.2309458101476
Atelornis crossleyi,184,7,30.8233521124446
Atelornis crossleyi,185,7,28.2593661830709
Atelornis crossleyi,186,7,447.725906758471
Atelornis crossleyi,207,7,2.58870931440878
Atelornis crossleyi,209,7,3.12196956157851
Atelornis crossleyi,17,4,208.199536697136
Atelornis crossleyi,49,10,239.808533356761
Atelornis crossleyi,211,10,23.6377044755612
Atelornis crossleyi,212,10,155.675350992309
Atelornis crossleyi,213,10,45.1173161393739
Atelornis crossleyi,210,11,185.208699387767
Atelornis pittoides,1,1,72.6104762396658
Atelornis pittoides,955,1,56.8711675529887
Atelornis pittoides,953,6,29.4123165165292
Atelornis pittoides,990,6,27.2715936270507
Atelornis pittoides,991,6,29.3885406549345
Atelornis pittoides,992,6,20.6592519148769
Atelornis pittoides,2,2,20.138749453242
Atelornis pittoides,3,2,112.341414136247
Atelornis pittoides,5,2,80.6801142748248
Atelornis pittoides,6,2,3.50637091730225
Atelornis pittoides,7,2,1.66091588708526
Atelornis pittoides,9,2,103.662366160823
Atelornis pittoides,18,2,13.1803252548393
Atelornis pittoides,19,2,23.2260172328009
Atelornis pittoides,20,2,23.318771661808
Atelornis pittoides,21,2,4.23939400596285
Atelornis pittoides,25,2,12.7171275236348
Atelornis pittoides,28,2,11.423145542632
Atelornis pittoides,35,2,191.86108014615
Atelornis pittoides,53,2,2.11438066261417
Atelornis pittoides,57,2,3.30822947109908
Atelornis pittoides,63,2,1.8373651948179
Atelornis pittoides,66,2,1.46972063059181
Atelornis pittoides,67,2,2.11261448298192
Atelornis pittoides,69,2,2.75561017110461
Atelornis pittoides,72,2,26.2648020061304
Atelornis pittoides,74,2,336.421109052604
Atelornis pittoides,78,2,3.48845173661
Atelornis pittoides,85,2,1.46844013959706
Atelornis pittoides,89,2,5.32260880427534
Atelornis pittoides,100,2,8181.84821430879
Atelornis pittoides,103,2,1.64962747188139
Atelornis pittoides,106,2,5.77274455880851
Atelornis pittoides,109,2,123.178229161861
Atelornis pittoides,119,2,1.64430895920491
Atelornis pittoides,120,2,7.67238536788142
Atelornis pittoides,122,2,4.84054188698411
Atelornis pittoides,124,2,552.392684966564
Atelornis pittoides,125,2,2.37459808751702
Atelornis pittoides,126,2,1.73528662736785
Atelornis pittoides,130,2,51.5046193559415
Atelornis pittoides,144,2,293.643051488468
Atelornis pittoides,151,2,521.171907695244
Atelornis pittoides,993,2,27.87552267994
Atelornis pittoides,994,2,26.0157919395684
Atelornis pittoides,1010,2,25.7528153259755
Atelornis pittoides,1011,2,125.0060864591
Atelornis pittoides,1012,2,22.62315320968
Atelornis pittoides,1013,2,59.3564680753992
Atelornis pittoides,1014,2,226.406210796349
Atelornis pittoides,1015,2,29.8602134693177
Atelornis pittoides,163,5,26.2545725008708
Atelornis pittoides,223,5,2.87876883525968
Atelornis pittoides,276,5,176.465112044449
Atelornis pittoides,684,5,170.785426053188
Atelornis pittoides,691,5,224.299706164162
Atelornis pittoides,757,5,465.536944052392
Atelornis pittoides,857,5,16.7328206902658
Atelornis pittoides,859,5,4.31124233271003
Atelornis pittoides,908,5,4316.82886238388
Atelornis pittoides,950,5,1203.88902651034
Atelornis pittoides,984,5,234.726847250796
Atelornis pittoides,989,5,72.6415490388816
Atelornis pittoides,1001,5,122.701643372855
Atelornis pittoides,1005,5,1633.8566839868
Atelornis pittoides,1019,5,14.2635312602702
Atelornis pittoides,1022,5,56.9706430520978
Atelornis pittoides,1023,5,1264.80094030401
Atelornis pittoides,1029,5,34.3971482793418
Atelornis pittoides,1031,5,23.6377044755612
Atelornis pittoides,1032,5,110.070037848945
Atelornis pittoides,1034,5,29.7723925005817
Atelornis pittoides,1039,5,2.70596556277776
Atelornis pittoides,1043,5,67.5307001400677
Atelornis pittoides,1046,5,47.3336670441899
Atelornis pittoides,1047,5,15.2341434265082
Atelornis pittoides,1048,5,3.15564838214624
Atelornis pittoides,1049,5,65.1599201313749
Atelornis pittoides,1050,5,3.15489428832662
Atelornis pittoides,1055,5,11.8039994628603
Atelornis pittoides,1056,5,26.8481144580816
Atelornis pittoides,1058,5,2.34215426115477
Atelornis pittoides,1059,5,19.9889174229442
Atelornis pittoides,1060,5,33.0953660842072
Atelornis pittoides,1024,8,14.8692397176668
Atelornis pittoides,1025,8,26.0164300679771
Atelornis pittoides,1026,8,294.616655955408
Atelornis pittoides,1027,8,15.211670940587
Atelornis pittoides,1028,8,185.208699387767
Atelornis pittoides,995,7,57.7701148116656
Atelornis pittoides,1000,7,29.426242437476
Athene superciliaris,24,1,57.4113842878613
Athene superciliaris,34,1,6.4908973798604
Athene superciliaris,36,1,8.4370977335708
Athene superciliaris,47,1,43.2038186617044
Athene superciliaris,67,1,43.4528749465152
Athene superciliaris,78,1,43.0377824654073
Athene superciliaris,1401,7,36.331879859746
Athene superciliaris,1424,7,130.568218715013
Athene superciliaris,3523,7,6.47518067736232
Athene superciliaris,534,12,16.3740665150672
Athene superciliaris,561,12,19.2038282114016
Athene superciliaris,580,12,4.2053427026192
Athene superciliaris,586,12,2.19383277368402
Athene superciliaris,609,12,14.9865047176596
Athene superciliaris,617,12,2.64969806134474
Athene superciliaris,631,12,7.03479595916414
Athene superciliaris,632,12,4.567756926453
Athene superciliaris,641,12,9.04258868397665
Athene superciliaris,702,12,2.28180747323132
Athene superciliaris,711,12,14.8774610751536
Athene superciliaris,717,12,173.722750508177
Athene superciliaris,721,12,47.905131750668
Athene superciliaris,738,12,50.5501472631775
Athene superciliaris,3436,12,29.1295754598171
Athene superciliaris,2678,14,2.33597082442749
Athene superciliaris,2755,14,57.1920356452289
Athene superciliaris,3123,14,44.4928427752445
Athene superciliaris,3572,14,29.4123165165292
Athene superciliaris,3573,14,29.3885406549345
Athene superciliaris,3574,14,20.6592519148769
Athene superciliaris,3575,14,19.9515621485635
Athene superciliaris,148,13,147.140169713448
Athene superciliaris,150,13,145.554190303997
Athene superciliaris,203,13,38.9884159684163
Athene superciliaris,300,13,6.61398661988985
Athene superciliaris,309,13,14.7867147839115
Athene superciliaris,488,13,117.542155651209
Athene superciliaris,548,13,90.1621041033284
Athene superciliaris,558,13,7934.32751284361
Athene superciliaris,570,13,7.40589368397254
Athene superciliaris,587,13,39.7635181622886
Athene superciliaris,598,13,27.8717233524508
Athene superciliaris,599,13,2.01061132027936
Athene superciliaris,604,13,293.806297907885
Athene superciliaris,623,13,2.55808245034969
Athene superciliaris,639,13,30.1415171733531
Athene superciliaris,659,13,18.0802938475482
Athene superciliaris,667,13,60.7293562326649
Athene superciliaris,701,13,2.73830994216502
Athene superciliaris,728,13,66.7035328867916
Athene superciliaris,799,13,152.352029024394
Athene superciliaris,802,13,13.2143774025955
Athene superciliaris,812,13,7.74432683950007
Athene superciliaris,820,13,15.0325883204132
Athene superciliaris,888,13,349.355696894906
Athene superciliaris,901,13,45.0233036103807
Athene superciliaris,951,13,38.5995990338773
Athene superciliaris,3458,13,104.483341928055
Athene superciliaris,3468,13,31.9271869049778
Athene superciliaris,1942,15,171.071344628696
Athene superciliaris,2117,15,35.9142155788532
Athene superciliaris,3556,15,15.4450147414067
Athene superciliaris,3577,15,8.19087994073701
Athene superciliaris,3580,15,9.49462234218203
Athene superciliaris,3581,15,23.5087072345356
Athene superciliaris,1570,16,57.9536162531174
Athene superciliaris,1576,16,2.32886922907722
Athene superciliaris,1583,16,3.3134309653126
Athene superciliaris,1597,16,2.32767118465054
Athene superciliaris,1602,16,2.05895008530676
Athene superciliaris,1621,16,2.50550766269672
Athene superciliaris,1676,16,89.7882265229853
Athene superciliaris,1731,16,466.568559868034
Athene superciliaris,3135,16,35.8509582239029
Athene superciliaris,3356,16,3.75955498127008
Athene superciliaris,3554,16,7.14406051427484
Athene superciliaris,3576,16,17.1081231937802
Athene superciliaris,3600,16,27.5139015001006
Athene superciliaris,2153,17,13.1672804516124
Athene superciliaris,2366,17,433.810619797173
Athene superciliaris,2390,17,16.1215402504437
Athene superciliaris,2506,17,46.5723968884147
Athene superciliaris,2611,17,3.38022994819081
Athene superciliaris,2619,17,12.0483039035151
Athene superciliaris,2710,17,462.354759214358
Athene superciliaris,3061,17,17.8876522784661
Athene superciliaris,3121,17,45.1360753508905
Athene superciliaris,3182,17,43.5541700668897
Athene superciliaris,3187,17,13.0307413413469
Athene superciliaris,3191,17,6.06907414019537
Athene superciliaris,3192,17,58.4639144571832
Athene superciliaris,3202,17,47.9151920474066
Athene superciliaris,3216,17,138.804967227073
Athene superciliaris,3248,17,36.3826787541578
Athene superciliaris,3270,17,9.25706128804803
Athene superciliaris,3273,17,4.31856011909986
Athene superciliaris,3275,17,2.02272765648687
Athene superciliaris,3276,17,31.4692072683324
Athene superciliaris,3359,17,23.0620316261801
Athene superciliaris,3582,17,17.5870851484947
Athene superciliaris,3586,17,2.03225787389851
Athene superciliaris,1072,3,120.506825066001
Athene superciliaris,1093,3,29.0748802500753
Athene superciliaris,1120,3,89.718218158552
Athene superciliaris,1243,18,21.7369523021773
Athene superciliaris,1250,18,45.4757890931116
Athene superciliaris,1255,18,52.0931107730117
Athene superciliaris,1256,18,29.8365969884256
Athene superciliaris,1277,18,16.4962744438024
Athene superciliaris,1306,18,158.705818376245
Athene superciliaris,1341,18,70.171205546759
Athene superciliaris,1364,18,45.3586244344044
Athene superciliaris,1380,18,2.87876883525968
Athene superciliaris,1381,18,33.0953660842072
Athene superciliaris,1415,18,255.63790169736
Athene superciliaris,1434,18,56.2205783175004
Athene superciliaris,1467,18,134.42812033731
Athene superciliaris,1525,18,16.9459699933987
Athene superciliaris,1536,18,3.31648883063078
Athene superciliaris,1620,18,193.771402886338
Athene superciliaris,1660,18,209.33877341864
Athene superciliaris,1701,18,4.64537103983664
Athene superciliaris,1723,18,9.37288297308182
Athene superciliaris,1759,18,112.032355234839
Athene superciliaris,1781,18,71.0174635170542
Athene superciliaris,1793,18,23.5358626331228
Athene superciliaris,1815,18,224.299706164179
Athene superciliaris,1855,18,15.9348882808119
Athene superciliaris,1869,18,811.535649881152
Athene superciliaris,1913,18,180.425451239387
Athene superciliaris,1997,18,300.744174563192
Athene superciliaris,2022,18,26.6050361725919
Athene superciliaris,2084,18,356.663546997597
Athene superciliaris,2157,18,12.2808891269343
Athene superciliaris,2171,18,10.3338196872387
Athene superciliaris,2241,18,217.471096700307
Athene superciliaris,2264,18,57.8026237031135
Athene superciliaris,2290,18,29.2386139433417
Athene superciliaris,2301,18,19.8877197110529
Athene superciliaris,2309,18,10.3792907872638
Athene superciliaris,2310,18,10.9933238969339
Athene superciliaris,2313,18,2.63821850551534
Athene superciliaris,2404,18,483.173844570844
Athene superciliaris,2418,18,83.5132019864343
Athene superciliaris,2459,18,86.8934366787967
Athene superciliaris,2475,18,18.4261448309841
Athene superciliaris,2519,18,100.167046926872
Athene superciliaris,3604,18,110.070037848945
Avahi laniger,50,7,13.1011248301817
Avahi laniger,344,17,59.9439697240669
Avahi laniger,391,19,56.4159576669972
Avahi laniger,497,25,65.611862821471
Avahi laniger,1058,35,16.2094478191883
Avahi laniger,2699,124,26.7277226016967
Avahi laniger,2735,124,0.807085143688679
Avahi laniger,4637,94,17.8588537216964
Avahi laniger,5111,166,168.261630146548
Avahi laniger,4724,153,17.2564703516381
Avahi laniger,4784,153,9.10585069831289
Avahi laniger,4824,153,26.1744953179971
Avahi laniger,2198,193,70.171205546759
Avahi laniger,4641,95,5.09932988678861
Avahi laniger,4645,95,16.698656125278
Avahi laniger,265,143,69.6471751838426
Avahi laniger,275,143,1.65325307838088
Avahi laniger,276,143,0.459243274490118
Avahi laniger,285,143,47.8460816977271
Avahi laniger,287,143,0.367363554798603
Avahi laniger,300,143,58.6780858784226
Avahi laniger,340,143,0.275443051051259
Avahi laniger,24,5,28.8049090227646
Avahi laniger,29,5,11.6300040493613
Avahi laniger,4659,97,19.0477036475816
Avahi laniger,31,137,16.7109386026342
Avahi laniger,177,184,83.390671797113
Avahi laniger,5506,108,27.2715936270507
Avahi laniger,5524,111,2.33597082442749
Avahi laniger,5553,111,57.1920356452289
Avahi laniger,5586,209,29.4123165165292
Avahi laniger,5587,210,29.3885406549345
Avahi laniger,5204,170,100.511174087054
Avahi laniger,5332,170,1191.04332893289
Avahi laniger,5341,170,4.87634729720127
Avahi laniger,3759,203,40.5297465869773
Avahi laniger,3862,203,3.92362562417841
Avahi laniger,3885,203,103.358820288359
Avahi laniger,94,208,374.347149138293
Avahi laniger,62,8,2.02608504913765
Avahi laniger,63,8,0.460479690076709
Avahi laniger,64,8,0.276287814046025
Avahi laniger,155,8,0.367843747830391
Avahi laniger,233,8,28.3949106967682
Avahi laniger,241,8,0.551358355514824
Avahi laniger,242,8,0.64325064792037
Avahi laniger,244,8,0.275676877216637
Avahi laniger,379,8,0.275287525101185
Avahi laniger,561,8,0.731667634530187
Avahi laniger,597,8,0.548483832757473
Avahi laniger,618,8,62.2549358162017
Avahi laniger,1051,8,27.9623496702811
Avahi laniger,1052,8,0.273246820754766
Avahi laniger,1054,8,3.73408961568439
Avahi laniger,1057,8,0.273218414016366
Avahi laniger,1275,8,6440.18029155124
Avahi laniger,5583,8,21.3305931885931
Avahi laniger,5588,8,56.9979385032006
Avahi laniger,5589,8,22.7922233838264
Avahi laniger,5595,8,54.2551765402825
Avahi laniger,3003,128,26.5957620118911
Avahi laniger,3873,214,170.785426053188
Avahi laniger,4000,214,1142.06538013418
Avahi laniger,4202,214,0.62064821295929
Avahi laniger,4206,214,0.265972006814122
Avahi laniger,4265,214,2.83321769485366
Avahi laniger,4313,214,1620.51596991002
Avahi laniger,4475,214,7.2464315465945
Avahi laniger,4476,214,7.86464292334616
Avahi laniger,4480,214,0.97197529882133
Avahi laniger,4481,214,0.706902982692719
Avahi laniger,4486,214,5.30057274924576
Avahi laniger,4496,214,0.441649912203312
Avahi laniger,4514,214,738.583119988245
Avahi laniger,5600,214,659.379662089199
Avahi laniger,2512,215,33.404609637262
Avahi laniger,2513,215,176.465112044449
Avahi laniger,2575,215,8.61674749869728
Avahi laniger,5603,218,113.63252036178
Avahi laniger,5580,211,531.240773931223
Avahi laniger,5602,211,257.987775640312
Avahi laniger,1764,160,14.2635312602702
Avahi laniger,1948,174,1.71320107459641
Avahi laniger,1975,174,0.631062051789641
Avahi laniger,2018,174,1.26175807826722
Avahi laniger,2020,174,125.894137208093
Avahi laniger,2094,174,0.630549841309428
Avahi laniger,2102,174,2.3418393852849
Avahi laniger,1839,196,45.4757890931116
Avahi laniger,2476,219,372.086339187632
Avahi laniger,5618,219,110.070037848945
Avahi laniger,5585,220,16.4163595908247
Avahi laniger,5621,220,14.8692397176668
Avahi laniger,5612,221,26.0164300679771
Avahi laniger,5613,222,308.475605014956
Avahi laniger,5614,222,20.6443376237523
Avahi laniger,5615,223,185.208699387767
Avahi laniger,5616,224,73.433436891347
Avahi laniger,5617,225,23.6377044755612
Avahi laniger,2040,207,26.7580247753003
Avahi laniger,2451,207,122.701643372855
Avahi laniger,5607,207,29.7723925005817
Avahi laniger,5609,207,15.2341434265082
Avahi laniger,5611,226,65.1599201313749
Avahi laniger,5594,212,67.4405500567246
Avahi laniger,5626,212,0.360754872067451
Avahi laniger,5584,213,132.962781072095
Avahi laniger,5619,227,18.5469218373579
Avahi laniger,2303,217,2.87876883525968
Avahi laniger,2305,217,0.899620833965421
Avahi laniger,2313,217,0.269868277515173
Avahi laniger,5593,217,56.9706430520978
Avahi laniger,5622,217,33.0953660842072
Aviceda madagascariensis,302,2,38.2051651932399
Aviceda madagascariensis,356,2,36.331879859746
Aviceda madagascariensis,360,2,130.568218715013
Aviceda madagascariensis,395,2,57.9536162531174
Aviceda madagascariensis,413,2,89.7882265229853
Aviceda madagascariensis,427,2,466.568559868034
Aviceda madagascariensis,473,2,171.071344628696
Aviceda madagascariensis,512,2,35.9142155788532
Aviceda madagascariensis,521,2,13.1672804516124
Aviceda madagascariensis,572,2,433.810619797173
Aviceda madagascariensis,576,2,16.1215402504437
Aviceda madagascariensis,608,2,46.5723968884147
Aviceda madagascariensis,632,2,12.0483039035151
Aviceda madagascariensis,643,2,462.354759214358
Aviceda madagascariensis,867,2,17.8876522784661
Aviceda madagascariensis,934,2,45.1360753508905
Aviceda madagascariensis,948,2,35.8509582239029
Aviceda madagascariensis,985,2,43.5541700668897
Aviceda madagascariensis,990,2,13.0307413413469
Aviceda madagascariensis,995,2,58.4639144571832
Aviceda madagascariensis,1005,2,47.9151920474066
Aviceda madagascariensis,1019,2,138.804967227073
Aviceda madagascariensis,1060,2,36.3826787541578
Aviceda madagascariensis,1087,2,31.4692072683324
Aviceda madagascariensis,1168,2,23.0620316261801
Aviceda madagascariensis,1314,2,78.5054384879867
Aviceda madagascariensis,1341,2,15.4450147414067
Aviceda madagascariensis,1359,2,17.1081231937802
Aviceda madagascariensis,1380,2,23.5087072345356
Aviceda madagascariensis,1381,2,17.5870851484947
Aviceda madagascariensis,1400,2,27.5139015001006
Aviceda madagascariensis,156,3,36.3372512144693
Aviceda madagascariensis,157,3,16.3740665150672
Aviceda madagascariensis,168,3,19.2038282113973
Aviceda madagascariensis,171,3,16.0871950112846
Aviceda madagascariensis,204,3,454.339155428506
Aviceda madagascariensis,1210,3,16.5402429724604
Aviceda madagascariensis,1233,3,30.5684495112349
Aviceda madagascariensis,1234,3,81.3668221959746
Aviceda madagascariensis,6,1,130.021860527528
Aviceda madagascariensis,8,1,43.2038186617044
Aviceda madagascariensis,14,1,43.4528749465152
Aviceda madagascariensis,18,1,43.0377824654073
Aviceda madagascariensis,46,1,175.204558120961
Aviceda madagascariensis,66,1,38.9884159684163
Aviceda madagascariensis,82,1,53.7688087064452
Aviceda madagascariensis,91,1,58.6780858784226
Aviceda madagascariensis,93,1,432.708220309259
Aviceda madagascariensis,115,1,54.2551765402825
Aviceda madagascariensis,231,1,257.987775640312
Aviceda madagascariensis,257,1,15024.3977723911
Aviceda madagascariensis,260,1,77.4065442805075
Aviceda madagascariensis,279,1,132.962781072095
Aviceda madagascariensis,294,1,308.475605014956
Aviceda madagascariensis,300,1,185.208699387767
Aviceda madagascariensis,332,1,45.4757890931116
Aviceda madagascariensis,344,1,158.705818376245
Aviceda madagascariensis,349,1,70.171205546759
Aviceda madagascariensis,352,1,56.9706430520978
Aviceda madagascariensis,359,1,122.701643372855
Aviceda madagascariensis,363,1,120.678612704647
Aviceda madagascariensis,430,1,1609.67933897995
Aviceda madagascariensis,438,1,170.785426053185
Aviceda madagascariensis,447,1,224.299706164179
Aviceda madagascariensis,461,1,928.410615122294
Aviceda madagascariensis,468,1,241.843234234965
Aviceda madagascariensis,594,1,4457.16497877322
Aviceda madagascariensis,656,1,1303.29976642633
Aviceda madagascariensis,838,1,179.54495541553
Aviceda madagascariensis,936,1,44.4928427752445
Aviceda madagascariensis,1221,1,56.8711675529887
Aviceda madagascariensis,1244,1,587.522437766301
Aviceda madagascariensis,1300,1,20.7455502793244
Aviceda madagascariensis,1301,1,234.81411045919
Aviceda madagascariensis,1306,1,72.7284184850583
Aviceda madagascariensis,1309,1,57.1920356452289
Aviceda madagascariensis,1367,1,27.2715936270507
Aviceda madagascariensis,1368,1,29.4123165165292
Aviceda madagascariensis,1369,1,29.3885406549345
Aviceda madagascariensis,1370,1,20.6592519148769
Aviceda madagascariensis,1371,1,19.9515621485635
Aviceda madagascariensis,1374,1,372.086339187632
Aviceda madagascariensis,1382,1,47.8541654373711
Aviceda madagascariensis,1401,1,18.5469218373579
Aviceda madagascariensis,1403,1,16.4163595908247
Aviceda madagascariensis,1404,1,14.8692397176668
Aviceda madagascariensis,1405,1,26.0164300679771
Aviceda madagascariensis,1406,1,20.6443376237523
Aviceda madagascariensis,1407,1,14.2635312602702
Aviceda madagascariensis,1410,1,33.0953660842072
Aviceda madagascariensis,1412,1,29.7723925005817
Aviceda madagascariensis,1421,1,67.5307001400677
Aviceda madagascariensis,1424,1,47.3336670441899
Aviceda madagascariensis,1425,1,15.2341434265082
Aviceda madagascariensis,1427,1,65.1599201313749
Aviceda madagascariensis,1433,1,11.8039994628603
Aviceda madagascariensis,1434,1,26.8481144580816
Aviceda madagascariensis,1437,1,19.9889174229442
Aviceda madagascariensis,1438,1,59.6265020383747
Aviceda madagascariensis,1439,1,23.6377044755612
Aviceda madagascariensis,1440,1,110.070037848945
Bernieria madagascariensis,5785,95,21.2443070814972
Bernieria madagascariensis,2266,83,0.275667671454787
Bernieria madagascariensis,2282,83,1.92954817861235
Bernieria madagascariensis,2385,83,0.275591552190423
Bernieria madagascariensis,2404,83,0.367434207116008
Bernieria madagascariensis,2423,83,33.8991079803611
Bernieria madagascariensis,21628,83,0.367500048400104
Bernieria madagascariensis,379,86,0.370271373195231
Bernieria madagascariensis,380,86,0.462834125284791
Bernieria madagascariensis,384,86,43.0377824654073
Bernieria madagascariensis,400,86,1.48074673073471
Bernieria madagascariensis,401,86,1.66577102635694
Bernieria madagascariensis,405,86,0.277623898765862
Bernieria madagascariensis,408,86,0.277610584835947
Bernieria madagascariensis,435,86,1.38815019469857
Bernieria madagascariensis,199,104,0.463597745714188
Bernieria madagascariensis,238,104,43.2038186617044
Bernieria madagascariensis,127,32,0.55664420881176
Bernieria madagascariensis,131,32,0.371099061261296
Bernieria madagascariensis,134,32,0.556625695955813
Bernieria madagascariensis,145,32,0.463806772104442
Bernieria madagascariensis,151,32,0.27827526928854
Bernieria madagascariensis,153,32,0.463781360735595
Bernieria madagascariensis,165,32,0.278243954662919
Bernieria madagascariensis,179,32,0.27820176096195
Bernieria madagascariensis,182,32,0.64914825101471
Bernieria madagascariensis,189,32,130.021860527528
Bernieria madagascariensis,193,32,6.4908973798604
Bernieria madagascariensis,198,32,8.4370977335708
Bernieria madagascariensis,21658,32,56.8711675529887
Bernieria madagascariensis,249,105,43.2675847418705
Bernieria madagascariensis,8883,23,38.0240908844043
Bernieria madagascariensis,8957,23,3.07696966736627
Bernieria madagascariensis,8966,23,0.723997986286044
Bernieria madagascariensis,9016,23,0.361958205401897
Bernieria madagascariensis,21816,23,0.452763459861636
Bernieria madagascariensis,12348,112,116.814153604483
Bernieria madagascariensis,21905,113,78.5054384879867
Bernieria madagascariensis,21341,110,2.33597082442749
Bernieria madagascariensis,21410,110,0.777178853789091
Bernieria madagascariensis,21779,110,0.604549703200817
Bernieria madagascariensis,21894,110,57.1920356452289
Bernieria madagascariensis,21931,110,27.2715936270507
Bernieria madagascariensis,21932,110,29.4123165165292
Bernieria madagascariensis,21933,110,29.3885406549345
Bernieria madagascariensis,21934,110,20.6592519148769
Bernieria madagascariensis,21935,110,19.9515621485635
Bernieria madagascariensis,11606,111,36.331879859746
Bernieria madagascariensis,12100,111,0.449603298739433
Bernieria madagascariensis,12101,111,0.359686745625973
Bernieria madagascariensis,21900,111,6.47518067736232
Bernieria madagascariensis,21902,111,0.449634089967847
Bernieria madagascariensis,16584,7,79.3489481062419
Bernieria madagascariensis,21951,7,8.19087994073701
Bernieria madagascariensis,4278,96,36.3372512144693
Bernieria madagascariensis,21675,96,5.86001237088037
Bernieria madagascariensis,21686,96,30.5684495112349
Bernieria madagascariensis,4316,99,16.3740665150672
Bernieria madagascariensis,4471,99,19.2038282113973
Bernieria madagascariensis,4567,99,1.91988596975887
Bernieria madagascariensis,4568,99,4.2053427026192
Bernieria madagascariensis,4625,99,22.2892814174211
Bernieria madagascariensis,4629,99,5.85033975470352
Bernieria madagascariensis,4634,99,24.6792146248873
Bernieria madagascariensis,4661,99,2.65062070312488
Bernieria madagascariensis,4682,99,0.274192454328179
Bernieria madagascariensis,4694,99,1.18809712456667
Bernieria madagascariensis,4719,99,5.0262264291631
Bernieria madagascariensis,4790,99,8.49783825707888
Bernieria madagascariensis,4839,99,0.274089461484194
Bernieria madagascariensis,4883,99,10.9639024804161
Bernieria madagascariensis,4884,99,4.567756926453
Bernieria madagascariensis,5393,99,0.365034251434088
Bernieria madagascariensis,5434,99,489.716094826252
Bernieria madagascariensis,5467,99,0.547426328327894
Bernieria madagascariensis,5473,99,0.364942030489683
Bernieria madagascariensis,5481,99,0.456175956650972
Bernieria madagascariensis,21478,99,2.19383277368414
Bernieria madagascariensis,21479,99,37.6497033879563
Bernieria madagascariensis,21648,99,16.5402429724604
Bernieria madagascariensis,21803,99,0.456749789226413
Bernieria madagascariensis,21804,99,180.203304764409
Bernieria madagascariensis,877,107,175.204558120961
Bernieria madagascariensis,1248,107,38.9884159684163
Bernieria madagascariensis,2049,107,0.643524707942724
Bernieria madagascariensis,2102,107,0.459616383672059
Bernieria madagascariensis,2124,107,0.643432019172192
Bernieria madagascariensis,2132,107,0.275752651619673
Bernieria madagascariensis,2154,107,0.367655302864194
Bernieria madagascariensis,2175,107,1.56243208603442
Bernieria madagascariensis,2176,107,0.275729722221732
Bernieria madagascariensis,2199,107,0.275717098941624
Bernieria madagascariensis,2215,107,0.275709061498523
Bernieria madagascariensis,2219,107,0.459508593737543
Bernieria madagascariensis,2226,107,0.45949710468936
Bernieria madagascariensis,2227,107,1.1946710927344
Bernieria madagascariensis,2244,107,53.7688087064452
Bernieria madagascariensis,2248,107,3.21620605602419
Bernieria madagascariensis,2249,107,0.551364106284499
Bernieria madagascariensis,2256,107,1.10266377710527
Bernieria madagascariensis,2265,107,0.367564567481756
Bernieria madagascariensis,2275,107,0.551319225258708
Bernieria madagascariensis,2287,107,1.10259928914046
Bernieria madagascariensis,2293,107,2.02137478975803
Bernieria madagascariensis,2294,107,0.826945434479237
Bernieria madagascariensis,2302,107,0.643170052255213
Bernieria madagascariensis,2311,107,1.65382056523675
Bernieria madagascariensis,2332,107,0.826825480994821
Bernieria madagascariensis,2359,107,0.459349671094894
Bernieria madagascariensis,2383,107,0.367459639964223
Bernieria madagascariensis,2398,107,0.275586929093957
Bernieria madagascariensis,2402,107,1.46972063059181
Bernieria madagascariensis,2403,107,0.275577679304183
Bernieria madagascariensis,2492,107,0.367363554798603
Bernieria madagascariensis,2517,107,58.6780858784226
Bernieria madagascariensis,2597,107,432.708220309259
Bernieria madagascariensis,2638,107,0.275443051051259
Bernieria madagascariensis,7283,107,15251.979542863
Bernieria madagascariensis,21474,107,179.54495541553
Bernieria madagascariensis,21942,107,77.4065442805075
Bernieria madagascariensis,21959,107,47.8541654373711
Bernieria madagascariensis,21971,107,54.2551765402825
Bernieria madagascariensis,21972,107,587.522437766301
Bernieria madagascariensis,21973,107,257.987775640312
Bernieria madagascariensis,13800,114,27.5139015001006
Bernieria madagascariensis,13861,114,41.0293049223326
Bernieria madagascariensis,13893,114,0.985282145026565
Bernieria madagascariensis,13946,114,42.1715901547037
Bernieria madagascariensis,13975,114,3.3134309653126
Bernieria madagascariensis,14087,114,2.32767118465054
Bernieria madagascariensis,14484,114,244.013808503537
Bernieria madagascariensis,21920,114,17.1081231937802
Bernieria madagascariensis,21974,114,21.8681192179429
Bernieria madagascariensis,10363,66,0.812480411258936
Bernieria madagascariensis,11295,66,158.705818376245
Bernieria madagascariensis,11555,66,70.171205546759
Bernieria madagascariensis,11865,66,2.87876883525968
Bernieria madagascariensis,11870,66,0.899620833965421
Bernieria madagascariensis,11912,66,0.269868277515173
Bernieria madagascariensis,12631,66,176.465112044449
Bernieria madagascariensis,15995,66,170.785426053188
Bernieria madagascariensis,16158,66,224.299706164179
Bernieria madagascariensis,17026,66,465.807169794926
Bernieria madagascariensis,17988,66,0.62064821295929
Bernieria madagascariensis,18002,66,0.265972006814122
Bernieria madagascariensis,18021,66,0.709200345668078
Bernieria madagascariensis,20458,66,4568.53645333932
Bernieria madagascariensis,21437,66,1320.72290065696
Bernieria madagascariensis,21746,66,38.3946948622806
Bernieria madagascariensis,21754,66,1.35457540027201
Bernieria madagascariensis,21885,66,20.7455502793244
Bernieria madagascariensis,21886,66,234.81411045919
Bernieria madagascariensis,21891,66,72.7284184850583
Bernieria madagascariensis,21953,66,122.701643372855
Bernieria madagascariensis,21957,66,1633.8566839868
Bernieria madagascariensis,21986,66,45.4757890931116
Bernieria madagascariensis,21995,66,56.9706430520978
Bernieria madagascariensis,21996,66,1264.80094030401
Bernieria madagascariensis,22005,66,38.4612961439313
Bernieria madagascariensis,22007,66,23.6377044755612
Bernieria madagascariensis,22008,66,110.070037848945
Bernieria madagascariensis,22012,66,29.7723925005817
Bernieria madagascariensis,22017,66,2.70596556277776
Bernieria madagascariensis,22020,66,0.360754872067451
Bernieria madagascariensis,22021,66,67.5307001400677
Bernieria madagascariensis,22024,66,47.3336670441899
Bernieria madagascariensis,22025,66,15.2341434265082
Bernieria madagascariensis,22026,66,3.15564838214624
Bernieria madagascariensis,22027,66,65.1599201313749
Bernieria madagascariensis,22028,66,3.15489428832662
Bernieria madagascariensis,22033,66,11.8039994628603
Bernieria madagascariensis,22034,66,26.8481144580816
Bernieria madagascariensis,22036,66,2.34215426115477
Bernieria madagascariensis,22037,66,19.9889174229442
Bernieria madagascariensis,22038,66,14.2635312602702
Bernieria madagascariensis,22039,66,33.0953660842072
Bernieria madagascariensis,21999,116,16.4163595908247
Bernieria madagascariensis,22000,116,14.8692397176668
Bernieria madagascariensis,22001,116,26.0164300679771
Bernieria madagascariensis,22002,116,308.475605014956
Bernieria madagascariensis,22003,116,20.6443376237523
Bernieria madagascariensis,22004,117,185.208699387767
Bernieria madagascariensis,21943,115,132.962781072095
Bernieria madagascariensis,22010,115,0.453956211002231
Bernieria madagascariensis,22009,118,18.5469218373579
Brachypteracias leptosomus,760,2,29.4123165165292
Brachypteracias leptosomus,788,2,27.2715936270507
Brachypteracias leptosomus,789,2,29.3885406549345
Brachypteracias leptosomus,790,2,20.6592519148769
Brachypteracias leptosomus,11,1,29.966803009745
Brachypteracias leptosomus,31,1,2.84166779078096
Brachypteracias leptosomus,33,1,33.9094715795124
Brachypteracias leptosomus,36,1,7.4203096835655
Brachypteracias leptosomus,46,1,5.30132175810611
Brachypteracias leptosomus,55,1,10.7691495265471
Brachypteracias leptosomus,57,1,18.7867803754567
Brachypteracias leptosomus,63,1,3.19109242600811
Brachypteracias leptosomus,64,1,3.82909888804102
Brachypteracias leptosomus,65,1,21.7001741978295
Brachypteracias leptosomus,68,1,8.02199676955664
Brachypteracias leptosomus,70,1,3.09900984286463
Brachypteracias leptosomus,73,1,4.64662316187906
Brachypteracias leptosomus,77,1,18.3080449645846
Brachypteracias leptosomus,78,1,25.0430807721813
Brachypteracias leptosomus,83,1,2.00140982373178
Brachypteracias leptosomus,91,1,10672.7169382081
Brachypteracias leptosomus,791,1,74.313995003305
Brachypteracias leptosomus,805,1,3.86624550171858
Brachypteracias leptosomus,807,1,23.008761517931
Brachypteracias leptosomus,808,1,164.181805770168
Brachypteracias leptosomus,809,1,29.9665759035923
Brachypteracias leptosomus,810,1,19.032073464206
Brachypteracias leptosomus,811,1,29.9512227598074
Brachypteracias leptosomus,174,3,94.5483809044096
Brachypteracias leptosomus,175,3,11.1771037265234
Brachypteracias leptosomus,181,3,7.38669548398626
Brachypteracias leptosomus,200,3,70.171205546759
Brachypteracias leptosomus,202,3,8.37095305300963
Brachypteracias leptosomus,224,3,2.69846636686766
Brachypteracias leptosomus,229,3,2.24909224567234
Brachypteracias leptosomus,230,3,2.87876883525968
Brachypteracias leptosomus,234,3,4.58734981390798
Brachypteracias leptosomus,265,3,465.807169794926
Brachypteracias leptosomus,274,3,33.404609637262
Brachypteracias leptosomus,275,3,176.465112044449
Brachypteracias leptosomus,293,3,8.61674749869728
Brachypteracias leptosomus,367,3,3.4040187478323
Brachypteracias leptosomus,398,3,22.2979204287458
Brachypteracias leptosomus,456,3,10.3650947225828
Brachypteracias leptosomus,513,3,170.785426053188
Brachypteracias leptosomus,523,3,224.299706164179
Brachypteracias leptosomus,575,3,883.429319412168
Brachypteracias leptosomus,718,3,4238.65712908704
Brachypteracias leptosomus,756,3,1086.05737919018
Brachypteracias leptosomus,766,3,170.690736393258
Brachypteracias leptosomus,767,3,269.895594699449
Brachypteracias leptosomus,780,3,234.726847250796
Brachypteracias leptosomus,784,3,72.6415490388816
Brachypteracias leptosomus,787,3,75.1047678047994
Brachypteracias leptosomus,798,3,73.9355969624028
Brachypteracias leptosomus,799,3,67.5307001400677
Brachypteracias leptosomus,800,3,19.9889174229442
Brachypteracias leptosomus,804,3,26.3917366286495
Brachypteracias leptosomus,820,3,45.4757890931116
Brachypteracias leptosomus,823,3,272.606237981478
Brachypteracias leptosomus,824,3,15.09075207817
Brachypteracias leptosomus,825,3,2.58870931440878
Brachypteracias leptosomus,826,3,258.173103394952
Brachypteracias leptosomus,828,3,3.12196956157851
Brachypteracias leptosomus,830,3,87.6814921072043
Brachypteracias leptosomus,831,3,5.62048870518661
Brachypteracias leptosomus,832,3,26.0164300679771
Brachypteracias leptosomus,833,3,236.359902040119
Brachypteracias leptosomus,834,3,2.35459958157885
Brachypteracias leptosomus,835,3,15.211670940587
Brachypteracias leptosomus,836,3,185.208699387767
Brachypteracias leptosomus,837,3,23.6377044755612
Brachypteracias leptosomus,838,3,110.070037848945
Brachypteracias leptosomus,839,3,2.70596556277776
Brachypteracias leptosomus,845,3,6.67190853853011
Brachypteracias leptosomus,846,3,2.43376534148085
Brachypteracias leptosomus,851,3,11.8039994628603
Brachypteracias leptosomus,853,3,2.34215426115477
Brachypteracias leptosomus,854,3,14.2635312602702
Brachytarsomys albicauda,4,1,29.0069159967293
Brachytarsomys albicauda,9,1,0.646613986480057
Brachytarsomys albicauda,11,3,16.7109386026331
Brachytarsomys albicauda,16,4,22.2456499345838
Brachytarsomys albicauda,18,5,21.0323881548508
Brachytarsomys albicauda,21,6,20.4518112567714
Brachytarsomys albicauda,23,7,40.2587459644453
Brachytarsomys albicauda,24,8,30.1057095869771
Brachytarsomys albicauda,34,10,26.1977896327092
Brachytarsomys albicauda,57,14,31.6555057569177
Brachytarsomys albicauda,58,15,90.0402911053434
Brachytarsomys albicauda,60,16,25.7528153259714
Brachytarsomys albicauda,61,15,181.848886800249
Brachytarsomys albicauda,62,16,0.0916520090399981
Brachytarsomys albicauda,63,17,12.0800389464626
Brachytarsomys albicauda,99,22,28.6147550266778
Brachytarsomys albicauda,146,29,29.3962875975902
Brachytarsomys albicauda,245,40,8.17787618780792
Brachytarsomys albicauda,246,41,67.2551123067751
Brachytarsomys albicauda,265,43,12.1608735246027
Brachytarsomys albicauda,266,43,1.15387874647725
Brachytarsomys albicauda,267,44,29.6094616040561
Brachytarsomys albicauda,268,45,29.6010467651863
Brachytarsomys albicauda,270,46,1.23179382994485
Brachytarsomys albicauda,271,46,102.985823825196
Brachytarsomys albicauda,272,47,16.2846855770854
Brachytarsomys albicauda,275,48,0.874369558251738
Brachytarsomys albicauda,276,48,16.7850487980654
Brachytarsomys albicauda,70,19,28.7352753755711
Brachytarsomys albicauda,293,19,28.1809853154598
Brachytarsomys albicauda,150,32,8.37095305300963
Brachytarsomys albicauda,131,26,13.8589490595466
Brachytarsomys albicauda,140,27,5.43266668316532
Brachytarsomys albicauda,148,31,19.4649202716011
Brachyuromys betsileoensis,381,22,36.1308260893962
Brachyuromys betsileoensis,471,25,27.3374724883207
Brachyuromys betsileoensis,472,25,0.0920546381841302
Brachyuromys betsileoensis,474,25,0.0920535179437995
Brachyuromys betsileoensis,484,25,29.9084594166067
Brachyuromys betsileoensis,614,29,11.846654665254
Brachyuromys betsileoensis,2670,96,13.8900112845451
Brachyuromys betsileoensis,2806,100,25.0456240645473
Brachyuromys betsileoensis,2753,135,7.37843342656613
Brachyuromys betsileoensis,452,161,4.05232580194205
Brachyuromys betsileoensis,1962,159,47.2535337259584
Brachyuromys betsileoensis,3087,193,38.5754106344105
Brachyuromys betsileoensis,3097,193,1.35457540027201
Brachyuromys betsileoensis,207,9,175.204558120961
Brachyuromys betsileoensis,586,28,1.10266377710527
Brachyuromys betsileoensis,587,28,0.183781132994473
Brachyuromys betsileoensis,588,28,2.02137478975803
Brachyuromys betsileoensis,589,28,0.826945434479237
Brachyuromys betsileoensis,597,28,0.367459639964223
Brachyuromys betsileoensis,600,28,0.183724619395971
Brachyuromys betsileoensis,601,28,0.275586929093957
Brachyuromys betsileoensis,603,28,1.46972063059181
Brachyuromys betsileoensis,604,28,0.275577679304183
Brachyuromys betsileoensis,623,28,388.054756878742
Brachyuromys betsileoensis,766,158,19.3826589895583
Brachyuromys betsileoensis,640,32,54.2551765402825
Brachyuromys betsileoensis,3150,32,26.8593180791332
Brachyuromys betsileoensis,3121,200,29.8631255431825
Brachyuromys betsileoensis,829,40,1.73194615611374
Brachyuromys betsileoensis,837,40,3.09900984286463
Brachyuromys betsileoensis,841,40,0.729165010962606
Brachyuromys betsileoensis,842,40,0.638013784430742
Brachyuromys betsileoensis,876,40,336.248902944647
Brachyuromys betsileoensis,856,201,13.8476284396513
Brachyuromys betsileoensis,864,201,0.546583886730909
Brachyuromys betsileoensis,3133,201,48.104202637447
Brachyuromys betsileoensis,2666,95,0.178273059561968
Brachyuromys betsileoensis,2667,95,202.142114990154
Brachyuromys betsileoensis,2681,95,0.0890099780989885
Brachyuromys betsileoensis,2685,95,101.493434232077
Brachyuromys betsileoensis,2687,202,0.622952094381452
Brachyuromys betsileoensis,2700,202,17.6148474852084
Brachyuromys betsileoensis,308,122,0.6456592656492
Brachyuromys betsileoensis,368,122,30.0529589056564
Brachyuromys betsileoensis,426,122,6.63162645038044
Brachyuromys betsileoensis,448,122,1.74986507844758
Brachyuromys betsileoensis,449,122,127.76904636948
Brachyuromys betsileoensis,458,122,29.7439079649721
Brachyuromys betsileoensis,468,122,29.6453323973265
Brachyuromys betsileoensis,483,122,29.8164373522979
Brachyuromys betsileoensis,526,122,1440.02384840709
Brachyuromys betsileoensis,539,122,18.8525092663892
Brachyuromys betsileoensis,3148,122,327.284062278683
Brachyuromys betsileoensis,2752,152,2.04474435632134
Brachyuromys betsileoensis,2802,152,301.161302240832
Brachyuromys betsileoensis,3153,152,122.305888085725
Brachyuromys betsileoensis,1528,203,0.812480411258936
Brachyuromys betsileoensis,3088,203,39.454504154756
Brachyuromys betsileoensis,1323,171,29.8980939372299
Brachyuromys betsileoensis,3085,204,13.8589490595466
Brachyuromys betsileoensis,1352,189,59.6970324836982
Brachyuromys betsileoensis,1807,192,0.179958904524803
Brachyuromys betsileoensis,1824,192,2.87876883525968
Brachyuromys betsileoensis,1826,192,0.899620833965421
Brachyuromys betsileoensis,1846,192,0.269868277515173
Brachyuromys betsileoensis,3139,192,56.9706430520978
Brachyuromys betsileoensis,3180,192,33.0953660842072
Brachyuromys betsileoensis,1957,199,122.701643372855
Brachyuromys betsileoensis,3154,199,0.090232888949275
Brachyuromys betsileoensis,3155,199,0.0902314672112465
Brachyuromys betsileoensis,3156,199,0.0902300452649593
Brachyuromys betsileoensis,3157,199,0.0902286231096983
Brachyuromys betsileoensis,3167,199,15.2341434265082
Brachyuromys betsileoensis,3162,205,0.360754872067451
Brachyuromys betsileoensis,3163,205,67.5307001400677
Brachyuromys betsileoensis,3164,205,0.0901872898641825
Brachyuromys betsileoensis,3166,206,47.3336670441899
Brachyuromys betsileoensis,3169,207,65.1599201313749
Brachyuromys betsileoensis,3170,208,3.15489428832662
Brachyuromys betsileoensis,3173,208,0.0901342996907234
Brachyuromys betsileoensis,3174,208,0.0901328635622263
Brachyuromys betsileoensis,3175,209,11.8039994628603
Brachyuromys betsileoensis,3177,209,0.0900983339461088
Brachyuromys betsileoensis,3176,210,26.8481144580816
Brachyuromys betsileoensis,3179,211,19.9889174229442
Bradypterus brunneus,1,1,26.7219759851342
Bradypterus brunneus,2,1,28.8450665179956
Bradypterus brunneus,5,3,20.138749453242
Bradypterus brunneus,9,3,108.135278602271
Bradypterus brunneus,10,3,29.0015402895183
Bradypterus brunneus,22,5,27.3332108829928
Bradypterus brunneus,179,11,30.0604823682028
Bradypterus brunneus,244,14,53.8574427822496
Bradypterus brunneus,251,14,10.6968829958979
Bradypterus brunneus,252,14,0.639903980595112
Bradypterus brunneus,253,14,19.8342738737461
Bradypterus brunneus,256,14,27.8649948113812
Bradypterus brunneus,165,10,28.1621968134122
Bradypterus brunneus,170,10,17.2426080660371
Bradypterus brunneus,173,10,22.7394839783911
Bradypterus brunneus,1102,33,7.47719265585076
Bradypterus brunneus,1103,33,0.801105702370286
Bradypterus brunneus,1105,33,3.47081632072496
Bradypterus brunneus,1119,33,31.1364195545411
Bradypterus brunneus,1129,33,4.09114334311438
Bradypterus brunneus,1133,33,0.355704842121363
Bradypterus brunneus,1144,33,7.37843342656613
Bradypterus brunneus,1029,48,3.03774835122001
Bradypterus brunneus,1049,48,13.3014223450974
Bradypterus brunneus,1050,45,14.8226996180064
Bradypterus brunneus,1052,48,39.3759664700519
Bradypterus brunneus,1085,32,19.6901923251381
Bradypterus brunneus,1091,32,15.9430514692196
Bradypterus brunneus,1092,32,64.9231399137663
Bradypterus brunneus,57,6,248.890133977388
Bradypterus brunneus,62,6,60.1378843138808
Bradypterus brunneus,64,6,29.6046676179308
Bradypterus brunneus,65,6,30.0593642453539
Bradypterus brunneus,72,53,6.17668561983395
Bradypterus brunneus,93,53,4.23939400596285
Bradypterus brunneus,95,53,172.201468025062
Bradypterus brunneus,96,53,0.184316887481749
Bradypterus brunneus,1322,34,176.996799985702
Bradypterus brunneus,1326,34,0.788521377318382
Bradypterus brunneus,1328,34,0.700833316723585
Bradypterus brunneus,1331,34,35.8229573959674
Bradypterus brunneus,1332,34,60.9732131571158
Bradypterus brunneus,1334,34,4.55334596369445
Bradypterus brunneus,1335,34,9.10585069831289
Bradypterus brunneus,1339,34,26.1744864707682
Bradypterus brunneus,1345,34,2.45062763333797
Bradypterus brunneus,1353,34,2.1877135892266
Bradypterus brunneus,1355,34,91.0198586603931
Bradypterus brunneus,1371,34,51.3153082283476
Bradypterus brunneus,1378,34,262.421287345123
Bradypterus brunneus,1387,34,93.0003816070213
Bradypterus brunneus,1390,34,19.480796219598
Bradypterus brunneus,1400,34,5.06426714183665
Bradypterus brunneus,1401,34,0.436542653828383
Bradypterus brunneus,1403,34,1.74557379700351
Bradypterus brunneus,1426,34,425.65132201624
Bradypterus brunneus,1434,34,20.3631355255323
Bradypterus brunneus,205,13,25.8267574798982
Bradypterus brunneus,222,50,12.0800389464626
Bradypterus brunneus,259,16,58.7551913842613
Bradypterus brunneus,1441,16,46.05220585273
Bradypterus brunneus,142,8,212.338169010773
Bradypterus brunneus,162,8,1.37619193792653
Bradypterus brunneus,164,8,7.33995854315436
Bradypterus brunneus,166,8,25.685174599181
Bradypterus brunneus,169,8,29.7146705407355
Bradypterus brunneus,180,12,0.366630708439112
Bradypterus brunneus,184,12,13.0139317565306
Bradypterus brunneus,199,12,6.50515091839236
Bradypterus brunneus,148,9,63.0357521910371
Bradypterus brunneus,168,9,59.881004972218
Bradypterus brunneus,176,9,378.741199514382
Bradypterus brunneus,1444,9,26.8593180791332
Bradypterus brunneus,258,15,117.341436415889
Bradypterus brunneus,1445,15,29.6326150629162
Bradypterus brunneus,1447,56,23.6377044755612
Bradypterus brunneus,1196,49,1.06592025210488
Bradypterus brunneus,1209,49,29.9258769405396
Bradypterus brunneus,1240,49,162.179867530311
Bradypterus brunneus,1245,49,0.620648212959528
Bradypterus brunneus,1246,49,0.265972006814122
Bradypterus brunneus,1249,49,0.709200345668078
Bradypterus brunneus,1270,49,472.781214186418
Bradypterus brunneus,1279,49,0.264975197407126
Bradypterus brunneus,1280,49,1.94269399182034
Bradypterus brunneus,1281,49,1.32446653053212
Bradypterus brunneus,1282,49,15.5382180053514
Bradypterus brunneus,1285,49,56.6499414624426
Bradypterus brunneus,1287,49,0.264525155402303
Bradypterus brunneus,1288,49,12.9602999331232
Bradypterus brunneus,1292,49,1.85141498457396
Bradypterus brunneus,1300,49,0.352587115600109
Bradypterus brunneus,1303,49,1.05747752482116
Bradypterus brunneus,1310,49,0.264157514937997
Bradypterus brunneus,1311,49,4.31124233271003
Bradypterus brunneus,1313,49,821.232684375466
Bradypterus brunneus,471,57,13.6609346118332
Bradypterus brunneus,263,52,74.2701533404583
Bradypterus brunneus,268,52,145.093060528851
Bradypterus brunneus,86,54,29.677842472172
Bradypterus brunneus,100,54,97.1177360994822
Bradypterus brunneus,105,54,318.261220355178
Bradypterus brunneus,106,54,0.460479690076709
Bradypterus brunneus,107,54,0.276287814046025
Bradypterus brunneus,109,54,19.1535753317625
Bradypterus brunneus,114,54,352.715479387311
Bradypterus brunneus,115,54,221.295974344572
Bradypterus brunneus,117,54,27.2149957774931
Bradypterus brunneus,118,54,27.1236302449286
Bradypterus brunneus,119,54,89.9855666221485
Bradypterus brunneus,121,54,321.254885260185
Bradypterus brunneus,171,54,67.6070215044708
Bradypterus brunneus,1442,54,4.41786551827597
Bradypterus brunneus,1443,54,0.46018793798399
Bradypterus brunneus,274,17,178.309604178099
Bradypterus brunneus,275,17,2.35459958157456
Bradypterus brunneus,280,17,15.211670940587
Bradypterus brunneus,283,58,180.23293474964
Bradypterus brunneus,287,19,0.812480411258936
Bradypterus brunneus,288,19,73.433436891347
Bradypterus brunneus,1448,19,16.6994855698657
Bradypterus brunneus,1449,19,1.17365293457222
Bradypterus brunneus,291,20,8.11255338115394
Bradypterus brunneus,345,20,65.1599201313749
Bradypterus brunneus,1451,20,29.7723925005817
Bradypterus brunneus,1452,20,21.7369523021773
Bradypterus brunneus,294,21,78.84209399512
Bradypterus brunneus,352,51,27.8130682208779
Bradypterus brunneus,416,51,54.3409758741943
Buteo brachypterus,300,2,38.2051651932399
Buteo brachypterus,345,2,36.331879859746
Buteo brachypterus,365,2,130.568218715013
Buteo brachypterus,379,2,57.9536162531174
Buteo brachypterus,404,2,89.7882265229853
Buteo brachypterus,413,2,466.568559868034
Buteo brachypterus,488,2,35.9142155788532
Buteo brachypterus,519,2,16.1215402504437
Buteo brachypterus,571,2,465.829087378078
Buteo brachypterus,794,2,435.931164999176
Buteo brachypterus,804,2,46.5723968884147
Buteo brachypterus,1115,2,171.071344628696
Buteo brachypterus,1323,2,17.8876522784661
Buteo brachypterus,1369,2,45.1360753508905
Buteo brachypterus,1416,2,35.8509582239029
Buteo brachypterus,1475,2,47.9151920474066
Buteo brachypterus,1489,2,138.804967227073
Buteo brachypterus,1514,2,35.7097522353754
Buteo brachypterus,1519,2,13.3829553466861
Buteo brachypterus,1524,2,58.9907033186641
Buteo brachypterus,1578,2,36.3826787541578
Buteo brachypterus,1617,2,31.4692072683324
Buteo brachypterus,1707,2,23.0620316261801
Buteo brachypterus,1935,2,78.5054384879867
Buteo brachypterus,1961,2,15.4450147414067
Buteo brachypterus,1978,2,17.1081231937802
Buteo brachypterus,2012,2,23.5087072345356
Buteo brachypterus,2014,2,17.5870851484947
Buteo brachypterus,2054,2,27.5139015001006
Buteo brachypterus,7,1,130.021860527528
Buteo brachypterus,10,1,43.2038186617044
Buteo brachypterus,15,1,43.4528749465152
Buteo brachypterus,21,1,43.0377824654073
Buteo brachypterus,48,1,175.204558120961
Buteo brachypterus,67,1,38.9884159684202
Buteo brachypterus,83,1,33.8991079803611
Buteo brachypterus,85,1,58.6780858784226
Buteo brachypterus,88,1,432.800073364722
Buteo brachypterus,133,1,36.3372512144693
Buteo brachypterus,146,1,19.2038282113973
Buteo brachypterus,151,1,24.6792146248873
Buteo brachypterus,239,1,689.540906120272
Buteo brachypterus,262,1,15289.4345262913
Buteo brachypterus,333,1,158.705818376245
Buteo brachypterus,338,1,70.1712055467508
Buteo brachypterus,348,1,176.465112044449
Buteo brachypterus,426,1,170.785426053188
Buteo brachypterus,432,1,224.299706164179
Buteo brachypterus,452,1,465.807169794926
Buteo brachypterus,535,1,4570.03643218598
Buteo brachypterus,574,1,1320.8099663434
Buteo brachypterus,677,1,16.3740665150672
Buteo brachypterus,1209,1,53.7688087064452
Buteo brachypterus,1213,1,16.4635599028283
Buteo brachypterus,1219,1,18.1098317564155
Buteo brachypterus,1220,1,66.8868642792623
Buteo brachypterus,1296,1,179.54495541553
Buteo brachypterus,1337,1,66.489778000425
Buteo brachypterus,1371,1,44.4928427752445
Buteo brachypterus,1751,1,16.5402429724604
Buteo brachypterus,1761,1,56.8711675529887
Buteo brachypterus,1773,1,30.5684495112349
Buteo brachypterus,1830,1,38.3946948622806
Buteo brachypterus,1921,1,20.7455502793244
Buteo brachypterus,1922,1,234.90144196146
Buteo brachypterus,1927,1,72.7284184850583
Buteo brachypterus,1930,1,57.1920356452289
Buteo brachypterus,1985,1,27.2715936270507
Buteo brachypterus,1986,1,29.4123165165292
Buteo brachypterus,1987,1,29.3885406549345
Buteo brachypterus,1988,1,20.6592519148769
Buteo brachypterus,1989,1,19.9515621485635
Buteo brachypterus,1992,1,77.4065442805075
Buteo brachypterus,1993,1,132.962781072095
Buteo brachypterus,2001,1,122.701643372855
Buteo brachypterus,2005,1,1633.94606656998
Buteo brachypterus,2015,1,47.8541654373711
Buteo brachypterus,2027,1,54.2551765402825
Buteo brachypterus,2028,1,587.522437766301
Buteo brachypterus,2029,1,258.078829041498
Buteo brachypterus,2039,1,45.4757890931116
Buteo brachypterus,2044,1,15.0956876044398
Buteo brachypterus,2060,1,56.9706430520978
Buteo brachypterus,2061,1,1264.80094030401
Buteo brachypterus,2064,1,16.4163595908247
Buteo brachypterus,2065,1,14.8692397176668
Buteo brachypterus,2066,1,26.0164300679771
Buteo brachypterus,2067,1,308.475605014956
Buteo brachypterus,2068,1,20.6443376237523
Buteo brachypterus,2069,1,185.208699387767
Buteo brachypterus,2070,1,38.8224120711257
Buteo brachypterus,2071,1,23.6377044755612
Buteo brachypterus,2072,1,110.070037848945
Buteo brachypterus,2073,1,18.5469218373579
Buteo brachypterus,2076,1,29.7723925005817
Buteo brachypterus,2085,1,67.6208545236654
Buteo brachypterus,2088,1,47.3336670441899
Buteo brachypterus,2089,1,15.2341434265082
Buteo brachypterus,2091,1,65.1599201313749
Buteo brachypterus,2097,1,26.8481144580816
Buteo brachypterus,2100,1,19.9889174229442
Buteo brachypterus,2101,1,14.2635312602702
Buteo brachypterus,2102,1,33.0953660842072
Calicalicus madagascariensis,2321,56,0.275667671454787
Calicalicus madagascariensis,2337,56,1.92954817861235
Calicalicus madagascariensis,2431,56,0.275591552190423
Calicalicus madagascariensis,2450,56,0.367434207116008
Calicalicus madagascariensis,2468,56,33.8991079803611
Calicalicus madagascariensis,22109,56,0.367500048400104
Calicalicus madagascariensis,407,106,0.370271373195231
Calicalicus madagascariensis,408,106,0.462834125284791
Calicalicus madagascariensis,412,106,43.0377824654073
Calicalicus madagascariensis,428,106,1.48074673073471
Calicalicus madagascariensis,430,106,1.66577102635694
Calicalicus madagascariensis,436,106,0.277623898765862
Calicalicus madagascariensis,439,106,0.277610584835947
Calicalicus madagascariensis,466,106,1.38815019469857
Calicalicus madagascariensis,212,129,0.463597745714188
Calicalicus madagascariensis,255,129,43.2038186617044
Calicalicus madagascariensis,135,47,0.55664420881176
Calicalicus madagascariensis,139,47,0.371099061261296
Calicalicus madagascariensis,142,47,0.556625695955813
Calicalicus madagascariensis,155,47,0.463806772104442
Calicalicus madagascariensis,162,47,0.27827526928854
Calicalicus madagascariensis,164,47,0.463781360735595
Calicalicus madagascariensis,178,47,0.278243954662919
Calicalicus madagascariensis,192,47,0.27820176096195
Calicalicus madagascariensis,195,47,0.64914825101471
Calicalicus madagascariensis,202,47,130.021860527528
Calicalicus madagascariensis,206,47,6.4908973798604
Calicalicus madagascariensis,211,47,8.4370977335708
Calicalicus madagascariensis,22141,47,56.8711675529887
Calicalicus madagascariensis,359,130,43.4528749465152
Calicalicus madagascariensis,8678,8,38.2051651932399
Calicalicus madagascariensis,8759,8,3.07696966736627
Calicalicus madagascariensis,8769,8,0.723997986286044
Calicalicus madagascariensis,8823,8,0.361958205401897
Calicalicus madagascariensis,22298,8,0.452763459861636
Calicalicus madagascariensis,12424,137,130.568218715013
Calicalicus madagascariensis,22393,138,78.5054384879867
Calicalicus madagascariensis,21836,135,2.33597082442749
Calicalicus madagascariensis,22383,135,57.1920356452289
Calicalicus madagascariensis,21905,140,0.777178853789091
Calicalicus madagascariensis,22261,140,0.604549703200817
Calicalicus madagascariensis,22427,140,27.2715936270507
Calicalicus madagascariensis,22428,140,29.4123165165292
Calicalicus madagascariensis,22429,140,29.3885406549345
Calicalicus madagascariensis,22430,140,20.6592519148769
Calicalicus madagascariensis,22431,140,19.9515621485635
Calicalicus madagascariensis,11522,136,36.331879859746
Calicalicus madagascariensis,12033,136,0.449603298739433
Calicalicus madagascariensis,12034,136,0.359686745625973
Calicalicus madagascariensis,22389,136,6.47518067736232
Calicalicus madagascariensis,22391,136,0.449634089967847
Calicalicus madagascariensis,18911,13,18.4464234338474
Calicalicus madagascariensis,19263,13,0.970314285975814
Calicalicus madagascariensis,15189,141,29.8432117734118
Calicalicus madagascariensis,22419,141,4.82436848453331
Calicalicus madagascariensis,16767,76,113.938970266905
Calicalicus madagascariensis,22448,76,8.19087994073701
Calicalicus madagascariensis,13875,82,27.5139015001006
Calicalicus madagascariensis,13937,82,41.0293049223326
Calicalicus madagascariensis,13967,82,2.32886922907722
Calicalicus madagascariensis,14054,82,3.3134309653126
Calicalicus madagascariensis,14177,82,2.32767118465054
Calicalicus madagascariensis,14303,82,60.4348975659029
Calicalicus madagascariensis,14707,82,244.192708872817
Calicalicus madagascariensis,22413,82,17.1081231937802
Calicalicus madagascariensis,22471,82,21.8681192179429
Calicalicus madagascariensis,4180,123,36.3372512144693
Calicalicus madagascariensis,22158,123,5.86001237088037
Calicalicus madagascariensis,22169,123,30.5684495112349
Calicalicus madagascariensis,4216,124,16.3740665150672
Calicalicus madagascariensis,4360,124,19.2038282113973
Calicalicus madagascariensis,4453,124,1.91988596975875
Calicalicus madagascariensis,4454,124,4.2053427026192
Calicalicus madagascariensis,4494,124,22.2892814174211
Calicalicus madagascariensis,4567,124,0.639730784998775
Calicalicus madagascariensis,4605,124,1.46201426250422
Calicalicus madagascariensis,4650,124,2.64969806134474
Calicalicus madagascariensis,4686,124,0.274089461484194
Calicalicus madagascariensis,4732,124,7.03479595916414
Calicalicus madagascariensis,4733,124,4.567756926453
Calicalicus madagascariensis,5131,124,2.28180747323132
Calicalicus madagascariensis,5187,124,0.365034251434088
Calicalicus madagascariensis,5220,124,463.250495271562
Calicalicus madagascariensis,5238,124,0.547426328327894
Calicalicus madagascariensis,5242,124,0.364942030489683
Calicalicus madagascariensis,5246,124,0.456175956650972
Calicalicus madagascariensis,21980,124,2.19383277368414
Calicalicus madagascariensis,21981,124,30.6135540736676
Calicalicus madagascariensis,22131,124,14.9865047176591
Calicalicus madagascariensis,22285,124,0.456749789226413
Calicalicus madagascariensis,22286,124,173.722750508177
Calicalicus madagascariensis,928,131,175.204558120961
Calicalicus madagascariensis,1318,131,38.9884159684163
Calicalicus madagascariensis,2120,131,0.643524707942724
Calicalicus madagascariensis,2171,131,0.459616383672059
Calicalicus madagascariensis,2192,131,0.643432019172192
Calicalicus madagascariensis,2199,131,0.275752651619673
Calicalicus madagascariensis,2218,131,0.367655302864194
Calicalicus madagascariensis,2236,131,1.56243208603442
Calicalicus madagascariensis,2237,131,0.275729722221732
Calicalicus madagascariensis,2259,131,0.275717098941624
Calicalicus madagascariensis,2273,131,0.275709061498523
Calicalicus madagascariensis,2277,131,0.459508593737543
Calicalicus madagascariensis,2284,131,0.45949710468936
Calicalicus madagascariensis,2285,131,1.1946710927344
Calicalicus madagascariensis,2300,131,53.7688087064452
Calicalicus madagascariensis,2304,131,3.21620605602419
Calicalicus madagascariensis,2305,131,0.551364106284499
Calicalicus madagascariensis,2312,131,1.10266377710527
Calicalicus madagascariensis,2320,131,0.367564567481756
Calicalicus madagascariensis,2330,131,0.551319225258708
Calicalicus madagascariensis,2341,131,1.10259928914046
Calicalicus madagascariensis,2347,131,2.02137478975803
Calicalicus madagascariensis,2348,131,0.826945434479237
Calicalicus madagascariensis,2356,131,0.643170052255213
Calicalicus madagascariensis,2365,131,1.65382056523675
Calicalicus madagascariensis,2384,131,0.826825480994821
Calicalicus madagascariensis,2406,131,0.459349671094894
Calicalicus madagascariensis,2429,131,0.367459639964223
Calicalicus madagascariensis,2444,131,0.275586929093957
Calicalicus madagascariensis,2448,131,1.46972063059181
Calicalicus madagascariensis,2449,131,0.275577679304183
Calicalicus madagascariensis,2538,131,0.367363554798603
Calicalicus madagascariensis,2561,131,58.6780858784226
Calicalicus madagascariensis,2637,131,432.708220309259
Calicalicus madagascariensis,2678,131,0.275443051051259
Calicalicus madagascariensis,6959,131,15282.1048603128
Calicalicus madagascariensis,21975,131,179.54495541553
Calicalicus madagascariensis,22438,131,77.4065442805075
Calicalicus madagascariensis,22456,131,47.8541654373711
Calicalicus madagascariensis,22468,131,54.2551765402825
Calicalicus madagascariensis,22469,131,587.522437766301
Calicalicus madagascariensis,22470,131,257.987775640312
Calicalicus madagascariensis,10217,87,0.812480411258936
Calicalicus madagascariensis,17243,87,465.807169794926
Calicalicus madagascariensis,22228,87,38.3946948622806
Calicalicus madagascariensis,22236,87,1.35457540027201
Calicalicus madagascariensis,22450,87,122.701643372855
Calicalicus madagascariensis,22503,87,38.8224120711257
Calicalicus madagascariensis,22505,87,110.070037848945
Calicalicus madagascariensis,22509,87,29.7723925005817
Calicalicus madagascariensis,22514,87,2.70596556277776
Calicalicus madagascariensis,22517,87,0.360754872067451
Calicalicus madagascariensis,22518,87,67.5307001400677
Calicalicus madagascariensis,22521,87,47.3336670441899
Calicalicus madagascariensis,22522,87,15.2341434265082
Calicalicus madagascariensis,22523,87,3.15564838214624
Calicalicus madagascariensis,22524,87,65.1599201313749
Calicalicus madagascariensis,22525,87,3.15489428832662
Calicalicus madagascariensis,22530,87,11.8039994628603
Calicalicus madagascariensis,22531,87,26.8481144580816
Calicalicus madagascariensis,22533,87,2.34215426115477
Calicalicus madagascariensis,22534,87,19.9889174229442
Calicalicus madagascariensis,11207,143,158.705818376245
Calicalicus madagascariensis,11470,143,70.171205546759
Calicalicus madagascariensis,11790,144,2.87876883525968
Calicalicus madagascariensis,11796,144,0.899620833965421
Calicalicus madagascariensis,11841,144,0.269868277515173
Calicalicus madagascariensis,12630,144,176.465112044449
Calicalicus madagascariensis,16131,144,170.785426053188
Calicalicus madagascariensis,16311,144,224.299706164179
Calicalicus madagascariensis,18238,144,0.620648212959528
Calicalicus madagascariensis,18254,144,0.265972006814122
Calicalicus madagascariensis,18278,144,0.709200345668078
Calicalicus madagascariensis,20921,144,4568.97960768796
Calicalicus madagascariensis,21932,144,1320.72290065696
Calicalicus madagascariensis,22374,144,20.7455502793244
Calicalicus madagascariensis,22375,144,234.81411045919
Calicalicus madagascariensis,22380,144,72.7284184850583
Calicalicus madagascariensis,22454,144,1633.8566839868
Calicalicus madagascariensis,22493,144,56.9706430520978
Calicalicus madagascariensis,22494,144,1264.80094030401
Calicalicus madagascariensis,22536,144,33.0953660842072
Calicalicus madagascariensis,22484,145,45.4757890931116
Calicalicus madagascariensis,22535,145,14.2635312602702
Calicalicus madagascariensis,22497,146,16.4163595908247
Calicalicus madagascariensis,22498,146,14.8692397176668
Calicalicus madagascariensis,22499,146,26.0164300679771
Calicalicus madagascariensis,22500,146,308.475605014956
Calicalicus madagascariensis,22501,146,20.6443376237523
Calicalicus madagascariensis,22502,147,185.208699387767
Calicalicus madagascariensis,22504,148,23.6377044755612
Calicalicus madagascariensis,22439,142,132.962781072095
Calicalicus madagascariensis,22507,142,0.453956211002231
Calicalicus madagascariensis,22506,149,18.5469218373579
Cheirogaleus crossleyi,9,3,27.6105856505435
Cheirogaleus crossleyi,39,8,30.05936970124
Cheirogaleus crossleyi,50,8,30.0529589014118
Cheirogaleus crossleyi,60,11,31.7906699104842
Cheirogaleus crossleyi,61,12,89.107308877178
Cheirogaleus crossleyi,62,13,176.131236664706
Cheirogaleus crossleyi,63,14,139.131437610026
Cheirogaleus crossleyi,64,15,0.367143398642659
Cheirogaleus crossleyi,65,15,4.95616607062143
Cheirogaleus crossleyi,66,15,19.8205211282847
Cheirogaleus crossleyi,67,16,0.275296915365994
Cheirogaleus crossleyi,69,16,0.7341004570086
Cheirogaleus crossleyi,73,16,0.275287525101185
Cheirogaleus crossleyi,74,16,21.9288787984108
Cheirogaleus crossleyi,77,17,15.3223271836708
Cheirogaleus crossleyi,78,15,1.37619193792653
Cheirogaleus crossleyi,79,17,0.183486607864857
Cheirogaleus crossleyi,83,18,28.2538127147655
Cheirogaleus crossleyi,88,16,120.985064922109
Cheirogaleus crossleyi,94,21,363.356307114179
Cheirogaleus crossleyi,97,101,0.823962508269906
Cheirogaleus crossleyi,98,101,29.7498920158133
Cheirogaleus crossleyi,99,22,12.0800389464626
Cheirogaleus crossleyi,104,24,0.457519100419343
Cheirogaleus crossleyi,105,24,0.36601674408102
Cheirogaleus crossleyi,106,24,220.00841719046
Cheirogaleus crossleyi,107,24,31.2682529843551
Cheirogaleus crossleyi,122,26,3.10483766981149
Cheirogaleus crossleyi,124,26,36.0637816435398
Cheirogaleus crossleyi,125,27,31.6704292118388
Cheirogaleus crossleyi,127,28,0.820222737159848
Cheirogaleus crossleyi,128,28,34.5447816896857
Cheirogaleus crossleyi,131,30,27.787629126687
Cheirogaleus crossleyi,147,34,66.8385624695136
Cheirogaleus crossleyi,221,44,45.4757890931163
Cheirogaleus crossleyi,250,98,9.73604649609208
Cheirogaleus crossleyi,366,54,36.0280846591133
Cheirogaleus crossleyi,383,53,23.2747347847499
Cheirogaleus crossleyi,398,55,21.462615630047
Cheirogaleus crossleyi,432,62,159.911210588601
Cheirogaleus crossleyi,466,65,119.353693162325
Cheirogaleus crossleyi,467,66,1.69403267629004
Cheirogaleus crossleyi,470,66,19.9698862036375
Cheirogaleus crossleyi,471,67,6.49600297978592
Cheirogaleus crossleyi,472,67,0.177981762779713
Cheirogaleus crossleyi,473,67,0.177973798285246
Cheirogaleus crossleyi,491,67,55.594290604873
Cheirogaleus crossleyi,494,67,0.177858824382067
Cheirogaleus crossleyi,498,67,9.60259051152742
Cheirogaleus crossleyi,514,73,13.8438613020605
Cheirogaleus crossleyi,530,75,30.9497681570648
Cheirogaleus crossleyi,552,78,258.998300131645
Cheirogaleus crossleyi,561,80,0.441649912203312
Cheirogaleus crossleyi,566,80,0.441623093728662
Cheirogaleus crossleyi,570,80,18.8104914599278
Cheirogaleus crossleyi,586,81,31.2309458101476
Cheirogaleus crossleyi,587,81,29.5442451853465
Cheirogaleus crossleyi,588,82,0.176393566362143
Cheirogaleus crossleyi,589,82,9.96522001104965
Cheirogaleus crossleyi,592,83,27.5061086043162
Cheirogaleus crossleyi,593,83,31.1979387113482
Cheirogaleus crossleyi,594,84,15.0601537007796
Cheirogaleus crossleyi,606,99,0.262374952285051
Cheirogaleus crossleyi,624,99,24.3942696526354
Cheirogaleus crossleyi,677,90,2.53184536937308
Cheirogaleus crossleyi,680,90,7.15726590577268
Cheirogaleus crossleyi,687,91,55.1596455068567
Cheirogaleus crossleyi,636,102,138.995252480757
Cheirogaleus crossleyi,640,102,4.10689038569617
Cheirogaleus crossleyi,90,19,0.183394440543294
Cheirogaleus crossleyi,92,19,108.758498794638
Cheirogaleus crossleyi,59,10,24.1477017362684
Cheirogaleus crossleyi,399,103,70.2257460095459
Cheirogaleus crossleyi,456,64,15.09075207817
Cheirogaleus crossleyi,691,64,2.58870931440878
Cheirogaleus crossleyi,463,104,23.5591732933875
Cheirogaleus crossleyi,214,39,56.9795982224543
Cheirogaleus crossleyi,215,40,34.3720522357158
Cheirogaleus crossleyi,219,43,43.6695203837737
Cheirogaleus crossleyi,296,49,45.3586244344044
Cheirogaleus crossleyi,308,49,0.179958904524803
Cheirogaleus crossleyi,315,49,2.87876883525968
Cheirogaleus crossleyi,318,49,0.899620833965421
Cheirogaleus crossleyi,323,49,0.269868277515173
Cheirogaleus crossleyi,365,49,33.0953660842072
Cheirogaleus crossleyi,297,50,31.7648734168776
Cheirogaleus crossleyi,314,50,2.60899988096642
Cheirogaleus crossleyi,207,100,24.7474065042322
Cheirogaleus major,405,579,38.9884159684163
Cheirogaleus major,6327,600,70.171205546759
Cheirogaleus major,14444,447,6.60311605216253
Cheirogaleus major,14469,447,16.0684737306561
Cheirogaleus major,7,502,0.55664420881176
Cheirogaleus major,10,502,0.371099061261296
Cheirogaleus major,12,502,0.556625695955813
Cheirogaleus major,14,502,0.185535398295105
Cheirogaleus major,17,502,0.463806772104442
Cheirogaleus major,18,502,0.27827526928854
Cheirogaleus major,19,502,0.463781360735595
Cheirogaleus major,24,502,0.64914825101471
Cheirogaleus major,28,502,103.775520140199
Cheirogaleus major,14796,502,56.8711675529887
Cheirogaleus major,14840,628,38.3946948622806
Cheirogaleus major,14848,628,1.35457540027201
Cheirogaleus major,925,524,3.21760750335884
Cheirogaleus major,928,524,0.643524707942724
Cheirogaleus major,972,524,0.459616383672059
Cheirogaleus major,982,524,0.183841973942041
Cheirogaleus major,983,524,0.183840828700006
Cheirogaleus major,991,524,0.643432019172192
Cheirogaleus major,996,524,0.275752651619673
Cheirogaleus major,1014,524,0.367655302864194
Cheirogaleus major,1115,524,0.643082380221069
Cheirogaleus major,1116,524,0.459349671094894
Cheirogaleus major,1117,524,1.8373651948179
Cheirogaleus major,1126,524,0.367459639964223
Cheirogaleus major,1136,524,0.183724619395971
Cheirogaleus major,1137,524,0.275586929093957
Cheirogaleus major,1143,524,1.46972063059181
Cheirogaleus major,1144,524,0.275577679304183
Cheirogaleus major,1193,524,0.367363554798603
Cheirogaleus major,1216,524,44.3538334620849
Cheirogaleus major,1275,524,411.668422794829
Cheirogaleus major,1306,524,0.275443051051259
Cheirogaleus major,6864,578,78.5054384879867
Cheirogaleus major,14899,641,65.5797173258648
Cheirogaleus major,14903,641,11.4177148695022
Cheirogaleus major,14687,629,2.33597082442749
Cheirogaleus major,14689,629,0.173038084078312
Cheirogaleus major,14754,629,57.1920356452289
Cheirogaleus major,14736,642,0.604549703200459
Cheirogaleus major,14747,642,0.777178853789091
Cheirogaleus major,14913,642,19.9515621485635
Cheirogaleus major,14909,643,27.2715936270507
Cheirogaleus major,14910,644,29.4123165165292
Cheirogaleus major,14911,645,29.3885406549345
Cheirogaleus major,14912,646,20.6592519148769
Cheirogaleus major,1755,647,65.611862821471
Cheirogaleus major,14914,647,78.1021795350939
Cheirogaleus major,9927,621,224.299706164179
Cheirogaleus major,177,10,175.204558120961
Cheirogaleus major,958,10,1.3788789025259
Cheirogaleus major,1001,10,0.275749213988304
Cheirogaleus major,3518,10,13798.0389463092
Cheirogaleus major,14881,10,652.848639417835
Cheirogaleus major,14915,10,77.4065442805075
Cheirogaleus major,14936,10,54.2551765402825
Cheirogaleus major,14937,10,587.522437766301
Cheirogaleus major,14938,10,257.987775640312
Cheirogaleus major,14950,651,47.8541654373711
Cheirogaleus major,239,608,179.54495541553
Cheirogaleus major,7161,653,176.465112044449
Cheirogaleus major,9883,655,170.785426053188
Cheirogaleus major,11317,655,0.620648212959528
Cheirogaleus major,11325,655,0.265972006814122
Cheirogaleus major,12687,655,1.6731160765605
Cheirogaleus major,13745,655,4473.75471496971
Cheirogaleus major,14340,655,1320.72290065696
Cheirogaleus major,14363,655,5.30358653567576
Cheirogaleus major,14896,655,234.81411045919
Cheirogaleus major,14959,655,1264.80094030401
Cheirogaleus major,14928,657,1503.46553389689
Cheirogaleus major,3901,622,0.181274117312193
Cheirogaleus major,14965,622,308.475605014956
Cheirogaleus major,14966,622,20.6443376237523
Cheirogaleus major,5218,658,0.812480411258936
Cheirogaleus major,14968,658,38.4612961439313
Cheirogaleus major,14969,658,0.180557963597178
Cheirogaleus major,6112,659,158.705818376245
Cheirogaleus major,10560,660,465.807169794926
Cheirogaleus major,14971,660,110.070037848945
Cheirogaleus major,14947,661,45.4757890931116
Cheirogaleus major,14962,662,16.4163595908247
Cheirogaleus major,14963,662,14.8692397176668
Cheirogaleus major,14964,663,26.0164300679771
Cheirogaleus major,14967,664,185.208699387767
Cheirogaleus major,14970,665,23.6377044755612
Cheirogaleus major,15001,666,14.2635312602702
Cheirogaleus major,14916,648,132.962781072095
Cheirogaleus major,14972,667,18.5469218373579
Cheirogaleus major,6504,650,0.179958904524803
Cheirogaleus major,6540,650,2.87876883525968
Cheirogaleus major,6544,650,0.899620833965421
Cheirogaleus major,6571,650,0.269868277515173
Cheirogaleus major,14958,650,56.9706430520978
Cheirogaleus major,15002,650,33.0953660842072
Cheirogaleus major,14924,656,122.701643372855
Cheirogaleus major,14975,656,29.7723925005817
Cheirogaleus major,14988,656,15.2341434265082
Cheirogaleus major,14997,656,26.8481144580816
Cheirogaleus major,14983,668,0.360754872067451
Cheirogaleus major,14984,668,67.5307001400677
Cheirogaleus major,14993,668,0.180284389288425
Cheirogaleus major,14987,669,47.3336670441899
Cheirogaleus major,14990,670,65.1599201313749
Cheirogaleus major,14996,671,11.8039994628603
Cheirogaleus major,15000,672,19.9889174229442
Cheirogaleus medius,201,1766,0.18546587502265
Cheirogaleus medius,208,1766,6.4908973798604
Cheirogaleus medius,1400,134,10.335222133148
Cheirogaleus medius,1420,134,0.369083674412966
Cheirogaleus medius,1435,129,75.3839816160147
Cheirogaleus medius,1468,137,3.13609989150357
Cheirogaleus medius,1479,138,11.0677904937422
Cheirogaleus medius,1484,138,56.6281928746724
Cheirogaleus medius,1495,138,0.368899581958056
Cheirogaleus medius,1514,138,5.80984119605243
Cheirogaleus medius,1550,148,6.17668561983395
Cheirogaleus medius,1587,149,2.12015320006764
Cheirogaleus medius,1593,151,5.16206443335718
Cheirogaleus medius,1714,159,3.31494256118995
Cheirogaleus medius,1731,159,0.184153996927738
Cheirogaleus medius,1928,178,7.62849285122781
Cheirogaleus medius,1961,2127,14.9760293356881
Cheirogaleus medius,1969,178,31.151589694181
Cheirogaleus medius,2018,187,6.2465929270333
Cheirogaleus medius,2043,189,7.44038904008657
Cheirogaleus medius,2158,200,29.7485975883361
Cheirogaleus medius,2195,200,1.92806640471405
Cheirogaleus medius,2220,200,0.183617825802088
Cheirogaleus medius,10806,753,29.8980939372278
Cheirogaleus medius,12562,897,0.451151648062229
Cheirogaleus medius,12586,897,1.71422432486391
Cheirogaleus medius,12625,897,0.0902158143260479
Cheirogaleus medius,15661,1113,4.54423428205359
Cheirogaleus medius,15662,1113,9.53269083025372
Cheirogaleus medius,15804,1120,13.8900112845451
Cheirogaleus medius,15864,1126,7.47719265585076
Cheirogaleus medius,15873,1126,0.801105702370286
Cheirogaleus medius,15895,1127,2.75890041915631
Cheirogaleus medius,16055,1135,18.9394190178167
Cheirogaleus medius,16216,1149,2.39948410306346
Cheirogaleus medius,16281,1154,3.10976851133704
Cheirogaleus medius,17079,1224,3.10087652825033
Cheirogaleus medius,17104,1224,0.0885879274377823
Cheirogaleus medius,17116,1224,4.96048157499468
Cheirogaleus medius,17663,1279,14.9409987553346
Cheirogaleus medius,17664,1280,15.1179504463742
Cheirogaleus medius,17831,1279,0.176788365915775
Cheirogaleus medius,17932,2217,2.91611645275998
Cheirogaleus medius,17987,2217,0.706902982692719
Cheirogaleus medius,18542,2003,0.176393566362143
Cheirogaleus medius,18543,2003,22.9255199441729
Cheirogaleus medius,18590,1330,2.38087210702729
Cheirogaleus medius,18627,2004,2.11607411387658
Cheirogaleus medius,18790,1347,1.05747752482116
Cheirogaleus medius,18825,1347,8.28103705402064
Cheirogaleus medius,20047,1459,3.15760504969609
Cheirogaleus medius,20115,1456,148.780958094315
Cheirogaleus medius,20375,1484,4.11772579951465
Cheirogaleus medius,20525,2162,5.51709965046513
Cheirogaleus medius,20544,1494,19.613499664474
Cheirogaleus medius,20606,1499,19.2612290681803
Cheirogaleus medius,21180,2335,6.20328423785567
Cheirogaleus medius,21283,2371,1.13545652928388
Cheirogaleus medius,21294,2371,17.1194640179899
Cheirogaleus medius,21416,2371,15.7158278321928
Cheirogaleus medius,21454,2371,1.04748061940908
Cheirogaleus medius,21476,2371,14.8353915718026
Cheirogaleus medius,21595,2371,5.14701331874955
Cheirogaleus medius,21961,1551,13.3199779431528
Cheirogaleus medius,6929,2180,13.8476284396513
Cheirogaleus medius,7106,2180,0.455487860305786
Cheirogaleus medius,1615,2336,16.773930672567
Cheirogaleus medius,1626,2336,0.184330083481014
Cheirogaleus medius,1630,2336,0.46079386894691
Cheirogaleus medius,4201,2259,1.91988596975887
Cheirogaleus medius,4202,2259,4.2053427026192
Cheirogaleus medius,216,25,8.4370977335708
Cheirogaleus medius,223,25,0.185438309593201
Cheirogaleus medius,231,25,0.185425482894003
Cheirogaleus medius,15177,2268,0.535747839347601
Cheirogaleus medius,15263,2268,1.87495118889725
Cheirogaleus medius,20100,1437,68.4073900828574
Cheirogaleus medius,24129,2424,44.4928427752445
Cheirogaleus medius,24093,2428,2.19383277368414
Cheirogaleus medius,24094,2429,37.6497033879563
Cheirogaleus medius,20390,1482,16.1215402504437
Cheirogaleus medius,21539,2436,46.5723968884147
Cheirogaleus medius,24221,2468,36.3826787541578
Cheirogaleus medius,15044,2469,89.7882265229853
Cheirogaleus medius,18156,1301,42.560136518845
Cheirogaleus medius,18157,1301,38.9251549886243
Cheirogaleus medius,18363,1301,17.0264073164027
Cheirogaleus medius,18482,1301,0.352837870779514
Cheirogaleus medius,6304,2276,0.0911691125099659
Cheirogaleus medius,6609,2276,21.2443070814972
Cheirogaleus medius,4265,2351,22.2892814174211
Cheirogaleus medius,4064,2485,19.2038282113973
Cheirogaleus medius,24308,2477,3.75955498127008
Cheirogaleus medius,222,26,0.463597745714188
Cheirogaleus medius,241,26,0.0927073077802658
Cheirogaleus medius,291,26,43.2038186617044
Cheirogaleus medius,501,52,0.370271373195231
Cheirogaleus medius,503,52,0.462834125284791
Cheirogaleus medius,508,52,43.0377824654073
Cheirogaleus medius,509,52,0.18513059458977
Cheirogaleus medius,519,52,1.48074673073471
Cheirogaleus medius,520,52,1.66577102635694
Cheirogaleus medius,522,52,0.277623898765862
Cheirogaleus medius,527,52,0.277610584835947
Cheirogaleus medius,543,52,1.38815019469857
Cheirogaleus medius,24327,52,0.185083622752249
Cheirogaleus medius,24260,2487,9.30640563301087
Cheirogaleus medius,1977,1775,0.275667671454787
Cheirogaleus medius,1986,1775,1.92954817861235
Cheirogaleus medius,2009,1775,0.0918715503870249
Cheirogaleus medius,2011,1775,0.0918703960417509
Cheirogaleus medius,2031,1775,0.275591552190423
Cheirogaleus medius,2037,1775,0.0918623096979857
Cheirogaleus medius,2038,1775,0.0918623096979857
Cheirogaleus medius,2046,1775,0.367434207116008
Cheirogaleus medius,2047,1775,0.183716525221109
Cheirogaleus medius,2057,1775,33.8991079803611
Cheirogaleus medius,24223,1775,0.0918911418705583
Cheirogaleus medius,24224,1775,0.0918911418705583
Cheirogaleus medius,24225,1775,0.183782283741117
Cheirogaleus medius,24226,1775,0.0918911418705583
Cheirogaleus medius,24328,1775,0.367500048400104
Cheirogaleus medius,3866,2463,16.3740665150672
Cheirogaleus medius,312,33,21.0334598369182
Cheirogaleus medius,319,33,0.0926675960290432
Cheirogaleus medius,340,33,0.0926606114119887
Cheirogaleus medius,145,2235,0.463806772104442
Cheirogaleus medius,152,2235,0.27827526928854
Cheirogaleus medius,155,2235,0.463781360735595
Cheirogaleus medius,171,2235,0.278243954662919
Cheirogaleus medius,184,2235,0.185478644791543
Cheirogaleus medius,189,2235,0.27820176096195
Cheirogaleus medius,193,2235,0.64914825101471
Cheirogaleus medius,204,2235,130.021860527528
Cheirogaleus medius,23917,2235,0.185474717534363
Cheirogaleus medius,24346,2489,26.7219759851387
Cheirogaleus medius,3813,2491,36.3372512144693
Cheirogaleus medius,24374,2494,30.5684495112349
Cheirogaleus medius,24217,2497,31.4692072683324
Cheirogaleus medius,24286,2497,23.0620316261801
Cheirogaleus medius,20710,1487,135.780201405443
Cheirogaleus medius,1048,100,17.5491645997773
Cheirogaleus medius,1658,156,1.19747486800301
Cheirogaleus medius,1662,156,0.368458156106472
Cheirogaleus medius,1663,156,4.97389831733626
Cheirogaleus medius,1664,156,4.23704192003936
Cheirogaleus medius,1666,156,32.5124332313215
Cheirogaleus medius,1682,156,1.93420808195144
Cheirogaleus medius,1695,156,2.39454998459649
Cheirogaleus medius,1712,156,31.5861897502207
Cheirogaleus medius,19540,1360,0.0879156733250618
Cheirogaleus medius,24486,1360,20.7455502793244
Cheirogaleus medius,19687,2500,891.698495779482
Cheirogaleus medius,24487,2500,19.0477036475816
Cheirogaleus medius,11000,775,0.0905584602525234
Cheirogaleus medius,11064,775,0.0905447203236818
Cheirogaleus medius,11222,775,38.0240908844043
Cheirogaleus medius,11251,775,0.0905061372197867
Cheirogaleus medius,11270,775,3.07696966736627
Cheirogaleus medius,11275,775,0.723997986286044
Cheirogaleus medius,11319,775,0.361958205401897
Cheirogaleus medius,24438,775,0.452763459861636
Cheirogaleus medius,13577,949,0.0899370735929012
Cheirogaleus medius,13608,949,0.0899238860028982
Cheirogaleus medius,13611,949,0.449603298739433
Cheirogaleus medius,13612,949,0.359686745625973
Cheirogaleus medius,13622,949,0.0899194863940477
Cheirogaleus medius,13666,949,36.331879859746
Cheirogaleus medius,24492,949,6.47518067736232
Cheirogaleus medius,24493,949,0.0899312145228386
Cheirogaleus medius,24494,949,0.449634089967847
Cheirogaleus medius,23134,1571,0.777178853789091
Cheirogaleus medius,24404,1571,0.604549703200817
Cheirogaleus medius,24544,1571,19.9515621485635
Cheirogaleus medius,23443,2503,29.4123165165292
Cheirogaleus medius,24542,2504,29.3885406549345
Cheirogaleus medius,24543,2505,20.6592519148769
Cheirogaleus medius,13787,2506,130.568218715013
Cheirogaleus medius,24496,2508,78.5054384879867
Cheirogaleus medius,24126,2511,45.1360753508905
Cheirogaleus medius,14697,2512,3.3134309653126
Cheirogaleus medius,24545,2512,17.1081231937802
Cheirogaleus medius,24168,2462,47.9151920474066
Cheirogaleus medius,17593,1173,35.9142155788532
Cheirogaleus medius,24554,1173,23.5087072345356
Cheirogaleus medius,24523,2516,15.4450147414067
Cheirogaleus medius,24553,2516,9.49462234218203
Cheirogaleus medius,21917,1539,87.9365441664903
Cheirogaleus medius,22941,2373,138.804967227073
Cheirogaleus medius,24540,2373,0.347746593876839
Cheirogaleus medius,1551,146,32.2733753701534
Cheirogaleus medius,1570,2517,15.2113520795991
Cheirogaleus medius,24557,2517,0.73757240901649
Cheirogaleus medius,4255,338,0.0914152072403431
Cheirogaleus medius,4271,338,5.85033975470352
Cheirogaleus medius,4282,338,24.6792146248873
Cheirogaleus medius,4283,338,0.0914115014762879
Cheirogaleus medius,4347,338,2.65062070312488
Cheirogaleus medius,4355,338,0.0914028473147154
Cheirogaleus medius,4356,338,0.182805694629431
Cheirogaleus medius,4384,338,0.274192454328179
Cheirogaleus medius,4397,338,0.0913954212394953
Cheirogaleus medius,4405,338,0.0913941828228235
Cheirogaleus medius,24344,338,16.5402429724604
Cheirogaleus medius,4339,2518,1.0054375043211
Cheirogaleus medius,4379,2518,2.37624750380063
Cheirogaleus medius,4412,2518,0.182784649551272
Cheirogaleus medius,4428,2518,0.0913904663075209
Cheirogaleus medius,4434,2518,0.0913892270473242
Cheirogaleus medius,4435,2518,0.182778454094648
Cheirogaleus medius,4447,2518,8.31651482316256
Cheirogaleus medius,4545,2518,8.49783825707888
Cheirogaleus medius,4631,2518,0.274089461484194
Cheirogaleus medius,4643,2518,0.0913631538983583
Cheirogaleus medius,4695,2518,10.9639024804161
Cheirogaleus medius,4696,2518,4.567756926453
Cheirogaleus medius,4753,2518,0.0913494594436884
Cheirogaleus medius,23927,2518,0.0913643975844383
Cheirogaleus medius,24428,2518,0.456749789226413
Cheirogaleus medius,6428,426,1.73194615611374
Cheirogaleus medius,6522,426,3.09900984286463
Cheirogaleus medius,6578,426,0.729165010962606
Cheirogaleus medius,6594,426,0.638013784430742
Cheirogaleus medius,6667,426,394.449804268795
Cheirogaleus medius,16160,1115,171.071344628696
Cheirogaleus medius,24550,1115,8.19087994073701
Cheirogaleus medius,16907,1963,2.83713664782274
Cheirogaleus medius,16922,1963,0.354623891009808
Cheirogaleus medius,1026,2287,51.6356904376592
Cheirogaleus medius,1079,2287,0.646613986480057
Cheirogaleus medius,1646,2312,357.211446861342
Cheirogaleus medius,1137,2372,54.3862195599137
Cheirogaleus medius,1275,2372,0.0923248392761946
Cheirogaleus medius,14658,2438,57.9536162531174
Cheirogaleus medius,24143,2438,35.8509582239029
Cheirogaleus medius,24516,2438,1.79238486696017
Cheirogaleus medius,24563,2438,27.5139015001006
Cheirogaleus medius,14766,2439,2.32767118465054
Cheirogaleus medius,15165,2439,0.714404974959851
Cheirogaleus medius,15188,2439,0.178579506715775
Cheirogaleus medius,15310,2439,466.300212378207
Cheirogaleus medius,24520,2439,7.14406051427484
Cheirogaleus medius,20088,2455,55.3030478112986
Cheirogaleus medius,5270,2486,0.0912806047910452
Cheirogaleus medius,5597,2486,0.0912427791885138
Cheirogaleus medius,5608,2486,693.921992462519
Cheirogaleus medius,5609,2486,0.0912402507441044
Cheirogaleus medius,5616,2486,2.0072273404777
Cheirogaleus medius,5631,2486,0.364942030489683
Cheirogaleus medius,24435,2486,0.456175956650376
Cheirogaleus medius,24363,2493,5.86001237088037
Cheirogaleus medius,13061,771,81.8439673127656
Cheirogaleus medius,24564,771,0.090232888949275
Cheirogaleus medius,24565,771,0.0902314672112465
Cheirogaleus medius,24566,771,0.0902300452649593
Cheirogaleus medius,24567,771,0.0902286231096983
Cheirogaleus medius,24568,2519,47.3336670441899
Cheirogaleus medius,24569,2520,3.15564838214624
Cheirogaleus medius,24571,2521,3.15489428832662
Cheirogaleus medius,24573,2521,0.0901342996907234
Cheirogaleus medius,24574,2521,0.0901328635622263
Cheirogaleus medius,24575,2522,2.61359152097011
Cheirogaleus medius,24576,2523,11.8039994628603
Cheirogaleus medius,24578,2523,0.0900983339461088
Cheirogaleus medius,24577,2524,26.8481144580816
Cheirogaleus medius,24579,2525,2.34215426115477
Cheirogaleus medius,11016,774,5.43266668316532
Cinnyris notatus,54773,194,44.4928427752445
Cinnyris notatus,14328,185,0.0911691125099659
Cinnyris notatus,14770,185,21.2443070814972
Cinnyris notatus,892,74,0.370271373195231
Cinnyris notatus,894,74,0.462834125284791
Cinnyris notatus,900,74,43.0377824654073
Cinnyris notatus,901,74,0.18513059458977
Cinnyris notatus,936,74,1.48074673073471
Cinnyris notatus,939,74,1.66577102635694
Cinnyris notatus,943,74,0.277623898765862
Cinnyris notatus,947,74,0.277610584835947
Cinnyris notatus,1001,74,1.38815019469857
Cinnyris notatus,54919,74,0.185083622752249
Cinnyris notatus,5375,134,0.275667671454787
Cinnyris notatus,5431,134,1.92954817861235
Cinnyris notatus,5612,134,0.0918715503870249
Cinnyris notatus,5622,134,0.0918703960417509
Cinnyris notatus,5693,134,0.275591552190423
Cinnyris notatus,5713,134,0.0918623096979857
Cinnyris notatus,5714,134,0.0918623096979857
Cinnyris notatus,5755,134,0.367434207116008
Cinnyris notatus,5756,134,0.183716525221109
Cinnyris notatus,5790,134,33.8991079803611
Cinnyris notatus,54837,134,0.0918911418705583
Cinnyris notatus,54838,134,0.0918911418705583
Cinnyris notatus,54839,134,0.183782283741117
Cinnyris notatus,54840,134,0.0918911418705583
Cinnyris notatus,54924,134,0.367500048400104
Cinnyris notatus,483,197,0.463597745714188
Cinnyris notatus,505,197,0.0927073077802658
Cinnyris notatus,578,197,43.2038186617044
Cinnyris notatus,310,70,0.55664420881176
Cinnyris notatus,326,70,0.371099061261296
Cinnyris notatus,331,70,0.556625695955813
Cinnyris notatus,348,70,0.185535398295105
Cinnyris notatus,359,70,0.463806772104442
Cinnyris notatus,374,70,0.27827526928854
Cinnyris notatus,380,70,0.463781360735595
Cinnyris notatus,407,70,0.278243954662919
Cinnyris notatus,427,70,0.185478644791543
Cinnyris notatus,434,70,0.27820176096195
Cinnyris notatus,438,70,0.64914825101471
Cinnyris notatus,448,70,0.18546587502265
Cinnyris notatus,453,70,130.021860527528
Cinnyris notatus,459,70,0.18545505566138
Cinnyris notatus,460,70,6.4908973798604
Cinnyris notatus,477,70,8.4370977335708
Cinnyris notatus,484,70,0.185438309593201
Cinnyris notatus,494,70,0.185425482894003
Cinnyris notatus,54683,70,0.185474717534363
Cinnyris notatus,54961,70,56.8711675529887
Cinnyris notatus,606,198,43.2675847418705
Cinnyris notatus,614,198,0.0926675960290432
Cinnyris notatus,648,198,0.0926606114119887
Cinnyris notatus,670,198,0.0926476122773886
Cinnyris notatus,681,198,0.0926436052986383
Cinnyris notatus,22813,59,0.0905584602525234
Cinnyris notatus,23012,59,0.0905447203236818
Cinnyris notatus,23490,59,38.0240908844043
Cinnyris notatus,23610,59,0.0905061372197867
Cinnyris notatus,23671,59,3.07696966736627
Cinnyris notatus,23686,59,0.723997986286044
Cinnyris notatus,23822,59,0.361958205401897
Cinnyris notatus,55118,59,0.452763459861636
Cinnyris notatus,32843,207,130.568218715013
Cinnyris notatus,55210,208,78.5054384879867
Cinnyris notatus,54199,203,2.33597082442749
Cinnyris notatus,54201,203,0.173038084078312
Cinnyris notatus,55200,203,57.1920356452289
Cinnyris notatus,54401,210,0.777178853789091
Cinnyris notatus,55082,210,0.604549703200817
Cinnyris notatus,55252,210,27.2715936270507
Cinnyris notatus,55253,210,29.4123165165292
Cinnyris notatus,55254,210,29.3885406549345
Cinnyris notatus,55255,210,20.6592519148769
Cinnyris notatus,55256,210,19.9515621485635
Cinnyris notatus,31978,204,0.0899370735929012
Cinnyris notatus,32151,204,0.0899238860028982
Cinnyris notatus,32173,204,0.449603298739433
Cinnyris notatus,32174,204,0.359686745625973
Cinnyris notatus,32218,204,0.0899194863940477
Cinnyris notatus,32388,204,36.331879859746
Cinnyris notatus,55206,204,6.47518067736232
Cinnyris notatus,55207,204,0.0899312145228386
Cinnyris notatus,55208,204,0.449634089967847
Cinnyris notatus,42907,123,142.945480670389
Cinnyris notatus,55273,123,8.19087994073701
Cinnyris notatus,36304,132,35.8509582239029
Cinnyris notatus,36451,132,55.5362709867372
Cinnyris notatus,36534,132,0.985282145026565
Cinnyris notatus,36727,132,3.3134309653126
Cinnyris notatus,36989,132,2.32767118465054
Cinnyris notatus,37246,132,69.5634544487439
Cinnyris notatus,37476,132,0.0894960465670824
Cinnyris notatus,37502,132,0.0894945208417177
Cinnyris notatus,37575,132,2.50550766269672
Cinnyris notatus,37807,132,284.616113684829
Cinnyris notatus,37932,132,0.178908027130246
Cinnyris notatus,38761,132,15.7305049810951
Cinnyris notatus,39151,132,78.8885204821816
Cinnyris notatus,55230,132,17.1081231937802
Cinnyris notatus,55231,132,1.79238486696017
Cinnyris notatus,55232,132,0.447673652347684
Cinnyris notatus,55234,132,4.82436848453331
Cinnyris notatus,55235,132,0.0893331666718721
Cinnyris notatus,55296,132,27.5139015001006
Cinnyris notatus,49523,173,55.3030478112986
Cinnyris notatus,10297,186,16.3740665150672
Cinnyris notatus,10699,186,19.2038282113973
Cinnyris notatus,10957,186,1.91988596975887
Cinnyris notatus,10958,186,4.2053427026192
Cinnyris notatus,11050,186,0.0914152072403431
Cinnyris notatus,11064,186,22.2892814174211
Cinnyris notatus,11071,186,5.85033975470352
Cinnyris notatus,11080,186,24.6792146248873
Cinnyris notatus,11081,186,0.0914115014762879
Cinnyris notatus,11160,186,1.0054375043211
Cinnyris notatus,11171,186,2.65062070312488
Cinnyris notatus,11183,186,0.0914028473147154
Cinnyris notatus,11184,186,0.182805694629431
Cinnyris notatus,11225,186,2.37624750380063
Cinnyris notatus,11234,186,0.274192454328179
Cinnyris notatus,11259,186,0.0913954212394953
Cinnyris notatus,11273,186,0.0913941828228235
Cinnyris notatus,11284,186,0.182784649551272
Cinnyris notatus,11311,186,0.0913904663075209
Cinnyris notatus,11322,186,0.0913892270473242
Cinnyris notatus,11323,186,0.182778454094648
Cinnyris notatus,11341,186,8.31651482316256
Cinnyris notatus,11510,186,8.49783825707888
Cinnyris notatus,11638,186,0.274089461484194
Cinnyris notatus,11664,186,0.0913631538983583
Cinnyris notatus,11760,186,10.9639024804161
Cinnyris notatus,11761,186,4.567756926453
Cinnyris notatus,11863,186,0.0913494594436884
Cinnyris notatus,12874,186,0.0912806047910452
Cinnyris notatus,13338,186,0.0912427791885138
Cinnyris notatus,13362,186,693.830735791941
Cinnyris notatus,13363,186,0.0912402507441044
Cinnyris notatus,13374,186,2.00722734047782
Cinnyris notatus,13395,186,0.364942030489683
Cinnyris notatus,13413,186,0.456175956650972
Cinnyris notatus,54700,186,0.0913643975844383
Cinnyris notatus,54751,186,2.19383277368414
Cinnyris notatus,54752,186,37.6497033879563
Cinnyris notatus,54875,186,9.30640563301087
Cinnyris notatus,54946,186,16.5402429724604
Cinnyris notatus,55106,186,0.456749789226413
Cinnyris notatus,10196,188,36.3372512144693
Cinnyris notatus,54978,188,5.86001237088037
Cinnyris notatus,54989,188,30.5684495112349
Cinnyris notatus,1897,199,175.204558120961
Cinnyris notatus,2724,199,38.9884159684163
Cinnyris notatus,4830,199,0.643524707942724
Cinnyris notatus,4971,199,0.459616383672059
Cinnyris notatus,5014,199,0.183841973942041
Cinnyris notatus,5036,199,0.643432019172192
Cinnyris notatus,5053,199,0.275752651619673
Cinnyris notatus,5101,199,0.367655302864194
Cinnyris notatus,5141,199,1.56243208603442
Cinnyris notatus,5142,199,0.275729722221732
Cinnyris notatus,5194,199,0.275717098941624
Cinnyris notatus,5222,199,0.275709061498523
Cinnyris notatus,5233,199,0.459508593737543
Cinnyris notatus,5261,199,0.45949710468936
Cinnyris notatus,5262,199,1.1946710927344
Cinnyris notatus,5291,199,0.183794934333146
Cinnyris notatus,5306,199,53.7688087064452
Cinnyris notatus,5315,199,3.21620605602419
Cinnyris notatus,5316,199,0.551364106284499
Cinnyris notatus,5342,199,1.10266377710527
Cinnyris notatus,5367,199,0.183781132994473
Cinnyris notatus,5368,199,0.367564567481756
Cinnyris notatus,5400,199,0.183777680330753
Cinnyris notatus,5413,199,0.551319225258708
Cinnyris notatus,5427,199,0.183773075227499
Cinnyris notatus,5440,199,1.10259928914046
Cinnyris notatus,5450,199,2.02137478975803
Cinnyris notatus,5451,199,0.826945434479237
Cinnyris notatus,5465,199,0.643170052255213
Cinnyris notatus,5478,199,0.183763859938979
Cinnyris notatus,5498,199,0.183761555059075
Cinnyris notatus,5499,199,1.65382056523675
Cinnyris notatus,5564,199,0.826825480994821
Cinnyris notatus,5636,199,0.459349671094894
Cinnyris notatus,5688,199,0.367459639964223
Cinnyris notatus,5725,199,0.183724619395971
Cinnyris notatus,5726,199,0.275586929093957
Cinnyris notatus,5751,199,1.46972063059181
Cinnyris notatus,5752,199,0.275577679304183
Cinnyris notatus,5971,199,0.367363554798603
Cinnyris notatus,6032,199,58.6780858784226
Cinnyris notatus,6212,199,432.708220309259
Cinnyris notatus,6316,199,0.275443051051259
Cinnyris notatus,19058,199,15282.0127610389
Cinnyris notatus,54749,199,179.54495541553
Cinnyris notatus,55263,199,77.4065442805075
Cinnyris notatus,55281,199,47.8541654373711
Cinnyris notatus,55293,199,54.2551765402825
Cinnyris notatus,55294,199,587.522437766301
Cinnyris notatus,55295,199,257.987775640312
Cinnyris notatus,21745,143,0.181274117312074
Cinnyris notatus,55322,143,16.4163595908247
Cinnyris notatus,55323,143,14.8692397176668
Cinnyris notatus,55324,143,26.0164300679771
Cinnyris notatus,55325,143,308.475605014956
Cinnyris notatus,55326,143,20.6443376237523
Cinnyris notatus,27456,212,0.812480411258936
Cinnyris notatus,43586,212,465.807169794926
Cinnyris notatus,55049,212,38.3946948622806
Cinnyris notatus,55057,212,1.35457540027201
Cinnyris notatus,55275,212,122.701643372855
Cinnyris notatus,55328,212,38.4612961439313
Cinnyris notatus,55329,212,0.180557963597178
Cinnyris notatus,55331,212,110.070037848945
Cinnyris notatus,55334,212,0.090232888949275
Cinnyris notatus,55335,212,29.7723925005817
Cinnyris notatus,55336,212,0.0902314672112465
Cinnyris notatus,55337,212,0.0902300452649593
Cinnyris notatus,55338,212,0.0902286231096983
Cinnyris notatus,55339,212,0.0902229324034452
Cinnyris notatus,55340,212,2.70596556277776
Cinnyris notatus,55341,212,0.090200136197567
Cinnyris notatus,55342,212,0.0901987096612454
Cinnyris notatus,55343,212,0.360754872067451
Cinnyris notatus,55344,212,67.6208545236654
Cinnyris notatus,55345,212,0.0901872898641825
Cinnyris notatus,55346,212,0.180371722902298
Cinnyris notatus,55347,212,47.3336670441899
Cinnyris notatus,55348,212,15.2341434265082
Cinnyris notatus,55349,212,3.15564838214624
Cinnyris notatus,55350,212,65.1599201313749
Cinnyris notatus,55351,212,3.15489428832662
Cinnyris notatus,55352,212,0.360571648123503
Cinnyris notatus,55353,212,0.0901342996907234
Cinnyris notatus,55354,212,0.0901328635622263
Cinnyris notatus,55355,212,11.8039994628603
Cinnyris notatus,55356,212,26.8481144580816
Cinnyris notatus,55357,212,0.0900983339461088
Cinnyris notatus,55358,212,2.34215426115477
Cinnyris notatus,55359,212,19.9889174229442
Cinnyris notatus,30146,213,158.705818376245
Cinnyris notatus,30837,213,70.171205546759
Cinnyris notatus,55320,213,0.090099775077343
Cinnyris notatus,55321,213,0.0900896827850342
Cinnyris notatus,31415,214,0.179958904524803
Cinnyris notatus,31581,214,2.87876883525968
Cinnyris notatus,31599,214,0.899620833965421
Cinnyris notatus,31702,214,0.269868277515173
Cinnyris notatus,33543,214,176.465112044449
Cinnyris notatus,41352,214,170.785426053188
Cinnyris notatus,41697,214,224.299706164179
Cinnyris notatus,45771,214,0.620648212959528
Cinnyris notatus,45809,214,0.265972006814122
Cinnyris notatus,45847,214,0.709200345668078
Cinnyris notatus,45886,214,0.177290677110672
Cinnyris notatus,49572,214,0.0879156733250618
Cinnyris notatus,52108,214,4568.53645333932
Cinnyris notatus,54567,214,1320.72290065696
Cinnyris notatus,55191,214,20.7455502793244
Cinnyris notatus,55192,214,234.81411045919
Cinnyris notatus,55197,214,72.7284184850583
Cinnyris notatus,55279,214,1633.8566839868
Cinnyris notatus,55318,214,56.9706430520978
Cinnyris notatus,55319,214,1264.80094030401
Cinnyris notatus,55361,214,33.0953660842072
Cinnyris notatus,55309,215,45.4757890931116
Cinnyris notatus,55360,215,14.2635312602702
Cinnyris notatus,55327,216,185.208699387767
Cinnyris notatus,55330,217,23.6377044755612
Cinnyris notatus,55264,211,132.962781072095
Cinnyris notatus,55333,211,0.453956211002231
Cinnyris notatus,55332,218,18.5469218373579
Copsychus albospecularis,4,1,0.64914825101471
Copsychus albospecularis,5,1,72.6104762396658
Copsychus albospecularis,9463,1,26.7219759851387
Copsychus albospecularis,9420,24,2.33597082442749
Copsychus albospecularis,9459,24,57.1920356452289
Copsychus albospecularis,9523,24,29.3885406549345
Copsychus albospecularis,9524,24,20.6592519148769
Copsychus albospecularis,45,3,113.887349299159
Copsychus albospecularis,95,3,175.204558120961
Copsychus albospecularis,230,3,38.9884159684163
Copsychus albospecularis,293,3,1.74986507844758
Copsychus albospecularis,303,3,82.0039305745362
Copsychus albospecularis,471,3,0.643250648132622
Copsychus albospecularis,472,3,0.64325064792037
Copsychus albospecularis,497,3,1.65325307838088
Copsychus albospecularis,508,3,0.367363554798603
Copsychus albospecularis,521,3,29.9356861212078
Copsychus albospecularis,551,3,365.543285326059
Copsychus albospecularis,564,3,0.275443051051259
Copsychus albospecularis,777,3,1.74189095719874
Copsychus albospecularis,1623,3,1.09175737492621
Copsychus albospecularis,1663,3,7.63979273292554
Copsychus albospecularis,1673,3,14.2775380444441
Copsychus albospecularis,1923,3,12992.2608174846
Copsychus albospecularis,9525,3,3.09337898071694
Copsychus albospecularis,9526,3,26.0157919395684
Copsychus albospecularis,9545,3,54.2551765402825
Copsychus albospecularis,9546,3,214.937875598836
Copsychus albospecularis,9547,3,587.522437766301
Copsychus albospecularis,9548,3,257.987775640312
Copsychus albospecularis,5574,26,278.731657643425
Copsychus albospecularis,5755,26,4.64537103983664
Copsychus albospecularis,6067,26,170.785426053188
Copsychus albospecularis,6110,26,224.299706164179
Copsychus albospecularis,6111,26,0.356448453989983
Copsychus albospecularis,6505,26,1229.15228165632
Copsychus albospecularis,7065,26,0.620648212959528
Copsychus albospecularis,7072,26,0.265972006814122
Copsychus albospecularis,7087,26,0.709200345668078
Copsychus albospecularis,7555,26,1.5016881141094
Copsychus albospecularis,8809,26,4488.42359403723
Copsychus albospecularis,9204,26,1254.95409240201
Copsychus albospecularis,9522,26,234.81411045919
Copsychus albospecularis,9563,26,45.1248040676905
Copsychus albospecularis,9564,26,126.845296287505
Copsychus albospecularis,3194,16,0.812480411258936
Copsychus albospecularis,3651,16,158.705818376245
Copsychus albospecularis,3817,16,70.171205546759
Copsychus albospecularis,4536,16,465.807169794926
Copsychus albospecularis,9467,16,38.3946948622806
Copsychus albospecularis,9475,16,1.35457540027201
Copsychus albospecularis,9535,16,122.701643372855
Copsychus albospecularis,9559,16,45.4757890931116
Copsychus albospecularis,9575,16,38.4612961439313
Copsychus albospecularis,9577,16,23.6377044755612
Copsychus albospecularis,9578,16,110.070037848945
Copsychus albospecularis,9582,16,29.7723925005817
Copsychus albospecularis,9587,16,2.70596556277776
Copsychus albospecularis,9590,16,0.360754872067451
Copsychus albospecularis,9591,16,67.6208545236654
Copsychus albospecularis,9594,16,47.3336670441899
Copsychus albospecularis,9595,16,15.2341434265082
Copsychus albospecularis,9596,16,3.15564838214624
Copsychus albospecularis,9597,16,65.1599201313749
Copsychus albospecularis,9598,16,3.15489428832662
Copsychus albospecularis,9599,16,0.360571648123503
Copsychus albospecularis,9602,16,11.8039994628603
Copsychus albospecularis,9603,16,26.8481144580816
Copsychus albospecularis,9605,16,2.34215426115477
Copsychus albospecularis,9606,16,19.9889174229442
Copsychus albospecularis,9607,16,14.2635312602702
Copsychus albospecularis,3985,27,2.87876883525968
Copsychus albospecularis,3987,27,0.899620833965421
Copsychus albospecularis,4010,27,0.269868277515173
Copsychus albospecularis,4408,27,176.465112044449
Copsychus albospecularis,4753,27,26.9070583393222
Copsychus albospecularis,4797,27,0.807085143688679
Copsychus albospecularis,4916,27,3.31648883063078
Copsychus albospecularis,4931,27,56.6032599712016
Copsychus albospecularis,4952,27,0.268873417920232
Copsychus albospecularis,5047,27,3.4040187478323
Copsychus albospecularis,5124,27,0.447793630896091
Copsychus albospecularis,5187,27,0.626775337970019
Copsychus albospecularis,9539,27,209.872692452065
Copsychus albospecularis,9566,27,56.9706430520978
Copsychus albospecularis,9608,27,33.0953660842072
Copsychus albospecularis,9569,28,16.4163595908247
Copsychus albospecularis,9570,28,14.8692397176668
Copsychus albospecularis,9571,28,26.0164300679771
Copsychus albospecularis,9572,28,308.475605014956
Copsychus albospecularis,9573,28,20.6443376237523
Copsychus albospecularis,9574,29,185.208699387767
Copsychus albospecularis,9527,25,132.962781072095
Copsychus albospecularis,9580,25,0.453956211002231
Copsychus albospecularis,9579,30,18.5469218373579
Coracopsis nigra,65,1,130.021860527528
Coracopsis nigra,66,1,6.4908973798604
Coracopsis nigra,68,1,8.4370977335708
Coracopsis nigra,91,1,43.2675847418705
Coracopsis nigra,7468,1,56.8711675529887
Coracopsis nigra,3674,13,36.331879859746
Coracopsis nigra,3717,13,130.568218715013
Coracopsis nigra,7704,13,6.47518067736232
Coracopsis nigra,7708,25,78.5054384879867
Coracopsis nigra,6754,24,2.33597082442749
Coracopsis nigra,7207,24,44.4928427752445
Coracopsis nigra,7701,24,57.1920356452289
Coracopsis nigra,7760,24,27.2715936270507
Coracopsis nigra,7761,24,29.4123165165292
Coracopsis nigra,7762,24,29.3885406549345
Coracopsis nigra,7763,24,20.6592519148769
Coracopsis nigra,7764,24,19.9515621485635
Coracopsis nigra,6374,7,2.61582415019357
Coracopsis nigra,6415,7,1.39385740344095
Coracopsis nigra,6420,7,129.582523862221
Coracopsis nigra,6627,7,1.47393099119139
Coracopsis nigra,6654,7,11.0948326900705
Coracopsis nigra,6823,7,94.1981087803569
Coracopsis nigra,7161,7,1.13414415884197
Coracopsis nigra,7202,7,255.091175992409
Coracopsis nigra,7205,7,45.1360753508905
Coracopsis nigra,7352,7,25.3907382257994
Coracopsis nigra,5136,9,171.071344628696
Coracopsis nigra,5531,9,35.9142155788532
Coracopsis nigra,7736,9,11.9837631239951
Coracopsis nigra,7776,9,8.19087994073701
Coracopsis nigra,7789,9,23.5087072345356
Coracopsis nigra,5972,10,55.3030478112986
Coracopsis nigra,6102,10,16.1215402504437
Coracopsis nigra,6232,10,46.5723968884147
Coracopsis nigra,7348,10,29.6282884787502
Coracopsis nigra,7349,10,36.3826787541578
Coracopsis nigra,7416,10,23.0620316261801
Coracopsis nigra,1451,21,16.3740665150672
Coracopsis nigra,1501,21,19.2038282113973
Coracopsis nigra,1528,21,1.91988596975875
Coracopsis nigra,1529,21,4.2053427026192
Coracopsis nigra,1545,21,2.46812535342741
Coracopsis nigra,1548,21,2.19383277368402
Coracopsis nigra,1551,21,16.0871950112846
Coracopsis nigra,1569,21,1.18809712456632
Coracopsis nigra,1570,21,9.23022386336541
Coracopsis nigra,1577,21,5.0262264291631
Coracopsis nigra,1605,21,8.86332816260099
Coracopsis nigra,1606,21,22.2892814174211
Coracopsis nigra,1625,21,10.9639024804163
Coracopsis nigra,1626,21,4.567756926453
Coracopsis nigra,1780,21,2.28180747323132
Coracopsis nigra,1840,21,424.470312290987
Coracopsis nigra,7455,21,14.9865047176591
Coracopsis nigra,7611,21,173.722750508177
Coracopsis nigra,1433,22,36.3372512144693
Coracopsis nigra,7485,22,5.86001237088037
Coracopsis nigra,7496,22,30.5684495112349
Coracopsis nigra,4171,23,35.8509582239029
Coracopsis nigra,4190,23,55.5362709867372
Coracopsis nigra,4200,23,0.985282145026565
Coracopsis nigra,4226,23,3.3134309653126
Coracopsis nigra,4268,23,2.32767118465054
Coracopsis nigra,4302,23,69.5634544487439
Coracopsis nigra,4349,23,2.50550766269672
Coracopsis nigra,4771,23,446.977989577737
Coracopsis nigra,7728,23,17.1081231937802
Coracopsis nigra,7729,23,1.79238486696017
Coracopsis nigra,7805,23,27.5139015001006
Coracopsis nigra,361,20,175.204558120961
Coracopsis nigra,508,20,38.9884159684163
Coracopsis nigra,786,20,1.56243208603442
Coracopsis nigra,803,20,1.1946710927344
Coracopsis nigra,811,20,53.7688087064452
Coracopsis nigra,813,20,3.21620605602419
Coracopsis nigra,816,20,1.10266377710527
Coracopsis nigra,827,20,1.10259928914046
Coracopsis nigra,829,20,2.02137478975803
Coracopsis nigra,832,20,1.65382056523675
Coracopsis nigra,863,20,1.46972063059181
Coracopsis nigra,889,20,58.6780858784226
Coracopsis nigra,915,20,432.708220309259
Coracopsis nigra,2388,20,15282.1048603128
Coracopsis nigra,3431,20,158.705818376245
Coracopsis nigra,3508,20,70.171205546759
Coracopsis nigra,3597,20,2.87876883525968
Coracopsis nigra,3785,20,176.465112044449
Coracopsis nigra,4885,20,170.785426053188
Coracopsis nigra,4927,20,224.299706164179
Coracopsis nigra,5211,20,465.807169794926
Coracopsis nigra,6302,20,4568.80264222246
Coracopsis nigra,6918,20,1320.72290065696
Coracopsis nigra,7143,20,179.54495541553
Coracopsis nigra,7555,20,38.3946948622806
Coracopsis nigra,7563,20,1.35457540027201
Coracopsis nigra,7692,20,20.7455502793244
Coracopsis nigra,7693,20,234.81411045919
Coracopsis nigra,7698,20,72.7284184850583
Coracopsis nigra,7767,20,77.4065442805075
Coracopsis nigra,7768,20,132.962781072095
Coracopsis nigra,7779,20,122.701643372855
Coracopsis nigra,7783,20,1633.8566839868
Coracopsis nigra,7790,20,47.8541654373711
Coracopsis nigra,7802,20,54.2551765402825
Coracopsis nigra,7803,20,587.522437766301
Coracopsis nigra,7804,20,257.987775640312
Coracopsis nigra,7818,20,45.4757890931116
Coracopsis nigra,7827,20,56.9706430520978
Coracopsis nigra,7828,20,1264.80094030401
Coracopsis nigra,7831,20,16.4163595908247
Coracopsis nigra,7832,20,14.8692397176668
Coracopsis nigra,7833,20,26.0164300679771
Coracopsis nigra,7834,20,308.475605014956
Coracopsis nigra,7835,20,20.6443376237523
Coracopsis nigra,7836,20,185.208699387767
Coracopsis nigra,7837,20,38.8224120711257
Coracopsis nigra,7838,20,23.6377044755612
Coracopsis nigra,7839,20,110.070037848945
Coracopsis nigra,7840,20,18.5469218373579
Coracopsis nigra,7843,20,29.7723925005817
Coracopsis nigra,7848,20,2.70596556277776
Coracopsis nigra,7852,20,67.5307001400677
Coracopsis nigra,7855,20,47.3336670441899
Coracopsis nigra,7856,20,15.2341434265082
Coracopsis nigra,7857,20,3.15564838214624
Coracopsis nigra,7858,20,65.1599201313749
Coracopsis nigra,7859,20,3.15489428832662
Coracopsis nigra,7864,20,11.8039994628603
Coracopsis nigra,7865,20,26.8481144580816
Coracopsis nigra,7867,20,2.34215426115477
Coracopsis nigra,7868,20,19.9889174229442
Coracopsis nigra,7869,20,14.2635312602702
Coracopsis nigra,7870,20,33.0953660842072
Corythornis madagascariensis,36,1,130.021860527528
Corythornis madagascariensis,37,1,6.4908973798604
Corythornis madagascariensis,39,1,8.4370977335708
Corythornis madagascariensis,84,1,43.4528749465152
Corythornis madagascariensis,4632,1,56.8711675529887
Corythornis madagascariensis,2500,11,78.5054384879867
Corythornis madagascariensis,2563,24,12.1327953566321
Corythornis madagascariensis,4838,24,65.5797173258648
Corythornis madagascariensis,4457,25,2.33597082442749
Corythornis madagascariensis,4835,25,57.1920356452289
Corythornis madagascariensis,4849,25,27.2715936270507
Corythornis madagascariensis,4850,25,29.4123165165292
Corythornis madagascariensis,4851,25,29.3885406549345
Corythornis madagascariensis,4852,25,20.6592519148769
Corythornis madagascariensis,4853,25,19.9515621485635
Corythornis madagascariensis,2862,3,27.5139015001006
Corythornis madagascariensis,2877,3,41.0293049223326
Corythornis madagascariensis,2884,3,2.32886922907722
Corythornis madagascariensis,2892,3,40.9179544183666
Corythornis madagascariensis,2900,3,3.3134309653126
Corythornis madagascariensis,2982,3,2.50550766269672
Corythornis madagascariensis,3041,3,231.661047268256
Corythornis madagascariensis,4845,3,13.8841261984153
Corythornis madagascariensis,4890,3,5.46634791741026
Corythornis madagascariensis,3513,9,79.3489481062419
Corythornis madagascariensis,4865,9,8.19087994073701
Corythornis madagascariensis,1094,20,16.3740665150672
Corythornis madagascariensis,1141,20,19.2038282113973
Corythornis madagascariensis,1166,20,1.91988596975887
Corythornis madagascariensis,1167,20,4.2053427026192
Corythornis madagascariensis,1182,20,22.2892814174211
Corythornis madagascariensis,1183,20,24.6792146248873
Corythornis madagascariensis,1193,20,2.83342021114933
Corythornis madagascariensis,1206,20,5.0262264291631
Corythornis madagascariensis,1211,20,8.86332816260099
Corythornis madagascariensis,1253,20,10.9639024804163
Corythornis madagascariensis,1254,20,4.567756926453
Corythornis madagascariensis,1364,20,2.28180747323132
Corythornis madagascariensis,1393,20,463.250495271562
Corythornis madagascariensis,4481,20,2.19383277368414
Corythornis madagascariensis,4482,20,30.6135540736676
Corythornis madagascariensis,4614,20,2.46812535342705
Corythornis madagascariensis,4622,20,14.9865047176591
Corythornis madagascariensis,4764,20,173.722750508177
Corythornis madagascariensis,1082,21,36.3372512144693
Corythornis madagascariensis,4649,21,5.86001237088037
Corythornis madagascariensis,4660,21,30.5684495112349
Corythornis madagascariensis,277,23,175.204558120961
Corythornis madagascariensis,378,23,38.9884159684163
Corythornis madagascariensis,585,23,1.56243208603442
Corythornis madagascariensis,601,23,53.7688087064452
Corythornis madagascariensis,602,23,3.21620605602419
Corythornis madagascariensis,615,23,2.02137478975803
Corythornis madagascariensis,617,23,1.65382056523675
Corythornis madagascariensis,641,23,1.46972063059181
Corythornis madagascariensis,663,23,58.6780858784226
Corythornis madagascariensis,683,23,432.708220309259
Corythornis madagascariensis,1733,23,15252.0716421369
Corythornis madagascariensis,4480,23,179.54495541553
Corythornis madagascariensis,4856,23,77.4065442805075
Corythornis madagascariensis,4872,23,47.8541654373711
Corythornis madagascariensis,4884,23,54.2551765402825
Corythornis madagascariensis,4885,23,587.522437766301
Corythornis madagascariensis,4886,23,257.987775640312
Corythornis madagascariensis,2364,26,158.705818376245
Corythornis madagascariensis,2420,26,70.171205546759
Corythornis madagascariensis,2479,26,2.87876883525968
Corythornis madagascariensis,2604,26,176.465112044449
Corythornis madagascariensis,3363,26,170.785426053188
Corythornis madagascariensis,3397,26,224.299706164179
Corythornis madagascariensis,3617,26,465.807169794926
Corythornis madagascariensis,4298,26,4568.97960768796
Corythornis madagascariensis,4473,26,1320.72290065696
Corythornis madagascariensis,4716,26,38.3946948622806
Corythornis madagascariensis,4826,26,20.7455502793244
Corythornis madagascariensis,4827,26,234.81411045919
Corythornis madagascariensis,4832,26,72.7284184850583
Corythornis madagascariensis,4867,26,122.701643372855
Corythornis madagascariensis,4871,26,1633.8566839868
Corythornis madagascariensis,4900,26,45.4757890931116
Corythornis madagascariensis,4909,26,56.9706430520978
Corythornis madagascariensis,4910,26,1264.80094030401
Corythornis madagascariensis,4919,26,38.8224120711257
Corythornis madagascariensis,4920,26,23.6377044755612
Corythornis madagascariensis,4921,26,110.070037848945
Corythornis madagascariensis,4925,26,29.7723925005817
Corythornis madagascariensis,4930,26,2.70596556277776
Corythornis madagascariensis,4934,26,67.5307001400677
Corythornis madagascariensis,4937,26,47.3336670441899
Corythornis madagascariensis,4938,26,15.2341434265082
Corythornis madagascariensis,4939,26,3.15564838214624
Corythornis madagascariensis,4940,26,65.1599201313749
Corythornis madagascariensis,4941,26,3.15489428832662
Corythornis madagascariensis,4946,26,11.8039994628603
Corythornis madagascariensis,4947,26,26.8481144580816
Corythornis madagascariensis,4949,26,2.34215426115477
Corythornis madagascariensis,4950,26,19.9889174229442
Corythornis madagascariensis,4951,26,14.2635312602702
Corythornis madagascariensis,4952,26,33.0953660842072
Corythornis madagascariensis,4857,27,132.962781072095
Corythornis madagascariensis,4922,27,18.5469218373579
Corythornis madagascariensis,4913,28,16.4163595908247
Corythornis madagascariensis,4914,28,14.8692397176668
Corythornis madagascariensis,4915,28,26.0164300679771
Corythornis madagascariensis,4916,28,308.475605014956
Corythornis madagascariensis,4917,28,20.6443376237523
Corythornis madagascariensis,4918,28,185.208699387767
Coua caerulea,846,3,57.1920356452289
Coua caerulea,871,3,27.2715936270507
Coua caerulea,872,3,29.4123165165292
Coua caerulea,873,3,29.3885406549345
Coua caerulea,6,2,138.287913192056
Coua caerulea,7,2,39.509202497578
Coua caerulea,8,2,15.8715926119485
Coua caerulea,9,2,24.8162057997373
Coua caerulea,10,2,904.417938398414
Coua caerulea,11,2,6.35988374095314
Coua caerulea,12,2,17.7836259858013
Coua caerulea,15,2,4.05232580194205
Coua caerulea,25,2,87.891058647152
Coua caerulea,48,2,3.30296723872137
Coua caerulea,52,2,2.65988935294008
Coua caerulea,118,2,3.73408961568439
Coua caerulea,120,2,257.987775640312
Coua caerulea,121,2,11532.9018508844
Coua caerulea,132,2,132.962781072095
Coua caerulea,208,2,14.2635312602674
Coua caerulea,217,2,45.4757890931116
Coua caerulea,248,2,15.2341434265064
Coua caerulea,263,2,26.7580247753003
Coua caerulea,268,2,65.1599201313749
Coua caerulea,271,2,158.705818376245
Coua caerulea,295,2,70.171205546759
Coua caerulea,311,2,2.87876883525968
Coua caerulea,332,2,372.086339187632
Coua caerulea,338,2,176.465112044449
Coua caerulea,421,2,557.577341814295
Coua caerulea,427,2,3.4040187478323
Coua caerulea,546,2,1003.01398386417
Coua caerulea,553,2,170.785426053188
Coua caerulea,560,2,224.299706164179
Coua caerulea,570,2,718.361344675894
Coua caerulea,581,2,110.717962739852
Coua caerulea,604,2,241.843234234965
Coua caerulea,679,2,7.08298393171608
Coua caerulea,772,2,4099.42342518424
Coua caerulea,783,2,197.223022931024
Coua caerulea,788,2,10.3767457573529
Coua caerulea,797,2,1236.77439693471
Coua caerulea,816,2,6.60311605216253
Coua caerulea,819,2,16.0684737306561
Coua caerulea,847,2,4.69837395759118
Coua caerulea,848,2,29.5662179117258
Coua caerulea,851,2,29.9512162682307
Coua caerulea,855,2,146.68071809475
Coua caerulea,870,2,28.5759586110733
Coua caerulea,878,2,27.3206914378723
Coua caerulea,879,2,126.581175831375
Coua caerulea,881,2,54.2551765402825
Coua caerulea,884,2,56.9706430520978
Coua caerulea,885,2,18.5469218373579
Coua caerulea,887,2,55.9437887277733
Coua caerulea,888,2,29.7723925005817
Coua caerulea,889,2,26.5163255870927
Coua caerulea,892,2,16.4163595908247
Coua caerulea,893,2,14.8692397176668
Coua caerulea,894,2,26.0164300679771
Coua caerulea,895,2,308.475605014956
Coua caerulea,896,2,20.6443376237523
Coua caerulea,897,2,185.208699387767
Coua caerulea,898,2,73.433436891347
Coua caerulea,899,2,23.6377044755612
Coua caerulea,900,2,110.070037848945
Coua caerulea,901,2,33.0953660842072
Coua cristata,51,1,130.021860527528
Coua cristata,52,1,6.4908973798604
Coua cristata,54,1,8.4370977335708
Coua cristata,105,1,43.4528749465152
Coua cristata,4533,1,56.8711675529887
Coua cristata,1179,18,16.3740665150672
Coua cristata,1224,18,2.19464777098459
Coua cristata,1231,18,12.894550309714
Coua cristata,1287,18,1.46201426250422
Coua cristata,1301,18,2.64969806134474
Coua cristata,1314,18,7.03479595916414
Coua cristata,1316,18,4.567756926453
Coua cristata,1326,18,9.04258868397665
Coua cristata,1425,18,31.0315972086302
Coua cristata,1431,18,2.28180747323132
Coua cristata,1452,18,173.722750508177
Coua cristata,4525,18,14.9865047176591
Coua cristata,4639,18,81.3668221959746
Coua cristata,2442,14,36.331879859746
Coua cristata,2472,14,130.568218715013
Coua cristata,4723,14,6.47518067736232
Coua cristata,4727,25,78.5054384879867
Coua cristata,4019,23,2.33597082442749
Coua cristata,4315,23,44.4928427752445
Coua cristata,4532,23,57.1920356452289
Coua cristata,4778,23,27.2715936270507
Coua cristata,4779,23,29.4123165165292
Coua cristata,4780,23,29.3885406549345
Coua cristata,4781,23,20.6592519148769
Coua cristata,4782,23,19.9515621485635
Coua cristata,3971,10,3.38022994819081
Coua cristata,3979,10,12.0483039035151
Coua cristata,4028,10,462.354759214358
Coua cristata,4276,10,17.8876522784661
Coua cristata,4312,10,45.1360753508905
Coua cristata,4364,10,43.8812656595538
Coua cristata,3418,11,19.2725371855396
Coua cristata,3633,11,76.4973862589936
Coua cristata,3704,11,11.2152296825547
Coua cristata,3768,11,46.5723968884147
Coua cristata,4308,11,58.4639144571832
Coua cristata,4353,11,7.50890607225883
Coua cristata,4355,11,18.6823267181581
Coua cristata,4357,11,13.0307413413469
Coua cristata,4361,11,6.06907414019537
Coua cristata,4400,11,36.3826787541578
Coua cristata,4420,11,29.6282884787502
Coua cristata,4421,11,9.25706128804803
Coua cristata,4424,11,4.31856011909986
Coua cristata,4426,11,2.02272765648687
Coua cristata,4504,11,23.0620316261801
Coua cristata,4796,11,16.0848499706674
Coua cristata,4798,11,2.03225787389851
Coua cristata,4800,11,2.12150208466887
Coua cristata,3149,13,171.071344628696
Coua cristata,3330,13,35.9142155788532
Coua cristata,4757,13,11.9837631239951
Coua cristata,4792,13,8.19087994073701
Coua cristata,4795,13,23.5087072345356
Coua cristata,1167,22,36.3372512144693
Coua cristata,4550,22,5.86001237088037
Coua cristata,4561,22,30.5684495112349
Coua cristata,2712,24,35.8509582239029
Coua cristata,2723,24,55.5362709867372
Coua cristata,2728,24,2.32886922907722
Coua cristata,2739,24,3.3134309653126
Coua cristata,2761,24,2.32767118465054
Coua cristata,2777,24,69.5634544487439
Coua cristata,2800,24,2.50550766269672
Coua cristata,2926,24,447.246337067564
Coua cristata,4747,24,17.1081231937802
Coua cristata,4748,24,1.79238486696017
Coua cristata,4818,24,27.5139015001006
Coua cristata,328,21,175.204558120961
Coua cristata,337,21,78.3849573442431
Coua cristata,368,21,15.8715926119485
Coua cristata,383,21,24.8162057997349
Coua cristata,446,21,27.563875972
Coua cristata,457,21,38.9884159684163
Coua cristata,616,21,622.815394632602
Coua cristata,674,21,1.56243208603442
Coua cristata,683,21,1.1946710927344
Coua cristata,688,21,53.7688087064452
Coua cristata,689,21,3.21620605602419
Coua cristata,692,21,1.10266377710527
Coua cristata,701,21,1.10259928914046
Coua cristata,703,21,2.02137478975803
Coua cristata,706,21,1.65382056523675
Coua cristata,733,21,1.46972063059181
Coua cristata,756,21,58.6780858784226
Coua cristata,769,21,432.708220309259
Coua cristata,1389,21,1.09562847792959
Coua cristata,1692,21,13866.2007252393
Coua cristata,1700,21,1.81943564341068
Coua cristata,1709,21,77.4065442805075
Coua cristata,4785,21,31.4878831114368
Coua cristata,4801,21,47.8541654373711
Coua cristata,4812,21,25.7528153259755
Coua cristata,4813,21,524.455388418614
Coua cristata,4814,21,226.406210796349
Coua cristata,1767,26,73.9355969624028
Coua cristata,2262,26,158.705818376245
Coua cristata,2321,26,70.171205546759
Coua cristata,2390,26,2.87876883525968
Coua cristata,2515,26,176.465112044449
Coua cristata,2916,26,16.5183256766745
Coua cristata,2924,26,3.03536821130764
Coua cristata,2929,26,1.96377893533659
Coua cristata,2943,26,4.4623509704634
Coua cristata,2966,26,465.807169794926
Coua cristata,3008,26,12.7478930967271
Coua cristata,3045,26,141.229145437578
Coua cristata,3061,26,101.272206066713
Coua cristata,3174,26,1.68964842398798
Coua cristata,3178,26,993.985032722171
Coua cristata,3186,26,33.0761253114545
Coua cristata,3213,26,2.66611274245572
Coua cristata,3235,26,27.0934552564401
Coua cristata,3245,26,2.0424607049098
Coua cristata,3265,26,135.229528430643
Coua cristata,3323,26,70.0644261897868
Coua cristata,3409,26,19.3606791590857
Coua cristata,3457,26,2.65011391026461
Coua cristata,3463,26,14.1304494246292
Coua cristata,3475,26,19.1586361071781
Coua cristata,3801,26,2829.15322990787
Coua cristata,3922,26,5.30358653567576
Coua cristata,4143,26,1252.30662240013
Coua cristata,4718,26,20.7455502793244
Coua cristata,4719,26,234.81411045919
Coua cristata,4786,26,122.701643372855
Coua cristata,4788,26,1218.81561361987
Coua cristata,4823,26,45.4757890931116
Coua cristata,4831,26,56.9706430520978
Coua cristata,4832,26,34.1480888871163
Coua cristata,4835,26,16.4163595908247
Coua cristata,4836,26,14.8692397176668
Coua cristata,4837,26,26.0164300679771
Coua cristata,4838,26,294.616655955408
Coua cristata,4839,26,20.6443376237523
Coua cristata,4840,26,185.208699387767
Coua cristata,4841,26,23.6377044755612
Coua cristata,4842,26,110.070037848945
Coua cristata,4844,26,29.7723925005817
Coua cristata,4849,26,2.70596556277776
Coua cristata,4853,26,67.5307001400677
Coua cristata,4856,26,47.3336670441899
Coua cristata,4857,26,15.2341434265082
Coua cristata,4858,26,3.15564838214624
Coua cristata,4859,26,65.1599201313749
Coua cristata,4860,26,3.15489428832662
Coua cristata,4865,26,11.8039994628603
Coua cristata,4866,26,26.8481144580816
Coua cristata,4868,26,2.34215426115477
Coua cristata,4869,26,19.9889174229442
Coua cristata,4870,26,14.2635312602702
Coua cristata,4871,26,33.0953660842072
Coua reynaudii,4,2,181.38029479108
Coua reynaudii,7,2,51.7890604442961
Coua reynaudii,9,2,150.284963521086
Coua reynaudii,16,2,3.50637091730225
Coua reynaudii,17,2,2.21454840610319
Coua reynaudii,21,2,38.0976185701168
Coua reynaudii,24,2,27.6738798421324
Coua reynaudii,27,2,34.8530751047845
Coua reynaudii,40,2,29.3034730640088
Coua reynaudii,47,2,100.250169065042
Coua reynaudii,48,2,383.581825779322
Coua reynaudii,49,2,40.2587459644453
Coua reynaudii,54,2,341.593766137275
Coua reynaudii,58,2,56.9979385031933
Coua reynaudii,59,2,6.25186649493766
Coua reynaudii,64,2,1558.63794044362
Coua reynaudii,78,2,5.77274455880851
Coua reynaudii,80,2,7.4203096835655
Coua reynaudii,86,2,65.1697736575992
Coua reynaudii,90,2,4404.84859409143
Coua reynaudii,94,2,10.6968829958979
Coua reynaudii,97,2,842.23013299109
Coua reynaudii,100,2,18.7867803754567
Coua reynaudii,101,2,3.46533733650792
Coua reynaudii,103,2,516.155901372223
Coua reynaudii,104,2,146.68071809475
Coua reynaudii,107,2,3.82909888804102
Coua reynaudii,108,2,21.7001741978295
Coua reynaudii,110,2,21.694845079512
Coua reynaudii,116,2,18.3080449645846
Coua reynaudii,118,2,25.0430807721813
Coua reynaudii,127,2,13.8228173918955
Coua reynaudii,129,2,373.672584549616
Coua reynaudii,789,2,3.09337898071694
Coua reynaudii,790,2,26.0157919395684
Coua reynaudii,792,2,797.019392082928
Coua reynaudii,793,2,31.6985241435662
Coua reynaudii,794,2,4.41786551827597
Coua reynaudii,795,2,25.7528153259755
Coua reynaudii,796,2,59.3564680753992
Coua reynaudii,797,2,164.540858163651
Coua reynaudii,798,2,257.987775640312
Coua reynaudii,222,4,21.181140582427
Coua reynaudii,225,4,31.3725311600494
Coua reynaudii,226,4,11.1771037265234
Coua reynaudii,232,4,41.9852753191171
Coua reynaudii,318,4,435.970572806501
Coua reynaudii,327,4,33.404609637262
Coua reynaudii,328,4,49.8243460589864
Coua reynaudii,358,4,8.61674749869728
Coua reynaudii,400,4,26.9070583393222
Coua reynaudii,439,4,43.2449532985042
Coua reynaudii,466,4,3.4040187478323
Coua reynaudii,513,4,9.03832219414033
Coua reynaudii,516,4,48.7879919711575
Coua reynaudii,527,4,50.9665992892735
Coua reynaudii,556,4,45.1248040676905
Coua reynaudii,559,4,10.3650947225828
Coua reynaudii,575,4,116.883309489826
Coua reynaudii,589,4,3.03338654372942
Coua reynaudii,597,4,170.785426053188
Coua reynaudii,601,4,257.102386454335
Coua reynaudii,603,4,224.299706164162
Coua reynaudii,607,4,145.992921727294
Coua reynaudii,616,4,108.670601299468
Coua reynaudii,619,4,15.9348882808119
Coua reynaudii,624,4,37.0244919187729
Coua reynaudii,637,4,129.777591602239
Coua reynaudii,644,4,64.1921890918337
Coua reynaudii,671,4,364.950346736809
Coua reynaudii,689,4,11.3602664209353
Coua reynaudii,690,4,4.31124233271003
Coua reynaudii,691,4,2139.64861990241
Coua reynaudii,714,4,838.936465241628
Coua reynaudii,741,4,1166.18818442552
Coua reynaudii,746,4,23.1220312933333
Coua reynaudii,749,4,6.60311605216253
Coua reynaudii,753,4,16.0684737306561
Coua reynaudii,775,4,56.646808939644
Coua reynaudii,778,4,234.726847250796
Coua reynaudii,788,4,30.0074979593105
Coua reynaudii,791,4,95.8181822678679
Coua reynaudii,808,4,45.4757890931116
Coua reynaudii,811,4,31.3897880654455
Coua reynaudii,813,4,2.58870931440878
Coua reynaudii,815,4,3.12196956157851
Coua reynaudii,819,4,14.8692397176668
Coua reynaudii,820,4,26.0164300679771
Coua reynaudii,821,4,294.616655955408
Coua reynaudii,822,4,15.211670940587
Coua reynaudii,823,4,185.208699387767
Coua reynaudii,824,4,34.7582642065362
Coua reynaudii,825,4,23.6377044755612
Coua reynaudii,826,4,110.070037848945
Coua reynaudii,827,4,29.426242437476
Coua reynaudii,828,4,14.2635312602702
Coua reynaudii,215,3,12.6205519055365
Coua reynaudii,249,3,11.6120186176995
Coua reynaudii,253,3,65.1599201313749
Coua reynaudii,272,3,16.6469548786582
Coua reynaudii,816,3,55.9437887277733
Coua reynaudii,817,3,29.7723925005817
Coua reynaudii,818,3,26.5163255870927
Coua serriana,1,1,105.226234539121
Coua serriana,5,1,331.098125295111
Coua serriana,6,1,27.0061736506458
Coua serriana,11,1,3.13243296555978
Coua serriana,12,1,298.884562943772
Coua serriana,16,1,115.416475571589
Coua serriana,28,1,18.468422871011
Coua serriana,40,1,8.71055469847292
Coua serriana,42,1,1.55853332586092
Coua serriana,43,1,4.12545809786367
Coua serriana,44,1,5.22484076185155
Coua serriana,86,1,118.609435406334
Coua serriana,134,1,7971.45965481731
Coua serriana,299,1,65.1599201313749
Coua serriana,318,1,158.705818376245
Coua serriana,347,1,11.6120186176995
Coua serriana,357,1,70.171205546759
Coua serriana,373,1,19.0759812224051
Coua serriana,383,1,2.69846636686766
Coua serriana,388,1,2.87876883525968
Coua serriana,392,1,4.58734981390798
Coua serriana,426,1,8.17787618780792
Coua serriana,430,1,465.807169794926
Coua serriana,439,1,22.2706313779993
Coua serriana,440,1,49.8243460589864
Coua serriana,465,1,8.61674749869728
Coua serriana,506,1,26.3690466206299
Coua serriana,534,1,3.31648883063078
Coua serriana,544,1,30.0074979593105
Coua serriana,553,1,3.4040187478323
Coua serriana,598,1,9.03832219414033
Coua serriana,603,1,36.0507839665924
Coua serriana,606,1,26.3917366286463
Coua serriana,634,1,33.8863839629424
Coua serriana,656,1,10.3650947225828
Coua serriana,679,1,18.0366255786774
Coua serriana,687,1,10.0843859371828
Coua serriana,694,1,3.03338654372942
Coua serriana,700,1,28.5373893463757
Coua serriana,709,1,207.799611397146
Coua serriana,710,1,3.29785010889542
Coua serriana,715,1,222.336112580896
Coua serriana,754,1,8.36032460169374
Coua serriana,757,1,596.136070151901
Coua serriana,761,1,12.2696476701559
Coua serriana,763,1,20.6215166086694
Coua serriana,777,1,3.10976851133704
Coua serriana,778,1,57.8187193650691
Coua serriana,796,1,145.357064291604
Coua serriana,963,1,5.51709965046513
Coua serriana,972,1,2.45062763333797
Coua serriana,976,1,15.3109534877646
Coua serriana,986,1,80.7559681280681
Coua serriana,992,1,2761.36226392216
Coua serriana,1008,1,49.3793340140425
Coua serriana,1019,1,190.192342901244
Coua serriana,1025,1,185.019204770686
Coua serriana,1045,1,153.71284561751
Coua serriana,1046,1,29.8631255431825
Coua serriana,1047,1,151.103738390959
Coua serriana,1049,1,77.4065442805075
Coua serriana,1056,1,95.8181822678679
Coua serriana,1057,1,68.8256868345739
Coua serriana,1058,1,1208.78032834551
Coua serriana,1059,1,114.419103813357
Coua serriana,1060,1,176.563746963175
Coua serriana,1064,1,34.5529786935941
Coua serriana,1071,1,45.4757890931116
Coua serriana,1075,1,47.2535337259584
Coua serriana,1076,1,78.8713894917136
Coua serriana,1079,1,23.6377044755612
Coua serriana,1080,1,110.070037848945
Coua serriana,1082,1,2.70596556277776
Coua serriana,1086,1,67.5307001400677
Coua serriana,1089,1,45.8014299205668
Coua serriana,1090,1,15.2341434265082
Coua serriana,1091,1,1.71307223816216
Coua serriana,1092,1,3.15489428832662
Coua serriana,1098,1,11.8039994628603
Coua serriana,1099,1,26.8481144580816
Coua serriana,1101,1,2.34215426115477
Coua serriana,1102,1,19.9889174229442
Coua serriana,1103,1,24.7474065042322
Coua serriana,1104,1,14.2635312602702
Crossleyia xanthophrys,1,1,115.532366832524
Crossleyia xanthophrys,2,2,27.3332108829928
Crossleyia xanthophrys,13,4,29.7954089278805
Crossleyia xanthophrys,14,5,30.0657602548156
Crossleyia xanthophrys,21,6,24.1477017362652
Crossleyia xanthophrys,26,8,59.1002417942704
Crossleyia xanthophrys,27,9,47.6733437306255
Crossleyia xanthophrys,28,9,59.7117294058333
Crossleyia xanthophrys,29,10,83.2133630683468
Crossleyia xanthophrys,31,12,29.290227912244
Crossleyia xanthophrys,34,12,18.9148983457112
Crossleyia xanthophrys,35,12,0.367143398642659
Crossleyia xanthophrys,36,12,4.95616607062143
Crossleyia xanthophrys,37,12,19.8205211282847
Crossleyia xanthophrys,38,12,0.367093046224177
Crossleyia xanthophrys,47,12,1.37619193792653
Crossleyia xanthophrys,48,12,7.33995854315436
Crossleyia xanthophrys,53,14,21.9141509238995
Crossleyia xanthophrys,74,15,90.0615537520635
Crossleyia xanthophrys,102,18,30.8125924480566
Crossleyia xanthophrys,103,18,29.8980611397107
Crossleyia xanthophrys,389,34,15.9430514692196
Crossleyia xanthophrys,390,34,30.104325679585
Crossleyia xanthophrys,391,35,7.47719265585076
Crossleyia xanthophrys,392,35,0.801105702370286
Crossleyia xanthophrys,394,35,2.75890041915631
Crossleyia xanthophrys,397,35,14.6775891612542
Crossleyia xanthophrys,398,35,4.09114334311438
Crossleyia xanthophrys,399,35,7.37843342656613
Crossleyia xanthophrys,408,47,27.8834162356298
Crossleyia xanthophrys,410,47,56.3543703956452
Crossleyia xanthophrys,412,47,57.1303865703661
Crossleyia xanthophrys,413,36,49.2678285290477
Crossleyia xanthophrys,416,37,141.542495493491
Crossleyia xanthophrys,417,37,59.046060356799
Crossleyia xanthophrys,418,37,27.2103975337671
Crossleyia xanthophrys,419,37,1.32446653053212
Crossleyia xanthophrys,420,37,15.5382180053514
Crossleyia xanthophrys,423,38,87.8567465070326
Crossleyia xanthophrys,435,40,25.4876078240188
Crossleyia xanthophrys,436,40,4.55334596369445
Crossleyia xanthophrys,438,40,86.6859480895541
Crossleyia xanthophrys,442,41,49.4813402978266
Crossleyia xanthophrys,445,42,9.95451368525862
Crossleyia xanthophrys,447,42,0.436542653828383
Crossleyia xanthophrys,448,43,25.7114929375187
Crossleyia xanthophrys,449,44,22.6346906162142
Crossleyia xanthophrys,450,45,27.2715936270423
Crossleyia xanthophrys,110,23,27.3206914378619
Crossleyia xanthophrys,63,13,0.366630708439112
Crossleyia xanthophrys,67,13,13.0139317565306
Crossleyia xanthophrys,78,13,6.50515091839236
Crossleyia xanthophrys,98,17,28.6147550266778
Crossleyia xanthophrys,20,7,29.677842472172
Crossleyia xanthophrys,22,7,31.6985197321722
Crossleyia xanthophrys,23,7,28.8356812149402
Crossleyia xanthophrys,24,7,136.943015054485
Crossleyia xanthophrys,25,7,29.3691818463613
Crossleyia xanthophrys,451,7,4.41786551827597
Crossleyia xanthophrys,452,7,0.46018793798399
Crossleyia xanthophrys,100,50,19.032073464206
Crossleyia xanthophrys,104,19,64.4014907657786
Crossleyia xanthophrys,105,19,61.028022813613
Crossleyia xanthophrys,107,21,73.433436891347
Crossleyia xanthophrys,108,22,29.7723925005927
Crossleyia xanthophrys,109,51,52.0931107730117
Crossleyia xanthophrys,172,48,52.1844744613872
Crossleyia xanthophrys,113,49,19.4649202716011
Cryptosylvicola randrianasoloi,1,1,29.0015402895183
Cryptosylvicola randrianasoloi,2,2,0.369097689209938
Cryptosylvicola randrianasoloi,4,2,88.8389861691498
Cryptosylvicola randrianasoloi,5,2,16.2380797407139
Cryptosylvicola randrianasoloi,6,2,29.6046676179308
Cryptosylvicola randrianasoloi,9,2,59.6386258950888
Cryptosylvicola randrianasoloi,13,2,31.790673218183
Cryptosylvicola randrianasoloi,14,2,25.3295724640318
Cryptosylvicola randrianasoloi,15,4,59.7444529941496
Cryptosylvicola randrianasoloi,20,6,0.276167274636447
Cryptosylvicola randrianasoloi,21,6,7.91582309376431
Cryptosylvicola randrianasoloi,22,4,28.9945355610176
Cryptosylvicola randrianasoloi,23,6,1.19669685054296
Cryptosylvicola randrianasoloi,35,7,29.9084357813374
Cryptosylvicola randrianasoloi,42,9,21.336136544534
Cryptosylvicola randrianasoloi,43,9,25.8418336022724
Cryptosylvicola randrianasoloi,45,9,0.367843747830391
Cryptosylvicola randrianasoloi,52,9,232.618613320978
Cryptosylvicola randrianasoloi,70,9,29.1983259148607
Cryptosylvicola randrianasoloi,97,17,89.6942326179207
Cryptosylvicola randrianasoloi,276,27,0.539962693065524
Cryptosylvicola randrianasoloi,277,27,19.0759812224051
Cryptosylvicola randrianasoloi,279,27,0.179958904524803
Cryptosylvicola randrianasoloi,280,27,2.87876883525968
Cryptosylvicola randrianasoloi,281,27,0.899620833965421
Cryptosylvicola randrianasoloi,282,27,0.269868277515173
Cryptosylvicola randrianasoloi,284,27,33.0953660842019
Cryptosylvicola randrianasoloi,289,30,17.7001141877385
Cryptosylvicola randrianasoloi,354,32,24.677084764406
Cryptosylvicola randrianasoloi,364,32,28.3302766178341
Cryptosylvicola randrianasoloi,381,32,1.25075870576167
Cryptosylvicola randrianasoloi,382,33,10.0843859371828
Cryptosylvicola randrianasoloi,384,35,15.9430514692196
Cryptosylvicola randrianasoloi,385,35,30.104325679585
Cryptosylvicola randrianasoloi,388,34,41.3342277621842
Cryptosylvicola randrianasoloi,390,34,2.22619413036621
Cryptosylvicola randrianasoloi,391,34,2.22612119091761
Cryptosylvicola randrianasoloi,392,34,8.45769562496112
Cryptosylvicola randrianasoloi,395,34,6.49600297978592
Cryptosylvicola randrianasoloi,396,34,0.177981762779713
Cryptosylvicola randrianasoloi,399,34,0.177973798285246
Cryptosylvicola randrianasoloi,400,34,25.5320059284103
Cryptosylvicola randrianasoloi,409,34,4.09114334311438
Cryptosylvicola randrianasoloi,411,34,2.40106290664852
Cryptosylvicola randrianasoloi,412,34,3.55699395659041
Cryptosylvicola randrianasoloi,413,34,0.177858824382067
Cryptosylvicola randrianasoloi,415,34,9.86929783155024
Cryptosylvicola randrianasoloi,416,34,482.679860462256
Cryptosylvicola randrianasoloi,417,34,105.315826025566
Cryptosylvicola randrianasoloi,419,34,26.1784941060526
Cryptosylvicola randrianasoloi,421,34,0.618742599579573
Cryptosylvicola randrianasoloi,422,34,2.91674773547077
Cryptosylvicola randrianasoloi,423,34,25.806559436765
Cryptosylvicola randrianasoloi,427,34,118.710429518232
Cryptosylvicola randrianasoloi,430,34,183.17360782158
Cryptosylvicola randrianasoloi,444,37,29.6010433493721
Cryptosylvicola randrianasoloi,445,37,30.8233521124446
Cryptosylvicola randrianasoloi,446,38,0.261868806515336
Cryptosylvicola randrianasoloi,447,38,340.998528779111
Cryptosylvicola randrianasoloi,450,38,19.3486232668558
Cryptosylvicola randrianasoloi,454,38,0.522999364481807
Cryptosylvicola randrianasoloi,458,38,26.4879455156572
Cryptosylvicola randrianasoloi,460,38,22.6346906162142
Cryptosylvicola randrianasoloi,462,38,3.82950872338784
Cryptosylvicola randrianasoloi,95,15,29.4262424374763
Cryptosylvicola randrianasoloi,76,12,123.573192279123
Cryptosylvicola randrianasoloi,506,12,31.5815648439639
Cryptosylvicola randrianasoloi,316,39,58.1061090976826
Cryptosylvicola randrianasoloi,169,21,29.8365955454182
Cryptosylvicola randrianasoloi,239,21,29.7379084643435
Cryptosylvicola randrianasoloi,507,21,29.7639165075731
Cryptosylvicola randrianasoloi,263,25,52.0931107730117
Cryptosylvicola randrianasoloi,508,40,29.7723925005817
Cryptosylvicola randrianasoloi,283,26,79.9975426822536
Cryptosylvicola randrianasoloi,285,26,21.7629635103435
Cyanolanius madagascarinus,6196,96,21.2443070814972
Cyanolanius madagascarinus,401,80,0.370271373195231
Cyanolanius madagascarinus,402,80,0.462834125284791
Cyanolanius madagascarinus,406,80,43.0377824654073
Cyanolanius madagascarinus,423,80,1.48074673073471
Cyanolanius madagascarinus,424,80,1.66577102635694
Cyanolanius madagascarinus,428,80,0.277623898765862
Cyanolanius madagascarinus,434,80,0.277610584835947
Cyanolanius madagascarinus,467,80,1.38815019469857
Cyanolanius madagascarinus,2578,87,0.275667671454787
Cyanolanius madagascarinus,2594,87,1.92954817861235
Cyanolanius madagascarinus,2697,87,0.275591552190423
Cyanolanius madagascarinus,2716,87,0.367434207116008
Cyanolanius madagascarinus,2735,87,33.8991079803611
Cyanolanius madagascarinus,22667,87,0.367500048400104
Cyanolanius madagascarinus,207,107,0.463597745714188
Cyanolanius madagascarinus,256,107,43.2038186617044
Cyanolanius madagascarinus,131,35,0.55664420881176
Cyanolanius madagascarinus,135,35,0.371099061261296
Cyanolanius madagascarinus,138,35,0.556625695955813
Cyanolanius madagascarinus,150,35,0.463806772104442
Cyanolanius madagascarinus,157,35,0.27827526928854
Cyanolanius madagascarinus,159,35,0.463781360735595
Cyanolanius madagascarinus,173,35,0.278243954662919
Cyanolanius madagascarinus,187,35,0.27820176096195
Cyanolanius madagascarinus,190,35,0.64914825101471
Cyanolanius madagascarinus,197,35,130.021860527528
Cyanolanius madagascarinus,201,35,6.4908973798604
Cyanolanius madagascarinus,206,35,8.4370977335708
Cyanolanius madagascarinus,22700,35,56.8711675529887
Cyanolanius madagascarinus,268,108,43.2675847418705
Cyanolanius madagascarinus,9724,25,38.0240908844043
Cyanolanius madagascarinus,9799,25,3.07696966736627
Cyanolanius madagascarinus,9808,25,0.723997986286044
Cyanolanius madagascarinus,9859,25,0.361958205401897
Cyanolanius madagascarinus,22858,25,0.452763459861636
Cyanolanius madagascarinus,13262,115,130.568218715013
Cyanolanius madagascarinus,22948,116,78.5054384879867
Cyanolanius madagascarinus,22414,113,2.33597082442749
Cyanolanius madagascarinus,22938,113,57.1920356452289
Cyanolanius madagascarinus,22483,118,0.777178853789091
Cyanolanius madagascarinus,22821,118,0.604549703200817
Cyanolanius madagascarinus,22980,118,27.2715936270507
Cyanolanius madagascarinus,22981,118,29.4123165165292
Cyanolanius madagascarinus,22982,118,29.3885406549345
Cyanolanius madagascarinus,22983,118,20.6592519148769
Cyanolanius madagascarinus,22984,118,19.9515621485635
Cyanolanius madagascarinus,12507,114,36.331879859746
Cyanolanius madagascarinus,12999,114,0.449603298739433
Cyanolanius madagascarinus,13000,114,0.359686745625973
Cyanolanius madagascarinus,22944,114,6.47518067736232
Cyanolanius madagascarinus,22946,114,0.449634089967847
Cyanolanius madagascarinus,16572,84,111.588934583431
Cyanolanius madagascarinus,17607,5,79.3489481062419
Cyanolanius madagascarinus,18067,5,13.9604468280428
Cyanolanius madagascarinus,23000,5,8.19087994073701
Cyanolanius madagascarinus,4644,100,36.3372512144693
Cyanolanius madagascarinus,22717,100,5.86001237088037
Cyanolanius madagascarinus,22728,100,30.5684495112349
Cyanolanius madagascarinus,4686,103,16.3740665150672
Cyanolanius madagascarinus,4848,103,19.2038282113973
Cyanolanius madagascarinus,4949,103,1.91988596975887
Cyanolanius madagascarinus,4950,103,4.2053427026192
Cyanolanius madagascarinus,5007,103,22.2892814174211
Cyanolanius madagascarinus,5011,103,5.85033975470352
Cyanolanius madagascarinus,5016,103,24.6792146248873
Cyanolanius madagascarinus,5045,103,2.65062070312488
Cyanolanius madagascarinus,5069,103,0.274192454328179
Cyanolanius madagascarinus,5083,103,1.18809712456667
Cyanolanius madagascarinus,5106,103,5.0262264291631
Cyanolanius madagascarinus,5170,103,8.49783825707888
Cyanolanius madagascarinus,5213,103,0.274089461484194
Cyanolanius madagascarinus,5257,103,10.9639024804161
Cyanolanius madagascarinus,5258,103,4.567756926453
Cyanolanius madagascarinus,5792,103,0.365034251434088
Cyanolanius madagascarinus,5852,103,504.593555901405
Cyanolanius madagascarinus,5886,103,0.547426328327894
Cyanolanius madagascarinus,5894,103,0.364942030489683
Cyanolanius madagascarinus,5900,103,0.456175956650972
Cyanolanius madagascarinus,22554,103,2.19383277368414
Cyanolanius madagascarinus,22555,103,37.6497033879563
Cyanolanius madagascarinus,22619,103,9.30640563301087
Cyanolanius madagascarinus,22689,103,16.5402429724604
Cyanolanius madagascarinus,22845,103,0.456749789226413
Cyanolanius madagascarinus,22846,103,180.203304764409
Cyanolanius madagascarinus,1090,111,175.204558120961
Cyanolanius madagascarinus,1537,111,38.9884159684163
Cyanolanius madagascarinus,2356,111,0.643524707942724
Cyanolanius madagascarinus,2411,111,0.459616383672059
Cyanolanius madagascarinus,2434,111,0.643432019172192
Cyanolanius madagascarinus,2443,111,0.275752651619673
Cyanolanius madagascarinus,2464,111,0.367655302864194
Cyanolanius madagascarinus,2485,111,1.56243208603442
Cyanolanius madagascarinus,2486,111,0.275729722221732
Cyanolanius madagascarinus,2510,111,0.275717098941624
Cyanolanius madagascarinus,2526,111,0.275709061498523
Cyanolanius madagascarinus,2530,111,0.459508593737543
Cyanolanius madagascarinus,2537,111,0.45949710468936
Cyanolanius madagascarinus,2538,111,1.1946710927344
Cyanolanius madagascarinus,2556,111,53.7688087064452
Cyanolanius madagascarinus,2560,111,3.21620605602419
Cyanolanius madagascarinus,2561,111,0.551364106284499
Cyanolanius madagascarinus,2568,111,1.10266377710527
Cyanolanius madagascarinus,2577,111,0.367564567481756
Cyanolanius madagascarinus,2587,111,0.551319225258708
Cyanolanius madagascarinus,2599,111,1.10259928914046
Cyanolanius madagascarinus,2605,111,2.02137478975803
Cyanolanius madagascarinus,2606,111,0.826945434479237
Cyanolanius madagascarinus,2614,111,0.643170052255213
Cyanolanius madagascarinus,2623,111,1.65382056523675
Cyanolanius madagascarinus,2644,111,0.826825480994821
Cyanolanius madagascarinus,2671,111,0.459349671094894
Cyanolanius madagascarinus,2695,111,0.367459639964223
Cyanolanius madagascarinus,2710,111,0.275586929093957
Cyanolanius madagascarinus,2714,111,1.46972063059181
Cyanolanius madagascarinus,2715,111,0.275577679304183
Cyanolanius madagascarinus,2803,111,0.367363554798603
Cyanolanius madagascarinus,2827,111,58.6780858784226
Cyanolanius madagascarinus,2907,111,432.708220309259
Cyanolanius madagascarinus,2948,111,0.275443051051259
Cyanolanius madagascarinus,7993,111,15282.0127610389
Cyanolanius madagascarinus,22553,111,179.54495541553
Cyanolanius madagascarinus,22991,111,77.4065442805075
Cyanolanius madagascarinus,23008,111,47.8541654373711
Cyanolanius madagascarinus,23020,111,54.2551765402825
Cyanolanius madagascarinus,23021,111,587.522437766301
Cyanolanius madagascarinus,23022,111,257.987775640312
Cyanolanius madagascarinus,14771,119,35.8509582239029
Cyanolanius madagascarinus,14831,119,55.5362709867372
Cyanolanius madagascarinus,14864,119,0.985282145026565
Cyanolanius madagascarinus,14948,119,3.3134309653126
Cyanolanius madagascarinus,15066,119,2.32767118465054
Cyanolanius madagascarinus,15189,119,60.4348975659029
Cyanolanius madagascarinus,15472,119,244.013808503537
Cyanolanius madagascarinus,22966,119,17.1081231937802
Cyanolanius madagascarinus,22967,119,1.79238486696017
Cyanolanius madagascarinus,22968,119,0.447673652347684
Cyanolanius madagascarinus,23023,119,27.5139015001006
Cyanolanius madagascarinus,11243,68,0.812480411258936
Cyanolanius madagascarinus,12202,68,158.705818376245
Cyanolanius madagascarinus,12460,68,70.171205546759
Cyanolanius madagascarinus,18079,68,465.807169794926
Cyanolanius madagascarinus,22788,68,38.3946948622806
Cyanolanius madagascarinus,22796,68,1.35457540027201
Cyanolanius madagascarinus,23002,68,122.701643372855
Cyanolanius madagascarinus,23036,68,45.4757890931116
Cyanolanius madagascarinus,23055,68,38.4612961439313
Cyanolanius madagascarinus,23057,68,23.6377044755612
Cyanolanius madagascarinus,23058,68,110.070037848945
Cyanolanius madagascarinus,23062,68,29.7723925005817
Cyanolanius madagascarinus,23067,68,2.70596556277776
Cyanolanius madagascarinus,23070,68,0.360754872067451
Cyanolanius madagascarinus,23071,68,67.5307001400677
Cyanolanius madagascarinus,23074,68,47.3336670441899
Cyanolanius madagascarinus,23075,68,15.2341434265082
Cyanolanius madagascarinus,23076,68,3.15564838214624
Cyanolanius madagascarinus,23077,68,65.1599201313749
Cyanolanius madagascarinus,23078,68,3.15489428832662
Cyanolanius madagascarinus,23083,68,11.8039994628603
Cyanolanius madagascarinus,23084,68,26.8481144580816
Cyanolanius madagascarinus,23086,68,2.34215426115477
Cyanolanius madagascarinus,23087,68,19.9889174229442
Cyanolanius madagascarinus,23088,68,14.2635312602702
Cyanolanius madagascarinus,12764,121,2.87876883525968
Cyanolanius madagascarinus,12769,121,0.899620833965421
Cyanolanius madagascarinus,12811,121,0.269868277515173
Cyanolanius madagascarinus,13560,121,176.465112044449
Cyanolanius madagascarinus,16996,121,170.785426053188
Cyanolanius madagascarinus,17168,121,224.299706164179
Cyanolanius madagascarinus,19074,121,0.620648212959528
Cyanolanius madagascarinus,19087,121,0.265972006814122
Cyanolanius madagascarinus,19109,121,0.709200345668078
Cyanolanius madagascarinus,21539,121,4568.53645333932
Cyanolanius madagascarinus,22510,121,1320.72290065696
Cyanolanius madagascarinus,22929,121,20.7455502793244
Cyanolanius madagascarinus,22930,121,234.81411045919
Cyanolanius madagascarinus,22935,121,72.7284184850583
Cyanolanius madagascarinus,23006,121,1633.8566839868
Cyanolanius madagascarinus,23045,121,56.9706430520978
Cyanolanius madagascarinus,23046,121,1264.80094030401
Cyanolanius madagascarinus,23089,121,33.0953660842072
Cyanolanius madagascarinus,23049,122,16.4163595908247
Cyanolanius madagascarinus,23050,122,14.8692397176668
Cyanolanius madagascarinus,23051,122,26.0164300679771
Cyanolanius madagascarinus,23052,122,308.475605014956
Cyanolanius madagascarinus,23053,122,20.6443376237523
Cyanolanius madagascarinus,23054,123,185.208699387767
Cyanolanius madagascarinus,22992,120,132.962781072095
Cyanolanius madagascarinus,23060,120,0.453956211002231
Cyanolanius madagascarinus,23059,124,18.5469218373579
Daubentonia madagascariensis,2111,39,59.7709246138371
Daubentonia madagascariensis,4620,86,11.0284926678838
Daubentonia madagascariensis,4658,86,44.3565125940173
Daubentonia madagascariensis,4671,86,2.11607411387658
Daubentonia madagascariensis,4692,86,1.58683213022232
Daubentonia madagascariensis,4777,105,101.122692680349
Daubentonia madagascariensis,3775,99,4.54423428205359
Daubentonia madagascariensis,3817,99,9.8836837253896
Daubentonia madagascariensis,3838,99,37.6713221155005
Daubentonia madagascariensis,393,132,38.9884159684163
Daubentonia madagascariensis,4501,85,12.2808891269343
Daubentonia madagascariensis,4524,85,10.3338196872387
Daubentonia madagascariensis,4548,85,9.18260382897031
Daubentonia madagascariensis,10,1,0.55664420881176
Daubentonia madagascariensis,12,1,0.556625695955813
Daubentonia madagascariensis,26,1,0.64914825101471
Daubentonia madagascariensis,28,1,120.469913094516
Daubentonia madagascariensis,5342,159,26.7219759851387
Daubentonia madagascariensis,4831,88,21.1137042166156
Daubentonia madagascariensis,5055,88,1096.00350215411
Daubentonia madagascariensis,5080,88,18.3647943950766
Daubentonia madagascariensis,5100,88,24.4817350841445
Daubentonia madagascariensis,5377,161,42.5951383655756
Daubentonia madagascariensis,2921,37,128.231868473985
Daubentonia madagascariensis,5399,162,78.5054384879867
Daubentonia madagascariensis,5300,158,2.33597082442749
Daubentonia madagascariensis,5372,158,57.1920356452289
Daubentonia madagascariensis,5415,165,203.108265994193
Daubentonia madagascariensis,567,91,48.0233677643175
Daubentonia madagascariensis,632,167,7.63192306706161
Daubentonia madagascariensis,658,167,0.643524707942724
Daubentonia madagascariensis,680,167,0.643432019172192
Daubentonia madagascariensis,695,167,7.62849285122781
Daubentonia madagascariensis,697,167,1.56243208603442
Daubentonia madagascariensis,711,167,1.1946710927344
Daubentonia madagascariensis,717,167,53.7688087064452
Daubentonia madagascariensis,718,167,14.9760293356881
Daubentonia madagascariensis,720,167,3.21620605602419
Daubentonia madagascariensis,721,167,0.551364106284499
Daubentonia madagascariensis,727,167,1.10266377710527
Daubentonia madagascariensis,728,167,1.28645181352198
Daubentonia madagascariensis,729,167,51.0980819188021
Daubentonia madagascariensis,734,167,0.551319225258708
Daubentonia madagascariensis,737,167,9.73881683760441
Daubentonia madagascariensis,738,167,1.10259928914046
Daubentonia madagascariensis,740,167,2.02137478975803
Daubentonia madagascariensis,741,167,0.826945434479237
Daubentonia madagascariensis,742,167,0.643170052255213
Daubentonia madagascariensis,746,167,1.65382056523675
Daubentonia madagascariensis,761,167,0.826825480994821
Daubentonia madagascariensis,774,167,1.46972063059181
Daubentonia madagascariensis,800,167,58.6780858784226
Daubentonia madagascariensis,822,167,195.666267277742
Daubentonia madagascariensis,4189,116,15.7077941935726
Daubentonia madagascariensis,4225,116,20.2261415002043
Daubentonia madagascariensis,4280,168,0.620648212959528
Daubentonia madagascariensis,4293,168,0.709200345668078
Daubentonia madagascariensis,4399,168,40.6547923604642
Daubentonia madagascariensis,5419,168,36.0721542543468
Daubentonia madagascariensis,3711,142,13.5555435172209
Daubentonia madagascariensis,3735,142,157.859203312997
Daubentonia madagascariensis,3744,142,13.5518308944173
Daubentonia madagascariensis,3756,142,1.06962261895978
Daubentonia madagascariensis,3757,142,3.29785010889542
Daubentonia madagascariensis,3770,142,169.643184256178
Daubentonia madagascariensis,684,146,101.309659376843
Daubentonia madagascariensis,722,146,1.10272016136467
Daubentonia madagascariensis,723,146,1.01083246940482
Daubentonia madagascariensis,113,11,40.8276004883154
Daubentonia madagascariensis,126,13,50.0624398767204
Daubentonia madagascariensis,130,13,4.15680086977166
Daubentonia madagascariensis,152,13,9.78885034124469
Daubentonia madagascariensis,189,13,116.770093780718
Daubentonia madagascariensis,220,13,53.4361815892465
Daubentonia madagascariensis,314,13,278.125153501174
Daubentonia madagascariensis,337,13,5.80984119605243
Daubentonia madagascariensis,379,13,72.4725638687975
Daubentonia madagascariensis,413,13,37.05020652045
Daubentonia madagascariensis,5378,13,16.7109386026342
Daubentonia madagascariensis,1129,72,1231.04199498245
Daubentonia madagascariensis,398,110,2.94920214802986
Daubentonia madagascariensis,402,110,4.23940829865843
Daubentonia madagascariensis,412,110,83.2137970314661
Daubentonia madagascariensis,449,113,3.22456991307449
Daubentonia madagascariensis,468,113,1.19747486800301
Daubentonia madagascariensis,469,113,59.2231361404085
Daubentonia madagascariensis,500,113,210.925274359477
Daubentonia madagascariensis,605,113,138.98603618893
Daubentonia madagascariensis,790,113,3.12249965708375
Daubentonia madagascariensis,844,113,113.652385414303
Daubentonia madagascariensis,890,113,1.46844013959706
Daubentonia madagascariensis,904,113,53.0292827422526
Daubentonia madagascariensis,937,113,0.733967621563852
Daubentonia madagascariensis,959,113,80.2315621364864
Daubentonia madagascariensis,966,113,10.819971759427
Daubentonia madagascariensis,1002,113,30.8790083227627
Daubentonia madagascariensis,1099,113,4.66586542736775
Daubentonia madagascariensis,1105,113,9.14785747598332
Daubentonia madagascariensis,1113,113,3450.68795870263
Daubentonia madagascariensis,1120,113,0.731667634530187
Daubentonia madagascariensis,1162,113,19.4696494546306
Daubentonia madagascariensis,1163,113,0.548483832757473
Daubentonia madagascariensis,1193,113,62.2549358162017
Daubentonia madagascariensis,1628,113,3.73408961568439
Daubentonia madagascariensis,1676,113,1992.11721655642
Daubentonia madagascariensis,5379,113,54.6489803865469
Daubentonia madagascariensis,5381,113,179.074853055214
Daubentonia madagascariensis,5382,113,1.47231811580735
Daubentonia madagascariensis,5409,113,21.7270555164749
Daubentonia madagascariensis,5414,113,116.475616497728
Daubentonia madagascariensis,985,169,54.2551765402825
Daubentonia madagascariensis,1592,164,13.8476284396513
Daubentonia madagascariensis,1619,164,0.546583886730909
Daubentonia madagascariensis,5394,164,473.03987260707
Daubentonia madagascariensis,5397,164,48.104202637447
Daubentonia madagascariensis,1977,34,38.9485109451868
Daubentonia madagascariensis,1809,109,70.1075029996491
Daubentonia madagascariensis,5420,109,4.44941583663118
Daubentonia madagascariensis,2377,140,45.4757890931116
Daubentonia madagascariensis,2466,148,1.71338273918021
Daubentonia madagascariensis,5431,148,2.70526567535031
Daubentonia madagascariensis,5433,148,15.2341434265082
Daubentonia madagascariensis,5441,148,26.8481144580816
Daubentonia madagascariensis,2830,171,47.3336670441899
Daubentonia madagascariensis,5435,171,3.15489428832662
Daubentonia madagascariensis,5432,172,38.4964873401918
Daubentonia madagascariensis,2605,170,158.705818376245
Daubentonia madagascariensis,2691,170,70.171205546759
Echinops telfairi,198,502,12.2730334952754
Echinops telfairi,201,32,12.8201604657585
Echinops telfairi,202,33,11.0677904937422
Echinops telfairi,204,33,7.19359772695065
Echinops telfairi,206,32,0.368899581958056
Echinops telfairi,207,32,5.80984119605243
Echinops telfairi,279,45,29.1594029263307
Echinops telfairi,282,46,1.3788789025259
Echinops telfairi,283,46,1.37864287177026
Echinops telfairi,284,47,1.56243208603442
Echinops telfairi,285,47,0.275729722221732
Echinops telfairi,286,47,0.275717098941624
Echinops telfairi,287,47,0.275709061498523
Echinops telfairi,288,47,0.459508593737543
Echinops telfairi,289,47,0.45949710468936
Echinops telfairi,290,47,1.1946710927344
Echinops telfairi,291,46,46.9623281520745
Echinops telfairi,292,47,3.21620605602419
Echinops telfairi,293,47,0.367564567481756
Echinops telfairi,296,47,1.10259928914046
Echinops telfairi,298,47,1.65382056523675
Echinops telfairi,303,47,229.593589787877
Echinops telfairi,320,51,14.3242524163342
Echinops telfairi,5677,395,68.4073900828574
Echinops telfairi,5171,481,13.1672804516135
Echinops telfairi,7300,652,31.0182859874093
Echinops telfairi,7234,637,17.8876522784661
Echinops telfairi,7378,675,43.5541700668897
Echinops telfairi,6018,392,46.5723968884147
Echinops telfairi,7454,684,36.3826787541578
Echinops telfairi,5741,408,16.1215402504437
Echinops telfairi,3825,686,89.7882265229853
Echinops telfairi,7383,676,13.0307413413469
Echinops telfairi,1615,559,21.2443070814972
Echinops telfairi,5202,661,17.7513417311861
Echinops telfairi,5261,661,5.38531445855916
Echinops telfairi,38,7,0.463597745714188
Echinops telfairi,46,7,43.2038186617044
Echinops telfairi,88,15,9.25542923517722
Echinops telfairi,89,15,1.48074673073471
Echinops telfairi,90,15,1.48068535666716
Echinops telfairi,91,15,0.277623898765862
Echinops telfairi,96,15,1.38815019469857
Echinops telfairi,295,48,1.92954817861235
Echinops telfairi,300,48,0.275591552190423
Echinops telfairi,305,48,0.367434207116008
Echinops telfairi,307,48,33.8991079803611
Echinops telfairi,7579,48,0.367500048400104
Echinops telfairi,944,98,5.85033975470352
Echinops telfairi,946,98,24.6792146248902
Echinops telfairi,963,98,2.65062070312488
Echinops telfairi,974,98,0.274192454328179
Echinops telfairi,5483,379,21.6566257618716
Echinops telfairi,850,682,16.3740665150672
Echinops telfairi,50,8,21.1261124531245
Echinops telfairi,833,699,36.3372512144693
Echinops telfairi,7619,702,30.5684495112349
Echinops telfairi,7485,703,31.4692072683324
Echinops telfairi,7564,703,23.0620316261801
Echinops telfairi,1309,127,26.0969339648095
Echinops telfairi,1350,127,2.0072273404777
Echinops telfairi,4875,351,21.8757381103619
Echinops telfairi,4108,589,0.267409589342952
Echinops telfairi,4238,589,33.9502502570503
Echinops telfairi,4328,704,17.0939985660734
Echinops telfairi,146,25,113.887349299159
Echinops telfairi,186,28,92.9517580429755
Echinops telfairi,180,31,74.4863212272164
Echinops telfairi,232,38,1.19747486800301
Echinops telfairi,235,38,30.854789821823
Echinops telfairi,238,38,1.93420808195144
Echinops telfairi,240,38,1.84197769368905
Echinops telfairi,245,38,29.6521305713782
Echinops telfairi,5547,385,20.7455502793244
Echinops telfairi,2863,222,38.2051651932399
Echinops telfairi,2879,222,3.07696966736627
Echinops telfairi,2882,222,0.723997986286044
Echinops telfairi,2890,222,0.361958205401897
Echinops telfairi,7669,222,0.452763459861636
Echinops telfairi,3510,263,0.449603298739433
Echinops telfairi,3511,263,0.359686745625973
Echinops telfairi,3530,263,36.331879859746
Echinops telfairi,7679,263,6.47518067736232
Echinops telfairi,7681,263,0.449634089967847
Echinops telfairi,3577,708,78.5054384879867
Echinops telfairi,3697,710,3.3134309653126
Echinops telfairi,7727,710,17.1081231937802
Echinops telfairi,7318,667,130.568218715013
Echinops telfairi,7297,678,45.1360753508905
Echinops telfairi,7398,680,47.9151920474066
Echinops telfairi,1432,516,204.209054971442
Echinops telfairi,5044,687,35.9142155788532
Echinops telfairi,7741,687,23.5087072345356
Echinops telfairi,7693,720,15.4450147414067
Echinops telfairi,7740,720,9.49462234218203
Echinops telfairi,7412,716,138.804967227073
Echinops telfairi,7732,716,0.347746593876839
Echinops telfairi,961,105,1.0054375043211
Echinops telfairi,973,105,2.37624750380063
Echinops telfairi,993,105,8.3165148231597
Echinops telfairi,1002,105,8.86332816260099
Echinops telfairi,1051,105,0.274089461484194
Echinops telfairi,1067,105,10.9639024804163
Echinops telfairi,1068,105,4.567756926453
Echinops telfairi,7636,105,0.456749789226413
Echinops telfairi,1058,721,16.5402429724604
Echinops telfairi,203,34,1.9368757517392
Echinops telfairi,205,34,11.34451543067
Echinops telfairi,213,35,72.4725638687975
Echinops telfairi,981,107,37.4669621622497
Echinops telfairi,4860,501,34.4813975042867
Echinops telfairi,1347,590,170.197669829585
Echinops telfairi,5675,631,433.810619797173
Echinops telfairi,7742,631,17.5870851484947
Echinops telfairi,7751,631,1.94182639975023
Echinops telfairi,6373,634,12.0483039035151
Echinops telfairi,6604,634,462.354759214358
Echinops telfairi,3689,659,57.9536162531174
Echinops telfairi,7322,659,35.8509582239029
Echinops telfairi,7684,659,1.79238486696017
Echinops telfairi,7752,659,27.5139015001006
Echinops telfairi,3718,660,2.32767118465054
Echinops telfairi,3915,660,0.714404974959851
Echinops telfairi,3955,660,466.568559868034
Echinops telfairi,7691,660,7.14406051427484
Echinops telfairi,4549,671,171.071344628696
Echinops telfairi,7737,671,8.19087994073701
Echinops telfairi,7388,677,58.4639144571832
Echinops telfairi,7590,698,36.8900359623802
Echinops telfairi,3388,599,96.1853177857626
Echinops telfairi,7749,722,29.7723925005817
Echinops telfairi,7758,723,47.3336670441899
Echinops telfairi,7760,724,10.7261449021248
Echinops telfairi,7766,725,11.8039994628603
Echinops telfairi,7767,726,26.8481144580816
Echinops telfairi,7770,727,19.9889174229442
Eliurus majori,186,5,36.2230037559763
Eliurus majori,314,420,3.68393426545006
Eliurus majori,764,20,1.1946710927344
Eliurus majori,781,20,3.21620605602419
Eliurus majori,7407,269,29.195756822505
Eliurus majori,8216,302,24.647876679001
Eliurus majori,9185,457,6.60311605216253
Eliurus majori,9201,457,16.0684737306561
Eliurus majori,8358,448,0.0875841071029902
Eliurus majori,8541,448,144.019011371664
Eliurus majori,8567,448,2.79871950479984
Eliurus majori,8612,448,0.174897060775995
Eliurus majori,8767,511,177.516227129523
Eliurus majori,1317,466,9.14785747598332
Eliurus majori,1326,466,4.66454009279621
Eliurus majori,1347,466,0.457216544454694
Eliurus majori,1359,466,7.40589368397254
Eliurus majori,652,541,0.643524707942724
Eliurus majori,701,541,0.183841973942041
Eliurus majori,708,541,0.643432019172192
Eliurus majori,719,541,0.367655302864194
Eliurus majori,730,541,1.56243208603442
Eliurus majori,731,541,0.275729722221732
Eliurus majori,747,541,0.275717098941624
Eliurus majori,753,541,0.275709061498523
Eliurus majori,757,541,0.459508593737543
Eliurus majori,763,541,0.45949710468936
Eliurus majori,787,541,1.10266377710527
Eliurus majori,792,541,0.183781132994473
Eliurus majori,793,541,0.367564567481756
Eliurus majori,803,541,0.183777680330753
Eliurus majori,807,541,0.183773075227499
Eliurus majori,810,541,1.10259928914046
Eliurus majori,813,541,2.02137478975803
Eliurus majori,814,541,0.826945434479237
Eliurus majori,825,541,0.183763859938979
Eliurus majori,831,541,0.183761555059075
Eliurus majori,832,541,1.65382056523675
Eliurus majori,868,541,0.367459639964223
Eliurus majori,878,541,0.183724619395971
Eliurus majori,879,541,0.275586929093957
Eliurus majori,889,541,1.46972063059181
Eliurus majori,890,541,0.275577679304183
Eliurus majori,1027,541,408.987898225749
Eliurus majori,3,1,56.8711675529887
Eliurus majori,9340,1,28.8450665179954
Eliurus majori,963,24,58.6780858784226
Eliurus majori,9366,548,38.3946948622806
Eliurus majori,9374,548,1.35457540027201
Eliurus majori,59,341,175.204558120961
Eliurus majori,8155,553,0.0879156733250618
Eliurus majori,9410,553,20.7455502793244
Eliurus majori,9288,338,29.0782282981118
Eliurus majori,9399,338,21.6261414673434
Eliurus majori,9332,556,0.604549703200459
Eliurus majori,9334,556,0.777178853789091
Eliurus majori,9415,556,19.9515621485635
Eliurus majori,9335,557,29.4123165165292
Eliurus majori,9412,558,27.2715936270507
Eliurus majori,9413,559,29.3885406549345
Eliurus majori,9414,560,20.6592519148769
Eliurus majori,595,17,113.517839552934
Eliurus majori,783,17,0.183790335580766
Eliurus majori,9082,485,1320.72290065696
Eliurus majori,9175,485,23.1220312933333
Eliurus majori,9411,485,168.515855700688
Eliurus majori,9431,561,37.5910875281665
Eliurus majori,1411,507,0.0913531968233585
Eliurus majori,1473,507,126.137867921565
Eliurus majori,9405,507,13.3393112994952
Eliurus majori,6440,536,0.446249596045613
Eliurus majori,6744,536,220.999540501952
Eliurus majori,139,3,0.6456592656492
Eliurus majori,214,3,1.01371371526325
Eliurus majori,273,3,0.276354423903167
Eliurus majori,279,3,6.63162645038044
Eliurus majori,298,3,0.644736027104974
Eliurus majori,308,3,1.74986507844758
Eliurus majori,309,3,112.203011880524
Eliurus majori,689,3,0.459616383672059
Eliurus majori,712,3,0.275752651619673
Eliurus majori,774,3,0.183794934333146
Eliurus majori,778,3,53.7688087064452
Eliurus majori,782,3,0.551364106284499
Eliurus majori,806,3,0.551319225258708
Eliurus majori,820,3,0.643170052255213
Eliurus majori,1296,3,5695.44245571679
Eliurus majori,9435,3,0.0921973708100915
Eliurus majori,9442,3,54.2551765402825
Eliurus majori,9338,566,47.8541654373711
Eliurus majori,4340,569,176.465112044449
Eliurus majori,101,543,179.54495541553
Eliurus majori,2004,547,515.75185436887
Eliurus majori,9443,572,257.987775640312
Eliurus majori,9406,554,141.344797629771
Eliurus majori,5633,573,0.0894072119276524
Eliurus majori,9424,573,1580.31706112399
Eliurus majori,7055,575,0.177973798285246
Eliurus majori,7229,575,0.0889318128432035
Eliurus majori,7260,575,0.0889157999010086
Eliurus majori,7981,575,0.793622905395865
Eliurus majori,8078,575,1.6731160765605
Eliurus majori,8113,575,0.351836727607369
Eliurus majori,8194,575,3336.96787763776
Eliurus majori,8333,575,0.700833316723585
Eliurus majori,9457,575,1003.79385353947
Eliurus majori,2300,540,0.181274117312074
Eliurus majori,9461,540,308.475605014956
Eliurus majori,9462,540,20.6443376237523
Eliurus majori,3165,577,0.812480411258936
Eliurus majori,9464,577,38.4612961439313
Eliurus majori,9465,577,0.180557963597178
Eliurus majori,7215,578,465.807169794926
Eliurus majori,9467,578,110.070037848945
Eliurus majori,9451,579,14.2635312602702
Eliurus majori,9458,580,16.4163595908247
Eliurus majori,9459,581,14.8692397176668
Eliurus majori,9460,582,26.0164300679771
Eliurus majori,9463,583,185.208699387767
Eliurus majori,9466,584,23.6377044755612
Eliurus majori,3878,562,0.179958904524803
Eliurus majori,3904,562,2.87876883525968
Eliurus majori,3909,562,0.899620833965421
Eliurus majori,3935,562,0.269868277515173
Eliurus majori,9456,562,56.9706430520978
Eliurus majori,9497,562,33.0953660842072
Eliurus majori,9418,564,94.1740572532072
Eliurus majori,9468,585,18.5469218373579
Eliurus majori,9420,565,122.701643372855
Eliurus majori,9470,565,0.090232888949275
Eliurus majori,9471,565,29.7723925005817
Eliurus majori,9472,565,0.0902314672112465
Eliurus majori,9473,565,0.0902300452649593
Eliurus majori,9474,565,0.0902286231096983
Eliurus majori,9484,565,15.2341434265082
Eliurus majori,9479,586,0.360754872067451
Eliurus majori,9480,586,67.5307001400677
Eliurus majori,9481,586,0.0901872898641825
Eliurus majori,9483,587,47.3336670441899
Eliurus majori,9486,588,65.1599201313749
Eliurus majori,9492,589,11.8039994628603
Eliurus majori,9494,589,0.0900983339461088
Eliurus majori,9493,590,26.8481144580816
Eliurus majori,9496,591,19.9889174229442
Eliurus majori,3235,576,43.2201973058603
Eliurus minor,81,16,0.18546587502265
Eliurus minor,86,16,6.4908973798604
Eliurus minor,649,150,38.9884159684163
Eliurus minor,1270,231,3.21620605602419
Eliurus minor,2284,399,9.23022386336541
Eliurus minor,2305,399,0.548279554689765
Eliurus minor,2339,408,13.1553445202122
Eliurus minor,4643,678,70.171205546759
Eliurus minor,4837,758,6.4751806773603
Eliurus minor,4877,758,0.449634089968205
Eliurus minor,4889,758,0.0899238860028982
Eliurus minor,6036,981,92.2563625948797
Eliurus minor,3470,561,3.07696966736627
Eliurus minor,202,49,43.0377824654073
Eliurus minor,213,49,1.48074673073471
Eliurus minor,214,49,1.66577102635694
Eliurus minor,215,49,0.277623898765862
Eliurus minor,6086,994,2.50550766269672
Eliurus minor,88,17,8.4370977335708
Eliurus minor,90,17,0.185438309593201
Eliurus minor,100,19,0.0927073077802658
Eliurus minor,114,19,43.2038186617044
Eliurus minor,1322,241,0.0918703960417509
Eliurus minor,1342,241,0.275591552190423
Eliurus minor,1348,241,0.0918623096979857
Eliurus minor,1349,241,0.0918623096979857
Eliurus minor,1357,241,0.367434207116008
Eliurus minor,1358,241,0.183716525221109
Eliurus minor,1364,241,20.944126186146
Eliurus minor,2163,1763,16.3740665150672
Eliurus minor,65,6,0.278243954662919
Eliurus minor,83,6,130.021860527528
Eliurus minor,9786,6,56.8711675529887
Eliurus minor,120,26,43.2675847418705
Eliurus minor,122,26,0.0926675960290432
Eliurus minor,129,26,0.0926606114119887
Eliurus minor,136,26,0.0926476122773886
Eliurus minor,141,26,0.0926436052986383
Eliurus minor,2159,332,36.3372512144693
Eliurus minor,9814,1800,30.5684495112349
Eliurus minor,1429,258,58.6780858784226
Eliurus minor,9864,1805,38.3946948622806
Eliurus minor,443,103,175.204558120961
Eliurus minor,1208,197,0.183841973942041
Eliurus minor,1213,197,0.643432019172192
Eliurus minor,1245,197,0.275717098941624
Eliurus minor,1253,197,0.275709061498523
Eliurus minor,1257,197,0.459508593737543
Eliurus minor,1260,197,0.45949710468936
Eliurus minor,1274,197,1.10266377710527
Eliurus minor,1300,197,0.826945434479237
Eliurus minor,1340,197,0.367459639964223
Eliurus minor,1356,197,1.46972063059181
Eliurus minor,1473,197,432.708220309259
Eliurus minor,9967,1817,72.7284184850583
Eliurus minor,3373,541,0.0905584602525234
Eliurus minor,3392,541,0.0905447203236818
Eliurus minor,3442,541,38.0240908844043
Eliurus minor,3463,541,0.0905061372197867
Eliurus minor,4526,622,44.5871430039887
Eliurus minor,4715,734,48.7631522901805
Eliurus minor,4838,759,36.331879859746
Eliurus minor,4856,759,0.0899370735929012
Eliurus minor,4893,759,0.449603298739433
Eliurus minor,4894,759,0.359686745625973
Eliurus minor,9688,1524,2.33597082442749
Eliurus minor,9970,1524,57.1920356452289
Eliurus minor,9719,1826,0.604549703200459
Eliurus minor,9978,1826,19.9515621485635
Eliurus minor,9974,1827,27.2715936270507
Eliurus minor,9975,1828,29.4123165165292
Eliurus minor,9976,1829,29.3885406549345
Eliurus minor,9977,1830,20.6592519148769
Eliurus minor,7228,1747,224.299706164179
Eliurus minor,9737,1813,1320.72290065696
Eliurus minor,9962,1813,234.81411045919
Eliurus minor,2036,335,233.118431852782
Eliurus minor,2075,335,441.044541663142
Eliurus minor,9916,335,80.7170227553469
Eliurus minor,2587,415,2.28180747323132
Eliurus minor,2619,415,278.636154340537
Eliurus minor,9917,415,173.722750508177
Eliurus minor,1197,1651,0.459616383672059
Eliurus minor,1214,1651,0.275752651619673
Eliurus minor,1266,1651,0.183794934333146
Eliurus minor,1269,1651,53.7688087064452
Eliurus minor,1271,1651,0.551364106284499
Eliurus minor,1292,1651,0.551319225258708
Eliurus minor,1302,1651,0.643170052255213
Eliurus minor,1842,1651,84.8282742727595
Eliurus minor,3138,1651,14024.5001743911
Eliurus minor,9985,1651,77.4065442805075
Eliurus minor,10012,1651,587.522437766301
Eliurus minor,9999,1837,47.8541654373711
Eliurus minor,10011,1841,54.2551765402825
Eliurus minor,10013,1842,257.987775640312
Eliurus minor,8036,1709,0.62064821295929
Eliurus minor,8041,1709,0.265972006814122
Eliurus minor,9220,1709,4568.53645333932
Eliurus minor,5105,1745,176.465112044449
Eliurus minor,9738,1783,179.54495541553
Eliurus minor,9803,1799,5.86001237088037
Eliurus minor,7154,1849,164.716838880767
Eliurus minor,10032,1849,1264.80094030401
Eliurus minor,9998,1850,1633.8566839868
Eliurus minor,4511,1770,158.705818376245
Eliurus minor,10033,1770,0.090099775077343
Eliurus minor,3974,1806,0.812480411258936
Eliurus minor,10041,1806,38.4612961439313
Eliurus minor,10042,1806,0.180557963597178
Eliurus minor,7684,1851,465.807169794926
Eliurus minor,10035,1852,16.4163595908247
Eliurus minor,10036,1853,14.8692397176668
Eliurus minor,10037,1854,26.0164300679771
Eliurus minor,10038,1855,308.475605014956
Eliurus minor,10039,1856,20.6443376237523
Eliurus minor,10040,1857,185.208699387767
Eliurus minor,10043,1858,23.6377044755612
Eliurus minor,10044,1859,110.070037848945
Eliurus minor,9986,1831,132.962781072095
Eliurus minor,10045,1860,18.5469218373579
Eliurus minor,4776,1834,2.87876883525968
Eliurus minor,4780,1834,0.899620833965421
Eliurus minor,4796,1834,0.269868277515173
Eliurus minor,10031,1834,56.9706430520978
Eliurus minor,10075,1834,33.0953660842072
Eliurus minor,9994,1836,122.701643372855
Eliurus minor,10047,1836,0.090232888949275
Eliurus minor,10048,1836,29.7723925005817
Eliurus minor,10049,1836,0.0902314672112465
Eliurus minor,10050,1836,0.0902300452649593
Eliurus minor,10051,1836,0.0902286231096983
Eliurus minor,10061,1836,15.2341434265082
Eliurus minor,10053,1861,2.70596556277776
Eliurus minor,10056,1862,0.360754872067451
Eliurus minor,10057,1862,67.5307001400677
Eliurus minor,10058,1862,0.0901872898641825
Eliurus minor,10060,1863,47.3336670441899
Eliurus minor,10062,1864,3.15564838214624
Eliurus minor,10063,1865,65.1599201313749
Eliurus minor,10064,1866,3.15489428832662
Eliurus minor,10067,1866,0.0901342996907234
Eliurus minor,10068,1866,0.0901328635622263
Eliurus minor,10069,1867,11.8039994628603
Eliurus minor,10071,1867,0.0900983339461088
Eliurus minor,10070,1868,26.8481144580816
Eliurus minor,10073,1869,19.9889174229442
Eliurus minor,10023,1847,45.4757890931116
Eliurus minor,10074,1870,14.2635312602702
Eliurus myoxinus,1513,97,38.9884159684163
Eliurus myoxinus,2382,127,1.1946710927344
Eliurus myoxinus,2402,127,3.21620605602419
Eliurus myoxinus,2956,155,0.275273431350648
Eliurus myoxinus,2978,155,58.1799164910831
Eliurus myoxinus,4202,223,0.548483832757473
Eliurus myoxinus,4203,223,0.274244386677384
Eliurus myoxinus,4232,223,5.30132175810611
Eliurus myoxinus,5604,274,3.82909888804102
Eliurus myoxinus,11883,1426,70.171205546759
Eliurus myoxinus,12563,627,87.6814921072366
Eliurus myoxinus,12778,639,33.404609637262
Eliurus myoxinus,12957,659,31.8678776986803
Eliurus myoxinus,12997,639,8.61674749869728
Eliurus myoxinus,13429,678,26.9070583393222
Eliurus myoxinus,13879,697,3.4040187478323
Eliurus myoxinus,14303,723,28.3302766178341
Eliurus myoxinus,14742,755,3.12364271729481
Eliurus myoxinus,14743,755,2.58804245240235
Eliurus myoxinus,14970,783,22.9116916141157
Eliurus myoxinus,15035,1554,19.9698862036375
Eliurus myoxinus,15065,783,55.0734939106373
Eliurus myoxinus,15196,783,2.67311575396276
Eliurus myoxinus,15212,1554,47.2400726813816
Eliurus myoxinus,15434,806,2.22619413036621
Eliurus myoxinus,15465,806,0.089043325827837
Eliurus myoxinus,15505,806,15.9348882808119
Eliurus myoxinus,15569,803,34.7294718690255
Eliurus myoxinus,15600,806,37.0244919187729
Eliurus myoxinus,15727,806,0.0889733499702215
Eliurus myoxinus,15764,806,41.9908363216972
Eliurus myoxinus,15849,823,2.40106290664852
Eliurus myoxinus,15850,823,0.0889318128432035
Eliurus myoxinus,15856,823,0.177858824382067
Eliurus myoxinus,15857,823,34.5884724114306
Eliurus myoxinus,15907,823,12.002940350133
Eliurus myoxinus,16309,850,27.0934552564401
Eliurus myoxinus,16636,868,106.30006451817
Eliurus myoxinus,16970,887,0.265972006814122
Eliurus myoxinus,17026,887,36.0721542543251
Eliurus myoxinus,17117,898,3.10087652825033
Eliurus myoxinus,17141,1487,0.0885879274377823
Eliurus myoxinus,17153,1487,21.8757381103631
Eliurus myoxinus,17218,906,22.7587232571038
Eliurus myoxinus,17623,940,0.265322414952993
Eliurus myoxinus,17658,940,0.707453277304411
Eliurus myoxinus,17709,940,0.0884275008760691
Eliurus myoxinus,17727,940,15.6484004581148
Eliurus myoxinus,17919,940,0.176788365915775
Eliurus myoxinus,18191,967,3.88683184158647
Eliurus myoxinus,21395,1130,1.74796504819036
Eliurus myoxinus,21420,1726,20.0105243340718
Eliurus myoxinus,21501,1726,0.961153299595356
Eliurus myoxinus,21522,1140,12.1433748330985
Eliurus myoxinus,21633,1764,17.1194640179899
Eliurus myoxinus,21684,1130,38.6065662952915
Eliurus myoxinus,21792,1158,7.15726590577268
Eliurus myoxinus,21842,1764,81.3665068200553
Eliurus myoxinus,21848,1158,0.0872812089064121
Eliurus myoxinus,21864,1764,0.785489496140599
Eliurus myoxinus,21865,1153,18.5940052205925
Eliurus myoxinus,21961,1764,5.14701331874955
Eliurus myoxinus,21980,1164,3.31473441476822
Eliurus myoxinus,22565,1193,8.43718636894178
Eliurus myoxinus,14241,719,0.268263126891017
Eliurus myoxinus,14242,719,0.715356050514937
Eliurus myoxinus,14243,719,7.15316099739838
Eliurus myoxinus,14274,719,0.0894041362342835
Eliurus myoxinus,14285,1714,5.8999358685404
Eliurus myoxinus,21324,1666,24.4817350841445
Eliurus myoxinus,21158,1623,18.3647943950766
Eliurus myoxinus,4168,1661,1.91988596975875
Eliurus myoxinus,4169,1661,4.2053427026192
Eliurus myoxinus,318,29,0.370271373195231
Eliurus myoxinus,320,29,0.462834125284791
Eliurus myoxinus,325,29,43.0377824654073
Eliurus myoxinus,326,29,0.18513059458977
Eliurus myoxinus,340,29,1.48074673073471
Eliurus myoxinus,341,29,1.66577102635694
Eliurus myoxinus,343,29,0.277623898765862
Eliurus myoxinus,345,29,0.277610584835947
Eliurus myoxinus,15064,794,0.178273059561968
Eliurus myoxinus,15219,794,0.089103437899828
Eliurus myoxinus,15284,794,71.6041688749234
Eliurus myoxinus,15488,794,164.806467990948
Eliurus myoxinus,20279,1067,68.4073900828574
Eliurus myoxinus,24316,1807,44.4928427752445
Eliurus myoxinus,4450,1810,0.182741225706577
Eliurus myoxinus,24282,1810,30.6135540736676
Eliurus myoxinus,20565,1108,16.1215402504437
Eliurus myoxinus,14315,1845,89.7882265229853
Eliurus myoxinus,21893,1821,46.5723968884147
Eliurus myoxinus,4064,1865,19.2038282113973
Eliurus myoxinus,4318,1747,22.2892814174211
Eliurus myoxinus,24507,1859,3.75955498127008
Eliurus myoxinus,80,6,0.463597745714188
Eliurus myoxinus,94,6,0.0927073077802658
Eliurus myoxinus,143,6,43.2038186617044
Eliurus myoxinus,3915,1713,16.3740665150672
Eliurus myoxinus,47,2,0.463806772104442
Eliurus myoxinus,50,2,0.27827526928854
Eliurus myoxinus,51,2,0.463781360735595
Eliurus myoxinus,55,2,0.278243954662919
Eliurus myoxinus,58,2,0.185478644791543
Eliurus myoxinus,64,2,0.64914825101471
Eliurus myoxinus,69,2,123.623005869425
Eliurus myoxinus,24543,2,56.8711675529887
Eliurus myoxinus,161,13,43.2675847418705
Eliurus myoxinus,167,13,0.0926675960290432
Eliurus myoxinus,179,13,0.0926606114119887
Eliurus myoxinus,188,13,0.0926476122773886
Eliurus myoxinus,197,13,0.0926436052986383
Eliurus myoxinus,4316,229,0.182784649551272
Eliurus myoxinus,4317,229,1.18809712456632
Eliurus myoxinus,4335,229,0.0913904663075209
Eliurus myoxinus,4340,229,0.0913892270473242
Eliurus myoxinus,4341,229,0.182778454094648
Eliurus myoxinus,4351,229,4.38649564416432
Eliurus myoxinus,4449,229,8.49783825707888
Eliurus myoxinus,4505,229,0.274089461484194
Eliurus myoxinus,4520,229,0.0913631538983583
Eliurus myoxinus,4581,229,9.50188821791184
Eliurus myoxinus,4582,229,4.567756926453
Eliurus myoxinus,4649,229,0.0913494594436884
Eliurus myoxinus,24076,229,0.0913643975844383
Eliurus myoxinus,24542,229,0.456749789226413
Eliurus myoxinus,3879,1869,36.3372512144693
Eliurus myoxinus,24571,1872,30.5684495112349
Eliurus myoxinus,24426,1873,29.6282884787502
Eliurus myoxinus,24483,1873,23.0620316261801
Eliurus myoxinus,2652,138,58.6780858784226
Eliurus myoxinus,21157,1111,198.581206343091
Eliurus myoxinus,17343,916,0.442567061657906
Eliurus myoxinus,18228,916,0.529997321402311
Eliurus myoxinus,18262,916,0.441623093728662
Eliurus myoxinus,18375,916,42.560136518845
Eliurus myoxinus,21382,916,2627.12039630028
Eliurus myoxinus,19800,1876,0.0879156733250618
Eliurus myoxinus,24715,1876,20.7455502793244
Eliurus myoxinus,949,1335,175.204558120961
Eliurus myoxinus,2250,1762,0.643524707942724
Eliurus myoxinus,2304,1762,0.183841973942041
Eliurus myoxinus,2311,1762,0.643432019172192
Eliurus myoxinus,2326,1762,0.367655302864194
Eliurus myoxinus,2337,1762,1.56243208603442
Eliurus myoxinus,2338,1762,0.275729722221732
Eliurus myoxinus,2359,1762,0.275717098941624
Eliurus myoxinus,2366,1762,0.275709061498523
Eliurus myoxinus,2372,1762,0.459508593737543
Eliurus myoxinus,2381,1762,0.45949710468936
Eliurus myoxinus,2410,1762,1.10266377710527
Eliurus myoxinus,2419,1762,0.183781132994473
Eliurus myoxinus,2420,1762,0.367564567481756
Eliurus myoxinus,2430,1762,0.183777680330753
Eliurus myoxinus,2437,1762,0.183773075227499
Eliurus myoxinus,2442,1762,1.10259928914046
Eliurus myoxinus,2446,1762,2.02137478975803
Eliurus myoxinus,2447,1762,0.826945434479237
Eliurus myoxinus,2459,1762,0.183763859938979
Eliurus myoxinus,2466,1762,0.183761555059075
Eliurus myoxinus,2467,1762,1.65382056523675
Eliurus myoxinus,2525,1762,0.367459639964223
Eliurus myoxinus,2537,1762,0.183724619395971
Eliurus myoxinus,2538,1762,0.275586929093957
Eliurus myoxinus,2546,1762,1.46972063059181
Eliurus myoxinus,2547,1762,0.275577679304183
Eliurus myoxinus,2724,1762,432.064651044255
Eliurus myoxinus,8780,462,0.0905584602525234
Eliurus myoxinus,8848,462,0.0905447203236818
Eliurus myoxinus,8977,462,38.0240908844043
Eliurus myoxinus,9019,462,0.0905061372197867
Eliurus myoxinus,9037,462,3.07696966736627
Eliurus myoxinus,9042,462,0.723997986286044
Eliurus myoxinus,9076,462,0.361958205401897
Eliurus myoxinus,24663,462,0.452763459861636
Eliurus myoxinus,12287,600,0.0899370735929012
Eliurus myoxinus,12332,600,0.0899238860028982
Eliurus myoxinus,12338,600,0.449603298739433
Eliurus myoxinus,12339,600,0.359686745625973
Eliurus myoxinus,12354,600,0.0899194863940477
Eliurus myoxinus,12395,600,36.331879859746
Eliurus myoxinus,24720,600,6.47518067736232
Eliurus myoxinus,24721,600,0.0899312145228386
Eliurus myoxinus,24722,600,0.449634089967847
Eliurus myoxinus,23252,1208,2.33597082442749
Eliurus myoxinus,23254,1208,0.173038084078312
Eliurus myoxinus,23810,1208,57.1920356452289
Eliurus myoxinus,23537,1891,0.777178853789091
Eliurus myoxinus,24623,1891,0.604549703200817
Eliurus myoxinus,24772,1891,19.9515621485635
Eliurus myoxinus,24768,1892,27.2715936270507
Eliurus myoxinus,24769,1893,29.4123165165292
Eliurus myoxinus,24770,1894,29.3885406549345
Eliurus myoxinus,24771,1895,20.6592519148769
Eliurus myoxinus,12552,1896,130.568218715013
Eliurus myoxinus,24724,1898,78.5054384879867
Eliurus myoxinus,24313,1900,44.962501051066
Eliurus myoxinus,13960,1901,3.3134309653126
Eliurus myoxinus,24775,1901,17.1081231937802
Eliurus myoxinus,24384,1841,47.9151920474066
Eliurus myoxinus,17651,860,35.9142155788532
Eliurus myoxinus,24749,1905,15.4450147414067
Eliurus myoxinus,24798,1905,9.49462234218203
Eliurus myoxinus,24799,1906,23.5087072345356
Eliurus myoxinus,22342,1171,63.9080922050942
Eliurus myoxinus,22353,1171,117.823219297963
Eliurus myoxinus,22891,1766,138.804967227073
Eliurus myoxinus,24766,1766,0.347746593876839
Eliurus myoxinus,16027,797,171.071344628696
Eliurus myoxinus,24795,1913,8.19087994073701
Eliurus myoxinus,1166,1790,24.8162057997373
Eliurus myoxinus,2049,1790,7.4522462010079
Eliurus myoxinus,2292,1790,0.459616383672059
Eliurus myoxinus,2315,1790,0.275752651619673
Eliurus myoxinus,2394,1790,0.183794934333146
Eliurus myoxinus,2399,1790,53.7688087064452
Eliurus myoxinus,2403,1790,0.551364106284499
Eliurus myoxinus,2435,1790,0.551319225258708
Eliurus myoxinus,2453,1790,0.643170052255213
Eliurus myoxinus,2926,1790,0.275296915365994
Eliurus myoxinus,2927,1790,0.0917656384553313
Eliurus myoxinus,2939,1790,0.275287525101185
Eliurus myoxinus,2967,1790,0.0917538929587603
Eliurus myoxinus,3087,1790,9.53588775296437
Eliurus myoxinus,3754,1790,0.0915267134125233
Eliurus myoxinus,3755,1790,0.0915267134125233
Eliurus myoxinus,3829,1790,0.0915035761964917
Eliurus myoxinus,6211,1790,0.273246820754766
Eliurus myoxinus,6464,1790,0.0910196564612388
Eliurus myoxinus,7422,1790,9177.12306507751
Eliurus myoxinus,24813,1790,54.2551765402825
Eliurus myoxinus,24814,1790,587.522437766301
Eliurus myoxinus,24816,1790,29.8602134693177
Eliurus myoxinus,24817,1790,28.3052438323222
Eliurus myoxinus,1471,1916,27.563875972
Eliurus myoxinus,24807,1917,4.61001054000723
Eliurus myoxinus,24815,1918,257.987775640312
Eliurus myoxinus,24247,1799,149.823084885258
Eliurus myoxinus,13902,1819,57.9536162531174
Eliurus myoxinus,24339,1819,35.8509582239029
Eliurus myoxinus,24742,1819,1.79238486696017
Eliurus myoxinus,24828,1819,27.5139015001006
Eliurus myoxinus,14027,1820,2.32767118465054
Eliurus myoxinus,14533,1820,0.714404974959851
Eliurus myoxinus,14565,1820,0.178579506715775
Eliurus myoxinus,14713,1820,466.300212378207
Eliurus myoxinus,24746,1820,7.14406051427484
Eliurus myoxinus,20270,1833,55.3030478112986
Eliurus myoxinus,5014,1866,0.0912806047910452
Eliurus myoxinus,5182,1866,0.0912427791885138
Eliurus myoxinus,5192,1866,693.921992462519
Eliurus myoxinus,5193,1866,0.0912402507441044
Eliurus myoxinus,5198,1866,2.0072273404777
Eliurus myoxinus,5208,1866,0.364942030489683
Eliurus myoxinus,5247,1866,0.456175956650376
Eliurus myoxinus,24560,1871,5.86001237088037
Eliurus myoxinus,2133,1882,622.723295358675
Eliurus myoxinus,24800,1919,47.8541654373711
Eliurus myoxinus,8454,1733,0.181274117312074
Eliurus myoxinus,9740,1733,308.475605014956
Eliurus myoxinus,24832,1733,20.6443376237523
Eliurus myoxinus,24829,1921,16.4163595908247
Eliurus myoxinus,24830,1922,14.8692397176668
Eliurus myoxinus,24831,1923,26.0164300679771
Eliurus myoxinus,24833,1924,185.208699387767
Eliurus myoxinus,10883,1757,45.4757890931116
Eliurus myoxinus,11551,1925,158.705818376245
Eliurus myoxinus,24835,1925,0.090099775077343
Eliurus myoxinus,24836,1925,0.0900896827850342
Eliurus myoxinus,24834,1926,14.2635312602702
Eliurus myoxinus,12114,1907,0.179958904524803
Eliurus myoxinus,12190,1907,2.87876883525968
Eliurus myoxinus,12197,1907,0.899620833965421
Eliurus myoxinus,12222,1907,0.269868277515173
Eliurus myoxinus,24794,1907,56.9706430520978
Eliurus myoxinus,24869,1907,33.0953660842072
Eliurus myoxinus,24782,1911,132.962781072095
Eliurus myoxinus,24864,1927,18.5469218373579
Eliurus myoxinus,12137,1912,122.701643372855
Eliurus myoxinus,24837,1912,0.090232888949275
Eliurus myoxinus,24838,1912,29.7723925005817
Eliurus myoxinus,24839,1912,0.0902314672112465
Eliurus myoxinus,24840,1912,0.0902300452649593
Eliurus myoxinus,24841,1912,0.0902286231096983
Eliurus myoxinus,24851,1912,15.2341434265082
Eliurus myoxinus,24846,1928,0.360754872067451
Eliurus myoxinus,24847,1928,67.5307001400677
Eliurus myoxinus,24848,1928,0.0901872898641825
Eliurus myoxinus,24850,1929,47.3336670441899
Eliurus myoxinus,24852,1930,3.15564838214624
Eliurus myoxinus,24853,1931,65.1599201313749
Eliurus myoxinus,24854,1932,3.15489428832662
Eliurus myoxinus,24857,1932,0.0901342996907234
Eliurus myoxinus,24858,1932,0.0901328635622263
Eliurus myoxinus,24859,1933,11.8039994628603
Eliurus myoxinus,24861,1933,0.0900983339461088
Eliurus myoxinus,24860,1934,26.8481144580816
Eliurus myoxinus,24863,1935,19.9889174229442
Eliurus myoxinus,12668,1920,54.0124541918313
Eliurus myoxinus,24790,1936,267.748664308031
Eliurus myoxinus,24868,1936,57.6964054818687
Eliurus myoxinus,24866,1937,29.8625855308015
Eliurus myoxinus,24867,1938,23.6377044755612
Eliurus tanala,92,12,107.455092085728
Eliurus tanala,129,15,15.8715926119485
Eliurus tanala,238,20,38.9884159684163
Eliurus tanala,950,41,1.1946710927344
Eliurus tanala,973,41,3.21620605602419
Eliurus tanala,2997,119,25.056995838525
Eliurus tanala,3010,122,3.69560390151608
Eliurus tanala,3093,119,0.0901055375169516
Eliurus tanala,3272,449,56.7554572199371
Eliurus tanala,3293,449,0.630325649633765
Eliurus tanala,11223,599,6.60311605216253
Eliurus tanala,11239,599,16.0684737306561
Eliurus tanala,12,715,20.2118844377252
Eliurus tanala,21,3,0.0926675960290432
Eliurus tanala,22,3,21.0334598369182
Eliurus tanala,23,3,0.0926606114119887
Eliurus tanala,7,1,56.8711675529887
Eliurus tanala,1182,48,58.6780858784226
Eliurus tanala,11396,716,38.3946948622806
Eliurus tanala,11404,716,1.35457540027201
Eliurus tanala,87,440,175.204558120961
Eliurus tanala,819,711,0.643524707942724
Eliurus tanala,878,711,0.183841973942041
Eliurus tanala,883,711,0.643432019172192
Eliurus tanala,900,711,0.367655302864194
Eliurus tanala,913,711,1.56243208603442
Eliurus tanala,914,711,0.275729722221732
Eliurus tanala,925,711,0.275717098941624
Eliurus tanala,934,711,0.275709061498523
Eliurus tanala,941,711,0.459508593737543
Eliurus tanala,949,711,0.45949710468936
Eliurus tanala,979,711,1.10266377710527
Eliurus tanala,986,711,0.183781132994473
Eliurus tanala,987,711,0.367564567481756
Eliurus tanala,997,711,0.183777680330753
Eliurus tanala,1005,711,0.183773075227499
Eliurus tanala,1010,711,1.10259928914046
Eliurus tanala,1014,711,2.02137478975803
Eliurus tanala,1015,711,0.826945434479237
Eliurus tanala,1027,711,0.183763859938979
Eliurus tanala,1034,711,0.183761555059075
Eliurus tanala,1035,711,1.65382056523675
Eliurus tanala,1080,711,0.367459639964223
Eliurus tanala,1091,711,0.183724619395971
Eliurus tanala,1092,711,0.275586929093957
Eliurus tanala,1098,711,1.46972063059181
Eliurus tanala,1099,711,0.275577679304183
Eliurus tanala,1260,711,432.708220309259
Eliurus tanala,11313,436,29.0782282981092
Eliurus tanala,11429,436,21.6261414673434
Eliurus tanala,11345,725,0.604549703200459
Eliurus tanala,11351,725,0.777178853789091
Eliurus tanala,11454,725,19.9515621485635
Eliurus tanala,11357,726,29.4123165165292
Eliurus tanala,11451,727,27.2715936270507
Eliurus tanala,11452,728,29.3885406549345
Eliurus tanala,11453,729,20.6592519148769
Eliurus tanala,1704,611,4.84054188698411
Eliurus tanala,1712,611,2.37459808751679
Eliurus tanala,1750,611,311.260937914146
Eliurus tanala,11132,674,1320.72290065696
Eliurus tanala,11205,674,5.30358653567576
Eliurus tanala,11450,674,168.515855700688
Eliurus tanala,11472,730,37.5910875281665
Eliurus tanala,7453,704,224.299706164179
Eliurus tanala,11457,733,16.2558942641138
Eliurus tanala,150,9,24.8162057997373
Eliurus tanala,218,9,1205.41270830985
Eliurus tanala,261,23,17.7836259858013
Eliurus tanala,309,23,0.276373250622988
Eliurus tanala,315,23,0.184241821598649
Eliurus tanala,461,23,70.8279243002588
Eliurus tanala,11433,23,15.385181741811
Eliurus tanala,11434,23,17.5033957201407
Eliurus tanala,11435,23,66.946575109679
Eliurus tanala,4091,736,176.465112044449
Eliurus tanala,862,705,0.459616383672059
Eliurus tanala,886,705,0.275752651619673
Eliurus tanala,963,705,0.183794934333146
Eliurus tanala,969,705,53.7688087064452
Eliurus tanala,974,705,0.551364106284499
Eliurus tanala,1002,705,0.551319225258708
Eliurus tanala,1022,705,0.643170052255213
Eliurus tanala,1592,705,4535.40844887194
Eliurus tanala,11436,705,49.011008598217
Eliurus tanala,11477,705,54.2551765402825
Eliurus tanala,2062,717,519.396706324239
Eliurus tanala,11478,738,257.987775640312
Eliurus tanala,11446,723,248.384236855945
Eliurus tanala,11489,739,55.1561718696571
Eliurus tanala,7293,741,170.785426053188
Eliurus tanala,9146,741,0.620648212959528
Eliurus tanala,9157,741,0.265972006814122
Eliurus tanala,10785,741,4567.65646033846
Eliurus tanala,11491,741,1264.80094030401
Eliurus tanala,11465,742,1633.8566839868
Eliurus tanala,2163,692,0.181274117312074
Eliurus tanala,11495,692,308.475605014956
Eliurus tanala,11496,692,20.6443376237523
Eliurus tanala,2660,743,0.812480411258936
Eliurus tanala,11498,743,38.4612961439313
Eliurus tanala,11499,743,0.180557963597178
Eliurus tanala,2730,744,45.4757890931116
Eliurus tanala,8459,745,465.807169794926
Eliurus tanala,11501,745,110.070037848945
Eliurus tanala,11486,746,14.2635312602702
Eliurus tanala,11492,747,16.4163595908247
Eliurus tanala,11493,748,14.8692397176668
Eliurus tanala,11494,749,26.0164300679771
Eliurus tanala,11497,750,185.208699387767
Eliurus tanala,11500,751,23.6377044755612
Eliurus tanala,3497,731,0.179958904524803
Eliurus tanala,3549,731,2.87876883525968
Eliurus tanala,3557,731,0.899620833965421
Eliurus tanala,3591,731,0.269868277515173
Eliurus tanala,11490,731,56.9706430520978
Eliurus tanala,11531,731,33.0953660842072
Eliurus tanala,11459,734,132.962781072095
Eliurus tanala,11502,752,18.5469218373579
Eliurus tanala,11461,735,122.701643372855
Eliurus tanala,11504,735,0.090232888949275
Eliurus tanala,11505,735,29.7723925005817
Eliurus tanala,11506,735,0.0902314672112465
Eliurus tanala,11507,735,0.0902300452649593
Eliurus tanala,11508,735,0.0902286231096983
Eliurus tanala,11518,735,15.2341434265082
Eliurus tanala,11513,753,0.360754872067451
Eliurus tanala,11514,753,67.5307001400677
Eliurus tanala,11515,753,0.0901872898641825
Eliurus tanala,11517,754,47.3336670441899
Eliurus tanala,11520,755,65.1599201313749
Eliurus tanala,11521,756,3.15489428832662
Eliurus tanala,11524,756,0.0901342996907234
Eliurus tanala,11525,756,0.0901328635622263
Eliurus tanala,11526,757,11.8039994628603
Eliurus tanala,11528,757,0.0900983339461088
Eliurus tanala,11527,758,26.8481144580816
Eliurus tanala,11530,759,19.9889174229442
Eliurus webbi,71,13,124.859461921536
Eliurus webbi,77,13,0.184729457799852
Eliurus webbi,617,39,38.9884159684163
Eliurus webbi,1404,67,1.1946710927344
Eliurus webbi,1418,67,3.21620605602419
Eliurus webbi,1569,72,26.2648020061304
Eliurus webbi,5446,596,70.171205546759
Eliurus webbi,162,17,175.204558120961
Eliurus webbi,12731,865,0.0879156733250618
Eliurus webbi,14828,865,20.7455502793244
Eliurus webbi,1287,848,0.643524707942724
Eliurus webbi,1341,848,0.183841973942041
Eliurus webbi,1348,848,0.643432019172192
Eliurus webbi,1369,848,0.367655302864194
Eliurus webbi,1378,848,1.56243208603442
Eliurus webbi,1379,848,0.275729722221732
Eliurus webbi,1383,848,0.275717098941624
Eliurus webbi,1390,848,0.275709061498523
Eliurus webbi,1396,848,0.459508593737543
Eliurus webbi,1403,848,0.45949710468936
Eliurus webbi,1428,848,1.10266377710551
Eliurus webbi,1429,848,0.183781132994473
Eliurus webbi,1430,848,0.367564567481756
Eliurus webbi,1439,848,0.183777680330753
Eliurus webbi,1445,848,0.183773075227499
Eliurus webbi,1448,848,1.10259928914046
Eliurus webbi,1449,848,2.02137478975803
Eliurus webbi,1450,848,0.826945434479237
Eliurus webbi,1458,848,0.183763859938979
Eliurus webbi,1465,848,0.183761555059075
Eliurus webbi,1466,848,1.65382056523675
Eliurus webbi,1499,848,0.367459639964223
Eliurus webbi,1508,848,0.183724619395971
Eliurus webbi,1509,848,0.275586929093957
Eliurus webbi,1514,848,1.46972063059181
Eliurus webbi,1515,848,0.275577679304183
Eliurus webbi,1625,848,425.262175690148
Eliurus webbi,14642,804,2.33597082442749
Eliurus webbi,14644,804,0.173038084078312
Eliurus webbi,14837,804,57.1920356452289
Eliurus webbi,14722,869,0.777178853789091
Eliurus webbi,14804,869,0.604549703200817
Eliurus webbi,14842,869,19.9515621485635
Eliurus webbi,14838,870,27.2715936270507
Eliurus webbi,14839,871,29.4123165165292
Eliurus webbi,14840,872,29.3885406549345
Eliurus webbi,14841,873,20.6592519148769
Eliurus webbi,9429,837,224.299706164179
Eliurus webbi,14752,858,1320.72290065696
Eliurus webbi,14829,858,234.81411045919
Eliurus webbi,14834,858,72.7284184850583
Eliurus webbi,314,16,3.50637091730225
Eliurus webbi,315,16,2.21454840610319
Eliurus webbi,14754,16,124.071835466726
Eliurus webbi,1329,674,0.459616383672059
Eliurus webbi,1352,674,0.275752651619673
Eliurus webbi,1411,674,0.183794934333146
Eliurus webbi,1416,674,53.7688087064452
Eliurus webbi,1419,674,0.551364106284499
Eliurus webbi,1443,674,0.551319225258708
Eliurus webbi,1455,674,0.643170052255213
Eliurus webbi,3597,674,14368.6465164036
Eliurus webbi,14845,674,77.4065442805075
Eliurus webbi,14871,674,54.2551765402825
Eliurus webbi,14872,674,584.238957042931
Eliurus webbi,14873,879,257.987775640312
Eliurus webbi,6171,880,176.465112044449
Eliurus webbi,912,850,266.134159398055
Eliurus webbi,14859,884,47.8541654373711
Eliurus webbi,9331,888,170.785426053188
Eliurus webbi,10979,888,0.620648212959528
Eliurus webbi,10998,888,0.265972006814122
Eliurus webbi,12563,888,1.6731160765605
Eliurus webbi,13645,888,4510.30328384999
Eliurus webbi,14891,888,1264.80094030401
Eliurus webbi,14858,889,1633.8566839868
Eliurus webbi,3790,823,0.181274117312074
Eliurus webbi,14897,823,308.475605014956
Eliurus webbi,14898,823,20.6443376237523
Eliurus webbi,4564,890,0.812480411258936
Eliurus webbi,14900,890,34.3971482793418
Eliurus webbi,14901,890,0.180557963597178
Eliurus webbi,5215,891,158.705818376245
Eliurus webbi,14892,891,0.090099775077343
Eliurus webbi,14893,891,0.0900896827850342
Eliurus webbi,10084,892,465.807169794926
Eliurus webbi,14903,892,110.070037848945
Eliurus webbi,14883,893,45.4757890931116
Eliurus webbi,14894,894,16.4163595908247
Eliurus webbi,14895,895,14.8692397176668
Eliurus webbi,14896,896,26.0164300679771
Eliurus webbi,14899,897,185.208699387767
Eliurus webbi,14902,898,23.6377044755612
Eliurus webbi,14933,899,14.2635312602702
Eliurus webbi,14846,874,132.962781072095
Eliurus webbi,14904,900,18.5469218373579
Eliurus webbi,5609,876,0.179958904524803
Eliurus webbi,5669,876,2.87876883525968
Eliurus webbi,5678,876,0.899620833965421
Eliurus webbi,5709,876,0.269868277515173
Eliurus webbi,14890,876,56.9706430520978
Eliurus webbi,14934,876,33.0953660842072
Eliurus webbi,14854,878,122.701643372855
Eliurus webbi,14906,878,0.090232888949275
Eliurus webbi,14907,878,29.7723925005817
Eliurus webbi,14908,878,0.0902314672112465
Eliurus webbi,14909,878,0.0902300452649593
Eliurus webbi,14910,878,0.0902286231096983
Eliurus webbi,14920,878,15.2341434265082
Eliurus webbi,14915,901,0.360754872067451
Eliurus webbi,14916,901,67.5307001400677
Eliurus webbi,14917,901,0.0901872898641825
Eliurus webbi,14919,902,47.3336670441899
Eliurus webbi,14921,903,3.15564838214624
Eliurus webbi,14922,904,65.1599201313749
Eliurus webbi,14923,905,3.15489428832662
Eliurus webbi,14926,905,0.0901342996907234
Eliurus webbi,14927,905,0.0901328635622263
Eliurus webbi,14928,906,11.8039994628603
Eliurus webbi,14930,906,0.0900983339461088
Eliurus webbi,14929,907,26.8481144580816
Eliurus webbi,14932,908,19.9889174229442
Eulemur albifrons,150,5,7.65654382250733
Eulemur albifrons,156,5,38.0976185701168
Eulemur albifrons,182,5,0.6456592656492
Eulemur albifrons,1875,11,28.6147883524204
Eulemur albifrons,4498,123,29.2707039741465
Eulemur albifrons,33,4,0.184702931169152
Eulemur albifrons,37,4,143.910189447451
Eulemur albifrons,108,4,299.836270882587
Eulemur albifrons,1648,114,3.10483766981149
Eulemur albifrons,1707,114,40.3554484141317
Eulemur albifrons,2635,117,0.991438515083671
Eulemur albifrons,2699,117,27.3057281147106
Eulemur albifrons,4033,29,32.9034115476394
Eulemur albifrons,3029,52,55.9677318658419
Eulemur albifrons,491,6,0.276167274636447
Eulemur albifrons,495,6,1.19669685054296
Eulemur albifrons,501,6,528.719040341405
Eulemur albifrons,763,6,0.643524707942724
Eulemur albifrons,766,6,14.3404096482922
Eulemur albifrons,794,6,0.459616383672059
Eulemur albifrons,803,6,0.183841973942041
Eulemur albifrons,809,6,0.643432019172192
Eulemur albifrons,812,6,0.275752651619673
Eulemur albifrons,824,6,0.367655302864194
Eulemur albifrons,830,6,1.56243208603442
Eulemur albifrons,831,6,0.275729722221732
Eulemur albifrons,837,6,0.275717098941624
Eulemur albifrons,843,6,0.275709061498523
Eulemur albifrons,847,6,0.459508593737543
Eulemur albifrons,851,6,0.643297785346329
Eulemur albifrons,852,6,0.45949710468936
Eulemur albifrons,853,6,1.1946710927344
Eulemur albifrons,857,6,0.183794934333146
Eulemur albifrons,861,6,47.9797807943521
Eulemur albifrons,862,6,1.47030313296086
Eulemur albifrons,863,6,0.551364106284499
Eulemur albifrons,870,6,1.10266377710527
Eulemur albifrons,876,6,0.183781132994473
Eulemur albifrons,890,6,2.02137478975803
Eulemur albifrons,891,6,0.826945434479237
Eulemur albifrons,910,6,0.826825480994821
Eulemur albifrons,924,6,0.459349671094894
Eulemur albifrons,936,6,0.367459639964223
Eulemur albifrons,943,6,0.183724619395971
Eulemur albifrons,944,6,0.275586929093957
Eulemur albifrons,947,6,1.46972063059181
Eulemur albifrons,948,6,0.275577679304183
Eulemur albifrons,985,6,0.367363554798603
Eulemur albifrons,992,6,44.3538334620849
Eulemur albifrons,1014,6,296.63610788423
Eulemur albifrons,1025,6,0.275443051051259
Eulemur albifrons,4513,6,270.046261459513
Eulemur albifrons,331,91,2.39529754093892
Eulemur albifrons,399,91,0.36839153649199
Eulemur albifrons,452,91,1.19697195979726
Eulemur albifrons,695,91,0.183935519072413
Eulemur albifrons,1682,91,7926.09183867236
Eulemur albifrons,1695,91,129.049367998136
Eulemur albifrons,4499,91,16.0095614432405
Eulemur albifrons,4515,91,25.7528153259755
Eulemur albifrons,1810,122,2.37139752334142
Eulemur albifrons,1811,122,0.182422226241589
Eulemur albifrons,1850,122,0.182349706664324
Eulemur albifrons,1884,122,168.494179820202
Eulemur albifrons,1888,122,13.2143774025955
Eulemur albifrons,1897,122,7.74432683950007
Eulemur albifrons,1898,122,0.273353686598539
Eulemur albifrons,2004,122,0.454932765997171
Eulemur albifrons,2009,122,352.701373475939
Eulemur albifrons,2030,122,10.732342010129
Eulemur albifrons,2040,122,14.2775380444441
Eulemur albifrons,4512,122,132.41660669139
Eulemur albifrons,2723,18,19.9889174229442
Eulemur albifrons,2633,111,37.6822563658863
Eulemur albifrons,2664,111,37.5793578175409
Eulemur albifrons,2687,111,0.360352960571528
Eulemur albifrons,2792,111,56.4742974555546
Eulemur collaris,5,2,29.0015402895183
Eulemur collaris,531,56,0.826993804157555
Eulemur collaris,532,56,0.643234540641606
Eulemur collaris,533,56,68.8184135315516
Eulemur collaris,556,8,29.8132933344408
Eulemur collaris,557,8,60.1630917149811
Eulemur collaris,559,9,1.74189095719874
Eulemur collaris,564,9,22.6417625524348
Eulemur collaris,565,9,5.59148101063222
Eulemur collaris,566,9,29.1440375562146
Eulemur collaris,568,9,1.64962747188139
Eulemur collaris,577,9,28.7706278312885
Eulemur collaris,580,11,76.0507997739447
Eulemur collaris,588,13,1.09691577132261
Eulemur collaris,589,13,7.22148755678308
Eulemur collaris,594,13,1.18819494348121
Eulemur collaris,595,13,5.84927595422483
Eulemur collaris,596,13,0.274199880823612
Eulemur collaris,741,23,21.7369523021736
Eulemur collaris,755,28,13.8697245530523
Eulemur collaris,1220,43,29.2386139433417
Eulemur collaris,1251,57,19.8877197110529
Eulemur collaris,1274,57,10.3792907872638
Eulemur collaris,1275,57,2.63821850551534
Eulemur collaris,1276,57,0.263793588699341
Eulemur collaris,185,59,2.12015320006764
Eulemur collaris,189,59,2.39665222091711
Eulemur collaris,196,59,6.45206140753323
Eulemur collaris,205,59,1.93536526565039
Eulemur collaris,655,66,0.27356342314291
Eulemur collaris,666,66,3.19109242600811
Eulemur collaris,672,66,16.4078352154819
Eulemur collaris,676,66,0.638009943682313
Eulemur collaris,628,72,27.56289132153
Eulemur collaris,1449,72,15.610373411348
Eulemur collaris,1419,51,29.3885406549345
Eulemur collaris,1446,70,20.6592519148769
Eulemur collaris,455,68,115.524782916431
Eulemur collaris,488,68,85.9701670473394
Eulemur collaris,496,68,103.15160161254
Eulemur collaris,17,74,16.7109386026342
Eulemur collaris,1411,49,29.4123165165292
Eulemur collaris,1426,71,0.604549703200459
Eulemur collaris,1429,71,0.777178853789091
Eulemur collaris,1448,71,19.9515621485635
Eulemur collaris,1450,75,29.8631255431825
Eulemur collaris,587,12,2.10258186776292
Eulemur collaris,612,12,4.84054188698411
Eulemur collaris,614,12,165.417300758889
Eulemur collaris,615,12,2.37459808751679
Eulemur collaris,475,69,68.5989160500475
Eulemur collaris,534,77,29.7695576978091
Eulemur collaris,548,77,2.11212740951914
Eulemur collaris,554,77,553.312497570831
Eulemur collaris,555,77,121.915162227853
Eulemur collaris,558,77,24.8478412526516
Eulemur collaris,536,78,55.3194814575362
Eulemur collaris,636,73,29.5563237634509
Eulemur collaris,6,3,147.140169713448
Eulemur collaris,255,3,2.39529754093892
Eulemur collaris,270,3,1.19747486800301
Eulemur collaris,272,3,0.368458156106472
Eulemur collaris,273,3,4.97389831733626
Eulemur collaris,274,3,4.23704192003936
Eulemur collaris,275,3,1.84223974801898
Eulemur collaris,279,3,30.854789821823
Eulemur collaris,293,3,1.93420808195144
Eulemur collaris,303,3,1.84197769368905
Eulemur collaris,310,3,1.10513790659881
Eulemur collaris,311,3,0.460479690076709
Eulemur collaris,312,3,0.276287814046025
Eulemur collaris,330,3,721.05977841842
Eulemur collaris,340,3,37.4793206105509
Eulemur collaris,393,3,218.235334008419
Eulemur collaris,414,3,248.60235832278
Eulemur collaris,457,3,38.4553984883188
Eulemur collaris,579,10,21.6030064475268
Eulemur collaris,746,24,16.4962744438024
Eulemur coronatus,1385,28,21.7783583285349
Eulemur coronatus,1430,28,0.369099844385028
Eulemur coronatus,1431,28,4.98278105266279
Eulemur coronatus,1450,28,0.369083674412966
Eulemur coronatus,1467,28,7.10407188852959
Eulemur coronatus,1500,28,0.553546154210627
Eulemur coronatus,2315,200,15.1777130100187
Eulemur coronatus,2504,37,6.2465929270333
Eulemur coronatus,2612,39,22.7661249572809
Eulemur coronatus,2685,254,1.46844013959706
Eulemur coronatus,2703,254,5.32260880427534
Eulemur coronatus,2709,41,28.9027750310238
Eulemur coronatus,2739,42,21.648571574705
Eulemur coronatus,2750,42,0.366857565845847
Eulemur coronatus,2788,42,98.2948159355765
Eulemur coronatus,4180,88,38.5995990338773
Eulemur coronatus,6304,251,17.5465392691991
Eulemur coronatus,7107,120,12.7361471208223
Eulemur coronatus,7153,120,0.807085143688679
Eulemur coronatus,9725,140,28.1912179772684
Eulemur coronatus,9786,140,12.9470163728871
Eulemur coronatus,9844,140,0.968657305971384
Eulemur coronatus,9936,142,21.1137042166104
Eulemur coronatus,9959,142,353.003049019291
Eulemur coronatus,10005,144,9.40270671968651
Eulemur coronatus,10075,145,23.006339129375
Eulemur coronatus,10093,145,19.0477036475724
Eulemur coronatus,10251,146,0.175331868039727
Eulemur coronatus,10265,146,0.350618089248896
Eulemur coronatus,10290,146,11.4781437368618
Eulemur coronatus,10327,255,17.081330381768
Eulemur coronatus,10332,146,0.700833316723585
Eulemur coronatus,10717,158,10.3767457573529
Eulemur coronatus,10423,409,2.45062763333797
Eulemur coronatus,10442,409,15.3109534877646
Eulemur coronatus,10483,392,16.8855573470052
Eulemur coronatus,1836,375,38.9884159684163
Eulemur coronatus,8054,391,16.5183256766745
Eulemur coronatus,8094,391,1.96377893533659
Eulemur coronatus,10414,403,21.6223640213659
Eulemur coronatus,10415,403,0.26260917764318
Eulemur coronatus,10500,427,18.3647943950766
Eulemur coronatus,10549,427,36.2781974481035
Eulemur coronatus,10564,421,49.9945467986303
Eulemur coronatus,10581,421,4.10689038569617
Eulemur coronatus,10633,427,18.2514961764729
Eulemur coronatus,10662,427,15.1874823685672
Eulemur coronatus,10664,427,1.39672232339084
Eulemur coronatus,2516,38,0.275591552190423
Eulemur coronatus,2524,38,0.367434207116008
Eulemur coronatus,2525,38,0.183716525221109
Eulemur coronatus,2533,38,20.9441261861415
Eulemur coronatus,224,9,0.463597745714188
Eulemur coronatus,283,9,43.2038186617044
Eulemur coronatus,463,177,0.370271373195231
Eulemur coronatus,465,177,0.462834125284791
Eulemur coronatus,468,177,43.0377824654073
Eulemur coronatus,469,177,0.18513059458977
Eulemur coronatus,483,177,1.48074673073471
Eulemur coronatus,484,177,1.66577102635694
Eulemur coronatus,486,177,0.277623898765862
Eulemur coronatus,488,177,0.277610584835947
Eulemur coronatus,512,177,1.38815019469857
Eulemur coronatus,11181,177,0.185083622752249
Eulemur coronatus,140,5,0.55664420881176
Eulemur coronatus,146,5,0.371099061261296
Eulemur coronatus,149,5,0.556625695955813
Eulemur coronatus,158,5,0.185535398295105
Eulemur coronatus,164,5,0.463806772104442
Eulemur coronatus,171,5,0.27827526928854
Eulemur coronatus,173,5,0.463781360735595
Eulemur coronatus,183,5,0.278243954662919
Eulemur coronatus,193,5,0.185478644791543
Eulemur coronatus,199,5,0.27820176096195
Eulemur coronatus,202,5,0.64914825101471
Eulemur coronatus,207,5,0.18546587502265
Eulemur coronatus,210,5,130.021860527528
Eulemur coronatus,214,5,0.18545505566138
Eulemur coronatus,215,5,6.4908973798604
Eulemur coronatus,223,5,8.4370977335708
Eulemur coronatus,225,5,0.185438309593201
Eulemur coronatus,231,5,0.185425482894003
Eulemur coronatus,11151,5,0.185474717534363
Eulemur coronatus,11184,5,56.8711675529887
Eulemur coronatus,306,327,43.2675847418705
Eulemur coronatus,1091,412,11.5425439636662
Eulemur coronatus,1017,24,70.4783580520224
Eulemur coronatus,1130,24,9.78885034124469
Eulemur coronatus,1131,24,0.184702931169152
Eulemur coronatus,11242,431,12.4069277316004
Eulemur coronatus,1226,379,16.7109386026331
Eulemur coronatus,1262,379,53.4361815892465
Eulemur coronatus,5521,389,23.998980713628
Eulemur coronatus,4919,101,38.0240908844043
Eulemur coronatus,4945,101,3.07696966736627
Eulemur coronatus,4950,101,0.723997986286044
Eulemur coronatus,4971,101,0.361958205401897
Eulemur coronatus,11188,101,0.452763459861636
Eulemur coronatus,6217,108,65.5797173258648
Eulemur coronatus,11247,432,63.2626418560651
Eulemur coronatus,7409,434,17.1081231937802
Eulemur coronatus,7502,434,3.3134309653126
Eulemur coronatus,11067,164,20.6592519148769
Eulemur coronatus,6561,171,34.2414635209805
Eulemur coronatus,6453,425,0.449603298739433
Eulemur coronatus,6454,425,0.359686745625973
Eulemur coronatus,6480,425,36.331879859746
Eulemur coronatus,11252,425,6.47518067736232
Eulemur coronatus,11254,425,0.449634089967847
Eulemur coronatus,2327,31,0.183935519072413
Eulemur coronatus,2426,31,80.4473270242745
Eulemur coronatus,2892,49,0.549814045241475
Eulemur coronatus,2929,49,6.50515091839236
Eulemur coronatus,6570,214,78.6136563214009
Eulemur coronatus,8262,356,113.686529890617
Eulemur coronatus,8292,356,4.54409223083007
Eulemur coronatus,2488,360,191.799845109323
Eulemur coronatus,2553,360,147.356161761628
Eulemur coronatus,2799,360,0.733449546446562
Eulemur coronatus,3083,360,944.430003243641
Eulemur coronatus,1964,380,12.3467417666571
Eulemur coronatus,1983,380,3.22456991307449
Eulemur coronatus,2030,380,1.19747486800301
Eulemur coronatus,2035,380,134.761430063093
Eulemur coronatus,2061,380,83.9973458819341
Eulemur coronatus,2134,380,86.1141252417099
Eulemur coronatus,2216,380,179.074853055196
Eulemur coronatus,2284,380,138.98603618893
Eulemur coronatus,11192,380,1.47231811580735
Eulemur coronatus,11193,380,16.0095614432405
Eulemur coronatus,11260,380,21.7270555164749
Eulemur coronatus,2273,435,50.4255278827549
Eulemur coronatus,2298,435,0.183992209264755
Eulemur coronatus,2751,44,36.686094082084
Eulemur coronatus,2771,44,22.7394839783911
Eulemur coronatus,3206,64,316.786182870296
Eulemur coronatus,3273,64,2.55808245034969
Eulemur coronatus,3394,64,34.7078468910384
Eulemur coronatus,3442,64,18.0802938475482
Eulemur coronatus,3500,64,1.09562847792959
Eulemur coronatus,3721,64,0.821044563117385
Eulemur coronatus,3809,64,3.82909888804102
Eulemur coronatus,3951,64,37.8043434481882
Eulemur coronatus,4053,64,874.059447429304
Eulemur coronatus,4066,64,3.09337898071671
Eulemur coronatus,4075,64,1.09175737492621
Eulemur coronatus,4085,64,26.0157919395684
Eulemur coronatus,11265,64,4.00730932158411
Eulemur coronatus,11277,64,278.858749343426
Eulemur coronatus,7262,121,35.8509582239029
Eulemur coronatus,7445,121,57.9536162531174
Eulemur coronatus,7589,121,0.268576509485722
Eulemur coronatus,7682,121,3.75955498127008
Eulemur coronatus,11259,121,1.79238486696017
Eulemur coronatus,11279,121,27.5139015001006
Eulemur coronatus,7546,295,30.9829191094844
Eulemur coronatus,7573,295,17.4556019028076
Eulemur coronatus,7649,295,140.917138447344
Eulemur coronatus,865,322,40.8276004883154
Eulemur coronatus,1250,400,75.596679221642
Eulemur coronatus,1793,400,386.565531497434
Eulemur coronatus,1868,400,0.184330083481014
Eulemur coronatus,1892,400,0.46079386894691
Eulemur coronatus,1893,400,37.05020652045
Eulemur coronatus,2223,423,152.333784627097
Eulemur coronatus,11272,423,22.8623178367917
Eulemur coronatus,11271,436,6.9153804289776
Eulemur coronatus,6013,110,47.3336670441899
Eulemur coronatus,11288,110,3.15489428832662
Eulemur coronatus,11285,438,38.4964873401918
Eulemur coronatus,11290,438,0.180284389288425
Eulemur coronatus,11287,439,10.7261449021248
Eulemur coronatus,11294,439,26.8481144580816
Eulemur coronatus,11293,440,11.8039994628603
Eulemur coronatus,11297,441,19.9889174229442
Eulemur coronatus,4721,263,29.889932519037
Eulemur coronatus,6059,270,86.4754125264703
Eulemur coronatus,6134,270,0.180059280392408
Eulemur coronatus,6155,270,0.360089527330041
Eulemur coronatus,6195,270,0.540061639256001
Eulemur coronatus,5956,437,158.705818376245
Eulemur coronatus,6153,437,70.171205546759
Eulemur fulvus,3303,19,29.3753021912422
Eulemur fulvus,5223,23,12.0800389464626
Eulemur fulvus,5356,23,23.6059681205691
Eulemur fulvus,5489,23,30.002952453004
Eulemur fulvus,1588,429,38.9884159684163
Eulemur fulvus,32121,516,44.4928427752445
Eulemur fulvus,5975,548,22.2892814174211
Eulemur fulvus,32100,548,37.6497033879563
Eulemur fulvus,8394,536,21.2443070814972
Eulemur fulvus,2806,111,0.275667671454787
Eulemur fulvus,2828,111,1.92954817861235
Eulemur fulvus,2952,111,0.275591552190423
Eulemur fulvus,2977,111,0.367434207116008
Eulemur fulvus,2978,111,0.183716525221109
Eulemur fulvus,2996,111,33.8991079803611
Eulemur fulvus,32173,111,0.183782283741117
Eulemur fulvus,32260,111,0.367500048400104
Eulemur fulvus,468,186,0.370271373195231
Eulemur fulvus,470,186,0.462834125284791
Eulemur fulvus,473,186,43.0377824654073
Eulemur fulvus,474,186,0.18513059458977
Eulemur fulvus,494,186,1.48074673073471
Eulemur fulvus,497,186,1.66577102635694
Eulemur fulvus,501,186,0.277623898765862
Eulemur fulvus,504,186,0.277610584835947
Eulemur fulvus,532,186,1.38815019469857
Eulemur fulvus,32255,186,0.185083622752249
Eulemur fulvus,235,293,0.463597745714188
Eulemur fulvus,289,293,43.2038186617044
Eulemur fulvus,32209,552,9.30640563301087
Eulemur fulvus,5496,543,16.3740665150672
Eulemur fulvus,5753,553,19.2038282113973
Eulemur fulvus,5897,553,1.91988596975887
Eulemur fulvus,5898,553,4.2053427026192
Eulemur fulvus,32099,553,2.19383277368414
Eulemur fulvus,149,185,0.55664420881176
Eulemur fulvus,156,185,0.371099061261296
Eulemur fulvus,159,185,0.556625695955813
Eulemur fulvus,168,185,0.185535398295105
Eulemur fulvus,175,185,0.463806772104442
Eulemur fulvus,183,185,0.27827526928854
Eulemur fulvus,185,185,0.463781360735595
Eulemur fulvus,195,185,0.278243954662919
Eulemur fulvus,207,185,0.185478644791543
Eulemur fulvus,210,185,0.27820176096195
Eulemur fulvus,213,185,0.64914825101471
Eulemur fulvus,218,185,0.18546587502265
Eulemur fulvus,221,185,130.021860527528
Eulemur fulvus,225,185,0.18545505566138
Eulemur fulvus,226,185,6.4908973798604
Eulemur fulvus,234,185,8.4370977335708
Eulemur fulvus,236,185,0.185438309593201
Eulemur fulvus,242,185,0.185425482894003
Eulemur fulvus,32058,185,0.185474717534363
Eulemur fulvus,32299,185,56.8711675529887
Eulemur fulvus,304,439,43.2675847418705
Eulemur fulvus,29523,556,14.989374111433
Eulemur fulvus,32235,556,23.0620316261801
Eulemur fulvus,32508,558,20.7455502793244
Eulemur fulvus,13857,148,38.0240908844043
Eulemur fulvus,13954,148,3.07696966736627
Eulemur fulvus,13964,148,0.723997986286044
Eulemur fulvus,14031,148,0.361958205401897
Eulemur fulvus,32445,148,0.452763459861636
Eulemur fulvus,18949,559,130.568218715013
Eulemur fulvus,32527,560,78.5054384879867
Eulemur fulvus,21267,562,3.3134309653126
Eulemur fulvus,32563,562,17.1081231937802
Eulemur fulvus,18542,546,0.449603298739433
Eulemur fulvus,18543,546,0.359686745625973
Eulemur fulvus,18670,546,36.331879859746
Eulemur fulvus,32523,546,6.47518067736232
Eulemur fulvus,32525,546,0.449634089967847
Eulemur fulvus,31844,557,2.33597082442749
Eulemur fulvus,31846,557,0.173038084078312
Eulemur fulvus,32517,557,57.1920356452289
Eulemur fulvus,31954,564,0.777178853789091
Eulemur fulvus,32410,564,0.604549703200817
Eulemur fulvus,32571,564,19.9515621485635
Eulemur fulvus,32567,565,27.2715936270507
Eulemur fulvus,32568,566,29.4123165165292
Eulemur fulvus,32569,567,29.3885406549345
Eulemur fulvus,32570,568,20.6592519148769
Eulemur fulvus,4130,21,0.183357631337821
Eulemur fulvus,4359,21,17.8720619448453
Eulemur fulvus,4571,21,26.0210110531198
Eulemur fulvus,26731,535,28.555309591274
Eulemur fulvus,32600,535,23.5087072345356
Eulemur fulvus,24699,159,171.071344628696
Eulemur fulvus,32587,159,8.19087994073701
Eulemur fulvus,21429,327,2.32767118465054
Eulemur fulvus,21595,327,69.5634544487439
Eulemur fulvus,23410,327,429.454098125917
Eulemur fulvus,1070,356,175.204558120961
Eulemur fulvus,2572,356,0.643524707942724
Eulemur fulvus,2627,356,0.459616383672059
Eulemur fulvus,2637,356,0.183841973942041
Eulemur fulvus,2647,356,0.643432019172192
Eulemur fulvus,2656,356,0.275752651619673
Eulemur fulvus,2672,356,0.367655302864194
Eulemur fulvus,2696,356,1.56243208603442
Eulemur fulvus,2697,356,0.275729722221732
Eulemur fulvus,2725,356,0.275717098941624
Eulemur fulvus,2741,356,0.275709061498523
Eulemur fulvus,2745,356,0.459508593737543
Eulemur fulvus,2756,356,0.45949710468936
Eulemur fulvus,2757,356,1.1946710927344
Eulemur fulvus,2774,356,0.183794934333146
Eulemur fulvus,2782,356,53.7688087064452
Eulemur fulvus,2786,356,3.21620605602419
Eulemur fulvus,2787,356,0.551364106284499
Eulemur fulvus,2793,356,1.10266377710527
Eulemur fulvus,2804,356,0.183781132994473
Eulemur fulvus,2805,356,0.367564567481756
Eulemur fulvus,2815,356,0.183777680330753
Eulemur fulvus,2819,356,0.551319225258708
Eulemur fulvus,2826,356,0.183773075227499
Eulemur fulvus,2835,356,1.10259928914046
Eulemur fulvus,2841,356,2.02137478975803
Eulemur fulvus,2842,356,0.826945434479237
Eulemur fulvus,2847,356,0.643170052255213
Eulemur fulvus,2853,356,0.183763859938979
Eulemur fulvus,2860,356,0.183761555059075
Eulemur fulvus,2861,356,1.65382056523675
Eulemur fulvus,2885,356,0.826825480994821
Eulemur fulvus,2925,356,0.459349671094894
Eulemur fulvus,2951,356,0.367459639964223
Eulemur fulvus,2967,356,0.183724619395971
Eulemur fulvus,2968,356,0.275586929093957
Eulemur fulvus,2975,356,1.46972063059181
Eulemur fulvus,2976,356,0.275577679304183
Eulemur fulvus,3078,356,0.367363554798603
Eulemur fulvus,3110,356,58.6780858784226
Eulemur fulvus,3207,356,432.708220309259
Eulemur fulvus,3264,356,0.275443051051259
Eulemur fulvus,3593,356,0.275296915365994
Eulemur fulvus,3594,356,0.367061380223393
Eulemur fulvus,3622,356,0.275287525101185
Eulemur fulvus,3655,356,0.275273431350648
Eulemur fulvus,3748,356,7.33885625368941
Eulemur fulvus,3749,356,0.183485430249155
Eulemur fulvus,3828,356,1.92623914275402
Eulemur fulvus,3846,356,1.19240941025871
Eulemur fulvus,3852,356,0.275169767138779
Eulemur fulvus,4129,356,1.74189095719874
Eulemur fulvus,4180,356,0.183344545670271
Eulemur fulvus,4220,356,19.8004591727503
Eulemur fulvus,4280,356,4.94941971172941
Eulemur fulvus,4302,356,5.77360824797451
Eulemur fulvus,4440,356,0.183276533060908
Eulemur fulvus,8115,356,3.82909888804102
Eulemur fulvus,9091,356,1.18376412765741
Eulemur fulvus,9638,356,6.55139839463806
Eulemur fulvus,9746,356,1.36469639132738
Eulemur fulvus,11143,356,12727.3850512499
Eulemur fulvus,32095,356,179.54495541553
Eulemur fulvus,32578,356,77.4065442805075
Eulemur fulvus,32614,356,54.2551765402825
Eulemur fulvus,32615,356,587.522437766301
Eulemur fulvus,32616,356,257.987775640312
Eulemur fulvus,32602,570,47.8541654373711
Eulemur fulvus,19373,572,176.465112044449
Eulemur fulvus,23936,572,170.785426053188
Eulemur fulvus,24142,572,224.299706164179
Eulemur fulvus,26632,572,0.62064821295929
Eulemur fulvus,26652,572,0.265972006814122
Eulemur fulvus,26674,572,0.709200345668078
Eulemur fulvus,26695,572,0.177290677110672
Eulemur fulvus,30545,572,4568.53645333932
Eulemur fulvus,32025,572,1320.72290065696
Eulemur fulvus,32509,572,234.81411045919
Eulemur fulvus,32514,572,72.7284184850583
Eulemur fulvus,32594,572,1633.8566839868
Eulemur fulvus,32641,572,1264.80094030401
Eulemur fulvus,5980,514,5.85033975470352
Eulemur fulvus,5990,514,24.6792146248873
Eulemur fulvus,6033,514,1.0054375043211
Eulemur fulvus,6038,514,2.83342021114933
Eulemur fulvus,6048,514,0.182805694629431
Eulemur fulvus,6073,514,1.00536820483017
Eulemur fulvus,6074,514,2.37624750380063
Eulemur fulvus,6081,514,0.274192454328179
Eulemur fulvus,6102,514,0.182784649551272
Eulemur fulvus,6135,514,0.182778454094648
Eulemur fulvus,6147,514,8.31651482316256
Eulemur fulvus,6267,514,8.49783825707888
Eulemur fulvus,6347,514,0.274089461484194
Eulemur fulvus,6421,514,10.9639024804161
Eulemur fulvus,6422,514,4.567756926453
Eulemur fulvus,32284,514,16.5402429724604
Eulemur fulvus,32434,514,0.456749789226413
Eulemur fulvus,21117,523,57.9536162531174
Eulemur fulvus,21496,523,0.268576509485722
Eulemur fulvus,32131,523,35.8509582239029
Eulemur fulvus,32232,523,3.75955498127008
Eulemur fulvus,32545,523,1.79238486696017
Eulemur fulvus,32631,523,27.5139015001006
Eulemur fulvus,28871,524,55.3030478112986
Eulemur fulvus,5440,531,36.3372512144693
Eulemur fulvus,32316,531,5.86001237088037
Eulemur fulvus,32327,531,30.5684495112349
Eulemur fulvus,7428,551,693.830735791941
Eulemur fulvus,7436,551,2.00722734047782
Eulemur fulvus,7448,551,0.364942030489683
Eulemur fulvus,7462,551,0.456175956650972
Eulemur fulvus,12804,492,0.181274117312193
Eulemur fulvus,32647,492,308.475605014956
Eulemur fulvus,32648,492,20.6443376237523
Eulemur fulvus,15986,573,0.812480411258936
Eulemur fulvus,32376,573,38.3946948622806
Eulemur fulvus,32384,573,1.35457540027201
Eulemur fulvus,32650,573,38.4612961439313
Eulemur fulvus,32651,573,0.180557963597178
Eulemur fulvus,17454,574,158.705818376245
Eulemur fulvus,17829,574,70.171205546759
Eulemur fulvus,25293,575,465.807169794926
Eulemur fulvus,32653,575,110.070037848945
Eulemur fulvus,32590,576,122.701643372855
Eulemur fulvus,32657,576,29.7723925005817
Eulemur fulvus,32670,576,15.2341434265082
Eulemur fulvus,32679,576,26.8481144580816
Eulemur fulvus,32627,577,45.4757890931116
Eulemur fulvus,32644,578,16.4163595908247
Eulemur fulvus,32645,578,14.8692397176668
Eulemur fulvus,32646,579,26.0164300679771
Eulemur fulvus,32649,580,185.208699387767
Eulemur fulvus,32652,581,23.6377044755612
Eulemur fulvus,32662,582,2.70596556277776
Eulemur fulvus,32665,582,0.360754872067451
Eulemur fulvus,32666,582,67.5307001400677
Eulemur fulvus,32668,582,0.180371722902298
Eulemur fulvus,32675,582,0.180284389288425
Eulemur fulvus,32669,583,47.3336670441899
Eulemur fulvus,32673,583,3.15489428832662
Eulemur fulvus,32678,583,11.8039994628603
Eulemur fulvus,32681,583,2.34215426115477
Eulemur fulvus,32672,584,65.1599201313749
Eulemur fulvus,32682,585,19.9889174229442
Eulemur fulvus,32683,586,14.2635312602702
Eulemur fulvus,32579,569,132.962781072095
Eulemur fulvus,32655,569,0.453956211002231
Eulemur fulvus,32654,587,18.5469218373579
Eulemur fulvus,18142,571,0.179958904524803
Eulemur fulvus,18237,571,2.87876883525968
Eulemur fulvus,18247,571,0.899620833965421
Eulemur fulvus,18298,571,0.269868277515173
Eulemur fulvus,32640,571,56.9706430520978
Eulemur fulvus,32684,571,33.0953660842072
Eulemur macaco,200,5,11.5425439636641
Eulemur macaco,357,6,21.7783583285349
Eulemur macaco,373,6,1.29187423454964
Eulemur macaco,380,6,0.184550999780059
Eulemur macaco,381,6,0.276826499670088
Eulemur macaco,867,12,29.3753021912422
Eulemur macaco,7923,74,8.43718636894178
Eulemur macaco,8038,83,0.347606800359964
Eulemur macaco,8044,83,6.60311605216253
Eulemur macaco,8063,83,0.260613872785091
Eulemur macaco,556,141,38.9884159684163
Eulemur macaco,126,3,113.887349299159
Eulemur macaco,1092,108,1.0058668003034
Eulemur macaco,1108,108,19.3826589895583
Eulemur macaco,769,170,3.21760750335884
Eulemur macaco,771,170,0.643524707942724
Eulemur macaco,781,170,0.459616383672059
Eulemur macaco,783,170,0.183841973942041
Eulemur macaco,784,170,0.183840828700006
Eulemur macaco,785,170,0.643432019172192
Eulemur macaco,787,170,0.275752651619673
Eulemur macaco,792,170,0.367655302864194
Eulemur macaco,800,170,1.10266377710527
Eulemur macaco,803,170,0.183781132994473
Eulemur macaco,807,170,2.02137478975803
Eulemur macaco,808,170,0.826945434479237
Eulemur macaco,812,170,0.826825480995119
Eulemur macaco,813,170,0.459349671094894
Eulemur macaco,814,170,0.367459639964223
Eulemur macaco,817,170,0.183724619395971
Eulemur macaco,818,170,0.275586929093957
Eulemur macaco,820,170,1.46972063059181
Eulemur macaco,821,170,0.275577679304183
Eulemur macaco,828,170,0.367363554798603
Eulemur macaco,830,170,29.9356861212078
Eulemur macaco,849,170,401.568680719222
Eulemur macaco,859,170,0.275443051051259
Eulemur macaco,7195,34,94.0715938528469
Eulemur macaco,7213,34,0.17513996987009
Eulemur macaco,7222,34,0.175113467076778
Eulemur macaco,7342,34,0.174932641012549
Eulemur macaco,7523,34,439.811327956731
Eulemur macaco,7570,34,5.06426714183665
Eulemur macaco,7593,34,0.261868806515336
Eulemur macaco,7614,34,133.250341208925
Eulemur macaco,7860,34,1133.92822082975
Eulemur macaco,608,8,130.519144442951
Eulemur macaco,1034,13,105.817478270116
Eulemur macaco,8164,183,34.7441383371618
Eulemur macaco,8165,183,54.2551765402825
Eulemur macaco,2601,190,14.6064752953056
Eulemur macaco,2616,190,0.450774783573031
Eulemur macaco,2620,190,0.360620400392294
Eulemur macaco,2631,190,1.17193244256461
Eulemur macaco,2649,190,25.056995838525
Eulemur macaco,2657,190,3.69560390151608
Eulemur macaco,2676,190,0.18025854460609
Eulemur macaco,2754,190,41.9852753191171
Eulemur macaco,3490,185,176.465112044449
Eulemur macaco,5656,185,170.785426053188
Eulemur macaco,5686,185,0.178258892614841
Eulemur macaco,5698,185,224.299706164179
Eulemur macaco,5700,185,0.356448453989983
Eulemur macaco,5782,185,0.712473388379216
Eulemur macaco,6588,185,0.177450581545353
Eulemur macaco,6681,185,0.620648212959528
Eulemur macaco,6690,185,0.265972006814122
Eulemur macaco,6704,185,0.709200345668078
Eulemur macaco,6715,185,0.177290677110672
Eulemur macaco,6829,185,7.08298393171608
Eulemur macaco,6919,185,0.618742599579573
Eulemur macaco,7020,185,1.32446653053212
Eulemur macaco,7128,185,2596.24238576851
Eulemur macaco,8149,185,1204.32843635367
Eulemur macaco,8157,185,852.372039414346
Eulemur macaco,8178,185,729.953888593287
Eulemur macaco,1196,179,0.273219705900669
Eulemur macaco,8167,179,22.3154238858297
Eulemur macaco,1260,189,469.966176985855
Eulemur macaco,8166,189,257.987775640312
Eulemur macaco,268,180,175.204558120961
Eulemur macaco,625,180,6.63162645038044
Eulemur macaco,636,180,1.74986507844758
Eulemur macaco,679,180,0.18402045498687
Eulemur macaco,692,180,0.183992209264755
Eulemur macaco,776,180,2997.1290255541
Eulemur macaco,642,181,155.626780561502
Eulemur macaco,1039,182,0.3660581814937
Eulemur macaco,1042,182,0.366043563450038
Eulemur macaco,8150,182,33.8666662566687
Eulemur macaco,1722,165,0.181274117312193
Eulemur macaco,8186,165,308.475605014956
Eulemur macaco,8187,165,20.6443376237523
Eulemur macaco,2399,191,0.812480411258936
Eulemur macaco,8131,191,38.3946948622806
Eulemur macaco,8139,191,1.35457540027201
Eulemur macaco,8189,191,38.4612961439313
Eulemur macaco,8190,191,0.180557963597178
Eulemur macaco,2424,192,43.2201973058603
Eulemur macaco,6093,193,465.807169794926
Eulemur macaco,8192,193,110.070037848945
Eulemur macaco,8175,194,14.2635312602702
Eulemur macaco,8183,195,16.4163595908247
Eulemur macaco,8184,195,14.8692397176668
Eulemur macaco,8185,196,26.0164300679771
Eulemur macaco,8188,197,185.208699387767
Eulemur macaco,8191,198,23.6377044755612
Eulemur macaco,1418,177,132.962781072095
Eulemur macaco,8182,177,0.453956211002231
Eulemur macaco,8181,199,18.5469218373579
Eulemur macaco,2982,184,0.179958904524803
Eulemur macaco,3016,184,2.87876883525968
Eulemur macaco,3020,184,0.899620833965421
Eulemur macaco,3042,184,0.269868277515173
Eulemur macaco,8180,184,56.9706430520978
Eulemur macaco,8220,184,33.0953660842072
Eulemur macaco,8153,187,122.701643372855
Eulemur macaco,8194,187,29.7723925005817
Eulemur macaco,8207,187,15.2341434265082
Eulemur macaco,8216,187,26.8481144580816
Eulemur macaco,8199,200,2.70596556277776
Eulemur macaco,8202,200,0.360754872067451
Eulemur macaco,8203,200,67.5307001400677
Eulemur macaco,8205,200,0.180371722902298
Eulemur macaco,8212,200,0.180284389288425
Eulemur macaco,8206,201,47.3336670441899
Eulemur macaco,8210,201,3.15489428832662
Eulemur macaco,8209,202,65.1599201313749
Eulemur macaco,8215,203,11.8039994628603
Eulemur macaco,8218,203,2.34215426115477
Eulemur macaco,8219,204,19.9889174229442
Eulemur rubriventer,3884,52,12.0800389464626
Eulemur rubriventer,1260,620,38.9884159684163
Eulemur rubriventer,10771,663,70.171205546759
Eulemur rubriventer,4383,702,0.182741225706577
Eulemur rubriventer,4409,702,13.1553445202122
Eulemur rubriventer,3999,701,16.3740665150672
Eulemur rubriventer,145,7,0.463597745714188
Eulemur rubriventer,194,7,43.2038186617044
Eulemur rubriventer,359,15,0.370271373195231
Eulemur rubriventer,361,15,0.462834125284791
Eulemur rubriventer,364,15,43.0377824654073
Eulemur rubriventer,365,15,0.18513059458977
Eulemur rubriventer,378,15,1.48074673073471
Eulemur rubriventer,379,15,1.66577102635694
Eulemur rubriventer,381,15,0.277623898765862
Eulemur rubriventer,383,15,0.277610584835947
Eulemur rubriventer,402,15,1.38815019469857
Eulemur rubriventer,23167,15,0.185083622752249
Eulemur rubriventer,61,4,0.55664420881176
Eulemur rubriventer,69,4,0.371099061261296
Eulemur rubriventer,72,4,0.556625695955813
Eulemur rubriventer,81,4,0.185535398295105
Eulemur rubriventer,88,4,0.463806772104442
Eulemur rubriventer,95,4,0.27827526928854
Eulemur rubriventer,96,4,0.463781360735595
Eulemur rubriventer,105,4,0.278243954662919
Eulemur rubriventer,117,4,0.185478644791543
Eulemur rubriventer,120,4,0.27820176096195
Eulemur rubriventer,123,4,0.64914825101471
Eulemur rubriventer,128,4,0.18546587502265
Eulemur rubriventer,131,4,130.021860527528
Eulemur rubriventer,135,4,0.18545505566138
Eulemur rubriventer,136,4,6.4908973798604
Eulemur rubriventer,144,4,8.4370977335708
Eulemur rubriventer,146,4,0.185438309593201
Eulemur rubriventer,152,4,0.185425482894003
Eulemur rubriventer,23107,4,0.185474717534363
Eulemur rubriventer,23192,4,56.8711675529887
Eulemur rubriventer,4382,59,2.64969806134474
Eulemur rubriventer,4421,59,0.274089461484194
Eulemur rubriventer,4468,59,7.03479595916306
Eulemur rubriventer,4469,59,4.567756926453
Eulemur rubriventer,23191,59,0.456749789226413
Eulemur rubriventer,207,547,43.2675847418705
Eulemur rubriventer,23388,719,20.7455502793244
Eulemur rubriventer,7750,110,38.0240908844043
Eulemur rubriventer,7831,110,3.07696966736627
Eulemur rubriventer,7839,110,0.723997986286044
Eulemur rubriventer,7888,110,0.361958205401897
Eulemur rubriventer,23333,110,0.452763459861636
Eulemur rubriventer,11237,720,65.5797173258648
Eulemur rubriventer,23399,721,63.2626418560651
Eulemur rubriventer,11697,152,33.9718815828913
Eulemur rubriventer,13333,163,5.19750467449403
Eulemur rubriventer,13514,163,15.2320228051803
Eulemur rubriventer,13470,165,13.8841261984153
Eulemur rubriventer,13782,475,1.34292058028018
Eulemur rubriventer,13801,475,155.445673128847
Eulemur rubriventer,13861,475,0.268565856355548
Eulemur rubriventer,13915,475,59.1812618295658
Eulemur rubriventer,22946,551,2.33597082442749
Eulemur rubriventer,22948,551,0.173038084078312
Eulemur rubriventer,23078,551,57.1920356452289
Eulemur rubriventer,23041,724,0.777178853789091
Eulemur rubriventer,23304,724,0.604549703200817
Eulemur rubriventer,23414,724,19.9515621485635
Eulemur rubriventer,23410,725,27.2715936270507
Eulemur rubriventer,23411,726,29.4123165165292
Eulemur rubriventer,23412,727,29.3885406549345
Eulemur rubriventer,23413,728,20.6592519148769
Eulemur rubriventer,10820,707,36.331879859746
Eulemur rubriventer,11371,707,0.449603298739433
Eulemur rubriventer,11372,707,0.359686745625973
Eulemur rubriventer,23396,707,6.47518067736232
Eulemur rubriventer,23398,707,0.449634089967847
Eulemur rubriventer,1127,731,34.8530751047845
Eulemur rubriventer,4130,714,48.0992270820966
Eulemur rubriventer,13626,723,0.626913510565519
Eulemur rubriventer,23408,723,13.8800525538392
Eulemur rubriventer,23409,723,0.447673652347684
Eulemur rubriventer,3686,331,642.341910532943
Eulemur rubriventer,3707,331,0.366270498121917
Eulemur rubriventer,3901,331,80.4578190752691
Eulemur rubriventer,818,540,175.204558120961
Eulemur rubriventer,950,540,179.54495541553
Eulemur rubriventer,2130,540,0.643524707942724
Eulemur rubriventer,2186,540,0.459616383672059
Eulemur rubriventer,2200,540,0.183841973942041
Eulemur rubriventer,2209,540,0.643432019172192
Eulemur rubriventer,2215,540,0.275752651619673
Eulemur rubriventer,2235,540,0.367655302864194
Eulemur rubriventer,2250,540,1.56243208603442
Eulemur rubriventer,2251,540,0.275729722221732
Eulemur rubriventer,2265,540,0.275717098941624
Eulemur rubriventer,2276,540,0.275709061498523
Eulemur rubriventer,2282,540,0.459508593737543
Eulemur rubriventer,2290,540,0.45949710468936
Eulemur rubriventer,2291,540,1.1946710927344
Eulemur rubriventer,2302,540,0.183794934333146
Eulemur rubriventer,2308,540,53.7688087064452
Eulemur rubriventer,2310,540,3.21620605602419
Eulemur rubriventer,2311,540,0.551364106284499
Eulemur rubriventer,2321,540,1.10266377710527
Eulemur rubriventer,2330,540,0.183781132994473
Eulemur rubriventer,2331,540,0.367564567481756
Eulemur rubriventer,2340,540,0.183777680330753
Eulemur rubriventer,2346,540,0.551319225258708
Eulemur rubriventer,2350,540,0.183773075227499
Eulemur rubriventer,2358,540,1.10259928914046
Eulemur rubriventer,2364,540,2.02137478975803
Eulemur rubriventer,2365,540,0.826945434479237
Eulemur rubriventer,2370,540,0.643170052255213
Eulemur rubriventer,2375,540,0.183763859938979
Eulemur rubriventer,2383,540,0.183761555059075
Eulemur rubriventer,2384,540,1.65382056523675
Eulemur rubriventer,2408,540,0.826825480994821
Eulemur rubriventer,2441,540,0.459349671094894
Eulemur rubriventer,2465,540,0.367459639964223
Eulemur rubriventer,2479,540,0.183724619395971
Eulemur rubriventer,2480,540,0.275586929093957
Eulemur rubriventer,2487,540,1.46972063059181
Eulemur rubriventer,2488,540,0.275577679304183
Eulemur rubriventer,2566,540,0.367363554798603
Eulemur rubriventer,2592,540,58.6780858784226
Eulemur rubriventer,2666,540,432.708220309259
Eulemur rubriventer,2707,540,0.275443051051259
Eulemur rubriventer,3083,540,0.733967621563852
Eulemur rubriventer,3112,540,0.183480718940854
Eulemur rubriventer,3152,540,0.275169767138779
Eulemur rubriventer,5508,540,1.09175737492621
Eulemur rubriventer,6059,540,12874.1858164094
Eulemur rubriventer,23421,540,3.09337898071694
Eulemur rubriventer,23422,540,26.0157919395684
Eulemur rubriventer,23445,540,54.2551765402825
Eulemur rubriventer,23446,540,587.522437766301
Eulemur rubriventer,23447,540,257.987775640312
Eulemur rubriventer,12048,733,176.465112044449
Eulemur rubriventer,16055,733,170.785426053188
Eulemur rubriventer,16212,733,224.299706164179
Eulemur rubriventer,18480,733,0.620648212959528
Eulemur rubriventer,18498,733,0.265972006814122
Eulemur rubriventer,18522,733,0.709200345668078
Eulemur rubriventer,18545,733,0.177290677110672
Eulemur rubriventer,21773,733,4568.53645333932
Eulemur rubriventer,22534,733,1320.72290065696
Eulemur rubriventer,22613,733,23.1220312933333
Eulemur rubriventer,22650,733,6.60311605216253
Eulemur rubriventer,22679,733,16.0684737306561
Eulemur rubriventer,23389,733,234.81411045919
Eulemur rubriventer,23435,733,1633.8566839868
Eulemur rubriventer,23462,733,1264.80094030401
Eulemur rubriventer,3994,699,36.3372512144693
Eulemur rubriventer,23209,699,5.86001237088037
Eulemur rubriventer,23220,699,30.5684495112349
Eulemur rubriventer,4806,708,2.28180747323132
Eulemur rubriventer,4838,708,0.365034251434088
Eulemur rubriventer,4877,708,370.346418422534
Eulemur rubriventer,4894,708,25.8225284101236
Eulemur rubriventer,4897,708,0.547426328327894
Eulemur rubriventer,4903,708,0.364942030489683
Eulemur rubriventer,4908,708,0.456175956650972
Eulemur rubriventer,23321,708,173.722750508177
Eulemur rubriventer,7010,687,0.181274117312074
Eulemur rubriventer,23468,687,308.475605014956
Eulemur rubriventer,23469,687,20.6443376237523
Eulemur rubriventer,9358,736,0.812480411258936
Eulemur rubriventer,23270,736,38.3946948622806
Eulemur rubriventer,23278,736,1.35457540027201
Eulemur rubriventer,23471,736,38.4612961439313
Eulemur rubriventer,23472,736,0.180557963597178
Eulemur rubriventer,10442,737,158.705818376245
Eulemur rubriventer,17266,738,465.807169794926
Eulemur rubriventer,23474,738,110.070037848945
Eulemur rubriventer,23457,739,45.4757890931116
Eulemur rubriventer,23465,740,16.4163595908247
Eulemur rubriventer,23466,740,14.8692397176668
Eulemur rubriventer,23467,741,26.0164300679771
Eulemur rubriventer,23470,742,185.208699387767
Eulemur rubriventer,23473,743,23.6377044755612
Eulemur rubriventer,23504,744,14.2635312602702
Eulemur rubriventer,23423,730,132.962781072095
Eulemur rubriventer,23476,730,0.453956211002231
Eulemur rubriventer,23475,745,18.5469218373579
Eulemur rubriventer,11045,732,0.179958904524803
Eulemur rubriventer,11125,732,2.87876883525968
Eulemur rubriventer,11133,732,0.899620833965421
Eulemur rubriventer,11171,732,0.269868277515173
Eulemur rubriventer,23461,732,56.9706430520978
Eulemur rubriventer,23505,732,33.0953660842072
Eulemur rubriventer,23431,735,122.701643372855
Eulemur rubriventer,23478,735,29.7723925005817
Eulemur rubriventer,23491,735,15.2341434265082
Eulemur rubriventer,23500,735,26.8481144580816
Eulemur rubriventer,23483,746,2.70596556277776
Eulemur rubriventer,23486,746,0.360754872067451
Eulemur rubriventer,23487,746,67.5307001400677
Eulemur rubriventer,23496,746,0.180284389288425
Eulemur rubriventer,23490,747,47.3336670441899
Eulemur rubriventer,23493,748,65.1599201313749
Eulemur rubriventer,23499,749,11.8039994628603
Eulemur rubriventer,23503,750,19.9889174229442
Eulemur rufifrons,286,19,20.6591479170249
Eulemur rufifrons,306,178,27.1905867924848
Eulemur rufifrons,327,22,0.460734393374979
Eulemur rufifrons,328,22,11.4269060107775
Eulemur rufifrons,434,27,279.305198323983
Eulemur rufifrons,465,27,7.62849285122781
Eulemur rufifrons,505,27,30.5083896894878
Eulemur rufifrons,561,30,23.2404467825878
Eulemur rufifrons,782,32,298.12932147101
Eulemur rufifrons,14584,185,68.4073900828574
Eulemur rufifrons,17780,439,31.0182859874093
Eulemur rufifrons,15824,420,46.5723968884147
Eulemur rufifrons,18053,490,36.3826787541578
Eulemur rufifrons,1905,500,22.2892814174211
Eulemur rufifrons,17890,500,37.6497033879563
Eulemur rufifrons,3360,487,21.2443070814972
Eulemur rufifrons,18159,502,20.2118844377252
Eulemur rufifrons,53,4,0.463597745714188
Eulemur rufifrons,73,4,43.1111113539241
Eulemur rufifrons,157,9,38.8725107153612
Eulemur rufifrons,166,9,1.48074673073471
Eulemur rufifrons,167,9,1.66577102635694
Eulemur rufifrons,169,9,1.38815019469857
Eulemur rufifrons,172,9,0.277623898765862
Eulemur rufifrons,174,9,0.277610584835947
Eulemur rufifrons,511,133,0.275667671454787
Eulemur rufifrons,519,133,1.92954817861235
Eulemur rufifrons,555,133,0.275591552190423
Eulemur rufifrons,571,133,31.9701440608883
Eulemur rufifrons,18164,133,0.367500048400104
Eulemur rufifrons,1679,497,16.3740665150672
Eulemur rufifrons,1780,505,19.2038282113973
Eulemur rufifrons,1843,505,1.91988596975887
Eulemur rufifrons,1844,505,4.2053427026192
Eulemur rufifrons,17889,505,2.19383277368414
Eulemur rufifrons,27,2,0.55664420881176
Eulemur rufifrons,29,2,0.371099061261296
Eulemur rufifrons,31,2,0.556625695955515
Eulemur rufifrons,34,2,0.463806772104681
Eulemur rufifrons,37,2,0.27827526928854
Eulemur rufifrons,18157,2,9.36908318528281
Eulemur rufifrons,49,509,26.7219759851387
Eulemur rufifrons,81,357,21.0334598369182
Eulemur rufifrons,14816,510,16.1215402504437
Eulemur rufifrons,18049,510,31.4692072683324
Eulemur rufifrons,18121,510,23.0620316261801
Eulemur rufifrons,269,17,51.0517464612443
Eulemur rufifrons,279,17,10.335222133148
Eulemur rufifrons,280,17,1.56875565783554
Eulemur rufifrons,283,17,0.369083674412966
Eulemur rufifrons,284,17,53.6056232874805
Eulemur rufifrons,285,17,0.553546154210627
Eulemur rufifrons,18356,513,20.7455502793244
Eulemur rufifrons,3127,512,1.45892001618862
Eulemur rufifrons,17977,512,63.0670493476875
Eulemur rufifrons,18110,512,225.402151941851
Eulemur rufifrons,6364,145,38.0240908844043
Eulemur rufifrons,6407,145,3.07696966736627
Eulemur rufifrons,6412,145,0.723997986286044
Eulemur rufifrons,6437,145,0.361958205401897
Eulemur rufifrons,18307,145,0.452763459861636
Eulemur rufifrons,7946,514,130.568218715013
Eulemur rufifrons,18368,515,78.5054384879867
Eulemur rufifrons,8730,517,3.3134309653126
Eulemur rufifrons,18419,517,17.1081231937802
Eulemur rufifrons,18002,482,47.9151920474066
Eulemur rufifrons,7821,498,0.449603298739433
Eulemur rufifrons,7822,498,0.359686745625973
Eulemur rufifrons,7861,498,36.331879859746
Eulemur rufifrons,18364,498,6.47518067736232
Eulemur rufifrons,18366,498,0.449634089967847
Eulemur rufifrons,17016,511,2.33597082442749
Eulemur rufifrons,17353,511,57.1920356452289
Eulemur rufifrons,17160,519,0.777178853789091
Eulemur rufifrons,18269,519,0.604549703200817
Eulemur rufifrons,18418,519,19.9515621485635
Eulemur rufifrons,18414,520,27.2715936270507
Eulemur rufifrons,18415,521,29.4123165165292
Eulemur rufifrons,18416,522,29.3885406549345
Eulemur rufifrons,18417,523,20.6592519148769
Eulemur rufifrons,333,351,1.38205641757107
Eulemur rufifrons,335,351,62.754294542233
Eulemur rufifrons,338,351,1.19747486800301
Eulemur rufifrons,341,351,32.5124332313215
Eulemur rufifrons,348,351,1.93420808195144
Eulemur rufifrons,350,351,2.67083779864252
Eulemur rufifrons,352,351,0.460479690076709
Eulemur rufifrons,359,351,77.8260491095896
Eulemur rufifrons,413,351,405.493937963261
Eulemur rufifrons,416,351,0.367843747830391
Eulemur rufifrons,17104,444,138.804967227073
Eulemur rufifrons,17931,444,45.1360753508905
Eulemur rufifrons,18412,444,0.347746593876839
Eulemur rufifrons,12464,518,35.9142155788532
Eulemur rufifrons,18393,518,15.4450147414067
Eulemur rufifrons,18446,518,9.49462234218203
Eulemur rufifrons,18447,518,23.5087072345356
Eulemur rufifrons,314,21,0.737276350654483
Eulemur rufifrons,322,21,17.7836259858013
Eulemur rufifrons,1917,285,1.09691577132261
Eulemur rufifrons,1968,285,146.728748034176
Eulemur rufifrons,1973,285,0.274199880823612
Eulemur rufifrons,2129,285,2.55808245034969
Eulemur rufifrons,2287,285,12.5127359985033
Eulemur rufifrons,2331,285,0.365302981338978
Eulemur rufifrons,2345,285,4.47479395514262
Eulemur rufifrons,3033,285,3.46533733650792
Eulemur rufifrons,3647,285,8.65277234697043
Eulemur rufifrons,3765,285,0.273218414016366
Eulemur rufifrons,4270,285,1.09175737492621
Eulemur rufifrons,5121,285,692.624438110063
Eulemur rufifrons,18424,285,247.112620227311
Eulemur rufifrons,18426,285,3.09337898071694
Eulemur rufifrons,18467,285,85.1663414034227
Eulemur rufifrons,8062,526,176.465112044449
Eulemur rufifrons,9794,526,170.785426053188
Eulemur rufifrons,9941,526,190.682550016079
Eulemur rufifrons,11663,526,0.620648212959528
Eulemur rufifrons,11678,526,0.265972006814122
Eulemur rufifrons,11702,526,0.709200345668078
Eulemur rufifrons,15618,526,4568.53645333932
Eulemur rufifrons,16466,526,1320.72290065696
Eulemur rufifrons,16546,526,72.7284184850759
Eulemur rufifrons,18357,526,234.81411045919
Eulemur rufifrons,18439,526,1603.84918602747
Eulemur rufifrons,18469,526,1264.80094030401
Eulemur rufifrons,10797,436,171.071344628696
Eulemur rufifrons,18443,436,8.19087994073701
Eulemur rufifrons,1908,457,5.85033975470352
Eulemur rufifrons,1918,457,24.6792146248873
Eulemur rufifrons,1948,457,1.0054375043211
Eulemur rufifrons,1950,457,2.83342021114933
Eulemur rufifrons,1976,457,1.00536820483017
Eulemur rufifrons,1977,457,2.37624750380063
Eulemur rufifrons,1982,457,0.274192454328179
Eulemur rufifrons,2019,457,8.31651482316256
Eulemur rufifrons,2094,457,8.49783825707888
Eulemur rufifrons,2141,457,0.274089461484194
Eulemur rufifrons,2185,457,10.9639024804161
Eulemur rufifrons,2186,457,4.567756926453
Eulemur rufifrons,18183,457,16.5402429724604
Eulemur rufifrons,18293,457,0.456749789226413
Eulemur rufifrons,8679,473,57.9536162531174
Eulemur rufifrons,8817,473,0.268576509485722
Eulemur rufifrons,17943,473,35.8509582239029
Eulemur rufifrons,18143,473,3.75955498127008
Eulemur rufifrons,18386,473,1.79238486696017
Eulemur rufifrons,18461,473,27.5139015001006
Eulemur rufifrons,8793,474,2.32767118465054
Eulemur rufifrons,9063,474,1.78860352420616
Eulemur rufifrons,9190,474,89.7882265229853
Eulemur rufifrons,9409,474,0.714404974959851
Eulemur rufifrons,9430,474,0.535747839347601
Eulemur rufifrons,9450,474,0.446428569326758
Eulemur rufifrons,9460,474,0.4464130281533
Eulemur rufifrons,9501,474,1.87495118889725
Eulemur rufifrons,9524,474,466.300212378207
Eulemur rufifrons,18390,474,7.14406051427484
Eulemur rufifrons,1665,480,36.3372512144693
Eulemur rufifrons,18201,480,5.86001237088037
Eulemur rufifrons,18212,480,30.5684495112349
Eulemur rufifrons,14577,483,55.3030478112986
Eulemur rufifrons,2751,504,693.921992462519
Eulemur rufifrons,2757,504,2.0072273404777
Eulemur rufifrons,2764,504,0.364942030489683
Eulemur rufifrons,18302,504,0.456175956650376
Eulemur rufifrons,18303,524,25.5098385051697
Eulemur rufifrons,18425,524,195.489360676493
Eulemur rufifrons,7309,330,0.631062051789641
Eulemur rufifrons,7403,330,13.9672160613456
Eulemur rufifrons,7405,330,108.504051498775
Eulemur rufifrons,10615,392,465.807169794926
Eulemur rufifrons,18479,392,83.2130701161231
Eulemur rufifrons,18435,530,122.701643372855
Eulemur rufifrons,18483,530,29.7723925005817
Eulemur rufifrons,18496,530,15.2341434265082
Eulemur rufifrons,18503,530,26.8481144580816
Eulemur rufifrons,18457,531,45.4757890931116
Eulemur rufifrons,18472,532,16.4163595908247
Eulemur rufifrons,18473,532,14.8692397176668
Eulemur rufifrons,18474,533,26.0164300679771
Eulemur rufifrons,18475,534,308.475605014956
Eulemur rufifrons,18476,534,20.6443376237523
Eulemur rufifrons,18477,535,185.208699387767
Eulemur rufifrons,18478,536,23.6377044755612
Eulemur rufifrons,18488,537,2.70596556277776
Eulemur rufifrons,18491,537,0.360754872067451
Eulemur rufifrons,18492,537,67.5307001400677
Eulemur rufifrons,18495,538,35.9761010023145
Eulemur rufifrons,18499,538,2.43376534148085
Eulemur rufifrons,18498,539,65.1599201313749
Eulemur rufifrons,18504,540,14.2635312602702
Eulemur rufifrons,7717,525,2.87876883525968
Eulemur rufifrons,7722,525,0.899620833965421
Eulemur rufifrons,7736,525,0.269868277515173
Eulemur rufifrons,18468,525,45.3586244343983
Eulemur rufifrons,18505,525,33.0953660842072
Eulemur rufifrons,18427,529,132.962781072095
Eulemur rufifrons,18481,529,0.453956211002231
Eulemur rufifrons,18480,541,18.5469218373579
Eulemur rufus,214,16,16.7109386026331
Eulemur rufus,259,17,33.4793083827833
Eulemur rufus,263,17,0.368899581958056
Eulemur rufus,268,17,5.80984119605243
Eulemur rufus,380,21,30.1057062332529
Eulemur rufus,456,229,0.183791485481143
Eulemur rufus,461,229,0.367564567481756
Eulemur rufus,462,229,1.74590292306334
Eulemur rufus,463,229,5.4214185239231
Eulemur rufus,465,229,0.183777680330753
Eulemur rufus,466,229,0.551319225258708
Eulemur rufus,468,229,0.183773075227499
Eulemur rufus,471,229,1.10259928914046
Eulemur rufus,472,229,0.643170052255213
Eulemur rufus,474,229,0.183763859938979
Eulemur rufus,475,229,0.183761555059075
Eulemur rufus,476,229,1.65382056523675
Eulemur rufus,512,229,115.846622038654
Eulemur rufus,1034,32,24.8478412526516
Eulemur rufus,6862,216,26.9070583393222
Eulemur rufus,6902,216,0.807085143688679
Eulemur rufus,2046,253,9.23022386336541
Eulemur rufus,2079,253,0.548279554689765
Eulemur rufus,310,211,35.5780134656684
Eulemur rufus,13190,356,13.3199779431528
Eulemur rufus,12161,218,68.4073900828574
Eulemur rufus,3295,431,21.2443070814972
Eulemur rufus,13655,459,9.30640563301087
Eulemur rufus,12670,463,0.262374952285051
Eulemur rufus,12703,463,7.6956431485666
Eulemur rufus,12734,463,1.39882735335076
Eulemur rufus,1742,456,16.3740665150672
Eulemur rufus,1873,462,19.2038282113973
Eulemur rufus,1944,462,1.91988596975887
Eulemur rufus,1945,462,4.2053427026192
Eulemur rufus,1983,462,2.19383277368402
Eulemur rufus,68,328,21.0334598369182
Eulemur rufus,196,14,39.8088322494032
Eulemur rufus,197,14,4.15680086977166
Eulemur rufus,219,209,71.4436178559841
Eulemur rufus,257,209,53.880920567325
Eulemur rufus,13811,466,20.7455502793244
Eulemur rufus,13806,455,18.5469218373579
Eulemur rufus,6131,469,78.5054384879867
Eulemur rufus,7234,472,3.3134309653126
Eulemur rufus,13816,472,17.1081231937802
Eulemur rufus,13510,457,0.777178853789091
Eulemur rufus,13763,457,0.604549703200817
Eulemur rufus,13840,457,19.9515621485635
Eulemur rufus,13520,473,29.4123165165292
Eulemur rufus,13837,474,27.2715936270507
Eulemur rufus,13838,475,29.3885406549345
Eulemur rufus,13839,476,20.6592519148769
Eulemur rufus,13586,468,79.4687161838046
Eulemur rufus,7146,361,56.6032599712144
Eulemur rufus,8748,427,28.1258639583065
Eulemur rufus,13165,452,750.134715682103
Eulemur rufus,10481,470,35.9142155788532
Eulemur rufus,13822,470,15.4450147414067
Eulemur rufus,13861,470,9.49462234218203
Eulemur rufus,13862,470,23.5087072345356
Eulemur rufus,342,333,3.22456991307449
Eulemur rufus,344,333,0.276354423903167
Eulemur rufus,346,333,1.19747486800301
Eulemur rufus,355,333,0.644736027104974
Eulemur rufus,356,333,0.184211880049229
Eulemur rufus,362,333,11.3275119935625
Eulemur rufus,370,333,0.828750979144871
Eulemur rufus,371,333,149.682332491075
Eulemur rufus,374,333,0.18415957501781
Eulemur rufus,384,333,51.8261761133202
Eulemur rufus,437,333,0.18402045498687
Eulemur rufus,458,333,939.739605457084
Eulemur rufus,1986,345,5.85033975470352
Eulemur rufus,1993,345,24.6792146248873
Eulemur rufus,2015,345,2.65062070312488
Eulemur rufus,2019,345,0.182805694629431
Eulemur rufus,2034,345,0.274192454328179
Eulemur rufus,2044,345,0.182784649551272
Eulemur rufus,2045,345,1.18809712456632
Eulemur rufus,2058,345,0.182778454094648
Eulemur rufus,2065,345,5.0262264291631
Eulemur rufus,2115,345,8.49783825707936
Eulemur rufus,2142,345,0.274089461484194
Eulemur rufus,2155,345,10.9639024804161
Eulemur rufus,2157,345,4.56775692645169
Eulemur rufus,13700,345,16.5402429724604
Eulemur rufus,13786,345,0.456749789226413
Eulemur rufus,3236,360,3.09900984286463
Eulemur rufus,3274,360,0.729165010962606
Eulemur rufus,3285,360,0.638013784430742
Eulemur rufus,3292,360,0.638009943682313
Eulemur rufus,3742,360,413.774578437941
Eulemur rufus,13585,481,170.602899034019
Eulemur rufus,6552,403,176.465112044449
Eulemur rufus,6654,403,209.872692452125
Eulemur rufus,6723,403,13.4602921012942
Eulemur rufus,7064,444,1.79238486695898
Eulemur rufus,7076,444,0.268843242918134
Eulemur rufus,7128,444,30.3846103064926
Eulemur rufus,13870,444,27.5139015001006
Eulemur rufus,7306,445,2.32767118465054
Eulemur rufus,7597,445,1.78860352420616
Eulemur rufus,7726,445,89.7882265229853
Eulemur rufus,7926,445,0.714404974959851
Eulemur rufus,7945,445,0.535747839347601
Eulemur rufus,7960,445,0.446428569326758
Eulemur rufus,7970,445,0.4464130281533
Eulemur rufus,8008,445,1.87495118889725
Eulemur rufus,8024,445,49.4142830362104
Eulemur rufus,13617,445,129.399132575428
Eulemur rufus,13795,445,28.8514752628771
Eulemur rufus,13858,445,7.14406051427484
Eulemur rufus,13872,445,80.0477759015481
Eulemur rufus,1721,451,36.3372512144693
Eulemur rufus,13719,451,5.86001237088037
Eulemur rufus,13730,451,30.5684495112349
Eulemur rufus,2547,458,534.216804937175
Eulemur rufus,2555,458,2.0072273404777
Eulemur rufus,2563,458,0.364942030489683
Eulemur rufus,2570,458,0.456175956650972
Eulemur rufus,13787,458,81.3668221959746
Eulemur rufus,7167,471,42.7215934479371
Eulemur rufus,7334,471,0.268576509485722
Eulemur rufus,13681,471,3.75955498127008
Eulemur rufus,8114,482,685.867574980926
Eulemur rufus,8314,482,170.785426053188
Eulemur rufus,8505,482,222.963134085236
Eulemur rufus,8946,482,1166.07016500095
Eulemur rufus,9606,482,1.863190434461
Eulemur rufus,9799,482,0.62064821295929
Eulemur rufus,9810,482,0.265972006814122
Eulemur rufus,9823,482,0.709200345668078
Eulemur rufus,10955,482,1819.41300917283
Eulemur rufus,11110,482,17.0264073164027
Eulemur rufus,11205,482,0.352837870779514
Eulemur rufus,11762,482,0.351836727607369
Eulemur rufus,11906,482,0.263575842301965
Eulemur rufus,12007,482,1099.05663098
Eulemur rufus,12074,482,85.8350309626164
Eulemur rufus,12225,482,0.438328792405128
Eulemur rufus,12395,482,0.700833316723585
Eulemur rufus,12411,482,40.9920150841937
Eulemur rufus,12460,482,9.10585069831289
Eulemur rufus,12500,482,26.1744953179971
Eulemur rufus,5154,61,218.789533815223
Eulemur rufus,13876,61,20.6443376237523
Eulemur rufus,5280,483,185.208699387767
Eulemur rufus,6509,484,133.912387481964
Eulemur rufus,13894,484,128.861223159585
Eulemur rufus,13874,485,16.4163595908247
Eulemur rufus,13875,485,14.8692397176668
Eulemur rufus,13893,486,74.9665693878213
Eulemur rufus,13895,487,110.070037848945
Eulemur rufus,4612,467,37.1445988042267
Eulemur rufus,13873,467,0.453956211002231
Eulemur rufus,6278,477,122.701643372855
Eulemur rufus,13878,477,29.7723925005817
Eulemur rufus,13883,477,15.2341434265082
Eulemur rufus,13888,477,26.8481144580816
Eulemur rufus,13859,488,67.5307001400677
Eulemur rufus,13896,488,2.70596556277776
Eulemur rufus,13899,488,0.360754872067451
Eulemur rufus,13885,489,65.1599201313749
Eulemur rufus,13887,490,11.8039994628603
Eulemur rufus,13890,490,2.34215426115477
Eulemur rufus,6329,478,2.87876883525968
Eulemur rufus,6331,478,0.899620833965421
Eulemur rufus,6336,478,0.269868277515173
Eulemur rufus,6430,478,56.9706430520978
Eulemur rufus,13892,478,33.0953660842072
Falco zoniventris,138,3,36.3372512144693
Falco zoniventris,144,3,12.894550309714
Falco zoniventris,166,3,31.0315972086302
Falco zoniventris,168,3,59.2635538920963
Falco zoniventris,169,3,25.8225284101236
Falco zoniventris,1135,3,95.7257595299255
Falco zoniventris,1215,3,30.5684495112349
Falco zoniventris,1232,3,91.3011098560399
Falco zoniventris,1268,3,48.7387760582851
Falco zoniventris,359,2,36.331879859746
Falco zoniventris,371,2,130.568218715013
Falco zoniventris,427,2,57.9536162531174
Falco zoniventris,454,2,89.7882265229853
Falco zoniventris,468,2,466.568559868034
Falco zoniventris,1010,2,35.8509582239029
Falco zoniventris,1337,2,6.47518067736232
Falco zoniventris,1341,2,78.5054384879867
Falco zoniventris,1366,2,7.14406051427484
Falco zoniventris,1393,2,17.1081231937802
Falco zoniventris,1409,2,27.5139015001006
Falco zoniventris,530,4,171.071344628696
Falco zoniventris,584,4,35.9142155788532
Falco zoniventris,591,4,13.0789196686617
Falco zoniventris,663,4,433.810619797173
Falco zoniventris,676,4,16.1215402504437
Falco zoniventris,724,4,46.5723968884147
Falco zoniventris,783,4,138.804967227073
Falco zoniventris,1050,4,43.5541700668897
Falco zoniventris,1055,4,13.0307413413469
Falco zoniventris,1060,4,58.4639144571832
Falco zoniventris,1070,4,47.9151920474066
Falco zoniventris,1101,4,36.3826787541578
Falco zoniventris,1128,4,9.25706128804803
Falco zoniventris,1134,4,31.4692072683324
Falco zoniventris,1165,4,23.0620316261801
Falco zoniventris,1368,4,15.4450147414067
Falco zoniventris,1399,4,8.19087994073701
Falco zoniventris,1402,4,9.49462234218203
Falco zoniventris,1403,4,23.5087072345356
Falco zoniventris,1404,4,17.5870851484947
Falco zoniventris,8,1,51.0125296297589
Falco zoniventris,10,1,43.2038186617044
Falco zoniventris,13,1,21.1261124531245
Falco zoniventris,24,1,43.0377824654073
Falco zoniventris,42,1,10.8080899493445
Falco zoniventris,43,1,113.887349299159
Falco zoniventris,45,1,11.5425439636641
Falco zoniventris,46,1,175.204558120961
Falco zoniventris,49,1,150.240837071115
Falco zoniventris,53,1,22.1474560177448
Falco zoniventris,54,1,7.10407188852959
Falco zoniventris,55,1,16.2380797407139
Falco zoniventris,58,1,398.768168724099
Falco zoniventris,59,1,38.9884159684163
Falco zoniventris,65,1,49.011008598217
Falco zoniventris,71,1,49.0852903906564
Falco zoniventris,86,1,53.7688087064452
Falco zoniventris,94,1,58.6780858784226
Falco zoniventris,96,1,432.708220309259
Falco zoniventris,185,1,10409.8056893218
Falco zoniventris,187,1,29.9512227598116
Falco zoniventris,188,1,29.9512162682348
Falco zoniventris,194,1,28.5759586110833
Falco zoniventris,201,1,7.63979273292554
Falco zoniventris,203,1,14.2775380444441
Falco zoniventris,224,1,132.962781072095
Falco zoniventris,249,1,16.4163595908247
Falco zoniventris,251,1,26.0164300679771
Falco zoniventris,257,1,308.475605014956
Falco zoniventris,287,1,14.2635312602674
Falco zoniventris,297,1,45.4757890931163
Falco zoniventris,303,1,23.6377044755703
Falco zoniventris,329,1,158.705818376245
Falco zoniventris,341,1,70.171205546759
Falco zoniventris,350,1,56.9706430520978
Falco zoniventris,351,1,33.0953660842072
Falco zoniventris,354,1,122.701643372855
Falco zoniventris,362,1,255.63790169736
Falco zoniventris,367,1,170.628280595993
Falco zoniventris,368,1,92.248662976614
Falco zoniventris,378,1,33.404609637262
Falco zoniventris,386,1,8.61674749869728
Falco zoniventris,400,1,26.3690466206299
Falco zoniventris,449,1,211.851637361123
Falco zoniventris,472,1,10.0843859371828
Falco zoniventris,490,1,93.09943959439
Falco zoniventris,498,1,26.7280340464827
Falco zoniventris,507,1,9.8836837253896
Falco zoniventris,508,1,17.2732563059174
Falco zoniventris,511,1,36.8701512447715
Falco zoniventris,515,1,7.47719265585076
Falco zoniventris,518,1,15.9373727249292
Falco zoniventris,521,1,8.71752069569504
Falco zoniventris,522,1,16.458830393287
Falco zoniventris,526,1,26.7624874989816
Falco zoniventris,527,1,31.123165988628
Falco zoniventris,543,1,12.1608735246027
Falco zoniventris,547,1,16.8616729400499
Falco zoniventris,550,1,17.2103168697017
Falco zoniventris,551,1,20.2261415002116
Falco zoniventris,572,1,75.8853729948524
Falco zoniventris,577,1,10.7926378575634
Falco zoniventris,593,1,30.3913607693679
Falco zoniventris,594,1,12.2808891269343
Falco zoniventris,599,1,10.3338196872387
Falco zoniventris,603,1,9.18260382897031
Falco zoniventris,623,1,254.868032259417
Falco zoniventris,656,1,1373.43725322854
Falco zoniventris,662,1,47.8660898737548
Falco zoniventris,665,1,47.9724179387192
Falco zoniventris,677,1,17.081330381768
Falco zoniventris,686,1,50.6182071389579
Falco zoniventris,688,1,14.0073689233211
Falco zoniventris,693,1,51.9934030833045
Falco zoniventris,697,1,228.130371729738
Falco zoniventris,702,1,24.3942696526354
Falco zoniventris,706,1,48.3461235771763
Falco zoniventris,707,1,70.4223807426036
Falco zoniventris,710,1,20.0105243340718
Falco zoniventris,721,1,17.1194640179899
Falco zoniventris,736,1,96.0560508391535
Falco zoniventris,737,1,47.3011724509128
Falco zoniventris,741,1,304.003179383672
Falco zoniventris,748,1,10.3767457573529
Falco zoniventris,760,1,268.780836308622
Falco zoniventris,1166,1,26.7219759851387
Falco zoniventris,1169,1,20.2118844377252
Falco zoniventris,1270,1,29.4125688188837
Falco zoniventris,1271,1,22.6287744409305
Falco zoniventris,1272,1,15.385181741811
Falco zoniventris,1282,1,531.240773931223
Falco zoniventris,1335,1,30.5678005675876
Falco zoniventris,1336,1,20.7455502793244
Falco zoniventris,1396,1,29.8625855308015
Falco zoniventris,1397,1,59.6731925338441
Falco zoniventris,1405,1,1500.18796730067
Falco zoniventris,1406,1,54.2551765402825
Falco zoniventris,1412,1,122.158256750932
Falco zoniventris,1413,1,18.5469218373579
Falco zoniventris,1415,1,14.8692397176668
Falco zoniventris,1416,1,20.6443376237523
Falco zoniventris,1417,1,185.208699387767
Falco zoniventris,1421,1,29.7723925005817
Falco zoniventris,1430,1,67.5307001400677
Falco zoniventris,1433,1,47.3336670441899
Falco zoniventris,1434,1,15.2341434265082
Falco zoniventris,1436,1,65.1599201313749
Falco zoniventris,1442,1,11.8039994628603
Falco zoniventris,1443,1,26.8481144580816
Falco zoniventris,1446,1,19.9889174229442
Falco zoniventris,1447,1,110.070037848945
Foudia madagascariensis,40593,160,13.1672804516135
Foudia madagascariensis,41349,187,44.4928427752445
Foudia madagascariensis,11357,177,21.2443070814972
Foudia madagascariensis,4493,119,0.275667671454787
Foudia madagascariensis,4526,119,1.92954817861235
Foudia madagascariensis,4709,119,0.275591552190423
Foudia madagascariensis,4747,119,0.367434207116008
Foudia madagascariensis,4748,119,0.183716525221109
Foudia madagascariensis,4780,119,33.8991079803611
Foudia madagascariensis,41612,119,0.183782283741117
Foudia madagascariensis,41735,119,0.367500048400104
Foudia madagascariensis,783,149,0.370271373195231
Foudia madagascariensis,785,149,0.462834125284791
Foudia madagascariensis,789,149,43.0377824654073
Foudia madagascariensis,790,149,0.18513059458977
Foudia madagascariensis,825,149,1.48074673073471
Foudia madagascariensis,831,149,1.66577102635694
Foudia madagascariensis,838,149,0.277623898765862
Foudia madagascariensis,845,149,0.277610584835947
Foudia madagascariensis,905,149,1.38815019469857
Foudia madagascariensis,41730,149,0.185083622752249
Foudia madagascariensis,375,189,0.463597745714188
Foudia madagascariensis,494,189,43.2038186617044
Foudia madagascariensis,247,50,0.55664420881176
Foudia madagascariensis,257,50,0.371099061261296
Foudia madagascariensis,260,50,0.556625695955813
Foudia madagascariensis,272,50,0.185535398295105
Foudia madagascariensis,280,50,0.463806772104442
Foudia madagascariensis,289,50,0.27827526928854
Foudia madagascariensis,291,50,0.463781360735595
Foudia madagascariensis,309,50,0.278243954662919
Foudia madagascariensis,325,50,0.185478644791543
Foudia madagascariensis,328,50,0.27820176096195
Foudia madagascariensis,341,50,0.18546587502265
Foudia madagascariensis,349,50,130.021860527528
Foudia madagascariensis,357,50,0.18545505566138
Foudia madagascariensis,358,50,6.49089737985945
Foudia madagascariensis,376,50,0.185438309593201
Foudia madagascariensis,387,50,0.185425482894003
Foudia madagascariensis,393,50,8.4370977335708
Foudia madagascariensis,40255,50,0.185474717534363
Foudia madagascariensis,40797,50,0.64914825101459
Foudia madagascariensis,41773,50,56.8711675529887
Foudia madagascariensis,690,190,43.4528749465152
Foudia madagascariensis,16373,85,38.2051651932399
Foudia madagascariensis,16427,85,3.07696966736627
Foudia madagascariensis,16434,85,0.723997986286044
Foudia madagascariensis,16500,85,0.361958205401897
Foudia madagascariensis,41947,85,0.452763459861636
Foudia madagascariensis,23416,197,130.568218715013
Foudia madagascariensis,42040,198,78.5054384879867
Foudia madagascariensis,38896,195,2.33597082442749
Foudia madagascariensis,38901,195,0.173038084078312
Foudia madagascariensis,42032,195,57.1920356452289
Foudia madagascariensis,39554,201,0.777178853789091
Foudia madagascariensis,41893,201,0.604549703200817
Foudia madagascariensis,42101,201,27.2715936270507
Foudia madagascariensis,42102,201,29.4123165165292
Foudia madagascariensis,42103,201,29.3885406549345
Foudia madagascariensis,42104,201,20.6592519148769
Foudia madagascariensis,42105,201,19.9515621485635
Foudia madagascariensis,20977,196,0.449603298739433
Foudia madagascariensis,20978,196,0.359686745625973
Foudia madagascariensis,21175,196,36.331879859746
Foudia madagascariensis,42036,196,6.47518067736232
Foudia madagascariensis,42038,196,0.449634089967847
Foudia madagascariensis,32334,133,35.9142155788532
Foudia madagascariensis,42069,133,15.4450147414067
Foudia madagascariensis,42131,133,9.49462234218203
Foudia madagascariensis,42132,133,23.5087072345356
Foudia madagascariensis,41459,204,47.9151920474066
Foudia madagascariensis,41498,203,43.5541700668897
Foudia madagascariensis,24168,112,57.9536162531174
Foudia madagascariensis,24198,112,2.32886922907841
Foudia madagascariensis,24404,112,3.3134309653126
Foudia madagascariensis,24641,112,2.32767118465054
Foudia madagascariensis,25455,112,1.78860352420616
Foudia madagascariensis,25847,112,89.7882265229853
Foudia madagascariensis,26448,112,0.714404974959851
Foudia madagascariensis,26517,112,0.535747839347601
Foudia madagascariensis,26549,112,0.178579506715775
Foudia madagascariensis,26570,112,0.446428569326758
Foudia madagascariensis,26594,112,0.4464130281533
Foudia madagascariensis,26698,112,1.87495118889725
Foudia madagascariensis,26786,112,466.568559868034
Foudia madagascariensis,40901,112,2.05895008530629
Foudia madagascariensis,41395,112,35.8509582239029
Foudia madagascariensis,41698,112,3.75955498127008
Foudia madagascariensis,42060,112,1.79238486696017
Foudia madagascariensis,42068,112,7.14406051427484
Foudia madagascariensis,42090,112,17.1081231937802
Foudia madagascariensis,42188,112,27.5139015001006
Foudia madagascariensis,34926,157,16.1215402504437
Foudia madagascariensis,41110,157,46.5723968884147
Foudia madagascariensis,41508,157,58.9907033186641
Foudia madagascariensis,41567,157,36.3826787541578
Foudia madagascariensis,41607,157,31.4692072683324
Foudia madagascariensis,41711,157,23.0620316261801
Foudia madagascariensis,39746,158,465.829087378078
Foudia madagascariensis,40614,158,12.0483039035159
Foudia madagascariensis,40615,158,3.38022994819081
Foudia madagascariensis,41290,158,17.8876522784661
Foudia madagascariensis,41347,158,45.1360753508905
Foudia madagascariensis,41473,158,138.804967227073
Foudia madagascariensis,42095,158,0.347746593876839
Foudia madagascariensis,40591,159,435.931164999176
Foudia madagascariensis,41503,159,13.3829553466861
Foudia madagascariensis,41507,159,6.06907414019537
Foudia madagascariensis,41601,159,9.25706128804803
Foudia madagascariensis,41604,159,4.31856011909986
Foudia madagascariensis,41606,159,2.02272765648687
Foudia madagascariensis,42134,159,17.5870851484947
Foudia madagascariensis,42138,159,2.03225787389851
Foudia madagascariensis,42171,159,1.94182639975023
Foudia madagascariensis,7887,180,36.3372512144693
Foudia madagascariensis,41790,180,5.86001237088037
Foudia madagascariensis,41801,180,30.5684495112349
Foudia madagascariensis,8339,183,19.2038282113973
Foudia madagascariensis,8539,183,1.91988596975887
Foudia madagascariensis,8540,183,4.2053427026192
Foudia madagascariensis,8656,183,2.19383277368402
Foudia madagascariensis,8663,183,5.85033975470352
Foudia madagascariensis,8681,183,16.0871950112813
Foudia madagascariensis,8766,183,0.182805694629431
Foudia madagascariensis,8778,183,0.274201118186474
Foudia madagascariensis,8813,183,0.274192454328179
Foudia madagascariensis,8854,183,0.182784649551272
Foudia madagascariensis,8855,183,1.18809712456632
Foudia madagascariensis,8856,183,9.23022386336541
Foudia madagascariensis,8892,183,0.182778454094648
Foudia madagascariensis,8914,183,5.0262264291631
Foudia madagascariensis,8964,183,0.548279554689765
Foudia madagascariensis,9083,183,8.86332816260099
Foudia madagascariensis,9084,183,0.182741225706577
Foudia madagascariensis,9154,183,0.274089461484194
Foudia madagascariensis,10359,183,2.0072273404777
Foudia madagascariensis,10397,183,0.364942030489326
Foudia madagascariensis,10413,183,0.456175956650972
Foudia madagascariensis,10747,183,695.930203705924
Foudia madagascariensis,40523,183,16.3740665150672
Foudia madagascariensis,40836,183,22.3806283842244
Foudia madagascariensis,40837,183,4.567756926453
Foudia madagascariensis,41758,183,16.5402429724604
Foudia madagascariensis,41924,183,11.5120029750904
Foudia madagascariensis,1933,191,175.204558120961
Foudia madagascariensis,2649,191,38.9884159684202
Foudia madagascariensis,4239,191,0.459616383672059
Foudia madagascariensis,4266,191,0.183841973942041
Foudia madagascariensis,4279,191,0.643432019172192
Foudia madagascariensis,4288,191,0.275752651619673
Foudia madagascariensis,4318,191,0.367655302864194
Foudia madagascariensis,4347,191,1.56243208603442
Foudia madagascariensis,4348,191,0.275729722221732
Foudia madagascariensis,4383,191,0.275717098941624
Foudia madagascariensis,4405,191,0.275709061498523
Foudia madagascariensis,4413,191,0.459508593737841
Foudia madagascariensis,4426,191,0.45949710468936
Foudia madagascariensis,4427,191,1.1946710927344
Foudia madagascariensis,4447,191,0.183794934333146
Foudia madagascariensis,4462,191,3.21620605602294
Foudia madagascariensis,4463,191,0.551364106284499
Foudia madagascariensis,4476,191,1.10266377710527
Foudia madagascariensis,4490,191,0.183781132994473
Foudia madagascariensis,4491,191,0.367564567481756
Foudia madagascariensis,4506,191,0.183777680330634
Foudia madagascariensis,4514,191,0.551319225258708
Foudia madagascariensis,4523,191,0.183773075227499
Foudia madagascariensis,4533,191,1.10259928914046
Foudia madagascariensis,4540,191,2.02137478975803
Foudia madagascariensis,4541,191,0.826945434479237
Foudia madagascariensis,4551,191,0.643170052255213
Foudia madagascariensis,4561,191,0.183763859938979
Foudia madagascariensis,4570,191,0.183761555059075
Foudia madagascariensis,4571,191,1.65382056523675
Foudia madagascariensis,4618,191,0.826825480994821
Foudia madagascariensis,4666,191,0.459349671094894
Foudia madagascariensis,4704,191,0.367459639964223
Foudia madagascariensis,4732,191,0.183724619395971
Foudia madagascariensis,4733,191,0.275586929093957
Foudia madagascariensis,4745,191,1.46972063059181
Foudia madagascariensis,4746,191,0.275577679304183
Foudia madagascariensis,4914,191,0.367363554798603
Foudia madagascariensis,4953,191,58.6780858784226
Foudia madagascariensis,5100,191,432.800073364722
Foudia madagascariensis,5151,191,0.275443051051259
Foudia madagascariensis,13853,191,15289.4345262913
Foudia madagascariensis,41038,191,53.7688087064452
Foudia madagascariensis,41039,191,0.643524707942724
Foudia madagascariensis,41258,191,179.54495541553
Foudia madagascariensis,41307,191,66.489778000425
Foudia madagascariensis,41934,191,2.20879511307001
Foudia madagascariensis,41935,191,1.10433682509226
Foudia madagascariensis,42112,191,77.4065442805075
Foudia madagascariensis,42143,191,47.8541654373711
Foudia madagascariensis,42155,191,54.2551765402825
Foudia madagascariensis,42156,191,587.522437766301
Foudia madagascariensis,42157,191,258.078829041498
Foudia madagascariensis,41041,206,15.0956876044398
Foudia madagascariensis,42177,206,3.91085795296514
Foudia madagascariensis,42178,206,0.454763950500846
Foudia madagascariensis,42179,206,0.181896922919273
Foudia madagascariensis,42181,206,0.272832916727901
Foudia madagascariensis,42182,206,0.272832916727901
Foudia madagascariensis,42185,206,2.09148697000587
Foudia madagascariensis,40939,202,171.071344628696
Foudia madagascariensis,42140,202,8.19087994073701
Foudia madagascariensis,25064,205,2.50550766269672
Foudia madagascariensis,25283,205,0.178908027130246
Foudia madagascariensis,25315,205,0.178901901016116
Foudia madagascariensis,25341,205,3.75660892574322
Foudia madagascariensis,25509,205,0.715343761410594
Foudia madagascariensis,42158,205,0.178855902328014
Foudia madagascariensis,15386,108,0.181274117312193
Foudia madagascariensis,42199,108,16.4163595908247
Foudia madagascariensis,42200,108,14.8692397176668
Foudia madagascariensis,42201,108,26.0164300679771
Foudia madagascariensis,42202,108,308.475605014956
Foudia madagascariensis,42203,108,20.6443376237523
Foudia madagascariensis,18271,208,0.812480411258936
Foudia madagascariensis,29012,208,465.807169794926
Foudia madagascariensis,41861,208,38.3946948622806
Foudia madagascariensis,41869,208,1.35457540027201
Foudia madagascariensis,42121,208,122.701643372855
Foudia madagascariensis,42205,208,38.8224120711257
Foudia madagascariensis,42207,208,110.070037848945
Foudia madagascariensis,42211,208,29.7723925005817
Foudia madagascariensis,42216,208,2.70596556277776
Foudia madagascariensis,42219,208,0.360754872067451
Foudia madagascariensis,42220,208,67.6208545236654
Foudia madagascariensis,42222,208,0.180371722902298
Foudia madagascariensis,42223,208,47.3336670441899
Foudia madagascariensis,42224,208,15.2341434265082
Foudia madagascariensis,42225,208,3.15564838214624
Foudia madagascariensis,42226,208,65.1599201313749
Foudia madagascariensis,42227,208,3.15489428832662
Foudia madagascariensis,42228,208,0.360571648123503
Foudia madagascariensis,42231,208,11.8039994628603
Foudia madagascariensis,42232,208,26.8481144580816
Foudia madagascariensis,42234,208,2.34215426115477
Foudia madagascariensis,42235,208,19.9889174229442
Foudia madagascariensis,19818,209,158.705818376245
Foudia madagascariensis,20174,209,70.1712055467508
Foudia madagascariensis,20628,210,0.899620833965421
Foudia madagascariensis,20689,210,0.269868277515173
Foudia madagascariensis,21876,210,176.465112044449
Foudia madagascariensis,27509,210,170.785426053188
Foudia madagascariensis,27815,210,224.299706164179
Foudia madagascariensis,30660,210,0.620648212959528
Foudia madagascariensis,30692,210,0.265972006814122
Foudia madagascariensis,30734,210,0.709200345668078
Foudia madagascariensis,30772,210,0.177290677110672
Foudia madagascariensis,36074,210,4570.03643218598
Foudia madagascariensis,40146,210,1320.8099663434
Foudia madagascariensis,40489,210,0.179958904524803
Foudia madagascariensis,40490,210,2.87876883525717
Foudia madagascariensis,42023,210,20.7455502793244
Foudia madagascariensis,42024,210,234.90144196146
Foudia madagascariensis,42029,210,72.7284184850583
Foudia madagascariensis,42125,210,1633.94606656998
Foudia madagascariensis,42195,210,56.9706430520978
Foudia madagascariensis,42196,210,1264.80094030401
Foudia madagascariensis,42237,210,33.0953660842072
Foudia madagascariensis,42168,211,45.4757890931116
Foudia madagascariensis,42206,211,23.6377044755612
Foudia madagascariensis,42236,211,14.2635312602702
Foudia madagascariensis,42204,212,185.208699387767
Foudia madagascariensis,42113,207,132.962781072095
Foudia madagascariensis,42209,207,0.453956211002231
Foudia madagascariensis,42208,213,18.5469218373579
Foudia omissa,519,8,14.4181473408762
Foudia omissa,1,1,56.8711675529887
Foudia omissa,3,1,0.64914825101471
Foudia omissa,8142,1,52.3985918019408
Foudia omissa,8109,25,29.4123165165292
Foudia omissa,8198,25,27.2715936270507
Foudia omissa,8199,25,29.3885406549345
Foudia omissa,8200,25,20.6592519148769
Foudia omissa,1097,24,11.1100677051132
Foudia omissa,1119,24,0.182113276715875
Foudia omissa,15,3,201.519044244322
Foudia omissa,42,3,81.418615761776
Foudia omissa,108,3,2.21454840610319
Foudia omissa,110,3,1.1995567112959
Foudia omissa,170,3,0.6456592656492
Foudia omissa,179,3,4.33443217345184
Foudia omissa,268,3,40.2587459644453
Foudia omissa,280,3,0.276286701651156
Foudia omissa,281,3,2.48649016338259
Foudia omissa,282,3,5.15725681965875
Foudia omissa,359,3,0.18402045498687
Foudia omissa,495,3,270.933045520923
Foudia omissa,543,3,3.48845173661
Foudia omissa,618,3,0.275296915365994
Foudia omissa,691,3,977.111377658169
Foudia omissa,733,3,0.18336000918591
Foudia omissa,749,3,0.366640248780668
Foudia omissa,755,3,1.64962747188139
Foudia omissa,782,3,5.77274455880851
Foudia omissa,838,3,41.2839215929323
Foudia omissa,879,3,8079.17856714904
Foudia omissa,8127,3,3.50637091730267
Foudia omissa,8138,3,161.827507484752
Foudia omissa,8139,3,374.075544543999
Foudia omissa,8214,3,25.7528153259755
Foudia omissa,8236,3,47.8541654373711
Foudia omissa,927,9,729.853979944665
Foudia omissa,954,9,1.09562847792959
Foudia omissa,959,9,0.730251124382853
Foudia omissa,960,9,0.273849359069586
Foudia omissa,961,9,0.182563724761963
Foudia omissa,968,9,0.273786407778382
Foudia omissa,1007,9,3.46533733650792
Foudia omissa,1052,9,552.751129033441
Foudia omissa,8220,9,59.3564680753992
Foudia omissa,1099,26,18.3080449645846
Foudia omissa,1169,26,0.454881802793264
Foudia omissa,1170,26,1.81943564341068
Foudia omissa,1269,26,524.455388418614
Foudia omissa,8201,26,77.4065442805075
Foudia omissa,8221,26,257.987775640312
Foudia omissa,8222,26,405.609571843864
Foudia omissa,1338,10,0.181274117312074
Foudia omissa,8247,10,14.8692397176668
Foudia omissa,8248,10,26.0164300679771
Foudia omissa,8249,10,294.616655955408
Foudia omissa,8250,10,15.211670940587
Foudia omissa,1655,28,1.35457540027249
Foudia omissa,1697,28,0.812480411258936
Foudia omissa,5950,28,465.807169794926
Foudia omissa,8209,28,96.8014647878629
Foudia omissa,8232,28,45.4757890931116
Foudia omissa,8252,28,34.3971482793418
Foudia omissa,8253,28,0.180557963597178
Foudia omissa,8254,28,23.6377044755612
Foudia omissa,8255,28,110.070037848945
Foudia omissa,8257,28,29.7723925005817
Foudia omissa,8262,28,2.70596556277776
Foudia omissa,8265,28,0.360754872067451
Foudia omissa,8266,28,67.5307001400677
Foudia omissa,8268,28,0.180371722902298
Foudia omissa,8269,28,47.3336670441899
Foudia omissa,8270,28,15.2341434265082
Foudia omissa,8271,28,1.44257614398408
Foudia omissa,8272,28,65.1599201313749
Foudia omissa,8273,28,3.15489428832662
Foudia omissa,8275,28,0.180284389288425
Foudia omissa,8278,28,11.8039994628603
Foudia omissa,8279,28,26.8481144580816
Foudia omissa,8281,28,2.34215426115477
Foudia omissa,8282,28,19.9889174229442
Foudia omissa,8283,28,14.2635312602702
Foudia omissa,1903,29,12.8932742207127
Foudia omissa,1910,29,0.360620400392294
Foudia omissa,1954,29,0.991438515083671
Foudia omissa,1967,29,10.1832641626657
Foudia omissa,2048,29,41.9852753191171
Foudia omissa,2398,30,0.179958904524803
Foudia omissa,2451,30,2.87876883525968
Foudia omissa,2456,30,0.899620833965421
Foudia omissa,2484,30,0.269868277515173
Foudia omissa,2990,30,176.465112044449
Foudia omissa,5472,30,170.785426053188
Foudia omissa,5530,30,224.299706164162
Foudia omissa,6348,30,0.620648212959528
Foudia omissa,6351,30,0.265972006814122
Foudia omissa,6356,30,0.709200345668078
Foudia omissa,6363,30,0.177290677110672
Foudia omissa,6941,30,4.31124233271003
Foudia omissa,6960,30,3440.61106138604
Foudia omissa,6983,30,0.175722425133109
Foudia omissa,7051,30,0.614342893218875
Foudia omissa,7184,30,0.788521377318382
Foudia omissa,7398,30,0.874369558251738
Foudia omissa,7527,30,844.288523802451
Foudia omissa,7543,30,0.262028568104982
Foudia omissa,7584,30,0.261868806515336
Foudia omissa,8098,30,1194.56402293066
Foudia omissa,8192,30,234.726847250796
Foudia omissa,8197,30,72.7284184850583
Foudia omissa,8213,30,1633.8566839868
Foudia omissa,8245,30,56.9706430520978
Foudia omissa,8246,30,1264.80094030401
Foudia omissa,8284,30,33.0953660842072
Foudia omissa,8251,31,185.208699387767
Foudia omissa,8202,27,57.7701148116656
Foudia omissa,8256,27,29.426242437476
Gactornis enarratus,1,1,56.8711675529887
Gactornis enarratus,1818,1,28.8450665179954
Gactornis enarratus,1808,7,29.4123165165292
Gactornis enarratus,1833,7,27.2715936270507
Gactornis enarratus,3,2,81.418615761776
Gactornis enarratus,4,2,203.723242570878
Gactornis enarratus,5,2,150.284963521078
Gactornis enarratus,7,2,3.50637091730225
Gactornis enarratus,8,2,1.66091588708526
Gactornis enarratus,10,2,30.809979733636
Gactornis enarratus,11,2,4.33443217345184
Gactornis enarratus,12,2,47.8541654373711
Gactornis enarratus,28,2,83.8290039665172
Gactornis enarratus,29,2,1.65764340949857
Gactornis enarratus,31,2,206.245225277473
Gactornis enarratus,44,2,29.966803009745
Gactornis enarratus,45,2,29.9533284785289
Gactornis enarratus,62,2,22.4634649414376
Gactornis enarratus,70,2,1.64962747188139
Gactornis enarratus,76,2,5.77274455880851
Gactornis enarratus,104,2,12.7994648636609
Gactornis enarratus,131,2,185.270972644797
Gactornis enarratus,134,2,3.19109242600811
Gactornis enarratus,142,2,22.5162443939922
Gactornis enarratus,197,2,11787.9971666741
Gactornis enarratus,1834,2,77.4065442805075
Gactornis enarratus,1851,2,51.8785865153727
Gactornis enarratus,1853,2,25.7528153259755
Gactornis enarratus,1854,2,190.154960406302
Gactornis enarratus,1855,2,257.987775640312
Gactornis enarratus,360,6,1.35457540027249
Gactornis enarratus,427,6,4.41784557399475
Gactornis enarratus,442,6,95.3590292343758
Gactornis enarratus,463,6,45.9591056366155
Gactornis enarratus,480,6,56.7554572199371
Gactornis enarratus,502,6,12.7853951573522
Gactornis enarratus,549,6,2.87876883525968
Gactornis enarratus,628,6,465.807169794926
Gactornis enarratus,642,6,176.465112044449
Gactornis enarratus,1159,6,170.785426053185
Gactornis enarratus,1168,6,224.299706164179
Gactornis enarratus,1274,6,1633.8566839868
Gactornis enarratus,1672,6,4290.72822769464
Gactornis enarratus,1803,6,1252.57233289748
Gactornis enarratus,1827,6,234.81411045919
Gactornis enarratus,1832,6,72.7284184850583
Gactornis enarratus,1843,6,67.4405500567246
Gactornis enarratus,1844,6,96.8014647878629
Gactornis enarratus,1865,6,45.4757890931116
Gactornis enarratus,1869,6,56.9706430520978
Gactornis enarratus,1870,6,1264.80094030401
Gactornis enarratus,1877,6,34.3971482793418
Gactornis enarratus,1879,6,23.6377044755612
Gactornis enarratus,1880,6,110.070037848945
Gactornis enarratus,1881,6,2.70596556277776
Gactornis enarratus,1888,6,29.7723925005817
Gactornis enarratus,1890,6,65.1599201313749
Gactornis enarratus,1891,6,14.2635312602702
Gactornis enarratus,1892,6,33.0953660842072
Gactornis enarratus,1871,9,16.4163595908247
Gactornis enarratus,1872,9,14.8692397176668
Gactornis enarratus,1873,9,26.0164300679771
Gactornis enarratus,1874,9,308.475605014956
Gactornis enarratus,1875,9,15.211670940587
Gactornis enarratus,1876,9,185.208699387767
Gactornis enarratus,1835,8,129.966271154985
Galidia elegans,2,1,175.204558120961
Galidia elegans,3,1,179.54495541553
Galidia elegans,5,1,38.9884159684163
Galidia elegans,7,1,53.7688087064372
Galidia elegans,8,1,58.6780858784187
Galidia elegans,9,1,432.708220309259
Galidia elegans,12,1,15221.9190413901
Galidia elegans,49,1,77.4065442805075
Galidia elegans,60,1,47.8541654373711
Galidia elegans,72,1,54.2551765402825
Galidia elegans,73,1,587.522437766301
Galidia elegans,74,1,257.987775640312
Galidia elegans,21,3,176.465112044449
Galidia elegans,31,3,170.785426053188
Galidia elegans,32,3,224.299706164162
Galidia elegans,35,3,1633.8566839868
Galidia elegans,45,3,4568.53645333932
Galidia elegans,46,3,234.814110459144
Galidia elegans,47,3,1320.72290065676
Galidia elegans,48,3,72.7284184850759
Galidia elegans,88,3,1264.80094030401
Geobiastes squamiger,369,3,55.471547666334
Geobiastes squamiger,371,3,10.3338196872387
Geobiastes squamiger,372,3,1.94269399182034
Geobiastes squamiger,375,3,85.6370521164104
Geobiastes squamiger,377,3,11.0284926678838
Geobiastes squamiger,379,3,18.5195332796564
Geobiastes squamiger,380,3,121.099912838783
Geobiastes squamiger,381,3,7.0479046582694
Geobiastes squamiger,382,3,29.5797978747341
Geobiastes squamiger,383,3,29.56943051951
Geobiastes squamiger,336,6,2.22619413036621
Geobiastes squamiger,337,6,2.22612119091761
Geobiastes squamiger,338,6,8.45769562496112
Geobiastes squamiger,345,6,6.49600297978592
Geobiastes squamiger,347,6,27.3132471604431
Geobiastes squamiger,349,6,2.40106290664852
Geobiastes squamiger,350,6,3.55699395659041
Geobiastes squamiger,353,6,9.60259051152742
Geobiastes squamiger,356,6,22.8289213949697
Geobiastes squamiger,358,6,62.7366505937967
Geobiastes squamiger,385,4,149.246500794415
Geobiastes squamiger,386,4,5.07557121115613
Geobiastes squamiger,388,4,70.2417347199395
Geobiastes squamiger,392,4,17.8375371920804
Geobiastes squamiger,396,4,27.7691207699683
Geobiastes squamiger,402,4,2.53184536937308
Geobiastes squamiger,403,4,7.15726590577268
Geobiastes squamiger,406,4,110.23337453487
Geobiastes squamiger,412,4,54.4176229853292
Geobiastes squamiger,1,1,259.099293924303
Geobiastes squamiger,2,1,61.7317588752379
Geobiastes squamiger,3,1,24.4945574344214
Geobiastes squamiger,4,1,115.101632834345
Geobiastes squamiger,6,1,88.6406669123473
Geobiastes squamiger,8,1,169.63195735675
Geobiastes squamiger,9,1,23.2776854783
Geobiastes squamiger,10,1,29.527280857765
Geobiastes squamiger,11,1,55.5464891757995
Geobiastes squamiger,12,1,139.478312369879
Geobiastes squamiger,13,1,31.4720297234889
Geobiastes squamiger,14,1,4.22112663122815
Geobiastes squamiger,15,1,513.920534950629
Geobiastes squamiger,16,1,79.3607835382276
Geobiastes squamiger,17,1,49.0768985771524
Geobiastes squamiger,18,1,28.9742458016426
Geobiastes squamiger,19,1,29.2493351070089
Geobiastes squamiger,20,1,69.6754423861931
Geobiastes squamiger,21,1,7.42540034926223
Geobiastes squamiger,22,1,119.797805640143
Geobiastes squamiger,24,1,28.7773817194793
Geobiastes squamiger,25,1,5.77360824797451
Geobiastes squamiger,26,1,12.4641177112891
Geobiastes squamiger,30,1,72.7386250797894
Geobiastes squamiger,32,1,4.57841928809607
Geobiastes squamiger,34,1,24.8088509288972
Geobiastes squamiger,36,1,603.409668283804
Geobiastes squamiger,40,1,161.087990952933
Geobiastes squamiger,42,1,296.709197349999
Geobiastes squamiger,46,1,2.55931186735427
Geobiastes squamiger,47,1,62.2549358162045
Geobiastes squamiger,53,1,27.5628913215346
Geobiastes squamiger,54,1,107.786015007129
Geobiastes squamiger,55,1,98.9741318037775
Geobiastes squamiger,58,1,19.437907051445
Geobiastes squamiger,67,1,12.0410908559145
Geobiastes squamiger,77,1,2.55151549227786
Geobiastes squamiger,79,1,166.193217744123
Geobiastes squamiger,80,1,5.10222163080048
Geobiastes squamiger,83,1,27.8755226799484
Geobiastes squamiger,87,1,48.725339347722
Geobiastes squamiger,88,1,27.9623496702811
Geobiastes squamiger,89,1,3.73408961568439
Geobiastes squamiger,91,1,41.3435845824158
Geobiastes squamiger,93,1,29.9512227598074
Geobiastes squamiger,94,1,29.8602134693222
Geobiastes squamiger,97,1,29.426242437476
Geobiastes squamiger,98,1,38.5995990338773
Geobiastes squamiger,99,1,21.8825853054524
Geobiastes squamiger,117,1,9.24875101248025
Geobiastes squamiger,123,1,176.563746963175
Geobiastes squamiger,129,1,34.3720522357158
Geobiastes squamiger,136,1,61.1184289934991
Geobiastes squamiger,431,1,61.5307293035261
Geobiastes squamiger,432,1,11.844067606982
Geobiastes squamiger,439,1,18.5469218373579
Geobiastes squamiger,440,1,2.35459958157885
Geobiastes squamiger,441,1,15.211670940587
Geobiastes squamiger,156,7,13.8069348529721
Geobiastes squamiger,159,7,26.2545725008802
Geobiastes squamiger,164,7,22.7155726543109
Geobiastes squamiger,166,7,21.7234767852006
Geobiastes squamiger,171,7,40.375016636091
Geobiastes squamiger,178,7,28.2883672279128
Geobiastes squamiger,181,7,29.3746225917395
Geobiastes squamiger,182,7,2.88232122495401
Geobiastes squamiger,192,7,21.6149377230965
Geobiastes squamiger,197,7,2.07075352780664
Geobiastes squamiger,203,7,60.2980451363196
Geobiastes squamiger,245,7,49.4130403971093
Geobiastes squamiger,247,7,76.0625774580025
Geobiastes squamiger,258,7,1.88541664422989
Geobiastes squamiger,261,7,206.911031562798
Geobiastes squamiger,262,7,3.76994957205438
Geobiastes squamiger,280,7,29.6765929456283
Geobiastes squamiger,284,7,29.0402218681883
Geobiastes squamiger,293,7,56.6032599712016
Geobiastes squamiger,310,7,1.96673406490374
Geobiastes squamiger,319,7,314.698380667776
Geobiastes squamiger,325,7,3.12196956157851
Geobiastes squamiger,434,7,25.7426805189218
Geobiastes squamiger,435,7,25.4497781860939
Geobiastes squamiger,436,7,13.4602921012942
Geobiastes squamiger,437,7,15.09075207817
Geobiastes squamiger,438,7,2.58870931440878
Geogale aurita,71,20,18.9744048029395
Geogale aurita,79,20,1.48074673073471
Geogale aurita,178,55,12.2730334952754
Geogale aurita,185,56,53.880920567325
Geogale aurita,186,58,20.6591479170249
Geogale aurita,187,59,11.0677904937422
Geogale aurita,188,60,9.03868144110817
Geogale aurita,189,61,7.19359772695065
Geogale aurita,205,66,17.4273821547585
Geogale aurita,210,68,2.12015320006764
Geogale aurita,211,69,5.16206443335718
Geogale aurita,213,68,6.45206140753323
Geogale aurita,225,75,10.964685349086
Geogale aurita,239,83,0.368458156106472
Geogale aurita,240,83,4.97389831733626
Geogale aurita,248,81,94.48711746656
Geogale aurita,264,85,83.4488106803567
Geogale aurita,265,86,0.18419521236676
Geogale aurita,275,86,22.4685178929525
Geogale aurita,592,120,3.21620605602419
Geogale aurita,693,132,58.6780858784187
Geogale aurita,771,141,29.9898391575263
Geogale aurita,779,143,14.9454254745881
Geogale aurita,780,144,8.71055469847292
Geogale aurita,781,145,18.3380068435739
Geogale aurita,791,146,59.8821159808206
Geogale aurita,796,148,23.5585709192489
Geogale aurita,798,149,5.59148101063222
Geogale aurita,809,154,21.6244003418521
Geogale aurita,978,828,7.40589368397254
Geogale aurita,1000,184,11.6088612132019
Geogale aurita,1016,184,3.38189172445643
Geogale aurita,1055,190,2.64969806134474
Geogale aurita,1063,190,0.274089461484194
Geogale aurita,1064,190,0.0913643975844383
Geogale aurita,1068,190,0.0913631538983583
Geogale aurita,1076,190,7.03479595916306
Geogale aurita,1079,190,4.56775692645169
Geogale aurita,1081,190,0.456749789226651
Geogale aurita,1121,202,15.6103734113478
Geogale aurita,1489,281,7.69327844079459
Geogale aurita,1494,281,0.0905061372197867
Geogale aurita,1822,805,3.3134309653126
Geogale aurita,1864,339,89.7882265230072
Geogale aurita,2771,522,2.38087210702729
Geogale aurita,2780,522,25.6547716717133
Geogale aurita,2836,538,31.5298824725821
Geogale aurita,2846,538,0.176121529439092
Geogale aurita,3140,610,4.11772579951465
Geogale aurita,3339,654,6.28831631620741
Geogale aurita,3405,662,15.7158278321928
Geogale aurita,3430,671,1.04748061940908
Geogale aurita,3439,671,14.8353915718026
Geogale aurita,3481,671,0.872459086096883
Geogale aurita,3511,683,4.18626192768765
Geogale aurita,3653,700,4.52704712275159
Geogale aurita,2664,497,39.5573507652715
Geogale aurita,3032,574,68.4073900828574
Geogale aurita,4240,862,44.4928427752445
Geogale aurita,4245,349,3.75955498127008
Geogale aurita,3142,611,4.90631056789207
Geogale aurita,3726,704,0.0869155042579174
Geogale aurita,3794,704,50.2299276165449
Geogale aurita,4310,704,25.3907382257994
Geogale aurita,4305,881,20.1971499749747
Geogale aurita,4306,882,16.4798331569069
Geogale aurita,11,4,20.2118844377252
Geogale aurita,19,5,0.0927073077802658
Geogale aurita,31,5,43.1111113539241
Geogale aurita,38,10,21.0334598369182
Geogale aurita,42,10,0.0926675960290432
Geogale aurita,45,10,0.0926606114119887
Geogale aurita,937,167,36.3372512144693
Geogale aurita,4335,885,30.5684495112349
Geogale aurita,124,41,74.6351589217939
Geogale aurita,127,41,0.0923716127385497
Geogale aurita,138,45,9.78885034124469
Geogale aurita,139,45,0.184702931169271
Geogale aurita,157,46,175.204558120961
Geogale aurita,165,53,83.5146589359322
Geogale aurita,271,80,49.011008598217
Geogale aurita,320,84,48.9931911167293
Geogale aurita,4358,84,15.385181741811
Geogale aurita,370,96,16.1087119521293
Geogale aurita,364,100,15.0929634240508
Geogale aurita,369,100,1.56435933145326
Geogale aurita,541,103,0.183841973942041
Geogale aurita,545,103,0.643432019172192
Geogale aurita,571,103,0.275717098941624
Geogale aurita,577,103,0.275709061498523
Geogale aurita,582,103,0.459508593737543
Geogale aurita,587,103,0.45949710468936
Geogale aurita,600,103,1.10266377710527
Geogale aurita,615,103,0.826945434479237
Geogale aurita,641,103,0.367459639964223
Geogale aurita,654,103,1.46972063059181
Geogale aurita,716,103,425.721652102356
Geogale aurita,512,111,54.2495373915573
Geogale aurita,1091,196,25.2954338220518
Geogale aurita,1129,198,2.28180747323132
Geogale aurita,1136,198,0.091256670578599
Geogale aurita,1137,198,158.659215668564
Geogale aurita,4357,198,59.2635538920963
Geogale aurita,4367,886,24.2770122515072
Geogale aurita,1785,330,30.2949823155764
Geogale aurita,1801,330,1.79238486695898
Geogale aurita,2881,550,169.148615310031
Geogale aurita,2900,550,44.2503807256121
Geogale aurita,4387,550,17.8588537217014
Geogale aurita,2914,888,0.0879156733250618
Geogale aurita,4388,888,20.7455502793244
Geogale aurita,1706,309,0.0899370735929012
Geogale aurita,1709,309,0.449603298739433
Geogale aurita,1710,309,0.359686745625973
Geogale aurita,1712,309,36.331879859746
Geogale aurita,1708,889,0.0899238860028982
Geogale aurita,4389,889,6.47518067736232
Geogale aurita,4391,889,0.449634089967847
Geogale aurita,1809,336,17.1081231937802
Geogale aurita,1810,337,42.7215934479371
Geogale aurita,1837,342,2.32767118465054
Geogale aurita,1855,342,51.2002113748953
Geogale aurita,4397,892,15.4450147414067
Geogale aurita,4006,848,29.4123165165292
Geogale aurita,4356,895,0.604549703200817
Geogale aurita,4415,895,19.9515621485635
Geogale aurita,4412,896,27.2715936270507
Geogale aurita,4413,897,29.3885406549345
Geogale aurita,4414,898,20.6592519148769
Geogale aurita,243,82,32.5124332313215
Geogale aurita,252,82,1.93420808195144
Geogale aurita,278,82,68.7959177018619
Geogale aurita,608,899,217.548470136974
Geogale aurita,4418,899,21.7270555164749
Geogale aurita,686,900,2.11212740951908
Geogale aurita,763,900,248.716791820523
Geogale aurita,4420,900,29.7695576977943
Geogale aurita,4419,901,121.038130461884
Geogale aurita,266,87,24.5866544846195
Geogale aurita,274,87,0.0920892604658604
Geogale aurita,283,87,23.7530982886361
Geogale aurita,560,116,20.8623323525691
Geogale aurita,594,116,1.01083246940482
Geogale aurita,1093,179,158.920736936962
Geogale aurita,1176,204,0.820644420907855
Geogale aurita,1196,204,329.219959300363
Geogale aurita,1199,204,3.09900984286463
Geogale aurita,1200,204,0.0911461065164804
Geogale aurita,2491,437,35.9142155788532
Geogale aurita,4424,903,9.49462234218203
Geogale aurita,4425,904,23.5087072345356
Geogale aurita,3632,692,45.8297008275912
Geogale aurita,2020,361,217.716413025433
Geogale aurita,2259,404,171.071344628696
Geogale aurita,4421,906,8.19087994073701
Geogale aurita,1142,883,0.456175956650972
Geogale aurita,4313,883,232.186748846467
Geogale aurita,4324,884,5.86001237088037
Geogale aurita,535,905,0.459616383672059
Geogale aurita,547,905,0.275752651619673
Geogale aurita,590,905,0.183794934333146
Geogale aurita,591,905,53.7688087064452
Geogale aurita,593,905,0.551364106284499
Geogale aurita,601,905,1018.10166984277
Geogale aurita,611,905,0.551319225258708
Geogale aurita,617,905,0.643170052255213
Geogale aurita,748,905,0.0917785340768695
Geogale aurita,757,905,0.0917656384553313
Geogale aurita,758,905,156.919091189992
Geogale aurita,1543,291,29.7723925005927
Geogale aurita,1660,291,122.701643372855
Geogale aurita,4427,291,0.090232888949275
Geogale aurita,4428,291,0.0902314672112465
Geogale aurita,4429,291,0.0902300452649593
Geogale aurita,4430,291,0.0902286231096983
Geogale aurita,4442,291,15.2341434265082
Geogale aurita,4440,907,46.97313418008
Geogale aurita,4441,908,38.4063372568487
Geogale aurita,4443,909,3.15564838214624
Geogale aurita,4448,910,26.8481144580816
Geogale aurita,4449,911,19.9889174229442
Gymnuromys roberti,4,1,0.184729457799852
Gymnuromys roberti,5,2,110.223524784537
Gymnuromys roberti,10,3,0.0923248392761946
Gymnuromys roberti,11,1,147.115996139571
Gymnuromys roberti,17,3,39.50920249758
Gymnuromys roberti,19,4,9.96612228876298
Gymnuromys roberti,20,4,0.184548844604969
Gymnuromys roberti,21,5,30.0784773466911
Gymnuromys roberti,22,6,28.0485209092963
Gymnuromys roberti,24,4,0.369083674412966
Gymnuromys roberti,25,7,0.922566111845553
Gymnuromys roberti,28,7,151.938908845318
Gymnuromys roberti,29,8,29.7890733494464
Gymnuromys roberti,56,12,238.60983883988
Gymnuromys roberti,402,208,3.30822947109908
Gymnuromys roberti,418,208,0.64325064792037
Gymnuromys roberti,476,31,29.8438585847248
Gymnuromys roberti,3203,185,68.3647685779992
Gymnuromys roberti,3213,185,3.14337245573401
Gymnuromys roberti,3502,207,6.60311605216253
Gymnuromys roberti,3518,207,16.0684737306561
Gymnuromys roberti,3618,231,49.011008598217
Gymnuromys roberti,96,11,48.9931911167293
Gymnuromys roberti,3617,11,15.385181741811
Gymnuromys roberti,423,20,1.10266377710551
Gymnuromys roberti,424,20,0.183781132994473
Gymnuromys roberti,428,20,2.02137478975803
Gymnuromys roberti,429,20,0.826945434479237
Gymnuromys roberti,439,20,0.367459639964223
Gymnuromys roberti,444,20,0.183724619395971
Gymnuromys roberti,445,20,0.275586929093957
Gymnuromys roberti,451,20,1.46972063059181
Gymnuromys roberti,452,20,0.275577679304183
Gymnuromys roberti,469,20,364.365840095669
Gymnuromys roberti,2978,232,0.0879156733250618
Gymnuromys roberti,3619,232,20.7455502793244
Gymnuromys roberti,3413,204,1189.96091726454
Gymnuromys roberti,3610,230,28.1809853154598
Gymnuromys roberti,3616,235,30.0199160086901
Gymnuromys roberti,3549,169,29.4123165165292
Gymnuromys roberti,3621,236,27.2715936270507
Gymnuromys roberti,3622,237,29.3885406549345
Gymnuromys roberti,30,9,0.092156793073833
Gymnuromys roberti,41,9,40.2587459644453
Gymnuromys roberti,54,9,0.460479690076709
Gymnuromys roberti,55,9,0.276287814046025
Gymnuromys roberti,153,9,0.18402045498687
Gymnuromys roberti,370,9,1.3788789025259
Gymnuromys roberti,407,9,2039.96221529563
Gymnuromys roberti,414,9,1.10272016136467
Gymnuromys roberti,415,9,1.01083246940535
Gymnuromys roberti,420,9,0.0918922924055457
Gymnuromys roberti,421,9,0.183784584811091
Gymnuromys roberti,494,9,0.0918286986584663
Gymnuromys roberti,498,9,0.275475634280682
Gymnuromys roberti,513,9,0.0917785340768695
Gymnuromys roberti,514,9,0.0917656384553313
Gymnuromys roberti,519,9,471.911670377863
Gymnuromys roberti,3629,9,54.2551765402825
Gymnuromys roberti,566,33,257.987775640312
Gymnuromys roberti,3630,241,57.2295433791005
Gymnuromys roberti,1451,242,176.465112044449
Gymnuromys roberti,1628,245,0.0896851289968491
Gymnuromys roberti,1820,245,0.0895386827195883
Gymnuromys roberti,2034,245,0.0894072119276524
Gymnuromys roberti,2506,245,1496.74043448538
Gymnuromys roberti,2969,246,29.56943051951
Gymnuromys roberti,2977,246,2823.13769226965
Gymnuromys roberti,3639,246,1158.47868766092
Gymnuromys roberti,661,38,0.181274117312074
Gymnuromys roberti,1417,38,248.687594954937
Gymnuromys roberti,3643,38,20.6443376237523
Gymnuromys roberti,926,247,0.812480411258936
Gymnuromys roberti,3645,247,16.6994855698657
Gymnuromys roberti,3646,247,1.17365293457222
Gymnuromys roberti,3647,247,0.180557963597178
Gymnuromys roberti,1418,248,0.0898517912720442
Gymnuromys roberti,3650,248,74.2280802723936
Gymnuromys roberti,3641,249,16.4163595908247
Gymnuromys roberti,3642,250,5.62048870518661
Gymnuromys roberti,3644,251,185.208699387767
Gymnuromys roberti,3648,252,239.808533356761
Gymnuromys roberti,3649,253,155.675350992309
Gymnuromys roberti,1059,51,0.180364578959107
Gymnuromys roberti,3658,51,55.9437887277733
Gymnuromys roberti,3659,51,29.7723925005817
Gymnuromys roberti,3660,51,21.7369523021773
Gymnuromys roberti,3627,254,65.1599201313749
Gymnuromys roberti,616,229,34.1480888871163
Gymnuromys roberti,3640,255,18.5469218373579
Gymnuromys roberti,3626,238,67.4405500567246
Gymnuromys roberti,3654,238,0.360754872067451
Gymnuromys roberti,3655,238,0.0901872898641825
Gymnuromys roberti,1193,240,0.179958904524803
Gymnuromys roberti,1205,240,2.87876883525968
Gymnuromys roberti,1210,240,0.899620833965421
Gymnuromys roberti,1221,240,0.269868277515173
Gymnuromys roberti,3637,240,56.9706430520978
Gymnuromys roberti,3661,240,33.0953660842072
Hapalemur aureus,124,11,13.0948502482874
Hapalemur aureus,135,11,0.448364122523308
Hapalemur aureus,137,11,0.17933573762548
Hapalemur aureus,391,22,24.3204092939467
Hapalemur aureus,399,22,14.9409987553381
Hapalemur aureus,408,22,0.176788365915775
Hapalemur aureus,52,4,31.4878831114368
Hapalemur aureus,57,5,25.5098385051697
Hapalemur aureus,333,20,9.04229392746949
Hapalemur aureus,334,20,0.620648212959528
Hapalemur aureus,337,20,0.265972006814122
Hapalemur aureus,341,20,0.709200345668078
Hapalemur aureus,345,20,0.177290677110672
Hapalemur aureus,347,20,0.177274304782391
Hapalemur aureus,361,20,0.265813068955421
Hapalemur aureus,369,20,561.179744337434
Hapalemur aureus,380,20,0.442565409008026
Hapalemur aureus,409,20,0.177275942426443
Hapalemur aureus,100,9,1.17365293457222
Hapalemur aureus,102,9,0.180557963597178
Hapalemur aureus,103,9,0.812480411258936
Hapalemur aureus,104,9,16.6994855698657
Hapalemur aureus,105,23,43.6695203837737
Hapalemur griseus,4355,43,25.8267574798982
Hapalemur griseus,1798,445,38.9884159684163
Hapalemur griseus,10554,479,70.171205546759
Hapalemur griseus,6016,58,21.2443070814972
Hapalemur griseus,4897,529,19.2038282113973
Hapalemur griseus,4962,529,1.91988596975887
Hapalemur griseus,4963,529,4.2053427026192
Hapalemur griseus,18947,529,2.19383277368414
Hapalemur griseus,5006,532,22.2892814174211
Hapalemur griseus,18948,532,30.6135540736676
Hapalemur griseus,203,7,0.463597745714188
Hapalemur griseus,263,7,43.2038186617044
Hapalemur griseus,429,13,0.370271373195231
Hapalemur griseus,431,13,0.462834125284791
Hapalemur griseus,434,13,43.0377824654073
Hapalemur griseus,435,13,0.18513059458977
Hapalemur griseus,449,13,1.48074673073471
Hapalemur griseus,450,13,1.66577102635694
Hapalemur griseus,452,13,0.277623898765862
Hapalemur griseus,454,13,0.277610584835947
Hapalemur griseus,474,13,1.38815019469857
Hapalemur griseus,19026,13,0.185083622752249
Hapalemur griseus,3056,26,0.275667671454787
Hapalemur griseus,3068,26,1.92954817861235
Hapalemur griseus,3161,26,0.275591552190423
Hapalemur griseus,3179,26,0.367434207116008
Hapalemur griseus,3196,26,33.8991079803611
Hapalemur griseus,19031,26,0.367500048400104
Hapalemur griseus,4784,528,16.3740665150672
Hapalemur griseus,120,3,0.55664420881176
Hapalemur griseus,127,3,0.371099061261296
Hapalemur griseus,130,3,0.556625695955813
Hapalemur griseus,139,3,0.185535398295105
Hapalemur griseus,145,3,0.463806772104442
Hapalemur griseus,152,3,0.27827526928854
Hapalemur griseus,154,3,0.463781360735595
Hapalemur griseus,162,3,0.278243954662919
Hapalemur griseus,172,3,0.185478644791543
Hapalemur griseus,178,3,0.27820176096195
Hapalemur griseus,181,3,0.64914825101471
Hapalemur griseus,186,3,0.18546587502265
Hapalemur griseus,189,3,130.021860527528
Hapalemur griseus,193,3,0.18545505566138
Hapalemur griseus,194,3,6.4908973798604
Hapalemur griseus,202,3,8.4370977335708
Hapalemur griseus,204,3,0.185438309593201
Hapalemur griseus,210,3,0.185425482894003
Hapalemur griseus,18930,3,0.185474717534363
Hapalemur griseus,19056,3,56.8711675529887
Hapalemur griseus,277,377,43.2675847418705
Hapalemur griseus,19277,544,20.7455502793244
Hapalemur griseus,8475,95,38.0240908844043
Hapalemur griseus,8532,95,3.07696966736627
Hapalemur griseus,8539,95,0.723997986286044
Hapalemur griseus,8570,95,0.361958205401897
Hapalemur griseus,19202,95,0.452763459861636
Hapalemur griseus,12495,545,3.3134309653126
Hapalemur griseus,19308,545,13.8841261984153
Hapalemur griseus,11118,546,128.231868473985
Hapalemur griseus,19289,547,78.5054384879867
Hapalemur griseus,10770,534,36.331879859746
Hapalemur griseus,10940,534,0.449603298739433
Hapalemur griseus,10941,534,0.359686745625973
Hapalemur griseus,19285,534,6.47518067736232
Hapalemur griseus,19287,534,0.449634089967847
Hapalemur griseus,18821,542,2.33597082442749
Hapalemur griseus,18912,542,57.1920356452289
Hapalemur griseus,18887,550,0.777178853789091
Hapalemur griseus,19165,550,0.604549703200817
Hapalemur griseus,19313,550,19.9515621485635
Hapalemur griseus,19309,551,27.2715936270507
Hapalemur griseus,19310,552,29.4123165165292
Hapalemur griseus,19311,553,29.3885406549345
Hapalemur griseus,19312,554,20.6592519148769
Hapalemur griseus,12349,137,27.5139015001006
Hapalemur griseus,12400,137,41.0293049223326
Hapalemur griseus,19355,137,5.46634791741026
Hapalemur griseus,12467,138,40.9179544183666
Hapalemur griseus,12594,138,1.34292058028018
Hapalemur griseus,12650,138,0.268565856355548
Hapalemur griseus,12936,138,231.482146898976
Hapalemur griseus,1216,373,175.204558120961
Hapalemur griseus,2849,373,0.643524707942724
Hapalemur griseus,2913,373,0.459616383672059
Hapalemur griseus,2932,373,0.643432019172192
Hapalemur griseus,2938,373,0.275752651619673
Hapalemur griseus,2957,373,0.367655302864194
Hapalemur griseus,2977,373,1.56243208603442
Hapalemur griseus,2978,373,0.275729722221732
Hapalemur griseus,3000,373,0.275717098941624
Hapalemur griseus,3012,373,0.275709061498523
Hapalemur griseus,3016,373,0.459508593737543
Hapalemur griseus,3021,373,0.45949710468936
Hapalemur griseus,3022,373,1.1946710927344
Hapalemur griseus,3036,373,53.7688087064452
Hapalemur griseus,3038,373,3.21620605602419
Hapalemur griseus,3039,373,0.551364106284499
Hapalemur griseus,3046,373,1.10266377710527
Hapalemur griseus,3055,373,0.367564567481756
Hapalemur griseus,3063,373,0.551319225258708
Hapalemur griseus,3073,373,1.10259928914046
Hapalemur griseus,3078,373,2.02137478975803
Hapalemur griseus,3079,373,0.826945434479237
Hapalemur griseus,3085,373,0.643170052255213
Hapalemur griseus,3093,373,1.65382056523675
Hapalemur griseus,3112,373,0.826825480994821
Hapalemur griseus,3137,373,0.459349671094894
Hapalemur griseus,3159,373,0.367459639964223
Hapalemur griseus,3173,373,0.275586929093957
Hapalemur griseus,3177,373,1.46972063059181
Hapalemur griseus,3178,373,0.275577679304183
Hapalemur griseus,3256,373,0.367363554798603
Hapalemur griseus,3280,373,58.6780858784226
Hapalemur griseus,3345,373,432.708220309259
Hapalemur griseus,3380,373,0.275443051051259
Hapalemur griseus,4128,373,30.8790083227627
Hapalemur griseus,7236,373,15106.0755654528
Hapalemur griseus,18940,373,179.54495541553
Hapalemur griseus,19320,373,77.4065442805075
Hapalemur griseus,19349,373,54.2551765402825
Hapalemur griseus,19350,373,587.522437766301
Hapalemur griseus,19351,373,257.987775640312
Hapalemur griseus,19337,556,47.8541654373711
Hapalemur griseus,11335,558,176.465112044449
Hapalemur griseus,14187,558,170.785426053188
Hapalemur griseus,14303,558,224.299706164179
Hapalemur griseus,15928,558,0.620648212959528
Hapalemur griseus,15940,558,0.265972006814122
Hapalemur griseus,15960,558,0.709200345668078
Hapalemur griseus,18011,558,4568.53645333932
Hapalemur griseus,18532,558,1320.72290065696
Hapalemur griseus,18592,558,72.7284184850583
Hapalemur griseus,19278,558,234.81411045919
Hapalemur griseus,19333,558,1633.8566839868
Hapalemur griseus,19373,558,1264.80094030401
Hapalemur griseus,5014,520,24.6792146248873
Hapalemur griseus,5033,520,2.83342021114933
Hapalemur griseus,5052,520,1.00536820483017
Hapalemur griseus,5064,520,1.18809712456667
Hapalemur griseus,5082,520,5.0262264291631
Hapalemur griseus,5135,520,8.49783825707888
Hapalemur griseus,5176,520,0.274089461484194
Hapalemur griseus,5220,520,10.9639024804161
Hapalemur griseus,5221,520,4.567756926453
Hapalemur griseus,19047,520,2.46812535342705
Hapalemur griseus,19055,520,14.9865047176591
Hapalemur griseus,19189,520,0.456749789226413
Hapalemur griseus,4753,525,36.3372512144693
Hapalemur griseus,19073,525,5.86001237088037
Hapalemur griseus,19084,525,30.5684495112349
Hapalemur griseus,5621,537,2.28180747323132
Hapalemur griseus,5684,537,0.365034251434088
Hapalemur griseus,5724,537,463.250495271562
Hapalemur griseus,5752,537,0.547426328327894
Hapalemur griseus,5758,537,0.364942030489683
Hapalemur griseus,5764,537,0.456175956650972
Hapalemur griseus,19190,537,173.722750508177
Hapalemur griseus,9614,510,0.812480411258936
Hapalemur griseus,19132,510,38.3946948622806
Hapalemur griseus,19140,510,1.35457540027201
Hapalemur griseus,19382,510,38.4612961439313
Hapalemur griseus,10348,561,158.705818376245
Hapalemur griseus,15091,562,465.807169794926
Hapalemur griseus,19385,562,110.070037848945
Hapalemur griseus,19365,563,45.4757890931116
Hapalemur griseus,19376,564,16.4163595908247
Hapalemur griseus,19377,564,14.8692397176668
Hapalemur griseus,19378,565,26.0164300679771
Hapalemur griseus,19379,566,308.475605014956
Hapalemur griseus,19380,566,20.6443376237523
Hapalemur griseus,19381,567,185.208699387767
Hapalemur griseus,19384,568,23.6377044755612
Hapalemur griseus,19415,569,14.2635312602702
Hapalemur griseus,19321,555,132.962781072095
Hapalemur griseus,19387,555,0.453956211002231
Hapalemur griseus,19386,570,18.5469218373579
Hapalemur griseus,10776,557,2.87876883525968
Hapalemur griseus,10779,557,0.899620833965421
Hapalemur griseus,10805,557,0.269868277515173
Hapalemur griseus,19372,557,56.9706430520978
Hapalemur griseus,19416,557,33.0953660842072
Hapalemur griseus,19329,560,122.701643372855
Hapalemur griseus,19389,560,29.7723925005817
Hapalemur griseus,19402,560,15.2341434265082
Hapalemur griseus,19411,560,26.8481144580816
Hapalemur griseus,19394,571,2.70596556277776
Hapalemur griseus,19397,571,0.360754872067451
Hapalemur griseus,19398,571,67.5307001400677
Hapalemur griseus,19401,572,47.3336670441899
Hapalemur griseus,19404,573,65.1599201313749
Hapalemur griseus,19410,574,11.8039994628603
Hapalemur griseus,19414,575,19.9889174229442
Hartertula flavoviridis,3,2,115.532366832524
Hartertula flavoviridis,14,4,27.3332108829928
Hartertula flavoviridis,51,8,30.1057062332529
Hartertula flavoviridis,54,9,30.0587182645782
Hartertula flavoviridis,55,10,113.159909775709
Hartertula flavoviridis,59,12,136.803497863832
Hartertula flavoviridis,60,12,0.367143398642659
Hartertula flavoviridis,61,12,4.95616607062143
Hartertula flavoviridis,62,12,6.14897300429553
Hartertula flavoviridis,63,12,0.367093046224177
Hartertula flavoviridis,64,12,2.38581502810431
Hartertula flavoviridis,73,12,1.55979265927613
Hartertula flavoviridis,75,13,22.8472887600286
Hartertula flavoviridis,78,12,14.8623002270929
Hartertula flavoviridis,82,12,57.8703943592523
Hartertula flavoviridis,89,15,8.71055469847292
Hartertula flavoviridis,99,15,11.4591862702202
Hartertula flavoviridis,110,16,90.0615537520635
Hartertula flavoviridis,127,18,23.4112399584996
Hartertula flavoviridis,133,18,0.182879727682233
Hartertula flavoviridis,135,19,29.9286669204925
Hartertula flavoviridis,136,20,28.18098531547
Hartertula flavoviridis,141,22,29.8980611397107
Hartertula flavoviridis,142,23,29.8980611397107
Hartertula flavoviridis,697,36,3.39461233407497
Hartertula flavoviridis,710,36,18.661799738426
Hartertula flavoviridis,714,36,10.0843859371828
Hartertula flavoviridis,715,36,0.535325665193677
Hartertula flavoviridis,716,36,0.981434813385964
Hartertula flavoviridis,717,36,0.446079455514789
Hartertula flavoviridis,718,36,3.03338654372942
Hartertula flavoviridis,720,36,0.267630786853433
Hartertula flavoviridis,722,36,0.713630473426461
Hartertula flavoviridis,724,36,0.267583838225245
Hartertula flavoviridis,729,36,0.356678121975541
Hartertula flavoviridis,731,36,0.267499174625158
Hartertula flavoviridis,732,36,0.178332783083439
Hartertula flavoviridis,733,36,0.178332783083439
Hartertula flavoviridis,734,37,75.8044846075019
Hartertula flavoviridis,735,37,19.3337675290714
Hartertula flavoviridis,740,38,16.5659779531787
Hartertula flavoviridis,742,38,2.22619413036621
Hartertula flavoviridis,743,38,2.22612119091761
Hartertula flavoviridis,744,38,15.9348882808119
Hartertula flavoviridis,747,38,0.801105702370286
Hartertula flavoviridis,749,38,3.82677188178992
Hartertula flavoviridis,752,38,6.49600297978592
Hartertula flavoviridis,758,38,85.652611855554
Hartertula flavoviridis,770,47,50.7123376305995
Hartertula flavoviridis,772,47,155.175395749015
Hartertula flavoviridis,773,47,513.248174699928
Hartertula flavoviridis,794,47,0.618742599579573
Hartertula flavoviridis,798,47,1.32446653053212
Hartertula flavoviridis,799,47,15.5382180053514
Hartertula flavoviridis,803,47,45.3629845909927
Hartertula flavoviridis,805,41,133.499525147663
Hartertula flavoviridis,806,41,147.421932025056
Hartertula flavoviridis,813,41,1.05747752482116
Hartertula flavoviridis,817,41,0.264345137038827
Hartertula flavoviridis,818,41,26.5959112442518
Hartertula flavoviridis,820,42,27.6305431376619
Hartertula flavoviridis,46,7,0.737273050806344
Hartertula flavoviridis,47,7,24.7006556991955
Hartertula flavoviridis,48,7,1.19805921826696
Hartertula flavoviridis,361,49,12.1196369118657
Hartertula flavoviridis,413,49,0.26925721424675
Hartertula flavoviridis,822,43,0.17513996987009
Hartertula flavoviridis,823,43,0.175113467076778
Hartertula flavoviridis,825,43,193.667893543539
Hartertula flavoviridis,828,43,0.349881281940579
Hartertula flavoviridis,829,43,0.174941529764175
Hartertula flavoviridis,831,43,2.79871950479984
Hartertula flavoviridis,834,43,8.22008521715962
Hartertula flavoviridis,835,43,0.174897060775995
Hartertula flavoviridis,839,43,67.2995615172141
Hartertula flavoviridis,845,43,188.750755984027
Hartertula flavoviridis,858,43,100.511174087027
Hartertula flavoviridis,884,43,7.15726590577268
Hartertula flavoviridis,888,43,2.18196004940057
Hartertula flavoviridis,908,43,0.958145032031774
Hartertula flavoviridis,909,43,262.436666690885
Hartertula flavoviridis,102,14,0.366630708439112
Hartertula flavoviridis,104,14,13.0139317565306
Hartertula flavoviridis,115,14,6.50515091839236
Hartertula flavoviridis,30,6,60.1378843138808
Hartertula flavoviridis,31,6,29.7954089278805
Hartertula flavoviridis,32,6,29.6046676179308
Hartertula flavoviridis,33,6,4.61001054000723
Hartertula flavoviridis,37,6,59.6386258950888
Hartertula flavoviridis,40,6,57.518228401841
Hartertula flavoviridis,49,6,31.6985197321722
Hartertula flavoviridis,50,6,212.723345943771
Hartertula flavoviridis,53,6,238.765775899283
Hartertula flavoviridis,910,6,30.0136415207517
Hartertula flavoviridis,911,6,28.8356812149481
Hartertula flavoviridis,912,6,4.41786551827597
Hartertula flavoviridis,913,6,0.46018793798399
Hartertula flavoviridis,138,21,70.6253013850902
Hartertula flavoviridis,674,34,14.1222658945664
Hartertula flavoviridis,686,34,1.07240441580927
Hartertula flavoviridis,144,24,155.360178976253
Hartertula flavoviridis,147,25,73.433436891347
Hartertula flavoviridis,149,26,0.180364578959107
Hartertula flavoviridis,169,26,52.0931107730117
Hartertula flavoviridis,914,26,29.7723925005817
Hartertula flavoviridis,915,26,21.7369523021773
Hartertula flavoviridis,170,51,11.6120186176995
Hartertula flavoviridis,152,50,49.2028287359315
Hartertula flavoviridis,297,52,79.9975426822536
Hartlaubius auratus,8396,65,21.2443070814972
Hartlaubius auratus,3649,53,0.275667671454787
Hartlaubius auratus,3678,53,1.92954817861235
Hartlaubius auratus,3828,53,0.275591552190423
Hartlaubius auratus,3860,53,0.367434207116008
Hartlaubius auratus,3861,53,0.183716525221109
Hartlaubius auratus,3887,53,33.8991079803611
Hartlaubius auratus,31312,53,0.183782283741117
Hartlaubius auratus,31390,53,0.367500048400104
Hartlaubius auratus,582,75,0.370271373195231
Hartlaubius auratus,584,75,0.462834125284791
Hartlaubius auratus,588,75,43.0377824654073
Hartlaubius auratus,589,75,0.18513059458977
Hartlaubius auratus,614,75,1.48074673073471
Hartlaubius auratus,620,75,1.66577102635694
Hartlaubius auratus,627,75,0.277623898765862
Hartlaubius auratus,636,75,0.277610584835947
Hartlaubius auratus,683,75,1.38815019469857
Hartlaubius auratus,31383,75,0.185083622752249
Hartlaubius auratus,284,77,0.463597745714188
Hartlaubius auratus,363,77,43.2038186617044
Hartlaubius auratus,188,19,0.55664420881176
Hartlaubius auratus,195,19,0.371099061261296
Hartlaubius auratus,198,19,0.556625695955813
Hartlaubius auratus,208,19,0.185535398295105
Hartlaubius auratus,215,19,0.463806772104442
Hartlaubius auratus,223,19,0.27827526928854
Hartlaubius auratus,225,19,0.463781360735595
Hartlaubius auratus,240,19,0.278243954662919
Hartlaubius auratus,253,19,0.185478644791543
Hartlaubius auratus,256,19,0.27820176096195
Hartlaubius auratus,259,19,0.64914825101471
Hartlaubius auratus,264,19,0.18546587502265
Hartlaubius auratus,269,19,130.021860527528
Hartlaubius auratus,273,19,0.18545505566138
Hartlaubius auratus,274,19,6.4908973798604
Hartlaubius auratus,283,19,8.4370977335708
Hartlaubius auratus,285,19,0.185438309593201
Hartlaubius auratus,292,19,0.185425482894003
Hartlaubius auratus,515,19,43.4528749465152
Hartlaubius auratus,31215,19,0.185474717534363
Hartlaubius auratus,31419,19,56.8711675529887
Hartlaubius auratus,13294,14,38.2051651932399
Hartlaubius auratus,13401,14,3.07696966736627
Hartlaubius auratus,13412,14,0.723997986286044
Hartlaubius auratus,13491,14,0.361958205401897
Hartlaubius auratus,31574,14,0.452763459861636
Hartlaubius auratus,18147,81,78.5054384879867
Hartlaubius auratus,18525,82,31.9051132799521
Hartlaubius auratus,31665,82,65.5797173258648
Hartlaubius auratus,31046,84,2.33597082442749
Hartlaubius auratus,31048,84,0.173038084078312
Hartlaubius auratus,31144,84,0.777178853789091
Hartlaubius auratus,31538,84,0.604549703200817
Hartlaubius auratus,31654,84,57.1920356452289
Hartlaubius auratus,31691,84,27.2715936270507
Hartlaubius auratus,31692,84,29.4123165165292
Hartlaubius auratus,31693,84,29.3885406549345
Hartlaubius auratus,31694,84,20.6592519148769
Hartlaubius auratus,31695,84,19.9515621485635
Hartlaubius auratus,17799,80,36.331879859746
Hartlaubius auratus,18145,80,0.449603298739433
Hartlaubius auratus,18146,80,0.359686745625973
Hartlaubius auratus,31660,80,6.47518067736232
Hartlaubius auratus,31662,80,0.449634089967847
Hartlaubius auratus,23045,86,111.588934583431
Hartlaubius auratus,27765,3,0.970314285975814
Hartlaubius auratus,31686,3,18.4464234338474
Hartlaubius auratus,31690,3,2.38669797589755
Hartlaubius auratus,31722,3,0.883594451859951
Hartlaubius auratus,24264,32,8.19087994073701
Hartlaubius auratus,24714,32,79.3489481062419
Hartlaubius auratus,6493,68,16.3740665150672
Hartlaubius auratus,6707,68,19.2038282113973
Hartlaubius auratus,6820,68,1.91988596975887
Hartlaubius auratus,6821,68,4.2053427026192
Hartlaubius auratus,6871,68,22.2892814174211
Hartlaubius auratus,6876,68,5.85033975470436
Hartlaubius auratus,6882,68,24.6792146248902
Hartlaubius auratus,6917,68,2.65062070312488
Hartlaubius auratus,6923,68,0.182805694629431
Hartlaubius auratus,6941,68,0.274192454328179
Hartlaubius auratus,6955,68,0.182784649551272
Hartlaubius auratus,6956,68,1.18809712456667
Hartlaubius auratus,6975,68,0.182778454094648
Hartlaubius auratus,6983,68,5.0262264291631
Hartlaubius auratus,6997,68,8.86332816260099
Hartlaubius auratus,7109,68,0.274089461484194
Hartlaubius auratus,7171,68,10.9639024804163
Hartlaubius auratus,7172,68,4.567756926453
Hartlaubius auratus,7869,68,0.365034251434088
Hartlaubius auratus,7946,68,504.593555901405
Hartlaubius auratus,7990,68,0.547426328327894
Hartlaubius auratus,7999,68,0.364942030489683
Hartlaubius auratus,8005,68,0.456175956650972
Hartlaubius auratus,31248,68,2.19383277368414
Hartlaubius auratus,31249,68,37.6497033879563
Hartlaubius auratus,31407,68,16.5402429724604
Hartlaubius auratus,31562,68,0.456749789226413
Hartlaubius auratus,31563,68,180.203304764409
Hartlaubius auratus,6440,72,36.3372512144693
Hartlaubius auratus,31436,72,5.86001237088037
Hartlaubius auratus,31447,72,30.5684495112349
Hartlaubius auratus,1538,76,175.204558120961
Hartlaubius auratus,2143,76,38.9884159684163
Hartlaubius auratus,3359,76,0.643524707942724
Hartlaubius auratus,3436,76,0.459616383672059
Hartlaubius auratus,3456,76,0.183841973942041
Hartlaubius auratus,3468,76,0.643432019172192
Hartlaubius auratus,3477,76,0.275752651619673
Hartlaubius auratus,3501,76,0.367655302864194
Hartlaubius auratus,3523,76,1.56243208603442
Hartlaubius auratus,3524,76,0.275729722221732
Hartlaubius auratus,3554,76,0.275717098941624
Hartlaubius auratus,3572,76,0.275709061498523
Hartlaubius auratus,3581,76,0.459508593737543
Hartlaubius auratus,3593,76,0.45949710468936
Hartlaubius auratus,3594,76,1.1946710927344
Hartlaubius auratus,3610,76,0.183794934333146
Hartlaubius auratus,3617,76,53.7688087064452
Hartlaubius auratus,3622,76,3.21620605602419
Hartlaubius auratus,3623,76,0.551364106284499
Hartlaubius auratus,3634,76,1.10266377710527
Hartlaubius auratus,3647,76,0.183781132994473
Hartlaubius auratus,3648,76,0.367564567481756
Hartlaubius auratus,3659,76,0.183777680330753
Hartlaubius auratus,3667,76,0.551319225258708
Hartlaubius auratus,3674,76,0.183773075227499
Hartlaubius auratus,3685,76,1.10259928914046
Hartlaubius auratus,3692,76,2.02137478975803
Hartlaubius auratus,3693,76,0.826945434479237
Hartlaubius auratus,3700,76,0.643170052255213
Hartlaubius auratus,3706,76,0.183763859938979
Hartlaubius auratus,3715,76,0.183761555059075
Hartlaubius auratus,3716,76,1.65382056523675
Hartlaubius auratus,3750,76,0.826825480994821
Hartlaubius auratus,3794,76,0.459349671094894
Hartlaubius auratus,3825,76,0.367459639964223
Hartlaubius auratus,3847,76,0.183724619395971
Hartlaubius auratus,3848,76,0.275586929093957
Hartlaubius auratus,3858,76,1.46972063059181
Hartlaubius auratus,3859,76,0.275577679304183
Hartlaubius auratus,3987,76,0.367363554798603
Hartlaubius auratus,4021,76,58.6780858784226
Hartlaubius auratus,4125,76,432.708220309259
Hartlaubius auratus,4185,76,0.275443051051259
Hartlaubius auratus,10819,76,15252.0716421369
Hartlaubius auratus,31247,76,179.54495541553
Hartlaubius auratus,31702,76,77.4065442805075
Hartlaubius auratus,31724,76,47.8541654373711
Hartlaubius auratus,31736,76,54.2551765402825
Hartlaubius auratus,31737,76,587.522437766301
Hartlaubius auratus,31738,76,257.987775640312
Hartlaubius auratus,20526,85,35.8509582239029
Hartlaubius auratus,20613,85,55.5362709867372
Hartlaubius auratus,20659,85,2.32886922907722
Hartlaubius auratus,20787,85,3.3134309653126
Hartlaubius auratus,20908,85,47.9918611904899
Hartlaubius auratus,20974,85,2.32767118465054
Hartlaubius auratus,21336,85,2.50550766269672
Hartlaubius auratus,21569,85,0.178908027130246
Hartlaubius auratus,21612,85,0.89446200739193
Hartlaubius auratus,21663,85,192.222173464558
Hartlaubius auratus,21835,85,0.536503212695122
Hartlaubius auratus,31674,85,17.1081231937802
Hartlaubius auratus,31675,85,1.79238486696017
Hartlaubius auratus,31676,85,0.447673652347684
Hartlaubius auratus,31739,85,27.5139015001006
Hartlaubius auratus,12315,51,0.181274117312074
Hartlaubius auratus,31764,51,16.4163595908247
Hartlaubius auratus,31765,51,14.8692397176668
Hartlaubius auratus,31766,51,26.0164300679771
Hartlaubius auratus,31767,51,308.475605014956
Hartlaubius auratus,31768,51,20.6443376237523
Hartlaubius auratus,31769,51,185.208699387767
Hartlaubius auratus,15515,88,0.812480411258936
Hartlaubius auratus,16982,88,158.705818376245
Hartlaubius auratus,17371,88,70.171205546759
Hartlaubius auratus,17711,88,0.179958904524803
Hartlaubius auratus,17812,88,2.87876883525968
Hartlaubius auratus,17820,88,0.899620833965421
Hartlaubius auratus,17878,88,0.269868277515173
Hartlaubius auratus,18928,88,176.465112044449
Hartlaubius auratus,23647,88,170.785426053188
Hartlaubius auratus,23890,88,224.299706164179
Hartlaubius auratus,25151,88,465.807169794926
Hartlaubius auratus,26481,88,0.62064821295929
Hartlaubius auratus,26499,88,0.265972006814122
Hartlaubius auratus,26524,88,0.709200345668078
Hartlaubius auratus,26543,88,0.177290677110672
Hartlaubius auratus,28325,88,1.6731160765605
Hartlaubius auratus,29861,88,4540.71058036719
Hartlaubius auratus,31181,88,1320.72290065696
Hartlaubius auratus,31506,88,38.3946948622806
Hartlaubius auratus,31514,88,1.35457540027201
Hartlaubius auratus,31645,88,20.7455502793244
Hartlaubius auratus,31646,88,234.81411045919
Hartlaubius auratus,31651,88,72.7284184850583
Hartlaubius auratus,31711,88,122.701643372855
Hartlaubius auratus,31715,88,1633.8566839868
Hartlaubius auratus,31752,88,45.4757890931116
Hartlaubius auratus,31760,88,56.9706430520978
Hartlaubius auratus,31761,88,1264.80094030401
Hartlaubius auratus,31770,88,38.8224120711257
Hartlaubius auratus,31771,88,23.6377044755612
Hartlaubius auratus,31772,88,110.070037848945
Hartlaubius auratus,31776,88,29.7723925005817
Hartlaubius auratus,31781,88,2.70596556277776
Hartlaubius auratus,31784,88,0.360754872067451
Hartlaubius auratus,31785,88,67.5307001400677
Hartlaubius auratus,31787,88,0.180371722902298
Hartlaubius auratus,31788,88,47.3336670441899
Hartlaubius auratus,31789,88,15.2341434265082
Hartlaubius auratus,31790,88,3.15564838214624
Hartlaubius auratus,31791,88,65.1599201313749
Hartlaubius auratus,31792,88,3.15489428832662
Hartlaubius auratus,31794,88,0.180284389288425
Hartlaubius auratus,31797,88,11.8039994628603
Hartlaubius auratus,31798,88,26.8481144580816
Hartlaubius auratus,31800,88,2.34215426115477
Hartlaubius auratus,31801,88,19.9889174229442
Hartlaubius auratus,31802,88,14.2635312602702
Hartlaubius auratus,31803,88,33.0953660842072
Hartlaubius auratus,31703,87,132.962781072095
Hartlaubius auratus,31773,87,18.5469218373579
Hartlaubius auratus,31774,87,0.453956211002231
Hemicentetes semispinosus,739,271,38.9884159684163
Hemicentetes semispinosus,4905,292,70.171205546759
Hemicentetes semispinosus,20,3,43.4528749465152
Hemicentetes semispinosus,6,2,0.463781360735595
Hemicentetes semispinosus,7,2,0.64914825101471
Hemicentetes semispinosus,8,2,94.4064369549154
Hemicentetes semispinosus,14086,2,56.8711675529887
Hemicentetes semispinosus,13950,314,2.33597082442749
Hemicentetes semispinosus,13952,314,0.173038084078312
Hemicentetes semispinosus,14169,314,57.1920356452289
Hemicentetes semispinosus,14014,321,0.604549703200459
Hemicentetes semispinosus,14025,321,0.777178853789091
Hemicentetes semispinosus,14174,321,19.9515621485635
Hemicentetes semispinosus,14170,322,27.2715936270507
Hemicentetes semispinosus,14171,323,29.4123165165292
Hemicentetes semispinosus,14172,324,29.3885406549345
Hemicentetes semispinosus,14173,325,20.6592519148769
Hemicentetes semispinosus,9008,307,224.299706164179
Hemicentetes semispinosus,408,12,179.54495541553
Hemicentetes semispinosus,280,298,175.204558120961
Hemicentetes semispinosus,1413,298,0.643524707942724
Hemicentetes semispinosus,1446,298,0.459616383672059
Hemicentetes semispinosus,1455,298,0.183841973942041
Hemicentetes semispinosus,1461,298,0.643432019172192
Hemicentetes semispinosus,1464,298,0.275752651619673
Hemicentetes semispinosus,1478,298,0.367655302864194
Hemicentetes semispinosus,1484,298,1.56243208603442
Hemicentetes semispinosus,1485,298,0.275729722221732
Hemicentetes semispinosus,1491,298,0.275717098941624
Hemicentetes semispinosus,1498,298,0.275709061498523
Hemicentetes semispinosus,1502,298,0.459508593737543
Hemicentetes semispinosus,1504,298,0.45949710468936
Hemicentetes semispinosus,1505,298,1.1946710927344
Hemicentetes semispinosus,1514,298,0.183794934333146
Hemicentetes semispinosus,1517,298,53.7688087064452
Hemicentetes semispinosus,1518,298,3.21620605602419
Hemicentetes semispinosus,1519,298,0.551364106284499
Hemicentetes semispinosus,1527,298,1.10266377710551
Hemicentetes semispinosus,1528,298,0.183781132994473
Hemicentetes semispinosus,1529,298,0.367564567481756
Hemicentetes semispinosus,1532,298,0.183777680330753
Hemicentetes semispinosus,1537,298,0.551319225258708
Hemicentetes semispinosus,1539,298,0.183773075227499
Hemicentetes semispinosus,1544,298,1.10259928914046
Hemicentetes semispinosus,1546,298,2.02137478975803
Hemicentetes semispinosus,1547,298,0.826945434479237
Hemicentetes semispinosus,1550,298,0.643170052255213
Hemicentetes semispinosus,1551,298,0.183763859938979
Hemicentetes semispinosus,1554,298,0.183761555059075
Hemicentetes semispinosus,1555,298,1.65382056523675
Hemicentetes semispinosus,1580,298,0.826825480995119
Hemicentetes semispinosus,1582,298,0.459349671094894
Hemicentetes semispinosus,1591,298,0.367459639964223
Hemicentetes semispinosus,1599,298,0.183724619395971
Hemicentetes semispinosus,1600,298,0.275586929093957
Hemicentetes semispinosus,1607,298,1.46972063059181
Hemicentetes semispinosus,1608,298,0.275577679304183
Hemicentetes semispinosus,1655,298,0.367363554798603
Hemicentetes semispinosus,1672,298,58.6780858784226
Hemicentetes semispinosus,1704,298,0.275475634280682
Hemicentetes semispinosus,1715,298,412.391003709489
Hemicentetes semispinosus,1736,298,0.275443051051259
Hemicentetes semispinosus,3070,298,15243.7164778241
Hemicentetes semispinosus,14177,298,77.4065442805075
Hemicentetes semispinosus,14204,298,54.2551765402825
Hemicentetes semispinosus,14205,298,587.522437766301
Hemicentetes semispinosus,14206,298,257.987775640312
Hemicentetes semispinosus,14192,329,47.8541654373711
Hemicentetes semispinosus,5638,330,176.465112044449
Hemicentetes semispinosus,8909,333,170.785426053188
Hemicentetes semispinosus,10586,333,0.620648212959528
Hemicentetes semispinosus,10596,333,0.265972006814122
Hemicentetes semispinosus,13018,333,4505.68368949856
Hemicentetes semispinosus,14052,333,1320.72290065696
Hemicentetes semispinosus,14161,333,234.81411045919
Hemicentetes semispinosus,14166,333,72.7284184850583
Hemicentetes semispinosus,14190,333,1633.8566839868
Hemicentetes semispinosus,14223,333,1264.80094030401
Hemicentetes semispinosus,3305,299,0.181274117312074
Hemicentetes semispinosus,14229,299,308.475605014956
Hemicentetes semispinosus,14230,299,20.6443376237523
Hemicentetes semispinosus,4120,335,0.812480411258936
Hemicentetes semispinosus,14129,335,38.3946948622806
Hemicentetes semispinosus,14137,335,1.35457540027201
Hemicentetes semispinosus,14232,335,38.8224120711257
Hemicentetes semispinosus,4698,336,158.705818376245
Hemicentetes semispinosus,9754,337,465.807169794926
Hemicentetes semispinosus,14234,337,110.070037848945
Hemicentetes semispinosus,14216,338,45.4757890931116
Hemicentetes semispinosus,14226,339,16.4163595908247
Hemicentetes semispinosus,14227,339,14.8692397176668
Hemicentetes semispinosus,14228,340,26.0164300679771
Hemicentetes semispinosus,14231,341,185.208699387767
Hemicentetes semispinosus,14233,342,23.6377044755612
Hemicentetes semispinosus,14264,343,14.2635312602702
Hemicentetes semispinosus,14178,326,132.962781072095
Hemicentetes semispinosus,14235,344,18.5469218373579
Hemicentetes semispinosus,5063,328,0.179958904524803
Hemicentetes semispinosus,5102,328,2.87876883525968
Hemicentetes semispinosus,5108,328,0.899620833965421
Hemicentetes semispinosus,5134,328,0.269868277515173
Hemicentetes semispinosus,14222,328,56.9706430520978
Hemicentetes semispinosus,14265,328,33.0953660842072
Hemicentetes semispinosus,14186,334,122.701643372855
Hemicentetes semispinosus,14238,334,29.7723925005817
Hemicentetes semispinosus,14251,334,15.2341434265082
Hemicentetes semispinosus,14260,334,26.8481144580816
Hemicentetes semispinosus,14246,345,0.360754872067451
Hemicentetes semispinosus,14247,345,67.5307001400677
Hemicentetes semispinosus,14256,345,0.180284389288425
Hemicentetes semispinosus,14250,346,47.3336670441899
Hemicentetes semispinosus,14253,347,65.1599201313749
Hemicentetes semispinosus,14259,348,11.8039994628603
Hemicentetes semispinosus,14263,349,19.9889174229442
Hypositta corallirostris,2,1,56.8711675529887
Hypositta corallirostris,8579,39,29.0782282981092
Hypositta corallirostris,8716,39,21.6261414673434
Hypositta corallirostris,8690,40,29.4123165165292
Hypositta corallirostris,8715,40,27.2715936270507
Hypositta corallirostris,8717,40,29.3885406549345
Hypositta corallirostris,8718,40,20.6592519148769
Hypositta corallirostris,17,2,175.204558120961
Hypositta corallirostris,93,2,47.8541654373711
Hypositta corallirostris,146,2,38.9884159684163
Hypositta corallirostris,412,2,0.643524707942724
Hypositta corallirostris,430,2,0.459616383672059
Hypositta corallirostris,435,2,0.643432019172192
Hypositta corallirostris,436,2,0.275752651619673
Hypositta corallirostris,445,2,0.367655302864194
Hypositta corallirostris,452,2,1.56243208603442
Hypositta corallirostris,453,2,0.275729722221732
Hypositta corallirostris,456,2,0.275717098941624
Hypositta corallirostris,460,2,0.275709061498523
Hypositta corallirostris,462,2,0.459508593737543
Hypositta corallirostris,465,2,0.45949710468936
Hypositta corallirostris,466,2,1.1946710927344
Hypositta corallirostris,470,2,53.7688087064452
Hypositta corallirostris,471,2,3.21620605602419
Hypositta corallirostris,472,2,0.551364106284499
Hypositta corallirostris,476,2,1.10266377710527
Hypositta corallirostris,479,2,0.367564567481756
Hypositta corallirostris,484,2,0.551319225258708
Hypositta corallirostris,487,2,1.10259928914046
Hypositta corallirostris,489,2,2.02137478975803
Hypositta corallirostris,490,2,0.826945434479237
Hypositta corallirostris,493,2,0.643170052255213
Hypositta corallirostris,495,2,1.65382056523675
Hypositta corallirostris,514,2,0.826825480995119
Hypositta corallirostris,517,2,0.459349671094894
Hypositta corallirostris,522,2,0.367459639964223
Hypositta corallirostris,527,2,0.275586929093957
Hypositta corallirostris,529,2,1.46972063059181
Hypositta corallirostris,530,2,0.275577679304183
Hypositta corallirostris,560,2,0.367363554798603
Hypositta corallirostris,573,2,58.6780858784226
Hypositta corallirostris,603,2,432.708220309259
Hypositta corallirostris,616,2,0.275443051051259
Hypositta corallirostris,806,2,0.733449546446562
Hypositta corallirostris,817,2,0.366640248780668
Hypositta corallirostris,874,2,0.457640860679746
Hypositta corallirostris,919,2,1.37162994920188
Hypositta corallirostris,1098,2,3.82909888804102
Hypositta corallirostris,1284,2,14395.9471731308
Hypositta corallirostris,8610,2,179.36040441575
Hypositta corallirostris,8721,2,11.1100677051132
Hypositta corallirostris,8722,2,77.4065442805075
Hypositta corallirostris,8747,2,54.2551765402825
Hypositta corallirostris,8748,2,185.019204770686
Hypositta corallirostris,8749,2,587.522437766301
Hypositta corallirostris,8750,2,257.987775640312
Hypositta corallirostris,1720,25,0.812480411258936
Hypositta corallirostris,6042,25,465.807169794926
Hypositta corallirostris,8663,25,38.3946948622806
Hypositta corallirostris,8671,25,1.35457540027201
Hypositta corallirostris,8731,25,122.701643372855
Hypositta corallirostris,8773,25,38.4612961439313
Hypositta corallirostris,8776,25,110.070037848945
Hypositta corallirostris,8780,25,29.7723925005817
Hypositta corallirostris,8785,25,2.70596556277776
Hypositta corallirostris,8788,25,0.360754872067451
Hypositta corallirostris,8789,25,67.5307001400677
Hypositta corallirostris,8792,25,47.3336670441899
Hypositta corallirostris,8793,25,15.2341434265082
Hypositta corallirostris,8794,25,3.15564838214624
Hypositta corallirostris,8795,25,65.1599201313749
Hypositta corallirostris,8796,25,3.15489428832662
Hypositta corallirostris,8801,25,11.8039994628603
Hypositta corallirostris,8802,25,26.8481144580816
Hypositta corallirostris,8804,25,2.34215426115477
Hypositta corallirostris,8805,25,19.9889174229442
Hypositta corallirostris,1932,42,90.1339087164962
Hypositta corallirostris,1934,42,0.991438515083671
Hypositta corallirostris,1964,42,0.270346841076851
Hypositta corallirostris,1971,42,1.71203832214892
Hypositta corallirostris,2032,42,0.720594756514073
Hypositta corallirostris,2090,42,56.7554572199371
Hypositta corallirostris,2141,42,12.7853951573522
Hypositta corallirostris,2303,43,2.87876883525968
Hypositta corallirostris,2306,43,0.899620833965421
Hypositta corallirostris,2337,43,0.269868277515173
Hypositta corallirostris,2752,43,176.465112044449
Hypositta corallirostris,5277,43,170.785426053185
Hypositta corallirostris,5380,43,224.299706164179
Hypositta corallirostris,6532,43,0.62064821295929
Hypositta corallirostris,6537,43,0.265972006814122
Hypositta corallirostris,6548,43,0.709200345668078
Hypositta corallirostris,7922,43,4492.07410718252
Hypositta corallirostris,8484,43,6.60311605216253
Hypositta corallirostris,8609,43,1320.72290065696
Hypositta corallirostris,8707,43,234.81411045919
Hypositta corallirostris,8712,43,23.1220312933113
Hypositta corallirostris,8714,43,16.0684737306582
Hypositta corallirostris,8735,43,1618.66201367643
Hypositta corallirostris,8765,43,56.9706430520978
Hypositta corallirostris,8766,43,1264.80094030401
Hypositta corallirostris,8807,43,33.0953660842072
Hypositta corallirostris,8759,44,45.4757890931116
Hypositta corallirostris,8806,44,14.2635312602702
Hypositta corallirostris,8767,45,16.4163595908247
Hypositta corallirostris,8768,45,14.8692397176668
Hypositta corallirostris,8769,45,26.0164300679771
Hypositta corallirostris,8770,45,308.475605014956
Hypositta corallirostris,8771,45,20.6443376237523
Hypositta corallirostris,8772,46,185.208699387767
Hypositta corallirostris,8775,47,23.6377044755612
Hypositta corallirostris,8723,41,132.962781072095
Hypositta corallirostris,8778,41,0.453956211002231
Hypositta corallirostris,8777,48,18.5469218373579
Indri indri,1,1,103.775520140199
Indri indri,2543,1,56.8711675529887
Indri indri,173,31,2.11438066261417
Indri indri,208,31,1.65325307838088
Indri indri,212,31,44.3538334620843
Indri indri,221,31,358.831183948075
Indri indri,2517,38,2.33597082442749
Indri indri,2522,38,57.1920356452289
Indri indri,1714,37,224.299706164179
Indri indri,22,4,175.204558120961
Indri indri,43,4,179.54495541553
Indri indri,79,4,38.9884159684163
Indri indri,471,4,15152.6448591083
Indri indri,2621,4,77.4065442805075
Indri indri,2636,4,47.8541654373711
Indri indri,2648,4,54.2551765402825
Indri indri,2649,4,587.522437766301
Indri indri,2650,4,257.987775640312
Indri indri,1026,41,176.465112044449
Indri indri,1698,41,12.7478930967271
Indri indri,1751,41,2.04824535180938
Indri indri,2338,41,4339.22038211843
Indri indri,2449,41,1320.72290065696
Indri indri,2465,41,23.1220312933333
Indri indri,2470,41,6.60311605216253
Indri indri,2474,41,16.0684737306582
Indri indri,2619,41,1174.31571666213
Indri indri,2620,41,234.81411045919
Indri indri,2634,41,628.090839850701
Indri indri,2662,41,437.534457278697
Indri indri,2663,41,396.122760815294
Indri indri,843,26,158.705818376245
Indri indri,890,26,70.171205546759
Indri indri,1831,42,465.807169794926
Indri indri,2576,42,38.3946948622806
Indri indri,2585,42,1.35457540027201
Indri indri,2678,42,38.4612961439313
Indri indri,2681,42,110.070037848945
Indri indri,2630,43,122.701643372855
Indri indri,2685,43,29.7723925005817
Indri indri,2698,43,15.2341434265082
Indri indri,2699,43,3.15564838214624
Indri indri,2700,43,65.1599201313749
Indri indri,2707,43,26.8481144580816
Indri indri,2659,44,45.4757890931116
Indri indri,2711,44,14.2635312602702
Indri indri,2672,45,16.4163595908247
Indri indri,2673,45,14.8692397176668
Indri indri,2674,45,26.0164300679771
Indri indri,2675,46,308.475605014956
Indri indri,2676,46,20.6443376237523
Indri indri,2677,47,185.208699387767
Indri indri,2690,48,2.70596556277776
Indri indri,2694,48,67.5307001400677
Indri indri,2697,48,47.3336670441899
Indri indri,2701,48,3.15489428832662
Indri indri,2706,48,11.8039994628603
Indri indri,2709,48,2.34215426115477
Indri indri,2622,39,132.962781072095
Indri indri,936,40,2.87876883525968
Indri indri,2669,40,56.9706430520978
Indri indri,2712,40,33.0953660842072
Lemur catta,224,296,2.12015320006764
Lemur catta,228,296,5.16206443335718
Lemur catta,233,296,0.092177666580081
Lemur catta,1066,18,29.9397529743933
Lemur catta,1269,20,146.390687938526
Lemur catta,1450,21,0.0917656384553313
Lemur catta,1608,24,28.9742458016426
Lemur catta,1655,21,211.946650097724
Lemur catta,1767,26,28.7706278312885
Lemur catta,2055,28,23.4285460085746
Lemur catta,2061,28,0.0915072345054746
Lemur catta,2063,28,0.0915060152800679
Lemur catta,12024,313,4.11772579951465
Lemur catta,12162,313,0.262810511393309
Lemur catta,166,414,0.184524029507697
Lemur catta,167,414,13.1011248301817
Lemur catta,168,414,0.0922603943370581
Lemur catta,13632,346,4.18626192768765
Lemur catta,4189,387,2.08852931597102
Lemur catta,4245,387,4.26784881421316
Lemur catta,12323,436,17.4231342306408
Lemur catta,13286,442,6.28831631620741
Lemur catta,13330,442,1.57208896059883
Lemur catta,13331,442,0.349360073422432
Lemur catta,13390,442,9.77941292706989
Lemur catta,713,395,0.0919324277412295
Lemur catta,714,395,6.25106651415205
Lemur catta,11523,149,68.4073900828574
Lemur catta,15989,458,44.4928427752445
Lemur catta,13551,449,46.5723968884147
Lemur catta,16051,468,36.3826787541578
Lemur catta,12044,478,16.1215402504437
Lemur catta,16047,478,31.4692072683324
Lemur catta,16054,478,23.0620316261801
Lemur catta,12799,417,7.60914032988978
Lemur catta,10461,419,5.09932988678861
Lemur catta,10558,419,16.698656125278
Lemur catta,860,418,0.275690677073717
Lemur catta,879,418,1.10266377710527
Lemur catta,880,418,1.28645181352198
Lemur catta,887,418,0.183781132994473
Lemur catta,907,418,9.73881683760441
Lemur catta,913,418,2.02137478975803
Lemur catta,914,418,0.826945434479237
Lemur catta,951,418,0.826825480994821
Lemur catta,981,418,0.459349671094894
Lemur catta,999,418,0.367459639964223
Lemur catta,1008,418,0.183724619395971
Lemur catta,1009,418,0.275586929093957
Lemur catta,1018,418,1.46972063059181
Lemur catta,1019,418,0.275577679304183
Lemur catta,1042,418,0.18370726844722
Lemur catta,1084,418,0.0918437876845598
Lemur catta,1091,418,0.367363554798603
Lemur catta,1109,418,58.6780858784226
Lemur catta,1149,418,0.642796241695881
Lemur catta,1185,418,40.037818363524
Lemur catta,1231,418,0.275443051051259
Lemur catta,50,7,17.5491645997773
Lemur catta,418,14,13.5284510739095
Lemur catta,429,14,0.0920276939135194
Lemur catta,16067,14,1.47231811580735
Lemur catta,489,480,16.0095614432405
Lemur catta,10176,256,17.8588537217014
Lemur catta,10914,290,19.0477036475816
Lemur catta,10316,338,20.7455502793244
Lemur catta,10488,338,0.0879156733250618
Lemur catta,101,347,11.6300040493613
Lemur catta,130,347,18.7342282877168
Lemur catta,131,347,1.1997945148766
Lemur catta,102,482,0.0923130816246867
Lemur catta,103,482,8.86135206354189
Lemur catta,109,482,0.0923098705308437
Lemur catta,630,431,0.183935519072413
Lemur catta,678,431,14.0676146650477
Lemur catta,16068,431,13.0582924815834
Lemur catta,2961,483,0.638007383253575
Lemur catta,3032,483,17.0406099613543
Lemur catta,13942,453,47.9151920474066
Lemur catta,15160,475,0.777178853789091
Lemur catta,15463,475,19.9515621485635
Lemur catta,16066,475,0.604549703200817
Lemur catta,15316,476,20.6592519148769
Lemur catta,273,320,64.4668550776845
Lemur catta,294,320,0.828846753884017
Lemur catta,295,320,5.15725681965875
Lemur catta,316,320,62.6248166029809
Lemur catta,331,320,21.7270555164749
Lemur catta,2155,392,2.01200523817307
Lemur catta,2182,392,0.457216544454694
Lemur catta,2232,392,13.3456154483392
Lemur catta,2250,392,3.38189172445643
Lemur catta,2332,392,2.55808245034969
Lemur catta,2360,392,4.56767725341726
Lemur catta,2373,392,0.182698918887377
Lemur catta,2454,392,2.92236508436668
Lemur catta,2478,392,330.307801917351
Lemur catta,2491,392,6.93958528381192
Lemur catta,2532,392,56.9873071164124
Lemur catta,2551,392,15.610373411348
Lemur catta,696,413,0.643524707942724
Lemur catta,737,413,0.459616383672059
Lemur catta,755,413,15.3519037113669
Lemur catta,756,413,0.183841973942041
Lemur catta,763,413,0.643432019172192
Lemur catta,767,413,0.275752651619673
Lemur catta,784,413,0.367655302864194
Lemur catta,797,413,7.62849285122781
Lemur catta,798,413,0.27573316345185
Lemur catta,802,413,1.56243208603442
Lemur catta,803,413,0.275729722221732
Lemur catta,815,413,0.275717098941624
Lemur catta,823,413,0.183808720429003
Lemur catta,826,413,0.275709061498523
Lemur catta,833,413,0.459508593737543
Lemur catta,839,413,0.183801829286516
Lemur catta,846,413,0.643297785346329
Lemur catta,847,413,0.45949710468936
Lemur catta,848,413,1.1946710927344
Lemur catta,861,413,0.183794934333146
Lemur catta,868,413,53.7688087064452
Lemur catta,870,413,14.9760293356881
Lemur catta,872,413,3.21620605602419
Lemur catta,873,413,0.551364106284499
Lemur catta,881,413,49.7190577929267
Lemur catta,888,413,0.367564567481756
Lemur catta,897,413,0.183777680330753
Lemur catta,900,413,0.551319225258708
Lemur catta,903,413,0.183773075227499
Lemur catta,908,413,1.10259928914046
Lemur catta,920,413,0.643170052255213
Lemur catta,926,413,0.183763859938979
Lemur catta,934,413,0.183761555059075
Lemur catta,935,413,1.65382056523675
Lemur catta,960,413,7.90020332777613
Lemur catta,965,413,18.468422871011
Lemur catta,976,413,0.18374310077405
Lemur catta,1011,413,20.1144893410161
Lemur catta,1053,413,0.0918518977317214
Lemur catta,1072,413,3.12249965708375
Lemur catta,1157,413,59.307528143233
Lemur catta,1220,413,1.92806640471405
Lemur catta,1256,413,0.0918089129010439
Lemur catta,1257,413,0.183617825802088
Lemur catta,14580,465,138.804967227073
Lemur catta,16076,465,0.347746593876839
Lemur catta,11507,303,58.4639144571832
Lemur catta,2799,461,0.820644420907855
Lemur catta,2821,461,0.0911780408780575
Lemur catta,2960,461,0.638009943682313
Lemur catta,2964,461,0.0911435460877419
Lemur catta,3011,461,312.067017775841
Lemur catta,16085,461,25.9731546361337
Lemur catta,2025,462,33.8666662566687
Lemur catta,2040,462,0.0915181980375051
Lemur catta,2044,462,0.3660581814937
Lemur catta,2052,462,0.366043563450038
Lemur catta,2966,484,0.0911435460877419
Lemur catta,16069,484,113.684840810308
Lemur catta,16084,485,54.2969156242922
Lemur catta,16086,485,59.3862796122491
Lemur catta,7320,79,16.4962744438024
Lemur catta,16103,79,0.180284389288425
Lemur catta,7174,471,25.9001785849923
Lemur catta,16087,471,0.090232888949275
Lemur catta,16088,471,0.0902314672112465
Lemur catta,16089,471,0.0902300452649593
Lemur catta,16090,471,0.0902286231096983
Lemur catta,16091,471,0.0902229324034452
Lemur catta,7305,487,0.18036029142499
Lemur catta,7306,487,1.71338273918021
Lemur catta,16093,487,2.70526567535031
Lemur catta,16094,487,12.6205519055381
Lemur catta,16092,488,14.3413504729973
Lemur catta,7298,486,2.70596556277776
Lemur catta,16098,486,0.360754872067451
Lemur catta,16099,486,1.62333978704381
Lemur catta,16100,486,0.0901872898641825
Lemur catta,16101,486,0.180371722902298
Lepidopygia nana,39797,134,46.5723968884147
Lepidopygia nana,44402,134,15.479861985826
Lepidopygia nana,44391,292,13.3829553466861
Lepidopygia nana,44395,292,6.06907414019537
Lepidopygia nana,44456,292,2.02272765648687
Lepidopygia nana,44283,314,44.4928427752445
Lepidopygia nana,11110,311,21.2443070814972
Lepidopygia nana,4041,180,0.275667671454787
Lepidopygia nana,4247,180,0.275591552190423
Lepidopygia nana,4282,180,0.367434207116008
Lepidopygia nana,4283,180,0.183716525221109
Lepidopygia nana,5060,180,34.4503061052001
Lepidopygia nana,44463,180,0.183782283741117
Lepidopygia nana,44537,180,1.92954817861176
Lepidopygia nana,44628,180,0.367500048400104
Lepidopygia nana,656,282,0.370271373195231
Lepidopygia nana,658,282,0.462834125284791
Lepidopygia nana,662,282,43.0377824654073
Lepidopygia nana,663,282,0.18513059458977
Lepidopygia nana,695,282,1.48074673073471
Lepidopygia nana,701,282,1.66577102635694
Lepidopygia nana,708,282,0.277623898765862
Lepidopygia nana,715,282,0.277610584835947
Lepidopygia nana,770,282,1.38815019469857
Lepidopygia nana,44617,282,0.185083622752249
Lepidopygia nana,305,322,0.463597745714188
Lepidopygia nana,411,322,43.2038186617044
Lepidopygia nana,192,111,0.55664420881176
Lepidopygia nana,200,111,0.371099061261296
Lepidopygia nana,202,111,0.556625695955813
Lepidopygia nana,212,111,0.185535398295105
Lepidopygia nana,219,111,0.463806772104442
Lepidopygia nana,227,111,0.27827526928854
Lepidopygia nana,229,111,0.463781360735595
Lepidopygia nana,247,111,0.278243954662919
Lepidopygia nana,261,111,0.185478644791543
Lepidopygia nana,264,111,0.27820176096195
Lepidopygia nana,277,111,0.18546587502265
Lepidopygia nana,289,111,0.18545505566138
Lepidopygia nana,290,111,6.49089737985945
Lepidopygia nana,306,111,0.185438309593201
Lepidopygia nana,315,111,130.021860527528
Lepidopygia nana,318,111,0.185425482894003
Lepidopygia nana,324,111,8.4370977335708
Lepidopygia nana,42596,111,0.185474717534363
Lepidopygia nana,43872,111,0.64914825101459
Lepidopygia nana,44667,111,56.8711675529887
Lepidopygia nana,44086,294,18.1098317564155
Lepidopygia nana,44087,330,66.8868642792623
Lepidopygia nana,42699,323,45.9543252508428
Lepidopygia nana,27174,333,130.568218715013
Lepidopygia nana,44897,334,78.5054384879867
Lepidopygia nana,22315,216,38.2051651932399
Lepidopygia nana,44651,216,3.34846321159315
Lepidopygia nana,44652,216,0.723997986286044
Lepidopygia nana,44653,216,0.361958205401659
Lepidopygia nana,44845,216,0.452763459861636
Lepidopygia nana,24732,325,36.331879859746
Lepidopygia nana,43013,325,0.449603298739195
Lepidopygia nana,43014,325,0.359686745625734
Lepidopygia nana,44893,325,6.47518067736232
Lepidopygia nana,44895,325,0.449634089967847
Lepidopygia nana,42004,332,2.33597082442749
Lepidopygia nana,42006,332,0.173038084078312
Lepidopygia nana,44889,332,57.1920356452289
Lepidopygia nana,42167,337,0.777178853789091
Lepidopygia nana,44781,337,0.604549703200817
Lepidopygia nana,44947,337,27.2715936270507
Lepidopygia nana,44948,337,29.4123165165292
Lepidopygia nana,44949,337,29.3885406549345
Lepidopygia nana,44950,337,20.6592519148769
Lepidopygia nana,44951,337,19.9515621485635
Lepidopygia nana,43243,306,35.9142155788532
Lepidopygia nana,44923,306,15.4450147414067
Lepidopygia nana,44984,306,9.49462234218203
Lepidopygia nana,44985,306,23.5087072345356
Lepidopygia nana,38955,208,76.4973862589936
Lepidopygia nana,44386,208,0.176716549232245
Lepidopygia nana,44387,208,7.50890607225883
Lepidopygia nana,44389,208,18.6823267181581
Lepidopygia nana,44413,208,19.4493472260612
Lepidopygia nana,44415,208,2.12150208466887
Lepidopygia nana,44416,208,0.265184216719389
Lepidopygia nana,44417,208,26.8667837100745
Lepidopygia nana,44418,208,0.795282153396249
Lepidopygia nana,44452,208,9.52154744787466
Lepidopygia nana,44455,208,4.31856011909986
Lepidopygia nana,44980,208,16.438410019937
Lepidopygia nana,44982,208,2.03225787389851
Lepidopygia nana,1700,211,175.204558120961
Lepidopygia nana,2370,211,38.9884159684202
Lepidopygia nana,3806,211,0.459616383672059
Lepidopygia nana,3828,211,0.183841973942041
Lepidopygia nana,3840,211,0.643432019172192
Lepidopygia nana,3848,211,0.275752651619673
Lepidopygia nana,3877,211,0.367655302864194
Lepidopygia nana,3905,211,1.56243208603442
Lepidopygia nana,3906,211,0.275729722221732
Lepidopygia nana,3934,211,0.275717098941624
Lepidopygia nana,3953,211,0.275709061498523
Lepidopygia nana,3961,211,0.459508593737841
Lepidopygia nana,3973,211,0.45949710468936
Lepidopygia nana,3974,211,1.1946710927344
Lepidopygia nana,3991,211,0.183794934333146
Lepidopygia nana,4007,211,3.21620605602294
Lepidopygia nana,4008,211,0.551364106284499
Lepidopygia nana,4022,211,1.10266377710527
Lepidopygia nana,4037,211,0.183781132994473
Lepidopygia nana,4038,211,0.367564567481756
Lepidopygia nana,4054,211,0.183777680330634
Lepidopygia nana,4062,211,0.551319225258708
Lepidopygia nana,4070,211,0.183773075227499
Lepidopygia nana,4078,211,1.10259928914046
Lepidopygia nana,4085,211,2.02137478975803
Lepidopygia nana,4086,211,0.826945434479237
Lepidopygia nana,4095,211,0.643170052255213
Lepidopygia nana,4105,211,0.183763859938979
Lepidopygia nana,4114,211,0.183761555059075
Lepidopygia nana,4115,211,1.65382056523675
Lepidopygia nana,4160,211,0.826825480994821
Lepidopygia nana,4206,211,0.459349671094894
Lepidopygia nana,4242,211,0.367459639964223
Lepidopygia nana,4269,211,0.183724619395971
Lepidopygia nana,4270,211,0.275586929093957
Lepidopygia nana,4280,211,1.46972063059181
Lepidopygia nana,4281,211,0.275577679304183
Lepidopygia nana,4444,211,0.367363554798603
Lepidopygia nana,4481,211,58.6780858784226
Lepidopygia nana,4625,211,432.800073364722
Lepidopygia nana,4675,211,0.275443051051259
Lepidopygia nana,14804,211,15289.9861383978
Lepidopygia nana,44069,211,53.7688087064452
Lepidopygia nana,44070,211,0.643524707942724
Lepidopygia nana,44221,211,179.54495541553
Lepidopygia nana,44242,211,66.489778000425
Lepidopygia nana,44832,211,2.20879511307001
Lepidopygia nana,44833,211,1.10433682509226
Lepidopygia nana,44958,211,77.4065442805075
Lepidopygia nana,45014,211,47.8541654373711
Lepidopygia nana,45026,211,54.2551765402825
Lepidopygia nana,45027,211,587.522437766301
Lepidopygia nana,45028,211,258.078829041498
Lepidopygia nana,7646,230,19.2038282113973
Lepidopygia nana,7870,230,1.91988596975887
Lepidopygia nana,7871,230,4.2053427026192
Lepidopygia nana,8006,230,5.85033975470352
Lepidopygia nana,8025,230,24.6792146248873
Lepidopygia nana,8087,230,1.0054375043211
Lepidopygia nana,8096,230,2.83342021114933
Lepidopygia nana,8108,230,0.182805694629431
Lepidopygia nana,8132,230,2.37624750380063
Lepidopygia nana,8147,230,1.00536820483017
Lepidopygia nana,8159,230,0.274192454328179
Lepidopygia nana,8204,230,0.182784649551272
Lepidopygia nana,8242,230,0.182778454094648
Lepidopygia nana,8260,230,8.3165148231597
Lepidopygia nana,8294,230,8.86332816260099
Lepidopygia nana,8512,230,0.274089461484194
Lepidopygia nana,9823,230,2.0072273404777
Lepidopygia nana,9875,230,0.364942030489326
Lepidopygia nana,13675,230,696.751599295974
Lepidopygia nana,43800,230,16.3740665150672
Lepidopygia nana,43909,230,22.3806283842244
Lepidopygia nana,43911,230,4.567756926453
Lepidopygia nana,44298,230,2.19383277368414
Lepidopygia nana,44299,230,37.832468202602
Lepidopygia nana,44509,230,9.30640563301087
Lepidopygia nana,44646,230,16.5402429724604
Lepidopygia nana,44821,230,11.5120029750904
Lepidopygia nana,44822,230,0.456175956650376
Lepidopygia nana,28022,247,2.32886922907841
Lepidopygia nana,28099,247,3.3134309653126
Lepidopygia nana,28281,247,2.32767118465054
Lepidopygia nana,28399,247,1.6112200088762
Lepidopygia nana,28520,247,0.179008868654728
Lepidopygia nana,28643,247,12.2656330127326
Lepidopygia nana,29202,247,1.78860352420616
Lepidopygia nana,30321,247,0.714404974959851
Lepidopygia nana,30399,247,0.535747839347601
Lepidopygia nana,30434,247,0.178579506715775
Lepidopygia nana,30461,247,0.178571738508582
Lepidopygia nana,30487,247,0.4464130281533
Lepidopygia nana,30628,247,1.87495118889725
Lepidopygia nana,31282,247,466.568559868034
Lepidopygia nana,43048,247,58.0431777097617
Lepidopygia nana,43181,247,2.59498997027063
Lepidopygia nana,43753,247,8.14412642857932
Lepidopygia nana,43991,247,2.05895008530629
Lepidopygia nana,44268,247,11.0121107977135
Lepidopygia nana,44370,247,35.8509582239029
Lepidopygia nana,44371,247,90.1463766941008
Lepidopygia nana,44518,247,1.96992547541308
Lepidopygia nana,44520,247,3.75955498127008
Lepidopygia nana,44608,247,13.3489735764035
Lepidopygia nana,44609,247,11.0118811909994
Lepidopygia nana,44915,247,42.301133417854
Lepidopygia nana,44919,247,7.14406051427484
Lepidopygia nana,44921,247,1.79238486696017
Lepidopygia nana,44922,247,0.26860692801261
Lepidopygia nana,44943,247,17.1081231937802
Lepidopygia nana,44998,247,0.268664646841049
Lepidopygia nana,45002,247,0.626874057329774
Lepidopygia nana,45003,247,0.358209410696507
Lepidopygia nana,45005,247,3.04429691804922
Lepidopygia nana,45010,247,1.96823623427296
Lepidopygia nana,45054,247,27.5139015001006
Lepidopygia nana,45060,247,13.3347498854089
Lepidopygia nana,45065,247,0.268385767887235
Lepidopygia nana,45066,247,0.536556962044954
Lepidopygia nana,40403,284,172.350847448841
Lepidopygia nana,40972,284,1.82724169255567
Lepidopygia nana,41746,284,228.670065624924
Lepidopygia nana,43433,284,10.2080852577503
Lepidopygia nana,43437,284,0.34735036917901
Lepidopygia nana,43772,284,12.0483039035159
Lepidopygia nana,43773,284,0.519971193714619
Lepidopygia nana,44396,293,59.0784820247982
Lepidopygia nana,44457,293,14.9893741114255
Lepidopygia nana,44533,293,23.0620316261801
Lepidopygia nana,8646,305,36.3372512144693
Lepidopygia nana,44676,305,5.86001237088037
Lepidopygia nana,44687,305,30.5684495112349
Lepidopygia nana,44004,307,171.071344628696
Lepidopygia nana,44986,307,8.19087994073701
Lepidopygia nana,44073,331,16.4635599028283
Lepidopygia nana,45044,331,15.0956876044398
Lepidopygia nana,45045,331,0.181896922919273
Lepidopygia nana,45047,331,0.272832916727901
Lepidopygia nana,45048,331,0.272832916727901
Lepidopygia nana,45051,331,2.09148697000587
Lepidopygia nana,21056,240,0.812480411258936
Lepidopygia nana,33197,240,465.807169794926
Lepidopygia nana,44747,240,38.5754106344105
Lepidopygia nana,44756,240,1.35457540027201
Lepidopygia nana,44970,240,122.701643372855
Lepidopygia nana,45080,240,39.454504154756
Lepidopygia nana,45082,240,110.070037848945
Lepidopygia nana,45086,240,29.7723925005817
Lepidopygia nana,45091,240,2.70596556277776
Lepidopygia nana,45094,240,0.360754872067451
Lepidopygia nana,45095,240,67.6208545236654
Lepidopygia nana,45097,240,0.180371722902298
Lepidopygia nana,45098,240,47.3336670441899
Lepidopygia nana,45099,240,15.2341434265082
Lepidopygia nana,45100,240,3.15564838214624
Lepidopygia nana,45101,240,65.1599201313749
Lepidopygia nana,45102,240,3.15489428832662
Lepidopygia nana,45103,240,0.360571648123503
Lepidopygia nana,45106,240,11.8039994628603
Lepidopygia nana,45107,240,26.8481144580816
Lepidopygia nana,45109,240,2.34215426115477
Lepidopygia nana,45110,240,19.9889174229442
Lepidopygia nana,23093,339,158.705818376245
Lepidopygia nana,23575,339,70.1712055467508
Lepidopygia nana,24123,340,0.899620833965421
Lepidopygia nana,24197,340,0.269868277515173
Lepidopygia nana,43658,340,0.179958904524803
Lepidopygia nana,43659,340,2.87876883525717
Lepidopygia nana,45070,340,56.9706430520978
Lepidopygia nana,45112,340,33.0953660842072
Lepidopygia nana,25508,341,176.465112044449
Lepidopygia nana,31475,341,170.785426053188
Lepidopygia nana,31807,341,224.656451715722
Lepidopygia nana,34862,341,0.620648212959528
Lepidopygia nana,34889,341,0.265972006814122
Lepidopygia nana,34921,341,0.709200345668078
Lepidopygia nana,34952,341,0.177290677110672
Lepidopygia nana,40082,341,4570.56875612228
Lepidopygia nana,42328,341,1320.8099663434
Lepidopygia nana,44880,341,20.7455502793244
Lepidopygia nana,44881,341,234.90144196146
Lepidopygia nana,44886,341,72.7284184850583
Lepidopygia nana,44974,341,1633.94606656998
Lepidopygia nana,45071,341,1264.80094030401
Lepidopygia nana,42792,342,0.181274117312193
Lepidopygia nana,45074,342,16.4163595908247
Lepidopygia nana,45075,342,14.8692397176668
Lepidopygia nana,45076,342,26.0164300679771
Lepidopygia nana,45077,342,308.475605014956
Lepidopygia nana,45078,342,20.6443376237523
Lepidopygia nana,45038,343,45.4757890931116
Lepidopygia nana,45111,343,14.2635312602702
Lepidopygia nana,45079,344,185.208699387767
Lepidopygia nana,45081,345,23.6377044755612
Lepidopygia nana,44959,338,132.962781072095
Lepidopygia nana,45084,338,0.453956211002231
Lepidopygia nana,45083,346,18.5469218373579
Lepilemur microdon,60,8,19.6108810678481
Lepilemur microdon,120,10,34.7441383371635
Lepilemur microdon,197,15,29.8485120721875
Lepilemur microdon,599,24,3.80005346285582
Lepilemur microdon,600,24,38.8747082545482
Lepilemur microdon,603,24,25.877255346762
Lepilemur microdon,852,32,87.7621549241685
Lepilemur microdon,302,43,15.9373727249292
Lepilemur microdon,133,12,1.00586680030316
Lepilemur microdon,137,12,35.2866784791095
Lepilemur microdon,286,44,287.248779936727
Lepilemur microdon,295,44,38.8119348857594
Lepilemur microdon,309,44,0.622952094381929
Lepilemur microdon,48,7,2.48649016338259
Lepilemur microdon,49,7,5.15725681965875
Lepilemur microdon,50,7,114.283875533425
Lepilemur microdon,56,7,35.5452614317083
Lepilemur microdon,73,7,1.47231811580676
Lepilemur microdon,74,7,131.42668452409
Lepilemur microdon,76,7,23.2776854783
Lepilemur microdon,853,7,21.7270555164749
Lepilemur microdon,856,45,29.8631255431825
Lepilemur microdon,78,9,21.5250719499543
Lepilemur microdon,79,47,0.367897162454665
Lepilemur microdon,80,47,62.2582651923044
Lepilemur microdon,93,47,0.643524707942724
Lepilemur microdon,95,47,0.459616383672059
Lepilemur microdon,96,47,160.526643770867
Lepilemur microdon,97,47,15.3519037113669
Lepilemur microdon,98,47,0.643432019172192
Lepilemur microdon,99,47,0.367655302864194
Lepilemur microdon,100,47,1.56243208603442
Lepilemur microdon,101,47,0.459508593737543
Lepilemur microdon,102,47,0.643297785346329
Lepilemur microdon,103,47,0.45949710468936
Lepilemur microdon,104,47,1.1946710927344
Lepilemur microdon,105,47,53.6769175645747
Lepilemur microdon,106,47,3.21620605602419
Lepilemur microdon,107,47,0.551364106284499
Lepilemur microdon,108,47,0.367564567481756
Lepilemur microdon,109,47,0.551319225258708
Lepilemur microdon,110,47,1.10259928914046
Lepilemur microdon,111,47,0.643170052255213
Lepilemur microdon,112,47,1.65382056523675
Lepilemur microdon,114,47,7.90020332777613
Lepilemur microdon,117,47,19.8389417544819
Lepilemur microdon,123,11,21.6030064475268
Lepilemur microdon,175,13,3.19109242600811
Lepilemur microdon,180,13,18.6867641295438
Lepilemur microdon,181,13,8.02199676955664
Lepilemur microdon,182,13,0.638009943682313
Lepilemur microdon,183,13,25.9731546361337
Lepilemur microdon,186,13,13.8476284396513
Lepilemur microdon,189,13,0.455487860305786
Lepilemur microdon,468,22,11.8067986252681
Lepilemur microdon,475,22,1.59748263599014
Lepilemur microdon,527,22,548.038725337084
Lepilemur microdon,580,22,14.9409987553346
Lepilemur microdon,204,17,29.8365969884256
Lepilemur mustelinus,1519,29,30.1027819500016
Lepilemur mustelinus,772,505,38.9884159684163
Lepilemur mustelinus,6685,525,70.171205546759
Lepilemur mustelinus,15066,190,68.4073900828574
Lepilemur mustelinus,17905,581,44.4928427752445
Lepilemur mustelinus,9264,124,42.7215934479485
Lepilemur mustelinus,9340,124,0.268576509485722
Lepilemur mustelinus,17921,124,3.75955498127008
Lepilemur mustelinus,15225,427,16.1215402504437
Lepilemur mustelinus,17988,599,16.5405274979586
Lepilemur mustelinus,17935,593,29.0143926775727
Lepilemur mustelinus,59,3,25.2178087537469
Lepilemur mustelinus,133,7,0.370271373195231
Lepilemur mustelinus,135,7,0.462834125284791
Lepilemur mustelinus,138,7,18.9744048029395
Lepilemur mustelinus,139,7,0.18513059458977
Lepilemur mustelinus,147,7,1.48074673073471
Lepilemur mustelinus,148,7,1.48068535666716
Lepilemur mustelinus,150,7,0.277623898765862
Lepilemur mustelinus,159,7,1.38815019469857
Lepilemur mustelinus,18035,7,0.185083622752249
Lepilemur mustelinus,8,1,0.55664420881176
Lepilemur mustelinus,9,1,0.371099061261296
Lepilemur mustelinus,11,1,0.556625695955515
Lepilemur mustelinus,12,1,0.185535398295105
Lepilemur mustelinus,14,1,0.463806772104681
Lepilemur mustelinus,17,1,0.27827526928854
Lepilemur mustelinus,18,1,0.463781360735595
Lepilemur mustelinus,28,1,0.64914825101471
Lepilemur mustelinus,32,1,103.775520140199
Lepilemur mustelinus,18048,1,56.8711675529887
Lepilemur mustelinus,67,390,21.0334598369182
Lepilemur mustelinus,18047,610,33.40750219029
Lepilemur mustelinus,18151,610,18.5776724998244
Lepilemur mustelinus,2445,603,0.365034251434088
Lepilemur mustelinus,18019,603,48.7387760582851
Lepilemur mustelinus,18138,603,29.1295754598171
Lepilemur mustelinus,18139,603,27.8442933033056
Lepilemur mustelinus,18190,616,20.7455502793244
Lepilemur mustelinus,8736,589,30.2949823155764
Lepilemur mustelinus,8852,589,1.79238486695898
Lepilemur mustelinus,6792,621,78.5054384879867
Lepilemur mustelinus,18195,623,24.5650064690377
Lepilemur mustelinus,7167,102,0.449603298739433
Lepilemur mustelinus,7168,102,0.359686745625973
Lepilemur mustelinus,7245,102,36.331879859746
Lepilemur mustelinus,18196,102,6.47518067736232
Lepilemur mustelinus,18198,102,0.449634089967847
Lepilemur mustelinus,7421,107,81.8050664248328
Lepilemur mustelinus,9003,122,13.8841261984153
Lepilemur mustelinus,9284,123,2.32767118465054
Lepilemur mustelinus,9523,123,88.5345907866701
Lepilemur mustelinus,9751,123,82.79071857814
Lepilemur mustelinus,10644,448,79.2574948096247
Lepilemur mustelinus,17981,597,41.2044518328117
Lepilemur mustelinus,17036,613,2.33597082442749
Lepilemur mustelinus,17510,613,57.1920356452289
Lepilemur mustelinus,17313,625,0.777178853789091
Lepilemur mustelinus,18131,625,0.604549703200817
Lepilemur mustelinus,18230,625,19.9515621485635
Lepilemur mustelinus,18226,626,27.2715936270507
Lepilemur mustelinus,18227,627,29.4123165165292
Lepilemur mustelinus,18228,628,29.3885406549345
Lepilemur mustelinus,18229,629,20.6592519148769
Lepilemur mustelinus,17159,217,113.090718948065
Lepilemur mustelinus,18223,217,0.347746593876839
Lepilemur mustelinus,18225,217,0.869046459451437
Lepilemur mustelinus,11338,543,224.299706164179
Lepilemur mustelinus,2436,46,177.990628122808
Lepilemur mustelinus,2493,46,0.364940765320778
Lepilemur mustelinus,11992,139,57.1323743617906
Lepilemur mustelinus,17989,139,20.6295753326204
Lepilemur mustelinus,18242,139,31.3985773238593
Lepilemur mustelinus,412,292,175.204558120961
Lepilemur mustelinus,1093,292,7.4522462010079
Lepilemur mustelinus,1101,292,0.183992209264755
Lepilemur mustelinus,1212,292,0.643524707942724
Lepilemur mustelinus,1238,292,0.459616383672059
Lepilemur mustelinus,1243,292,0.183841973942041
Lepilemur mustelinus,1248,292,0.643432019172192
Lepilemur mustelinus,1251,292,0.275752651619673
Lepilemur mustelinus,1258,292,0.367655302864194
Lepilemur mustelinus,1263,292,1.56243208603442
Lepilemur mustelinus,1264,292,0.275729722221732
Lepilemur mustelinus,1273,292,0.275717098941624
Lepilemur mustelinus,1278,292,0.275709061498523
Lepilemur mustelinus,1280,292,0.459508593737543
Lepilemur mustelinus,1281,292,0.45949710468936
Lepilemur mustelinus,1282,292,1.1946710927344
Lepilemur mustelinus,1290,292,0.183794934333146
Lepilemur mustelinus,1293,292,53.7688087064452
Lepilemur mustelinus,1294,292,3.21620605602419
Lepilemur mustelinus,1295,292,0.551364106284499
Lepilemur mustelinus,1301,292,1.10266377710551
Lepilemur mustelinus,1302,292,0.183781132994473
Lepilemur mustelinus,1303,292,0.367564567481756
Lepilemur mustelinus,1307,292,0.183777680330753
Lepilemur mustelinus,1309,292,0.551319225258708
Lepilemur mustelinus,1311,292,0.183773075227499
Lepilemur mustelinus,1315,292,1.10259928914046
Lepilemur mustelinus,1316,292,2.02137478975803
Lepilemur mustelinus,1317,292,0.826945434479237
Lepilemur mustelinus,1319,292,0.643170052255213
Lepilemur mustelinus,1321,292,0.183763859938979
Lepilemur mustelinus,1323,292,0.183761555059075
Lepilemur mustelinus,1324,292,1.65382056523675
Lepilemur mustelinus,1340,292,0.18374310077405
Lepilemur mustelinus,1366,292,1.65325307838088
Lepilemur mustelinus,1375,292,0.367363554798603
Lepilemur mustelinus,1394,292,58.6780858784187
Lepilemur mustelinus,1434,292,405.318103553612
Lepilemur mustelinus,1456,292,0.275443051051259
Lepilemur mustelinus,2577,292,24.9873789455271
Lepilemur mustelinus,2653,292,0.638247560154796
Lepilemur mustelinus,2803,292,27.9623496702811
Lepilemur mustelinus,2804,292,0.273246820754766
Lepilemur mustelinus,2812,292,0.273218414016366
Lepilemur mustelinus,3268,292,10590.7248283289
Lepilemur mustelinus,18233,292,587.522437766301
Lepilemur mustelinus,18260,292,54.2551765402825
Lepilemur mustelinus,18273,292,257.987775640312
Lepilemur mustelinus,18274,633,28.3052438323222
Lepilemur mustelinus,7725,634,176.465112044449
Lepilemur mustelinus,533,568,179.54495541553
Lepilemur mustelinus,10592,636,0.178590377736568
Lepilemur mustelinus,10614,636,5.17860213789487
Lepilemur mustelinus,10622,636,3.83926049733389
Lepilemur mustelinus,11184,636,127.840606665036
Lepilemur mustelinus,15754,636,4539.940310054
Lepilemur mustelinus,16464,636,1320.72290065696
Lepilemur mustelinus,18170,636,72.7284184850583
Lepilemur mustelinus,18191,636,234.81411045919
Lepilemur mustelinus,18248,636,1633.8566839868
Lepilemur mustelinus,18276,636,1245.12263367133
Lepilemur mustelinus,3927,546,0.181274117312193
Lepilemur mustelinus,18282,546,308.475605014956
Lepilemur mustelinus,18283,546,20.6443376237523
Lepilemur mustelinus,5640,639,0.812480411258936
Lepilemur mustelinus,18098,639,38.3946948622806
Lepilemur mustelinus,18106,639,1.35457540027201
Lepilemur mustelinus,18285,639,38.4612961439313
Lepilemur mustelinus,18286,639,0.180557963597178
Lepilemur mustelinus,6427,640,157.894693008039
Lepilemur mustelinus,12237,641,465.807169794926
Lepilemur mustelinus,18288,641,110.070037848945
Lepilemur mustelinus,18270,642,45.4757890931116
Lepilemur mustelinus,18279,643,16.4163595908247
Lepilemur mustelinus,18280,643,14.8692397176668
Lepilemur mustelinus,18281,644,26.0164300679771
Lepilemur mustelinus,18284,645,185.208699387767
Lepilemur mustelinus,18287,646,23.6377044755612
Lepilemur mustelinus,18318,647,14.2635312602702
Lepilemur mustelinus,18234,630,132.962781072095
Lepilemur mustelinus,18289,648,18.5469218373579
Lepilemur mustelinus,6901,632,0.179958904524803
Lepilemur mustelinus,6960,632,2.87876883525968
Lepilemur mustelinus,6966,632,0.899620833965421
Lepilemur mustelinus,7000,632,0.269868277515173
Lepilemur mustelinus,18275,632,56.9706430520978
Lepilemur mustelinus,18319,632,33.0953660842072
Lepilemur mustelinus,18244,638,122.701643372855
Lepilemur mustelinus,18292,638,29.7723925005817
Lepilemur mustelinus,18305,638,15.2341434265082
Lepilemur mustelinus,18314,638,26.8481144580816
Lepilemur mustelinus,18300,649,0.360754872067451
Lepilemur mustelinus,18301,649,67.5307001400677
Lepilemur mustelinus,18310,649,0.180284389288425
Lepilemur mustelinus,18304,650,47.3336670441899
Lepilemur mustelinus,18307,651,65.1599201313749
Lepilemur mustelinus,18313,652,11.8039994628603
Lepilemur mustelinus,18317,653,19.9889174229442
Leptopterus chabert,6862,109,21.2443070814972
Leptopterus chabert,4814,115,16.3740665150672
Leptopterus chabert,5016,115,2.19464777098459
Leptopterus chabert,5051,115,12.894550309714
Leptopterus chabert,2627,53,0.275667671454787
Leptopterus chabert,2643,53,1.92954817861235
Leptopterus chabert,2746,53,0.275591552190423
Leptopterus chabert,2765,53,0.367434207116008
Leptopterus chabert,2784,53,33.8991079803611
Leptopterus chabert,24372,53,0.367500048400104
Leptopterus chabert,418,85,0.370271373195231
Leptopterus chabert,419,85,0.462834125284791
Leptopterus chabert,423,85,43.0377824654073
Leptopterus chabert,440,85,1.48074673073471
Leptopterus chabert,443,85,1.66577102635694
Leptopterus chabert,450,85,0.277623898765862
Leptopterus chabert,457,85,0.277610584835947
Leptopterus chabert,491,85,1.38815019469857
Leptopterus chabert,212,119,0.463597745714188
Leptopterus chabert,264,119,43.2038186617044
Leptopterus chabert,135,29,0.55664420881176
Leptopterus chabert,139,29,0.371099061261296
Leptopterus chabert,142,29,0.556625695955813
Leptopterus chabert,155,29,0.463806772104442
Leptopterus chabert,162,29,0.27827526928854
Leptopterus chabert,164,29,0.463781360735595
Leptopterus chabert,178,29,0.278243954662919
Leptopterus chabert,192,29,0.27820176096195
Leptopterus chabert,195,29,0.64914825101471
Leptopterus chabert,202,29,130.021860527528
Leptopterus chabert,206,29,6.4908973798604
Leptopterus chabert,211,29,8.4370977335708
Leptopterus chabert,24428,29,56.8711675529887
Leptopterus chabert,369,120,43.4528749465152
Leptopterus chabert,13306,128,130.568218715013
Leptopterus chabert,24683,129,78.5054384879867
Leptopterus chabert,10166,45,38.2051651932399
Leptopterus chabert,10230,45,3.07696966736627
Leptopterus chabert,10237,45,0.723997986286044
Leptopterus chabert,10277,45,0.361958205401897
Leptopterus chabert,24587,45,0.452763459861636
Leptopterus chabert,22887,126,2.33597082442749
Leptopterus chabert,24673,126,57.1920356452289
Leptopterus chabert,23222,132,0.777178853789091
Leptopterus chabert,24549,132,0.604549703200817
Leptopterus chabert,24738,132,27.2715936270507
Leptopterus chabert,24739,132,29.4123165165292
Leptopterus chabert,24740,132,29.3885406549345
Leptopterus chabert,24741,132,20.6592519148769
Leptopterus chabert,24742,132,19.9515621485635
Leptopterus chabert,24067,133,44.4928427752445
Leptopterus chabert,13069,127,0.449603298739433
Leptopterus chabert,13070,127,0.359686745625973
Leptopterus chabert,13132,127,36.331879859746
Leptopterus chabert,24679,127,6.47518067736232
Leptopterus chabert,24681,127,0.449634089967847
Leptopterus chabert,18729,134,35.9142155788532
Leptopterus chabert,24713,134,15.4450147414067
Leptopterus chabert,24771,134,9.49462234218203
Leptopterus chabert,24772,134,23.5087072345356
Leptopterus chabert,20695,63,398.591937893312
Leptopterus chabert,24161,63,13.0307413413469
Leptopterus chabert,24165,63,6.06907414019537
Leptopterus chabert,24249,63,9.25706128804803
Leptopterus chabert,24252,63,4.31856011909986
Leptopterus chabert,24254,63,2.02272765648687
Leptopterus chabert,24773,63,17.5870851484947
Leptopterus chabert,24776,63,2.03225787389851
Leptopterus chabert,24806,63,1.94182639975023
Leptopterus chabert,5310,69,0.639730784998775
Leptopterus chabert,5370,69,1.46201426250422
Leptopterus chabert,5418,69,2.64969806134474
Leptopterus chabert,5448,69,0.274089461484194
Leptopterus chabert,5493,69,7.03479595916414
Leptopterus chabert,5503,69,4.567756926453
Leptopterus chabert,5562,69,9.04258868397665
Leptopterus chabert,6010,69,2.28180747323132
Leptopterus chabert,6101,69,0.365034251434088
Leptopterus chabert,6170,69,173.722750508177
Leptopterus chabert,6210,69,0.547426328327894
Leptopterus chabert,6219,69,0.364942030489683
Leptopterus chabert,6229,69,0.456175956650972
Leptopterus chabert,24295,69,344.888368376024
Leptopterus chabert,24394,69,14.9865047176591
Leptopterus chabert,24574,69,0.456749789226413
Leptopterus chabert,24575,69,81.3668221959746
Leptopterus chabert,14880,92,55.5362709867372
Leptopterus chabert,14911,92,2.32886922907722
Leptopterus chabert,15003,92,3.3134309653126
Leptopterus chabert,15139,92,2.32767118465054
Leptopterus chabert,15260,92,69.5634544487439
Leptopterus chabert,16260,92,442.332983510605
Leptopterus chabert,24093,92,35.8509582239029
Leptopterus chabert,24703,92,1.79238486696017
Leptopterus chabert,24704,92,0.447673652347684
Leptopterus chabert,24729,92,17.1081231937802
Leptopterus chabert,24811,92,27.5139015001006
Leptopterus chabert,22596,95,3.38022994819081
Leptopterus chabert,22629,95,12.0483039035151
Leptopterus chabert,23127,95,462.354759214358
Leptopterus chabert,24000,95,17.8876522784661
Leptopterus chabert,24066,95,45.1360753508905
Leptopterus chabert,24181,95,138.804967227073
Leptopterus chabert,24735,95,0.347746593876839
Leptopterus chabert,20900,96,16.1215402504437
Leptopterus chabert,21479,96,46.5723968884147
Leptopterus chabert,24166,96,58.4639144571832
Leptopterus chabert,24218,96,36.3826787541578
Leptopterus chabert,24255,96,31.4692072683324
Leptopterus chabert,24349,96,23.0620316261801
Leptopterus chabert,4766,112,36.3372512144693
Leptopterus chabert,24445,112,5.86001237088037
Leptopterus chabert,24456,112,30.5684495112349
Leptopterus chabert,1135,124,175.204558120961
Leptopterus chabert,1583,124,38.9884159684163
Leptopterus chabert,2404,124,0.643524707942724
Leptopterus chabert,2460,124,0.459616383672059
Leptopterus chabert,2485,124,0.643432019172192
Leptopterus chabert,2493,124,0.275752651619673
Leptopterus chabert,2513,124,0.367655302864194
Leptopterus chabert,2534,124,1.56243208603442
Leptopterus chabert,2535,124,0.275729722221732
Leptopterus chabert,2559,124,0.275717098941624
Leptopterus chabert,2575,124,0.275709061498523
Leptopterus chabert,2579,124,0.459508593737543
Leptopterus chabert,2586,124,0.45949710468936
Leptopterus chabert,2587,124,1.1946710927344
Leptopterus chabert,2605,124,53.7688087064452
Leptopterus chabert,2609,124,3.21620605602419
Leptopterus chabert,2610,124,0.551364106284499
Leptopterus chabert,2617,124,1.10266377710527
Leptopterus chabert,2626,124,0.367564567481756
Leptopterus chabert,2636,124,0.551319225258708
Leptopterus chabert,2648,124,1.10259928914046
Leptopterus chabert,2654,124,2.02137478975803
Leptopterus chabert,2655,124,0.826945434479237
Leptopterus chabert,2663,124,0.643170052255213
Leptopterus chabert,2672,124,1.65382056523675
Leptopterus chabert,2694,124,0.826825480994821
Leptopterus chabert,2720,124,0.459349671094894
Leptopterus chabert,2744,124,0.367459639964223
Leptopterus chabert,2759,124,0.275586929093957
Leptopterus chabert,2763,124,1.46972063059181
Leptopterus chabert,2764,124,0.275577679304183
Leptopterus chabert,2853,124,0.367363554798603
Leptopterus chabert,2877,124,58.6780858784226
Leptopterus chabert,2959,124,432.708220309259
Leptopterus chabert,3001,124,0.275443051051259
Leptopterus chabert,8506,124,15252.0716421369
Leptopterus chabert,23990,124,179.54495541553
Leptopterus chabert,24749,124,77.4065442805075
Leptopterus chabert,24778,124,47.8541654373711
Leptopterus chabert,24790,124,54.2551765402825
Leptopterus chabert,24791,124,587.522437766301
Leptopterus chabert,24792,124,257.987775640312
Leptopterus chabert,17799,131,171.071344628696
Leptopterus chabert,24768,131,8.19087994073701
Leptopterus chabert,11401,58,0.812480411258936
Leptopterus chabert,12339,58,158.705818376245
Leptopterus chabert,12554,58,70.171205546759
Leptopterus chabert,17604,58,465.807169794926
Leptopterus chabert,24516,58,38.3946948622806
Leptopterus chabert,24524,58,1.35457540027201
Leptopterus chabert,24758,58,122.701643372855
Leptopterus chabert,24802,58,45.4757890931116
Leptopterus chabert,24828,58,38.8224120711257
Leptopterus chabert,24829,58,23.6377044755612
Leptopterus chabert,24830,58,110.070037848945
Leptopterus chabert,24834,58,29.7723925005817
Leptopterus chabert,24839,58,2.70596556277776
Leptopterus chabert,24842,58,0.360754872067451
Leptopterus chabert,24843,58,67.5307001400677
Leptopterus chabert,24846,58,47.3336670441899
Leptopterus chabert,24847,58,15.2341434265082
Leptopterus chabert,24848,58,3.15564838214624
Leptopterus chabert,24849,58,65.1599201313749
Leptopterus chabert,24850,58,3.15489428832662
Leptopterus chabert,24855,58,11.8039994628603
Leptopterus chabert,24856,58,26.8481144580816
Leptopterus chabert,24858,58,2.34215426115477
Leptopterus chabert,24859,58,19.9889174229442
Leptopterus chabert,24860,58,14.2635312602702
Leptopterus chabert,12847,136,2.87876883525968
Leptopterus chabert,12853,136,0.899620833965421
Leptopterus chabert,12889,136,0.269868277515173
Leptopterus chabert,13610,136,176.465112044449
Leptopterus chabert,16698,136,170.785426053188
Leptopterus chabert,16870,136,224.299706164179
Leptopterus chabert,18550,136,0.620648212959528
Leptopterus chabert,18565,136,0.265972006814122
Leptopterus chabert,18589,136,0.709200345668078
Leptopterus chabert,21535,136,4568.97960768796
Leptopterus chabert,23506,136,1320.72290065696
Leptopterus chabert,24664,136,20.7455502793244
Leptopterus chabert,24665,136,234.81411045919
Leptopterus chabert,24670,136,72.7284184850583
Leptopterus chabert,24762,136,1633.8566839868
Leptopterus chabert,24818,136,56.9706430520978
Leptopterus chabert,24819,136,1264.80094030401
Leptopterus chabert,24861,136,33.0953660842072
Leptopterus chabert,24822,137,16.4163595908247
Leptopterus chabert,24823,137,14.8692397176668
Leptopterus chabert,24824,137,26.0164300679771
Leptopterus chabert,24825,137,308.475605014956
Leptopterus chabert,24826,137,20.6443376237523
Leptopterus chabert,24827,138,185.208699387767
Leptopterus chabert,24750,135,132.962781072095
Leptopterus chabert,24832,135,0.453956211002231
Leptopterus chabert,24831,139,18.5469218373579
Lophotibis cristata,741,3,36.331879859746
Lophotibis cristata,777,3,128.231868473985
Lophotibis cristata,869,3,27.5139015001006
Lophotibis cristata,875,3,41.0293049223326
Lophotibis cristata,879,3,42.1715901547037
Lophotibis cristata,910,3,244.013808503537
Lophotibis cristata,1582,3,6.47518067736232
Lophotibis cristata,1586,3,78.5054384879867
Lophotibis cristata,1605,3,17.1081231937802
Lophotibis cristata,1644,3,21.8681192179429
Lophotibis cristata,301,4,16.3740665150672
Lophotibis cristata,313,4,19.2038282113973
Lophotibis cristata,321,4,22.2892814174211
Lophotibis cristata,322,4,5.85033975470352
Lophotibis cristata,323,4,24.6792146248902
Lophotibis cristata,328,4,5.0262264291631
Lophotibis cristata,333,4,8.49783825707888
Lophotibis cristata,343,4,10.9639024804161
Lophotibis cristata,393,4,489.716094826252
Lophotibis cristata,1310,4,37.6497033879563
Lophotibis cristata,1429,4,16.5402429724604
Lophotibis cristata,1525,4,180.203304764409
Lophotibis cristata,12,1,130.021860527528
Lophotibis cristata,13,1,6.4908973798604
Lophotibis cristata,14,1,8.4370977335708
Lophotibis cristata,18,1,43.2038186617044
Lophotibis cristata,20,1,43.2675847418705
Lophotibis cristata,35,1,43.0377824654073
Lophotibis cristata,70,1,175.204558120961
Lophotibis cristata,96,1,38.9884159684163
Lophotibis cristata,145,1,53.7688087064452
Lophotibis cristata,161,1,58.6780858784226
Lophotibis cristata,167,1,432.708220309259
Lophotibis cristata,520,1,15251.979542863
Lophotibis cristata,720,1,158.705818376245
Lophotibis cristata,739,1,70.171205546759
Lophotibis cristata,790,1,176.465112044449
Lophotibis cristata,1015,1,170.785426053188
Lophotibis cristata,1022,1,224.299706164179
Lophotibis cristata,1075,1,465.807169794926
Lophotibis cristata,1259,1,4568.53645333932
Lophotibis cristata,1302,1,1320.72290065696
Lophotibis cristata,1307,1,179.54495541553
Lophotibis cristata,1318,1,44.4928427752445
Lophotibis cristata,1436,1,56.8711675529887
Lophotibis cristata,1524,1,38.3946948622806
Lophotibis cristata,1572,1,20.7455502793244
Lophotibis cristata,1573,1,234.81411045919
Lophotibis cristata,1578,1,72.7284184850583
Lophotibis cristata,1581,1,57.1920356452289
Lophotibis cristata,1607,1,27.2715936270507
Lophotibis cristata,1608,1,29.4123165165292
Lophotibis cristata,1609,1,29.3885406549345
Lophotibis cristata,1610,1,20.6592519148769
Lophotibis cristata,1611,1,19.9515621485635
Lophotibis cristata,1614,1,77.4065442805075
Lophotibis cristata,1615,1,132.962781072095
Lophotibis cristata,1624,1,122.701643372855
Lophotibis cristata,1628,1,1633.8566839868
Lophotibis cristata,1629,1,47.8541654373711
Lophotibis cristata,1641,1,54.2551765402825
Lophotibis cristata,1642,1,587.522437766301
Lophotibis cristata,1643,1,257.987775640312
Lophotibis cristata,1656,1,45.4757890931116
Lophotibis cristata,1663,1,56.9706430520978
Lophotibis cristata,1664,1,1264.80094030401
Lophotibis cristata,1667,1,16.4163595908247
Lophotibis cristata,1668,1,14.8692397176668
Lophotibis cristata,1669,1,26.0164300679771
Lophotibis cristata,1670,1,308.475605014956
Lophotibis cristata,1671,1,20.6443376237523
Lophotibis cristata,1672,1,185.208699387767
Lophotibis cristata,1673,1,38.4612961439313
Lophotibis cristata,1675,1,23.6377044755612
Lophotibis cristata,1676,1,110.070037848945
Lophotibis cristata,1677,1,18.5469218373579
Lophotibis cristata,1680,1,29.7723925005817
Lophotibis cristata,1689,1,67.5307001400677
Lophotibis cristata,1692,1,47.3336670441899
Lophotibis cristata,1693,1,15.2341434265082
Lophotibis cristata,1695,1,65.1599201313749
Lophotibis cristata,1701,1,11.8039994628603
Lophotibis cristata,1702,1,26.8481144580816
Lophotibis cristata,1705,1,19.9889174229442
Lophotibis cristata,1706,1,14.2635312602702
Lophotibis cristata,1707,1,33.0953660842072
Margaroperdix madagarensis,10371,7,68.4073900828574
Margaroperdix madagarensis,755,17,1.92954817861235
Margaroperdix madagarensis,828,17,33.8991079803611
Margaroperdix madagarensis,41,1,0.55664420881176
Margaroperdix madagarensis,45,1,0.556625695955813
Margaroperdix madagarensis,69,1,26.7219759851387
Margaroperdix madagarensis,91,1,43.2038186617044
Margaroperdix madagarensis,97,1,21.1261124531245
Margaroperdix madagarensis,12853,1,9.36908318528281
Margaroperdix madagarensis,12856,1,20.2118844377252
Margaroperdix madagarensis,11865,25,2.33597082442749
Margaroperdix madagarensis,11909,25,0.777178853789091
Margaroperdix madagarensis,11958,25,57.1920356452289
Margaroperdix madagarensis,12652,25,44.4928427752445
Margaroperdix madagarensis,12990,25,0.604549703200817
Margaroperdix madagarensis,13199,25,27.2715936270507
Margaroperdix madagarensis,13200,25,29.4123165165292
Margaroperdix madagarensis,13201,25,29.3885406549345
Margaroperdix madagarensis,13202,25,20.6592519148769
Margaroperdix madagarensis,13203,25,19.9515621485635
Margaroperdix madagarensis,4125,22,38.2051651932399
Margaroperdix madagarensis,4146,22,3.07696966736627
Margaroperdix madagarensis,4152,22,0.723997986286044
Margaroperdix madagarensis,5660,23,26.9789444841768
Margaroperdix madagarensis,6360,23,130.568218715013
Margaroperdix madagarensis,13156,28,78.5054384879867
Margaroperdix madagarensis,1679,20,16.3740665150672
Margaroperdix madagarensis,1761,20,19.2038282113973
Margaroperdix madagarensis,1802,20,1.91988596975875
Margaroperdix madagarensis,1803,20,4.2053427026192
Margaroperdix madagarensis,1833,20,2.19383277368402
Margaroperdix madagarensis,1872,20,1.18809712456632
Margaroperdix madagarensis,1873,20,9.23022386336541
Margaroperdix madagarensis,1883,20,5.0262264291631
Margaroperdix madagarensis,1917,20,8.86332816260099
Margaroperdix madagarensis,2233,20,2.0072273404777
Margaroperdix madagarensis,2627,20,696.021460376502
Margaroperdix madagarensis,12190,20,22.3806283842244
Margaroperdix madagarensis,12191,20,4.567756926453
Margaroperdix madagarensis,12886,20,14.9865047176591
Margaroperdix madagarensis,13015,20,11.5120029750904
Margaroperdix madagarensis,1662,21,36.3372512144693
Margaroperdix madagarensis,12905,21,5.86001237088037
Margaroperdix madagarensis,12916,21,30.5684495112349
Margaroperdix madagarensis,9293,24,35.9142155788532
Margaroperdix madagarensis,12306,24,171.071344628696
Margaroperdix madagarensis,13184,24,15.4450147414067
Margaroperdix madagarensis,13221,24,9.49462234218203
Margaroperdix madagarensis,13222,24,23.5087072345356
Margaroperdix madagarensis,13229,24,8.19087994073701
Margaroperdix madagarensis,6591,26,57.9536162531174
Margaroperdix madagarensis,6595,26,2.32886922907841
Margaroperdix madagarensis,6650,26,3.3134309653126
Margaroperdix madagarensis,6722,26,2.32767118465054
Margaroperdix madagarensis,6857,26,2.50550766269672
Margaroperdix madagarensis,6965,26,3.75660892574322
Margaroperdix madagarensis,6998,26,1.78860352420616
Margaroperdix madagarensis,7021,26,0.715343761410594
Margaroperdix madagarensis,7125,26,89.7882265229853
Margaroperdix madagarensis,7350,26,0.714404974959851
Margaroperdix madagarensis,7445,26,1.87495118889725
Margaroperdix madagarensis,7477,26,466.568559868034
Margaroperdix madagarensis,12267,26,2.05895008530629
Margaroperdix madagarensis,12689,26,35.8509582239029
Margaroperdix madagarensis,12847,26,3.75955498127008
Margaroperdix madagarensis,13176,26,1.79238486696017
Margaroperdix madagarensis,13183,26,7.14406051427484
Margaroperdix madagarensis,13205,26,17.1081231937802
Margaroperdix madagarensis,13262,26,27.5139015001006
Margaroperdix madagarensis,10377,27,309.722719741664
Margaroperdix madagarensis,12710,27,43.5541700668897
Margaroperdix madagarensis,12729,27,7.59299903613198
Margaroperdix madagarensis,12730,27,64.5275165318067
Margaroperdix madagarensis,12785,27,17.5870851484947
Margaroperdix madagarensis,13233,27,1.06030598360229
Margaroperdix madagarensis,13251,27,1.94182639975023
Margaroperdix madagarensis,310,18,175.204558120961
Margaroperdix madagarensis,315,18,51.0517464612443
Margaroperdix madagarensis,338,18,607.228825535023
Margaroperdix madagarensis,339,18,15.8715926119485
Margaroperdix madagarensis,342,18,59.6051305914144
Margaroperdix madagarensis,350,18,12.3628073802312
Margaroperdix madagarensis,353,18,163.466028908448
Margaroperdix madagarensis,372,18,110.023389156912
Margaroperdix madagarensis,388,18,38.9884159684202
Margaroperdix madagarensis,396,18,0.737276350654483
Margaroperdix madagarensis,696,18,0.643432019172192
Margaroperdix madagarensis,713,18,1.56243208603442
Margaroperdix madagarensis,735,18,1.1946710927344
Margaroperdix madagarensis,742,18,3.21620605602294
Margaroperdix madagarensis,743,18,0.551364106284499
Margaroperdix madagarensis,746,18,1.10266377710527
Margaroperdix madagarensis,754,18,0.551319225258708
Margaroperdix madagarensis,759,18,1.10259928914046
Margaroperdix madagarensis,762,18,2.02137478975803
Margaroperdix madagarensis,763,18,0.826945434479237
Margaroperdix madagarensis,765,18,0.643170052255213
Margaroperdix madagarensis,769,18,1.65382056523675
Margaroperdix madagarensis,779,18,0.826825480994821
Margaroperdix madagarensis,816,18,1.46972063059181
Margaroperdix madagarensis,879,18,58.6780858784226
Margaroperdix madagarensis,921,18,432.800073364722
Margaroperdix madagarensis,1137,18,3.30296723872137
Margaroperdix madagarensis,1210,18,2.65988935294008
Margaroperdix madagarensis,2958,18,6.63932227155221
Margaroperdix madagarensis,3305,18,12348.1649523348
Margaroperdix madagarensis,4534,18,14.2635312602702
Margaroperdix madagarensis,4785,18,45.4757890931116
Margaroperdix madagarensis,5219,18,158.705818376245
Margaroperdix madagarensis,5353,18,70.1712055467508
Margaroperdix madagarensis,5500,18,0.899620833965421
Margaroperdix madagarensis,5856,18,176.465112044449
Margaroperdix madagarensis,7382,18,16.5183256766745
Margaroperdix madagarensis,7428,18,3.03536821130764
Margaroperdix madagarensis,7454,18,1.96377893533659
Margaroperdix madagarensis,7475,18,11.6935781685414
Margaroperdix madagarensis,7507,18,4.46235097046137
Margaroperdix madagarensis,7696,18,12.7478930967271
Margaroperdix madagarensis,7751,18,120.024991363835
Margaroperdix madagarensis,7828,18,2.67311575396276
Margaroperdix madagarensis,7829,18,26.9061903742777
Margaroperdix madagarensis,7830,18,4.54409223083007
Margaroperdix madagarensis,7834,18,2.13844304757369
Margaroperdix madagarensis,8238,18,465.807169794926
Margaroperdix madagarensis,8274,18,81.8922950839507
Margaroperdix madagarensis,8785,18,220.566545943254
Margaroperdix madagarensis,8828,18,2.83713664782274
Margaroperdix madagarensis,8884,18,26.6753100796467
Margaroperdix madagarensis,8933,18,70.0644261897868
Margaroperdix madagarensis,9131,18,25.6650481773978
Margaroperdix madagarensis,9259,18,73.4749396959674
Margaroperdix madagarensis,10389,18,2233.93850101757
Margaroperdix madagarensis,10471,18,3.15760504969609
Margaroperdix madagarensis,10504,18,58.2049216262252
Margaroperdix madagarensis,10682,18,0.876075560681462
Margaroperdix madagarensis,10703,18,0.700833316723585
Margaroperdix madagarensis,10723,18,40.9920150841961
Margaroperdix madagarensis,10754,18,5.51709965046513
Margaroperdix madagarensis,10765,18,15.0601537007796
Margaroperdix madagarensis,10768,18,9.10585069831289
Margaroperdix madagarensis,10805,18,26.1744953179952
Margaroperdix madagarensis,10873,18,5.07557121115613
Margaroperdix madagarensis,10957,18,18.3647943950766
Margaroperdix madagarensis,11042,18,32.6091491686241
Margaroperdix madagarensis,11070,18,48.3461235771763
Margaroperdix madagarensis,11493,18,1245.53795021234
Margaroperdix madagarensis,11538,18,8.43718636894178
Margaroperdix madagarensis,11552,18,6.26132417113221
Margaroperdix madagarensis,11570,18,5.30358653567576
Margaroperdix madagarensis,11603,18,6.60311605216253
Margaroperdix madagarensis,11621,18,16.0684737306561
Margaroperdix madagarensis,12128,18,2.87876883525717
Margaroperdix madagarensis,12241,18,4.94941971173108
Margaroperdix madagarensis,12393,18,112.28731629426
Margaroperdix madagarensis,12409,18,53.7688087064452
Margaroperdix madagarensis,12410,18,0.643524707942724
Margaroperdix madagarensis,12413,18,16.4635599028283
Margaroperdix madagarensis,12431,18,18.1098317564155
Margaroperdix madagarensis,12432,18,66.8868642792623
Margaroperdix madagarensis,12661,18,66.489778000425
Margaroperdix madagarensis,13024,18,2.20879511307001
Margaroperdix madagarensis,13025,18,1.10433682509226
Margaroperdix madagarensis,13050,18,1069.12712976702
Margaroperdix madagarensis,13058,18,4.69837395759118
Margaroperdix madagarensis,13098,18,49.011008598217
Margaroperdix madagarensis,13108,18,553.556197817051
Margaroperdix madagarensis,13111,18,28.5759586110733
Margaroperdix madagarensis,13112,18,132.962781072095
Margaroperdix madagarensis,13127,18,20.7455502793244
Margaroperdix madagarensis,13146,18,230.446318713559
Margaroperdix madagarensis,13152,18,70.8279243002588
Margaroperdix madagarensis,13212,18,4.00730932158411
Margaroperdix madagarensis,13213,18,122.701643372855
Margaroperdix madagarensis,13217,18,787.663615595498
Margaroperdix madagarensis,13236,18,28.3052438323222
Margaroperdix madagarensis,13238,18,54.2551765402825
Margaroperdix madagarensis,13250,18,26.6050361725924
Margaroperdix madagarensis,13253,18,15.0956876044398
Margaroperdix madagarensis,13260,18,2.09148697000587
Margaroperdix madagarensis,13266,18,663.586778976377
Margaroperdix madagarensis,13268,18,258.078829041498
Margaroperdix madagarensis,13269,18,56.9706430520978
Margaroperdix madagarensis,13272,18,16.4163595908247
Margaroperdix madagarensis,13273,18,14.8692397176668
Margaroperdix madagarensis,13274,18,26.0164300679771
Margaroperdix madagarensis,13275,18,308.475605014956
Margaroperdix madagarensis,13276,18,20.6443376237523
Margaroperdix madagarensis,13277,18,185.208699387767
Margaroperdix madagarensis,13278,18,23.6377044755612
Margaroperdix madagarensis,13279,18,110.070037848945
Margaroperdix madagarensis,13280,18,18.5469218373579
Margaroperdix madagarensis,13283,18,29.7723925005817
Margaroperdix madagarensis,13288,18,2.70596556277776
Margaroperdix madagarensis,13292,18,67.6208545236654
Margaroperdix madagarensis,13295,18,47.3336670441899
Margaroperdix madagarensis,13296,18,15.2341434265082
Margaroperdix madagarensis,13297,18,3.15564838214624
Margaroperdix madagarensis,13298,18,65.1599201313749
Margaroperdix madagarensis,13299,18,3.15489428832662
Margaroperdix madagarensis,13303,18,11.8039994628603
Margaroperdix madagarensis,13304,18,26.8481144580816
Margaroperdix madagarensis,13306,18,2.34215426115477
Margaroperdix madagarensis,13307,18,19.9889174229442
Margaroperdix madagarensis,13308,18,33.0953660842072
Mentocrex kioloides,615,2,29.4123165165292
Mentocrex kioloides,643,2,27.2715936270507
Mentocrex kioloides,644,2,29.3885406549345
Mentocrex kioloides,645,2,20.6592519148769
Mentocrex kioloides,10,1,57.7213654392147
Mentocrex kioloides,16,1,29.9533284785289
Mentocrex kioloides,27,1,3.48845173661
Mentocrex kioloides,33,1,5.32260880427534
Mentocrex kioloides,41,1,2.84166779078096
Mentocrex kioloides,42,1,5.59148101063222
Mentocrex kioloides,44,1,1.64962747188139
Mentocrex kioloides,45,1,5.77274455880851
Mentocrex kioloides,62,1,7699.4034148789
Mentocrex kioloides,68,1,2.37459808751702
Mentocrex kioloides,69,1,882.47364196401
Mentocrex kioloides,73,1,17.3451783349451
Mentocrex kioloides,74,1,89.3043626509863
Mentocrex kioloides,76,1,3.46533733650792
Mentocrex kioloides,81,1,350.098210070373
Mentocrex kioloides,86,1,24.6650563823328
Mentocrex kioloides,89,1,235.647403729741
Mentocrex kioloides,646,1,26.0157919395684
Mentocrex kioloides,656,1,23.008761517931
Mentocrex kioloides,657,1,59.3564680753992
Mentocrex kioloides,658,1,141.441252678049
Mentocrex kioloides,659,1,29.9665759035923
Mentocrex kioloides,660,1,19.032073464206
Mentocrex kioloides,661,1,29.9512227598074
Mentocrex kioloides,662,1,29.8602134693177
Mentocrex kioloides,663,1,10.9220347345214
Mentocrex kioloides,664,1,28.3052438323222
Mentocrex kioloides,103,3,26.2545725008708
Mentocrex kioloides,110,3,11.5351376852355
Mentocrex kioloides,142,3,56.9706430520978
Mentocrex kioloides,153,3,2.69846636686766
Mentocrex kioloides,159,3,2.87876883525968
Mentocrex kioloides,163,3,4.58734981390798
Mentocrex kioloides,185,3,37.4651022300131
Mentocrex kioloides,186,3,465.536944052392
Mentocrex kioloides,193,3,33.404609637262
Mentocrex kioloides,194,3,176.465112044449
Mentocrex kioloides,205,3,8.61674749869728
Mentocrex kioloides,261,3,170.690736393258
Mentocrex kioloides,269,3,3.4040187478323
Mentocrex kioloides,291,3,22.2979204287458
Mentocrex kioloides,343,3,10.3650947225828
Mentocrex kioloides,370,3,36.6909016499116
Mentocrex kioloides,373,3,3.92612188796341
Mentocrex kioloides,379,3,103.727793827698
Mentocrex kioloides,392,3,12.7478930967271
Mentocrex kioloides,393,3,98.7189867376794
Mentocrex kioloides,421,3,883.429319412168
Mentocrex kioloides,494,3,4.31124233271003
Mentocrex kioloides,496,3,3201.26343043657
Mentocrex kioloides,502,3,45.412514955047
Mentocrex kioloides,549,3,2.88561901259518
Mentocrex kioloides,562,3,828.104359364697
Mentocrex kioloides,582,3,19.6101492149344
Mentocrex kioloides,609,3,1100.82550623901
Mentocrex kioloides,624,3,21.0244856692735
Mentocrex kioloides,625,3,75.1047678047994
Mentocrex kioloides,626,3,213.202800605912
Mentocrex kioloides,635,3,234.726847250796
Mentocrex kioloides,640,3,72.6415490388816
Mentocrex kioloides,642,3,30.0074979593105
Mentocrex kioloides,647,3,67.5307001400677
Mentocrex kioloides,654,3,26.3917366286495
Mentocrex kioloides,666,3,14.2635312602702
Mentocrex kioloides,669,3,272.606237981478
Mentocrex kioloides,670,3,15.09075207817
Mentocrex kioloides,671,3,2.58870931440878
Mentocrex kioloides,672,3,257.102692899643
Mentocrex kioloides,674,3,3.12196956157851
Mentocrex kioloides,675,3,5.62048870518661
Mentocrex kioloides,676,3,26.0164300679771
Mentocrex kioloides,677,3,236.359902040119
Mentocrex kioloides,678,3,2.35459958157885
Mentocrex kioloides,679,3,15.211670940587
Mentocrex kioloides,680,3,185.208699387767
Mentocrex kioloides,681,3,23.6377044755612
Mentocrex kioloides,682,3,110.070037848945
Mentocrex kioloides,683,3,2.70596556277776
Mentocrex kioloides,689,3,6.67190853853011
Mentocrex kioloides,690,3,9.82532891825223
Mentocrex kioloides,691,3,3.15489428832662
Mentocrex kioloides,697,3,11.8039994628603
Mentocrex kioloides,699,3,2.34215426115477
Mentocrex kioloides,700,3,19.9889174229442
Microcebus murinus,200,1774,0.18546587502265
Microcebus murinus,207,1774,6.4908973798604
Microcebus murinus,1259,1901,35.7168504140324
Microcebus murinus,1300,105,21.7783583285349
Microcebus murinus,1328,105,1.29187423454964
Microcebus murinus,1339,105,0.276826499670088
Microcebus murinus,1775,122,38.9884159684163
Microcebus murinus,1813,127,4.23939400596285
Microcebus murinus,1909,136,12.3467417666571
Microcebus murinus,1921,136,0.0921358429681063
Microcebus murinus,1932,139,3.22456991307449
Microcebus murinus,2510,168,15.1777130100187
Microcebus murinus,2800,190,5.60608257632893
Microcebus murinus,2866,192,1.1946710927344
Microcebus murinus,2887,192,3.21620605602419
Microcebus murinus,2908,196,0.367564567481756
Microcebus murinus,2910,197,15.4367907040714
Microcebus murinus,2911,197,0.643234540641606
Microcebus murinus,2912,198,13.5057262035739
Microcebus murinus,2928,196,0.183777680330753
Microcebus murinus,2940,199,0.183773075227499
Microcebus murinus,2947,199,1.10259928914046
Microcebus murinus,2964,199,0.183763859938979
Microcebus murinus,2974,199,0.183761555059075
Microcebus murinus,2975,199,1.65382056523675
Microcebus murinus,3013,196,18.468422871011
Microcebus murinus,3027,196,0.18374310077405
Microcebus murinus,3083,199,46.1994468548119
Microcebus murinus,3257,199,0.642796241695881
Microcebus murinus,3267,220,0.275480284675241
Microcebus murinus,3282,220,30.4785046525613
Microcebus murinus,3547,237,1.46844013959706
Microcebus murinus,3608,237,5.32260880427534
Microcebus murinus,3741,1896,21.8321808290181
Microcebus murinus,3965,273,3.02622751861173
Microcebus murinus,4087,278,7.88482025802827
Microcebus murinus,4849,311,25.8267574798982
Microcebus murinus,17671,1909,70.171205546759
Microcebus murinus,18308,921,12.4069277315991
Microcebus murinus,19470,985,13.0948502482874
Microcebus murinus,19869,998,3.31648883063078
Microcebus murinus,19950,998,0.268873417920232
Microcebus murinus,20153,1011,3.4040187478323
Microcebus murinus,21646,1092,3.03536821130764
Microcebus murinus,22578,1145,9.8836837253896
Microcebus murinus,22634,1145,28.1386312852467
Microcebus murinus,22752,1157,15.9373727249292
Microcebus murinus,22970,1165,6.67137291090632
Microcebus murinus,23194,1179,7.37843342656613
Microcebus murinus,23988,1221,15.7077941935726
Microcebus murinus,24143,1230,20.2261415002116
Microcebus murinus,24385,1243,0.265972006814122
Microcebus murinus,24461,1243,36.0721542543251
Microcebus murinus,24688,1264,22.7587232571038
Microcebus murinus,25128,1301,8.04853361831559
Microcebus murinus,25310,1309,16.0018589118548
Microcebus murinus,25689,1326,12.2808891269343
Microcebus murinus,25840,1334,10.3338196872387
Microcebus murinus,25850,1334,0.0883289769326448
Microcebus murinus,25865,1334,0.264975197407126
Microcebus murinus,25976,1343,9.18260382897031
Microcebus murinus,26339,1355,0.264660510413408
Microcebus murinus,26347,1355,11.0284926678838
Microcebus murinus,26551,1890,44.3565125940173
Microcebus murinus,26592,2007,21.6007779950642
Microcebus murinus,26843,1375,1.05747752482116
Microcebus murinus,26895,1375,29.7779726029776
Microcebus murinus,26907,1378,28.1912179772684
Microcebus murinus,27088,1378,43.3304279378944
Microcebus murinus,28602,1498,17.4231342306408
Microcebus murinus,29430,1536,1.4848936476295
Microcebus murinus,29467,1536,2.09601880158818
Microcebus murinus,29966,1562,10.3767457573529
Microcebus murinus,21569,2140,0.178590377736568
Microcebus murinus,21594,2140,13.3014223450974
Microcebus murinus,21916,2140,13.5555435172209
Microcebus murinus,22107,2140,142.66473522332
Microcebus murinus,22123,2140,0.445747132903218
Microcebus murinus,22138,2140,2.76331422410965
Microcebus murinus,21039,1046,0.268263126891017
Microcebus murinus,21040,1046,0.715356050514937
Microcebus murinus,21041,1046,7.15316099739838
Microcebus murinus,21136,1046,0.0894041362342835
Microcebus murinus,21162,2343,5.8999358685404
Microcebus murinus,465,41,0.370271373195231
Microcebus murinus,467,41,0.462834125284791
Microcebus murinus,472,41,43.0377824654073
Microcebus murinus,473,41,0.18513059458977
Microcebus murinus,487,41,1.48074673073471
Microcebus murinus,489,41,1.66577102635694
Microcebus murinus,492,41,0.277623898765862
Microcebus murinus,494,41,0.277610584835947
Microcebus murinus,3298,1902,23.2302133941711
Microcebus murinus,1808,2356,0.184330083481014
Microcebus murinus,1826,2356,0.46079386894691
Microcebus murinus,1827,2356,37.05020652045
Microcebus murinus,6260,2256,1.91988596975887
Microcebus murinus,6261,2256,4.2053427026192
Microcebus murinus,214,16,8.4370977335708
Microcebus murinus,221,16,0.185438309593201
Microcebus murinus,2649,176,0.643524707942724
Microcebus murinus,2742,176,15.3519037113669
Microcebus murinus,2743,176,0.183841973942041
Microcebus murinus,2751,176,0.643432019172192
Microcebus murinus,2784,176,0.367655302864194
Microcebus murinus,2805,176,1.56243208603442
Microcebus murinus,2806,176,0.275729722221732
Microcebus murinus,2833,176,0.275717098941624
Microcebus murinus,2845,176,0.275709061498523
Microcebus murinus,2855,176,0.459508593737543
Microcebus murinus,2864,176,0.643297785346329
Microcebus murinus,2865,176,0.45949710468936
Microcebus murinus,28115,1446,68.4073900828574
Microcebus murinus,25656,2251,13.1672804516124
Microcebus murinus,33133,2466,17.8876522784661
Microcebus murinus,33205,2491,44.4928427752445
Microcebus murinus,33291,2517,43.5541700668897
Microcebus murinus,29735,1438,46.5723968884147
Microcebus murinus,33367,2536,36.3826787541578
Microcebus murinus,28422,1494,16.1215402504437
Microcebus murinus,21218,2538,89.7882265229853
Microcebus murinus,33391,2539,9.25706128804803
Microcebus murinus,33394,2540,4.31856011909986
Microcebus murinus,33296,2518,13.0307413413469
Microcebus murinus,33300,2541,6.06907414019537
Microcebus murinus,9463,2270,0.0911691125099659
Microcebus murinus,9778,2270,21.2443070814972
Microcebus murinus,6354,2392,22.2892814174211
Microcebus murinus,6057,2562,19.2038282113973
Microcebus murinus,33487,2556,3.75955498127008
Microcebus murinus,220,17,0.463597745714188
Microcebus murinus,237,17,0.0927073077802658
Microcebus murinus,286,17,43.2038186617044
Microcebus murinus,2915,184,0.275667671454787
Microcebus murinus,2943,184,1.92954817861235
Microcebus murinus,3023,184,0.0918715503870249
Microcebus murinus,3028,184,0.0918703960417509
Microcebus murinus,3063,184,0.275591552190423
Microcebus murinus,3071,184,0.0918623096979857
Microcebus murinus,3072,184,0.0918623096979857
Microcebus murinus,3088,184,0.367434207116008
Microcebus murinus,3089,184,0.183716525221109
Microcebus murinus,3104,184,33.8991079803611
Microcebus murinus,33403,184,0.0918911418705583
Microcebus murinus,33404,184,0.0918911418705583
Microcebus murinus,33405,184,0.183782283741117
Microcebus murinus,33406,184,0.0918911418705583
Microcebus murinus,33507,184,0.367500048400104
Microcebus murinus,5713,2531,16.3740665150672
Microcebus murinus,309,24,0.0926675960290432
Microcebus murinus,321,24,0.0926606114119887
Microcebus murinus,330,24,0.0926476122773886
Microcebus murinus,337,24,0.0926436052986383
Microcebus murinus,402,24,43.4528749465152
Microcebus murinus,144,2291,0.463806772104442
Microcebus murinus,151,2291,0.27827526928854
Microcebus murinus,153,2291,0.463781360735595
Microcebus murinus,167,2291,0.278243954662919
Microcebus murinus,184,2291,0.185478644791543
Microcebus murinus,188,2291,0.27820176096195
Microcebus murinus,192,2291,0.64914825101471
Microcebus murinus,203,2291,130.021860527528
Microcebus murinus,32826,2291,0.185474717534363
Microcebus murinus,33552,2291,56.8711675529887
Microcebus murinus,5634,2566,36.3372512144693
Microcebus murinus,33580,2569,30.5684495112349
Microcebus murinus,31956,2433,0.777178853789091
Microcebus murinus,33629,2433,19.9515621485635
Microcebus murinus,33630,2433,0.604549703200817
Microcebus murinus,33397,2570,31.4692072683324
Microcebus murinus,33490,2570,23.0620316261801
Microcebus murinus,3165,216,46.8314312131696
Microcebus murinus,982,2281,11.5425439636662
Microcebus murinus,902,85,50.0624398767204
Microcebus murinus,1021,85,0.0923535899510384
Microcebus murinus,1030,85,9.78885034124469
Microcebus murinus,1031,85,0.184702931169271
Microcebus murinus,1155,94,27.8797654553578
Microcebus murinus,1171,94,0.0923130816246867
Microcebus murinus,1185,94,0.0923098705308437
Microcebus murinus,1230,98,53.4361815892465
Microcebus murinus,33702,98,16.7109386026342
Microcebus murinus,33703,2576,16.0095614432405
Microcebus murinus,2538,171,0.183935519072413
Microcebus murinus,2610,171,14.0676146650477
Microcebus murinus,33704,171,13.0582924815834
Microcebus murinus,27483,1406,21.1137042166156
Microcebus murinus,29427,1406,1313.87248270618
Microcebus murinus,14451,738,0.0905584602525234
Microcebus murinus,14530,738,0.0905447203236818
Microcebus murinus,14689,738,38.2051651932399
Microcebus murinus,14737,738,0.0905061372197867
Microcebus murinus,14756,738,3.07696966736627
Microcebus murinus,14762,738,0.723997986286044
Microcebus murinus,14805,738,0.361958205401897
Microcebus murinus,33676,738,0.452763459861636
Microcebus murinus,18118,903,0.0899370735929012
Microcebus murinus,18172,903,0.0899238860028982
Microcebus murinus,18179,903,0.449603298739433
Microcebus murinus,18180,903,0.359686745625973
Microcebus murinus,18197,903,0.0899194863940477
Microcebus murinus,18256,903,36.331879859746
Microcebus murinus,33771,903,6.47518067736232
Microcebus murinus,33772,903,0.0899312145228386
Microcebus murinus,33773,903,0.449634089967847
Microcebus murinus,31495,2116,2.33597082442749
Microcebus murinus,31499,2116,0.173038084078312
Microcebus murinus,32151,2116,57.1920356452289
Microcebus murinus,33818,2596,20.6592519148769
Microcebus murinus,18508,2597,130.568218715013
Microcebus murinus,33775,2599,78.5054384879867
Microcebus murinus,20334,2601,3.3134309653126
Microcebus murinus,33821,2601,17.1081231937802
Microcebus murinus,33200,2521,45.1360753508905
Microcebus murinus,33311,2528,47.9151920474066
Microcebus murinus,1991,142,1.19747486800301
Microcebus murinus,1996,142,59.2231361404085
Microcebus murinus,2025,142,83.9973458819341
Microcebus murinus,2042,142,0.184211880049229
Microcebus murinus,2135,142,86.1141252417099
Microcebus murinus,2428,2607,138.98603618893
Microcebus murinus,33830,2607,21.7270555164749
Microcebus murinus,2765,185,47.0601219852866
Microcebus murinus,2889,185,1.10272016136467
Microcebus murinus,2890,185,1.01083246940482
Microcebus murinus,2901,185,0.183784584811091
Microcebus murinus,18435,932,35.7521057852796
Microcebus murinus,2920,2122,165.119432923828
Microcebus murinus,33706,2122,148.969143468237
Microcebus murinus,12574,2329,95.8181822678679
Microcebus murinus,28756,2339,2.45062763333797
Microcebus murinus,29235,2339,93.0157541869904
Microcebus murinus,29624,2339,7.15726590577268
Microcebus murinus,29791,2339,166.572228202689
Microcebus murinus,22294,2382,224.299706164179
Microcebus murinus,2723,2410,0.459616383672059
Microcebus murinus,2757,2410,0.275752651619673
Microcebus murinus,2877,2410,0.183794934333146
Microcebus murinus,2885,2410,52.1141805899306
Microcebus murinus,2888,2410,0.551364106284499
Microcebus murinus,2935,2410,0.551319225258708
Microcebus murinus,2958,2410,0.643170052255213
Microcebus murinus,25214,2532,35.9142155788532
Microcebus murinus,33802,2615,15.4450147414067
Microcebus murinus,33848,2615,9.49462234218203
Microcebus murinus,33849,2616,23.5087072345356
Microcebus murinus,33325,2606,138.804967227073
Microcebus murinus,33829,2606,0.347746593876839
Microcebus murinus,1727,120,72.4725638687975
Microcebus murinus,23291,1142,171.071344628696
Microcebus murinus,33845,2617,8.19087994073701
Microcebus murinus,31008,1619,3.38022994819081
Microcebus murinus,1538,2092,278.125153501174
Microcebus murinus,1561,2092,0.368899581958056
Microcebus murinus,1604,2092,5.80984119605243
Microcebus murinus,6312,2176,0.0914152072402239
Microcebus murinus,6363,2176,5.85033975470352
Microcebus murinus,6378,2176,24.6792146248873
Microcebus murinus,6379,2176,0.0914115014762879
Microcebus murinus,6466,2176,2.83342021114933
Microcebus murinus,6482,2176,0.0914028473147154
Microcebus murinus,6483,2176,0.182805694629431
Microcebus murinus,6514,2176,1.00536820483017
Microcebus murinus,6526,2176,0.274192454328179
Microcebus murinus,6546,2176,0.0913954212394953
Microcebus murinus,6559,2176,0.0913941828228235
Microcebus murinus,33525,2176,16.5402429724604
Microcebus murinus,6453,2618,1.0054375043211
Microcebus murinus,6515,2618,2.37624750380063
Microcebus murinus,6571,2618,0.182784649551272
Microcebus murinus,6599,2618,0.0913904663075209
Microcebus murinus,6611,2618,0.0913892270473242
Microcebus murinus,6612,2618,0.182778454094648
Microcebus murinus,6634,2618,8.3165148231597
Microcebus murinus,6667,2618,8.86332816260099
Microcebus murinus,6917,2618,0.274089461484194
Microcebus murinus,6939,2618,0.0913631538983583
Microcebus murinus,7028,2618,10.9639024804163
Microcebus murinus,7029,2618,4.567756926453
Microcebus murinus,7142,2618,0.0913494594436884
Microcebus murinus,32842,2618,0.0913643975844383
Microcebus murinus,33661,2618,0.456749789226413
Microcebus murinus,2891,2325,0.183790335580766
Microcebus murinus,4474,2325,30.8790083227627
Microcebus murinus,5655,2325,4.66586542736775
Microcebus murinus,5692,2325,0.0914840331465006
Microcebus murinus,5693,2325,0.182968066293001
Microcebus murinus,5706,2325,9.14785747598332
Microcebus murinus,11860,2325,7650.33030646523
Microcebus murinus,33835,2325,82.0631309661074
Microcebus murinus,33837,2325,77.4065442805075
Microcebus murinus,33863,2325,85.1663414034227
Microcebus murinus,28107,2460,433.810619797173
Microcebus murinus,33850,2460,17.5870851484947
Microcebus murinus,33871,2460,1.94182639975023
Microcebus murinus,31071,2463,12.0483039035151
Microcebus murinus,31811,2463,462.354759214358
Microcebus murinus,33149,2487,37.6497033879563
Microcebus murinus,20200,2500,57.9536162531174
Microcebus murinus,33244,2500,35.8509582239029
Microcebus murinus,33793,2500,1.79238486696017
Microcebus murinus,33880,2500,27.5139015001006
Microcebus murinus,20463,2501,2.32767118465054
Microcebus murinus,21547,2501,0.714404974959851
Microcebus murinus,21599,2501,0.178579506715775
Microcebus murinus,21755,2501,466.568559868034
Microcebus murinus,33800,2501,7.14406051427484
Microcebus murinus,33301,2520,58.4639144571832
Microcebus murinus,2533,2550,121.556796472799
Microcebus murinus,33857,2550,22.8623178367917
Microcebus murinus,33856,2621,6.9153804289776
Microcebus murinus,8001,2563,0.0912806047910452
Microcebus murinus,8453,2563,0.0912427791885138
Microcebus murinus,8472,2563,693.921992462519
Microcebus murinus,8473,2563,0.0912402507441044
Microcebus murinus,8485,2563,2.0072273404777
Microcebus murinus,8509,2563,0.364942030489683
Microcebus murinus,33672,2563,0.456175956650376
Microcebus murinus,33441,2564,9.30640563301087
Microcebus murinus,33569,2568,5.86001237088037
Microcebus murinus,9771,2585,0.638009943682313
Microcebus murinus,9785,2585,0.0911435460877419
Microcebus murinus,33715,2585,359.585336150473
Microcebus murinus,33887,2585,25.9731546361337
Microcebus murinus,12666,642,2.99650991711044
Microcebus murinus,13635,704,9.24875101248025
Microcebus murinus,15609,2366,29.8980775409842
Microcebus murinus,33890,2366,29.889932519037
Microcebus murinus,33889,2622,24.7474065042322
Microcebus murinus,18128,2409,47.3336670441899
Microcebus murinus,33894,2623,25.9001785849923
Microcebus murinus,33895,2623,0.090232888949275
Microcebus murinus,33896,2623,0.0902314672112465
Microcebus murinus,33897,2623,0.0902300452649593
Microcebus murinus,33898,2623,0.0902286231096983
Microcebus murinus,33900,2624,14.3413504729973
Microcebus murinus,33901,2625,2.70526567535031
Microcebus murinus,33902,2625,15.2341434265082
Microcebus murinus,33903,2626,3.15564838214624
Microcebus murinus,33905,2627,3.15489428832662
Microcebus murinus,33907,2627,0.0901342996907234
Microcebus murinus,33908,2627,0.0901328635622263
Microcebus murinus,33909,2628,11.8039994628603
Microcebus murinus,33911,2628,0.0900983339461088
Microcebus murinus,33910,2629,26.8481144580816
Microcebus murinus,33913,2630,19.9889174229442
Microcebus murinus,17339,2415,158.705818376245
Microcebus murinus,33891,2415,0.090099775077343
Microcebus murinus,33892,2415,0.0900896827850342
Microcebus murinus,17495,2631,56.8361472672819
Microcebus murinus,17639,2631,0.180059280392408
Microcebus murinus,33869,2632,45.4757890931116
Microcebus murinus,33893,2633,23.6377044755612
Microcebus murinus,33914,2634,14.2635312602702
Microcebus rufus,402,76,6.17668561983395
Microcebus rufus,443,82,38.9884159684163
Microcebus rufus,962,144,3.21620605602419
Microcebus rufus,1435,207,12.0800389464626
Microcebus rufus,2120,255,7.63979273292554
Microcebus rufus,2123,255,14.2775380444441
Microcebus rufus,3577,408,70.171205546759
Microcebus rufus,8578,1312,23.1220312933333
Microcebus rufus,8595,1319,6.60311605216253
Microcebus rufus,5,1,72.6104762396658
Microcebus rufus,8823,1,56.8711675529887
Microcebus rufus,1077,154,58.6780858784226
Microcebus rufus,8855,1468,38.3946948622806
Microcebus rufus,207,36,175.204558120961
Microcebus rufus,913,126,0.183841973942041
Microcebus rufus,918,126,0.643432019172192
Microcebus rufus,942,126,0.275717098941624
Microcebus rufus,949,126,0.275709061498523
Microcebus rufus,953,126,0.459508593737543
Microcebus rufus,956,126,0.45949710468936
Microcebus rufus,966,126,1.10266377710527
Microcebus rufus,981,126,0.826945434479237
Microcebus rufus,1012,126,0.367459639964223
Microcebus rufus,1026,126,1.46972063059181
Microcebus rufus,1112,126,432.064651044255
Microcebus rufus,8614,1322,16.0684737306582
Microcebus rufus,7711,1484,0.0879156733250618
Microcebus rufus,8914,1484,20.7455502793244
Microcebus rufus,8743,1326,2.33597082442749
Microcebus rufus,8805,1326,57.1920356452289
Microcebus rufus,8888,1485,0.604549703200817
Microcebus rufus,8921,1485,19.9515621485635
Microcebus rufus,8917,1486,27.2715936270507
Microcebus rufus,8918,1487,29.4123165165292
Microcebus rufus,8919,1488,29.3885406549345
Microcebus rufus,8920,1489,20.6592519148769
Microcebus rufus,8924,1490,3.09337898071694
Microcebus rufus,8925,1490,26.0157919395684
Microcebus rufus,1484,215,48.0992270820966
Microcebus rufus,8550,1206,1320.72290065696
Microcebus rufus,8915,1206,234.81411045919
Microcebus rufus,5952,1432,224.299706164179
Microcebus rufus,270,15,179.54495541553
Microcebus rufus,902,18,0.459616383672059
Microcebus rufus,920,18,0.275752651619673
Microcebus rufus,960,18,0.183794934333146
Microcebus rufus,961,18,53.7688087064452
Microcebus rufus,963,18,0.551364106284499
Microcebus rufus,976,18,0.551319225258708
Microcebus rufus,984,18,0.643170052255213
Microcebus rufus,1519,18,0.0914152072403431
Microcebus rufus,2112,18,1.09175737492621
Microcebus rufus,2202,18,14271.4301518805
Microcebus rufus,8952,18,587.522437766301
Microcebus rufus,8940,1497,6.9153804289776
Microcebus rufus,8951,1501,54.2551765402825
Microcebus rufus,8953,1502,257.987775640312
Microcebus rufus,6926,1395,0.620648212959528
Microcebus rufus,6933,1395,0.265972006814122
Microcebus rufus,7667,1395,0.0880188471091986
Microcebus rufus,8270,1395,4471.20945557437
Microcebus rufus,3986,1430,176.465112044449
Microcebus rufus,5880,1508,170.785426053188
Microcebus rufus,8967,1508,1264.80094030401
Microcebus rufus,8938,1509,1596.0565492451
Microcebus rufus,3457,1450,158.705818376245
Microcebus rufus,8968,1450,0.090099775077343
Microcebus rufus,2990,1471,0.812480411258936
Microcebus rufus,8976,1471,38.4612961439313
Microcebus rufus,8977,1471,0.180557963597178
Microcebus rufus,6461,1510,465.807169794926
Microcebus rufus,8970,1511,16.4163595908247
Microcebus rufus,8971,1512,14.8692397176668
Microcebus rufus,8972,1513,26.0164300679771
Microcebus rufus,8973,1514,308.475605014956
Microcebus rufus,8974,1515,20.6443376237523
Microcebus rufus,8975,1516,185.208699387767
Microcebus rufus,8978,1517,23.6377044755612
Microcebus rufus,8979,1518,110.070037848945
Microcebus rufus,8926,1491,132.962781072095
Microcebus rufus,8980,1519,18.5469218373579
Microcebus rufus,3709,1494,2.87876883525968
Microcebus rufus,3713,1494,0.899620833965421
Microcebus rufus,3728,1494,0.269868277515173
Microcebus rufus,8965,1494,56.9706430520978
Microcebus rufus,9010,1494,33.0953660842072
Microcebus rufus,8934,1496,122.701643372855
Microcebus rufus,8982,1496,0.090232888949275
Microcebus rufus,8983,1496,29.7723925005817
Microcebus rufus,8984,1496,0.0902314672112465
Microcebus rufus,8985,1496,0.0902300452649593
Microcebus rufus,8986,1496,0.0902286231096983
Microcebus rufus,8996,1496,15.2341434265082
Microcebus rufus,8991,1520,0.360754872067451
Microcebus rufus,8992,1520,67.5307001400677
Microcebus rufus,8993,1520,0.0901872898641825
Microcebus rufus,8995,1521,47.3336670441899
Microcebus rufus,8997,1522,3.15564838214624
Microcebus rufus,8998,1523,65.1599201313749
Microcebus rufus,8999,1524,3.15489428832662
Microcebus rufus,9002,1524,0.0901342996907234
Microcebus rufus,9003,1524,0.0901328635622263
Microcebus rufus,9004,1525,11.8039994628603
Microcebus rufus,9006,1525,0.0900983339461088
Microcebus rufus,9005,1526,26.8481144580816
Microcebus rufus,9008,1527,19.9889174229442
Microcebus rufus,8962,1506,45.4757890931116
Microcebus rufus,9009,1528,14.2635312602702
Microgale brevicaudata,191,53,11.5425439636641
Microgale brevicaudata,244,66,10.335222133148
Microgale brevicaudata,256,68,83.2253581690404
Microgale brevicaudata,260,68,7.10251980220318
Microgale brevicaudata,298,75,38.9884159684163
Microgale brevicaudata,310,77,4.23939400596285
Microgale brevicaudata,400,94,7.91582309376431
Microgale brevicaudata,452,101,23.001548176319
Microgale brevicaudata,480,104,0.183841973942041
Microgale brevicaudata,482,104,0.643432019172192
Microgale brevicaudata,497,104,0.275717098941624
Microgale brevicaudata,501,104,0.275709061498523
Microgale brevicaudata,502,104,0.459508593737543
Microgale brevicaudata,504,104,0.45949710468936
Microgale brevicaudata,509,110,14.9760293356881
Microgale brevicaudata,572,123,3.12249965708375
Microgale brevicaudata,628,123,54.718215689034
Microgale brevicaudata,643,104,345.573581988552
Microgale brevicaudata,756,150,5.32260880427534
Microgale brevicaudata,778,159,22.2907864756399
Microgale brevicaudata,831,170,0.366857565845847
Microgale brevicaudata,835,170,50.7988278731791
Microgale brevicaudata,1512,273,2.46812535342741
Microgale brevicaudata,1520,273,16.0871950112846
Microgale brevicaudata,1531,273,0.0914028473147154
Microgale brevicaudata,1532,273,0.182805694629431
Microgale brevicaudata,1535,273,0.274201118186474
Microgale brevicaudata,1547,278,9.23022386336541
Microgale brevicaudata,1566,278,0.548279554689765
Microgale brevicaudata,2289,374,22.5943641322826
Microgale brevicaudata,3791,607,11.6120186177022
Microgale brevicaudata,4180,651,13.0948502482874
Microgale brevicaudata,4491,703,4.54423428205359
Microgale brevicaudata,4492,704,37.5078305771894
Microgale brevicaudata,4524,714,13.8900112845451
Microgale brevicaudata,4538,716,7.47719265585076
Microgale brevicaudata,4560,721,18.9394190178167
Microgale brevicaudata,4870,784,5.99526719184125
Microgale brevicaudata,4940,798,43.3304279378944
Microgale brevicaudata,5100,815,122.758108953007
Microgale brevicaudata,5140,826,4.11772579951465
Microgale brevicaudata,5174,827,5.51709965046513
Microgale brevicaudata,5267,852,6.28831631620741
Microgale brevicaudata,5281,855,15.7158278321928
Microgale brevicaudata,5312,860,4.18626192768765
Microgale brevicaudata,5333,867,13.3199779431528
Microgale brevicaudata,1494,935,1.91988596975875
Microgale brevicaudata,1495,935,4.2053427026192
Microgale brevicaudata,118,29,43.0377824654073
Microgale brevicaudata,122,29,1.48074673073471
Microgale brevicaudata,123,29,1.66577102635694
Microgale brevicaudata,124,29,0.277623898765862
Microgale brevicaudata,5529,959,44.4928427752445
Microgale brevicaudata,3180,518,90.6087475250168
Microgale brevicaudata,4454,671,89.7882265229853
Microgale brevicaudata,5008,787,6.06907414019537
Microgale brevicaudata,4909,788,4.31856011909986
Microgale brevicaudata,5630,966,3.75955498127008
Microgale brevicaudata,1442,266,19.2038282113973
Microgale brevicaudata,2064,343,0.0911691125099659
Microgale brevicaudata,2065,343,21.2443070814972
Microgale brevicaudata,1588,940,22.2892814174211
Microgale brevicaudata,5644,975,20.2118844377252
Microgale brevicaudata,52,12,0.0927073077802658
Microgale brevicaudata,68,12,43.2038186617044
Microgale brevicaudata,520,109,1.92954817861235
Microgale brevicaudata,525,109,0.0918715503870249
Microgale brevicaudata,526,109,0.0918703960417509
Microgale brevicaudata,539,109,0.275591552190423
Microgale brevicaudata,542,109,0.0918623096979857
Microgale brevicaudata,543,109,0.0918623096979857
Microgale brevicaudata,550,109,0.367434207116008
Microgale brevicaudata,551,109,0.183716525221109
Microgale brevicaudata,556,109,33.8991079803611
Microgale brevicaudata,5646,109,0.367500048400104
Microgale brevicaudata,1373,934,16.3740665150672
Microgale brevicaudata,43,3,60.0101104185277
Microgale brevicaudata,5663,3,56.8711675529887
Microgale brevicaudata,78,18,21.1261124531245
Microgale brevicaudata,81,18,0.0926675960290432
Microgale brevicaudata,85,18,0.0926606114119887
Microgale brevicaudata,1353,196,36.3372512144693
Microgale brevicaudata,5691,983,30.5684495112349
Microgale brevicaudata,602,124,58.6780858784226
Microgale brevicaudata,211,54,175.204558120961
Microgale brevicaudata,328,86,18.8856645390537
Microgale brevicaudata,426,89,49.0852903906564
Microgale brevicaudata,5747,89,15.385181741811
Microgale brevicaudata,1515,253,45.9835614750083
Microgale brevicaudata,5013,941,0.0879156733250618
Microgale brevicaudata,5795,941,20.7455502793244
Microgale brevicaudata,5074,990,826.821486346388
Microgale brevicaudata,4013,524,130.568218715013
Microgale brevicaudata,5802,994,78.5054384879867
Microgale brevicaudata,3263,532,0.0905584602525234
Microgale brevicaudata,3269,532,0.0905447203236818
Microgale brevicaudata,3274,532,38.2051651932399
Microgale brevicaudata,3279,532,0.0905061372197867
Microgale brevicaudata,3929,611,0.0899370735929012
Microgale brevicaudata,3946,611,0.449603298739433
Microgale brevicaudata,3947,611,0.359686745625973
Microgale brevicaudata,3964,611,36.331879859746
Microgale brevicaudata,3944,996,0.0899238860028982
Microgale brevicaudata,5798,996,6.47518067736232
Microgale brevicaudata,5800,996,0.449634089967847
Microgale brevicaudata,5825,999,17.1081231937802
Microgale brevicaudata,5487,972,29.4123165165292
Microgale brevicaudata,5721,1000,0.604549703200817
Microgale brevicaudata,5824,1000,19.9515621485635
Microgale brevicaudata,5822,1001,29.3885406549345
Microgale brevicaudata,5823,1002,20.6592519148769
Microgale brevicaudata,376,79,314.883019389867
Microgale brevicaudata,443,79,29.9084594166067
Microgale brevicaudata,460,79,641.149563571446
Microgale brevicaudata,5826,79,21.7270555164749
Microgale brevicaudata,476,103,0.459616383672059
Microgale brevicaudata,483,103,0.275752651619673
Microgale brevicaudata,507,103,0.183794934333146
Microgale brevicaudata,508,103,52.6655818657016
Microgale brevicaudata,510,103,0.551364106284499
Microgale brevicaudata,511,103,366.442181057099
Microgale brevicaudata,518,103,0.551319225258708
Microgale brevicaudata,521,103,0.643170052255213
Microgale brevicaudata,5327,864,20.389532634593
Microgale brevicaudata,287,47,773.993583816117
Microgale brevicaudata,1556,277,5.0262264291631
Microgale brevicaudata,1587,277,8.86332816260099
Microgale brevicaudata,1610,277,0.274089461484194
Microgale brevicaudata,1614,277,0.0913631538983583
Microgale brevicaudata,1630,277,10.9639024804163
Microgale brevicaudata,1631,277,4.567756926453
Microgale brevicaudata,5490,277,0.0913643975844383
Microgale brevicaudata,5745,277,0.456749789226413
Microgale brevicaudata,5662,1003,14.9865047176591
Microgale brevicaudata,2195,321,375.398236153534
Microgale brevicaudata,4344,675,2.32767118465054
Microgale brevicaudata,4440,675,270.584678112892
Microgale brevicaudata,4295,965,57.9536162531174
Microgale brevicaudata,1793,980,0.0912806047910452
Microgale brevicaudata,1877,980,0.0912427791885138
Microgale brevicaudata,1880,980,693.921992462519
Microgale brevicaudata,1886,980,0.456175956650972
Microgale brevicaudata,5680,982,5.86001237088037
Microgale brevicaudata,5746,984,51.6356904376592
Microgale brevicaudata,5546,998,35.8509582239029
Microgale brevicaudata,5820,998,1.79238486696017
Microgale brevicaudata,5828,998,27.5139015001006
Microgale brevicaudata,3824,562,122.701643372855
Microgale brevicaudata,5829,562,0.090232888949275
Microgale brevicaudata,5830,562,29.7723925005817
Microgale brevicaudata,5831,562,0.0902314672112465
Microgale brevicaudata,5832,562,0.0902300452649593
Microgale brevicaudata,5833,562,0.0902286231096983
Microgale brevicaudata,5843,562,15.2341434265082
Microgale brevicaudata,5838,1004,0.360754872067451
Microgale brevicaudata,5839,1004,67.5307001400677
Microgale brevicaudata,5840,1004,0.0901872898641825
Microgale brevicaudata,5842,1005,47.3336670441899
Microgale brevicaudata,5850,1006,11.8039994628603
Microgale brevicaudata,5852,1006,0.0900983339461088
Microgale brevicaudata,5851,1007,26.8481144580816
Microgale brevicaudata,5854,1008,19.9889174229442
Microgale brevicaudata,3617,586,65.1599201313749
Microgale cowani,374,29,38.9884159684163
Microgale cowani,1106,55,1.1946710927344
Microgale cowani,1133,55,3.21620605602419
Microgale cowani,1518,73,3.9452362359733
Microgale cowani,4091,190,94.5483809044089
Microgale cowani,4142,190,17.6619390068325
Microgale cowani,4396,619,70.171205546759
Microgale cowani,7521,369,0.356880130990148
Microgale cowani,7536,369,8.47422071402585
Microgale cowani,7558,369,0.981214316613197
Microgale cowani,11270,725,6.60311605216253
Microgale cowani,11285,593,16.0684737306561
Microgale cowani,6,1,72.6104762396658
Microgale cowani,11450,1,56.8711675529887
Microgale cowani,1289,59,58.6780858784226
Microgale cowani,11482,840,38.3946948622806
Microgale cowani,122,12,175.204558120961
Microgale cowani,10062,848,0.0879156733250618
Microgale cowani,11500,848,20.7455502793244
Microgale cowani,957,830,0.643524707942724
Microgale cowani,1027,830,0.183841973942041
Microgale cowani,1035,830,0.643432019172192
Microgale cowani,1063,830,1.56243208603442
Microgale cowani,1064,830,0.275729722221732
Microgale cowani,1082,830,0.275717098941624
Microgale cowani,1091,830,0.275709061498523
Microgale cowani,1097,830,0.459508593737543
Microgale cowani,1105,830,0.45949710468936
Microgale cowani,1139,830,1.10266377710527
Microgale cowani,1145,830,0.183781132994473
Microgale cowani,1146,830,0.367564567481756
Microgale cowani,1162,830,2.02137478975803
Microgale cowani,1163,830,0.826945434479237
Microgale cowani,1214,830,0.367459639964223
Microgale cowani,1229,830,1.46972063059181
Microgale cowani,1230,830,0.275577679304183
Microgale cowani,1355,830,432.708220309259
Microgale cowani,11385,595,2.33597082442749
Microgale cowani,11386,595,0.173038084078312
Microgale cowani,11434,595,57.1920356452289
Microgale cowani,11423,849,0.604549703200459
Microgale cowani,11430,849,0.777178853789091
Microgale cowani,11506,849,19.9515621485635
Microgale cowani,11502,850,27.2715936270507
Microgale cowani,11503,851,29.4123165165292
Microgale cowani,11504,852,29.3885406549345
Microgale cowani,11505,853,20.6592519148769
Microgale cowani,11187,742,1320.72290065696
Microgale cowani,11252,742,5.30358653567576
Microgale cowani,11501,742,234.81411045919
Microgale cowani,7818,819,224.299706164179
Microgale cowani,1010,605,0.459616383672059
Microgale cowani,1040,605,0.275752651619673
Microgale cowani,1121,605,0.183794934333146
Microgale cowani,1129,605,53.7688087064452
Microgale cowani,1134,605,0.551364106284499
Microgale cowani,1155,605,0.551319225258708
Microgale cowani,1169,605,0.643170052255213
Microgale cowani,1388,605,179.957300764763
Microgale cowani,1657,605,0.0915072345054746
Microgale cowani,1736,605,13.3456154483392
Microgale cowani,1752,605,3.38189172445643
Microgale cowani,1801,605,0.0913569323071241
Microgale cowani,2546,605,8599.84999244415
Microgale cowani,2161,859,0.0911435460877419
Microgale cowani,11534,859,113.684840810308
Microgale cowani,11521,860,47.8541654373711
Microgale cowani,11533,863,54.2551765402825
Microgale cowani,2213,758,15.032588320411
Microgale cowani,5019,864,176.465112044449
Microgale cowani,11447,836,179.54495541553
Microgale cowani,11496,845,531.240773931223
Microgale cowani,11548,868,257.987775640312
Microgale cowani,8042,870,2.04824535180938
Microgale cowani,10833,870,4485.21901057145
Microgale cowani,11550,870,1150.44316065724
Microgale cowani,11513,871,1629.92348218316
Microgale cowani,2832,820,0.181274117312074
Microgale cowani,11554,820,308.475605014956
Microgale cowani,3792,872,0.812480411258936
Microgale cowani,11557,872,38.4612961439313
Microgale cowani,11558,872,0.180557963597178
Microgale cowani,8493,873,465.807169794926
Microgale cowani,11560,873,110.070037848945
Microgale cowani,11544,874,45.4757890931116
Microgale cowani,11551,875,16.4163595908247
Microgale cowani,11552,876,14.8692397176668
Microgale cowani,11553,877,26.0164300679771
Microgale cowani,11555,878,20.6443376237523
Microgale cowani,11556,879,185.208699387767
Microgale cowani,11559,880,23.6377044755612
Microgale cowani,11590,881,14.2635312602702
Microgale cowani,4575,854,2.87876883525968
Microgale cowani,4583,854,0.899620833965421
Microgale cowani,4609,854,0.269868277515173
Microgale cowani,11549,854,56.9706430520978
Microgale cowani,11591,854,33.0953660842072
Microgale cowani,11520,856,132.962781072095
Microgale cowani,11588,882,18.5469218373579
Microgale cowani,11509,858,122.701643372855
Microgale cowani,11561,858,0.090232888949275
Microgale cowani,11562,858,29.7723925005817
Microgale cowani,11563,858,0.0902314672112465
Microgale cowani,11564,858,0.0902300452649593
Microgale cowani,11565,858,0.0902286231096983
Microgale cowani,11575,858,15.2341434265082
Microgale cowani,11570,883,0.360754872067451
Microgale cowani,11571,883,67.5307001400677
Microgale cowani,11572,883,0.0901872898641825
Microgale cowani,11574,884,47.3336670441899
Microgale cowani,11577,885,65.1599201313749
Microgale cowani,11583,886,11.8039994628603
Microgale cowani,11585,886,0.0900983339461088
Microgale cowani,11584,887,26.8481144580816
Microgale cowani,11587,888,19.9889174229442
Microgale drouhardi,83,16,22.8623178367958
Microgale drouhardi,106,18,26.2567140975431
Microgale drouhardi,116,18,0.644736027104974
Microgale drouhardi,119,18,90.7375465159783
Microgale drouhardi,120,19,3.68393426545006
Microgale drouhardi,185,28,15.3223271836708
Microgale drouhardi,190,27,14.8623002270929
Microgale drouhardi,192,27,1.92623914275402
Microgale drouhardi,193,27,1.19240941025871
Microgale drouhardi,221,33,9.14785747598332
Microgale drouhardi,229,33,2.65253485462314
Microgale drouhardi,278,40,0.091165282910943
Microgale drouhardi,284,40,15.861074865428
Microgale drouhardi,580,73,41.5347361383358
Microgale drouhardi,1524,193,57.4418533478155
Microgale drouhardi,1539,193,0.089043325827837
Microgale drouhardi,1554,199,15.9348882808119
Microgale drouhardi,1583,203,37.0244919187729
Microgale drouhardi,1673,203,138.674918391753
Microgale drouhardi,2276,282,569.717800222715
Microgale drouhardi,2407,304,8.43718636894178
Microgale drouhardi,2419,307,6.60311605216253
Microgale drouhardi,2428,311,16.0684737306561
Microgale drouhardi,2324,347,77.4632112034997
Microgale drouhardi,3,1,56.8711675529887
Microgale drouhardi,2462,362,9.36908318528281
Microgale drouhardi,2473,363,38.3946948622806
Microgale drouhardi,205,31,33.8666662566687
Microgale drouhardi,206,31,0.0915181980375051
Microgale drouhardi,207,31,0.3660581814937
Microgale drouhardi,208,31,0.366043563450038
Microgale drouhardi,244,34,19.3826589895583
Microgale drouhardi,2502,370,29.0402218681963
Microgale drouhardi,2453,317,2.33597082442749
Microgale drouhardi,2455,317,57.1920356452289
Microgale drouhardi,186,26,0.733967621563852
Microgale drouhardi,187,26,389.202603522411
Microgale drouhardi,2370,284,96.0560508391535
Microgale drouhardi,2396,284,1230.37267951304
Microgale drouhardi,1467,344,224.299706164179
Microgale drouhardi,46,10,0.369017794389248
Microgale drouhardi,86,10,126.222847955968
Microgale drouhardi,148,22,0.18402045498687
Microgale drouhardi,153,22,0.919496630984008
Microgale drouhardi,172,22,1687.30670856676
Microgale drouhardi,2507,22,29.3691818463612
Microgale drouhardi,194,29,258.250487711606
Microgale drouhardi,2508,374,54.2551765402825
Microgale drouhardi,2496,38,343.575637505156
Microgale drouhardi,979,378,26.9070583393222
Microgale drouhardi,2494,378,282.911246898421
Microgale drouhardi,2519,378,31.3897880654455
Microgale drouhardi,850,89,176.465112044449
Microgale drouhardi,1873,336,0.177450581545353
Microgale drouhardi,1909,336,0.620648212959528
Microgale drouhardi,1910,336,0.265972006814122
Microgale drouhardi,2196,336,3388.74218992235
Microgale drouhardi,1444,367,170.785426053188
Microgale drouhardi,2516,367,653.922462822046
Microgale drouhardi,1479,379,655.939849419237
Microgale drouhardi,304,369,213.733436580556
Microgale drouhardi,2495,372,80.7733947597289
Microgale drouhardi,389,43,132.962781072095
Microgale drouhardi,2520,380,18.5469218373579
Microgale drouhardi,509,53,0.812480411258936
Microgale drouhardi,2528,53,38.4612961439313
Microgale drouhardi,2529,53,0.180557963597178
Microgale drouhardi,828,381,329.842814467609
Microgale drouhardi,2522,382,16.4163595908247
Microgale drouhardi,2523,383,14.8692397176668
Microgale drouhardi,2524,384,26.0164300679771
Microgale drouhardi,2525,385,308.475605014956
Microgale drouhardi,2526,386,20.6443376237523
Microgale drouhardi,2527,387,185.208699387767
Microgale drouhardi,2530,388,74.9665693878213
Microgale drouhardi,2531,389,23.6377044755612
Microgale drouhardi,2532,390,78.6136563214009
Microgale drouhardi,520,66,19.2212165922407
Microgale drouhardi,691,72,2.87876883525968
Microgale drouhardi,693,72,0.899620833965421
Microgale drouhardi,700,72,0.269868277515173
Microgale drouhardi,2518,72,56.9706430520978
Microgale drouhardi,2540,72,33.0953660842072
Microgale drouhardi,605,343,16.4768808947368
Microgale drouhardi,2503,371,67.4405500567246
Microgale drouhardi,2536,371,0.360754872067451
Microgale drouhardi,2537,371,0.0901872898641825
Microgale drouhardi,2506,373,65.1599201313749
Microgale drouhardi,2512,376,14.2635312602702
Microgale fotsifotsy,90,15,3.50637091730225
Microgale fotsifotsy,154,24,22.8623178367958
Microgale fotsifotsy,159,25,31.6140206684115
Microgale fotsifotsy,311,41,0.733967621563852
Microgale fotsifotsy,312,41,12.844982738089
Microgale fotsifotsy,1457,171,26.9070583393222
Microgale fotsifotsy,2844,349,427.173434422896
Microgale fotsifotsy,2895,444,24.3942696526354
Microgale fotsifotsy,3035,393,8.43718636894178
Microgale fotsifotsy,3050,397,6.60311605216253
Microgale fotsifotsy,13,1,56.8711675529887
Microgale fotsifotsy,3098,1,9.36908318528281
Microgale fotsifotsy,3099,1,28.8450665179954
Microgale fotsifotsy,3116,463,38.3946948622806
Microgale fotsifotsy,31,5,0.184729457799852
Microgale fotsifotsy,61,5,166.055453787458
Microgale fotsifotsy,64,9,140.318336746757
Microgale fotsifotsy,2753,465,0.0879156733250618
Microgale fotsifotsy,3124,465,20.7455502793244
Microgale fotsifotsy,3096,466,31.5791662362505
Microgale fotsifotsy,3122,466,209.628034579292
Microgale fotsifotsy,3083,405,2.33597082442749
Microgale fotsifotsy,3087,405,57.1920356452289
Microgale fotsifotsy,303,39,199.023427275577
Microgale fotsifotsy,2925,356,96.0560508391292
Microgale fotsifotsy,2933,356,0.174679140495062
Microgale fotsifotsy,2955,356,0.261868806515336
Microgale fotsifotsy,3021,356,1197.57189599981
Microgale fotsifotsy,2009,439,224.299706164179
Microgale fotsifotsy,103,16,0.369019957634926
Microgale fotsifotsy,127,16,0.6456592656492
Microgale fotsifotsy,230,16,1.74986507844758
Microgale fotsifotsy,267,16,0.18402045498687
Microgale fotsifotsy,268,16,7.4522462010079
Microgale fotsifotsy,296,16,3630.10247604357
Microgale fotsifotsy,315,43,105.817478270116
Microgale fotsifotsy,3131,471,34.7441383371618
Microgale fotsifotsy,3132,472,54.2551765402825
Microgale fotsifotsy,1984,179,170.785426053188
Microgale fotsifotsy,2240,179,1230.22695831542
Microgale fotsifotsy,3136,476,688.991951323522
Microgale fotsifotsy,2499,425,0.620648212959528
Microgale fotsifotsy,2501,425,0.265972006814122
Microgale fotsifotsy,2752,425,3251.26287799806
Microgale fotsifotsy,1334,437,176.465112044449
Microgale fotsifotsy,488,452,171.22983700207
Microgale fotsifotsy,3118,477,31.5815648439639
Microgale fotsifotsy,3129,478,209.872692452065
Microgale fotsifotsy,3139,479,13.4602921012942
Microgale fotsifotsy,3121,469,80.7733947597289
Microgale fotsifotsy,629,64,91.1775473360967
Microgale fotsifotsy,3140,480,18.5469218373579
Microgale fotsifotsy,847,75,0.812480411258936
Microgale fotsifotsy,3143,75,38.4612961439313
Microgale fotsifotsy,3144,75,0.180557963597178
Microgale fotsifotsy,1016,481,3.15254696748781
Microgale fotsifotsy,1061,481,0.180059280392408
Microgale fotsifotsy,3146,481,106.768592736142
Microgale fotsifotsy,1509,482,218.789533815223
Microgale fotsifotsy,3123,483,16.4163595908247
Microgale fotsifotsy,3141,484,20.6443376237523
Microgale fotsifotsy,3142,485,185.208699387767
Microgale fotsifotsy,3145,486,73.433436891347
Microgale fotsifotsy,3147,487,69.7310137305941
Microgale fotsifotsy,3148,488,23.2747347847381
Microgale fotsifotsy,3149,489,14.8692397176668
Microgale fotsifotsy,678,80,26.0164300679771
Microgale fotsifotsy,1151,467,2.87876883525968
Microgale fotsifotsy,1153,467,0.899620833965421
Microgale fotsifotsy,1164,467,0.269868277515173
Microgale fotsifotsy,3138,467,56.9706430520978
Microgale fotsifotsy,3170,467,33.0953660842072
Microgale fotsifotsy,3125,470,122.521170488563
Microgale fotsifotsy,3150,470,29.7723925005817
Microgale fotsifotsy,3157,470,15.2341434265082
Microgale fotsifotsy,3155,490,47.3336670441899
Microgale fotsifotsy,3156,491,65.817178778064
Microgale fotsifotsy,3159,492,65.1599201313749
Microgale fotsifotsy,3160,493,3.15489428832662
Microgale fotsifotsy,3163,493,0.0901342996907234
Microgale fotsifotsy,3164,493,0.0901328635622263
Microgale fotsifotsy,3165,494,11.8039994628603
Microgale fotsifotsy,3167,494,0.0900983339461088
Microgale fotsifotsy,3166,495,26.8481144580816
Microgale fotsifotsy,3169,496,19.9889174229442
Microgale gracilis,11,4,16.7667195900946
Microgale gracilis,12,4,0.552705523771942
Microgale gracilis,44,148,10.6968829958979
Microgale gracilis,45,148,15.904019489553
Microgale gracilis,103,13,0.181274117312074
Microgale gracilis,104,13,30.8125924480566
Microgale gracilis,177,17,8.17787618780792
Microgale gracilis,181,16,123.041611646614
Microgale gracilis,190,19,9.61380017291666
Microgale gracilis,203,21,6.73624592335748
Microgale gracilis,354,34,26.5957620119
Microgale gracilis,435,42,14.1222658945595
Microgale gracilis,461,42,1.07240441580927
Microgale gracilis,495,49,14.8226996180064
Microgale gracilis,509,140,12.9394505571291
Microgale gracilis,511,52,10.0843859371828
Microgale gracilis,513,53,10.0840239179741
Microgale gracilis,526,140,0.71381649881804
Microgale gracilis,534,53,0.356898879014611
Microgale gracilis,538,157,0.356880130990148
Microgale gracilis,539,56,0.267649548938036
Microgale gracilis,543,56,5.53049959317171
Microgale gracilis,546,157,13.5555435172209
Microgale gracilis,566,157,25.2399759623062
Microgale gracilis,569,157,0.624171019007087
Microgale gracilis,572,157,10.1637985173886
Microgale gracilis,591,58,22.0952426519198
Microgale gracilis,598,57,49.7371663735008
Microgale gracilis,1194,93,72.6248937085199
Microgale gracilis,1199,93,24.6405374154401
Microgale gracilis,1213,97,54.8552774273227
Microgale gracilis,1215,98,23.1366765089923
Microgale gracilis,1263,154,20.0105243340718
Microgale gracilis,1270,154,0.961153299595356
Microgale gracilis,1274,158,1.13545652928388
Microgale gracilis,1275,158,17.1194640179899
Microgale gracilis,1287,132,15.7158278321928
Microgale gracilis,1296,105,1.04748061940908
Microgale gracilis,1299,105,14.8353915718026
Microgale gracilis,1310,105,5.14701331874955
Microgale gracilis,1330,107,96.3011523890186
Microgale gracilis,1333,109,4.87634729720127
Microgale gracilis,408,39,0.268263126891017
Microgale gracilis,409,39,0.715356050514937
Microgale gracilis,410,39,7.15316099739838
Microgale gracilis,429,153,5.8999358685404
Microgale gracilis,1244,122,7.60914032988978
Microgale gracilis,1231,139,20.2095212724821
Microgale gracilis,75,159,18.5469218373579
Microgale gracilis,643,61,17.2732563059107
Microgale gracilis,1206,96,61.8797790584618
Microgale gracilis,26,5,970.932087976061
Microgale gracilis,27,5,0.919496630984008
Microgale gracilis,1334,5,29.3755253240241
Microgale gracilis,1341,5,29.3691818463612
Microgale gracilis,14,6,57.9151671125877
Microgale gracilis,31,7,29.8631255431825
Microgale gracilis,1342,163,26.8593180791332
Microgale gracilis,1343,163,25.7528153259755
Microgale gracilis,116,164,27.8130682208779
Microgale gracilis,115,15,25.7426805189337
Microgale gracilis,401,36,134.877179661151
Microgale gracilis,490,48,15.09075207817
Microgale gracilis,1350,48,2.58870931440878
Microgale gracilis,630,51,2.67168173740828
Microgale gracilis,637,51,2.04824535180938
Microgale gracilis,659,51,6.58850635284412
Microgale gracilis,663,51,15.9348882808119
Microgale gracilis,684,51,408.837175791435
Microgale gracilis,696,51,37.0244919187729
Microgale gracilis,791,51,129.777591602239
Microgale gracilis,1106,51,0.620648212959528
Microgale gracilis,1110,51,0.265972006814122
Microgale gracilis,1165,51,1126.47383756227
Microgale gracilis,1195,51,3.62305954706037
Microgale gracilis,62,129,3.19109242600811
Microgale gracilis,1345,129,67.2587430555475
Microgale gracilis,66,166,137.337654638151
Microgale gracilis,1335,167,31.5815648439639
Microgale gracilis,32,162,0.3660581814937
Microgale gracilis,33,162,0.366043563450038
Microgale gracilis,1338,162,33.8666662566687
Microgale gracilis,98,12,16.4163595908247
Microgale gracilis,99,169,9.24875101248025
Microgale gracilis,105,14,71.2011880677499
Microgale gracilis,1346,14,20.6443376237523
Microgale gracilis,117,170,185.208699387767
Microgale gracilis,1351,171,73.433436891347
Microgale gracilis,1352,172,79.138112805445
Microgale gracilis,77,161,34.1480888871163
Microgale gracilis,127,165,2.87885793996942
Microgale gracilis,142,165,17.5407431045419
Microgale gracilis,125,168,2.24909224567234
Microgale gracilis,126,168,0.179934098074555
Microgale gracilis,128,168,2.87876883525968
Microgale gracilis,129,168,0.899620833965421
Microgale gracilis,135,168,0.269868277515173
Microgale gracilis,167,168,33.0953660842072
Microgale gymnorhyncha,1,1,144.53390712204
Microgale gymnorhyncha,6,2,0.0923248392761946
Microgale gymnorhyncha,7,2,69.2310730278537
Microgale gymnorhyncha,8,3,15.1334090931505
Microgale gymnorhyncha,9,4,289.837946067149
Microgale gymnorhyncha,11,4,23.8936396878917
Microgale gymnorhyncha,13,4,0.369019957634926
Microgale gymnorhyncha,37,7,148.851761871327
Microgale gymnorhyncha,120,14,59.7944338357967
Microgale gymnorhyncha,3242,172,6.60311605216253
Microgale gymnorhyncha,3254,172,16.0684737306561
Microgale gymnorhyncha,3301,173,4.69837395759118
Microgale gymnorhyncha,85,11,201.285870337084
Microgale gymnorhyncha,123,11,0.0918507397885323
Microgale gymnorhyncha,3131,123,0.261868806515336
Microgale gymnorhyncha,3179,123,0.087107566010356
Microgale gymnorhyncha,3184,123,737.638996291068
Microgale gymnorhyncha,3284,174,29.4123165165292
Microgale gymnorhyncha,3304,175,27.2715936270507
Microgale gymnorhyncha,17,5,17.7836259858013
Microgale gymnorhyncha,20,5,15.3851817418075
Microgale gymnorhyncha,29,5,38.4975571849362
Microgale gymnorhyncha,48,5,70.8279243002588
Microgale gymnorhyncha,3302,5,17.9533839929496
Microgale gymnorhyncha,92,6,1398.3638625737
Microgale gymnorhyncha,3303,6,48.734649742551
Microgale gymnorhyncha,126,16,78.6919152513143
Microgale gymnorhyncha,127,17,42.5035995784854
Microgale gymnorhyncha,881,183,0.0895386827195883
Microgale gymnorhyncha,1190,183,0.0894072119276524
Microgale gymnorhyncha,2516,183,1510.37942402124
Microgale gymnorhyncha,2287,185,0.0890099780989885
Microgale gymnorhyncha,2355,185,0.177973798285246
Microgale gymnorhyncha,2533,185,0.0889318128432035
Microgale gymnorhyncha,2566,185,0.0889157999010086
Microgale gymnorhyncha,3089,185,2454.24629456569
Microgale gymnorhyncha,3313,185,1.07071694061661
Microgale gymnorhyncha,3314,185,1023.28546578057
Microgale gymnorhyncha,438,32,90.1781920453338
Microgale gymnorhyncha,138,19,0.181274117312074
Microgale gymnorhyncha,139,19,90.6087475250168
Microgale gymnorhyncha,3309,20,5.15669109600556
Microgale gymnorhyncha,302,23,0.179958904524803
Microgale gymnorhyncha,304,23,2.87876883525968
Microgale gymnorhyncha,305,23,0.899620833965421
Microgale gymnorhyncha,310,23,0.269868277515173
Microgale gymnorhyncha,3312,23,45.3586244343983
Microgale gymnorhyncha,3319,23,33.0953660842072
Microgale gymnorhyncha,271,25,29.711689494214
Microgale gymnorhyncha,3317,186,4.5001146234821
Microgale gymnorhyncha,303,28,2.87885793996942
Microgale gymnorhyncha,390,28,17.5407431045419
Microgale gymnorhyncha,3306,178,52.0931107730117
Microgale gymnorhyncha,3318,187,29.7723925005817
Microgale gymnorhyncha,196,181,0.812480411258936
Microgale gymnorhyncha,3315,181,34.3971482793418
Microgale gymnorhyncha,3316,181,0.180557963597178
Microgale gymnorhyncha,204,188,131.129842373216
Microgale longicaudata,36,6,0.18546587502265
Microgale longicaudata,40,6,6.4908973798604
Microgale longicaudata,113,23,9.25542923517722
Microgale longicaudata,114,23,1.48074673073471
Microgale longicaudata,552,99,38.9884159684163
Microgale longicaudata,1076,155,3.21620605602419
Microgale longicaudata,1345,197,0.275273431350648
Microgale longicaudata,1354,197,58.1799164910831
Microgale longicaudata,1360,201,47.8847180594309
Microgale longicaudata,1373,201,0.275169767138779
Microgale longicaudata,2052,279,3.82909888804102
Microgale longicaudata,2124,281,27.9623496702811
Microgale longicaudata,2125,281,0.273246820754766
Microgale longicaudata,3508,427,70.171205546759
Microgale longicaudata,5351,745,0.356880130990148
Microgale longicaudata,5365,745,8.47422071402585
Microgale longicaudata,5373,745,0.981214316613197
Microgale longicaudata,5498,762,3.29785010889542
Microgale longicaudata,7518,1098,23.1220312933333
Microgale longicaudata,7526,1101,6.60311605216253
Microgale longicaudata,7539,1105,16.0684737306561
Microgale longicaudata,44,8,17.8933026001772
Microgale longicaudata,51,8,0.0927073077802658
Microgale longicaudata,23,1,0.278243954662919
Microgale longicaudata,37,1,120.652777342245
Microgale longicaudata,7693,1,56.8711675529887
Microgale longicaudata,60,11,0.0926675960290432
Microgale longicaudata,62,11,43.2675847418705
Microgale longicaudata,68,11,0.0926606114119887
Microgale longicaudata,73,11,0.0926476122773886
Microgale longicaudata,78,11,0.0926436052986383
Microgale longicaudata,1201,168,58.6780858784226
Microgale longicaudata,1921,268,48.7387760582851
Microgale longicaudata,7716,268,29.1295754598171
Microgale longicaudata,7717,268,27.8442933033056
Microgale longicaudata,7748,1235,38.3946948622806
Microgale longicaudata,326,58,175.204558120961
Microgale longicaudata,1020,133,0.183841973942041
Microgale longicaudata,1025,133,0.643432019172192
Microgale longicaudata,1051,133,0.275717098941624
Microgale longicaudata,1058,133,0.275709061498523
Microgale longicaudata,1062,133,0.459508593737543
Microgale longicaudata,1065,133,0.45949710468936
Microgale longicaudata,1080,133,1.10266377710527
Microgale longicaudata,1097,133,0.826945434479237
Microgale longicaudata,1137,133,0.367459639964223
Microgale longicaudata,1151,133,1.46972063059181
Microgale longicaudata,1236,133,432.708220309259
Microgale longicaudata,6909,1244,0.0879156733250618
Microgale longicaudata,7798,1244,20.7455502793244
Microgale longicaudata,7612,1109,2.33597082442749
Microgale longicaudata,7659,1109,57.1920356452289
Microgale longicaudata,7648,1246,0.604549703200459
Microgale longicaudata,7807,1246,19.9515621485635
Microgale longicaudata,7803,1247,27.2715936270507
Microgale longicaudata,7804,1248,29.4123165165292
Microgale longicaudata,7805,1249,29.3885406549345
Microgale longicaudata,7806,1250,20.6592519148769
Microgale longicaudata,5533,716,224.299706164179
Microgale longicaudata,7469,1029,1320.72290065696
Microgale longicaudata,7799,1029,234.81411045919
Microgale longicaudata,1407,209,8.71055469847303
Microgale longicaudata,7290,1159,4485.21901057145
Microgale longicaudata,3882,1189,176.465112044449
Microgale longicaudata,7661,1219,179.54495541553
Microgale longicaudata,875,1221,7.4522462010079
Microgale longicaudata,1013,1221,0.459616383672059
Microgale longicaudata,1026,1221,0.275752651619673
Microgale longicaudata,1071,1221,0.183794934333146
Microgale longicaudata,1074,1221,53.7688087064452
Microgale longicaudata,1077,1221,0.551364106284499
Microgale longicaudata,1091,1221,0.551319225258708
Microgale longicaudata,1100,1221,0.643170052255213
Microgale longicaudata,2136,1221,0.0910196564612388
Microgale longicaudata,2218,1221,11003.6158018571
Microgale longicaudata,7793,1221,44.4127274420019
Microgale longicaudata,7836,1221,587.522437766301
Microgale longicaudata,7838,1221,29.8602134693177
Microgale longicaudata,7839,1221,28.3052438323222
Microgale longicaudata,7823,1257,47.8541654373711
Microgale longicaudata,7835,1261,54.2551765402825
Microgale longicaudata,7837,1262,257.987775640312
Microgale longicaudata,7692,1233,5.86001237088037
Microgale longicaudata,5659,1269,2.04824535180938
Microgale longicaudata,7855,1269,1150.44316065724
Microgale longicaudata,7821,1270,1629.92348218316
Microgale longicaudata,3289,1174,153.029902838244
Microgale longicaudata,3396,1174,0.630549841309428
Microgale longicaudata,3406,1174,2.3418393852849
Microgale longicaudata,7856,1174,0.090099775077343
Microgale longicaudata,2995,1236,0.812480411258936
Microgale longicaudata,7864,1236,38.4612961439313
Microgale longicaudata,7865,1236,0.180557963597178
Microgale longicaudata,5926,1271,465.807169794926
Microgale longicaudata,7858,1272,16.4163595908247
Microgale longicaudata,7859,1273,14.8692397176668
Microgale longicaudata,7860,1274,26.0164300679771
Microgale longicaudata,7861,1275,308.475605014956
Microgale longicaudata,7862,1276,20.6443376237523
Microgale longicaudata,7863,1277,185.208699387767
Microgale longicaudata,7866,1278,23.6377044755612
Microgale longicaudata,7867,1279,110.070037848945
Microgale longicaudata,7810,1252,132.962781072095
Microgale longicaudata,7868,1280,18.5469218373579
Microgale longicaudata,3630,1254,2.87876883525968
Microgale longicaudata,3634,1254,0.899620833965421
Microgale longicaudata,3649,1254,0.269868277515173
Microgale longicaudata,7854,1254,56.9706430520978
Microgale longicaudata,7898,1254,33.0953660842072
Microgale longicaudata,7817,1256,122.701643372855
Microgale longicaudata,7870,1256,0.090232888949275
Microgale longicaudata,7871,1256,29.7723925005817
Microgale longicaudata,7872,1256,0.0902314672112465
Microgale longicaudata,7873,1256,0.0902300452649593
Microgale longicaudata,7874,1256,0.0902286231096983
Microgale longicaudata,7884,1256,15.2341434265082
Microgale longicaudata,7879,1281,0.360754872067451
Microgale longicaudata,7880,1281,67.5307001400677
Microgale longicaudata,7881,1281,0.0901872898641825
Microgale longicaudata,7883,1282,47.3336670441899
Microgale longicaudata,7886,1283,65.1599201313749
Microgale longicaudata,7887,1284,3.15489428832662
Microgale longicaudata,7890,1284,0.0901342996907234
Microgale longicaudata,7891,1284,0.0901328635622263
Microgale longicaudata,7892,1285,11.8039994628603
Microgale longicaudata,7894,1285,0.0900983339461088
Microgale longicaudata,7893,1286,26.8481144580816
Microgale longicaudata,7896,1287,19.9889174229442
Microgale longicaudata,7849,1267,45.4757890931116
Microgale longicaudata,7897,1288,14.2635312602702
Microgale majori,12,3,10.2536076273173
Microgale majori,13,5,84.8746243504803
Microgale majori,14,5,0.184729457799852
Microgale majori,20,7,80.5939694670575
Microgale majori,41,14,278.956734991989
Microgale majori,354,57,8.17787618780792
Microgale majori,375,63,28.5548612570576
Microgale majori,432,77,0.715356050514937
Microgale majori,433,77,7.15316099739838
Microgale majori,438,108,1.96673406490374
Microgale majori,440,108,1.60905900991869
Microgale majori,483,84,13.7464460674372
Microgale majori,502,88,19.0842084849548
Microgale majori,505,85,57.0993309992423
Microgale majori,517,89,3.29785010889542
Microgale majori,527,91,94.7805900149232
Microgale majori,532,91,80.827427429142
Microgale majori,537,91,0.0889637768560648
Microgale majori,538,91,8.71752069569504
Microgale majori,539,91,49.2908981802458
Microgale majori,544,93,0.0889318128432035
Microgale majori,545,93,3.55699395659041
Microgale majori,547,93,0.0889157999010086
Microgale majori,549,106,40.9036153245374
Microgale majori,557,99,3.82950872338784
Microgale majori,4,1,28.8450665179954
Microgale majori,572,104,2.33597082442749
Microgale majori,574,104,57.1920356452289
Microgale majori,148,110,28.1809853154598
Microgale majori,601,111,30.0199160086901
Microgale majori,553,96,271.459144054997
Microgale majori,47,15,57.67030692128
Microgale majori,54,15,1145.07905484814
Microgale majori,610,116,59.8037401907951
Microgale majori,498,86,103.252735151149
Microgale majori,473,107,265.268329751055
Microgale majori,611,118,15.09075207817
Microgale majori,612,118,2.58870931440878
Microgale majori,233,33,4.41784557399475
Microgale majori,613,33,55.9437887277733
Microgale majori,614,33,29.7723925005817
Microgale majori,615,33,26.5163255870927
Microgale majori,347,119,65.1599201313749
Microgale majori,310,115,2.87876883525968
Microgale majori,311,115,0.899620833965421
Microgale majori,314,115,0.269868277515173
Microgale majori,608,115,56.9706430520978
Microgale majori,616,115,33.0953660842072
Microgale mergulus,1,1,14.644944037948
Microgale mergulus,5,1,29.7439079649721
Microgale mergulus,6,2,1.19697195979726
Microgale mergulus,8,1,55.3266365133052
Microgale mergulus,9,2,21.7270555164745
Microgale mergulus,10,2,27.3374724883207
Microgale mergulus,12,2,54.2037306260149
Microgale mergulus,15,2,0.18402045498687
Microgale mergulus,16,3,23.001548176319
Microgale mergulus,17,2,23.2776854783
Microgale mergulus,18,3,0.183992209264755
Microgale mergulus,19,4,181.783941232351
Microgale mergulus,20,4,0.919496630984008
Microgale mergulus,23,4,6.25186649493766
Microgale mergulus,38,6,9.14785747598332
Microgale mergulus,46,6,2.65253485462314
Microgale mergulus,159,18,23.6377044755703
Microgale mergulus,437,34,12.9394505571291
Microgale mergulus,459,34,0.71381649881804
Microgale mergulus,473,37,0.356880130990148
Microgale mergulus,481,37,13.5555435172209
Microgale mergulus,500,37,25.2399759623062
Microgale mergulus,502,37,0.624171019007087
Microgale mergulus,511,41,0.178273059561968
Microgale mergulus,512,41,0.178273059561968
Microgale mergulus,516,41,106.847903044824
Microgale mergulus,546,41,15.9430514692196
Microgale mergulus,547,41,2.22686077615953
Microgale mergulus,564,41,2.49358240249813
Microgale mergulus,576,42,13.8900112845451
Microgale mergulus,711,44,7.37843342656613
Microgale mergulus,925,51,29.8855061415654
Microgale mergulus,1118,55,8.04853361831559
Microgale mergulus,1119,55,0.176908192179203
Microgale mergulus,1252,58,21.1648966658455
Microgale mergulus,1276,61,29.5797978747341
Microgale mergulus,1374,66,0.261868806515336
Microgale mergulus,1375,66,106.954913421367
Microgale mergulus,1388,66,0.522999364481807
Microgale mergulus,1392,91,88.7179555014213
Microgale mergulus,1397,67,11.7525604933958
Microgale mergulus,533,40,45.5460400050915
Microgale mergulus,1279,62,101.908899801487
Microgale mergulus,1280,62,120.550228613678
Microgale mergulus,1288,62,9.10585069831289
Microgale mergulus,1290,62,14.0949371506213
Microgale mergulus,1293,62,4.11440865191126
Microgale mergulus,1301,62,0.437621760047793
Microgale mergulus,206,76,12.7853951573534
Microgale mergulus,1333,64,0.174932641012549
Microgale mergulus,1336,64,261.901219879718
Microgale mergulus,1372,64,43.8584571828506
Microgale mergulus,577,43,16.4719123734825
Microgale mergulus,1268,59,1.85141498457396
Microgale mergulus,1274,59,202.873810847161
Microgale mergulus,1277,59,113.849869021407
Microgale mergulus,24,5,26.8593180791351
Microgale mergulus,26,92,229.787082064643
Microgale mergulus,28,92,0.3660581814937
Microgale mergulus,29,92,0.366043563450038
Microgale mergulus,61,7,0.54698275794816
Microgale mergulus,62,7,1.73194615611374
Microgale mergulus,64,7,8.02199676955664
Microgale mergulus,66,7,83.2026980152344
Microgale mergulus,74,93,0.455487860305786
Microgale mergulus,1400,93,13.8476284396458
Microgale mergulus,90,10,18.5469218373579
Microgale mergulus,944,80,0.620648212959528
Microgale mergulus,948,80,0.265972006814122
Microgale mergulus,950,80,26.6050361725924
Microgale mergulus,1030,80,126.382220763012
Microgale mergulus,1068,80,49.2861747393115
Microgale mergulus,1117,80,53.053057343746
Microgale mergulus,1128,80,0.618742599579573
Microgale mergulus,1129,80,2.91674773547077
Microgale mergulus,1155,80,137.201727263771
Microgale mergulus,1211,80,0.264975197407126
Microgale mergulus,1216,80,79.6376957260539
Microgale mergulus,1227,80,1.32446653053212
Microgale mergulus,1399,80,36.0721542543468
Microgale mergulus,145,14,120.807200282659
Microgale mergulus,162,19,29.8365969884256
Microgale parvula,362,94,34.8530751047845
Microgale parvula,415,104,38.9884159684163
Microgale parvula,953,177,3.21620605602419
Microgale parvula,1466,269,25.8267574798982
Microgale parvula,2060,319,7.63979273292554
Microgale parvula,2062,319,14.2775380444441
Microgale parvula,2981,466,5.04485609870172
Microgale parvula,3066,444,70.171205546759
Microgale parvula,7540,1290,23.1220312933333
Microgale parvula,7556,1296,6.60311605216253
Microgale parvula,7574,1300,16.0684737306561
Microgale parvula,24,6,0.278243954662919
Microgale parvula,31,6,114.253922684143
Microgale parvula,7685,6,56.8711675529887
Microgale parvula,42,12,0.0926675960290432
Microgale parvula,44,12,43.2675847418705
Microgale parvula,47,12,0.0926606114119887
Microgale parvula,51,12,0.0926476122773886
Microgale parvula,56,12,0.0926436052986383
Microgale parvula,1101,202,58.6780858784226
Microgale parvula,7734,1418,38.3946948622806
Microgale parvula,233,56,175.204558120961
Microgale parvula,890,146,0.183841973942041
Microgale parvula,895,146,0.643432019172192
Microgale parvula,924,146,0.275717098941624
Microgale parvula,932,146,0.275709061498523
Microgale parvula,939,146,0.459508593737543
Microgale parvula,945,146,0.45949710468936
Microgale parvula,961,146,1.10266377710527
Microgale parvula,985,146,0.826945434479237
Microgale parvula,1028,146,0.367459639964223
Microgale parvula,1045,146,1.46972063059181
Microgale parvula,1140,146,432.708220309259
Microgale parvula,2873,447,11.1771037265234
Microgale parvula,7656,1415,29.0782282981092
Microgale parvula,7795,1415,21.6261414673434
Microgale parvula,7674,1431,0.604549703200459
Microgale parvula,7798,1431,19.9515621485635
Microgale parvula,7675,1432,29.4123165165292
Microgale parvula,7794,1433,27.2715936270507
Microgale parvula,7796,1434,29.3885406549345
Microgale parvula,7797,1435,20.6592519148769
Microgale parvula,7801,1436,3.09337898071694
Microgale parvula,7802,1436,26.0157919395684
Microgale parvula,7511,1201,1320.72290065696
Microgale parvula,7792,1201,234.81411045919
Microgale parvula,5518,1391,224.299706164179
Microgale parvula,881,51,0.459616383672059
Microgale parvula,898,51,0.275752651619673
Microgale parvula,949,51,0.183794934333146
Microgale parvula,952,51,53.7688087064452
Microgale parvula,954,51,0.551364106284499
Microgale parvula,978,51,0.551319225258708
Microgale parvula,987,51,0.643170052255213
Microgale parvula,1438,51,30.8790083227627
Microgale parvula,2047,51,1.09175737492621
Microgale parvula,2119,51,15062.1649348838
Microgale parvula,7825,51,587.522437766301
Microgale parvula,7824,1444,54.2551765402825
Microgale parvula,7826,1445,257.987775640312
Microgale parvula,288,60,179.54495541553
Microgale parvula,6238,1366,0.62064821295929
Microgale parvula,6242,1366,0.265972006814122
Microgale parvula,7246,1366,4568.53645333932
Microgale parvula,3477,1389,176.465112044449
Microgale parvula,7684,1413,5.86001237088037
Microgale parvula,4614,1452,0.0894164340382814
Microgale parvula,7815,1452,1604.35196822885
Microgale parvula,5444,1453,164.716838880767
Microgale parvula,7841,1453,1264.80094030401
Microgale parvula,2862,1371,94.5483809044096
Microgale parvula,2896,1371,0.0901199290257692
Microgale parvula,2905,1371,0.270346841076851
Microgale parvula,2915,1371,1.71203832214892
Microgale parvula,2573,1421,0.812480411258936
Microgale parvula,7848,1421,38.4612961439313
Microgale parvula,7849,1421,0.180557963597178
Microgale parvula,5969,1454,465.807169794926
Microgale parvula,7842,1455,16.4163595908247
Microgale parvula,7843,1456,14.8692397176668
Microgale parvula,7844,1457,26.0164300679771
Microgale parvula,7845,1458,308.475605014956
Microgale parvula,7846,1459,20.6443376237523
Microgale parvula,7847,1460,185.208699387767
Microgale parvula,7850,1461,23.6377044755612
Microgale parvula,7851,1462,110.070037848945
Microgale parvula,7803,1437,132.962781072095
Microgale parvula,7852,1463,18.5469218373579
Microgale parvula,3200,1440,2.87876883525968
Microgale parvula,3204,1440,0.899620833965421
Microgale parvula,3220,1440,0.269868277515173
Microgale parvula,7840,1440,56.9706430520978
Microgale parvula,7882,1440,33.0953660842072
Microgale parvula,7811,1442,122.701643372855
Microgale parvula,7854,1442,0.090232888949275
Microgale parvula,7855,1442,29.7723925005817
Microgale parvula,7856,1442,0.0902314672112465
Microgale parvula,7857,1442,0.0902300452649593
Microgale parvula,7858,1442,0.0902286231096983
Microgale parvula,7868,1442,15.2341434265082
Microgale parvula,7860,1464,2.70596556277776
Microgale parvula,7863,1465,0.360754872067451
Microgale parvula,7864,1465,67.5307001400677
Microgale parvula,7865,1465,0.0901872898641825
Microgale parvula,7867,1466,47.3336670441899
Microgale parvula,7869,1467,3.15564838214624
Microgale parvula,7870,1468,65.1599201313749
Microgale parvula,7871,1469,3.15489428832662
Microgale parvula,7874,1469,0.0901342996907234
Microgale parvula,7875,1469,0.0901328635622263
Microgale parvula,7876,1470,11.8039994628603
Microgale parvula,7878,1470,0.0900983339461088
Microgale parvula,7877,1471,26.8481144580816
Microgale parvula,7880,1472,19.9889174229442
Microgale parvula,7836,1450,45.4757890931116
Microgale parvula,7881,1473,14.2635312602702
Microgale principula,9,4,11.5425439636641
Microgale principula,15,6,166.158583105263
Microgale principula,16,7,29.7218705302734
Microgale principula,34,12,12.0843806251168
Microgale principula,35,12,0.369017794389248
Microgale principula,53,2,1013.94399482992
Microgale principula,59,16,38.9884159684163
Microgale principula,231,28,0.183841973942041
Microgale principula,234,28,0.643432019172192
Microgale principula,261,28,301.522255901456
Microgale principula,283,34,26.2648020061304
Microgale principula,378,42,7.4203096835655
Microgale principula,394,46,65.611862821471
Microgale principula,406,46,30.002952453004
Microgale principula,750,58,13.8228173918955
Microgale principula,1488,115,70.171205546759
Microgale principula,4813,594,23.1220312933333
Microgale principula,4825,598,6.60311605216253
Microgale principula,4839,602,16.0684737306561
Microgale principula,1,1,56.8711675529887
Microgale principula,4910,607,29.4123165165292
Microgale principula,4969,686,27.2715936270507
Microgale principula,4970,687,29.3885406549345
Microgale principula,4971,688,20.6592519148769
Microgale principula,4973,689,3.09337898071694
Microgale principula,4974,689,26.0157919395684
Microgale principula,4793,560,1320.72290065696
Microgale principula,4967,560,234.81411045919
Microgale principula,3170,659,224.299706164179
Microgale principula,75,17,48.7346497425367
Microgale principula,100,17,0.644736027104974
Microgale principula,108,17,0.184197436095715
Microgale principula,115,17,149.682332491091
Microgale principula,224,17,1.3788789025259
Microgale principula,313,17,0.0917656384553313
Microgale principula,324,17,3.30296723872137
Microgale principula,346,17,2.65988935294008
Microgale principula,352,17,0.091704330992043
Microgale principula,353,17,0.0917019615974426
Microgale principula,398,17,0.0915047958440185
Microgale principula,399,17,29.9186708281439
Microgale principula,428,17,0.0914152072403431
Microgale principula,740,17,1.09175737492621
Microgale principula,794,17,11305.5642189799
Microgale principula,4972,17,61.3675207380337
Microgale principula,4992,17,584.238957042931
Microgale principula,4991,696,54.2551765402825
Microgale principula,4993,697,257.987775640312
Microgale principula,76,21,15.3851817418075
Microgale principula,88,21,38.4975571849362
Microgale principula,118,21,17.9533839929496
Microgale principula,3745,640,0.620901186653256
Microgale principula,3788,640,0.620648212959528
Microgale principula,3791,640,0.265972006814122
Microgale principula,4604,640,4389.60164958865
Microgale principula,1797,657,176.465112044449
Microgale principula,2579,704,0.0894164340382814
Microgale principula,4987,704,1604.35196822885
Microgale principula,3131,705,170.785426053188
Microgale principula,5007,705,1264.80094030401
Microgale principula,1394,669,158.705818376245
Microgale principula,5008,669,0.090099775077343
Microgale principula,4983,677,122.701643372855
Microgale principula,5022,677,0.090232888949275
Microgale principula,5023,677,29.7723925005817
Microgale principula,5024,677,0.0902314672112465
Microgale principula,5025,677,0.0902300452649593
Microgale principula,5026,677,0.0902286231096983
Microgale principula,5036,677,15.2341434265082
Microgale principula,5031,706,0.360754872067451
Microgale principula,5032,706,67.5307001400677
Microgale principula,5033,706,0.0901872898641825
Microgale principula,5035,707,47.3336670441899
Microgale principula,5038,708,65.1599201313749
Microgale principula,5044,709,11.8039994628603
Microgale principula,5046,709,0.0900983339461088
Microgale principula,5045,710,26.8481144580816
Microgale principula,5048,711,19.9889174229442
Microgale principula,4975,690,132.962781072095
Microgale principula,5020,712,18.5469218373579
Microgale principula,1125,693,0.812480411258936
Microgale principula,5016,693,34.3971482793418
Microgale principula,5017,693,0.180557963597178
Microgale principula,3471,713,465.807169794926
Microgale principula,5010,714,16.4163595908247
Microgale principula,5011,715,14.8692397176668
Microgale principula,5012,716,26.0164300679771
Microgale principula,5013,717,308.475605014956
Microgale principula,5014,718,20.6443376237523
Microgale principula,5015,719,185.208699387767
Microgale principula,5018,720,23.6377044755612
Microgale principula,5019,721,110.070037848945
Microgale principula,1578,695,2.87876883525968
Microgale principula,1581,695,0.899620833965421
Microgale principula,1594,695,0.269868277515173
Microgale principula,5006,695,56.9706430520978
Microgale principula,5050,695,33.0953660842072
Microgale principula,5003,702,45.4757890931116
Microgale principula,5049,722,14.2635312602702
Microgale pusilla,42,7,4.33443217345184
Microgale pusilla,178,23,9.72594043660879
Microgale pusilla,190,27,3.7607125278073
Microgale pusilla,204,30,4.12545809786367
Microgale pusilla,271,40,4.57841928809607
Microgale pusilla,323,419,19.4696494546306
Microgale pusilla,327,52,5.30132175810611
Microgale pusilla,376,60,0.0913494594436884
Microgale pusilla,378,60,2.7402156819526
Microgale pusilla,413,61,6.93958528381192
Microgale pusilla,445,67,3.19109242600811
Microgale pusilla,453,68,22.5162443939922
Microgale pusilla,497,72,4.26784881421316
Microgale pusilla,1872,314,3.80005346285582
Microgale pusilla,1873,314,4.94852647058618
Microgale pusilla,1896,322,16.938167452783
Microgale pusilla,1925,331,0.176393566362143
Microgale pusilla,1926,331,9.96522001104965
Microgale pusilla,1938,335,2.6453633861891
Microgale pusilla,1959,342,8.01669191698182
Microgale pusilla,2032,357,4.11772579951465
Microgale pusilla,2059,361,5.51709965046513
Microgale pusilla,2198,396,5.93641490512288
Microgale pusilla,2202,398,1.04748061940908
Microgale pusilla,2206,398,14.8353915718026
Microgale pusilla,2215,398,5.14701331874955
Microgale pusilla,2219,402,13.3199779431528
Microgale pusilla,71,433,4.05232580194205
Microgale pusilla,1884,319,15.5382180053514
Microgale pusilla,2065,368,15.0601537007667
Microgale pusilla,288,43,12.080038946459
Microgale pusilla,135,14,87.8910586471556
Microgale pusilla,1883,318,40.6190622909514
Microgale pusilla,2218,401,63.1863603618867
Microgale pusilla,228,31,17.8720619448484
Microgale pusilla,55,11,15.385181741811
Microgale pusilla,797,106,28.1859302276433
Microgale pusilla,1988,337,21.1137042166104
Microgale pusilla,1997,337,652.649813085274
Microgale pusilla,1971,345,43.3304279379037
Microgale pusilla,2094,374,11.6439589039685
Microgale pusilla,2449,493,29.8980939372299
Microgale pusilla,2453,496,38.5754106344105
Microgale pusilla,2258,411,2.33597082442749
Microgale pusilla,2262,411,57.1920356452289
Microgale pusilla,2062,366,48.6333278023664
Microgale pusilla,2475,366,40.5280439730214
Microgale pusilla,25,4,140.318336746757
Microgale pusilla,475,502,181.068024493285
Microgale pusilla,2269,499,29.4123165165292
Microgale pusilla,2479,504,27.2715936270507
Microgale pusilla,168,505,18.9148983457139
Microgale pusilla,258,37,23.3596321897291
Microgale pusilla,2480,37,6.50515091839236
Microgale pusilla,278,41,24.808850928902
Microgale pusilla,1667,507,19.8869286027728
Microgale pusilla,2478,503,48.104202637447
Microgale pusilla,12,3,0.184729457799852
Microgale pusilla,41,3,0.6456592656492
Microgale pusilla,181,3,0.275273431350648
Microgale pusilla,200,3,0.183358820367455
Microgale pusilla,263,3,5374.23696628122
Microgale pusilla,2476,3,30.1253440591635
Microgale pusilla,2481,3,55.3194814575362
Microgale pusilla,73,12,48.065660118634
Microgale pusilla,301,29,0.0915047958440185
Microgale pusilla,303,29,488.433844122836
Microgale pusilla,369,29,0.0913569323071241
Microgale pusilla,419,29,415.355506906945
Microgale pusilla,2488,509,111.750534301878
Microgale pusilla,2489,510,54.2551765402825
Microgale pusilla,456,63,0.0911461065164804
Microgale pusilla,2471,63,131.503293202885
Microgale pusilla,487,70,18.5469218373579
Microgale pusilla,615,94,0.180557963597178
Microgale pusilla,617,94,0.812480411258936
Microgale pusilla,632,94,39.0933882275617
Microgale pusilla,1544,249,14.2116484777492
Microgale pusilla,1587,249,1.07240441580927
Microgale pusilla,1400,475,26.3917366286495
Microgale pusilla,1512,512,24.9446144933705
Microgale pusilla,1532,512,0.0894164340382814
Microgale pusilla,2293,485,29.5229195880157
Microgale pusilla,424,501,188.344411158096
Microgale pusilla,2491,513,55.1561718696571
Microgale pusilla,506,76,2.99650991711044
Microgale pusilla,559,89,9.24875101248025
Microgale pusilla,656,99,12.6205519055381
Microgale pusilla,967,99,96.8014647878629
Microgale pusilla,2504,99,29.7723925005817
Microgale pusilla,2505,514,65.1599201313749
Microgale pusilla,649,100,29.0342127998761
Microgale pusilla,2496,100,0.360754872067451
Microgale pusilla,2497,100,0.0901872898641825
Microgale pusilla,661,515,16.4962744438024
Microgale pusilla,2493,516,2.70596556277776
Microgale pusilla,676,102,0.0901199290257692
Microgale pusilla,679,102,0.270346841076851
Microgale pusilla,690,102,0.180215395091891
Microgale pusilla,694,102,41.0891888508483
Microgale pusilla,2502,517,9.54949617890717
Microgale pusilla,767,109,16.4768808947368
Microgale pusilla,572,431,5.43266668316532
Microgale pusilla,2450,494,13.8589490595466
Microgale pusilla,2486,508,54.5416167083532
Microgale soricoides,4,1,177.038750695831
Microgale soricoides,5,2,87.9778748499533
Microgale soricoides,58,6,208.504129252905
Microgale soricoides,309,171,1.8373651948179
Microgale soricoides,312,171,0.367459639964223
Microgale soricoides,318,171,0.183724619395971
Microgale soricoides,319,171,0.275586929093957
Microgale soricoides,326,171,1.46972063059181
Microgale soricoides,327,171,0.275577679304183
Microgale soricoides,339,171,2.75561017110461
Microgale soricoides,340,171,0.275553377308786
Microgale soricoides,374,14,60.0144241112571
Microgale soricoides,375,14,0.0917785340768695
Microgale soricoides,376,15,29.9898296926292
Microgale soricoides,3435,119,20.7455502793206
Microgale soricoides,3436,119,0.0879156733250618
Microgale soricoides,3832,183,6.60311605216253
Microgale soricoides,3848,183,16.0684737306561
Microgale soricoides,3923,211,38.3946948622806
Microgale soricoides,3931,211,1.35457540027201
Microgale soricoides,241,9,275.995822957044
Microgale soricoides,341,9,0.551107912560761
Microgale soricoides,381,17,28.1809853154598
Microgale soricoides,3493,180,0.174932641012549
Microgale soricoides,3605,180,0.261868806515336
Microgale soricoides,3758,180,1013.00289383716
Microgale soricoides,3962,180,24.243358395948
Microgale soricoides,3879,142,29.4123165165292
Microgale soricoides,3964,216,27.2715936270507
Microgale soricoides,3965,217,29.3885406549345
Microgale soricoides,11,3,139.931017050068
Microgale soricoides,12,4,0.461357019340336
Microgale soricoides,15,4,0.369019957634926
Microgale soricoides,29,4,0.092156793073833
Microgale soricoides,56,4,0.460479690076709
Microgale soricoides,57,4,0.276287814046025
Microgale soricoides,131,4,0.18402045498687
Microgale soricoides,260,4,3127.99631823698
Microgale soricoides,377,16,29.8841802741211
Microgale soricoides,379,16,135.884962880158
Microgale soricoides,3971,221,54.2551765402825
Microgale soricoides,1239,222,155.177572603438
Microgale soricoides,3913,207,40.9387850083935
Microgale soricoides,401,214,195.489360676493
Microgale soricoides,3972,225,28.6147883524215
Microgale soricoides,1739,226,0.0895386827195883
Microgale soricoides,2053,226,0.0894072119276524
Microgale soricoides,2894,226,1575.45166492975
Microgale soricoides,2777,228,0.177973798285246
Microgale soricoides,3431,228,2745.72999051519
Microgale soricoides,3981,228,1133.72441536638
Microgale soricoides,450,20,29.426242437476
Microgale soricoides,3982,229,18.5469218373579
Microgale soricoides,456,21,0.181274117312074
Microgale soricoides,458,21,148.411543038385
Microgale soricoides,735,24,0.812480411258936
Microgale soricoides,3984,24,38.4612961439313
Microgale soricoides,3985,24,0.180557963597178
Microgale soricoides,1197,230,210.169268097574
Microgale soricoides,3983,231,185.208699387767
Microgale soricoides,3986,232,109.709232176467
Microgale soricoides,3987,233,31.4563815275443
Microgale soricoides,843,33,0.180364578959107
Microgale soricoides,3994,33,55.9437887277733
Microgale soricoides,3995,33,29.7723925005817
Microgale soricoides,3996,33,21.7369523021773
Microgale soricoides,3968,234,63.6282484582447
Microgale soricoides,3967,218,29.0342127998761
Microgale soricoides,3991,218,0.360754872067451
Microgale soricoides,3992,218,0.0901872898641825
Microgale soricoides,971,220,0.179958904524803
Microgale soricoides,981,220,2.87876883525968
Microgale soricoides,983,220,0.899620833965421
Microgale soricoides,995,220,0.269868277515173
Microgale soricoides,3980,220,45.3586244343983
Microgale soricoides,3997,220,33.0953660842072
Microgale taiva,3,1,0.184729457799852
Microgale taiva,8,1,304.422217821965
Microgale taiva,10,2,152.498155501201
Microgale taiva,11,3,23.9987377843319
Microgale taiva,17,5,9.96612228876298
Microgale taiva,21,6,66.5158365371127
Microgale taiva,22,7,151.938908845318
Microgale taiva,26,4,155.065885933313
Microgale taiva,328,38,44.3538334620843
Microgale taiva,345,40,119.153241912564
Microgale taiva,382,43,29.3753021912422
Microgale taiva,416,46,28.8042997545974
Microgale taiva,541,50,0.821044563117385
Microgale taiva,543,50,17.8794211473037
Microgale taiva,618,53,27.7801576174308
Microgale taiva,619,53,0.273246820754766
Microgale taiva,2874,270,11.4781437368618
Microgale taiva,2883,270,0.700833316723585
Microgale taiva,3422,294,8.43718636894178
Microgale taiva,3460,339,6.60311605216253
Microgale taiva,3475,303,16.0684737306561
Microgale taiva,2154,343,215.656904731571
Microgale taiva,2891,271,0.0875841071029902
Microgale taiva,2982,271,0.0874956297413111
Microgale taiva,3147,271,452.02326469417
Microgale taiva,3524,310,29.0782282981092
Microgale taiva,3535,363,49.011008598217
Microgale taiva,79,12,48.9931911167293
Microgale taiva,3534,12,15.385181741811
Microgale taiva,231,23,0.183841973942041
Microgale taiva,234,23,0.643432019172192
Microgale taiva,249,23,0.275717098941624
Microgale taiva,254,23,0.275709061498523
Microgale taiva,256,23,0.459508593737543
Microgale taiva,258,23,0.45949710468936
Microgale taiva,266,23,1.10266377710527
Microgale taiva,274,23,0.826945434479237
Microgale taiva,288,23,0.367459639964223
Microgale taiva,295,23,1.46972063059181
Microgale taiva,355,23,432.708220309259
Microgale taiva,3526,307,29.4123165165292
Microgale taiva,3540,364,29.3885406549345
Microgale taiva,3392,345,1274.52680457772
Microgale taiva,3539,345,234.726847250796
Microgale taiva,45,8,0.644736027104974
Microgale taiva,50,8,100.136196696791
Microgale taiva,111,8,0.18402045498687
Microgale taiva,225,8,0.459616383672059
Microgale taiva,235,8,0.275752651619673
Microgale taiva,262,8,0.183794934333146
Microgale taiva,263,8,53.7688087064452
Microgale taiva,265,8,0.551364106284499
Microgale taiva,270,8,0.551319225258708
Microgale taiva,276,8,0.643170052255213
Microgale taiva,407,8,0.275287525101185
Microgale taiva,529,8,0.091247833550334
Microgale taiva,663,8,7156.62515960848
Microgale taiva,3556,372,54.2551765402825
Microgale taiva,3557,373,59.3564680753992
Microgale taiva,1126,341,176.465112044449
Microgale taiva,627,358,0.0910196564612388
Microgale taiva,3528,358,587.522437766301
Microgale taiva,3570,358,144.424302857257
Microgale taiva,3571,358,28.3052438323222
Microgale taiva,3569,380,257.987775640312
Microgale taiva,1913,381,13.3014223450974
Microgale taiva,2129,381,136.500753555115
Microgale taiva,2523,381,0.62064821295929
Microgale taiva,2528,381,0.265972006814122
Microgale taiva,2782,381,0.793622905395865
Microgale taiva,2822,381,0.176121529439092
Microgale taiva,2835,381,0.351836727607369
Microgale taiva,2836,381,3399.50459565057
Microgale taiva,2867,381,250.101745726456
Microgale taiva,2872,381,0.175331868039727
Microgale taiva,3573,381,1245.12263367133
Microgale taiva,3547,382,1609.79109290436
Microgale taiva,761,56,0.812480411258936
Microgale taiva,3580,56,16.6994855698657
Microgale taiva,2331,383,465.807169794926
Microgale taiva,3574,384,16.4163595908247
Microgale taiva,3575,385,14.8692397176668
Microgale taiva,3576,386,26.0164300679771
Microgale taiva,3577,387,308.475605014956
Microgale taiva,3578,388,20.6443376237523
Microgale taiva,3579,389,185.208699387767
Microgale taiva,3583,390,23.6377044755612
Microgale taiva,3584,391,110.070037848945
Microgale taiva,968,365,2.87876883525968
Microgale taiva,970,365,0.899620833965421
Microgale taiva,977,365,0.269868277515173
Microgale taiva,3572,365,56.9706430520978
Microgale taiva,3616,365,33.0953660842072
Microgale taiva,3554,367,67.5792188322154
Microgale taiva,3613,367,59.0271841096914
Microgale taiva,3612,392,18.5469218373579
Microgale taiva,3543,371,122.701643372855
Microgale taiva,3585,371,0.090232888949275
Microgale taiva,3586,371,29.7723925005817
Microgale taiva,3587,371,0.0902314672112465
Microgale taiva,3588,371,0.0902300452649593
Microgale taiva,3589,371,0.0902286231096983
Microgale taiva,3599,371,15.2341434265082
Microgale taiva,3594,393,0.360754872067451
Microgale taiva,3595,393,67.5307001400677
Microgale taiva,3596,393,0.0901872898641825
Microgale taiva,3598,394,47.3336670441899
Microgale taiva,3601,395,65.1599201313749
Microgale taiva,3607,396,11.8039994628603
Microgale taiva,3609,396,0.0900983339461088
Microgale taiva,3608,397,26.8481144580816
Microgale taiva,3611,398,19.9889174229442
Microgale taiva,3564,375,43.2201973058603
Microgale taiva,3615,399,14.2635312602702
Microgale thomasi,1,1,30.1491915678553
Microgale thomasi,5,2,242.346644732634
Microgale thomasi,8,4,27.3332108829928
Microgale thomasi,12,5,110.223524784537
Microgale thomasi,16,4,39.50920249758
Microgale thomasi,20,8,15.1334090931505
Microgale thomasi,31,13,6.17668561983395
Microgale thomasi,66,17,238.60983883988
Microgale thomasi,70,19,25.9627060283422
Microgale thomasi,74,19,7.91582309376431
Microgale thomasi,90,145,0.919496630984008
Microgale thomasi,97,145,6.25186649493766
Microgale thomasi,143,25,29.3753021912422
Microgale thomasi,145,26,60.0783564814395
Microgale thomasi,154,29,31.6875166683323
Microgale thomasi,156,31,143.86607624312
Microgale thomasi,963,90,12.7361471208223
Microgale thomasi,971,92,26.5957620119
Microgale thomasi,976,95,9.03832219414033
Microgale thomasi,977,95,0.805319379196763
Microgale thomasi,985,98,24.677084764406
Microgale thomasi,1031,98,298.156972346744
Microgale thomasi,1145,140,70.6771363124745
Microgale thomasi,1204,120,8.43718636894178
Microgale thomasi,510,147,1.35457540027249
Microgale thomasi,1259,147,38.3946948622806
Microgale thomasi,1247,146,28.1809853154598
Microgale thomasi,1264,152,30.0199160086901
Microgale thomasi,1240,125,29.4123165165292
Microgale thomasi,1265,153,10.3767457573495
Microgale thomasi,147,27,117.212787698418
Microgale thomasi,149,27,29.700864302778
Microgale thomasi,150,27,28.2340067741583
Microgale thomasi,1276,156,27.3206914378723
Microgale thomasi,1148,134,0.262028568104982
Microgale thomasi,1159,134,0.261868806515336
Microgale thomasi,1192,134,1075.33028648603
Microgale thomasi,1160,151,131.756682685578
Microgale thomasi,1161,151,25.2179298297899
Microgale thomasi,22,7,11.4402412683857
Microgale thomasi,23,7,0.369019957634926
Microgale thomasi,59,7,40.2587459644453
Microgale thomasi,64,7,0.460479690076709
Microgale thomasi,65,7,0.276287814046025
Microgale thomasi,68,7,1179.31017334187
Microgale thomasi,63,14,245.626903455505
Microgale thomasi,1283,14,0.737276350654483
Microgale thomasi,84,21,0.18402045498687
Microgale thomasi,86,21,18.8525092663892
Microgale thomasi,98,21,0.183868284008205
Microgale thomasi,140,21,1007.21573472064
Microgale thomasi,144,21,946.622268992794
Microgale thomasi,1266,21,29.7829427257106
Microgale thomasi,1267,21,22.7922233838264
Microgale thomasi,1284,21,54.2551765402825
Microgale thomasi,223,34,6.55139839463806
Microgale thomasi,227,34,146.342042473972
Microgale thomasi,229,34,1.09175737492621
Microgale thomasi,237,166,10.732342010129
Microgale thomasi,244,166,14.2775380444441
Microgale thomasi,1270,34,3.09337898071694
Microgale thomasi,1289,34,52.5475742193995
Microgale thomasi,301,158,257.987775640312
Microgale thomasi,1288,159,57.2295433791005
Microgale thomasi,887,161,176.195854830202
Microgale thomasi,1038,104,640.550587634902
Microgale thomasi,1042,104,94.7805900149232
Microgale thomasi,1055,104,1.68964842398798
Microgale thomasi,1056,104,209.733945357685
Microgale thomasi,1066,104,7.08298393171608
Microgale thomasi,1070,104,0.441649912203312
Microgale thomasi,1072,104,0.441623093728662
Microgale thomasi,1073,104,1.32446653053212
Microgale thomasi,1096,104,2284.91959617357
Microgale thomasi,51,130,0.460734393374979
Microgale thomasi,1281,130,12.7171275236335
Microgale thomasi,52,164,23.3206113885155
Microgale thomasi,1280,165,206.911031562798
Microgale thomasi,321,39,0.181274117312193
Microgale thomasi,866,39,248.687594954937
Microgale thomasi,1301,39,20.6443376237523
Microgale thomasi,523,167,0.812480411258936
Microgale thomasi,1303,167,38.4612961439313
Microgale thomasi,1304,167,0.180557963597178
Microgale thomasi,1299,168,16.4163595908247
Microgale thomasi,1300,169,5.62048870518661
Microgale thomasi,1302,170,185.208699387767
Microgale thomasi,1305,171,210.169268097574
Microgale thomasi,1306,172,168.082278723909
Microgale thomasi,1307,172,60.567145660564
Microgale thomasi,595,60,0.180364578959107
Microgale thomasi,940,60,92.0220915029475
Microgale thomasi,1308,60,29.7723925005817
Microgale thomasi,1309,173,65.1599201313749
Microgale thomasi,1271,155,29.426242437476
Microgale thomasi,1310,174,18.5469218373579
Microgale thomasi,1311,175,28.9796197983378
Microgale thomasi,717,157,0.179958904524803
Microgale thomasi,728,157,2.87876883525968
Microgale thomasi,730,157,0.899620833965421
Microgale thomasi,738,157,0.269868277515173
Microgale thomasi,1298,157,56.9706430520978
Microgale thomasi,1314,157,33.0953660842072
Monticola sharpei,24902,78,68.4073900828574
Monticola sharpei,133,2,9.25542923517722
Monticola sharpei,140,2,1.48074673073471
Monticola sharpei,142,2,1.48068535666716
Monticola sharpei,143,2,0.277623898765862
Monticola sharpei,150,2,1.38815019469857
Monticola sharpei,30690,2,0.185083622752249
Monticola sharpei,20,1,0.55664420881176
Monticola sharpei,23,1,0.371099061261296
Monticola sharpei,25,1,0.556625695955813
Monticola sharpei,27,1,0.185535398295105
Monticola sharpei,30,1,0.463806772104442
Monticola sharpei,32,1,0.27827526928854
Monticola sharpei,33,1,0.463781360735595
Monticola sharpei,39,1,0.278243954662919
Monticola sharpei,45,1,0.64914825101471
Monticola sharpei,47,1,120.469913094516
Monticola sharpei,30711,1,56.8711675529887
Monticola sharpei,100,95,21.1261124531245
Monticola sharpei,29035,98,2.33597082442749
Monticola sharpei,29038,98,0.173038084078312
Monticola sharpei,29478,98,0.777178853789091
Monticola sharpei,30787,98,0.604549703200817
Monticola sharpei,30838,98,57.1920356452289
Monticola sharpei,30839,98,27.2715936270507
Monticola sharpei,30840,98,29.4123165165292
Monticola sharpei,30841,98,29.3885406549345
Monticola sharpei,30842,98,20.6592519148769
Monticola sharpei,30843,98,19.9515621485635
Monticola sharpei,30655,99,44.4928427752445
Monticola sharpei,476,74,175.204558120961
Monticola sharpei,857,74,38.9884159684163
Monticola sharpei,1701,74,0.643524707942724
Monticola sharpei,1753,74,0.459616383672059
Monticola sharpei,1765,74,0.183841973942041
Monticola sharpei,1774,74,0.643432019172192
Monticola sharpei,1780,74,0.275752651619673
Monticola sharpei,1799,74,0.367655302864194
Monticola sharpei,1813,74,1.56243208603442
Monticola sharpei,1814,74,0.275729722221732
Monticola sharpei,1831,74,0.275717098941624
Monticola sharpei,1842,74,0.275709061498523
Monticola sharpei,1847,74,0.459508593737543
Monticola sharpei,1854,74,0.45949710468936
Monticola sharpei,1855,74,1.1946710927344
Monticola sharpei,1867,74,0.183794934333146
Monticola sharpei,1873,74,53.7688087064452
Monticola sharpei,1875,74,3.21620605602419
Monticola sharpei,1876,74,0.551364106284499
Monticola sharpei,1888,74,1.10266377710527
Monticola sharpei,1895,74,0.183781132994473
Monticola sharpei,1896,74,0.367564567481756
Monticola sharpei,1905,74,0.183777680330753
Monticola sharpei,1910,74,0.551319225258708
Monticola sharpei,1915,74,0.183773075227499
Monticola sharpei,1922,74,1.10259928914046
Monticola sharpei,1926,74,2.02137478975803
Monticola sharpei,1927,74,0.826945434479237
Monticola sharpei,1933,74,0.643170052255213
Monticola sharpei,1936,74,0.183763859938979
Monticola sharpei,1942,74,0.183761555059075
Monticola sharpei,1943,74,1.65382056523675
Monticola sharpei,1966,74,0.826825480994821
Monticola sharpei,1998,74,0.459349671094894
Monticola sharpei,2017,74,0.367459639964223
Monticola sharpei,2029,74,0.183724619395971
Monticola sharpei,2030,74,0.275586929093957
Monticola sharpei,2037,74,1.46972063059181
Monticola sharpei,2038,74,0.275577679304183
Monticola sharpei,2096,74,0.367363554798603
Monticola sharpei,2120,74,58.6780858784226
Monticola sharpei,2183,74,432.708220309259
Monticola sharpei,2214,74,0.275443051051259
Monticola sharpei,5948,74,15150.9010242786
Monticola sharpei,30447,74,179.54495541553
Monticola sharpei,30607,74,47.8541654373711
Monticola sharpei,30846,74,77.4065442805075
Monticola sharpei,30870,74,54.2551765402825
Monticola sharpei,30871,74,587.522437766301
Monticola sharpei,30872,74,257.987775640312
Monticola sharpei,7214,72,0.181274117312193
Monticola sharpei,30893,72,16.4163595908247
Monticola sharpei,30894,72,14.8692397176668
Monticola sharpei,30895,72,26.0164300679771
Monticola sharpei,30896,72,308.475605014956
Monticola sharpei,30897,72,20.6443376237523
Monticola sharpei,10132,101,0.812480411258936
Monticola sharpei,11471,101,158.705818376245
Monticola sharpei,11853,101,70.171205546759
Monticola sharpei,12176,101,0.179958904524803
Monticola sharpei,12261,101,2.87876883525968
Monticola sharpei,12269,101,0.899620833965421
Monticola sharpei,12322,101,0.269868277515173
Monticola sharpei,13332,101,176.465112044449
Monticola sharpei,17914,101,170.785426053188
Monticola sharpei,18117,101,224.299706164179
Monticola sharpei,19338,101,465.807169794926
Monticola sharpei,20868,101,0.620648212959528
Monticola sharpei,20892,101,0.265972006814122
Monticola sharpei,20927,101,0.709200345668078
Monticola sharpei,20957,101,0.177290677110672
Monticola sharpei,26727,101,4568.97960768796
Monticola sharpei,29834,101,1320.72290065696
Monticola sharpei,30754,101,38.3946948622806
Monticola sharpei,30762,101,1.35457540027201
Monticola sharpei,30829,101,20.7455502793244
Monticola sharpei,30830,101,234.81411045919
Monticola sharpei,30835,101,72.7284184850583
Monticola sharpei,30855,101,122.701643372855
Monticola sharpei,30859,101,1633.8566839868
Monticola sharpei,30882,101,45.4757890931116
Monticola sharpei,30889,101,56.9706430520978
Monticola sharpei,30890,101,1264.80094030401
Monticola sharpei,30899,101,38.8224120711257
Monticola sharpei,30900,101,23.6377044755612
Monticola sharpei,30901,101,110.070037848945
Monticola sharpei,30905,101,29.7723925005817
Monticola sharpei,30910,101,2.70596556277776
Monticola sharpei,30913,101,0.360754872067451
Monticola sharpei,30914,101,67.5307001400677
Monticola sharpei,30916,101,0.180371722902298
Monticola sharpei,30917,101,47.3336670441899
Monticola sharpei,30918,101,15.2341434265082
Monticola sharpei,30919,101,3.15564838214624
Monticola sharpei,30920,101,65.1599201313749
Monticola sharpei,30921,101,3.15489428832662
Monticola sharpei,30923,101,0.180284389288425
Monticola sharpei,30926,101,11.8039994628603
Monticola sharpei,30927,101,26.8481144580816
Monticola sharpei,30929,101,2.34215426115477
Monticola sharpei,30930,101,19.9889174229442
Monticola sharpei,30931,101,14.2635312602702
Monticola sharpei,30932,101,33.0953660842072
Monticola sharpei,30898,102,185.208699387767
Monticola sharpei,30847,100,132.962781072095
Monticola sharpei,30903,100,0.453956211002231
Monticola sharpei,30902,103,18.5469218373579
Mystacornis crossleyi,37,2,13.1803252548393
Mystacornis crossleyi,55,2,0.460734393374979
Mystacornis crossleyi,56,2,12.7171275236348
Mystacornis crossleyi,60,2,29.1119459662804
Mystacornis crossleyi,5245,5,29.4123165165292
Mystacornis crossleyi,5293,5,27.2715936270507
Mystacornis crossleyi,5294,5,29.3885406549345
Mystacornis crossleyi,5295,5,20.6592519148769
Mystacornis crossleyi,2,1,112.341414136247
Mystacornis crossleyi,6,1,129.326680743726
Mystacornis crossleyi,9,1,3.50637091730225
Mystacornis crossleyi,10,1,1.66091588708526
Mystacornis crossleyi,18,1,23.8936396878917
Mystacornis crossleyi,28,1,0.6456592656492
Mystacornis crossleyi,29,1,23.148487543929
Mystacornis crossleyi,33,1,30.0593642453539
Mystacornis crossleyi,39,1,23.318771661808
Mystacornis crossleyi,72,1,1.74986507844758
Mystacornis crossleyi,73,1,93.4084023599993
Mystacornis crossleyi,77,1,0.828812250984609
Mystacornis crossleyi,130,1,0.643524707940877
Mystacornis crossleyi,131,1,2.11438066261417
Mystacornis crossleyi,136,1,0.459616383672059
Mystacornis crossleyi,141,1,0.643432019172192
Mystacornis crossleyi,142,1,0.275752651619673
Mystacornis crossleyi,147,1,0.367655302864194
Mystacornis crossleyi,149,1,1.56243208603442
Mystacornis crossleyi,150,1,0.275729722221732
Mystacornis crossleyi,151,1,0.275717098941624
Mystacornis crossleyi,153,1,0.275709061498523
Mystacornis crossleyi,154,1,0.459508593737543
Mystacornis crossleyi,155,1,0.275701020456195
Mystacornis crossleyi,156,1,0.45949710468936
Mystacornis crossleyi,157,1,1.1946710927344
Mystacornis crossleyi,158,1,3.30822947109908
Mystacornis crossleyi,162,1,1.47030313296086
Mystacornis crossleyi,164,1,0.64325064792037
Mystacornis crossleyi,185,1,304.647102822697
Mystacornis crossleyi,203,1,14.4181473408762
Mystacornis crossleyi,221,1,3.48845173661
Mystacornis crossleyi,266,1,0.275296915365994
Mystacornis crossleyi,334,1,0.275038230340004
Mystacornis crossleyi,345,1,0.366640248780668
Mystacornis crossleyi,348,1,1.64962747188139
Mystacornis crossleyi,364,1,5.77274455880851
Mystacornis crossleyi,389,1,16.4774738307936
Mystacornis crossleyi,396,1,0.366123868361652
Mystacornis crossleyi,398,1,9285.29889106516
Mystacornis crossleyi,399,1,0.457640860679746
Mystacornis crossleyi,456,1,811.550410994229
Mystacornis crossleyi,477,1,1.09562847792959
Mystacornis crossleyi,481,1,0.730251124382853
Mystacornis crossleyi,482,1,0.273849359069586
Mystacornis crossleyi,486,1,0.273786407778382
Mystacornis crossleyi,488,1,1.18614475155497
Mystacornis crossleyi,518,1,3.46533733650792
Mystacornis crossleyi,535,1,0.547095007017732
Mystacornis crossleyi,547,1,569.631944910889
Mystacornis crossleyi,579,1,0.273246820754766
Mystacornis crossleyi,622,1,524.455388418614
Mystacornis crossleyi,5296,1,26.0157919395684
Mystacornis crossleyi,5313,1,25.7528153259755
Mystacornis crossleyi,5314,1,233.118431852782
Mystacornis crossleyi,5315,1,102.477791314072
Mystacornis crossleyi,5316,1,257.987775640312
Mystacornis crossleyi,5317,1,169.319977831154
Mystacornis crossleyi,5318,1,113.866041278604
Mystacornis crossleyi,718,4,1.35457540027249
Mystacornis crossleyi,731,4,0.812480411258936
Mystacornis crossleyi,835,4,12.8932742207127
Mystacornis crossleyi,840,4,0.360620400392294
Mystacornis crossleyi,848,4,21.181140582427
Mystacornis crossleyi,855,4,0.991438515083671
Mystacornis crossleyi,893,4,41.9852753191171
Mystacornis crossleyi,913,4,0.720594756514073
Mystacornis crossleyi,1131,4,2.87876883525968
Mystacornis crossleyi,1133,4,0.899620833965421
Mystacornis crossleyi,1151,4,0.269868277515173
Mystacornis crossleyi,1483,4,176.465112044449
Mystacornis crossleyi,3178,4,170.785426053188
Mystacornis crossleyi,3216,4,224.299706164162
Mystacornis crossleyi,3551,4,465.807169794926
Mystacornis crossleyi,3887,4,0.62064821295929
Mystacornis crossleyi,3892,4,0.265972006814122
Mystacornis crossleyi,3902,4,0.709200345668078
Mystacornis crossleyi,4494,4,0.614342893218875
Mystacornis crossleyi,4790,4,0.874369558251738
Mystacornis crossleyi,4876,4,4386.67289798339
Mystacornis crossleyi,4922,4,0.261868806515336
Mystacornis crossleyi,5232,4,1238.33226361618
Mystacornis crossleyi,5288,4,234.726847250796
Mystacornis crossleyi,5292,4,72.7284184850583
Mystacornis crossleyi,5303,4,122.521170488563
Mystacornis crossleyi,5307,4,1633.8566839868
Mystacornis crossleyi,5328,4,45.4757890931116
Mystacornis crossleyi,5331,4,56.9706430520978
Mystacornis crossleyi,5332,4,1264.80094030401
Mystacornis crossleyi,5338,4,34.3971482793418
Mystacornis crossleyi,5340,4,23.6377044755612
Mystacornis crossleyi,5341,4,110.070037848945
Mystacornis crossleyi,5343,4,29.7723925005817
Mystacornis crossleyi,5348,4,2.70596556277776
Mystacornis crossleyi,5351,4,0.360754872067451
Mystacornis crossleyi,5352,4,67.5307001400677
Mystacornis crossleyi,5355,4,47.3336670441899
Mystacornis crossleyi,5356,4,15.2341434265082
Mystacornis crossleyi,5357,4,3.15564838214624
Mystacornis crossleyi,5358,4,65.1599201313749
Mystacornis crossleyi,5359,4,3.15489428832662
Mystacornis crossleyi,5364,4,11.8039994628603
Mystacornis crossleyi,5365,4,26.8481144580816
Mystacornis crossleyi,5367,4,2.34215426115477
Mystacornis crossleyi,5368,4,19.9889174229442
Mystacornis crossleyi,5369,4,14.2635312602702
Mystacornis crossleyi,5370,4,33.0953660842072
Mystacornis crossleyi,5333,7,14.8692397176668
Mystacornis crossleyi,5334,7,26.0164300679771
Mystacornis crossleyi,5335,7,308.475605014956
Mystacornis crossleyi,5336,7,15.211670940587
Mystacornis crossleyi,5337,8,185.208699387767
Mystacornis crossleyi,5297,6,57.7701148116656
Mystacornis crossleyi,5342,6,29.426242437476
Neodrepanis coruscans,95,2,57.7213654392147
Neodrepanis coruscans,356,4,0.0913730974861383
Neodrepanis coruscans,362,4,0.0913569323071241
Neodrepanis coruscans,371,4,562.109520607539
Neodrepanis coruscans,373,4,1.64430895920491
Neodrepanis coruscans,376,4,0.0913494594436884
Neodrepanis coruscans,377,4,7.67238536788142
Neodrepanis coruscans,378,4,0.0913482132290602
Neodrepanis coruscans,379,4,0.182695180032492
Neodrepanis coruscans,401,4,1.73528662736785
Neodrepanis coruscans,430,4,64.5596956529403
Neodrepanis coruscans,443,4,0.273849359069586
Neodrepanis coruscans,444,4,0.182563724761963
Neodrepanis coruscans,2748,22,16.5183256766745
Neodrepanis coruscans,2787,22,1.96377893533659
Neodrepanis coruscans,2825,22,4.4623509704634
Neodrepanis coruscans,2847,22,3.9261218879621
Neodrepanis coruscans,2850,22,0.178472077741504
Neodrepanis coruscans,3022,22,98.3622411861316
Neodrepanis coruscans,4639,23,29.4123165165292
Neodrepanis coruscans,4654,23,27.2715936270507
Neodrepanis coruscans,4655,23,29.3885406549345
Neodrepanis coruscans,4656,23,20.6592519148769
Neodrepanis coruscans,3814,11,12.2981810749322
Neodrepanis coruscans,3819,11,10.5378962551237
Neodrepanis coruscans,3830,11,0.614342893218875
Neodrepanis coruscans,3855,11,169.39913621377
Neodrepanis coruscans,3896,11,0.788521377318382
Neodrepanis coruscans,3997,11,2.45062763333797
Neodrepanis coruscans,4120,11,2.79817493289018
Neodrepanis coruscans,4128,11,0.874369558251738
Neodrepanis coruscans,4240,11,582.950264740073
Neodrepanis coruscans,4313,11,0.261868806515336
Neodrepanis coruscans,4372,11,0.261605564093828
Neodrepanis coruscans,4380,11,0.348776675967693
Neodrepanis coruscans,4389,11,0.52311163881433
Neodrepanis coruscans,4400,11,0.0871801445174217
Neodrepanis coruscans,4406,11,0.610212119015932
Neodrepanis coruscans,4491,11,3.3089298474443
Neodrepanis coruscans,4492,11,0.0870747998120785
Neodrepanis coruscans,4596,11,6.60311605216253
Neodrepanis coruscans,4629,11,1065.94631381063
Neodrepanis coruscans,4647,11,234.726847250796
Neodrepanis coruscans,4652,11,23.1220312933113
Neodrepanis coruscans,4653,11,15.9816042844814
Neodrepanis coruscans,3,1,0.460479690076709
Neodrepanis coruscans,4,1,0.276287814046025
Neodrepanis coruscans,34,1,0.18402045498687
Neodrepanis coruscans,197,1,0.275296915365994
Neodrepanis coruscans,201,1,0.367061380223393
Neodrepanis coruscans,221,1,647.874689909015
Neodrepanis coruscans,222,1,2.65988935294008
Neodrepanis coruscans,233,1,0.091711434103787
Neodrepanis coruscans,234,1,0.0917090672451854
Neodrepanis coruscans,235,1,0.366826797954977
Neodrepanis coruscans,248,1,0.183394440543294
Neodrepanis coruscans,268,1,0.733449546446562
Neodrepanis coruscans,274,1,0.0916782211540937
Neodrepanis coruscans,276,1,0.0916758424602151
Neodrepanis coruscans,279,1,4983.42829757316
Neodrepanis coruscans,282,1,0.366640248780668
Neodrepanis coruscans,292,1,91.4907269726863
Neodrepanis coruscans,306,1,41.8330794417093
Neodrepanis coruscans,313,1,0.183021781830788
Neodrepanis coruscans,317,1,0.27451926506561
Neodrepanis coruscans,4657,1,183.128632923541
Neodrepanis coruscans,4661,1,3.86624550171858
Neodrepanis coruscans,4663,1,185.019204770686
Neodrepanis coruscans,514,5,208.496851193089
Neodrepanis coruscans,4664,5,59.3564680753992
Neodrepanis coruscans,1343,26,176.465112044449
Neodrepanis coruscans,2895,26,103.727793827698
Neodrepanis coruscans,2907,26,1.33797868502498
Neodrepanis coruscans,2929,26,0.0891961786953211
Neodrepanis coruscans,2988,26,0.0891648217301369
Neodrepanis coruscans,2990,26,0.178329643460274
Neodrepanis coruscans,2992,26,12.7478930967271
Neodrepanis coruscans,3254,26,1633.8566839868
Neodrepanis coruscans,3462,26,0.62064821295929
Neodrepanis coruscans,3463,26,0.265972006814122
Neodrepanis coruscans,3464,26,0.709200345668078
Neodrepanis coruscans,3466,26,0.177290677110672
Neodrepanis coruscans,3698,26,0.0883306527793407
Neodrepanis coruscans,3709,26,0.0882920564128161
Neodrepanis coruscans,3797,26,0.088071865139842
Neodrepanis coruscans,3798,26,0.0880684505543709
Neodrepanis coruscans,3802,26,0.968657305971384
Neodrepanis coruscans,3805,26,57.3888585499607
Neodrepanis coruscans,3806,26,4.31124233271003
Neodrepanis coruscans,3810,26,0.0879725099756718
Neodrepanis coruscans,3813,26,2992.15996323417
Neodrepanis coruscans,4674,26,1251.15623196507
Neodrepanis coruscans,583,24,0.455462092835426
Neodrepanis coruscans,593,24,27.7801576174308
Neodrepanis coruscans,594,24,0.273246820754766
Neodrepanis coruscans,595,24,0.728630221539021
Neodrepanis coruscans,600,24,0.273218414016366
Neodrepanis coruscans,602,24,24.6650563823328
Neodrepanis coruscans,608,24,235.647403729741
Neodrepanis coruscans,4658,24,27.87552267994
Neodrepanis coruscans,4665,24,29.9665759035923
Neodrepanis coruscans,4666,24,19.032073464206
Neodrepanis coruscans,4667,24,29.9512227598074
Neodrepanis coruscans,4668,24,29.8602134693177
Neodrepanis coruscans,1291,7,465.536944052392
Neodrepanis coruscans,4659,7,67.5307001400677
Neodrepanis coruscans,4660,7,19.9889174229442
Neodrepanis coruscans,4682,7,109.351375728494
Neodrepanis coruscans,4683,7,2.70596556277776
Neodrepanis coruscans,4684,7,0.090200136197567
Neodrepanis coruscans,4685,7,0.0901987096612454
Neodrepanis coruscans,4686,7,0.360754872067451
Neodrepanis coruscans,4687,7,0.0901872898641825
Neodrepanis coruscans,4688,7,0.180371722902298
Neodrepanis coruscans,4689,7,6.67190853853011
Neodrepanis coruscans,4690,7,2.43376534148085
Neodrepanis coruscans,4691,7,0.0901443467520475
Neodrepanis coruscans,4692,7,0.0901429120830297
Neodrepanis coruscans,4693,7,0.180284389288425
Neodrepanis coruscans,4694,7,0.2703799137218
Neodrepanis coruscans,4695,7,11.8039994628603
Neodrepanis coruscans,4696,7,0.0900983339461088
Neodrepanis coruscans,4697,7,2.34215426115477
Neodrepanis coruscans,4675,27,5.62048870518661
Neodrepanis coruscans,4676,27,26.0164300679771
Neodrepanis coruscans,4677,27,236.359902040119
Neodrepanis coruscans,4678,27,2.35459958157885
Neodrepanis coruscans,4679,27,15.211670940587
Neodrepanis coruscans,4680,28,185.208699387767
Neodrepanis coruscans,4681,29,23.6377044755612
Neomixis striatigula,1,1,56.8711675529887
Neomixis striatigula,10972,73,29.4123165165292
Neomixis striatigula,10990,73,27.2715936270507
Neomixis striatigula,10991,73,29.3885406549345
Neomixis striatigula,10992,73,20.6592519148769
Neomixis striatigula,66,3,152.498155501201
Neomixis striatigula,113,3,2.21454840610319
Neomixis striatigula,182,3,2.49029952967984
Neomixis striatigula,304,3,38.9884159684163
Neomixis striatigula,388,3,0.276354423903167
Neomixis striatigula,406,3,0.644736027104974
Neomixis striatigula,415,3,3.68393426545006
Neomixis striatigula,426,3,143.789201630759
Neomixis striatigula,449,3,1.19697195979726
Neomixis striatigula,627,3,0.643524707942724
Neomixis striatigula,645,3,0.459616383672059
Neomixis striatigula,649,3,0.183841973942041
Neomixis striatigula,652,3,0.643432019172192
Neomixis striatigula,654,3,0.275752651619673
Neomixis striatigula,660,3,0.367655302864194
Neomixis striatigula,664,3,1.56243208603442
Neomixis striatigula,665,3,0.275729722221732
Neomixis striatigula,666,3,0.275717098941624
Neomixis striatigula,670,3,0.275709061498523
Neomixis striatigula,672,3,0.459508593737543
Neomixis striatigula,673,3,0.45949710468936
Neomixis striatigula,674,3,1.1946710927344
Neomixis striatigula,679,3,0.183794934333146
Neomixis striatigula,681,3,48.3473901825234
Neomixis striatigula,682,3,3.21620605602419
Neomixis striatigula,683,3,0.551364106284499
Neomixis striatigula,691,3,1.10266377710551
Neomixis striatigula,692,3,0.183781132994473
Neomixis striatigula,693,3,0.367564567481756
Neomixis striatigula,698,3,0.183777680330753
Neomixis striatigula,700,3,0.183773075227499
Neomixis striatigula,704,3,1.10259928914046
Neomixis striatigula,706,3,2.02137478975803
Neomixis striatigula,707,3,0.826945434479237
Neomixis striatigula,710,3,0.183761555059075
Neomixis striatigula,711,3,1.65382056523675
Neomixis striatigula,721,3,0.826825480995119
Neomixis striatigula,725,3,0.459349671094894
Neomixis striatigula,731,3,0.367459639964223
Neomixis striatigula,735,3,0.183724619395971
Neomixis striatigula,736,3,0.275586929093957
Neomixis striatigula,742,3,1.46972063059181
Neomixis striatigula,743,3,0.275577679304183
Neomixis striatigula,750,3,2.11261448298192
Neomixis striatigula,770,3,0.367363554798603
Neomixis striatigula,776,3,44.2620059256014
Neomixis striatigula,796,3,378.50360665614
Neomixis striatigula,994,3,0.183394440543294
Neomixis striatigula,1006,3,0.18336000918591
Neomixis striatigula,1007,3,0.183357631337821
Neomixis striatigula,1024,3,0.366640248780668
Neomixis striatigula,1030,3,1.64962747188139
Neomixis striatigula,1037,3,35.377564380859
Neomixis striatigula,1046,3,0.733120482577145
Neomixis striatigula,1059,3,5.77274455880851
Neomixis striatigula,1084,3,50.0221129026707
Neomixis striatigula,1097,3,2.56392490558284
Neomixis striatigula,1098,3,0.274711030231118
Neomixis striatigula,1188,3,1.09691577132261
Neomixis striatigula,1197,3,0.182808168510437
Neomixis striatigula,1198,3,0.274199880823612
Neomixis striatigula,1342,3,18.7867803754567
Neomixis striatigula,1424,3,0.820222737159848
Neomixis striatigula,1430,3,2.55151549227786
Neomixis striatigula,1439,3,0.455598468921423
Neomixis striatigula,1467,3,18.3080449645846
Neomixis striatigula,1536,3,1.54631591944504
Neomixis striatigula,1540,3,0.181908727194786
Neomixis striatigula,1593,3,12907.9154091972
Neomixis striatigula,10911,3,3.50637091730267
Neomixis striatigula,10918,3,161.827507484752
Neomixis striatigula,10995,3,61.3675207380337
Neomixis striatigula,10996,3,53.7609888564992
Neomixis striatigula,11011,3,47.8541654373711
Neomixis striatigula,11023,3,54.2551765402825
Neomixis striatigula,11024,3,203.108265994193
Neomixis striatigula,11025,3,587.522437766301
Neomixis striatigula,11026,3,257.987775640312
Neomixis striatigula,1714,71,0.181274117312074
Neomixis striatigula,11043,71,16.4163595908247
Neomixis striatigula,11044,71,14.8692397176668
Neomixis striatigula,11045,71,26.0164300679771
Neomixis striatigula,11046,71,308.475605014956
Neomixis striatigula,11047,71,20.6443376237523
Neomixis striatigula,1961,75,1.35457540027249
Neomixis striatigula,2011,75,0.812480411258936
Neomixis striatigula,7393,75,465.807169794926
Neomixis striatigula,10958,75,38.3946948622806
Neomixis striatigula,11005,75,122.701643372855
Neomixis striatigula,11049,75,38.4612961439313
Neomixis striatigula,11050,75,0.180557963597178
Neomixis striatigula,11052,75,110.070037848945
Neomixis striatigula,11056,75,29.7723925005817
Neomixis striatigula,11061,75,2.70596556277776
Neomixis striatigula,11064,75,0.360754872067451
Neomixis striatigula,11065,75,67.5307001400677
Neomixis striatigula,11067,75,0.180371722902298
Neomixis striatigula,11068,75,47.3336670441899
Neomixis striatigula,11069,75,15.2341434265082
Neomixis striatigula,11070,75,3.15564838214624
Neomixis striatigula,11071,75,65.1599201313749
Neomixis striatigula,11072,75,3.15489428832662
Neomixis striatigula,11074,75,0.180284389288425
Neomixis striatigula,11077,75,11.8039994628603
Neomixis striatigula,11078,75,26.8481144580816
Neomixis striatigula,11080,75,2.34215426115477
Neomixis striatigula,11081,75,19.9889174229442
Neomixis striatigula,2183,76,0.360621833185196
Neomixis striatigula,2207,76,21.181140582427
Neomixis striatigula,2214,76,31.3725311600494
Neomixis striatigula,2217,76,0.991438515083671
Neomixis striatigula,2278,76,41.9852753191171
Neomixis striatigula,2613,77,0.179958904524803
Neomixis striatigula,2670,77,2.87876883525968
Neomixis striatigula,2675,77,0.899620833965421
Neomixis striatigula,2707,77,0.269868277515173
Neomixis striatigula,11040,77,56.9706430520978
Neomixis striatigula,11083,77,33.0953660842072
Neomixis striatigula,3270,78,176.465112044449
Neomixis striatigula,6512,78,170.785426053188
Neomixis striatigula,6625,78,224.299706164179
Neomixis striatigula,8079,78,0.620648212959528
Neomixis striatigula,8092,78,0.265972006814122
Neomixis striatigula,8109,78,0.709200345668078
Neomixis striatigula,8124,78,0.177290677110672
Neomixis striatigula,9100,78,16.7328206902607
Neomixis striatigula,9131,78,1.6731160765605
Neomixis striatigula,9164,78,0.528311610993385
Neomixis striatigula,10144,78,4447.1927860645
Neomixis striatigula,10804,78,6.60311605216253
Neomixis striatigula,10894,78,1320.72290065696
Neomixis striatigula,10984,78,234.726847250796
Neomixis striatigula,10988,78,23.1220312933113
Neomixis striatigula,10989,78,16.0684737306582
Neomixis striatigula,11009,78,1596.0565492451
Neomixis striatigula,11041,78,0.268007236974359
Neomixis striatigula,11042,78,1264.80094030401
Neomixis striatigula,11035,79,45.4757890931116
Neomixis striatigula,11082,79,14.2635312602702
Neomixis striatigula,11048,80,185.208699387767
Neomixis striatigula,11051,81,23.6377044755612
Neomixis striatigula,10997,74,132.962781072095
Neomixis striatigula,11054,74,0.453956211002231
Neomixis striatigula,11053,82,18.5469218373579
Neomixis tenella,39787,243,44.4928427752445
Neomixis tenella,39820,256,35.7097522353754
Neomixis tenella,36868,264,46.5723968884147
Neomixis tenella,39878,264,36.3826787541578
Neomixis tenella,39842,257,13.0307413413469
Neomixis tenella,39846,257,6.06907414019537
Neomixis tenella,39901,257,2.02272765648687
Neomixis tenella,6306,172,16.3740665150672
Neomixis tenella,6552,172,2.19464777098459
Neomixis tenella,6593,172,12.894550309714
Neomixis tenella,485,241,0.370271373195231
Neomixis tenella,487,241,0.462834125284791
Neomixis tenella,493,241,43.0377824654073
Neomixis tenella,494,241,0.18513059458977
Neomixis tenella,516,241,1.48074673073471
Neomixis tenella,519,241,1.66577102635694
Neomixis tenella,524,241,0.277623898765862
Neomixis tenella,527,241,0.277610584835947
Neomixis tenella,551,241,1.38815019469857
Neomixis tenella,39986,241,0.185083622752249
Neomixis tenella,213,274,0.463597745714188
Neomixis tenella,223,274,0.0927073077802658
Neomixis tenella,279,274,43.1111113539241
Neomixis tenella,96,83,0.55664420881176
Neomixis tenella,108,83,0.371099061261296
Neomixis tenella,112,83,0.556625695955813
Neomixis tenella,129,83,0.185535398295105
Neomixis tenella,141,83,0.463806772104442
Neomixis tenella,152,83,0.27827526928854
Neomixis tenella,155,83,0.463781360735595
Neomixis tenella,170,83,0.278243954662919
Neomixis tenella,183,83,0.64914825101471
Neomixis tenella,194,83,120.469913094516
Neomixis tenella,40013,83,56.8711675529887
Neomixis tenella,302,275,21.1261124531245
Neomixis tenella,309,275,0.0926675960290432
Neomixis tenella,336,275,0.0926606114119887
Neomixis tenella,37975,88,0.434814517434597
Neomixis tenella,38048,88,22.1664357981985
Neomixis tenella,40287,88,0.869046459451437
Neomixis tenella,40288,88,0.173810764615774
Neomixis tenella,14416,118,0.0905584602525234
Neomixis tenella,14498,118,0.0905447203236818
Neomixis tenella,14662,118,38.2051651932399
Neomixis tenella,14707,118,0.0905061372197867
Neomixis tenella,14728,118,3.07696966736627
Neomixis tenella,14733,118,0.723997986286044
Neomixis tenella,14783,118,0.361958205401897
Neomixis tenella,40143,118,0.452763459861636
Neomixis tenella,20404,283,130.568218715013
Neomixis tenella,40241,284,78.5054384879867
Neomixis tenella,37141,253,42.7285134450907
Neomixis tenella,37242,253,0.174401901460171
Neomixis tenella,37267,253,0.261578436938167
Neomixis tenella,37499,253,32.1480221259206
Neomixis tenella,37699,253,0.0870729775416851
Neomixis tenella,37714,253,0.174136841906786
Neomixis tenella,37725,253,0.0870656864323616
Neomixis tenella,37734,253,0.261180647714615
Neomixis tenella,39724,253,17.5386823479733
Neomixis tenella,39960,286,9.75781767177379
Neomixis tenella,19685,272,0.0899370735929012
Neomixis tenella,19798,272,0.0899238860028982
Neomixis tenella,19809,272,0.449603298739433
Neomixis tenella,19810,272,0.359686745625973
Neomixis tenella,19838,272,0.0899194863940477
Neomixis tenella,19945,272,36.331879859746
Neomixis tenella,40237,272,6.47518067736232
Neomixis tenella,40238,272,0.0899312145228386
Neomixis tenella,40239,272,0.449634089967847
Neomixis tenella,38536,280,2.33597082442749
Neomixis tenella,38538,280,0.173038084078312
Neomixis tenella,38966,280,57.1920356452289
Neomixis tenella,38709,288,0.777178853789091
Neomixis tenella,40106,288,0.604549703200817
Neomixis tenella,40289,288,27.2715936270507
Neomixis tenella,40290,288,29.4123165165292
Neomixis tenella,40291,288,29.3885406549345
Neomixis tenella,40292,288,20.6592519148769
Neomixis tenella,40293,288,19.9515621485635
Neomixis tenella,23681,289,2.50550766269672
Neomixis tenella,23939,289,0.178908027130246
Neomixis tenella,23990,289,0.89446200739193
Neomixis tenella,24051,289,0.0894394566888809
Neomixis tenella,24221,289,0.536503212695122
Neomixis tenella,30391,265,35.9142155788532
Neomixis tenella,40269,265,15.4450147414067
Neomixis tenella,40313,265,9.49462234218203
Neomixis tenella,40314,265,23.5087072345356
Neomixis tenella,7052,16,2.64969806134474
Neomixis tenella,7103,16,0.274089461484194
Neomixis tenella,7104,16,0.0913643975844383
Neomixis tenella,7116,16,0.0913631538983583
Neomixis tenella,7163,16,7.03479595916414
Neomixis tenella,7178,16,4.567756926453
Neomixis tenella,7219,16,0.0913494594436884
Neomixis tenella,7238,16,0.0913482132290602
Neomixis tenella,7239,16,9.04258868397665
Neomixis tenella,7802,16,0.0912806047910452
Neomixis tenella,7838,16,2.28180747323132
Neomixis tenella,8043,16,0.0912427791885138
Neomixis tenella,8056,16,506.460640973838
Neomixis tenella,8057,16,0.0912402507441044
Neomixis tenella,8063,16,2.00722734047782
Neomixis tenella,8073,16,0.364942030489683
Neomixis tenella,8083,16,0.456175956650972
Neomixis tenella,40012,16,0.456749789226413
Neomixis tenella,40132,16,81.3668221959746
Neomixis tenella,974,148,0.0923248392761946
Neomixis tenella,1014,148,175.204558120961
Neomixis tenella,1182,148,113.987725474651
Neomixis tenella,1452,148,0.184371770013034
Neomixis tenella,1511,148,38.9884159684163
Neomixis tenella,2768,148,0.643524707942724
Neomixis tenella,2844,148,0.459616383672059
Neomixis tenella,2871,148,0.183841973942041
Neomixis tenella,2882,148,0.643432019172192
Neomixis tenella,2889,148,0.275752651619673
Neomixis tenella,2913,148,0.367655302864194
Neomixis tenella,2934,148,1.56243208603442
Neomixis tenella,2935,148,0.275729722221732
Neomixis tenella,2958,148,0.275717098941624
Neomixis tenella,2977,148,0.275709061498523
Neomixis tenella,2986,148,0.459508593737543
Neomixis tenella,3004,148,0.45949710468936
Neomixis tenella,3005,148,1.1946710927344
Neomixis tenella,3026,148,0.183794934333146
Neomixis tenella,3038,148,53.7688087064452
Neomixis tenella,3043,148,3.21620605602419
Neomixis tenella,3044,148,0.551364106284499
Neomixis tenella,3059,148,1.10266377710527
Neomixis tenella,3074,148,0.183781132994473
Neomixis tenella,3075,148,0.367564567481756
Neomixis tenella,3094,148,0.183777680330753
Neomixis tenella,3104,148,0.551319225258708
Neomixis tenella,3110,148,0.183773075227499
Neomixis tenella,3118,148,1.10259928914046
Neomixis tenella,3125,148,2.02137478975803
Neomixis tenella,3126,148,0.826945434479237
Neomixis tenella,3136,148,0.643170052255213
Neomixis tenella,3146,148,0.183763859938979
Neomixis tenella,3160,148,0.183761555059075
Neomixis tenella,3161,148,1.65382056523675
Neomixis tenella,3203,148,0.826825480994821
Neomixis tenella,3249,148,0.459349671094894
Neomixis tenella,3290,148,0.367459639964223
Neomixis tenella,3313,148,0.183724619395971
Neomixis tenella,3314,148,0.275586929093957
Neomixis tenella,3331,148,1.46972063059181
Neomixis tenella,3332,148,0.275577679304183
Neomixis tenella,3511,148,0.367363554798603
Neomixis tenella,3559,148,58.6780858784226
Neomixis tenella,3714,148,432.708220309259
Neomixis tenella,3799,148,0.275443051051259
Neomixis tenella,5317,148,0.641469659821689
Neomixis tenella,6412,148,0.0914730164474845
Neomixis tenella,6457,148,0.0914632094820142
Neomixis tenella,6583,148,1.37162994920188
Neomixis tenella,9497,148,3.73408961568439
Neomixis tenella,9560,148,0.273218414016366
Neomixis tenella,10471,148,7.63979273292554
Neomixis tenella,10516,148,12.1862035990483
Neomixis tenella,11842,148,13449.6116883538
Neomixis tenella,40140,148,104.483341928055
Neomixis tenella,40206,148,531.240773931223
Neomixis tenella,40325,148,54.2551765402825
Neomixis tenella,40326,148,125.0060864591
Neomixis tenella,40341,148,257.987775640312
Neomixis tenella,20676,293,176.465112044449
Neomixis tenella,25186,293,21.7776020865156
Neomixis tenella,25248,293,36.6909016499116
Neomixis tenella,25331,293,0.178472077741504
Neomixis tenella,25397,293,0.356898879014611
Neomixis tenella,25398,293,0.178450220485568
Neomixis tenella,25451,293,0.356880130990148
Neomixis tenella,25481,293,8.47422071402585
Neomixis tenella,25820,293,0.535034442315459
Neomixis tenella,25913,293,0.178329643460274
Neomixis tenella,26000,293,22.9116916141157
Neomixis tenella,26369,293,166.907603447873
Neomixis tenella,29522,293,384.551923419129
Neomixis tenella,29722,293,0.62064821295929
Neomixis tenella,29770,293,0.265972006814122
Neomixis tenella,29811,293,0.709200345668078
Neomixis tenella,29863,293,0.177290677110672
Neomixis tenella,29936,293,151.496774775848
Neomixis tenella,33826,293,0.0879156733250618
Neomixis tenella,35944,293,3195.51963137644
Neomixis tenella,36284,293,0.0874387371765375
Neomixis tenella,36682,293,262.66930461528
Neomixis tenella,38065,293,1320.72290065696
Neomixis tenella,38102,293,23.1220312933333
Neomixis tenella,38144,293,6.60311605216253
Neomixis tenella,38185,293,16.0684737306561
Neomixis tenella,40226,293,20.7455502793244
Neomixis tenella,40230,293,234.81411045919
Neomixis tenella,40305,293,1633.8566839868
Neomixis tenella,40343,293,1247.26184733944
Neomixis tenella,34838,217,433.810619797173
Neomixis tenella,39896,217,9.25706128804803
Neomixis tenella,39899,217,4.31856011909986
Neomixis tenella,40315,217,17.5870851484947
Neomixis tenella,40319,217,2.03225787389851
Neomixis tenella,40336,217,1.94182639975023
Neomixis tenella,6296,254,36.3372512144693
Neomixis tenella,40030,254,5.86001237088037
Neomixis tenella,40041,254,30.5684495112349
Neomixis tenella,35300,255,16.1215402504437
Neomixis tenella,39847,255,58.4639144571832
Neomixis tenella,39902,255,31.4692072683324
Neomixis tenella,39978,255,23.0620316261801
Neomixis tenella,27853,266,171.071344628696
Neomixis tenella,40310,266,8.19087994073701
Neomixis tenella,22820,282,57.9536162531174
Neomixis tenella,23037,282,3.3134309653126
Neomixis tenella,23253,282,2.32767118465054
Neomixis tenella,23319,282,2.05895008530676
Neomixis tenella,24104,282,1.78860352420616
Neomixis tenella,24505,282,89.7882265229853
Neomixis tenella,24941,282,0.714404974959851
Neomixis tenella,24989,282,0.535747839347601
Neomixis tenella,25008,282,0.178579506715775
Neomixis tenella,25026,282,0.178571738508582
Neomixis tenella,25043,282,0.4464130281533
Neomixis tenella,25122,282,1.87495118889725
Neomixis tenella,25188,282,466.568559868034
Neomixis tenella,39801,282,35.8509582239029
Neomixis tenella,39976,282,3.75955498127008
Neomixis tenella,40259,282,1.79238486696017
Neomixis tenella,40267,282,7.14406051427484
Neomixis tenella,40294,282,17.1081231937802
Neomixis tenella,40337,282,27.5139015001006
Neomixis tenella,1554,291,4.23939400596285
Neomixis tenella,1567,291,0.921593238136113
Neomixis tenella,2040,291,157.700365515484
Neomixis tenella,40130,291,4.69837395759118
Neomixis tenella,40162,291,70.8279243002588
Neomixis tenella,13800,214,0.181274117312074
Neomixis tenella,40346,214,16.4163595908247
Neomixis tenella,40347,214,14.8692397176668
Neomixis tenella,40348,214,26.0164300679771
Neomixis tenella,40349,214,308.475605014956
Neomixis tenella,40350,214,20.6443376237523
Neomixis tenella,16563,294,14.2635312602674
Neomixis tenella,16918,294,45.4757890931116
Neomixis tenella,18408,295,157.534012189558
Neomixis tenella,18863,295,70.171205546759
Neomixis tenella,40344,295,0.090099775077343
Neomixis tenella,40345,295,0.0900896827850342
Neomixis tenella,27581,296,465.807169794926
Neomixis tenella,40301,296,122.701643372855
Neomixis tenella,40353,296,110.070037848945
Neomixis tenella,40356,296,0.090232888949275
Neomixis tenella,40357,296,29.7723925005817
Neomixis tenella,40358,296,0.0902314672112465
Neomixis tenella,40359,296,0.0902300452649593
Neomixis tenella,40360,296,0.0902286231096983
Neomixis tenella,40361,296,0.0902229324034452
Neomixis tenella,40362,296,2.70596556277776
Neomixis tenella,40363,296,0.090200136197567
Neomixis tenella,40364,296,0.0901987096612454
Neomixis tenella,40365,296,0.360754872067451
Neomixis tenella,40366,296,67.6208545236654
Neomixis tenella,40367,296,0.0901872898641825
Neomixis tenella,40368,296,0.180371722902298
Neomixis tenella,40369,296,47.3336670441899
Neomixis tenella,40370,296,15.2341434265082
Neomixis tenella,40371,296,3.15564838214624
Neomixis tenella,40372,296,65.1599201313749
Neomixis tenella,40373,296,3.15489428832662
Neomixis tenella,40374,296,0.360571648123503
Neomixis tenella,40375,296,0.0901342996907234
Neomixis tenella,40376,296,0.0901328635622263
Neomixis tenella,40377,296,11.8039994628603
Neomixis tenella,40378,296,26.8481144580816
Neomixis tenella,40379,296,0.0900983339461088
Neomixis tenella,40380,296,2.34215426115477
Neomixis tenella,40381,296,19.9889174229442
Neomixis tenella,40351,297,185.208699387767
Neomixis tenella,40352,298,23.6377044755612
Neomixis tenella,39945,290,132.962781072095
Neomixis tenella,40355,290,0.453956211002231
Neomixis tenella,40354,299,18.5469218373579
Neomixis tenella,19264,292,0.179958904524803
Neomixis tenella,19401,292,2.87876883525968
Neomixis tenella,19418,292,0.899620833965421
Neomixis tenella,19494,292,0.269868277515173
Neomixis tenella,40342,292,56.9706430520978
Neomixis tenella,40382,292,33.0953660842072
Neomixis viridis,8261,64,29.4123165165292
Neomixis viridis,8262,64,27.2715936270507
Neomixis viridis,8263,64,29.3885406549345
Neomixis viridis,8264,64,20.6592519148769
Neomixis viridis,7,1,133.479742109384
Neomixis viridis,24,1,2.21454840610319
Neomixis viridis,53,1,0.6456592656492
Neomixis viridis,97,1,23.318771661808
Neomixis viridis,141,1,555.740055174406
Neomixis viridis,163,1,1.74986507844758
Neomixis viridis,164,1,93.4084023599993
Neomixis viridis,317,1,0.643524707942724
Neomixis viridis,333,1,0.459616383672059
Neomixis viridis,337,1,0.183841973942041
Neomixis viridis,340,1,0.643432019172192
Neomixis viridis,341,1,0.275752651619673
Neomixis viridis,348,1,0.367655302864194
Neomixis viridis,351,1,1.56243208603442
Neomixis viridis,352,1,0.275729722221732
Neomixis viridis,353,1,0.275717098941624
Neomixis viridis,359,1,0.275709061498523
Neomixis viridis,361,1,0.459508593737543
Neomixis viridis,362,1,0.45949710468936
Neomixis viridis,363,1,1.1946710927344
Neomixis viridis,368,1,0.183794934333146
Neomixis viridis,370,1,53.7688087064452
Neomixis viridis,371,1,3.21620605602419
Neomixis viridis,372,1,0.551364106284499
Neomixis viridis,379,1,1.10266377710551
Neomixis viridis,380,1,0.183781132994473
Neomixis viridis,381,1,0.367564567481756
Neomixis viridis,387,1,0.183777680330753
Neomixis viridis,391,1,0.551319225258708
Neomixis viridis,393,1,0.183773075227499
Neomixis viridis,397,1,1.10259928914046
Neomixis viridis,399,1,2.02137478975803
Neomixis viridis,400,1,0.826945434479237
Neomixis viridis,402,1,0.643170052255213
Neomixis viridis,403,1,0.183763859938979
Neomixis viridis,405,1,0.183761555059075
Neomixis viridis,406,1,1.65382056523675
Neomixis viridis,429,1,0.826825480995119
Neomixis viridis,432,1,0.459349671094894
Neomixis viridis,439,1,0.367459639964223
Neomixis viridis,446,1,0.183724619395971
Neomixis viridis,447,1,0.275586929093957
Neomixis viridis,452,1,1.46972063059181
Neomixis viridis,453,1,0.275577679304183
Neomixis viridis,486,1,0.367363554798603
Neomixis viridis,496,1,44.2620059256014
Neomixis viridis,517,1,0.275475634280682
Neomixis viridis,523,1,411.305566497608
Neomixis viridis,637,1,0.275296915365994
Neomixis viridis,763,1,0.733449546446562
Neomixis viridis,765,1,0.275038230340004
Neomixis viridis,778,1,4.39984031193549
Neomixis viridis,783,1,0.366640248780668
Neomixis viridis,788,1,1.64962747188139
Neomixis viridis,811,1,5.77274455880851
Neomixis viridis,820,1,20.1573297945476
Neomixis viridis,852,1,0.457640860679746
Neomixis viridis,908,1,1.09691577132261
Neomixis viridis,913,1,0.182808168510437
Neomixis viridis,914,1,0.274199880823612
Neomixis viridis,1030,1,0.730251124382853
Neomixis viridis,1031,1,0.273849359069586
Neomixis viridis,1033,1,0.182563724761963
Neomixis viridis,1036,1,0.273786407778382
Neomixis viridis,1038,1,1.18614475155497
Neomixis viridis,1082,1,3.46533733650792
Neomixis viridis,1103,1,0.547095007017732
Neomixis viridis,1251,1,11963.9821664924
Neomixis viridis,8233,1,3.50637091730267
Neomixis viridis,8234,1,161.827507484752
Neomixis viridis,8236,1,47.8541654373711
Neomixis viridis,8289,1,25.7528153259755
Neomixis viridis,8290,1,155.009038912098
Neomixis viridis,8291,1,102.477791314072
Neomixis viridis,2564,68,176.465112044449
Neomixis viridis,5347,68,170.785426053188
Neomixis viridis,5404,68,224.299706164162
Neomixis viridis,6358,68,0.620648212959528
Neomixis viridis,6364,68,0.265972006814122
Neomixis viridis,6377,68,0.709200345668078
Neomixis viridis,6387,68,0.177290677110672
Neomixis viridis,7481,68,0.174932641012549
Neomixis viridis,7642,68,4513.2193896255
Neomixis viridis,8213,68,1307.78288802046
Neomixis viridis,8256,68,234.726847250796
Neomixis viridis,8260,68,72.7284184850583
Neomixis viridis,8271,68,1633.8566839868
Neomixis viridis,8309,68,1264.80094030401
Neomixis viridis,1166,65,0.273246820754766
Neomixis viridis,1210,65,0.181908727194786
Neomixis viridis,1218,65,2.09133444539583
Neomixis viridis,8252,65,587.522437766301
Neomixis viridis,8278,65,52.2147554987416
Neomixis viridis,8305,65,257.987775640312
Neomixis viridis,8306,65,169.319977831154
Neomixis viridis,8307,65,129.334862068589
Neomixis viridis,1317,63,0.181274117312074
Neomixis viridis,8310,63,16.4163595908247
Neomixis viridis,8311,63,14.8692397176668
Neomixis viridis,8312,63,26.0164300679771
Neomixis viridis,8313,63,308.475605014956
Neomixis viridis,8314,63,20.6443376237523
Neomixis viridis,1463,69,1.35457540027249
Neomixis viridis,1488,69,0.812480411258936
Neomixis viridis,5928,69,465.807169794926
Neomixis viridis,8267,69,122.701643372855
Neomixis viridis,8316,69,34.3971482793418
Neomixis viridis,8317,69,0.180557963597178
Neomixis viridis,8319,69,110.070037848945
Neomixis viridis,8321,69,29.7723925005817
Neomixis viridis,8326,69,2.70596556277776
Neomixis viridis,8329,69,0.360754872067451
Neomixis viridis,8330,69,67.5307001400677
Neomixis viridis,8332,69,0.180371722902298
Neomixis viridis,8333,69,47.3336670441899
Neomixis viridis,8334,69,15.2341434265082
Neomixis viridis,8335,69,3.15564838214624
Neomixis viridis,8336,69,65.1599201313749
Neomixis viridis,8337,69,3.15489428832662
Neomixis viridis,8339,69,0.180284389288425
Neomixis viridis,8342,69,11.8039994628603
Neomixis viridis,8343,69,26.8481144580816
Neomixis viridis,8345,69,2.34215426115477
Neomixis viridis,8346,69,19.9889174229442
Neomixis viridis,1667,70,10.1832641626657
Neomixis viridis,1682,70,31.2647129831609
Neomixis viridis,8301,71,45.4757890931116
Neomixis viridis,8347,71,14.2635312602702
Neomixis viridis,8315,72,185.208699387767
Neomixis viridis,8318,73,23.6377044755612
Neomixis viridis,1254,66,0.272374528730989
Neomixis viridis,8279,66,129.966271154985
Neomixis viridis,1993,67,0.179958904524803
Neomixis viridis,2040,67,2.87876883525968
Neomixis viridis,2045,67,0.899620833965421
Neomixis viridis,2074,67,0.269868277515173
Neomixis viridis,8308,67,56.9706430520978
Neomixis viridis,8348,67,33.0953660842072
Nesogale dobsoni,209,14,38.9884159684163
Nesogale dobsoni,1112,38,0.183394440543294
Nesogale dobsoni,1122,38,285.319447013355
Nesogale dobsoni,1167,44,30.0534282457162
Nesogale dobsoni,1187,48,31.6875214916216
Nesogale dobsoni,1224,51,12.0800389464626
Nesogale dobsoni,5558,232,5.80579014358365
Nesogale dobsoni,5620,232,1.33965979937696
Nesogale dobsoni,5648,235,0.625091935809255
Nesogale dobsoni,5778,235,14.2828846739303
Nesogale dobsoni,5864,240,0.356880130990148
Nesogale dobsoni,5872,240,8.47422071402585
Nesogale dobsoni,5893,240,2.4083891803335
Nesogale dobsoni,3690,492,56.7554572199371
Nesogale dobsoni,3698,492,0.630325649633765
Nesogale dobsoni,2,1,0.64914825101471
Nesogale dobsoni,3,1,72.6104762396658
Nesogale dobsoni,8991,1,56.8711675529887
Nesogale dobsoni,888,28,58.6780858784226
Nesogale dobsoni,9020,610,38.3946948622806
Nesogale dobsoni,9028,610,1.35457540027201
Nesogale dobsoni,70,470,175.204558120961
Nesogale dobsoni,9049,616,20.7455502793244
Nesogale dobsoni,625,605,0.643524707942724
Nesogale dobsoni,666,605,0.183841973942041
Nesogale dobsoni,672,605,0.643432019172192
Nesogale dobsoni,689,605,0.367655302864194
Nesogale dobsoni,701,605,1.56243208603442
Nesogale dobsoni,702,605,0.275729722221732
Nesogale dobsoni,713,605,0.275717098941624
Nesogale dobsoni,721,605,0.275709061498523
Nesogale dobsoni,725,605,0.459508593737543
Nesogale dobsoni,730,605,0.45949710468936
Nesogale dobsoni,731,605,1.1946710927344
Nesogale dobsoni,744,605,3.21620605602419
Nesogale dobsoni,751,605,1.10266377710527
Nesogale dobsoni,756,605,0.183781132994473
Nesogale dobsoni,757,605,0.367564567481756
Nesogale dobsoni,763,605,0.183777680330753
Nesogale dobsoni,769,605,0.183773075227499
Nesogale dobsoni,775,605,1.10259928914046
Nesogale dobsoni,778,605,2.02137478975803
Nesogale dobsoni,779,605,0.826945434479237
Nesogale dobsoni,785,605,0.183763859938979
Nesogale dobsoni,789,605,0.183761555059075
Nesogale dobsoni,790,605,1.65382056523675
Nesogale dobsoni,823,605,0.367459639964223
Nesogale dobsoni,830,605,0.183724619395971
Nesogale dobsoni,831,605,0.275586929093957
Nesogale dobsoni,834,605,1.46972063059181
Nesogale dobsoni,835,605,0.275577679304183
Nesogale dobsoni,941,605,432.708220309259
Nesogale dobsoni,8949,611,2.33597082442749
Nesogale dobsoni,8950,611,0.173038084078312
Nesogale dobsoni,8976,611,57.1920356452289
Nesogale dobsoni,8971,625,0.604549703200459
Nesogale dobsoni,8973,625,0.777178853789091
Nesogale dobsoni,9056,625,19.9515621485635
Nesogale dobsoni,9052,626,27.2715936270507
Nesogale dobsoni,9053,627,29.4123165165292
Nesogale dobsoni,9054,628,29.3885406549345
Nesogale dobsoni,9055,629,20.6592519148769
Nesogale dobsoni,6092,596,224.299706164179
Nesogale dobsoni,8784,604,1320.72290065696
Nesogale dobsoni,8821,604,72.7284184850759
Nesogale dobsoni,9050,604,234.81411045919
Nesogale dobsoni,4128,632,176.465112044449
Nesogale dobsoni,658,607,0.459616383672059
Nesogale dobsoni,676,607,0.275752651619673
Nesogale dobsoni,739,607,0.183794934333146
Nesogale dobsoni,743,607,53.7688087064452
Nesogale dobsoni,745,607,0.551364106284499
Nesogale dobsoni,766,607,0.551319225258708
Nesogale dobsoni,783,607,0.643170052255213
Nesogale dobsoni,1103,607,10.3633479270702
Nesogale dobsoni,1110,607,29.3409883887578
Nesogale dobsoni,1981,607,1.09175737492621
Nesogale dobsoni,2212,607,12934.0630474729
Nesogale dobsoni,9059,607,3.09337898071694
Nesogale dobsoni,9060,607,26.0157919395684
Nesogale dobsoni,9086,607,54.2551765402825
Nesogale dobsoni,9087,607,587.522437766301
Nesogale dobsoni,9074,635,47.8541654373711
Nesogale dobsoni,9088,637,257.987775640312
Nesogale dobsoni,8981,608,179.54495541553
Nesogale dobsoni,5980,639,12.7478930967271
Nesogale dobsoni,6248,639,2.04824535180938
Nesogale dobsoni,8384,639,4511.89432065116
Nesogale dobsoni,9103,639,1180.98708957304
Nesogale dobsoni,9073,641,1629.92348218316
Nesogale dobsoni,2458,603,0.181274117312193
Nesogale dobsoni,9107,603,308.475605014956
Nesogale dobsoni,9108,603,20.6443376237523
Nesogale dobsoni,3268,642,0.812480411258936
Nesogale dobsoni,9110,642,38.4612961439313
Nesogale dobsoni,9111,642,0.180557963597178
Nesogale dobsoni,3529,643,37.6822563658863
Nesogale dobsoni,3579,643,35.9605444481765
Nesogale dobsoni,6611,644,465.807169794926
Nesogale dobsoni,9113,644,110.070037848945
Nesogale dobsoni,9098,645,45.4757890931116
Nesogale dobsoni,9104,646,16.4163595908247
Nesogale dobsoni,9105,646,14.8692397176668
Nesogale dobsoni,9106,647,26.0164300679771
Nesogale dobsoni,9109,648,185.208699387767
Nesogale dobsoni,9112,649,23.6377044755612
Nesogale dobsoni,9143,650,14.2635312602702
Nesogale dobsoni,3820,630,0.179958904524803
Nesogale dobsoni,3839,630,2.87876883525968
Nesogale dobsoni,3841,630,0.899620833965421
Nesogale dobsoni,3855,630,0.269868277515173
Nesogale dobsoni,9102,630,56.9706430520978
Nesogale dobsoni,9144,630,33.0953660842072
Nesogale dobsoni,9061,631,132.962781072095
Nesogale dobsoni,9114,651,18.5469218373579
Nesogale dobsoni,9069,640,122.701643372855
Nesogale dobsoni,9117,640,29.7723925005817
Nesogale dobsoni,9130,640,15.2341434265082
Nesogale dobsoni,9125,652,0.360754872067451
Nesogale dobsoni,9126,652,67.5307001400677
Nesogale dobsoni,9129,653,47.3336670441899
Nesogale dobsoni,9132,654,65.1599201313749
Nesogale dobsoni,9138,655,11.8039994628603
Nesogale dobsoni,9139,656,26.8481144580816
Nesogale dobsoni,9142,657,19.9889174229442
Nesogale talazaci,1369,42,65.611862821471
Nesogale talazaci,300,403,38.9884159684163
Nesogale talazaci,3493,424,70.171205546759
Nesogale talazaci,11,2,21.0334598369182
Nesogale talazaci,4,1,0.463781360735595
Nesogale talazaci,5,1,0.64914825101471
Nesogale talazaci,6,1,94.4064369549154
Nesogale talazaci,9715,1,56.8711675529887
Nesogale talazaci,970,32,58.6780858784226
Nesogale talazaci,9747,445,38.3946948622806
Nesogale talazaci,9755,445,1.35457540027201
Nesogale talazaci,77,9,175.204558120961
Nesogale talazaci,9671,447,2.33597082442749
Nesogale talazaci,9672,447,0.173038084078312
Nesogale talazaci,9688,447,57.1920356452289
Nesogale talazaci,9813,461,27.2715936270507
Nesogale talazaci,9814,462,29.4123165165292
Nesogale talazaci,9815,463,29.3885406549345
Nesogale talazaci,9816,464,20.6592519148769
Nesogale talazaci,6632,441,224.299706164179
Nesogale talazaci,9496,442,1320.72290065696
Nesogale talazaci,9797,442,72.7284184850583
Nesogale talazaci,9811,442,234.81411045919
Nesogale talazaci,4040,467,176.465112044449
Nesogale talazaci,135,444,179.54495541553
Nesogale talazaci,227,452,47.8541654373711
Nesogale talazaci,704,470,0.643524707942724
Nesogale talazaci,747,470,0.459616383672059
Nesogale talazaci,758,470,0.183841973942041
Nesogale talazaci,766,470,0.643432019172192
Nesogale talazaci,771,470,0.275752651619673
Nesogale talazaci,785,470,0.367655302864194
Nesogale talazaci,795,470,1.56243208603442
Nesogale talazaci,796,470,0.275729722221732
Nesogale talazaci,807,470,0.275717098941624
Nesogale talazaci,814,470,0.275709061498523
Nesogale talazaci,818,470,0.459508593737543
Nesogale talazaci,820,470,0.45949710468936
Nesogale talazaci,821,470,1.1946710927344
Nesogale talazaci,831,470,0.183794934333146
Nesogale talazaci,834,470,53.7688087064452
Nesogale talazaci,835,470,3.21620605602419
Nesogale talazaci,836,470,0.551364106284499
Nesogale talazaci,842,470,1.10266377710527
Nesogale talazaci,845,470,0.183781132994473
Nesogale talazaci,846,470,0.367564567481756
Nesogale talazaci,850,470,0.183777680330753
Nesogale talazaci,853,470,0.551319225258708
Nesogale talazaci,855,470,0.183773075227499
Nesogale talazaci,861,470,1.10259928914046
Nesogale talazaci,864,470,2.02137478975803
Nesogale talazaci,865,470,0.826945434479237
Nesogale talazaci,868,470,0.643170052255213
Nesogale talazaci,870,470,0.183763859938979
Nesogale talazaci,874,470,0.183761555059075
Nesogale talazaci,875,470,1.65382056523675
Nesogale talazaci,896,470,0.826825480995119
Nesogale talazaci,898,470,0.459349671094894
Nesogale talazaci,906,470,0.367459639964223
Nesogale talazaci,912,470,0.183724619395971
Nesogale talazaci,913,470,0.275586929093957
Nesogale talazaci,919,470,1.46972063059181
Nesogale talazaci,920,470,0.275577679304183
Nesogale talazaci,953,470,0.367363554798603
Nesogale talazaci,1016,470,432.708220309259
Nesogale talazaci,2028,470,14308.6360268529
Nesogale talazaci,9819,470,74.313995003305
Nesogale talazaci,9845,470,54.2551765402825
Nesogale talazaci,9846,470,587.522437766301
Nesogale talazaci,9847,472,257.987775640312
Nesogale talazaci,6559,474,170.785426053185
Nesogale talazaci,7675,474,0.62064821295929
Nesogale talazaci,7684,474,0.265972006814122
Nesogale talazaci,9050,474,4549.51415359618
Nesogale talazaci,9861,474,1264.80094030401
Nesogale talazaci,9832,476,1633.8566839868
Nesogale talazaci,2169,423,0.181274117312074
Nesogale talazaci,9867,423,308.475605014956
Nesogale talazaci,9868,423,20.6443376237523
Nesogale talazaci,2819,477,0.812480411258936
Nesogale talazaci,9870,477,38.4612961439313
Nesogale talazaci,9871,477,0.180557963597178
Nesogale talazaci,3349,478,158.705818376245
Nesogale talazaci,7156,479,465.807169794926
Nesogale talazaci,9873,479,110.070037848945
Nesogale talazaci,9857,480,45.4757890931116
Nesogale talazaci,9864,481,16.4163595908247
Nesogale talazaci,9865,481,14.8692397176668
Nesogale talazaci,9866,482,26.0164300679771
Nesogale talazaci,9869,483,185.208699387767
Nesogale talazaci,9872,484,23.6377044755612
Nesogale talazaci,9903,485,14.2635312602702
Nesogale talazaci,3615,465,0.179958904524803
Nesogale talazaci,3642,465,2.87876883525968
Nesogale talazaci,3646,465,0.899620833965421
Nesogale talazaci,3667,465,0.269868277515173
Nesogale talazaci,9860,465,56.9706430520978
Nesogale talazaci,9904,465,33.0953660842072
Nesogale talazaci,9820,466,132.962781072095
Nesogale talazaci,9874,486,18.5469218373579
Nesogale talazaci,9828,475,122.701643372855
Nesogale talazaci,9877,475,29.7723925005817
Nesogale talazaci,9890,475,15.2341434265082
Nesogale talazaci,9885,487,0.360754872067451
Nesogale talazaci,9886,487,67.5307001400677
Nesogale talazaci,9889,488,47.3336670441899
Nesogale talazaci,9892,489,65.1599201313749
Nesogale talazaci,9898,490,11.8039994628603
Nesogale talazaci,9899,491,26.8481144580816
Nesogale talazaci,9902,492,19.9889174229442
Nesomys rufus,5,2,29.0015402895183
Nesomys rufus,13,2,27.6105856505435
Nesomys rufus,249,15,23.318771661808
Nesomys rufus,625,26,0.643524707940877
Nesomys rufus,647,26,0.183841973942041
Nesomys rufus,651,26,0.643432019172192
Nesomys rufus,660,26,0.367655302864194
Nesomys rufus,665,26,1.56243208603442
Nesomys rufus,666,26,0.275729722221732
Nesomys rufus,669,26,0.275717098941624
Nesomys rufus,674,26,0.275709061498523
Nesomys rufus,676,26,0.459508593737543
Nesomys rufus,680,26,0.45949710468936
Nesomys rufus,681,26,1.1946710927344
Nesomys rufus,691,26,1.47030313296086
Nesomys rufus,706,26,258.144639061159
Nesomys rufus,713,26,0.0918507397885323
Nesomys rufus,830,29,22.8466199514275
Nesomys rufus,843,30,0.0917433039324284
Nesomys rufus,844,30,18.8051942819602
Nesomys rufus,845,31,7.33885625368941
Nesomys rufus,846,31,0.183485430249155
Nesomys rufus,847,30,0.183480718940854
Nesomys rufus,850,31,0.0917350561828613
Nesomys rufus,851,31,0.0917338770872354
Nesomys rufus,855,31,1.92623914275402
Nesomys rufus,857,31,1.19240941025871
Nesomys rufus,858,30,0.275169767138779
Nesomys rufus,871,32,17.3222478996039
Nesomys rufus,876,33,0.0916364719992876
Nesomys rufus,882,33,19.5158601347259
Nesomys rufus,3286,344,70.171205546759
Nesomys rufus,10619,218,2.33597082442749
Nesomys rufus,10621,218,0.173038084078312
Nesomys rufus,10687,218,57.1920356452289
Nesomys rufus,10657,451,0.604549703200459
Nesomys rufus,10667,451,0.777178853789091
Nesomys rufus,10721,451,19.9515621485635
Nesomys rufus,10717,452,27.2715936270507
Nesomys rufus,10718,453,29.4123165165292
Nesomys rufus,10719,454,29.3885406549345
Nesomys rufus,10720,455,20.6592519148769
Nesomys rufus,6708,430,224.299706164179
Nesomys rufus,9776,438,0.174932641012549
Nesomys rufus,10451,438,1308.92133667401
Nesomys rufus,10472,438,72.7284184850759
Nesomys rufus,10715,438,234.81411045919
Nesomys rufus,26,6,112.52929150306
Nesomys rufus,74,9,0.461357019340336
Nesomys rufus,157,9,0.6456592656492
Nesomys rufus,341,9,1.38205641757107
Nesomys rufus,356,9,11.423145542632
Nesomys rufus,632,9,27.9446135478371
Nesomys rufus,640,9,0.459616383672059
Nesomys rufus,653,9,0.275752651619673
Nesomys rufus,663,9,0.183823638215899
Nesomys rufus,667,9,0.183819050049782
Nesomys rufus,765,9,56.6331511740975
Nesomys rufus,822,9,0.0917656384553313
Nesomys rufus,870,9,0.0916520090399981
Nesomys rufus,890,9,0.0915035761964917
Nesomys rufus,964,9,5.30132175810611
Nesomys rufus,1707,9,8798.65343907552
Nesomys rufus,10722,9,491.151991686555
Nesomys rufus,10740,9,81.5500580471771
Nesomys rufus,10742,9,25.7528153259755
Nesomys rufus,10759,460,257.987775640312
Nesomys rufus,273,275,0.737273050806344
Nesomys rufus,275,275,1.19805921826696
Nesomys rufus,316,275,69.1199875956294
Nesomys rufus,4014,463,176.465112044449
Nesomys rufus,274,440,24.7006556991985
Nesomys rufus,10734,440,22.8623178367917
Nesomys rufus,10695,467,47.8541654373711
Nesomys rufus,6628,470,170.785426053188
Nesomys rufus,7982,470,0.62064821295929
Nesomys rufus,7996,470,0.265972006814122
Nesomys rufus,8554,470,0.0882920564128161
Nesomys rufus,9959,470,4455.87552623608
Nesomys rufus,10756,470,1264.80094030401
Nesomys rufus,7351,471,1633.8566839868
Nesomys rufus,1881,420,0.181274117312074
Nesomys rufus,10764,420,308.475605014956
Nesomys rufus,10765,420,20.6443376237523
Nesomys rufus,2517,472,0.812480411258936
Nesomys rufus,10767,472,16.6994855698657
Nesomys rufus,10768,472,1.17365293457222
Nesomys rufus,10769,472,0.180557963597178
Nesomys rufus,3061,473,158.705818376245
Nesomys rufus,10760,473,0.090099775077343
Nesomys rufus,10761,473,0.0900896827850342
Nesomys rufus,3925,474,465.807169794926
Nesomys rufus,10771,474,110.070037848945
Nesomys rufus,10751,475,45.4757890931116
Nesomys rufus,10762,476,14.8692397176668
Nesomys rufus,10763,477,26.0164300679771
Nesomys rufus,10766,478,185.208699387767
Nesomys rufus,10770,479,23.6377044755612
Nesomys rufus,10795,480,14.2635312602702
Nesomys rufus,10724,456,95.8181822678679
Nesomys rufus,10772,456,29.426242437476
Nesomys rufus,2783,459,4.41784557399475
Nesomys rufus,10732,459,96.8014647878629
Nesomys rufus,10792,459,29.7723925005817
Nesomys rufus,10731,481,67.5307001400677
Nesomys rufus,10776,481,0.360754872067451
Nesomys rufus,10777,481,0.0901872898641825
Nesomys rufus,10779,482,47.3336670441899
Nesomys rufus,10787,483,11.8039994628603
Nesomys rufus,10789,483,0.0900983339461088
Nesomys rufus,10788,484,26.8481144580816
Nesomys rufus,10791,485,19.9889174229442
Nesomys rufus,10794,486,65.1599201313749
Nesomys rufus,3450,468,0.179958904524803
Nesomys rufus,3503,468,2.87876883525968
Nesomys rufus,3512,468,0.899620833965421
Nesomys rufus,3544,468,0.269868277515173
Nesomys rufus,10755,468,56.9706430520978
Nesomys rufus,10796,468,33.0953660842072
Newtonia amphichroa,1,1,56.8711675529887
Newtonia amphichroa,3758,1,28.8450665179954
Newtonia amphichroa,328,6,451.250691239871
Newtonia amphichroa,334,6,0.731525063597381
Newtonia amphichroa,351,6,42.300513329196
Newtonia amphichroa,3781,17,29.4123165165292
Newtonia amphichroa,3782,17,27.2715936270507
Newtonia amphichroa,3783,17,29.3885406549345
Newtonia amphichroa,3403,12,45.412514955047
Newtonia amphichroa,3410,12,0.614342893218875
Newtonia amphichroa,3416,12,217.371554152488
Newtonia amphichroa,3420,12,0.788521377318382
Newtonia amphichroa,3535,12,559.492543822654
Newtonia amphichroa,3754,12,1290.01275577784
Newtonia amphichroa,3775,12,231.324873058661
Newtonia amphichroa,3780,12,72.7284184850583
Newtonia amphichroa,3785,19,26.0157919395684
Newtonia amphichroa,8,2,110.223524784537
Newtonia amphichroa,10,2,161.827507484752
Newtonia amphichroa,15,2,3.50637091730225
Newtonia amphichroa,16,2,2.21454840610319
Newtonia amphichroa,18,2,1.1995567112959
Newtonia amphichroa,31,2,30.809979733636
Newtonia amphichroa,33,2,0.6456592656492
Newtonia amphichroa,37,2,4.33443217345184
Newtonia amphichroa,44,2,0.737634662368238
Newtonia amphichroa,82,2,40.2587459644453
Newtonia amphichroa,89,2,0.276286701651156
Newtonia amphichroa,90,2,1.65764340949857
Newtonia amphichroa,115,2,0.459870601602912
Newtonia amphichroa,133,2,0.643524707940877
Newtonia amphichroa,135,2,27.9446135478371
Newtonia amphichroa,137,2,0.459616383672059
Newtonia amphichroa,138,2,0.643432019172192
Newtonia amphichroa,139,2,0.275752651619673
Newtonia amphichroa,141,2,0.367655302864194
Newtonia amphichroa,145,2,1.56243208603442
Newtonia amphichroa,146,2,0.275729722221732
Newtonia amphichroa,148,2,0.275717098941624
Newtonia amphichroa,150,2,0.275709061498523
Newtonia amphichroa,151,2,0.459508593737543
Newtonia amphichroa,152,2,0.275701020456195
Newtonia amphichroa,153,2,0.45949710468936
Newtonia amphichroa,154,2,1.1946710927344
Newtonia amphichroa,155,2,3.30822947109908
Newtonia amphichroa,158,2,1.47030313296086
Newtonia amphichroa,160,2,0.64325064792037
Newtonia amphichroa,162,2,1.10266377710551
Newtonia amphichroa,164,2,2.02137478975803
Newtonia amphichroa,165,2,0.826945434479237
Newtonia amphichroa,170,2,0.826825480995119
Newtonia amphichroa,171,2,0.459349671094894
Newtonia amphichroa,172,2,0.367459639964223
Newtonia amphichroa,174,2,0.275586929093957
Newtonia amphichroa,175,2,1.46972063059181
Newtonia amphichroa,176,2,0.275577679304183
Newtonia amphichroa,177,2,2.75561017110461
Newtonia amphichroa,178,2,0.275553377308786
Newtonia amphichroa,179,2,0.551107912560761
Newtonia amphichroa,188,2,26.2648020061304
Newtonia amphichroa,193,2,344.140845962804
Newtonia amphichroa,204,2,3.48845173661
Newtonia amphichroa,239,2,1.46844013959706
Newtonia amphichroa,249,2,5.32260880427534
Newtonia amphichroa,255,2,0.275296915365994
Newtonia amphichroa,261,2,0.275287525101185
Newtonia amphichroa,282,2,6678.61734190031
Newtonia amphichroa,319,2,93.1465331019857
Newtonia amphichroa,3797,2,47.8541654373711
Newtonia amphichroa,3808,2,25.7528153259755
Newtonia amphichroa,293,4,8.71055469847303
Newtonia amphichroa,298,4,4.12545809786367
Newtonia amphichroa,304,4,1130.72036016884
Newtonia amphichroa,3809,4,7.51707500205785
Newtonia amphichroa,410,16,264.44429265643
Newtonia amphichroa,3810,16,59.3564680753992
Newtonia amphichroa,448,18,524.455388418614
Newtonia amphichroa,3784,18,12.842934359529
Newtonia amphichroa,3811,18,257.987775640312
Newtonia amphichroa,3812,18,29.8602134693177
Newtonia amphichroa,505,7,1.35457540027249
Newtonia amphichroa,520,7,0.812480411258936
Newtonia amphichroa,2991,7,465.356848526211
Newtonia amphichroa,3791,7,122.701643372855
Newtonia amphichroa,3826,7,34.3971482793418
Newtonia amphichroa,3829,7,110.070037848945
Newtonia amphichroa,3832,7,29.7723925005817
Newtonia amphichroa,3837,7,2.70596556277776
Newtonia amphichroa,3840,7,0.360754872067451
Newtonia amphichroa,3841,7,67.5307001400677
Newtonia amphichroa,3844,7,47.3336670441899
Newtonia amphichroa,3845,7,15.2341434265082
Newtonia amphichroa,3846,7,3.15564838214624
Newtonia amphichroa,3847,7,65.1599201313749
Newtonia amphichroa,3848,7,3.15489428832662
Newtonia amphichroa,3853,7,11.8039994628603
Newtonia amphichroa,3854,7,26.8481144580816
Newtonia amphichroa,3856,7,2.34215426115477
Newtonia amphichroa,3857,7,19.9889174229442
Newtonia amphichroa,779,21,2.87876883525968
Newtonia amphichroa,781,21,0.899620833965421
Newtonia amphichroa,800,21,0.269868277515173
Newtonia amphichroa,3819,21,56.9706430520978
Newtonia amphichroa,3858,21,33.0953660842072
Newtonia amphichroa,1038,22,176.465112044449
Newtonia amphichroa,2687,22,170.785426053188
Newtonia amphichroa,2709,22,215.032351611546
Newtonia amphichroa,3195,22,0.620648212959528
Newtonia amphichroa,3198,22,0.265972006814122
Newtonia amphichroa,3203,22,0.709200345668078
Newtonia amphichroa,3396,22,0.616458661458969
Newtonia amphichroa,3398,22,0.264157514937997
Newtonia amphichroa,3401,22,0.351836727607369
Newtonia amphichroa,3402,22,3282.14560455765
Newtonia amphichroa,3795,22,1633.8566839868
Newtonia amphichroa,3820,22,1264.80094030401
Newtonia amphichroa,3816,23,14.2635312602702
Newtonia amphichroa,3821,24,14.8692397176668
Newtonia amphichroa,3822,24,26.0164300679771
Newtonia amphichroa,3823,24,294.616655955408
Newtonia amphichroa,3824,24,20.6443376237523
Newtonia amphichroa,3825,25,185.208699387767
Newtonia amphichroa,3828,26,23.6377044755612
Newtonia amphichroa,3786,20,29.426242437476
Newtonia amphichroa,3830,20,28.9796197983378
Newtonia brunneicauda,40411,202,13.4745567878347
Newtonia brunneicauda,34178,173,10.3398139962552
Newtonia brunneicauda,40457,225,14.5508957098997
Newtonia brunneicauda,40497,226,13.0307413413469
Newtonia brunneicauda,40501,226,6.06907414019537
Newtonia brunneicauda,40581,226,2.02272765648687
Newtonia brunneicauda,37848,228,46.5723968884147
Newtonia brunneicauda,40554,228,36.3826787541578
Newtonia brunneicauda,10182,236,21.2443070814972
Newtonia brunneicauda,582,86,0.370271373195231
Newtonia brunneicauda,584,86,0.462834125284791
Newtonia brunneicauda,588,86,43.0377824654073
Newtonia brunneicauda,589,86,0.18513059458977
Newtonia brunneicauda,611,86,1.48074673073471
Newtonia brunneicauda,615,86,1.66577102635694
Newtonia brunneicauda,621,86,0.277623898765862
Newtonia brunneicauda,625,86,0.277610584835947
Newtonia brunneicauda,660,86,1.38815019469857
Newtonia brunneicauda,40705,86,0.185083622752249
Newtonia brunneicauda,3345,146,0.275667671454787
Newtonia brunneicauda,3377,146,1.92954817861235
Newtonia brunneicauda,3534,146,0.275591552190423
Newtonia brunneicauda,3566,146,0.367434207116008
Newtonia brunneicauda,3567,146,0.183716525221109
Newtonia brunneicauda,3593,146,33.8991079803611
Newtonia brunneicauda,40586,146,0.183782283741117
Newtonia brunneicauda,40710,146,0.367500048400104
Newtonia brunneicauda,284,245,0.463597745714188
Newtonia brunneicauda,363,245,43.2038186617044
Newtonia brunneicauda,188,79,0.55664420881176
Newtonia brunneicauda,195,79,0.371099061261296
Newtonia brunneicauda,198,79,0.556625695955813
Newtonia brunneicauda,208,79,0.185535398295105
Newtonia brunneicauda,215,79,0.463806772104442
Newtonia brunneicauda,223,79,0.27827526928854
Newtonia brunneicauda,225,79,0.463781360735595
Newtonia brunneicauda,240,79,0.278243954662919
Newtonia brunneicauda,253,79,0.185478644791543
Newtonia brunneicauda,256,79,0.27820176096195
Newtonia brunneicauda,259,79,0.64914825101471
Newtonia brunneicauda,264,79,0.18546587502265
Newtonia brunneicauda,269,79,130.021860527528
Newtonia brunneicauda,273,79,0.18545505566138
Newtonia brunneicauda,274,79,6.4908973798604
Newtonia brunneicauda,283,79,8.4370977335708
Newtonia brunneicauda,285,79,0.185438309593201
Newtonia brunneicauda,292,79,0.185425482894003
Newtonia brunneicauda,40230,79,0.185474717534363
Newtonia brunneicauda,40747,79,56.8711675529887
Newtonia brunneicauda,515,246,43.4528749465152
Newtonia brunneicauda,16829,67,38.2051651932399
Newtonia brunneicauda,16948,67,3.07696966736627
Newtonia brunneicauda,16961,67,0.723997986286044
Newtonia brunneicauda,17055,67,0.361958205401897
Newtonia brunneicauda,40906,67,0.452763459861636
Newtonia brunneicauda,23121,254,130.568218715013
Newtonia brunneicauda,41003,255,78.5054384879867
Newtonia brunneicauda,38410,216,5.22910716113579
Newtonia brunneicauda,40659,216,9.75781767177379
Newtonia brunneicauda,39276,250,2.33597082442749
Newtonia brunneicauda,39278,250,0.173038084078312
Newtonia brunneicauda,40993,250,57.1920356452289
Newtonia brunneicauda,39426,259,0.777178853789091
Newtonia brunneicauda,40869,259,0.604549703200817
Newtonia brunneicauda,41059,259,27.2715936270507
Newtonia brunneicauda,41060,259,29.4123165165292
Newtonia brunneicauda,41061,259,29.3885406549345
Newtonia brunneicauda,41062,259,20.6592519148769
Newtonia brunneicauda,41063,259,19.9515621485635
Newtonia brunneicauda,22487,253,0.449603298739433
Newtonia brunneicauda,22488,253,0.359686745625973
Newtonia brunneicauda,22634,253,36.331879859746
Newtonia brunneicauda,40999,253,6.47518067736232
Newtonia brunneicauda,41001,253,0.449634089967847
Newtonia brunneicauda,33350,257,35.9142155788532
Newtonia brunneicauda,41030,257,15.4450147414067
Newtonia brunneicauda,41093,257,9.49462234218203
Newtonia brunneicauda,41094,257,23.5087072345356
Newtonia brunneicauda,1264,94,175.204558120961
Newtonia brunneicauda,1851,94,38.9884159684163
Newtonia brunneicauda,3033,94,0.643524707942724
Newtonia brunneicauda,3110,94,0.459616383672059
Newtonia brunneicauda,3133,94,0.183841973942041
Newtonia brunneicauda,3145,94,0.643432019172192
Newtonia brunneicauda,3155,94,0.275752651619673
Newtonia brunneicauda,3180,94,0.367655302864194
Newtonia brunneicauda,3206,94,1.56243208603442
Newtonia brunneicauda,3207,94,0.275729722221732
Newtonia brunneicauda,3239,94,0.275717098941624
Newtonia brunneicauda,3259,94,0.275709061498523
Newtonia brunneicauda,3267,94,0.459508593737543
Newtonia brunneicauda,3280,94,0.45949710468936
Newtonia brunneicauda,3281,94,1.1946710927344
Newtonia brunneicauda,3302,94,0.183794934333146
Newtonia brunneicauda,3311,94,53.7688087064452
Newtonia brunneicauda,3316,94,3.21620605602419
Newtonia brunneicauda,3317,94,0.551364106284499
Newtonia brunneicauda,3329,94,1.10266377710527
Newtonia brunneicauda,3343,94,0.183781132994473
Newtonia brunneicauda,3344,94,0.367564567481756
Newtonia brunneicauda,3356,94,0.183777680330753
Newtonia brunneicauda,3364,94,0.551319225258708
Newtonia brunneicauda,3373,94,0.183773075227499
Newtonia brunneicauda,3384,94,1.10259928914046
Newtonia brunneicauda,3391,94,2.02137478975803
Newtonia brunneicauda,3392,94,0.826945434479237
Newtonia brunneicauda,3400,94,0.643170052255213
Newtonia brunneicauda,3406,94,0.183763859938979
Newtonia brunneicauda,3415,94,0.183761555059075
Newtonia brunneicauda,3416,94,1.65382056523675
Newtonia brunneicauda,3453,94,0.826825480994821
Newtonia brunneicauda,3499,94,0.459349671094894
Newtonia brunneicauda,3531,94,0.367459639964223
Newtonia brunneicauda,3554,94,0.183724619395971
Newtonia brunneicauda,3555,94,0.275586929093957
Newtonia brunneicauda,3564,94,1.46972063059181
Newtonia brunneicauda,3565,94,0.275577679304183
Newtonia brunneicauda,3693,94,0.367363554798603
Newtonia brunneicauda,3728,94,58.6780858784226
Newtonia brunneicauda,3838,94,432.708220309259
Newtonia brunneicauda,3900,94,0.275443051051259
Newtonia brunneicauda,13658,94,15282.1048603128
Newtonia brunneicauda,40330,94,168.002411451864
Newtonia brunneicauda,41070,94,77.4065442805075
Newtonia brunneicauda,41101,94,47.8541654373711
Newtonia brunneicauda,41113,94,54.2551765402825
Newtonia brunneicauda,41114,94,587.522437766301
Newtonia brunneicauda,41115,94,257.987775640312
Newtonia brunneicauda,6480,171,16.3740665150672
Newtonia brunneicauda,6831,171,19.2038282113973
Newtonia brunneicauda,7048,171,1.91988596975887
Newtonia brunneicauda,7049,171,4.2053427026192
Newtonia brunneicauda,7170,171,22.2892814174211
Newtonia brunneicauda,7178,171,5.85033975470352
Newtonia brunneicauda,7192,171,24.6792146248873
Newtonia brunneicauda,7262,171,1.0054375043211
Newtonia brunneicauda,7271,171,2.65062070312488
Newtonia brunneicauda,7287,171,0.182805694629431
Newtonia brunneicauda,7326,171,2.37624750380063
Newtonia brunneicauda,7335,171,0.274192454328179
Newtonia brunneicauda,7373,171,0.182784649551272
Newtonia brunneicauda,7409,171,0.182778454094648
Newtonia brunneicauda,7431,171,8.3165148231597
Newtonia brunneicauda,7460,171,8.86332816260099
Newtonia brunneicauda,7676,171,0.274089461484194
Newtonia brunneicauda,7769,171,10.9639024804163
Newtonia brunneicauda,7770,171,4.567756926453
Newtonia brunneicauda,8944,171,693.921992462519
Newtonia brunneicauda,8954,171,2.0072273404777
Newtonia brunneicauda,8970,171,0.364942030489683
Newtonia brunneicauda,40349,171,2.19383277368414
Newtonia brunneicauda,40350,171,37.6497033879563
Newtonia brunneicauda,40622,171,9.30640563301087
Newtonia brunneicauda,40732,171,16.5402429724604
Newtonia brunneicauda,40893,171,0.456749789226413
Newtonia brunneicauda,40900,171,0.456175956650376
Newtonia brunneicauda,35056,217,428.524140957145
Newtonia brunneicauda,40576,217,9.25706128804803
Newtonia brunneicauda,40579,217,4.31856011909986
Newtonia brunneicauda,41095,217,17.5870851484947
Newtonia brunneicauda,41099,217,2.03225787389851
Newtonia brunneicauda,41129,217,1.94182639975023
Newtonia brunneicauda,36492,218,58.4639144571832
Newtonia brunneicauda,36801,218,16.1215402504437
Newtonia brunneicauda,40550,218,31.4692072683324
Newtonia brunneicauda,40652,218,23.0620316261801
Newtonia brunneicauda,6410,223,36.3372512144693
Newtonia brunneicauda,40764,223,5.86001237088037
Newtonia brunneicauda,40775,223,30.5684495112349
Newtonia brunneicauda,31112,234,171.071344628696
Newtonia brunneicauda,41090,234,8.19087994073701
Newtonia brunneicauda,25656,252,57.9536162531174
Newtonia brunneicauda,25712,252,2.32886922907722
Newtonia brunneicauda,25862,252,3.3134309653126
Newtonia brunneicauda,26078,252,2.32767118465054
Newtonia brunneicauda,26148,252,2.05895008530676
Newtonia brunneicauda,26977,252,1.78860352420616
Newtonia brunneicauda,27273,252,16.7138689349543
Newtonia brunneicauda,27382,252,89.7882265229853
Newtonia brunneicauda,27552,252,338.265756349643
Newtonia brunneicauda,40435,252,35.8509582239029
Newtonia brunneicauda,40686,252,3.75955498127008
Newtonia brunneicauda,41021,252,1.79238486696017
Newtonia brunneicauda,41027,252,4.82436848453331
Newtonia brunneicauda,41048,252,17.1081231937802
Newtonia brunneicauda,41134,252,27.5139015001006
Newtonia brunneicauda,39116,262,3.38022994819081
Newtonia brunneicauda,39148,262,12.0483039035151
Newtonia brunneicauda,39368,262,462.354759214358
Newtonia brunneicauda,40337,262,17.8876522784661
Newtonia brunneicauda,40410,262,45.1360753508905
Newtonia brunneicauda,40513,262,59.6196205334887
Newtonia brunneicauda,41054,262,0.695629090320706
Newtonia brunneicauda,41055,262,2.78213625666165
Newtonia brunneicauda,15547,155,0.181274117312193
Newtonia brunneicauda,41145,155,16.4163595908247
Newtonia brunneicauda,41146,155,14.8692397176668
Newtonia brunneicauda,41147,155,26.0164300679771
Newtonia brunneicauda,41148,155,308.475605014956
Newtonia brunneicauda,41149,155,20.6443376237523
Newtonia brunneicauda,19355,264,0.812480411258936
Newtonia brunneicauda,30757,264,465.807169794926
Newtonia brunneicauda,40835,264,38.3946948622806
Newtonia brunneicauda,40843,264,1.35457540027201
Newtonia brunneicauda,41080,264,122.701643372855
Newtonia brunneicauda,41151,264,38.8224120711257
Newtonia brunneicauda,41153,264,110.070037848945
Newtonia brunneicauda,41157,264,29.7723925005817
Newtonia brunneicauda,41162,264,2.70596556277776
Newtonia brunneicauda,41165,264,0.360754872067451
Newtonia brunneicauda,41166,264,67.5307001400677
Newtonia brunneicauda,41168,264,0.180371722902298
Newtonia brunneicauda,41169,264,47.3336670441899
Newtonia brunneicauda,41170,264,15.2341434265082
Newtonia brunneicauda,41171,264,3.15564838214624
Newtonia brunneicauda,41172,264,65.1599201313749
Newtonia brunneicauda,41173,264,3.15489428832662
Newtonia brunneicauda,41175,264,0.180284389288425
Newtonia brunneicauda,41178,264,11.8039994628603
Newtonia brunneicauda,41179,264,26.8481144580816
Newtonia brunneicauda,41181,264,2.34215426115477
Newtonia brunneicauda,41182,264,19.9889174229442
Newtonia brunneicauda,21157,265,158.705818376245
Newtonia brunneicauda,21583,265,70.171205546759
Newtonia brunneicauda,21982,266,0.179958904524803
Newtonia brunneicauda,22103,266,2.87876883525968
Newtonia brunneicauda,22115,266,0.899620833965421
Newtonia brunneicauda,22182,266,0.269868277515173
Newtonia brunneicauda,41141,266,56.9706430520978
Newtonia brunneicauda,41184,266,33.0953660842072
Newtonia brunneicauda,23450,267,176.465112044449
Newtonia brunneicauda,28998,267,170.785426053188
Newtonia brunneicauda,29296,267,224.299706164179
Newtonia brunneicauda,32684,267,0.620648212959528
Newtonia brunneicauda,32714,267,0.265972006814122
Newtonia brunneicauda,32754,267,0.709200345668078
Newtonia brunneicauda,32791,267,0.177290677110672
Newtonia brunneicauda,37716,267,4568.97960768796
Newtonia brunneicauda,39656,267,1320.72290065696
Newtonia brunneicauda,40983,267,20.7455502793244
Newtonia brunneicauda,40985,267,234.81411045919
Newtonia brunneicauda,40990,267,72.7284184850583
Newtonia brunneicauda,41084,267,1633.8566839868
Newtonia brunneicauda,41142,267,1264.80094030401
Newtonia brunneicauda,41125,268,45.4757890931116
Newtonia brunneicauda,41183,268,14.2635312602702
Newtonia brunneicauda,41150,269,185.208699387767
Newtonia brunneicauda,41152,270,23.6377044755612
Newtonia brunneicauda,41071,263,132.962781072095
Newtonia brunneicauda,41155,263,0.453956211002231
Newtonia brunneicauda,41154,271,18.5469218373579
Oriolia bernieri,1,1,16.7109386026331
Oriolia bernieri,2,2,0.369097689209938
Oriolia bernieri,4,2,16.2380797407139
Oriolia bernieri,162,5,30.0199160086855
Oriolia bernieri,302,8,90.6087475249957
Oriolia bernieri,532,10,21.7369523021736
Oriolia bernieri,613,10,11.5351376852355
Oriolia bernieri,747,12,0.539962693065524
Oriolia bernieri,751,12,16.6469548786582
Oriolia bernieri,802,12,25.4497781860946
Oriolia bernieri,2120,17,2.33597082442749
Oriolia bernieri,2121,17,57.1920356452289
Oriolia bernieri,1954,18,0.348686170937419
Oriolia bernieri,1958,18,0.522999364481807
Oriolia bernieri,1974,18,28.0557889890609
Oriolia bernieri,1992,18,3.3089298474443
Oriolia bernieri,1995,18,93.9339657074212
Oriolia bernieri,2005,18,8.43718636894178
Oriolia bernieri,2051,18,0.347606800359964
Oriolia bernieri,2053,18,6.60311605216253
Oriolia bernieri,2062,18,16.0684737306561
Oriolia bernieri,1775,13,11.5617810683509
Oriolia bernieri,1776,13,1.83884248594964
Oriolia bernieri,1777,13,9.10585069831289
Oriolia bernieri,1780,13,14.3554229469444
Oriolia bernieri,1784,13,2.45062763333797
Oriolia bernieri,1787,13,15.3109534877646
Oriolia bernieri,1804,13,37.1901989400183
Oriolia bernieri,1812,13,2.79871950479984
Oriolia bernieri,1827,13,19.9321749111719
Oriolia bernieri,1861,13,217.638435355954
Oriolia bernieri,1879,13,15.4576884909665
Oriolia bernieri,1884,13,3.14337245573401
Oriolia bernieri,1894,13,1.39672232339084
Oriolia bernieri,1932,13,40.9058219429332
Oriolia bernieri,2148,13,33.8687921683712
Oriolia bernieri,190,15,12.0410908559145
Oriolia bernieri,193,15,0.912147929515123
Oriolia bernieri,214,15,0.820222737159848
Oriolia bernieri,216,15,83.0485691055177
Oriolia bernieri,218,15,12.758793064086
Oriolia bernieri,219,15,2.55151549227786
Oriolia bernieri,221,15,0.455598468921423
Oriolia bernieri,224,15,19.7650407055075
Oriolia bernieri,227,15,29.9512162682307
Oriolia bernieri,228,15,162.591983003558
Oriolia bernieri,229,15,0.455342053341389
Oriolia bernieri,232,15,0.910226471503973
Oriolia bernieri,239,15,15.4688207899902
Oriolia bernieri,242,15,3.09337898071671
Oriolia bernieri,243,15,1.09175737492621
Oriolia bernieri,2144,15,6.55625383606565
Oriolia bernieri,5,3,45.7864865830548
Oriolia bernieri,6,3,8.10361631565678
Oriolia bernieri,21,3,229.185749170682
Oriolia bernieri,23,3,444.205928954021
Oriolia bernieri,33,3,179.196061611405
Oriolia bernieri,36,3,0.7341004570086
Oriolia bernieri,37,3,302.925408889001
Oriolia bernieri,39,3,1.55956194535005
Oriolia bernieri,40,3,216.172544688612
Oriolia bernieri,41,3,365.271991335024
Oriolia bernieri,42,3,78.8713894917241
Oriolia bernieri,43,3,93.0550422296534
Oriolia bernieri,44,3,30.0534282457162
Oriolia bernieri,46,3,140.784086729228
Oriolia bernieri,52,3,185.019204770686
Oriolia bernieri,56,3,13.090226422023
Oriolia bernieri,60,3,22.6046144532959
Oriolia bernieri,70,3,29.9150806649746
Oriolia bernieri,85,3,0.548483832757473
Oriolia bernieri,87,3,2.55931186735427
Oriolia bernieri,92,3,123.701798596294
Oriolia bernieri,116,3,0.822115219518423
Oriolia bernieri,132,3,10.7772300272098
Oriolia bernieri,136,3,0.6392639621948
Oriolia bernieri,144,3,3.56108456753302
Oriolia bernieri,2149,3,158.843577285118
Oriolia bernieri,931,19,24.8651506374337
Oriolia bernieri,943,19,115.821685232928
Oriolia bernieri,944,19,2.96166088926137
Oriolia bernieri,1026,19,0.807085143688679
Oriolia bernieri,1134,19,124.076896941068
Oriolia bernieri,1159,19,3.4040187478323
Oriolia bernieri,1219,19,105.04106308285
Oriolia bernieri,1264,19,9.03832219414033
Oriolia bernieri,1270,19,0.805319379196763
Oriolia bernieri,1275,19,107.14129444491
Oriolia bernieri,1368,19,0.982666379207492
Oriolia bernieri,1382,19,0.625284177395225
Oriolia bernieri,1399,19,8.66239302727258
Oriolia bernieri,1438,19,40.5297465869773
Oriolia bernieri,1450,19,1.60604260581028
Oriolia bernieri,1461,19,0.446079455514789
Oriolia bernieri,1464,19,292.140417328225
Oriolia bernieri,1470,19,0.713630473426461
Oriolia bernieri,1494,19,3.92362562417841
Oriolia bernieri,1504,19,146.760502582069
Oriolia bernieri,1511,19,120.470895458068
Oriolia bernieri,1525,19,518.070396603497
Oriolia bernieri,1532,19,16.5659779531787
Oriolia bernieri,1533,19,2.22619413036621
Oriolia bernieri,1534,19,2.22612119091761
Oriolia bernieri,1539,19,15.9348882808119
Oriolia bernieri,1545,19,37.0244919187729
Oriolia bernieri,1551,19,63.9684873414999
Oriolia bernieri,1557,19,2.40106290664852
Oriolia bernieri,1558,19,26.7654039302657
Oriolia bernieri,1560,19,12.2696476701559
Oriolia bernieri,1562,19,20.6215166086694
Oriolia bernieri,1603,19,0.62064821295929
Oriolia bernieri,1604,19,0.709200345668078
Oriolia bernieri,1605,19,277.319345056215
Oriolia bernieri,1638,19,2.83321769485366
Oriolia bernieri,1709,19,0.441649912203312
Oriolia bernieri,1715,19,0.441623093728662
Oriolia bernieri,1727,19,1.32446653053212
Oriolia bernieri,1762,19,9.96522001104965
Oriolia bernieri,1767,19,1149.89374845529
Oriolia bernieri,2150,19,172.504248717136
Oriolia bernieri,542,16,26.2545725008708
Oriolia bernieri,612,16,155.012834393136
Oriolia bernieri,621,16,3.15254696749091
Oriolia bernieri,655,16,0.630549841309428
Oriolia bernieri,660,16,2.3418393852849
Oriolia bernieri,687,16,27.8278116599331
Oriolia bernieri,722,16,70.171205546759
Oriolia bernieri,769,16,76.1335173310115
Oriolia bernieri,851,16,110.070037848945
Oriolia bernieri,2147,16,38.2175073972709
Oryzorictes hova,1,1,56.8711675529895
Oryzorictes hova,947,42,26.2648020061304
Oryzorictes hova,85,346,163.574554071599
Oryzorictes hova,1230,49,65.6118628214607
Oryzorictes hova,774,515,0.183841973942041
Oryzorictes hova,780,515,0.643432019172192
Oryzorictes hova,795,515,0.367655302864194
Oryzorictes hova,799,515,1.56243208603442
Oryzorictes hova,800,515,0.275729722221732
Oryzorictes hova,802,515,0.275717098941624
Oryzorictes hova,806,515,0.275709061498523
Oryzorictes hova,810,515,0.459508593737841
Oryzorictes hova,813,515,0.45949710468936
Oryzorictes hova,814,515,1.1946710927344
Oryzorictes hova,823,515,3.21620605602294
Oryzorictes hova,829,515,0.367564567481756
Oryzorictes hova,836,515,0.183777680330634
Oryzorictes hova,842,515,0.183773075227499
Oryzorictes hova,845,515,1.10259928914046
Oryzorictes hova,854,515,0.183763859938979
Oryzorictes hova,856,515,0.183761555059075
Oryzorictes hova,857,515,1.65382056523675
Oryzorictes hova,982,515,371.152703804006
Oryzorictes hova,8714,515,0.643524707942724
Oryzorictes hova,319,24,38.9884159684202
Oryzorictes hova,2945,374,70.1712055467508
Oryzorictes hova,8758,527,38.5754106344105
Oryzorictes hova,8767,527,1.35457540027201
Oryzorictes hova,8296,530,2.33597082442749
Oryzorictes hova,8298,530,0.173038084078312
Oryzorictes hova,8353,530,57.1920356452289
Oryzorictes hova,8324,546,0.604549703200459
Oryzorictes hova,8332,546,0.777178853789091
Oryzorictes hova,8826,546,19.9515621485635
Oryzorictes hova,8822,547,27.2715936270507
Oryzorictes hova,8823,548,29.4123165165292
Oryzorictes hova,8824,549,29.3885406549345
Oryzorictes hova,8825,550,20.6592519148769
Oryzorictes hova,5470,503,224.656451715722
Oryzorictes hova,8144,517,1320.8099663434
Oryzorictes hova,8804,517,72.7284184850583
Oryzorictes hova,8820,517,234.90144196146
Oryzorictes hova,8794,536,48.0992270820966
Oryzorictes hova,3375,553,176.465112044449
Oryzorictes hova,767,521,0.459616383672059
Oryzorictes hova,782,521,0.275752651619673
Oryzorictes hova,818,521,0.183794934333146
Oryzorictes hova,824,521,0.551364106284499
Oryzorictes hova,840,521,0.551319225258708
Oryzorictes hova,850,521,0.643170052255213
Oryzorictes hova,1894,521,14241.9214107192
Oryzorictes hova,8713,521,53.7688087064452
Oryzorictes hova,8829,521,74.313995003305
Oryzorictes hova,8855,521,54.2551765402825
Oryzorictes hova,8856,521,587.522437766301
Oryzorictes hova,8843,556,47.8541654373711
Oryzorictes hova,8857,558,258.078829041498
Oryzorictes hova,8718,522,179.36040441575
Oryzorictes hova,5137,560,0.178590377736568
Oryzorictes hova,5143,560,5.17860213789487
Oryzorictes hova,5149,560,3.83926049733389
Oryzorictes hova,5387,560,0.535034442315459
Oryzorictes hova,5402,560,0.178329643460274
Oryzorictes hova,5421,560,110.183179654552
Oryzorictes hova,7719,560,4560.55175823144
Oryzorictes hova,8872,560,1242.71916922214
Oryzorictes hova,8842,562,1632.33700756006
Oryzorictes hova,2437,492,0.812480411258936
Oryzorictes hova,8881,492,39.0933882275617
Oryzorictes hova,8882,492,0.180557963597178
Oryzorictes hova,2802,563,158.705818376245
Oryzorictes hova,5778,564,465.807169794926
Oryzorictes hova,8884,564,110.070037848945
Oryzorictes hova,8403,565,0.181274117312193
Oryzorictes hova,8878,565,308.475605014956
Oryzorictes hova,8879,565,20.6443376237523
Oryzorictes hova,8867,566,45.4757890931116
Oryzorictes hova,8875,567,16.4163595908247
Oryzorictes hova,8876,567,14.8692397176668
Oryzorictes hova,8877,568,26.0164300679771
Oryzorictes hova,8880,569,185.208699387767
Oryzorictes hova,8883,570,23.6377044755612
Oryzorictes hova,8913,571,14.2635312602702
Oryzorictes hova,8838,551,122.701643372855
Oryzorictes hova,8888,551,29.7723925005817
Oryzorictes hova,8901,551,15.2341434265082
Oryzorictes hova,8896,572,0.360754872067451
Oryzorictes hova,8897,572,67.6208545236654
Oryzorictes hova,8900,573,47.3336670441899
Oryzorictes hova,8903,574,65.1599201313749
Oryzorictes hova,8908,575,11.8039994628603
Oryzorictes hova,8909,576,26.8481144580816
Oryzorictes hova,8912,577,19.9889174229442
Oryzorictes hova,8830,552,132.962781072095
Oryzorictes hova,8885,578,18.5469218373579
Oryzorictes hova,3070,559,0.899620833965421
Oryzorictes hova,3085,559,0.269868277515173
Oryzorictes hova,8644,559,0.179958904524803
Oryzorictes hova,8645,559,2.87876883525717
Oryzorictes hova,8871,559,56.9706430520978
Oryzorictes hova,8914,559,33.0953660842072
Oryzorictes tetradactylus,98,12,35.7168504140324
Oryzorictes tetradactylus,112,178,12.2730334952754
Oryzorictes tetradactylus,121,14,53.880920567325
Oryzorictes tetradactylus,128,17,11.0677904937422
Oryzorictes tetradactylus,129,17,23.1488844918891
Oryzorictes tetradactylus,151,20,35.3936003238294
Oryzorictes tetradactylus,160,22,10.964685349086
Oryzorictes tetradactylus,162,24,1.19747486800301
Oryzorictes tetradactylus,165,24,0.368458156106472
Oryzorictes tetradactylus,166,24,4.97389831733626
Oryzorictes tetradactylus,167,24,4.23704192003936
Oryzorictes tetradactylus,169,24,6.63162645038044
Oryzorictes tetradactylus,174,25,14.9212984618512
Oryzorictes tetradactylus,176,24,0.184211880049229
Oryzorictes tetradactylus,179,24,1.74986507844758
Oryzorictes tetradactylus,181,24,68.3474855748302
Oryzorictes tetradactylus,185,25,29.7439079649721
Oryzorictes tetradactylus,189,26,19.6108810678481
Oryzorictes tetradactylus,197,29,27.3374724883207
Oryzorictes tetradactylus,200,31,29.8164373522979
Oryzorictes tetradactylus,243,34,0.367897162454665
Oryzorictes tetradactylus,244,210,32.5536096187773
Oryzorictes tetradactylus,277,34,47.6303711655117
Oryzorictes tetradactylus,278,210,0.183868284008205
Oryzorictes tetradactylus,409,40,26.8593180791351
Oryzorictes tetradactylus,1538,109,13.8900112845451
Oryzorictes tetradactylus,1723,121,7.37843342656613
Oryzorictes tetradactylus,1840,134,25.0456240645473
Oryzorictes tetradactylus,152,208,0.184330083481014
Oryzorictes tetradactylus,154,208,0.46079386894691
Oryzorictes tetradactylus,155,208,37.05020652045
Oryzorictes tetradactylus,361,36,58.6780858784226
Oryzorictes tetradactylus,207,32,55.7561745491338
Oryzorictes tetradactylus,225,32,29.1594029263307
Oryzorictes tetradactylus,459,46,19.3826589895583
Oryzorictes tetradactylus,482,50,180.120184813256
Oryzorictes tetradactylus,305,179,1.10266377710527
Oryzorictes tetradactylus,307,179,0.183781132994473
Oryzorictes tetradactylus,310,179,2.02137478975803
Oryzorictes tetradactylus,311,179,0.826945434479237
Oryzorictes tetradactylus,331,179,0.367459639964223
Oryzorictes tetradactylus,335,179,0.183724619395971
Oryzorictes tetradactylus,336,179,0.275586929093957
Oryzorictes tetradactylus,338,179,1.46972063059181
Oryzorictes tetradactylus,339,179,0.275577679304183
Oryzorictes tetradactylus,369,179,388.698326143745
Oryzorictes tetradactylus,2013,215,29.8365969884256
Oryzorictes tetradactylus,130,16,14.4806153221746
Oryzorictes tetradactylus,141,19,32.2733753701534
Oryzorictes tetradactylus,145,216,15.2113520795991
Oryzorictes tetradactylus,2016,216,0.73757240901649
Oryzorictes tetradactylus,1411,98,19.8869286027707
Oryzorictes tetradactylus,1460,98,0.178273059561968
Oryzorictes tetradactylus,1462,98,102.230502712722
Oryzorictes tetradactylus,1486,98,26.4604981426481
Oryzorictes tetradactylus,1537,98,53.9638965356694
Oryzorictes tetradactylus,1593,98,21.7179363196859
Oryzorictes tetradactylus,1688,114,5.3372996624502
Oryzorictes tetradactylus,1704,114,12.2738633200341
Oryzorictes tetradactylus,1793,124,11.8067986252631
Oryzorictes tetradactylus,1795,124,1.59748263599014
Oryzorictes tetradactylus,1797,124,105.713420984943
Oryzorictes tetradactylus,1800,124,0.177450581545353
Oryzorictes tetradactylus,496,211,0.820644420907855
Oryzorictes tetradactylus,501,211,1.73194615611374
Oryzorictes tetradactylus,509,211,66.1899405958974
Oryzorictes tetradactylus,2020,211,25.9731546361337
Oryzorictes tetradactylus,969,67,67.5307001400677
Oryzorictes tetradactylus,2030,67,0.360754872067451
Oryzorictes tetradactylus,2021,217,25.9001785849923
Oryzorictes tetradactylus,2033,218,47.3336670441899
Oryzorictes tetradactylus,2040,219,11.8039994628603
Oryzorictes tetradactylus,2041,220,20.2703483276331
Oryzorictes tetradactylus,2044,221,19.9889174229442
Otus rutilus,4740,12,10.0335984890005
Otus rutilus,4774,12,148.313738299141
Otus rutilus,4817,12,46.4243142196318
Otus rutilus,4837,12,39.125721504027
Otus rutilus,44,1,130.021860527528
Otus rutilus,45,1,6.4908973798604
Otus rutilus,48,1,8.4370977335708
Otus rutilus,90,1,43.4528749465152
Otus rutilus,5201,1,56.8711675529887
Otus rutilus,2888,13,130.568218715013
Otus rutilus,5422,23,78.5054384879867
Otus rutilus,4866,22,2.33597082442749
Otus rutilus,4947,22,44.4928427752445
Otus rutilus,5417,22,57.1920356452289
Otus rutilus,5469,22,27.2715936270507
Otus rutilus,5470,22,29.4123165165292
Otus rutilus,5471,22,29.3885406549345
Otus rutilus,5472,22,20.6592519148769
Otus rutilus,5473,22,19.9515621485635
Otus rutilus,4279,3,17.1507284432224
Otus rutilus,4422,3,16.0848499706674
Otus rutilus,4482,3,58.4639144571832
Otus rutilus,4549,3,14.989374111433
Otus rutilus,4670,3,46.5723968884147
Otus rutilus,4945,3,13.0307413413469
Otus rutilus,5026,3,7.50890607225883
Otus rutilus,5028,3,13.3958478781311
Otus rutilus,5029,3,15.479861985826
Otus rutilus,5034,3,6.06907414019537
Otus rutilus,5082,3,9.25706128804803
Otus rutilus,5085,3,4.31856011909986
Otus rutilus,5087,3,2.02272765648687
Otus rutilus,5153,3,23.0620316261801
Otus rutilus,5463,3,44.8174905868982
Otus rutilus,5499,3,2.03225787389851
Otus rutilus,5500,3,8.03635703224694
Otus rutilus,3850,8,171.071344628696
Otus rutilus,5485,8,8.19087994073701
Otus rutilus,1005,18,16.3740665150672
Otus rutilus,1057,18,19.2038282113973
Otus rutilus,1087,18,1.91988596975887
Otus rutilus,1088,18,4.2053427026192
Otus rutilus,1106,18,22.2892814174211
Otus rutilus,1107,18,5.85033975470352
Otus rutilus,1109,18,24.6792146248873
Otus rutilus,1122,18,2.65062070312488
Otus rutilus,1129,18,2.37624750380063
Otus rutilus,1141,18,8.3165148231597
Otus rutilus,1147,18,8.86332816260099
Otus rutilus,1198,18,10.9639024804163
Otus rutilus,1199,18,4.567756926453
Otus rutilus,1371,18,693.921992462519
Otus rutilus,1372,18,2.00722734047782
Otus rutilus,4920,18,2.19383277368414
Otus rutilus,4921,18,37.6497033879563
Otus rutilus,5128,18,9.30640563301087
Otus rutilus,5187,18,16.5402429724604
Otus rutilus,3212,21,57.9536162531174
Otus rutilus,3219,21,2.32886922907722
Otus rutilus,3233,21,3.3134309653126
Otus rutilus,3262,21,2.32767118465054
Otus rutilus,3273,21,2.05895008530676
Otus rutilus,3308,21,89.7882265230072
Otus rutilus,3317,21,2.50550766269672
Otus rutilus,3620,21,447.246337067564
Otus rutilus,4982,21,35.8509582239029
Otus rutilus,5150,21,3.75955498127008
Otus rutilus,5442,21,1.79238486696017
Otus rutilus,5464,21,17.1081231937802
Otus rutilus,5530,21,27.5139015001006
Otus rutilus,269,19,175.204558120961
Otus rutilus,361,19,38.9884159684163
Otus rutilus,546,19,1.56243208603442
Otus rutilus,561,19,53.7688087064452
Otus rutilus,562,19,3.21620605602419
Otus rutilus,572,19,2.02137478975803
Otus rutilus,574,19,1.65382056523675
Otus rutilus,613,19,58.6780858784226
Otus rutilus,630,19,432.708220309259
Otus rutilus,1922,19,15252.0716421369
Otus rutilus,2660,19,158.705818376245
Otus rutilus,2719,19,70.171205546759
Otus rutilus,2782,19,2.87876883525968
Otus rutilus,2920,19,176.465112044449
Otus rutilus,3700,19,170.785426053188
Otus rutilus,3738,19,224.299706164179
Otus rutilus,3953,19,465.807169794926
Otus rutilus,4710,19,4568.97960768796
Otus rutilus,4891,19,1320.72290065696
Otus rutilus,4919,19,179.54495541553
Otus rutilus,5285,19,38.3946948622806
Otus rutilus,5408,19,20.7455502793244
Otus rutilus,5409,19,234.81411045919
Otus rutilus,5414,19,72.7284184850583
Otus rutilus,5476,19,77.4065442805075
Otus rutilus,5477,19,132.962781072095
Otus rutilus,5488,19,122.701643372855
Otus rutilus,5492,19,1633.8566839868
Otus rutilus,5501,19,47.8541654373711
Otus rutilus,5513,19,54.2551765402825
Otus rutilus,5514,19,587.522437766301
Otus rutilus,5515,19,257.987775640312
Otus rutilus,5526,19,45.4757890931116
Otus rutilus,5537,19,56.9706430520978
Otus rutilus,5538,19,1264.80094030401
Otus rutilus,5541,19,16.4163595908247
Otus rutilus,5542,19,14.8692397176668
Otus rutilus,5543,19,26.0164300679771
Otus rutilus,5544,19,308.475605014956
Otus rutilus,5545,19,20.6443376237523
Otus rutilus,5546,19,185.208699387767
Otus rutilus,5547,19,38.8224120711257
Otus rutilus,5548,19,23.6377044755612
Otus rutilus,5549,19,110.070037848945
Otus rutilus,5550,19,18.5469218373579
Otus rutilus,5553,19,29.7723925005817
Otus rutilus,5558,19,2.70596556277776
Otus rutilus,5562,19,67.6208545236654
Otus rutilus,5565,19,47.3336670441899
Otus rutilus,5566,19,15.2341434265082
Otus rutilus,5567,19,3.15564838214624
Otus rutilus,5568,19,65.1599201313749
Otus rutilus,5569,19,3.15489428832662
Otus rutilus,5573,19,11.8039994628603
Otus rutilus,5574,19,26.8481144580816
Otus rutilus,5576,19,2.34215426115477
Otus rutilus,5577,19,19.9889174229442
Otus rutilus,5578,19,14.2635312602702
Otus rutilus,5579,19,33.0953660842072
Oxylabes madagascariensis,13,39,21.0334598369182
Oxylabes madagascariensis,3,2,111.100829909233
Oxylabes madagascariensis,5,2,0.463781360735595
Oxylabes madagascariensis,6,2,0.278243954662919
Oxylabes madagascariensis,7,2,0.64914825101471
Oxylabes madagascariensis,6481,2,56.8711675529887
Oxylabes madagascariensis,6443,40,29.4123165165292
Oxylabes madagascariensis,6562,40,27.2715936270507
Oxylabes madagascariensis,6563,40,29.3885406549345
Oxylabes madagascariensis,6564,40,20.6592519148769
Oxylabes madagascariensis,1113,24,11.1100677051132
Oxylabes madagascariensis,109,27,110.223524784537
Oxylabes madagascariensis,166,27,2.21454840610319
Oxylabes madagascariensis,168,27,1.1995567112959
Oxylabes madagascariensis,217,27,0.6456592656492
Oxylabes madagascariensis,277,27,23.318771661808
Oxylabes madagascariensis,328,27,41.180127586423
Oxylabes madagascariensis,527,27,0.643524707940877
Oxylabes madagascariensis,528,27,2.11438066261417
Oxylabes madagascariensis,538,27,0.459616383672059
Oxylabes madagascariensis,544,27,0.643432019172192
Oxylabes madagascariensis,547,27,0.275752651619673
Oxylabes madagascariensis,553,27,0.367655302864194
Oxylabes madagascariensis,556,27,1.56243208603442
Oxylabes madagascariensis,557,27,0.275729722221732
Oxylabes madagascariensis,559,27,0.275717098941624
Oxylabes madagascariensis,563,27,0.275709061498523
Oxylabes madagascariensis,565,27,0.459508593737543
Oxylabes madagascariensis,567,27,0.275701020456195
Oxylabes madagascariensis,568,27,0.45949710468936
Oxylabes madagascariensis,569,27,1.1946710927344
Oxylabes madagascariensis,570,27,3.30822947109908
Oxylabes madagascariensis,574,27,1.47030313296086
Oxylabes madagascariensis,578,27,0.64325064792037
Oxylabes madagascariensis,637,27,26.2648020061304
Oxylabes madagascariensis,649,27,333.023805038575
Oxylabes madagascariensis,667,27,3.48845173661
Oxylabes madagascariensis,719,27,1.46844013959706
Oxylabes madagascariensis,736,27,5.32260880427534
Oxylabes madagascariensis,745,27,0.275296915365994
Oxylabes madagascariensis,842,27,0.366640248780668
Oxylabes madagascariensis,847,27,1.64962747188139
Oxylabes madagascariensis,864,27,5.77274455880851
Oxylabes madagascariensis,917,27,41.2839215929323
Oxylabes madagascariensis,950,27,9918.14801420668
Oxylabes madagascariensis,988,27,2.37459808751702
Oxylabes madagascariensis,989,27,761.085359306194
Oxylabes madagascariensis,1010,27,1.09562847792959
Oxylabes madagascariensis,1020,27,89.2130131915426
Oxylabes madagascariensis,1024,27,0.365132478829622
Oxylabes madagascariensis,1025,27,0.273849359069586
Oxylabes madagascariensis,1027,27,0.273846844521999
Oxylabes madagascariensis,1057,27,3.46533733650792
Oxylabes madagascariensis,1086,27,444.188883722857
Oxylabes madagascariensis,1118,27,0.273246820754766
Oxylabes madagascariensis,1151,27,2.00140982373178
Oxylabes madagascariensis,1152,27,0.272929866261005
Oxylabes madagascariensis,1184,27,2.09133444539583
Oxylabes madagascariensis,1221,27,524.455388418614
Oxylabes madagascariensis,6463,27,3.50637091730267
Oxylabes madagascariensis,6477,27,139.674625019251
Oxylabes madagascariensis,6478,27,390.467471528771
Oxylabes madagascariensis,6565,27,31.4878831114368
Oxylabes madagascariensis,6566,27,47.9386412135779
Oxylabes madagascariensis,6584,27,25.7528153259755
Oxylabes madagascariensis,6585,27,59.3564680753992
Oxylabes madagascariensis,6586,27,257.987775640312
Oxylabes madagascariensis,6587,27,169.319977831154
Oxylabes madagascariensis,6588,27,113.866041278604
Oxylabes madagascariensis,6602,27,47.8541654373711
Oxylabes madagascariensis,1444,9,1.35457540027249
Oxylabes madagascariensis,1469,9,0.812480411258936
Oxylabes madagascariensis,4825,9,465.807169794926
Oxylabes madagascariensis,6573,9,122.521170488563
Oxylabes madagascariensis,6598,9,45.4757890931116
Oxylabes madagascariensis,6615,9,34.3971482793418
Oxylabes madagascariensis,6617,9,23.6377044755612
Oxylabes madagascariensis,6618,9,110.070037848945
Oxylabes madagascariensis,6620,9,29.7723925005817
Oxylabes madagascariensis,6625,9,2.70596556277776
Oxylabes madagascariensis,6628,9,0.360754872067451
Oxylabes madagascariensis,6629,9,67.5307001400677
Oxylabes madagascariensis,6632,9,47.3336670441899
Oxylabes madagascariensis,6633,9,15.2341434265082
Oxylabes madagascariensis,6634,9,3.15564838214624
Oxylabes madagascariensis,6635,9,65.1599201313749
Oxylabes madagascariensis,6636,9,3.15489428832662
Oxylabes madagascariensis,6641,9,11.8039994628603
Oxylabes madagascariensis,6642,9,26.8481144580816
Oxylabes madagascariensis,6644,9,2.34215426115477
Oxylabes madagascariensis,6645,9,19.9889174229442
Oxylabes madagascariensis,6646,9,14.2635312602702
Oxylabes madagascariensis,1636,42,10.1832641626657
Oxylabes madagascariensis,1684,42,41.9852753191171
Oxylabes madagascariensis,1953,43,2.87876883525968
Oxylabes madagascariensis,1955,43,0.899620833965421
Oxylabes madagascariensis,1980,43,0.269868277515173
Oxylabes madagascariensis,2342,43,176.465112044449
Oxylabes madagascariensis,4399,43,170.785426053188
Oxylabes madagascariensis,4459,43,224.299706164162
Oxylabes madagascariensis,5125,43,0.620648212959528
Oxylabes madagascariensis,5128,43,0.265972006814122
Oxylabes madagascariensis,5136,43,0.709200345668078
Oxylabes madagascariensis,5533,43,16.7328206902658
Oxylabes madagascariensis,5562,43,0.528311610993385
Oxylabes madagascariensis,5707,43,0.614342893218875
Oxylabes madagascariensis,5971,43,0.874369558251738
Oxylabes madagascariensis,6062,43,4345.86011942201
Oxylabes madagascariensis,6075,43,0.262028568104982
Oxylabes madagascariensis,6103,43,0.261868806515336
Oxylabes madagascariensis,6436,43,1224.09854778283
Oxylabes madagascariensis,6557,43,234.726847250796
Oxylabes madagascariensis,6561,43,72.7284184850583
Oxylabes madagascariensis,6577,43,1633.8566839868
Oxylabes madagascariensis,6608,43,56.9706430520978
Oxylabes madagascariensis,6609,43,1264.80094030401
Oxylabes madagascariensis,6647,43,33.0953660842072
Oxylabes madagascariensis,6610,44,14.8692397176668
Oxylabes madagascariensis,6611,44,26.0164300679771
Oxylabes madagascariensis,6612,44,294.616655955408
Oxylabes madagascariensis,6613,44,15.211670940587
Oxylabes madagascariensis,6614,45,185.208699387767
Oxylabes madagascariensis,6567,41,57.7701148116656
Oxylabes madagascariensis,6619,41,29.426242437476
Philepitta castanea,4370,10,29.4123165165292
Philepitta castanea,4384,10,27.2715936270507
Philepitta castanea,4385,10,29.3885406549345
Philepitta castanea,4386,10,20.6592519148769
Philepitta castanea,3,1,0.184729457799852
Philepitta castanea,7,1,273.487005936876
Philepitta castanea,10,1,152.498155501201
Philepitta castanea,12,1,37.6633471787505
Philepitta castanea,38,1,0.369019957634926
Philepitta castanea,40,1,141.420756638344
Philepitta castanea,43,1,140.315846688552
Philepitta castanea,45,1,0.6456592656492
Philepitta castanea,48,1,155.065885933313
Philepitta castanea,52,1,27.8355770827927
Philepitta castanea,57,1,0.184330083481014
Philepitta castanea,63,1,0.184313586147666
Philepitta castanea,81,1,15.3851817418075
Philepitta castanea,89,1,48.9931911167393
Philepitta castanea,98,1,1.74986507844758
Philepitta castanea,99,1,104.373087709085
Philepitta castanea,110,1,1.19697195979726
Philepitta castanea,218,1,3.21760750335884
Philepitta castanea,219,1,0.643524707942724
Philepitta castanea,236,1,0.459616383672059
Philepitta castanea,238,1,0.183841973942041
Philepitta castanea,239,1,0.183840828700006
Philepitta castanea,242,1,0.643432019172192
Philepitta castanea,243,1,0.275752651619673
Philepitta castanea,248,1,0.367655302864194
Philepitta castanea,262,1,0.643082380221069
Philepitta castanea,263,1,0.459349671094894
Philepitta castanea,264,1,1.8373651948179
Philepitta castanea,268,1,0.367459639964223
Philepitta castanea,271,1,0.183724619395971
Philepitta castanea,272,1,0.275586929093957
Philepitta castanea,274,1,1.46972063059181
Philepitta castanea,275,1,0.275577679304183
Philepitta castanea,292,1,0.367363554798603
Philepitta castanea,302,1,44.3538334620843
Philepitta castanea,318,1,0.275475634280682
Philepitta castanea,320,1,370.68552879
Philepitta castanea,330,1,0.275443051051259
Philepitta castanea,363,1,0.275296915365994
Philepitta castanea,366,1,0.275287525101185
Philepitta castanea,369,1,53.1253162317931
Philepitta castanea,375,1,0.275273431350648
Philepitta castanea,383,1,360.855726012654
Philepitta castanea,384,1,28.8042997545974
Philepitta castanea,398,1,0.36601674408102
Philepitta castanea,399,1,0.457520320277512
Philepitta castanea,401,1,0.183009591688037
Philepitta castanea,511,1,1.09562847792959
Philepitta castanea,516,1,0.730251124382853
Philepitta castanea,517,1,0.273849359069586
Philepitta castanea,518,1,0.182563724761963
Philepitta castanea,525,1,0.273786407778382
Philepitta castanea,527,1,1.18614475155497
Philepitta castanea,538,1,83.6664463016236
Philepitta castanea,589,1,7098.23176210079
Philepitta castanea,615,1,27.7801576174308
Philepitta castanea,616,1,0.273246820754766
Philepitta castanea,619,1,0.273218414016366
Philepitta castanea,631,1,235.647403729741
Philepitta castanea,4374,1,49.011008598217
Philepitta castanea,4400,1,54.2551765402825
Philepitta castanea,4401,1,59.3564680753992
Philepitta castanea,4402,1,84.6128731197078
Philepitta castanea,4403,1,29.9665759035923
Philepitta castanea,4404,1,74.8353852265356
Philepitta castanea,4405,1,29.8602134693177
Philepitta castanea,4406,1,28.3052438323222
Philepitta castanea,756,9,0.812480411258936
Philepitta castanea,1018,9,0.179958904524803
Philepitta castanea,1048,9,2.87876883525968
Philepitta castanea,1052,9,0.899620833965421
Philepitta castanea,1069,9,0.269868277515173
Philepitta castanea,1325,9,176.465112044449
Philepitta castanea,3111,9,164.716838880767
Philepitta castanea,3134,9,0.178258892614841
Philepitta castanea,3142,9,0.356448453989983
Philepitta castanea,3154,9,222.963134085218
Philepitta castanea,3350,9,465.807169794926
Philepitta castanea,3509,9,0.62064821295929
Philepitta castanea,3510,9,0.265972006814122
Philepitta castanea,3511,9,0.709200345668078
Philepitta castanea,3512,9,0.177290677110672
Philepitta castanea,3737,9,0.176121529439092
Philepitta castanea,3742,9,0.264157514937997
Philepitta castanea,3745,9,4.31124233271003
Philepitta castanea,3766,9,0.175722425133109
Philepitta castanea,3930,9,0.174932641012549
Philepitta castanea,4014,9,4284.98276639715
Philepitta castanea,4205,9,1296.90133809709
Philepitta castanea,4304,9,23.1220312933333
Philepitta castanea,4315,9,6.60311605216253
Philepitta castanea,4330,9,16.0684737306561
Philepitta castanea,4380,9,234.726847250796
Philepitta castanea,4394,9,122.701643372855
Philepitta castanea,4398,9,1565.48874867752
Philepitta castanea,4410,9,45.4757890931116
Philepitta castanea,4414,9,56.9706430520978
Philepitta castanea,4415,9,0.268007236974359
Philepitta castanea,4416,9,1260.25600424016
Philepitta castanea,4423,9,16.6994855698657
Philepitta castanea,4424,9,1.17365293457222
Philepitta castanea,4425,9,0.180557963597178
Philepitta castanea,4426,9,23.6377044755612
Philepitta castanea,4427,9,110.070037848945
Philepitta castanea,4430,9,29.7723925005817
Philepitta castanea,4435,9,2.70596556277776
Philepitta castanea,4438,9,0.360754872067451
Philepitta castanea,4439,9,67.5307001400677
Philepitta castanea,4441,9,0.180371722902298
Philepitta castanea,4442,9,47.0632871304681
Philepitta castanea,4443,9,15.2341434265082
Philepitta castanea,4444,9,3.15564838214624
Philepitta castanea,4445,9,65.1599201313749
Philepitta castanea,4446,9,3.15489428832662
Philepitta castanea,4448,9,0.180284389288425
Philepitta castanea,4451,9,26.8481144580816
Philepitta castanea,4452,9,19.9889174229442
Philepitta castanea,4453,9,14.2635312602702
Philepitta castanea,4454,9,33.0953660842072
Philepitta castanea,4417,12,16.4163595908247
Philepitta castanea,4418,12,14.8692397176668
Philepitta castanea,4419,12,26.0164300679771
Philepitta castanea,4420,12,277.663012566885
Philepitta castanea,4421,12,20.6443376237523
Philepitta castanea,4422,12,185.208699387767
Philepitta castanea,638,11,0.272374528730989
Philepitta castanea,4387,11,67.5792188322154
Philepitta castanea,4428,11,56.030674192581
Ploceus nelicourvi,2,1,0.64914825101471
Ploceus nelicourvi,3,1,56.8711675529887
Ploceus nelicourvi,8794,1,52.3985918019408
Ploceus nelicourvi,8762,32,2.33597082442749
Ploceus nelicourvi,8883,32,57.1920356452289
Ploceus nelicourvi,8884,32,27.2715936270507
Ploceus nelicourvi,8885,32,29.4123165165292
Ploceus nelicourvi,8886,32,29.3885406549345
Ploceus nelicourvi,8887,32,20.6592519148769
Ploceus nelicourvi,36,3,152.498155501201
Ploceus nelicourvi,80,3,179.36040441575
Ploceus nelicourvi,126,3,0.6456592656492
Ploceus nelicourvi,165,3,27.8355770827927
Ploceus nelicourvi,220,3,0.276354423903167
Ploceus nelicourvi,230,3,0.644736027104974
Ploceus nelicourvi,233,3,1.74986507844758
Ploceus nelicourvi,234,3,112.203011880524
Ploceus nelicourvi,236,3,3.68393426545006
Ploceus nelicourvi,397,3,0.643250648132622
Ploceus nelicourvi,398,3,0.64325064792037
Ploceus nelicourvi,426,3,294.53612488467
Ploceus nelicourvi,442,3,14.4181473408762
Ploceus nelicourvi,461,3,3.48845173661
Ploceus nelicourvi,1257,3,14569.7298497337
Ploceus nelicourvi,8785,3,47.8541654373711
Ploceus nelicourvi,8888,3,31.4878831114368
Ploceus nelicourvi,8889,3,77.4065442805075
Ploceus nelicourvi,8914,3,54.2551765402825
Ploceus nelicourvi,8915,3,524.455388418614
Ploceus nelicourvi,8916,3,257.987775640312
Ploceus nelicourvi,1947,25,1.35457540027249
Ploceus nelicourvi,2013,25,0.812480411258936
Ploceus nelicourvi,2440,25,158.705818376245
Ploceus nelicourvi,2590,25,70.171205546759
Ploceus nelicourvi,6075,25,465.807169794926
Ploceus nelicourvi,8834,25,38.3946948622806
Ploceus nelicourvi,8898,25,122.521170488563
Ploceus nelicourvi,8926,25,45.4757890931116
Ploceus nelicourvi,8943,25,38.4612961439313
Ploceus nelicourvi,8945,25,23.6377044755612
Ploceus nelicourvi,8946,25,110.070037848945
Ploceus nelicourvi,8948,25,29.7723925005817
Ploceus nelicourvi,8953,25,2.70596556277776
Ploceus nelicourvi,8956,25,0.360754872067451
Ploceus nelicourvi,8957,25,67.5307001400677
Ploceus nelicourvi,8960,25,47.3336670441899
Ploceus nelicourvi,8961,25,15.2341434265082
Ploceus nelicourvi,8962,25,3.15564838214624
Ploceus nelicourvi,8963,25,65.1599201313749
Ploceus nelicourvi,8964,25,3.15489428832662
Ploceus nelicourvi,8969,25,11.8039994628603
Ploceus nelicourvi,8970,25,26.8481144580816
Ploceus nelicourvi,8972,25,2.34215426115477
Ploceus nelicourvi,8973,25,19.9889174229442
Ploceus nelicourvi,8974,25,14.2635312602702
Ploceus nelicourvi,2753,34,2.87876883525968
Ploceus nelicourvi,2755,34,0.899620833965421
Ploceus nelicourvi,2780,34,0.269868277515173
Ploceus nelicourvi,3210,34,176.465112044449
Ploceus nelicourvi,5555,34,170.785426053188
Ploceus nelicourvi,5629,34,224.299706164179
Ploceus nelicourvi,6588,34,0.620648212959528
Ploceus nelicourvi,6594,34,0.265972006814122
Ploceus nelicourvi,6610,34,0.709200345668078
Ploceus nelicourvi,8177,34,4401.71349901923
Ploceus nelicourvi,8778,34,1292.70945784272
Ploceus nelicourvi,8875,34,234.81411045919
Ploceus nelicourvi,8880,34,72.7284184850583
Ploceus nelicourvi,8902,34,1633.8566839868
Ploceus nelicourvi,8933,34,56.9706430520978
Ploceus nelicourvi,8934,34,1264.80094030401
Ploceus nelicourvi,8975,34,33.0953660842072
Ploceus nelicourvi,8937,35,16.4163595908247
Ploceus nelicourvi,8938,35,14.8692397176668
Ploceus nelicourvi,8939,35,26.0164300679771
Ploceus nelicourvi,8940,35,308.475605014956
Ploceus nelicourvi,8941,35,20.6443376237523
Ploceus nelicourvi,8942,36,185.208699387767
Ploceus nelicourvi,1263,33,0.272374528730989
Ploceus nelicourvi,8890,33,129.966271154985
Ploceus nelicourvi,8947,37,18.5469218373579
Polyboroides radiatus,851,2,130.279418856682
Polyboroides radiatus,905,2,138.804967227073
Polyboroides radiatus,1833,2,16.1215402504437
Polyboroides radiatus,2046,2,55.9176153789136
Polyboroides radiatus,2055,2,46.5723968884147
Polyboroides radiatus,2074,2,11.0948326900711
Polyboroides radiatus,2859,2,257.694893036576
Polyboroides radiatus,2862,2,45.1360753508905
Polyboroides radiatus,2972,2,47.9151920474066
Polyboroides radiatus,3070,2,31.4692072683324
Polyboroides radiatus,3074,2,36.3826787541578
Polyboroides radiatus,3132,2,23.0620316261801
Polyboroides radiatus,498,3,36.331879859746
Polyboroides radiatus,549,3,130.568218715013
Polyboroides radiatus,588,3,12.2656330127326
Polyboroides radiatus,610,3,466.300212378207
Polyboroides radiatus,1361,3,58.0431777097617
Polyboroides radiatus,2391,3,40.7807287410788
Polyboroides radiatus,2853,3,21.3042246955787
Polyboroides radiatus,2945,3,35.8509582239029
Polyboroides radiatus,2946,3,90.1463766941008
Polyboroides radiatus,3224,3,13.3489735764035
Polyboroides radiatus,3225,3,13.4284515956752
Polyboroides radiatus,3439,3,78.5054384879867
Polyboroides radiatus,3491,3,17.1081231937802
Polyboroides radiatus,3526,3,13.3347498854089
Polyboroides radiatus,3543,3,27.5139015001006
Polyboroides radiatus,219,4,19.2038282113973
Polyboroides radiatus,227,4,24.6792146248873
Polyboroides radiatus,350,4,696.751599295974
Polyboroides radiatus,2156,4,16.3740665150672
Polyboroides radiatus,2350,4,22.3806283842244
Polyboroides radiatus,2897,4,37.832468202602
Polyboroides radiatus,3117,4,9.30640563301087
Polyboroides radiatus,3257,4,16.5402429724604
Polyboroides radiatus,3380,4,11.5120029750904
Polyboroides radiatus,15,1,130.021860527528
Polyboroides radiatus,18,1,43.2038186617044
Polyboroides radiatus,28,1,45.7690350461981
Polyboroides radiatus,34,1,43.0377824654073
Polyboroides radiatus,71,1,175.204558120961
Polyboroides radiatus,91,1,38.9884159684202
Polyboroides radiatus,120,1,19.5821926010261
Polyboroides radiatus,142,1,58.6780858784226
Polyboroides radiatus,144,1,354.380842762548
Polyboroides radiatus,305,1,13.8476284396458
Polyboroides radiatus,347,1,14249.1744056876
Polyboroides radiatus,370,1,132.962781072095
Polyboroides radiatus,395,1,16.4163595908247
Polyboroides radiatus,397,1,14.8692397176668
Polyboroides radiatus,409,1,29.8980939372278
Polyboroides radiatus,433,1,150.655720694172
Polyboroides radiatus,443,1,217.866857489941
Polyboroides radiatus,472,1,13.0668093583632
Polyboroides radiatus,476,1,158.705818376245
Polyboroides radiatus,485,1,70.1712055467508
Polyboroides radiatus,506,1,300.340615809805
Polyboroides radiatus,514,1,22.2706313779993
Polyboroides radiatus,515,1,65.2686377723527
Polyboroides radiatus,534,1,47.3615024567493
Polyboroides radiatus,556,1,16.9459699933987
Polyboroides radiatus,578,1,22.2979204287458
Polyboroides radiatus,584,1,75.837509750912
Polyboroides radiatus,593,1,28.3302766178341
Polyboroides radiatus,606,1,18.661799738426
Polyboroides radiatus,615,1,10.0843859371828
Polyboroides radiatus,621,1,170.785426053188
Polyboroides radiatus,625,1,104.823247378915
Polyboroides radiatus,630,1,224.656451715722
Polyboroides radiatus,634,1,71.6041688749275
Polyboroides radiatus,644,1,135.040863749134
Polyboroides radiatus,650,1,32.5033506781079
Polyboroides radiatus,657,1,41.9908363216972
Polyboroides radiatus,665,1,34.5884724114306
Polyboroides radiatus,669,1,12.002940350133
Polyboroides radiatus,693,1,191.637082030771
Polyboroides radiatus,715,1,97.3243534608799
Polyboroides radiatus,826,1,2570.76073058239
Polyboroides radiatus,834,1,15.7158278321928
Polyboroides radiatus,840,1,14.8353915718026
Polyboroides radiatus,847,1,14.8990409354097
Polyboroides radiatus,856,1,42.2228213314056
Polyboroides radiatus,857,1,20.7111608292688
Polyboroides radiatus,860,1,197.310354433293
Polyboroides radiatus,2562,1,32.5536096187775
Polyboroides radiatus,2563,1,53.7688087064452
Polyboroides radiatus,2568,1,16.4635599028283
Polyboroides radiatus,2572,1,18.1098317564155
Polyboroides radiatus,2573,1,66.8868642792623
Polyboroides radiatus,2608,1,308.297421828276
Polyboroides radiatus,2609,1,162.636385038827
Polyboroides radiatus,2629,1,11.6120186176995
Polyboroides radiatus,2786,1,179.54495541553
Polyboroides radiatus,2839,1,66.489778000425
Polyboroides radiatus,3270,1,56.8711675529887
Polyboroides radiatus,3394,1,54.2551765402825
Polyboroides radiatus,3418,1,48.104202637447
Polyboroides radiatus,3432,1,20.7455502793244
Polyboroides radiatus,3433,1,10.3767457573495
Polyboroides radiatus,3494,1,77.4065442805075
Polyboroides radiatus,3495,1,18.5469218373579
Polyboroides radiatus,3502,1,122.701643372855
Polyboroides radiatus,3505,1,65.681615858403
Polyboroides radiatus,3506,1,47.8541654373711
Polyboroides radiatus,3517,1,587.522437766301
Polyboroides radiatus,3524,1,45.4757890931116
Polyboroides radiatus,3525,1,26.6050361725924
Polyboroides radiatus,3533,1,15.0956876044398
Polyboroides radiatus,3545,1,26.0164300679771
Polyboroides radiatus,3546,1,20.6443376237523
Polyboroides radiatus,3549,1,23.6377044755612
Polyboroides radiatus,3550,1,29.8365969884256
Polyboroides radiatus,3551,1,110.070037848945
Polyboroides radiatus,3561,1,67.6208545236654
Polyboroides radiatus,3564,1,47.3336670441899
Polyboroides radiatus,3565,1,15.2341434265082
Polyboroides radiatus,3571,1,11.8039994628603
Polyboroides radiatus,3572,1,26.8481144580816
Polyboroides radiatus,3575,1,19.9889174229442
Polyboroides radiatus,3576,1,14.2635312602702
Pseudobias wardi,6,2,29.7218705302734
Pseudobias wardi,25,3,99.8180777905286
Pseudobias wardi,3,1,133.479742109384
Pseudobias wardi,4,1,279.894559463362
Pseudobias wardi,18,1,27.5886953283657
Pseudobias wardi,28,1,126.477577932473
Pseudobias wardi,29,1,0.6456592656492
Pseudobias wardi,33,1,129.314654422146
Pseudobias wardi,4316,25,29.4123165165292
Pseudobias wardi,4338,25,27.2715936270507
Pseudobias wardi,4339,25,29.3885406549345
Pseudobias wardi,4340,25,20.6592519148769
Pseudobias wardi,4343,28,26.0157919395684
Pseudobias wardi,431,6,751.628784057073
Pseudobias wardi,446,6,1.09562847792959
Pseudobias wardi,450,6,17.3451783349451
Pseudobias wardi,451,6,89.3043626509863
Pseudobias wardi,452,6,0.365132478829622
Pseudobias wardi,453,6,0.273849359069586
Pseudobias wardi,454,6,0.273846844521999
Pseudobias wardi,508,6,344.096371155762
Pseudobias wardi,4359,6,59.3564680753992
Pseudobias wardi,41,24,24.4251745800447
Pseudobias wardi,57,24,93.4084023599993
Pseudobias wardi,58,24,13.353265317276
Pseudobias wardi,141,24,0.643524707942724
Pseudobias wardi,155,24,0.459616383672059
Pseudobias wardi,162,24,0.643432019172192
Pseudobias wardi,163,24,0.275752651619673
Pseudobias wardi,170,24,0.367655302864194
Pseudobias wardi,173,24,1.56243208603442
Pseudobias wardi,174,24,0.275729722221732
Pseudobias wardi,175,24,0.275717098941624
Pseudobias wardi,177,24,0.275709061498523
Pseudobias wardi,178,24,0.459508593737543
Pseudobias wardi,179,24,0.45949710468936
Pseudobias wardi,180,24,1.1946710927344
Pseudobias wardi,184,24,53.6769175645747
Pseudobias wardi,185,24,3.21620605602419
Pseudobias wardi,186,24,0.551364106284499
Pseudobias wardi,190,24,1.10266377710551
Pseudobias wardi,191,24,0.367564567481756
Pseudobias wardi,195,24,0.551319225258708
Pseudobias wardi,198,24,1.10259928914046
Pseudobias wardi,200,24,2.02137478975803
Pseudobias wardi,201,24,0.826945434479237
Pseudobias wardi,202,24,0.643170052255213
Pseudobias wardi,203,24,1.65382056523675
Pseudobias wardi,210,24,0.826825480995119
Pseudobias wardi,211,24,0.459349671094894
Pseudobias wardi,218,24,0.367459639964223
Pseudobias wardi,223,24,0.275586929093957
Pseudobias wardi,225,24,1.46972063059181
Pseudobias wardi,226,24,0.275577679304183
Pseudobias wardi,243,24,0.367363554798603
Pseudobias wardi,246,24,26.2648020061304
Pseudobias wardi,252,24,388.784896894952
Pseudobias wardi,328,24,0.275296915365994
Pseudobias wardi,331,24,0.275287525101185
Pseudobias wardi,335,24,0.275273431350648
Pseudobias wardi,337,24,1.55979265927613
Pseudobias wardi,338,24,3.30296723872137
Pseudobias wardi,344,24,2.65988935294008
Pseudobias wardi,356,24,0.733449546446562
Pseudobias wardi,364,24,123.178229161861
Pseudobias wardi,365,24,6989.22699619989
Pseudobias wardi,370,24,41.8330794417093
Pseudobias wardi,375,24,0.27451926506561
Pseudobias wardi,4341,24,2.38581502810496
Pseudobias wardi,4342,24,212.618379217924
Pseudobias wardi,4357,24,25.7528153259755
Pseudobias wardi,4358,24,185.019204770686
Pseudobias wardi,492,26,0.820644420907855
Pseudobias wardi,532,26,27.7801576174308
Pseudobias wardi,533,26,0.273246820754766
Pseudobias wardi,536,26,0.273218414016366
Pseudobias wardi,538,26,24.6650563823328
Pseudobias wardi,545,26,259.262574093408
Pseudobias wardi,4322,26,142.504930117772
Pseudobias wardi,4355,26,31.4878831114368
Pseudobias wardi,4360,26,84.6128731197078
Pseudobias wardi,4361,26,148.798343313596
Pseudobias wardi,4362,26,29.8602134693177
Pseudobias wardi,654,7,45.4757890931116
Pseudobias wardi,4366,7,14.2635312602702
Pseudobias wardi,720,29,21.181140582427
Pseudobias wardi,765,29,41.9852753191171
Pseudobias wardi,817,29,0.900457347767711
Pseudobias wardi,818,29,0.630325649633765
Pseudobias wardi,828,29,2.07075352780664
Pseudobias wardi,968,30,2.87876883525968
Pseudobias wardi,970,30,0.899620833965421
Pseudobias wardi,988,30,0.269868277515173
Pseudobias wardi,4369,30,56.9706430520978
Pseudobias wardi,4406,30,33.0953660842072
Pseudobias wardi,1274,31,176.465112044449
Pseudobias wardi,2702,31,170.785426053188
Pseudobias wardi,2781,31,222.963134085218
Pseudobias wardi,3222,31,0.620648212959528
Pseudobias wardi,3225,31,0.265972006814122
Pseudobias wardi,3231,31,0.709200345668078
Pseudobias wardi,3526,31,4.31124233271003
Pseudobias wardi,3632,31,0.614342893218875
Pseudobias wardi,3898,31,2.88561901259518
Pseudobias wardi,3906,31,0.874369558251738
Pseudobias wardi,3985,31,4329.80101060317
Pseudobias wardi,4308,31,1248.28913138807
Pseudobias wardi,4333,31,234.726847250796
Pseudobias wardi,4337,31,72.7284184850583
Pseudobias wardi,4348,31,1633.8566839868
Pseudobias wardi,4370,31,1264.80094030401
Pseudobias wardi,3009,32,465.807169794926
Pseudobias wardi,4346,32,122.701643372855
Pseudobias wardi,4378,32,110.070037848945
Pseudobias wardi,4380,32,29.7723925005817
Pseudobias wardi,4385,32,2.70596556277776
Pseudobias wardi,4388,32,0.360754872067451
Pseudobias wardi,4389,32,67.5307001400677
Pseudobias wardi,4392,32,47.3336670441899
Pseudobias wardi,4393,32,15.2341434265082
Pseudobias wardi,4394,32,3.15564838214624
Pseudobias wardi,4395,32,65.1599201313749
Pseudobias wardi,4396,32,3.15489428832662
Pseudobias wardi,4401,32,11.8039994628603
Pseudobias wardi,4402,32,26.8481144580816
Pseudobias wardi,4404,32,2.34215426115477
Pseudobias wardi,4405,32,19.9889174229442
Pseudobias wardi,4372,33,14.8692397176668
Pseudobias wardi,4373,33,26.0164300679771
Pseudobias wardi,4374,33,294.616655955408
Pseudobias wardi,4375,33,15.211670940587
Pseudobias wardi,4376,34,185.208699387767
Pseudobias wardi,4377,35,23.6377044755612
Pseudobias wardi,560,27,57.7701148116656
Pseudobias wardi,4371,27,29.426242437476
Rallus madagascariensis,424,6,18.6008508719882
Rallus madagascariensis,425,6,5.93641490512288
Rallus madagascariensis,426,6,32.7391671218709
Rallus madagascariensis,427,6,19.3486232668558
Rallus madagascariensis,428,6,59.6278033725231
Rallus madagascariensis,429,6,26.4879455156572
Rallus madagascariensis,4,2,28.8049090227611
Rallus madagascariensis,8,2,50.3100383420988
Rallus madagascariensis,17,2,345.765137457496
Rallus madagascariensis,18,2,29.7890733494464
Rallus madagascariensis,19,2,4.33443217345184
Rallus madagascariensis,20,2,24.2502640100239
Rallus madagascariensis,26,2,118.189647975998
Rallus madagascariensis,27,2,4.05232580194205
Rallus madagascariensis,28,2,1.65764340949857
Rallus madagascariensis,29,2,341.623998021809
Rallus madagascariensis,31,2,24.3872932737169
Rallus madagascariensis,32,2,1133.93128050512
Rallus madagascariensis,33,2,18.8525092663892
Rallus madagascariensis,34,2,6.25186649493766
Rallus madagascariensis,36,3,54.2551765402825
Rallus madagascariensis,456,3,26.8593180791332
Rallus madagascariensis,458,3,29.8631255431825
Rallus madagascariensis,135,8,8.17787618780792
Rallus madagascariensis,142,8,21.462615630047
Rallus madagascariensis,143,8,164.075159598023
Rallus madagascariensis,170,8,13.0948502482874
Rallus madagascariensis,284,7,4.64537103983664
Rallus madagascariensis,300,7,18.661799738426
Rallus madagascariensis,328,7,170.785426053188
Rallus madagascariensis,329,7,146.123231742988
Rallus madagascariensis,331,7,2.67311575396276
Rallus madagascariensis,332,7,26.7280340464827
Rallus madagascariensis,335,7,5.70158569381869
Rallus madagascariensis,362,7,923.759111600547
Rallus madagascariensis,397,7,995.800382108384
Rallus madagascariensis,405,7,55.4595321367148
Rallus madagascariensis,406,7,43.6736468051456
Rallus madagascariensis,407,7,29.5651549471158
Rallus madagascariensis,408,7,26.6145864597148
Rallus madagascariensis,463,7,352.45712226096
Rallus madagascariensis,464,7,15.09075207817
Rallus madagascariensis,465,7,2.58870931440878
Rallus madagascariensis,466,7,37.6583805876803
Rallus madagascariensis,41,4,17.7844506995794
Rallus madagascariensis,46,4,185.532953302021
Rallus madagascariensis,53,4,37.1445988042267
Rallus madagascariensis,62,4,16.4163595908247
Rallus madagascariensis,64,4,14.8692397176668
Rallus madagascariensis,137,4,185.208699387767
Rallus madagascariensis,446,4,187.97694136715
Rallus madagascariensis,449,4,31.5815648439639
Rallus madagascariensis,459,4,60.1675484163001
Rallus madagascariensis,460,4,25.9731546361337
Rallus madagascariensis,467,4,18.5469218373579
Rallus madagascariensis,470,4,20.6443376237523
Rallus madagascariensis,86,9,27.9680107744948
Rallus madagascariensis,87,9,1.71338273918021
Rallus madagascariensis,88,9,2.70526567534971
Rallus madagascariensis,90,9,15.2341434265064
Rallus madagascariensis,92,9,29.3775381186932
Rallus madagascariensis,94,9,5.76682925610114
Rallus madagascariensis,105,9,11.6120186176995
Rallus madagascariensis,447,9,38.5754106344105
Rallus madagascariensis,452,9,2.70596556277776
Rallus madagascariensis,453,9,27.3206914378723
Rallus madagascariensis,454,9,16.4962744438024
Rallus madagascariensis,471,9,39.0933882275617
Rallus madagascariensis,473,9,73.433436891347
Rallus madagascariensis,474,9,79.0394242813494
Rallus madagascariensis,475,9,155.675350992309
Rallus madagascariensis,476,9,78.6136563214009
Randia pseudozosterops,565,5,99.6139781935874
Randia pseudozosterops,19,3,8.86135206354195
Randia pseudozosterops,42,3,24.0868463646711
Randia pseudozosterops,43,3,1.1997945148766
Randia pseudozosterops,103,3,238.372096775052
Randia pseudozosterops,9802,44,29.3885406549345
Randia pseudozosterops,9830,44,20.6592519148769
Randia pseudozosterops,140,21,0.460980296586216
Randia pseudozosterops,145,21,0.184371770013034
Randia pseudozosterops,157,21,38.9884159684163
Randia pseudozosterops,213,21,0.276354423903167
Randia pseudozosterops,235,21,0.644736027104974
Randia pseudozosterops,244,21,0.184197436095715
Randia pseudozosterops,264,21,149.682332491075
Randia pseudozosterops,697,21,0.183357631337821
Randia pseudozosterops,1607,21,11490.477164607
Randia pseudozosterops,9831,21,77.4065442805075
Randia pseudozosterops,9843,21,3.86624550171858
Randia pseudozosterops,9845,21,23.008761517931
Randia pseudozosterops,9846,21,25.7528153259755
Randia pseudozosterops,9847,21,233.118431852782
Randia pseudozosterops,9848,21,161.355873668581
Randia pseudozosterops,9849,48,29.9512227598074
Randia pseudozosterops,9850,48,10.9220347345214
Randia pseudozosterops,3724,49,176.465112044449
Randia pseudozosterops,5215,49,3.03774835122001
Randia pseudozosterops,5347,49,0.178590377736568
Randia pseudozosterops,5359,49,5.17860213789487
Randia pseudozosterops,5364,49,3.83926049733389
Randia pseudozosterops,5680,49,127.840606665036
Randia pseudozosterops,5758,49,224.299706164179
Randia pseudozosterops,5899,49,0.801343932428241
Randia pseudozosterops,6108,49,1.68964842398727
Randia pseudozosterops,6115,49,1461.39873413442
Randia pseudozosterops,6669,49,0.177450581545353
Randia pseudozosterops,7529,49,2.65011391026461
Randia pseudozosterops,7550,49,0.529997321402311
Randia pseudozosterops,7582,49,0.441623093728662
Randia pseudozosterops,7627,49,1.32446653053212
Randia pseudozosterops,9207,49,0.874369558251738
Randia pseudozosterops,9326,49,4144.08180767143
Randia pseudozosterops,9406,49,0.261868806515336
Randia pseudozosterops,9516,49,0.261605564093828
Randia pseudozosterops,9525,49,0.348776675967693
Randia pseudozosterops,9535,49,0.52311163881433
Randia pseudozosterops,9558,49,0.610212119015932
Randia pseudozosterops,9733,49,5.30358653567576
Randia pseudozosterops,9767,49,0.347606800359964
Randia pseudozosterops,9770,49,6.60311605216253
Randia pseudozosterops,9778,49,15.9816042844795
Randia pseudozosterops,9792,49,1120.85255845821
Randia pseudozosterops,9828,49,234.81411045919
Randia pseudozosterops,9862,49,1236.40511297563
Randia pseudozosterops,1832,32,14.8692397176668
Randia pseudozosterops,9870,32,26.0164300679771
Randia pseudozosterops,9871,32,233.905969570106
Randia pseudozosterops,9872,32,15.211670940587
Randia pseudozosterops,2967,50,158.705818376245
Randia pseudozosterops,3130,50,70.171205546759
Randia pseudozosterops,3065,51,19.9889174229442
Randia pseudozosterops,3639,51,465.807169794926
Randia pseudozosterops,9840,51,67.5307001400677
Randia pseudozosterops,9865,51,0.2703799137218
Randia pseudozosterops,9866,51,11.8039994628603
Randia pseudozosterops,9869,51,2.34215426115477
Randia pseudozosterops,9875,51,110.070037848945
Randia pseudozosterops,9876,51,2.70596556277776
Randia pseudozosterops,9879,51,0.360754872067451
Randia pseudozosterops,9881,51,0.180371722902298
Randia pseudozosterops,9882,51,45.8014299205668
Randia pseudozosterops,9883,51,3.15489428832662
Randia pseudozosterops,9885,51,0.180284389288425
Randia pseudozosterops,9859,52,45.4757890931116
Randia pseudozosterops,9888,52,14.2635312602702
Randia pseudozosterops,9873,53,185.208699387767
Randia pseudozosterops,9874,54,23.6377044755612
Randia pseudozosterops,9839,47,95.8181822678679
Sarothrura insularis,1,1,72.6104762396658
Sarothrura insularis,4907,1,56.8711675529887
Sarothrura insularis,4540,25,2.33597082442749
Sarothrura insularis,5000,25,57.1920356452289
Sarothrura insularis,5001,25,27.2715936270507
Sarothrura insularis,5002,25,29.4123165165292
Sarothrura insularis,5003,25,29.3885406549345
Sarothrura insularis,5004,25,20.6592519148769
Sarothrura insularis,8,2,175.204558120961
Sarothrura insularis,68,2,36.2230037559807
Sarothrura insularis,99,2,1.74986507844758
Sarothrura insularis,247,2,1.56243208603442
Sarothrura insularis,256,2,1.1946710927344
Sarothrura insularis,260,2,3.21620605602294
Sarothrura insularis,261,2,1.10266377710527
Sarothrura insularis,266,2,1.10259928914046
Sarothrura insularis,267,2,2.02137478975803
Sarothrura insularis,268,2,0.826945434479237
Sarothrura insularis,270,2,1.65382056523675
Sarothrura insularis,281,2,0.826825480995119
Sarothrura insularis,290,2,1.46972063059181
Sarothrura insularis,311,2,58.6780858784226
Sarothrura insularis,331,2,432.800073364722
Sarothrura insularis,824,2,15232.185585098
Sarothrura insularis,4871,2,53.7688087064452
Sarothrura insularis,4879,2,179.54495541553
Sarothrura insularis,4883,2,2.85510637116379
Sarothrura insularis,4961,2,1.38048064569426
Sarothrura insularis,4962,2,1.10433682509226
Sarothrura insularis,5007,2,77.4065442805075
Sarothrura insularis,5021,2,47.8541654373711
Sarothrura insularis,5033,2,54.2551765402825
Sarothrura insularis,5034,2,587.522437766301
Sarothrura insularis,5035,2,258.078829041498
Sarothrura insularis,1300,20,0.812480411258936
Sarothrura insularis,1586,20,158.705818376245
Sarothrura insularis,1672,20,70.1712055467508
Sarothrura insularis,1742,20,0.899620833965421
Sarothrura insularis,1936,20,176.465112044449
Sarothrura insularis,3091,20,170.785426053188
Sarothrura insularis,3130,20,224.656451715722
Sarothrura insularis,3422,20,465.807169794926
Sarothrura insularis,4251,20,4569.68876312142
Sarothrura insularis,4555,20,1320.8099663434
Sarothrura insularis,4822,20,2.87876883525717
Sarothrura insularis,4950,20,38.5754106344105
Sarothrura insularis,4959,20,1.35457540027201
Sarothrura insularis,4992,20,234.90144196146
Sarothrura insularis,4997,20,72.7284184850583
Sarothrura insularis,5016,20,122.701643372855
Sarothrura insularis,5020,20,1633.94606656998
Sarothrura insularis,5045,20,45.4757890931116
Sarothrura insularis,5052,20,56.9706430520978
Sarothrura insularis,5053,20,1264.80094030401
Sarothrura insularis,5062,20,39.454504154756
Sarothrura insularis,5063,20,23.6377044755612
Sarothrura insularis,5064,20,110.070037848945
Sarothrura insularis,5068,20,29.7723925005817
Sarothrura insularis,5073,20,2.70596556277776
Sarothrura insularis,5077,20,67.6208545236654
Sarothrura insularis,5080,20,47.3336670441899
Sarothrura insularis,5081,20,15.2341434265082
Sarothrura insularis,5082,20,3.15564838214624
Sarothrura insularis,5083,20,65.1599201313749
Sarothrura insularis,5084,20,3.15489428832662
Sarothrura insularis,5088,20,11.8039994628603
Sarothrura insularis,5089,20,26.8481144580816
Sarothrura insularis,5091,20,2.34215426115477
Sarothrura insularis,5092,20,19.9889174229442
Sarothrura insularis,5093,20,14.2635312602702
Sarothrura insularis,5094,20,33.0953660842072
Sarothrura insularis,5056,27,16.4163595908247
Sarothrura insularis,5057,27,14.8692397176668
Sarothrura insularis,5058,27,26.0164300679771
Sarothrura insularis,5059,27,308.475605014956
Sarothrura insularis,5060,27,20.6443376237523
Sarothrura insularis,5061,28,185.208699387767
Sarothrura insularis,5008,26,132.962781072095
Schetba rufa,8,1,0.55664420881176
Schetba rufa,9,1,0.371099061261296
Schetba rufa,10,1,0.556625695955515
Schetba rufa,11,1,9.3690831852839
Schetba rufa,13,1,0.463806772104681
Schetba rufa,16,1,0.27827526928854
Schetba rufa,471,38,6.61398661988985
Schetba rufa,482,38,14.7867147839115
Schetba rufa,5562,18,30.4260267755292
Schetba rufa,69,42,21.0334598369182
Schetba rufa,977,5,2.28180747323132
Schetba rufa,994,5,0.365034251434088
Schetba rufa,995,5,173.722750508177
Schetba rufa,1012,5,94.7218113163201
Schetba rufa,1020,5,50.5501472631775
Schetba rufa,1021,5,0.547426328327894
Schetba rufa,1024,5,0.364942030489683
Schetba rufa,1027,5,0.456175956650972
Schetba rufa,6344,5,59.2635538920963
Schetba rufa,1743,11,63.2626418560651
Schetba rufa,6229,20,2.33597082442749
Schetba rufa,6285,20,0.777178853789091
Schetba rufa,6314,20,57.1920356452289
Schetba rufa,6343,20,0.604549703200817
Schetba rufa,6374,20,29.4123165165292
Schetba rufa,6375,20,29.3885406549345
Schetba rufa,6376,20,20.6592519148769
Schetba rufa,6377,20,19.9515621485635
Schetba rufa,2236,36,41.4379911630145
Schetba rufa,189,26,10.8080899493445
Schetba rufa,196,26,4.15680086977166
Schetba rufa,198,26,0.646613986480057
Schetba rufa,214,26,147.140169713448
Schetba rufa,221,26,54.1103745944298
Schetba rufa,226,26,21.3177359530687
Schetba rufa,245,26,31.5566096821238
Schetba rufa,253,26,93.5449729917966
Schetba rufa,254,26,33.4793083827833
Schetba rufa,255,26,0.368939779944181
Schetba rufa,257,26,1.84464026403064
Schetba rufa,259,26,7.19359772695065
Schetba rufa,260,26,0.368899581958056
Schetba rufa,267,26,15.9522613844388
Schetba rufa,268,26,5.80984119605243
Schetba rufa,269,26,0.276647751640141
Schetba rufa,304,26,38.9884159684163
Schetba rufa,355,26,1.6577702530387
Schetba rufa,358,26,1.10513790659881
Schetba rufa,468,26,0.826993804157555
Schetba rufa,469,26,0.643234540641606
Schetba rufa,595,26,0.733967621563852
Schetba rufa,608,26,55.7476823689058
Schetba rufa,621,26,78.8713894917241
Schetba rufa,623,26,19.5158601347259
Schetba rufa,648,26,827.365026951489
Schetba rufa,953,26,1.09562847792959
Schetba rufa,967,26,6479.26820796308
Schetba rufa,976,26,105.737423798223
Schetba rufa,1004,26,66.7035328867916
Schetba rufa,1042,26,0.821044563117385
Schetba rufa,1091,26,95.3359421543333
Schetba rufa,1097,26,11.8440676069835
Schetba rufa,1104,26,15.0325883204132
Schetba rufa,1118,26,0.455462092835426
Schetba rufa,1122,26,0.728630221539021
Schetba rufa,1126,26,0.273218414016366
Schetba rufa,1143,26,532.194761136225
Schetba rufa,6351,26,29.9512162682307
Schetba rufa,6355,26,25.2209269263488
Schetba rufa,6367,26,17.9300819832509
Schetba rufa,3828,14,57.1323743617906
Schetba rufa,6379,14,8.19087994073701
Schetba rufa,2785,45,13.9828390059565
Schetba rufa,2845,45,1.79238486695898
Schetba rufa,2907,45,13.8841261984153
Schetba rufa,2911,45,40.3042481815683
Schetba rufa,2937,45,0.985282145026565
Schetba rufa,3015,45,0.447673652347684
Schetba rufa,3023,45,2.32767118465054
Schetba rufa,3137,45,88.5345907866488
Schetba rufa,3146,45,123.764666301145
Schetba rufa,3181,45,2.59390059166253
Schetba rufa,3278,45,0.98336395385921
Schetba rufa,3344,45,28.8514752628771
Schetba rufa,3420,45,0.714404974959851
Schetba rufa,3435,45,0.535747839347601
Schetba rufa,3449,45,0.446428569326758
Schetba rufa,3455,45,0.4464130281533
Schetba rufa,3473,45,1.87495118889725
Schetba rufa,6354,45,22.9626920597587
Schetba rufa,6372,45,7.14406051427484
Schetba rufa,6380,45,53.3879369480195
Schetba rufa,2557,46,220.002362971732
Schetba rufa,2705,46,0.807085143688679
Schetba rufa,2771,46,16.9459699933987
Schetba rufa,2803,46,3.31648883063078
Schetba rufa,2835,46,0.268873417920232
Schetba rufa,2871,46,18.4579588651587
Schetba rufa,2901,46,3.4040187478323
Schetba rufa,3051,46,127.053143163151
Schetba rufa,3114,46,9.03832219414033
Schetba rufa,3127,46,0.805319379196763
Schetba rufa,3241,46,209.33877341864
Schetba rufa,3367,46,4.64537103983664
Schetba rufa,3485,46,11.6935781685414
Schetba rufa,3502,46,36.6909016499116
Schetba rufa,3507,46,0.356983151864767
Schetba rufa,3531,46,1.60604260581028
Schetba rufa,3550,46,0.356880130990148
Schetba rufa,3555,46,0.446079455514789
Schetba rufa,3556,46,8.47422071402585
Schetba rufa,3558,46,112.032355234839
Schetba rufa,3563,46,0.267630786853433
Schetba rufa,3571,46,0.713630473426461
Schetba rufa,3572,46,2.4083891803335
Schetba rufa,3642,46,22.9116916141157
Schetba rufa,3672,46,120.024991363835
Schetba rufa,3715,46,4.54409223083007
Schetba rufa,3723,46,2.13844304757369
Schetba rufa,3802,46,15.9348882808119
Schetba rufa,3834,46,767.946946241799
Schetba rufa,3925,46,189.142971935081
Schetba rufa,3950,46,64.1921890918351
Schetba rufa,4373,46,220.566545943254
Schetba rufa,4407,46,0.62064821295929
Schetba rufa,4412,46,0.265972006814122
Schetba rufa,4421,46,0.709200345668078
Schetba rufa,4522,46,108.098706040476
Schetba rufa,4597,46,80.432090711293
Schetba rufa,4769,46,0.795515950573802
Schetba rufa,4818,46,12.2808891269343
Schetba rufa,4864,46,10.3338196872387
Schetba rufa,4877,46,0.264975197407126
Schetba rufa,4899,46,9.18260382897031
Schetba rufa,5050,46,163.532797568596
Schetba rufa,5105,46,57.8026237031135
Schetba rufa,5171,46,29.2386139433417
Schetba rufa,5217,46,19.8877197110529
Schetba rufa,5283,46,10.3792907872638
Schetba rufa,5293,46,0.879522119309068
Schetba rufa,5294,46,10.9933238969339
Schetba rufa,5306,46,2.63821850551534
Schetba rufa,5318,46,0.263793588699341
Schetba rufa,5503,46,233.985685357895
Schetba rufa,5563,46,46.2008279320747
Schetba rufa,5588,46,0.438328792405128
Schetba rufa,5691,46,0.876075560681462
Schetba rufa,5738,46,5.51709965046513
Schetba rufa,5749,46,15.0601537007796
Schetba rufa,5846,46,2.88561901259518
Schetba rufa,5893,46,74.3904688865805
Schetba rufa,5962,46,18.4261448309841
Schetba rufa,5987,46,1.39672232339084
Schetba rufa,6043,46,100.167046926872
Schetba rufa,1165,8,18.5469218373579
Schetba rufa,1183,47,38.5995990338773
Schetba rufa,1761,13,52.0931107730117
Schetba rufa,6381,13,21.7369523021773
Schetba rufa,1308,34,16.4163595908247
Schetba rufa,1324,34,24.7474065042328
Schetba rufa,1369,34,232.474046313811
Schetba rufa,1418,34,5.43266668316532
Schetba rufa,1476,48,89.718218158552
Schetba rufa,2106,39,45.3586244343983
Schetba rufa,2140,39,2.87876883525968
Schetba rufa,2145,39,0.899620833965421
Schetba rufa,2163,39,0.269868277515173
Schetba rufa,2170,39,33.0953660842072
Schetba rufa,1712,44,29.8625855308015
Schetba rufa,1792,44,27.3206914378723
Schetba rufa,6378,44,16.4962744438024
Schetba rufa,1779,49,45.4757890931116
Schetba rufa,1941,49,158.705818376245
Schetba rufa,2039,49,70.171205546759
Schetba rufa,2322,50,255.63790169736
Schetba rufa,6384,50,110.070037848945
Setifer setosus,1347,449,38.9884159684163
Setifer setosus,17702,164,63.2344571036203
Setifer setosus,21324,547,44.4928427752445
Setifer setosus,21417,561,15.479861985826
Setifer setosus,21352,562,14.5508957098997
Setifer setosus,18306,349,46.5723968884147
Setifer setosus,17895,516,16.1215402504437
Setifer setosus,21411,563,13.0307413413469
Setifer setosus,4256,571,22.2892814174211
Setifer setosus,3962,573,2.19464777098459
Setifer setosus,3987,573,12.8945503097101
Setifer setosus,169,6,0.463597745714188
Setifer setosus,212,6,43.2038186617044
Setifer setosus,341,13,0.370271373195231
Setifer setosus,342,13,0.462834125284791
Setifer setosus,345,13,43.0377824654073
Setifer setosus,356,13,1.48074673073471
Setifer setosus,357,13,1.66577102635694
Setifer setosus,360,13,0.277623898765862
Setifer setosus,361,13,0.277610584835947
Setifer setosus,378,13,1.38815019469857
Setifer setosus,2271,27,0.275667671454787
Setifer setosus,2284,27,1.92954817861235
Setifer setosus,2368,27,0.275591552190423
Setifer setosus,2387,27,0.367434207116008
Setifer setosus,2404,27,33.8991079803611
Setifer setosus,21597,27,0.367500048400104
Setifer setosus,3812,572,16.3740665150672
Setifer setosus,97,4,0.55664420881176
Setifer setosus,101,4,0.371099061261296
Setifer setosus,104,4,0.556625695955813
Setifer setosus,117,4,0.463806772104442
Setifer setosus,124,4,0.27827526928854
Setifer setosus,126,4,0.463781360735595
Setifer setosus,136,4,0.278243954662919
Setifer setosus,149,4,0.27820176096195
Setifer setosus,152,4,0.64914825101471
Setifer setosus,159,4,130.021860527528
Setifer setosus,163,4,6.4908973798604
Setifer setosus,168,4,8.4370977335708
Setifer setosus,21631,4,56.8711675529887
Setifer setosus,4255,56,2.64969806134474
Setifer setosus,4289,56,0.274089461484194
Setifer setosus,4325,56,7.03479595916414
Setifer setosus,4326,56,4.567756926453
Setifer setosus,21619,56,0.456749789226413
Setifer setosus,294,395,43.4528749465152
Setifer setosus,21493,584,29.6282884787502
Setifer setosus,21573,584,23.0620316261801
Setifer setosus,21861,588,20.7455502793244
Setifer setosus,7444,99,38.2051651932399
Setifer setosus,7507,99,3.07696966736627
Setifer setosus,7515,99,0.723997986286044
Setifer setosus,7549,99,0.361958205401897
Setifer setosus,21787,99,0.452763459861636
Setifer setosus,10175,589,130.568218715013
Setifer setosus,21880,590,78.5054384879867
Setifer setosus,11757,592,3.3134309653126
Setifer setosus,21925,592,17.1081231937802
Setifer setosus,9943,578,0.449603298739433
Setifer setosus,9944,578,0.359686745625973
Setifer setosus,10005,578,36.331879859746
Setifer setosus,21876,578,6.47518067736232
Setifer setosus,21878,578,0.449634089967847
Setifer setosus,20163,587,2.33597082442749
Setifer setosus,21870,587,57.1920356452289
Setifer setosus,20480,597,0.777178853789091
Setifer setosus,21752,597,0.604549703200817
Setifer setosus,21938,597,19.9515621485635
Setifer setosus,21934,598,27.2715936270507
Setifer setosus,21935,599,29.4123165165292
Setifer setosus,21936,600,29.3885406549345
Setifer setosus,21937,601,20.6592519148769
Setifer setosus,15899,566,35.9142155788532
Setifer setosus,21907,566,15.4450147414067
Setifer setosus,21967,566,9.49462234218203
Setifer setosus,21968,566,23.5087072345356
Setifer setosus,21322,593,45.1360753508905
Setifer setosus,21424,593,138.804967227073
Setifer setosus,21931,593,0.347746593876839
Setifer setosus,11639,338,57.9536162531174
Setifer setosus,11937,338,2.05895008530676
Setifer setosus,21340,338,35.8509582239029
Setifer setosus,21541,338,3.75955498127008
Setifer setosus,21898,338,1.79238486696017
Setifer setosus,22008,338,27.5139015001006
Setifer setosus,921,392,175.204558120961
Setifer setosus,2101,392,0.643524707942724
Setifer setosus,2151,392,0.459616383672059
Setifer setosus,2169,392,0.643432019172192
Setifer setosus,2174,392,0.275752651619673
Setifer setosus,2193,392,0.367655302864194
Setifer setosus,2206,392,1.56243208603442
Setifer setosus,2207,392,0.275729722221732
Setifer setosus,2224,392,0.275717098941624
Setifer setosus,2232,392,0.275709061498523
Setifer setosus,2236,392,0.459508593737543
Setifer setosus,2241,392,0.45949710468936
Setifer setosus,2242,392,1.1946710927344
Setifer setosus,2252,392,53.7688087064452
Setifer setosus,2254,392,3.21620605602419
Setifer setosus,2255,392,0.551364106284499
Setifer setosus,2262,392,1.10266377710527
Setifer setosus,2270,392,0.367564567481756
Setifer setosus,2278,392,0.551319225258708
Setifer setosus,2288,392,1.10259928914046
Setifer setosus,2292,392,2.02137478975803
Setifer setosus,2293,392,0.826945434479237
Setifer setosus,2299,392,0.643170052255213
Setifer setosus,2308,392,1.65382056523675
Setifer setosus,2325,392,0.826825480994821
Setifer setosus,2345,392,0.459349671094894
Setifer setosus,2366,392,0.367459639964223
Setifer setosus,2381,392,0.275586929093957
Setifer setosus,2385,392,1.46972063059181
Setifer setosus,2386,392,0.275577679304183
Setifer setosus,2465,392,0.367363554798603
Setifer setosus,2486,392,58.6780858784226
Setifer setosus,2545,392,432.708220309259
Setifer setosus,2576,392,0.275443051051259
Setifer setosus,6073,392,15252.0716421369
Setifer setosus,21267,392,179.54495541553
Setifer setosus,21945,392,77.4065442805075
Setifer setosus,21991,392,54.2551765402825
Setifer setosus,21992,392,587.522437766301
Setifer setosus,21993,392,257.987775640312
Setifer setosus,21979,603,47.8541654373711
Setifer setosus,19859,494,12.0483039035151
Setifer setosus,20396,494,462.354759214358
Setifer setosus,14458,501,171.071344628696
Setifer setosus,21954,501,8.19087994073701
Setifer setosus,10454,605,176.465112044449
Setifer setosus,13675,605,164.716838880767
Setifer setosus,13874,605,224.299706164179
Setifer setosus,15554,605,0.62064821295929
Setifer setosus,15568,605,0.265972006814122
Setifer setosus,15586,605,0.709200345668078
Setifer setosus,18480,605,4568.97960768796
Setifer setosus,20754,605,1320.72290065696
Setifer setosus,21862,605,234.81411045919
Setifer setosus,21867,605,72.7284184850583
Setifer setosus,21961,605,1633.8566839868
Setifer setosus,22018,605,1264.80094030401
Setifer setosus,17698,533,161.189708643699
Setifer setosus,21405,533,51.207011634227
Setifer setosus,21457,533,19.2725371855396
Setifer setosus,21460,533,0.265184216719389
Setifer setosus,21461,533,26.8667837100745
Setifer setosus,21969,533,17.5870851484947
Setifer setosus,21978,533,2.12150208466887
Setifer setosus,22011,533,1.94182639975023
Setifer setosus,11889,558,2.32767118465054
Setifer setosus,12113,558,89.7882265230072
Setifer setosus,13269,558,447.246337067564
Setifer setosus,3781,560,36.3372512144693
Setifer setosus,21648,560,5.86001237088037
Setifer setosus,21659,560,30.5684495112349
Setifer setosus,21416,564,58.4639144571832
Setifer setosus,4708,579,2.28180747323132
Setifer setosus,4748,579,0.365034251434088
Setifer setosus,4775,579,483.51173761377
Setifer setosus,4791,579,0.547426328327894
Setifer setosus,4795,579,0.364942030489683
Setifer setosus,4799,579,0.456175956650972
Setifer setosus,21775,579,173.722750508177
Setifer setosus,8540,512,0.812480411258936
Setifer setosus,21719,512,38.3946948622806
Setifer setosus,21727,512,1.35457540027201
Setifer setosus,22027,512,38.8224120711257
Setifer setosus,9273,608,158.705818376245
Setifer setosus,9502,608,70.171205546759
Setifer setosus,14688,609,465.807169794926
Setifer setosus,22029,609,110.070037848945
Setifer setosus,22004,610,45.4757890931116
Setifer setosus,22021,611,16.4163595908247
Setifer setosus,22022,611,14.8692397176668
Setifer setosus,22023,612,26.0164300679771
Setifer setosus,22024,613,308.475605014956
Setifer setosus,22025,613,20.6443376237523
Setifer setosus,22026,614,185.208699387767
Setifer setosus,22028,615,23.6377044755612
Setifer setosus,22059,616,14.2635312602702
Setifer setosus,21946,602,132.962781072095
Setifer setosus,22031,602,0.453956211002231
Setifer setosus,22030,617,18.5469218373579
Setifer setosus,9763,604,2.87876883525968
Setifer setosus,9767,604,0.899620833965421
Setifer setosus,9798,604,0.269868277515173
Setifer setosus,22017,604,56.9706430520978
Setifer setosus,22060,604,33.0953660842072
Setifer setosus,21957,607,122.701643372855
Setifer setosus,22033,607,29.7723925005817
Setifer setosus,22046,607,15.2341434265082
Setifer setosus,22055,607,26.8481144580816
Setifer setosus,22038,618,2.70596556277776
Setifer setosus,22041,618,0.360754872067451
Setifer setosus,22042,618,67.5307001400677
Setifer setosus,22045,619,47.3336670441899
Setifer setosus,22049,619,3.15489428832662
Setifer setosus,22048,620,65.1599201313749
Setifer setosus,22054,621,11.8039994628603
Setifer setosus,22058,622,19.9889174229442
Tenrec ecaudatus,22822,356,44.4928427752445
Tenrec ecaudatus,22897,374,15.479861985826
Tenrec ecaudatus,20678,45,46.5723968884147
Tenrec ecaudatus,22886,372,13.3829553466861
Tenrec ecaudatus,22890,372,6.06907414019537
Tenrec ecaudatus,22949,372,2.02272765648687
Tenrec ecaudatus,6313,380,21.2443070814972
Tenrec ecaudatus,201,159,0.463597745714188
Tenrec ecaudatus,248,159,43.2038186617044
Tenrec ecaudatus,2274,178,1.92954817861235
Tenrec ecaudatus,2380,178,0.367434207116008
Tenrec ecaudatus,2399,178,33.8991079803611
Tenrec ecaudatus,23044,178,0.367500048400104
Tenrec ecaudatus,389,205,0.370271373195231
Tenrec ecaudatus,390,205,0.462834125284791
Tenrec ecaudatus,393,205,43.0377824654073
Tenrec ecaudatus,418,205,1.48074673073471
Tenrec ecaudatus,421,205,1.66577102635694
Tenrec ecaudatus,469,205,1.38815019469857
Tenrec ecaudatus,130,121,0.55664420881176
Tenrec ecaudatus,135,121,0.371099061261296
Tenrec ecaudatus,138,121,0.556625695955813
Tenrec ecaudatus,148,121,0.463806772104442
Tenrec ecaudatus,157,121,0.463781360735595
Tenrec ecaudatus,187,121,130.021860527528
Tenrec ecaudatus,193,121,6.49089737985945
Tenrec ecaudatus,209,121,8.4370977335708
Tenrec ecaudatus,22489,121,0.64914825101459
Tenrec ecaudatus,23083,121,56.8711675529887
Tenrec ecaudatus,337,312,43.4528749465152
Tenrec ecaudatus,22715,322,18.1098317564155
Tenrec ecaudatus,22716,323,66.8868642792623
Tenrec ecaudatus,22950,399,14.9893741114255
Tenrec ecaudatus,23020,399,23.0620316261801
Tenrec ecaudatus,23326,402,20.7455502793244
Tenrec ecaudatus,13996,403,130.568218715013
Tenrec ecaudatus,23343,404,78.5054384879867
Tenrec ecaudatus,9784,125,38.2051651932399
Tenrec ecaudatus,9818,125,3.07696966736627
Tenrec ecaudatus,9828,125,0.723997986286044
Tenrec ecaudatus,9866,125,0.361958205401897
Tenrec ecaudatus,23250,125,0.452763459861636
Tenrec ecaudatus,12576,393,0.449603298739433
Tenrec ecaudatus,12577,393,0.359686745625973
Tenrec ecaudatus,12683,393,36.331879859746
Tenrec ecaudatus,23339,393,6.47518067736232
Tenrec ecaudatus,23341,393,0.449634089967847
Tenrec ecaudatus,21849,401,2.33597082442749
Tenrec ecaudatus,23336,401,57.1920356452289
Tenrec ecaudatus,21943,406,0.777178853789091
Tenrec ecaudatus,23200,406,0.604549703200817
Tenrec ecaudatus,23398,406,19.9515621485635
Tenrec ecaudatus,23394,407,27.2715936270507
Tenrec ecaudatus,23395,408,29.4123165165292
Tenrec ecaudatus,23396,409,29.3885406549345
Tenrec ecaudatus,23397,410,20.6592519148769
Tenrec ecaudatus,18519,309,35.9142155788532
Tenrec ecaudatus,23370,309,15.4450147414067
Tenrec ecaudatus,23424,309,9.49462234218203
Tenrec ecaudatus,23425,309,23.5087072345356
Tenrec ecaudatus,20213,35,76.4973862589936
Tenrec ecaudatus,22882,35,7.50890607225883
Tenrec ecaudatus,22884,35,18.6823267181581
Tenrec ecaudatus,22933,35,19.4493472260612
Tenrec ecaudatus,22935,35,2.12150208466887
Tenrec ecaudatus,22937,35,26.8667837100745
Tenrec ecaudatus,22938,35,0.795282153396249
Tenrec ecaudatus,22944,35,9.25706128804803
Tenrec ecaudatus,22947,35,4.31856011909986
Tenrec ecaudatus,23426,35,16.438410019937
Tenrec ecaudatus,23428,35,2.03225787389851
Tenrec ecaudatus,13115,412,176.465112044449
Tenrec ecaudatus,15645,412,3.03774835122001
Tenrec ecaudatus,15897,412,5.17860213789487
Tenrec ecaudatus,15904,412,3.83926049733389
Tenrec ecaudatus,16357,412,0.535034442315459
Tenrec ecaudatus,16453,412,110.183179654552
Tenrec ecaudatus,16638,412,224.299706164179
Tenrec ecaudatus,16922,412,0.801343932428241
Tenrec ecaudatus,20854,412,4560.46258864379
Tenrec ecaudatus,22061,412,1320.8099663434
Tenrec ecaudatus,23328,412,234.90144196146
Tenrec ecaudatus,23333,412,72.7284184850583
Tenrec ecaudatus,23418,412,1633.94606656998
Tenrec ecaudatus,23484,412,1244.67799861673
Tenrec ecaudatus,1024,334,175.204558120961
Tenrec ecaudatus,1393,334,38.9884159684202
Tenrec ecaudatus,2129,334,0.459616383672059
Tenrec ecaudatus,2154,334,0.643432019172192
Tenrec ecaudatus,2176,334,0.367655302864194
Tenrec ecaudatus,2195,334,1.56243208603442
Tenrec ecaudatus,2227,334,0.459508593737841
Tenrec ecaudatus,2233,334,0.45949710468936
Tenrec ecaudatus,2234,334,1.1946710927344
Tenrec ecaudatus,2248,334,3.21620605602294
Tenrec ecaudatus,2249,334,0.551364106284499
Tenrec ecaudatus,2256,334,1.10266377710527
Tenrec ecaudatus,2263,334,0.367564567481756
Tenrec ecaudatus,2268,334,0.551319225258708
Tenrec ecaudatus,2279,334,1.10259928914046
Tenrec ecaudatus,2284,334,2.02137478975803
Tenrec ecaudatus,2285,334,0.826945434479237
Tenrec ecaudatus,2291,334,0.643170052255213
Tenrec ecaudatus,2300,334,1.65382056523675
Tenrec ecaudatus,2320,334,0.826825480994821
Tenrec ecaudatus,2339,334,0.459349671094894
Tenrec ecaudatus,2361,334,0.367459639964223
Tenrec ecaudatus,2379,334,1.46972063059181
Tenrec ecaudatus,2469,334,0.367363554798603
Tenrec ecaudatus,2488,334,58.6780858784226
Tenrec ecaudatus,2566,334,432.800073364722
Tenrec ecaudatus,8194,334,15259.4013081155
Tenrec ecaudatus,22698,334,53.7688087064452
Tenrec ecaudatus,22699,334,0.643524707942724
Tenrec ecaudatus,22720,334,179.54495541553
Tenrec ecaudatus,22780,334,66.489778000425
Tenrec ecaudatus,23237,334,2.20879511307001
Tenrec ecaudatus,23238,334,1.10433682509226
Tenrec ecaudatus,23405,334,77.4065442805075
Tenrec ecaudatus,23436,334,47.8541654373711
Tenrec ecaudatus,23448,334,54.2551765402825
Tenrec ecaudatus,23449,334,587.522437766301
Tenrec ecaudatus,23450,334,258.078829041498
Tenrec ecaudatus,21042,342,172.263727158163
Tenrec ecaudatus,21318,342,1.82724169255567
Tenrec ecaudatus,21528,342,0.34735036917913
Tenrec ecaudatus,21708,342,228.409304396232
Tenrec ecaudatus,22405,342,12.0483039035159
Tenrec ecaudatus,22702,359,16.4635599028283
Tenrec ecaudatus,23464,359,15.0956876044398
Tenrec ecaudatus,23471,359,2.09148697000587
Tenrec ecaudatus,4099,371,36.3372512144693
Tenrec ecaudatus,23100,371,5.86001237088037
Tenrec ecaudatus,23111,371,30.5684495112349
Tenrec ecaudatus,22891,373,58.9907033186641
Tenrec ecaudatus,14410,382,57.9536162531174
Tenrec ecaudatus,14545,382,3.3134309653126
Tenrec ecaudatus,14675,382,2.32767118465054
Tenrec ecaudatus,15203,382,1.78860352420616
Tenrec ecaudatus,15271,382,89.7882265229853
Tenrec ecaudatus,15849,382,0.714404974959851
Tenrec ecaudatus,15888,382,0.535747839347601
Tenrec ecaudatus,15939,382,0.4464130281533
Tenrec ecaudatus,15996,382,1.87495118889725
Tenrec ecaudatus,16027,382,466.568559868034
Tenrec ecaudatus,22599,382,2.05895008530629
Tenrec ecaudatus,22845,382,35.8509582239029
Tenrec ecaudatus,23017,382,3.75955498127008
Tenrec ecaudatus,23361,382,1.79238486696017
Tenrec ecaudatus,23369,382,7.14406051427484
Tenrec ecaudatus,23389,382,17.1081231937802
Tenrec ecaudatus,23474,382,27.5139015001006
Tenrec ecaudatus,22639,385,171.071344628696
Tenrec ecaudatus,23433,385,8.19087994073701
Tenrec ecaudatus,4366,390,19.2038282113973
Tenrec ecaudatus,4488,390,1.91988596975887
Tenrec ecaudatus,4489,390,4.2053427026192
Tenrec ecaudatus,22300,390,16.3740665150672
Tenrec ecaudatus,22539,390,22.3806283842244
Tenrec ecaudatus,22828,390,2.19383277368414
Tenrec ecaudatus,22829,390,37.6497033879563
Tenrec ecaudatus,4584,394,5.85033975470352
Tenrec ecaudatus,4597,394,24.6792146248873
Tenrec ecaudatus,4632,394,1.0054375043211
Tenrec ecaudatus,4636,394,2.83342021114933
Tenrec ecaudatus,4664,394,1.00536820483017
Tenrec ecaudatus,4665,394,2.37624750380063
Tenrec ecaudatus,4725,394,8.3165148231597
Tenrec ecaudatus,4748,394,8.86332816260099
Tenrec ecaudatus,22541,394,4.567756926453
Tenrec ecaudatus,23070,394,16.5402429724604
Tenrec ecaudatus,23226,394,11.5120029750904
Tenrec ecaudatus,5644,396,2.0072273404777
Tenrec ecaudatus,5664,396,0.364942030489326
Tenrec ecaudatus,7103,396,696.021460376502
Tenrec ecaudatus,22996,396,9.30640563301087
Tenrec ecaudatus,23227,396,0.456175956650376
Tenrec ecaudatus,10950,320,0.812480411258936
Tenrec ecaudatus,17380,320,465.807169794926
Tenrec ecaudatus,23161,320,38.3946948622806
Tenrec ecaudatus,23169,320,1.35457540027201
Tenrec ecaudatus,23493,320,38.8224120711257
Tenrec ecaudatus,23495,320,110.070037848945
Tenrec ecaudatus,11852,415,158.705818376245
Tenrec ecaudatus,12084,415,70.1712055467508
Tenrec ecaudatus,23414,416,122.701643372855
Tenrec ecaudatus,23499,416,29.7723925005817
Tenrec ecaudatus,23512,416,15.2341434265082
Tenrec ecaudatus,23513,416,3.15564838214624
Tenrec ecaudatus,23514,416,65.1599201313749
Tenrec ecaudatus,23520,416,26.8481144580816
Tenrec ecaudatus,23460,417,45.4757890931116
Tenrec ecaudatus,23524,417,14.2635312602702
Tenrec ecaudatus,23487,418,16.4163595908247
Tenrec ecaudatus,23488,418,14.8692397176668
Tenrec ecaudatus,23489,419,26.0164300679771
Tenrec ecaudatus,23490,420,308.475605014956
Tenrec ecaudatus,23491,420,20.6443376237523
Tenrec ecaudatus,23492,421,185.208699387767
Tenrec ecaudatus,23494,422,23.6377044755612
Tenrec ecaudatus,23504,423,2.70596556277776
Tenrec ecaudatus,23507,423,0.360754872067451
Tenrec ecaudatus,23508,423,67.6208545236654
Tenrec ecaudatus,23511,423,47.3336670441899
Tenrec ecaudatus,23515,423,3.15489428832662
Tenrec ecaudatus,23516,423,0.360571648123503
Tenrec ecaudatus,23519,423,11.8039994628603
Tenrec ecaudatus,23522,423,2.34215426115477
Tenrec ecaudatus,23523,424,19.9889174229442
Tenrec ecaudatus,12371,411,0.899620833965421
Tenrec ecaudatus,22277,411,2.87876883525717
Tenrec ecaudatus,23483,411,56.9706430520978
Tenrec ecaudatus,23525,411,33.0953660842072
Tenrec ecaudatus,23406,414,132.962781072095
Tenrec ecaudatus,23497,414,0.453956211002231
Tenrec ecaudatus,23496,425,18.5469218373579
Treron australis,5580,4,68.4073900828574
Treron australis,65,1,130.021860527528
Treron australis,66,1,6.4908973798604
Treron australis,68,1,8.4370977335708
Treron australis,86,1,43.2038186617044
Treron australis,123,1,43.4528749465152
Treron australis,142,1,43.0377824654073
Treron australis,148,1,1.48074673073471
Treron australis,149,1,1.66577102635694
Treron australis,160,1,1.38815019469857
Treron australis,7373,1,56.8711675529887
Treron australis,3363,7,36.331879859746
Treron australis,3412,7,130.568218715013
Treron australis,7553,7,6.47518067736232
Treron australis,7557,22,78.5054384879867
Treron australis,6406,20,2.33597082442749
Treron australis,7052,20,44.4928427752445
Treron australis,7372,20,57.1920356452289
Treron australis,7615,20,27.2715936270507
Treron australis,7616,20,29.4123165165292
Treron australis,7617,20,29.3885406549345
Treron australis,7618,20,20.6592519148769
Treron australis,7619,20,19.9515621485635
Treron australis,1392,15,16.3740665150672
Treron australis,1472,15,19.2038282113973
Treron australis,1511,15,1.91988596975875
Treron australis,1512,15,4.2053427026192
Treron australis,1535,15,2.19383277368402
Treron australis,1566,15,1.18809712456632
Treron australis,1567,15,9.23022386336541
Treron australis,1579,15,5.0262264291631
Treron australis,1585,15,8.86332816260146
Treron australis,1632,15,10.9639024804163
Treron australis,1635,15,4.567756926453
Treron australis,1651,15,9.04258868397665
Treron australis,1782,15,2.28180747323132
Treron australis,1818,15,418.65252803788
Treron australis,1851,15,2.00722734047782
Treron australis,7357,15,14.9865047176591
Treron australis,7478,15,59.2635538920963
Treron australis,1375,16,36.3372512144693
Treron australis,7390,16,5.86001237088037
Treron australis,7401,16,30.5684495112349
Treron australis,4455,18,171.071344628696
Treron australis,4946,18,35.9142155788532
Treron australis,7586,18,15.4450147414067
Treron australis,7624,18,8.19087994073701
Treron australis,7627,18,9.49462234218203
Treron australis,7628,18,23.5087072345356
Treron australis,3708,19,57.9536162531174
Treron australis,3714,19,2.32886922907722
Treron australis,3729,19,3.3134309653126
Treron australis,3759,19,2.32767118465054
Treron australis,3767,19,2.05895008530676
Treron australis,3817,19,2.50550766269672
Treron australis,3866,19,1.78860352420616
Treron australis,3910,19,89.7882265229853
Treron australis,4012,19,1.87495118889725
Treron australis,4022,19,466.568559868034
Treron australis,7069,19,35.8509582239029
Treron australis,7318,19,3.75955498127008
Treron australis,7577,19,1.79238486696017
Treron australis,7584,19,7.14406051427484
Treron australis,7604,19,17.1081231937802
Treron australis,7648,19,27.5139015001006
Treron australis,5044,21,13.1672804516124
Treron australis,5575,21,433.810619797173
Treron australis,5648,21,16.1215402504437
Treron australis,5959,21,46.5723968884147
Treron australis,6292,21,3.38022994819081
Treron australis,6307,21,12.0483039035151
Treron australis,6474,21,462.354759214358
Treron australis,6981,21,17.8876522784661
Treron australis,7050,21,45.1360753508905
Treron australis,7117,21,43.5541700668897
Treron australis,7122,21,13.0307413413469
Treron australis,7126,21,6.06907414019537
Treron australis,7127,21,58.4639144571832
Treron australis,7137,21,47.9151920474066
Treron australis,7151,21,138.804967227073
Treron australis,7199,21,36.3826787541578
Treron australis,7221,21,9.25706128804803
Treron australis,7224,21,4.31856011909986
Treron australis,7226,21,2.02272765648687
Treron australis,7227,21,31.4692072683324
Treron australis,7321,21,23.0620316261801
Treron australis,7629,21,17.5870851484947
Treron australis,7633,21,2.03225787389851
Treron australis,7643,21,1.94182639975023
Treron australis,364,17,175.204558120961
Treron australis,428,17,24.8162057997349
Treron australis,499,17,27.563875972
Treron australis,513,17,38.9884159684163
Treron australis,789,17,1.56243208603442
Treron australis,806,17,1.1946710927344
Treron australis,814,17,53.7688087064452
Treron australis,816,17,3.21620605602419
Treron australis,819,17,1.10266377710527
Treron australis,830,17,1.10259928914046
Treron australis,832,17,2.02137478975803
Treron australis,835,17,1.65382056523675
Treron australis,866,17,1.46972063059181
Treron australis,889,17,58.6780858784187
Treron australis,910,17,432.708220309259
Treron australis,1142,17,54.2551765402825
Treron australis,1989,17,1.73194615611374
Treron australis,1996,17,383.967215681039
Treron australis,2000,17,3.09900984286463
Treron australis,2053,17,86.1142209474365
Treron australis,2065,17,122.158256750971
Treron australis,2135,17,33.6930202433537
Treron australis,2145,17,29.4125688188833
Treron australis,2180,17,25.8520890025227
Treron australis,2270,17,13780.4002490441
Treron australis,2306,17,51.390752340939
Treron australis,2462,17,132.962781072095
Treron australis,2648,17,26.0164300679781
Treron australis,2698,17,308.475605014956
Treron australis,2749,17,185.208699387767
Treron australis,2983,17,14.2635312602674
Treron australis,3081,17,45.4757890931116
Treron australis,3191,17,158.705818376245
Treron australis,3254,17,70.171205546759
Treron australis,3311,17,56.9706430520978
Treron australis,3322,17,2.87876883525968
Treron australis,3398,17,122.701643372855
Treron australis,3427,17,86.2869199991335
Treron australis,4069,17,1296.21490263582
Treron australis,4148,17,170.785426053188
Treron australis,4194,17,224.299706164179
Treron australis,4318,17,898.648978786819
Treron australis,4396,17,1.68964842398798
Treron australis,4400,17,224.228386749756
Treron australis,5071,17,2.65011391026461
Treron australis,5111,17,40.9701177519585
Treron australis,5777,17,7.60914032988918
Treron australis,5888,17,4134.16613812319
Treron australis,6133,17,5.30358653567576
Treron australis,6571,17,1274.00159033817
Treron australis,6950,17,149.823084885258
Treron australis,7483,17,652.940738691762
Treron australis,7548,17,20.7455502793244
Treron australis,7549,17,234.81411045919
Treron australis,7622,17,372.086339187632
Treron australis,7652,17,47.8541654373711
Treron australis,7653,17,18.5469218373579
Treron australis,7655,17,16.4163595908247
Treron australis,7656,17,5.62048870518661
Treron australis,7657,17,20.6443376237523
Treron australis,7660,17,33.0953660842072
Treron australis,7662,17,29.7723925005817
Treron australis,7667,17,2.70596556277776
Treron australis,7671,17,67.5307001400677
Treron australis,7674,17,47.3336670441899
Treron australis,7675,17,15.2341434265082
Treron australis,7676,17,3.15564838214624
Treron australis,7677,17,65.1599201313749
Treron australis,7678,17,3.15489428832662
Treron australis,7683,17,11.8039994628603
Treron australis,7684,17,26.8481144580816
Treron australis,7686,17,2.34215426115477
Treron australis,7687,17,19.9889174229442
Treron australis,7688,17,59.6265020383747
Treron australis,7689,17,23.6377044755612
Treron australis,7690,17,110.070037848945
Turnix nigricollis,7081,15,68.4073900828574
Turnix nigricollis,77,1,130.021860527528
Turnix nigricollis,81,1,6.49089737985945
Turnix nigricollis,89,1,8.4370977335708
Turnix nigricollis,150,1,43.4528749465152
Turnix nigricollis,9867,1,56.8711675529887
Turnix nigricollis,4478,17,130.568218715013
Turnix nigricollis,10102,40,78.5054384879867
Turnix nigricollis,8212,39,29.4123165165292
Turnix nigricollis,9443,39,44.4928427752445
Turnix nigricollis,10145,39,27.2715936270507
Turnix nigricollis,10146,39,29.3885406549345
Turnix nigricollis,10147,39,20.6592519148769
Turnix nigricollis,10148,39,19.9515621485635
Turnix nigricollis,6579,26,35.9142155788532
Turnix nigricollis,10130,26,15.4450147414067
Turnix nigricollis,10168,26,9.49462234218203
Turnix nigricollis,10169,26,23.5087072345356
Turnix nigricollis,7241,22,16.1215402504437
Turnix nigricollis,9185,22,46.5723968884147
Turnix nigricollis,9629,22,58.9907033186641
Turnix nigricollis,9690,22,36.3826787541578
Turnix nigricollis,9733,22,31.4692072683324
Turnix nigricollis,9835,22,23.0620316261801
Turnix nigricollis,8617,42,435.931164999176
Turnix nigricollis,8619,42,13.1672804516135
Turnix nigricollis,9619,42,43.5541700668897
Turnix nigricollis,9624,42,13.3829553466861
Turnix nigricollis,9628,42,6.06907414019537
Turnix nigricollis,9727,42,9.25706128804803
Turnix nigricollis,9730,42,4.31856011909986
Turnix nigricollis,9732,42,2.02272765648687
Turnix nigricollis,10171,42,17.5870851484947
Turnix nigricollis,10175,42,2.03225787389851
Turnix nigricollis,10205,42,1.94182639975023
Turnix nigricollis,8138,23,465.829087378078
Turnix nigricollis,8640,23,12.0483039035159
Turnix nigricollis,8641,23,3.38022994819081
Turnix nigricollis,9390,23,17.8876522784661
Turnix nigricollis,9442,23,45.1360753508905
Turnix nigricollis,9580,23,47.9151920474066
Turnix nigricollis,9594,23,138.804967227073
Turnix nigricollis,4615,27,57.9536162531174
Turnix nigricollis,4622,27,2.32886922907841
Turnix nigricollis,4656,27,3.3134309653126
Turnix nigricollis,4707,27,2.32767118465054
Turnix nigricollis,4798,27,2.50550766269672
Turnix nigricollis,4879,27,3.75660892574322
Turnix nigricollis,4905,27,1.78860352420616
Turnix nigricollis,4997,27,89.7882265229853
Turnix nigricollis,5206,27,1.87495118889725
Turnix nigricollis,5223,27,466.568559868034
Turnix nigricollis,8923,27,2.05895008530629
Turnix nigricollis,9504,27,35.8509582239029
Turnix nigricollis,9822,27,3.75955498127008
Turnix nigricollis,10122,27,1.79238486696017
Turnix nigricollis,10129,27,7.14406051427484
Turnix nigricollis,10151,27,17.1081231937802
Turnix nigricollis,10220,27,27.5139015001006
Turnix nigricollis,1599,34,19.2038282113973
Turnix nigricollis,1640,34,1.91988596975887
Turnix nigricollis,1641,34,4.2053427026192
Turnix nigricollis,1672,34,5.85033975470352
Turnix nigricollis,1676,34,24.6792146248873
Turnix nigricollis,1692,34,2.83342021114933
Turnix nigricollis,1700,34,2.37624750380063
Turnix nigricollis,1721,34,8.3165148231597
Turnix nigricollis,1731,34,8.86332816260099
Turnix nigricollis,2009,34,2.0072273404777
Turnix nigricollis,2217,34,696.021460376502
Turnix nigricollis,8531,34,16.3740665150672
Turnix nigricollis,8868,34,22.3806283842244
Turnix nigricollis,8870,34,4.567756926453
Turnix nigricollis,9450,34,2.19383277368414
Turnix nigricollis,9451,34,37.6497033879563
Turnix nigricollis,9779,34,9.30640563301087
Turnix nigricollis,9865,34,16.5402429724604
Turnix nigricollis,10009,34,11.5120029750904
Turnix nigricollis,1502,35,36.3372512144693
Turnix nigricollis,9884,35,5.86001237088037
Turnix nigricollis,9895,35,30.5684495112349
Turnix nigricollis,8963,41,171.071344628696
Turnix nigricollis,10177,41,8.19087994073701
Turnix nigricollis,407,38,175.204558120961
Turnix nigricollis,545,38,38.9884159684202
Turnix nigricollis,818,38,1.56243208603442
Turnix nigricollis,832,38,1.1946710927344
Turnix nigricollis,840,38,3.21620605602294
Turnix nigricollis,841,38,1.10266377710527
Turnix nigricollis,852,38,1.10259928914046
Turnix nigricollis,854,38,2.02137478975803
Turnix nigricollis,856,38,1.65382056523675
Turnix nigricollis,892,38,1.46972063059181
Turnix nigricollis,922,38,58.6780858784226
Turnix nigricollis,953,38,432.800073364722
Turnix nigricollis,983,38,201.228139703333
Turnix nigricollis,1081,38,22.8472887600286
Turnix nigricollis,1116,38,1.19240941025871
Turnix nigricollis,1121,38,29.0693941458231
Turnix nigricollis,1156,38,43.8330294218944
Turnix nigricollis,1231,38,1.64962747188139
Turnix nigricollis,1233,38,272.08620058623
Turnix nigricollis,1250,38,29.5229195880157
Turnix nigricollis,1258,38,5.77274455881023
Turnix nigricollis,1367,38,108.183723987433
Turnix nigricollis,1409,38,24.808850928902
Turnix nigricollis,1440,38,27.3635837700884
Turnix nigricollis,1475,38,7176.70927652722
Turnix nigricollis,2791,38,553.556197817051
Turnix nigricollis,9044,38,10.453268307377
Turnix nigricollis,9059,38,53.7688087064452
Turnix nigricollis,9069,38,16.4635599028283
Turnix nigricollis,9360,38,179.54495541553
Turnix nigricollis,9405,38,66.489778000425
Turnix nigricollis,9480,38,544.600957807594
Turnix nigricollis,10013,38,2.20879511307001
Turnix nigricollis,10014,38,1.10433682509226
Turnix nigricollis,10080,38,309.253424899817
Turnix nigricollis,10155,38,16.2558942641138
Turnix nigricollis,10156,38,132.962781072095
Turnix nigricollis,10180,38,47.8541654373711
Turnix nigricollis,10192,38,54.2551765402825
Turnix nigricollis,10193,38,258.078829041498
Turnix nigricollis,10210,38,15.0956876044398
Turnix nigricollis,10217,38,2.09148697000587
Turnix nigricollis,10226,38,113.684840810308
Turnix nigricollis,10241,38,18.5469218373579
Turnix nigricollis,3621,43,45.4757890931116
Turnix nigricollis,3830,43,105.165746800864
Turnix nigricollis,3915,43,70.1712055467508
Turnix nigricollis,4176,43,176.465112044449
Turnix nigricollis,5376,43,170.785426053188
Turnix nigricollis,5430,43,224.299706164179
Turnix nigricollis,5761,43,465.807169794926
Turnix nigricollis,7513,43,4570.03643218598
Turnix nigricollis,7771,43,1320.8099663434
Turnix nigricollis,7792,43,72.6415490388992
Turnix nigricollis,8491,43,2.87876883525717
Turnix nigricollis,9940,43,38.3946948622806
Turnix nigricollis,9948,43,1.35457540027201
Turnix nigricollis,10093,43,20.7455502793244
Turnix nigricollis,10094,43,234.90144196146
Turnix nigricollis,10158,43,122.701643372855
Turnix nigricollis,10162,43,1633.94606656998
Turnix nigricollis,10202,43,14.2635312602702
Turnix nigricollis,10227,43,56.9706430520978
Turnix nigricollis,10228,43,1264.80094030401
Turnix nigricollis,10229,43,7.56687340696752
Turnix nigricollis,10238,43,38.8224120711257
Turnix nigricollis,10239,43,23.6377044755612
Turnix nigricollis,10240,43,110.070037848945
Turnix nigricollis,10244,43,29.7723925005817
Turnix nigricollis,10249,43,2.70596556277776
Turnix nigricollis,10253,43,67.6208545236654
Turnix nigricollis,10256,43,47.3336670441899
Turnix nigricollis,10257,43,15.2341434265082
Turnix nigricollis,10258,43,3.15564838214624
Turnix nigricollis,10259,43,65.1599201313749
Turnix nigricollis,10260,43,3.15489428832662
Turnix nigricollis,10264,43,11.8039994628603
Turnix nigricollis,10265,43,26.8481144580816
Turnix nigricollis,10267,43,2.34215426115477
Turnix nigricollis,10268,43,19.9889174229442
Turnix nigricollis,10269,43,33.0953660842072
Turnix nigricollis,9087,44,18.1098317564155
Turnix nigricollis,9088,44,66.8868642792623
Turnix nigricollis,10232,45,16.4163595908247
Turnix nigricollis,10233,45,14.8692397176668
Turnix nigricollis,10234,45,26.0164300679771
Turnix nigricollis,10235,45,308.475605014956
Turnix nigricollis,10236,45,20.6443376237523
Turnix nigricollis,10237,45,185.208699387767
Tylas eduardi,1,1,56.8711675529887
Tylas eduardi,6505,17,29.0782282981118
Tylas eduardi,6581,17,29.4123165165292
Tylas eduardi,6582,17,27.2715936270507
Tylas eduardi,6583,17,21.6261414673434
Tylas eduardi,6584,17,29.3885406549345
Tylas eduardi,6585,17,20.6592519148769
Tylas eduardi,7,2,161.544130516898
Tylas eduardi,22,2,2.21454840610319
Tylas eduardi,38,2,0.6456592656492
Tylas eduardi,43,2,47.8541654373711
Tylas eduardi,61,2,27.8355770827927
Tylas eduardi,74,2,167.829403228332
Tylas eduardi,92,2,29.1119459662804
Tylas eduardi,98,2,17.5033957201407
Tylas eduardi,109,2,0.644736027104974
Tylas eduardi,112,2,3.68393426545006
Tylas eduardi,117,2,143.789201630759
Tylas eduardi,118,2,0.828812250984609
Tylas eduardi,128,2,1.19697195979726
Tylas eduardi,216,2,0.643524707940877
Tylas eduardi,217,2,2.11438066261417
Tylas eduardi,223,2,0.459616383672059
Tylas eduardi,228,2,0.643432019172192
Tylas eduardi,235,2,0.367655302864194
Tylas eduardi,237,2,1.56243208603442
Tylas eduardi,238,2,0.459508593737543
Tylas eduardi,239,2,0.45949710468936
Tylas eduardi,240,2,1.1946710927344
Tylas eduardi,242,2,1.47030313296086
Tylas eduardi,243,2,5.42170846381861
Tylas eduardi,282,2,26.2648020061304
Tylas eduardi,292,2,333.023805038575
Tylas eduardi,304,2,3.48845173661
Tylas eduardi,954,2,14127.1921146221
Tylas eduardi,6497,2,3.50637091730267
Tylas eduardi,6498,2,161.827507484752
Tylas eduardi,6586,2,31.4878831114368
Tylas eduardi,6587,2,77.4065442805075
Tylas eduardi,6611,2,54.2551765402825
Tylas eduardi,6612,2,524.455388418614
Tylas eduardi,6613,2,257.987775640312
Tylas eduardi,1477,16,1.35457540027249
Tylas eduardi,1516,16,0.812480411258936
Tylas eduardi,1786,16,158.705818376245
Tylas eduardi,1880,16,70.171205546759
Tylas eduardi,1993,16,2.87876883525968
Tylas eduardi,1995,16,0.899620833965421
Tylas eduardi,2274,16,176.465112044449
Tylas eduardi,3990,16,170.785426053188
Tylas eduardi,4032,16,224.299706164179
Tylas eduardi,4389,16,465.807169794926
Tylas eduardi,4808,16,0.620648212959528
Tylas eduardi,4826,16,0.709200345668078
Tylas eduardi,6042,16,4371.74935685061
Tylas eduardi,6495,16,1292.88384708504
Tylas eduardi,6573,16,234.81411045919
Tylas eduardi,6578,16,72.7284184850583
Tylas eduardi,6596,16,122.701643372855
Tylas eduardi,6600,16,1633.8566839868
Tylas eduardi,6623,16,45.4757890931116
Tylas eduardi,6629,16,56.9706430520978
Tylas eduardi,6630,16,1264.80094030401
Tylas eduardi,6639,16,34.3971482793418
Tylas eduardi,6641,16,23.6377044755612
Tylas eduardi,6642,16,110.070037848945
Tylas eduardi,6645,16,29.7723925005817
Tylas eduardi,6650,16,2.70596556277776
Tylas eduardi,6653,16,0.360754872067451
Tylas eduardi,6654,16,67.5307001400677
Tylas eduardi,6657,16,47.3336670441899
Tylas eduardi,6658,16,15.2341434265082
Tylas eduardi,6659,16,3.15564838214624
Tylas eduardi,6660,16,65.1599201313749
Tylas eduardi,6661,16,3.15489428832662
Tylas eduardi,6666,16,11.8039994628603
Tylas eduardi,6667,16,26.8481144580816
Tylas eduardi,6669,16,2.34215426115477
Tylas eduardi,6670,16,19.9889174229442
Tylas eduardi,6671,16,14.2635312602702
Tylas eduardi,6672,16,33.0953660842072
Tylas eduardi,6633,19,16.4163595908247
Tylas eduardi,6634,19,14.8692397176668
Tylas eduardi,6635,19,26.0164300679771
Tylas eduardi,6636,19,308.475605014956
Tylas eduardi,6637,19,20.6443376237523
Tylas eduardi,6638,19,185.208699387767
Tylas eduardi,6588,18,129.966271154985
Tylas eduardi,6643,18,18.5469218373579
Upupa marginata,1067,3,55.3194814575466
Upupa marginata,9797,23,68.4073900828574
Upupa marginata,1099,39,1.92954817861235
Upupa marginata,1146,39,33.8991079803611
Upupa marginata,242,50,43.0377824654073
Upupa marginata,259,50,1.48074673073471
Upupa marginata,260,50,1.66577102635694
Upupa marginata,279,50,1.38815019469857
Upupa marginata,146,53,43.2038186617044
Upupa marginata,110,1,130.021860527528
Upupa marginata,114,1,6.49089737985945
Upupa marginata,125,1,8.4370977335708
Upupa marginata,155,1,43.2675847418705
Upupa marginata,12791,1,56.8711675529887
Upupa marginata,12391,58,44.4928427752445
Upupa marginata,4487,16,38.0240908844043
Upupa marginata,4501,16,3.07696966736627
Upupa marginata,4505,16,0.723997986286044
Upupa marginata,5614,26,36.331879859746
Upupa marginata,12965,26,6.47518067736232
Upupa marginata,6175,55,130.568218715013
Upupa marginata,12969,60,78.5054384879867
Upupa marginata,9003,31,35.9142155788532
Upupa marginata,12994,31,15.4450147414067
Upupa marginata,13030,31,9.49462234218203
Upupa marginata,13031,31,23.5087072345356
Upupa marginata,10520,54,20.389532634593
Upupa marginata,10552,54,3.3098273938992
Upupa marginata,10571,54,13.3199779431528
Upupa marginata,5730,62,35.7521057852796
Upupa marginata,12062,20,18.1098317564155
Upupa marginata,12063,20,66.8868642792623
Upupa marginata,6686,30,0.715356050514937
Upupa marginata,6687,30,7.15316099739838
Upupa marginata,6731,30,1.96673406490374
Upupa marginata,6850,30,47.2722848751475
Upupa marginata,3138,32,385.88082474129
Upupa marginata,12910,32,25.5098385051697
Upupa marginata,10418,37,1.30912096210873
Upupa marginata,10445,37,1.04702337229478
Upupa marginata,10452,37,0.697930843771815
Upupa marginata,10487,37,2.6158241501931
Upupa marginata,10538,37,1.56809616759455
Upupa marginata,10543,37,130.192298566004
Upupa marginata,11175,37,138.804967227073
Upupa marginata,11610,37,1.47393099119222
Upupa marginata,11611,37,11.0948326900711
Upupa marginata,12345,37,1.13414415884197
Upupa marginata,12387,37,257.694893036576
Upupa marginata,12390,37,45.1360753508905
Upupa marginata,12519,37,47.9151920474066
Upupa marginata,12548,37,1.04307801828969
Upupa marginata,10005,38,16.1215402504437
Upupa marginata,11583,38,55.8298366727795
Upupa marginata,11590,38,46.5723968884147
Upupa marginata,12621,38,31.4692072683324
Upupa marginata,12625,38,36.3826787541578
Upupa marginata,12714,38,23.0620316261801
Upupa marginata,2061,45,19.2038282113973
Upupa marginata,2106,45,1.91988596975887
Upupa marginata,2107,45,4.2053427026192
Upupa marginata,2142,45,5.85033975470352
Upupa marginata,2147,45,24.6792146248873
Upupa marginata,2169,45,1.0054375043211
Upupa marginata,2171,45,2.83342021114933
Upupa marginata,2182,45,1.00536820483017
Upupa marginata,2183,45,2.37624750380063
Upupa marginata,2213,45,8.3165148231597
Upupa marginata,2224,45,8.86332816260099
Upupa marginata,2610,45,2.0072273404777
Upupa marginata,3017,45,696.021460376502
Upupa marginata,11494,45,16.3740665150672
Upupa marginata,11872,45,22.3806283842244
Upupa marginata,11874,45,4.567756926453
Upupa marginata,12416,45,2.19383277368414
Upupa marginata,12417,45,37.6497033879563
Upupa marginata,12677,45,9.30640563301087
Upupa marginata,12758,45,16.5402429724604
Upupa marginata,12904,45,11.5120029750904
Upupa marginata,1947,47,36.3372512144693
Upupa marginata,12808,47,5.86001237088037
Upupa marginata,12819,47,30.5684495112349
Upupa marginata,586,51,175.204558120961
Upupa marginata,781,51,38.9884159684202
Upupa marginata,1069,51,1.56243208603442
Upupa marginata,1078,51,10.3827521052792
Upupa marginata,1083,51,1.1946710927344
Upupa marginata,1090,51,3.21620605602294
Upupa marginata,1092,51,1.10266377710527
Upupa marginata,1093,51,4911.25607892819
Upupa marginata,1103,51,1.10259928914046
Upupa marginata,1104,51,2.02137478975803
Upupa marginata,1105,51,0.826945434479237
Upupa marginata,1107,51,1.65382056523675
Upupa marginata,1113,51,0.826825480994821
Upupa marginata,1141,51,1.46972063059181
Upupa marginata,1173,51,58.6780858784226
Upupa marginata,1211,51,432.156504099719
Upupa marginata,1263,51,30.5703030658947
Upupa marginata,1299,51,1.46844013959682
Upupa marginata,1331,51,5.32260880427396
Upupa marginata,1461,51,35.7588890292917
Upupa marginata,1567,51,54.2551765402825
Upupa marginata,12044,51,53.7688087064452
Upupa marginata,12225,51,179.54495541553
Upupa marginata,12368,51,66.489778000425
Upupa marginata,12908,51,2.20879511307001
Upupa marginata,12909,51,1.10433682509226
Upupa marginata,13035,51,47.8541654373711
Upupa marginata,7222,57,0.891787854492903
Upupa marginata,7334,57,1.06962261895978
Upupa marginata,7335,57,3.29785010889542
Upupa marginata,7397,57,184.055328468695
Upupa marginata,7413,57,19.6901923251381
Upupa marginata,7502,57,43.7307843616194
Upupa marginata,7568,57,2.04824535180938
Upupa marginata,7587,57,2.22619413036621
Upupa marginata,7630,57,15.9348882808119
Upupa marginata,7680,57,367.497554348637
Upupa marginata,7753,57,134.277342248644
Upupa marginata,7864,57,2.40106290664852
Upupa marginata,7867,57,34.1438373568318
Upupa marginata,7907,57,81.8922950839507
Upupa marginata,8104,57,84.0241757116541
Upupa marginata,8166,57,12.1608735246027
Upupa marginata,8192,57,1.15387874647725
Upupa marginata,8218,57,13.8438613020605
Upupa marginata,8258,57,1.68573985291564
Upupa marginata,8271,57,27.8556197308008
Upupa marginata,8332,57,442.031899514603
Upupa marginata,8751,57,8.04853361831559
Upupa marginata,8871,57,0.795515950573802
Upupa marginata,9011,57,273.475677275409
Upupa marginata,9029,57,5.38531445855916
Upupa marginata,9192,57,133.967642621479
Upupa marginata,9301,57,1.05747752482116
Upupa marginata,9328,57,8.28103705402064
Upupa marginata,10108,57,9.89086872484767
Upupa marginata,10139,57,1431.99133554574
Upupa marginata,10232,57,9.61734877962125
Upupa marginata,12962,57,20.7455502793244
Upupa marginata,6308,59,57.9536162531174
Upupa marginata,6319,59,0.98528214502728
Upupa marginata,6357,59,3.3134309653126
Upupa marginata,6415,59,2.32767118465054
Upupa marginata,6522,59,2.50550766269672
Upupa marginata,6625,59,2.59381475292504
Upupa marginata,6656,59,1.78860352420616
Upupa marginata,6759,59,89.7882265229853
Upupa marginata,6941,59,0.714404974959851
Upupa marginata,7021,59,1.87495118889725
Upupa marginata,7052,59,466.300212378207
Upupa marginata,12461,59,35.8509582239029
Upupa marginata,12722,59,3.75955498127008
Upupa marginata,12989,59,1.79238486696017
Upupa marginata,12993,59,7.14406051427484
Upupa marginata,13017,59,17.1081231937802
Upupa marginata,13059,59,27.5139015001006
Upupa marginata,11945,61,171.071344628696
Upupa marginata,13032,61,8.19087994073701
Upupa marginata,4240,21,90.6087475250168
Upupa marginata,5506,35,0.899620833965421
Upupa marginata,5623,35,122.701643372855
Upupa marginata,5668,35,113.63252036178
Upupa marginata,5810,35,26.6683637139046
Upupa marginata,5858,35,1.88541664422989
Upupa marginata,5898,35,8.61674749869728
Upupa marginata,5921,35,3.76994957205438
Upupa marginata,6036,35,63.4236706329681
Upupa marginata,11465,35,2.87876883525717
Upupa marginata,13029,35,56.9706430520978
Upupa marginata,13061,35,29.7723925005817
Upupa marginata,13066,35,2.70596556277776
Upupa marginata,13070,35,67.6208545236654
Upupa marginata,13073,35,47.3336670441899
Upupa marginata,13074,35,15.2341434265082
Upupa marginata,13075,35,3.15564838214624
Upupa marginata,13076,35,65.1599201313749
Upupa marginata,13077,35,3.15489428832662
Upupa marginata,13081,35,11.8039994628603
Upupa marginata,13082,35,26.8481144580816
Upupa marginata,13084,35,2.34215426115477
Upupa marginata,13085,35,19.9889174229442
Upupa marginata,13086,35,33.0953660842072
Vanga curvirostris,5099,40,21.2443070814972
Vanga curvirostris,3614,44,16.3740665150672
Vanga curvirostris,3757,44,19.2038282114016
Vanga curvirostris,3844,44,1.91988596975875
Vanga curvirostris,3845,44,4.2053427026192
Vanga curvirostris,2036,34,1.92954817861235
Vanga curvirostris,2133,34,0.367434207116008
Vanga curvirostris,2148,34,33.8991079803611
Vanga curvirostris,18339,34,0.367500048400104
Vanga curvirostris,331,51,0.370271373195231
Vanga curvirostris,332,51,0.462834125284791
Vanga curvirostris,335,51,43.0377824654073
Vanga curvirostris,351,51,1.48074673073471
Vanga curvirostris,352,51,1.66577102635694
Vanga curvirostris,386,51,1.38815019469857
Vanga curvirostris,179,53,0.463597745714188
Vanga curvirostris,215,53,43.2038186617044
Vanga curvirostris,119,1,0.55664420881176
Vanga curvirostris,122,1,0.371099061261296
Vanga curvirostris,125,1,0.556625695955813
Vanga curvirostris,133,1,0.463806772104442
Vanga curvirostris,141,1,0.463781360735595
Vanga curvirostris,165,1,0.64914825101471
Vanga curvirostris,171,1,130.021860527528
Vanga curvirostris,174,1,6.4908973798604
Vanga curvirostris,178,1,8.4370977335708
Vanga curvirostris,224,1,43.2675847418705
Vanga curvirostris,18375,1,56.8711675529887
Vanga curvirostris,7439,19,38.0240908844043
Vanga curvirostris,7476,19,3.07696966736627
Vanga curvirostris,7481,19,0.723997986286044
Vanga curvirostris,7505,19,0.361958205401897
Vanga curvirostris,18540,19,0.452763459861636
Vanga curvirostris,9579,55,130.568218715013
Vanga curvirostris,18632,56,78.5054384879867
Vanga curvirostris,16985,57,2.33597082442749
Vanga curvirostris,17247,57,0.777178853789091
Vanga curvirostris,18053,57,44.4928427752445
Vanga curvirostris,18497,57,0.604549703200817
Vanga curvirostris,18625,57,57.1920356452289
Vanga curvirostris,18689,57,27.2715936270507
Vanga curvirostris,18690,57,29.4123165165292
Vanga curvirostris,18691,57,29.3885406549345
Vanga curvirostris,18692,57,20.6592519148769
Vanga curvirostris,18693,57,19.9515621485635
Vanga curvirostris,9341,54,0.449603298739433
Vanga curvirostris,9342,54,0.359686745625973
Vanga curvirostris,9394,54,36.331879859746
Vanga curvirostris,18628,54,6.47518067736232
Vanga curvirostris,18630,54,0.449634089967847
Vanga curvirostris,13700,59,35.9142155788532
Vanga curvirostris,18659,59,15.4450147414067
Vanga curvirostris,18722,59,9.49462234218203
Vanga curvirostris,18723,59,23.5087072345356
Vanga curvirostris,12530,24,171.071344628696
Vanga curvirostris,18719,24,8.19087994073701
Vanga curvirostris,15895,31,0.523638666577697
Vanga curvirostris,15917,31,0.523563038836241
Vanga curvirostris,15927,31,0.698019186100006
Vanga curvirostris,15944,31,0.436189867799282
Vanga curvirostris,15989,31,2.61582415019357
Vanga curvirostris,16099,31,1.39385740344095
Vanga curvirostris,16113,31,129.582523862221
Vanga curvirostris,16143,31,0.348321061425805
Vanga curvirostris,16224,31,0.34803445176816
Vanga curvirostris,16360,31,0.434623503267407
Vanga curvirostris,16663,31,1.47393099119139
Vanga curvirostris,16732,31,11.0948326900705
Vanga curvirostris,17174,31,138.804967227073
Vanga curvirostris,17982,31,1.13414415884197
Vanga curvirostris,18048,31,255.091175992409
Vanga curvirostris,18051,31,45.1360753508905
Vanga curvirostris,18147,31,47.9151920474066
Vanga curvirostris,18176,31,0.521531653210759
Vanga curvirostris,18676,31,0.347746593876839
Vanga curvirostris,15104,32,55.3030478112986
Vanga curvirostris,15249,32,16.1215402504437
Vanga curvirostris,15906,32,46.5723968884147
Vanga curvirostris,18217,32,31.4692072683324
Vanga curvirostris,18221,32,36.3826787541578
Vanga curvirostris,18291,32,23.0620316261801
Vanga curvirostris,3579,46,36.3372512144693
Vanga curvirostris,18392,46,5.86001237088037
Vanga curvirostris,18403,46,30.5684495112349
Vanga curvirostris,3957,48,0.639730784998775
Vanga curvirostris,3995,48,1.46201426250422
Vanga curvirostris,4025,48,2.64969806134474
Vanga curvirostris,4079,48,7.03479595916414
Vanga curvirostris,4085,48,4.567756926453
Vanga curvirostris,4126,48,9.04258868397665
Vanga curvirostris,4449,48,2.28180747323132
Vanga curvirostris,4530,48,447.767344501696
Vanga curvirostris,4607,48,2.00722734047782
Vanga curvirostris,4612,48,0.364942030489683
Vanga curvirostris,4621,48,0.456175956650972
Vanga curvirostris,18361,48,14.9865047176591
Vanga curvirostris,18527,48,0.456749789226413
Vanga curvirostris,18528,48,81.3668221959746
Vanga curvirostris,10475,58,57.9536162531174
Vanga curvirostris,10496,58,0.985282145026565
Vanga curvirostris,10545,58,3.3134309653126
Vanga curvirostris,10630,58,2.32767118465054
Vanga curvirostris,10821,58,2.50550766269672
Vanga curvirostris,10974,58,1.78860352420616
Vanga curvirostris,11106,58,89.7882265229853
Vanga curvirostris,11288,58,0.714404974959851
Vanga curvirostris,11312,58,0.535747839347601
Vanga curvirostris,11325,58,0.446428569326758
Vanga curvirostris,11333,58,0.4464130281533
Vanga curvirostris,11371,58,1.87495118889725
Vanga curvirostris,11393,58,466.300212378207
Vanga curvirostris,18070,58,35.8509582239029
Vanga curvirostris,18316,58,3.75955498127008
Vanga curvirostris,18652,58,1.79238486696017
Vanga curvirostris,18656,58,7.14406051427484
Vanga curvirostris,18680,58,17.1081231937802
Vanga curvirostris,18753,58,27.5139015001006
Vanga curvirostris,875,52,175.204558120961
Vanga curvirostris,1224,52,38.9884159684163
Vanga curvirostris,1853,52,0.643524707942724
Vanga curvirostris,1899,52,0.459616383672059
Vanga curvirostris,1921,52,0.643432019172192
Vanga curvirostris,1941,52,0.367655302864194
Vanga curvirostris,1958,52,1.56243208603442
Vanga curvirostris,1990,52,0.459508593737543
Vanga curvirostris,1996,52,0.45949710468936
Vanga curvirostris,1997,52,1.1946710927344
Vanga curvirostris,2009,52,53.7688087064452
Vanga curvirostris,2012,52,3.21620605602419
Vanga curvirostris,2013,52,0.551364106284499
Vanga curvirostris,2019,52,1.10266377710527
Vanga curvirostris,2026,52,0.367564567481756
Vanga curvirostris,2031,52,0.551319225258708
Vanga curvirostris,2041,52,1.10259928914046
Vanga curvirostris,2047,52,2.02137478975803
Vanga curvirostris,2048,52,0.826945434479237
Vanga curvirostris,2054,52,0.643170052255213
Vanga curvirostris,2061,52,1.65382056523675
Vanga curvirostris,2077,52,0.826825480994821
Vanga curvirostris,2097,52,0.459349671094894
Vanga curvirostris,2118,52,0.367459639964223
Vanga curvirostris,2132,52,1.46972063059181
Vanga curvirostris,2205,52,0.367363554798603
Vanga curvirostris,2224,52,58.6780858784226
Vanga curvirostris,2284,52,432.708220309259
Vanga curvirostris,6357,52,15252.0716421369
Vanga curvirostris,17947,52,179.54495541553
Vanga curvirostris,18700,52,77.4065442805075
Vanga curvirostris,18701,52,132.962781072095
Vanga curvirostris,18724,52,47.8541654373711
Vanga curvirostris,18736,52,54.2551765402825
Vanga curvirostris,18737,52,587.522437766301
Vanga curvirostris,18738,52,257.987775640312
Vanga curvirostris,18764,52,16.4163595908247
Vanga curvirostris,18765,52,14.8692397176668
Vanga curvirostris,18766,52,26.0164300679771
Vanga curvirostris,18767,52,308.475605014956
Vanga curvirostris,18768,52,20.6443376237523
Vanga curvirostris,18769,52,185.208699387767
Vanga curvirostris,18773,52,18.5469218373579
Vanga curvirostris,18774,52,0.453956211002231
Vanga curvirostris,8214,60,0.812480411258936
Vanga curvirostris,8834,60,158.705818376245
Vanga curvirostris,8975,60,70.171205546759
Vanga curvirostris,9178,60,2.87876883525968
Vanga curvirostris,9182,60,0.899620833965421
Vanga curvirostris,9665,60,176.465112044449
Vanga curvirostris,11675,60,170.785426053188
Vanga curvirostris,11807,60,224.299706164179
Vanga curvirostris,12375,60,465.807169794926
Vanga curvirostris,13203,60,0.620648212959528
Vanga curvirostris,13239,60,0.709200345668078
Vanga curvirostris,15770,60,4568.80264222246
Vanga curvirostris,17461,60,1320.72290065696
Vanga curvirostris,18468,60,13.0070758246177
Vanga curvirostris,18472,60,1.35457540027201
Vanga curvirostris,18614,60,20.7455502793244
Vanga curvirostris,18617,60,234.81411045919
Vanga curvirostris,18622,60,72.7284184850583
Vanga curvirostris,18709,60,122.701643372855
Vanga curvirostris,18713,60,1633.8566839868
Vanga curvirostris,18748,60,45.4757890931116
Vanga curvirostris,18760,60,56.9706430520978
Vanga curvirostris,18761,60,1264.80094030401
Vanga curvirostris,18770,60,38.8224120711257
Vanga curvirostris,18771,60,23.6377044755612
Vanga curvirostris,18772,60,110.070037848945
Vanga curvirostris,18776,60,29.7723925005817
Vanga curvirostris,18781,60,2.70596556277776
Vanga curvirostris,18784,60,0.360754872067451
Vanga curvirostris,18785,60,67.5307001400677
Vanga curvirostris,18788,60,47.3336670441899
Vanga curvirostris,18789,60,15.2341434265082
Vanga curvirostris,18790,60,3.15564838214624
Vanga curvirostris,18791,60,65.1599201313749
Vanga curvirostris,18792,60,3.15489428832662
Vanga curvirostris,18797,60,11.8039994628603
Vanga curvirostris,18798,60,26.8481144580816
Vanga curvirostris,18800,60,2.34215426115477
Vanga curvirostris,18801,60,19.9889174229442
Vanga curvirostris,18802,60,14.2635312602702
Vanga curvirostris,18803,60,33.0953660842072
Varecia rubra,1,1,0.460479690076709
Varecia rubra,2,1,0.276287814046025
Varecia rubra,4,1,19.1535753317625
Varecia rubra,5,2,58.627025391596
Varecia rubra,6,3,31.720629655785
Varecia rubra,7,4,50.8733620368133
Varecia rubra,8,5,28.1885116145399
Varecia rubra,9,4,0.275470983039737
Varecia rubra,10,6,87.5687991782385
Varecia rubra,11,7,3.94387192411029
Varecia rubra,12,7,79.5990008421903
Varecia rubra,13,8,19.439023896375
Varecia rubra,15,8,0.733449546446562
Varecia rubra,16,9,60.0222909123515
Varecia rubra,18,9,29.7715142444786
Varecia rubra,29,9,142.465181933607
Varecia rubra,37,64,0.27451926506561
Varecia rubra,39,64,0.36601674408102
Varecia rubra,40,64,0.457520320277512
Varecia rubra,46,12,59.3584008869071
Varecia rubra,47,64,119.300489712901
Varecia rubra,51,64,0.731667634530187
Varecia rubra,66,12,31.2682529843551
Varecia rubra,71,64,56.679369671421
Varecia rubra,761,26,11.1339782592628
Varecia rubra,1135,31,19.626219563625
Varecia rubra,1151,32,9.45004298783171
Varecia rubra,1158,32,408.006582833696
Varecia rubra,1161,33,6.49600297978592
Varecia rubra,1162,33,10.8544167671562
Varecia rubra,1165,33,6.67137291090632
Varecia rubra,1168,34,22.8289213949697
Varecia rubra,1169,35,29.195756822505
Varecia rubra,1170,35,27.8556197308008
Varecia rubra,1171,36,0.265536269318342
Varecia rubra,1172,36,42.2937054256052
Varecia rubra,1173,37,65.7629304431266
Varecia rubra,1183,37,0.264660510413408
Varecia rubra,1184,37,11.0284926678838
Varecia rubra,1186,37,0.793622905395865
Varecia rubra,1187,37,20.4609761780863
Varecia rubra,1188,37,17.8978717509653
Varecia rubra,1189,37,0.352587115600109
Varecia rubra,1190,39,21.4969355489569
Varecia rubra,1191,40,1.66069766811907
Varecia rubra,1196,40,45.4516362171202
Varecia rubra,210,59,11.8440676069835
Varecia rubra,484,68,1.71320107459641
Varecia rubra,509,68,0.631062051789641
Varecia rubra,523,68,1.08167763275933
Varecia rubra,534,68,78.9502231569217
Varecia rubra,545,68,1.26175807826722
Varecia rubra,546,68,28.7455822159666
Varecia rubra,582,68,41.9852753191171
Varecia rubra,583,68,0.360352960571528
Varecia rubra,593,68,0.630549841309428
Varecia rubra,1102,57,8.57089291900718
Varecia rubra,1114,57,47.0596464797798
Varecia rubra,1464,70,53.0446320118169
Varecia rubra,75,13,0.730765760074735
Varecia rubra,125,13,62.6106702145802
Varecia rubra,126,13,90.3937869662622
Varecia rubra,138,13,38.8733664291846
Varecia rubra,162,13,0.821044563117385
Varecia rubra,168,13,30.9238925930891
Varecia rubra,1021,30,166.767777138969
Varecia rubra,1059,30,4.64537103983664
Varecia rubra,1113,30,108.017533877724
Varecia rubra,1132,30,1.07071694061661
Varecia rubra,190,69,0.455858322201014
Varecia rubra,204,69,61.5307293035261
Varecia rubra,17,10,29.9547380385346
Varecia rubra,19,10,31.6875214916216
Varecia rubra,23,11,215.106355170458
Varecia rubra,718,25,78.6136563214009
Varecia rubra,1126,60,39.0124025997389
Varecia rubra,1143,60,75.3616426024182
Varecia rubra,192,71,70.9713223202626
Varecia rubra,206,71,98.8932411353712
Varecia rubra,212,71,0.273353686598539
Varecia rubra,219,71,50.5645442866
Varecia rubra,1465,72,41.3435845824178
Varecia rubra,235,14,29.426242437476
Varecia rubra,236,14,28.7904950133276
Varecia rubra,237,14,21.8825853054524
Varecia rubra,297,17,24.7474065042322
Varecia rubra,299,18,59.7961386806966
Varecia rubra,300,18,29.0748802500753
Varecia rubra,305,18,2.35459958157456
Varecia rubra,313,18,15.211670940584
Varecia rubra,406,49,43.2201973058603
Varecia rubra,608,50,56.8361472672819
Varecia rubra,677,50,126.863812664681
Varecia variegata,649,103,38.9884159684163
Varecia variegata,2,1,0.55664420881176
Varecia variegata,3,1,0.371099061261296
Varecia variegata,5,1,0.556625695955515
Varecia variegata,6,1,0.463806772104681
Varecia variegata,7,1,0.463781360735595
Varecia variegata,14,1,0.64914825101471
Varecia variegata,16,1,103.775520140199
Varecia variegata,9803,1,56.8711675529887
Varecia variegata,9719,143,2.33597082442749
Varecia variegata,9793,143,57.1920356452289
Varecia variegata,9771,144,0.777178853789091
Varecia variegata,9872,144,0.604549703200817
Varecia variegata,9904,144,19.9515621485635
Varecia variegata,9900,145,27.2715936270507
Varecia variegata,9901,146,29.4123165165292
Varecia variegata,9902,147,29.3885406549345
Varecia variegata,9903,148,20.6592519148769
Varecia variegata,312,11,175.204558120961
Varecia variegata,535,11,179.54495541553
Varecia variegata,1088,11,0.643524707942724
Varecia variegata,1108,11,0.459616383672059
Varecia variegata,1116,11,0.643432019172192
Varecia variegata,1126,11,0.367655302864194
Varecia variegata,1133,11,1.56243208603442
Varecia variegata,1144,11,0.459508593737543
Varecia variegata,1146,11,0.45949710468936
Varecia variegata,1147,11,1.1946710927344
Varecia variegata,1154,11,53.7688087064452
Varecia variegata,1155,11,3.21620605602419
Varecia variegata,1156,11,0.551364106284499
Varecia variegata,1162,11,1.10266377710551
Varecia variegata,1163,11,0.367564567481756
Varecia variegata,1166,11,0.551319225258708
Varecia variegata,1171,11,1.10259928914046
Varecia variegata,1174,11,2.02137478975803
Varecia variegata,1175,11,0.826945434479237
Varecia variegata,1178,11,0.643170052255213
Varecia variegata,1182,11,1.65382056523675
Varecia variegata,1200,11,0.826825480995119
Varecia variegata,1204,11,0.459349671094894
Varecia variegata,1211,11,0.367459639964223
Varecia variegata,1217,11,1.46972063059181
Varecia variegata,1245,11,0.367363554798603
Varecia variegata,1258,11,58.6780858784187
Varecia variegata,1288,11,412.666551296023
Varecia variegata,2067,11,14708.1519316611
Varecia variegata,9881,11,491.513816124392
Varecia variegata,9907,11,77.4065442805075
Varecia variegata,9928,11,54.2551765402825
Varecia variegata,9929,11,584.238957042931
Varecia variegata,9930,11,257.987775640312
Varecia variegata,9943,11,47.8541654373711
Varecia variegata,3815,151,176.465112044449
Varecia variegata,6042,151,170.785426053188
Varecia variegata,6134,151,224.299706164179
Varecia variegata,7404,151,0.620648212959528
Varecia variegata,7431,151,0.709200345668078
Varecia variegata,9098,151,4448.68048173696
Varecia variegata,9491,151,1320.72290065696
Varecia variegata,9543,151,23.1220312933333
Varecia variegata,9562,151,6.60311605216253
Varecia variegata,9576,151,16.0684737306561
Varecia variegata,9898,151,234.81411045919
Varecia variegata,9920,151,1633.8566839868
Varecia variegata,9951,151,1264.80094030401
Varecia variegata,2808,128,0.812480411258936
Varecia variegata,9839,128,38.3946948622806
Varecia variegata,9847,128,1.35457540027201
Varecia variegata,9960,128,38.4612961439313
Varecia variegata,3184,152,158.705818376245
Varecia variegata,3309,152,70.171205546759
Varecia variegata,6738,153,465.807169794926
Varecia variegata,9963,153,110.070037848945
Varecia variegata,9916,154,122.701643372855
Varecia variegata,9967,154,29.7723925005817
Varecia variegata,9980,154,15.2341434265082
Varecia variegata,9989,154,26.8481144580816
Varecia variegata,9940,155,45.4757890931116
Varecia variegata,9954,156,16.4163595908247
Varecia variegata,9955,156,14.8692397176668
Varecia variegata,9956,157,26.0164300679771
Varecia variegata,9957,158,308.475605014956
Varecia variegata,9958,158,20.6443376237523
Varecia variegata,9959,159,185.208699387767
Varecia variegata,9962,160,23.6377044755612
Varecia variegata,9972,161,2.70596556277776
Varecia variegata,9975,161,0.360754872067451
Varecia variegata,9976,161,67.5307001400677
Varecia variegata,9979,161,47.3336670441899
Varecia variegata,9983,161,3.15489428832662
Varecia variegata,9988,161,11.8039994628603
Varecia variegata,9991,161,2.34215426115477
Varecia variegata,9982,162,65.1599201313749
Varecia variegata,9992,163,19.9889174229442
Varecia variegata,9908,149,132.962781072095
Varecia variegata,9965,149,0.453956211002231
Varecia variegata,9964,164,18.5469218373579
Varecia variegata,3444,150,2.87876883525968
Varecia variegata,3447,150,0.899620833965421
Varecia variegata,9950,150,56.9706430520978
Varecia variegata,9994,150,33.0953660842072
Xanthomixis cinereiceps,1,1,144.53390712204
Xanthomixis cinereiceps,21,3,148.851761871327
Xanthomixis cinereiceps,35,4,29.966803009745
Xanthomixis cinereiceps,40,4,56.6048410376553
Xanthomixis cinereiceps,1663,20,0.261868806515336
Xanthomixis cinereiceps,1719,20,737.638996291068
Xanthomixis cinereiceps,1796,24,0.347606800359964
Xanthomixis cinereiceps,1798,24,6.60311605216253
Xanthomixis cinereiceps,1808,24,16.0684737306561
Xanthomixis cinereiceps,1837,25,29.4123165165292
Xanthomixis cinereiceps,1838,25,27.2715936270507
Xanthomixis cinereiceps,2,2,139.931017050068
Xanthomixis cinereiceps,6,2,0.369019957634926
Xanthomixis cinereiceps,9,29,28.6763894849505
Xanthomixis cinereiceps,11,2,830.951674478183
Xanthomixis cinereiceps,13,2,4.69837395759112
Xanthomixis cinereiceps,18,2,53.9621798086533
Xanthomixis cinereiceps,25,2,301.307262308342
Xanthomixis cinereiceps,46,2,1059.75129230595
Xanthomixis cinereiceps,1841,2,240.389827309871
Xanthomixis cinereiceps,50,6,29.9665759035923
Xanthomixis cinereiceps,51,26,42.5035995784854
Xanthomixis cinereiceps,1332,27,1429.92430081971
Xanthomixis cinereiceps,1531,27,2211.30480796159
Xanthomixis cinereiceps,1617,27,95.6696611384457
Xanthomixis cinereiceps,1846,27,0.268007236974359
Xanthomixis cinereiceps,1847,27,1.07071694061661
Xanthomixis cinereiceps,1848,27,983.11650072576
Xanthomixis cinereiceps,55,8,90.6087475250168
Xanthomixis cinereiceps,100,9,1.35457540027249
Xanthomixis cinereiceps,105,9,0.812480411258936
Xanthomixis cinereiceps,108,9,131.129842373216
Xanthomixis cinereiceps,1849,9,34.3971482793418
Xanthomixis cinereiceps,198,11,2.87876883525968
Xanthomixis cinereiceps,199,11,0.899620833965421
Xanthomixis cinereiceps,204,11,0.269868277515173
Xanthomixis cinereiceps,1845,11,45.3586244343983
Xanthomixis cinereiceps,1853,11,33.0953660842072
Xanthomixis cinereiceps,173,14,29.711689494214
Xanthomixis cinereiceps,1851,14,4.5001146234821
Xanthomixis cinereiceps,1840,28,52.0931107730117
Xanthomixis cinereiceps,1852,30,29.7723925005817
Xanthomixis zosterops,717,7,294.53612488467
Xanthomixis zosterops,741,8,14.4181473408762
Xanthomixis zosterops,2,1,0.64914825101471
Xanthomixis zosterops,3,1,56.8711675529887
Xanthomixis zosterops,12727,1,52.3985918019408
Xanthomixis zosterops,12686,62,2.33597082442749
Xanthomixis zosterops,12688,62,0.173038084078312
Xanthomixis zosterops,12816,62,57.1920356452289
Xanthomixis zosterops,12817,63,27.2715936270507
Xanthomixis zosterops,12818,63,29.4123165165292
Xanthomixis zosterops,12819,63,29.3885406549345
Xanthomixis zosterops,12820,63,20.6592519148769
Xanthomixis zosterops,88,5,152.498155501201
Xanthomixis zosterops,154,5,179.36040441575
Xanthomixis zosterops,223,5,0.6456592656492
Xanthomixis zosterops,286,5,27.8355770827927
Xanthomixis zosterops,337,5,0.184313586147666
Xanthomixis zosterops,381,5,0.276354423903167
Xanthomixis zosterops,393,5,0.644736027104974
Xanthomixis zosterops,399,5,1.74986507844758
Xanthomixis zosterops,400,5,112.203011880524
Xanthomixis zosterops,402,5,3.68393426545006
Xanthomixis zosterops,432,5,1.19697195979726
Xanthomixis zosterops,461,5,447.49335466877
Xanthomixis zosterops,672,5,0.643250648132622
Xanthomixis zosterops,673,5,0.64325064792037
Xanthomixis zosterops,771,5,3.48845173661
Xanthomixis zosterops,1987,5,14115.4980036233
Xanthomixis zosterops,12821,5,31.4878831114368
Xanthomixis zosterops,12822,5,77.4065442805075
Xanthomixis zosterops,12837,5,47.8541654373711
Xanthomixis zosterops,12849,5,54.2551765402825
Xanthomixis zosterops,12850,5,524.455388418614
Xanthomixis zosterops,12851,5,257.987775640312
Xanthomixis zosterops,2334,50,0.181274117312074
Xanthomixis zosterops,12871,50,16.4163595908247
Xanthomixis zosterops,12872,50,14.8692397176668
Xanthomixis zosterops,12873,50,26.0164300679771
Xanthomixis zosterops,12874,50,308.475605014956
Xanthomixis zosterops,12875,50,20.6443376237523
Xanthomixis zosterops,3030,65,1.35457540027249
Xanthomixis zosterops,3130,65,0.812480411258936
Xanthomixis zosterops,8736,65,465.807169794926
Xanthomixis zosterops,12767,65,38.3946948622806
Xanthomixis zosterops,12831,65,122.521170488563
Xanthomixis zosterops,12877,65,38.4612961439313
Xanthomixis zosterops,12878,65,0.180557963597178
Xanthomixis zosterops,12880,65,110.070037848945
Xanthomixis zosterops,12882,65,29.7723925005817
Xanthomixis zosterops,12887,65,2.70596556277776
Xanthomixis zosterops,12890,65,0.360754872067451
Xanthomixis zosterops,12891,65,67.5307001400677
Xanthomixis zosterops,12893,65,0.180371722902298
Xanthomixis zosterops,12894,65,47.3336670441899
Xanthomixis zosterops,12895,65,15.2341434265082
Xanthomixis zosterops,12896,65,3.15564838214624
Xanthomixis zosterops,12897,65,65.1599201313749
Xanthomixis zosterops,12898,65,3.15489428832662
Xanthomixis zosterops,12900,65,0.180284389288425
Xanthomixis zosterops,12903,65,11.8039994628603
Xanthomixis zosterops,12904,65,26.8481144580816
Xanthomixis zosterops,12906,65,2.34215426115477
Xanthomixis zosterops,12907,65,19.9889174229442
Xanthomixis zosterops,3736,66,158.705818376245
Xanthomixis zosterops,3968,66,70.171205546759
Xanthomixis zosterops,4144,67,0.179958904524803
Xanthomixis zosterops,4198,67,2.87876883525968
Xanthomixis zosterops,4203,67,0.899620833965421
Xanthomixis zosterops,4235,67,0.269868277515173
Xanthomixis zosterops,12867,67,56.9706430520978
Xanthomixis zosterops,12909,67,33.0953660842072
Xanthomixis zosterops,4871,68,176.465112044449
Xanthomixis zosterops,8023,68,170.785426053188
Xanthomixis zosterops,8128,68,224.299706164179
Xanthomixis zosterops,9472,68,0.620648212959528
Xanthomixis zosterops,9483,68,0.265972006814122
Xanthomixis zosterops,9501,68,0.709200345668078
Xanthomixis zosterops,9515,68,0.177290677110672
Xanthomixis zosterops,11656,68,0.174932641012549
Xanthomixis zosterops,11850,68,4401.71349901923
Xanthomixis zosterops,12710,68,1294.0222957386
Xanthomixis zosterops,12808,68,234.81411045919
Xanthomixis zosterops,12813,68,72.7284184850583
Xanthomixis zosterops,12835,68,1633.8566839868
Xanthomixis zosterops,12868,68,1264.80094030401
Xanthomixis zosterops,12861,69,45.4757890931116
Xanthomixis zosterops,12908,69,14.2635312602702
Xanthomixis zosterops,12876,70,185.208699387767
Xanthomixis zosterops,12879,71,23.6377044755612
Xanthomixis zosterops,1994,64,0.272374528730989
Xanthomixis zosterops,12823,64,129.966271154985
Xanthomixis zosterops,12881,72,18.5469218373579
Xenopirostris polleni,51,2,30.1778725338534
Xenopirostris polleni,2120,9,27.2715936270423
Xenopirostris polleni,1893,12,74.8920190792509
Xenopirostris polleni,1959,12,309.365033716733
Xenopirostris polleni,1991,12,2.79871950479984
Xenopirostris polleni,2046,12,96.0560508391292
Xenopirostris polleni,2054,12,155.071679323545
Xenopirostris polleni,2072,12,15.1874823685672
Xenopirostris polleni,2074,12,1.39672232339084
Xenopirostris polleni,2075,12,7.15726590577268
Xenopirostris polleni,2079,12,2.18196004940057
Xenopirostris polleni,2113,12,930.389798189884
Xenopirostris polleni,2118,12,3.3089298474443
Xenopirostris polleni,2119,12,50.5907855259365
Xenopirostris polleni,1,1,10.2536076273173
Xenopirostris polleni,2,1,38.975093561932
Xenopirostris polleni,4,1,21.3177359530687
Xenopirostris polleni,14,1,222.231412977409
Xenopirostris polleni,16,1,0.6456592656492
Xenopirostris polleni,17,1,59.7626089911737
Xenopirostris polleni,18,1,24.2502640100239
Xenopirostris polleni,19,1,0.645089845999241
Xenopirostris polleni,37,1,0.644736027104974
Xenopirostris polleni,39,1,102.623613487042
Xenopirostris polleni,41,1,3.68393426545006
Xenopirostris polleni,42,1,186.113432307392
Xenopirostris polleni,43,1,0.460479690076709
Xenopirostris polleni,44,1,117.857380908505
Xenopirostris polleni,46,1,19.1535753317625
Xenopirostris polleni,47,1,16.1117845097304
Xenopirostris polleni,48,1,29.6453323973265
Xenopirostris polleni,49,1,29.8164373522979
Xenopirostris polleni,50,1,29.9084594166067
Xenopirostris polleni,55,1,56.9979385031933
Xenopirostris polleni,56,1,29.7762515411605
Xenopirostris polleni,57,1,650.768812799064
Xenopirostris polleni,58,1,61.5747341633676
Xenopirostris polleni,59,1,29.7357029780719
Xenopirostris polleni,60,1,59.9935587074186
Xenopirostris polleni,74,1,0.36601674408102
Xenopirostris polleni,75,1,1256.95151137068
Xenopirostris polleni,80,1,4.56767725341726
Xenopirostris polleni,82,1,2.92236508436668
Xenopirostris polleni,85,1,6.93958528381192
Xenopirostris polleni,90,1,0.365118645553231
Xenopirostris polleni,91,1,24.2770122515136
Xenopirostris polleni,93,1,1.18614475155497
Xenopirostris polleni,95,1,4.28615354970086
Xenopirostris polleni,96,1,0.547095007017732
Xenopirostris polleni,109,1,660.481136212714
Xenopirostris polleni,111,1,25.3215401072099
Xenopirostris polleni,112,1,29.9589112229221
Xenopirostris polleni,113,1,27.135784826916
Xenopirostris polleni,2122,1,27.7876291266827
Xenopirostris polleni,2130,1,26.8593180791332
Xenopirostris polleni,2131,1,54.2551765402825
Xenopirostris polleni,2132,1,151.149356682537
Xenopirostris polleni,1078,13,0.715356050514937
Xenopirostris polleni,1079,13,39.7867257843198
Xenopirostris polleni,1173,13,10.3650947225828
Xenopirostris polleni,1225,13,64.3924374897815
Xenopirostris polleni,1252,13,3.03536821130764
Xenopirostris polleni,1267,13,11.6935781685414
Xenopirostris polleni,1274,13,36.6909016499116
Xenopirostris polleni,1278,13,0.356983151864767
Xenopirostris polleni,1290,13,3.9261218879621
Xenopirostris polleni,1306,13,0.356880130990148
Xenopirostris polleni,1307,13,8.47422071402585
Xenopirostris polleni,1314,13,0.981214316613197
Xenopirostris polleni,1345,13,22.9116916141157
Xenopirostris polleni,1356,13,83.818285406729
Xenopirostris polleni,1391,13,516.980084907282
Xenopirostris polleni,1420,13,43.5518420632704
Xenopirostris polleni,1440,13,15.9348882808119
Xenopirostris polleni,1467,13,37.0244919187729
Xenopirostris polleni,1523,13,121.954523121074
Xenopirostris polleni,1532,13,40.9036153245374
Xenopirostris polleni,1555,13,2.39948410306346
Xenopirostris polleni,1625,13,246.732931825795
Xenopirostris polleni,1640,13,31.3717594256851
Xenopirostris polleni,1805,13,40.7125407374297
Xenopirostris polleni,1816,13,790.458313001988
Xenopirostris polleni,1888,13,129.762857058495
Xenopirostris polleni,2137,13,83.9029459945986
Xenopirostris polleni,94,15,24.0888701581837
Xenopirostris polleni,97,15,17.8712205372719
Xenopirostris polleni,100,15,28.6147883524204
Xenopirostris polleni,110,15,195.489360676493
Xenopirostris polleni,2121,15,25.5098385051697
Xenopirostris polleni,145,3,68.0233911952587
Xenopirostris polleni,224,14,55.9437887277733
Xenopirostris polleni,2139,14,29.7723925005817
Xenopirostris polleni,2140,14,21.7369523021773
Xenopirostris polleni,123,16,59.0271841096914
Xenopirostris polleni,2138,16,0.453956211002231
Xenopirostris polleni,168,17,38.3946948622806
Xenopirostris polleni,179,17,1.35457540027249
Xenopirostris polleni,189,17,0.812480411258936
Xenopirostris polleni,194,17,45.4757890931116
Xenopirostris polleni,213,17,1.71320107459641
Xenopirostris polleni,217,17,3.0653751151346
Xenopirostris polleni,222,17,0.540932033381343
Xenopirostris polleni,223,17,0.360621833185196
Xenopirostris polleni,236,17,13.6068054344907
Xenopirostris polleni,264,17,0.360089527330041
Xenopirostris polleni,270,17,0.540061639256001
Xenopirostris polleni,422,17,38.0957539767863
Xenopirostris polleni,2135,17,14.2635312602702
Xenopirostris polleni,2141,17,38.4612961439313
Xenopirostris polleni,2143,17,73.433436891347
Xenopirostris polleni,2144,17,23.6377044755612
Xenopirostris polleni,2145,17,173.087253028323
Xenopirostris polleni,2146,17,69.7310137305941
Xenopirostris polleni,433,19,180.23293474964
Xenopirostris polleni,409,18,25.4497781860939
Xenopirostris polleni,413,18,8.17787618780792
Xenopirostris polleni,452,18,135.430505772695
Xenopirostris polleni,638,18,26.7277226016967
Xenopirostris polleni,667,18,0.807085143688679
